Latitude (decimal degrees):	38.111
Longitude (decimal degrees):	13.352
Elevation (m):	39
Radiation database:	PVGIS-SARAH3


Slope: 32 deg. (optimum)
Azimuth: -2 deg. (optimum)
time,G(i),H_sun,T2m,WS10m,Int
20220101:0010,0.0,0.0,10.85,1.31,0.0
20220101:0110,0.0,0.0,11.33,1.17,0.0
20220101:0210,0.0,0.0,11.21,1.1,0.0
20220101:0310,0.0,0.0,10.42,1.31,0.0
20220101:0410,0.0,0.0,10.13,1.38,0.0
20220101:0510,0.0,0.0,10.01,1.45,0.0
20220101:0610,0.0,0.0,9.97,1.59,0.0
20220101:0710,57.52,6.95,9.56,1.45,0.0
20220101:0810,91.54,15.72,11.19,1.31,0.0
20220101:0910,151.2,22.71,11.87,1.1,0.0
20220101:1010,214.09,27.28,12.68,1.03,0.0
20220101:1110,169.11,28.88,13.24,1.72,0.0
20220101:1210,128.37,27.28,13.1,2.14,0.0
20220101:1310,121.22,22.7,13.1,1.93,0.0
20220101:1410,62.78,15.71,12.82,1.93,0.0
20220101:1510,33.83,6.94,12.41,1.93,0.0
20220101:1610,0.0,0.0,11.8,1.45,0.0
20220101:1710,0.0,0.0,11.54,1.03,0.0
20220101:1810,0.0,0.0,10.91,0.83,0.0
20220101:1910,0.0,0.0,10.33,1.1,0.0
20220101:2010,0.0,0.0,10.18,1.03,0.0
20220101:2110,0.0,0.0,10.07,1.45,0.0
20220101:2210,0.0,0.0,9.86,1.93,0.0
20220101:2310,0.0,0.0,10.12,1.66,0.0
20220102:0010,0.0,0.0,10.16,1.72,0.0
20220102:0110,0.0,0.0,10.1,1.86,0.0
20220102:0210,0.0,0.0,10.14,1.86,0.0
20220102:0310,0.0,0.0,10.05,1.66,0.0
20220102:0410,0.0,0.0,10.16,1.52,0.0
20220102:0510,0.0,0.0,9.89,1.38,0.0
20220102:0610,0.0,0.0,9.78,1.31,0.0
20220102:0710,82.26,6.94,9.91,1.66,0.0
20220102:0810,139.81,15.73,10.75,1.79,0.0
20220102:0910,183.73,22.74,11.53,1.86,0.0
20220102:1010,136.8,27.34,12.09,1.66,0.0
20220102:1110,178.72,28.97,12.76,1.31,0.0
20220102:1210,171.55,27.38,13.22,1.24,0.0
20220102:1310,268.78,22.82,13.45,1.66,0.0
20220102:1410,91.3,15.84,13.2,2.21,0.0
20220102:1510,50.16,7.07,12.52,2.28,0.0
20220102:1610,0.0,0.0,11.67,1.93,0.0
20220102:1710,0.0,0.0,11.04,1.72,0.0
20220102:1810,0.0,0.0,10.28,1.66,0.0
20220102:1910,0.0,0.0,9.87,1.66,0.0
20220102:2010,0.0,0.0,9.76,1.52,0.0
20220102:2110,0.0,0.0,9.69,1.38,0.0
20220102:2210,0.0,0.0,9.63,1.52,0.0
20220102:2310,0.0,0.0,9.42,1.52,0.0
20220103:0010,0.0,0.0,9.4,1.59,0.0
20220103:0110,0.0,0.0,9.22,1.86,0.0
20220103:0210,0.0,0.0,9.35,1.79,0.0
20220103:0310,0.0,0.0,9.23,1.1,0.0
20220103:0410,0.0,0.0,9.15,0.69,0.0
20220103:0510,0.0,0.0,8.65,0.97,0.0
20220103:0610,0.0,0.0,8.83,1.52,0.0
20220103:0710,87.62,6.94,8.87,1.17,0.0
20220103:0810,337.05,15.75,9.57,1.31,0.0
20220103:0910,668.92,22.78,10.31,0.83,0.0
20220103:1010,760.68,27.41,11.23,0.28,0.0
20220103:1110,895.84,29.06,12.17,0.83,0.0
20220103:1210,824.82,27.5,12.74,2.07,0.0
20220103:1310,700.0,22.95,12.76,1.66,0.0
20220103:1410,472.27,15.98,12.73,1.31,0.0
20220103:1510,241.19,7.21,12.48,0.97,0.0
20220103:1610,0.0,0.0,12.03,0.41,0.0
20220103:1710,0.0,0.0,11.07,0.76,0.0
20220103:1810,0.0,0.0,11.4,0.34,0.0
20220103:1910,0.0,0.0,11.1,0.62,0.0
20220103:2010,0.0,0.0,10.96,0.55,0.0
20220103:2110,0.0,0.0,8.48,1.66,0.0
20220103:2210,0.0,0.0,8.41,1.72,0.0
20220103:2310,0.0,0.0,9.15,1.38,0.0
20220104:0010,0.0,0.0,8.79,1.38,0.0
20220104:0110,0.0,0.0,8.96,1.17,0.0
20220104:0210,0.0,0.0,9.03,1.31,0.0
20220104:0310,0.0,0.0,8.19,2.34,0.0
20220104:0410,0.0,0.0,8.38,2.55,0.0
20220104:0510,0.0,0.0,8.59,2.48,0.0
20220104:0610,0.0,0.0,8.33,2.34,0.0
20220104:0710,223.54,6.94,8.78,2.55,0.0
20220104:0810,495.8,15.77,10.25,2.41,0.0
20220104:0910,675.47,22.83,11.89,2.21,0.0
20220104:1010,782.08,27.48,13.29,2.07,0.0
20220104:1110,896.17,29.16,14.51,1.93,0.0
20220104:1210,819.77,27.62,15.43,1.66,0.0
20220104:1310,690.53,23.08,15.82,1.31,0.0
20220104:1410,491.27,16.12,15.81,1.24,0.0
20220104:1510,261.84,7.35,15.27,1.24,0.0
20220104:1610,0.0,0.0,14.19,1.72,0.0
20220104:1710,0.0,0.0,12.79,2.14,0.0
20220104:1810,0.0,0.0,11.82,2.55,0.0
20220104:1910,0.0,0.0,11.46,2.83,0.0
20220104:2010,0.0,0.0,11.06,2.97,0.0
20220104:2110,0.0,0.0,10.73,3.03,0.0
20220104:2210,0.0,0.0,10.43,3.17,0.0
20220104:2310,0.0,0.0,10.27,3.24,0.0
20220105:0010,0.0,0.0,10.15,3.31,0.0
20220105:0110,0.0,0.0,10.04,3.31,0.0
20220105:0210,0.0,0.0,9.95,3.38,0.0
20220105:0310,0.0,0.0,9.9,3.52,0.0
20220105:0410,0.0,0.0,9.92,3.72,0.0
20220105:0510,0.0,0.0,10.01,3.93,0.0
20220105:0610,0.0,0.0,10.13,4.14,0.0
20220105:0710,253.49,6.95,10.33,3.86,0.0
20220105:0810,505.73,15.8,11.89,3.86,0.0
20220105:0910,687.63,22.88,14.27,3.79,0.0
20220105:1010,819.16,27.56,15.95,3.86,0.0
20220105:1110,918.52,29.27,16.76,3.86,0.0
20220105:1210,829.38,27.75,17.18,3.93,0.0
20220105:1310,671.83,23.22,17.19,4.28,0.0
20220105:1410,505.28,16.26,16.79,4.07,0.0
20220105:1510,268.53,7.5,16.11,3.93,0.0
20220105:1610,0.0,0.0,14.9,4.07,0.0
20220105:1710,0.0,0.0,13.77,3.86,0.0
20220105:1810,0.0,0.0,12.92,3.59,0.0
20220105:1910,0.0,0.0,12.5,3.93,0.0
20220105:2010,0.0,0.0,12.09,3.59,0.0
20220105:2110,0.0,0.0,11.73,3.38,0.0
20220105:2210,0.0,0.0,11.37,3.38,0.0
20220105:2310,0.0,0.0,10.96,3.24,0.0
20220106:0010,0.0,0.0,10.68,3.1,0.0
20220106:0110,0.0,0.0,10.36,2.83,0.0
20220106:0210,0.0,0.0,10.18,2.55,0.0
20220106:0310,0.0,0.0,9.97,2.28,0.0
20220106:0410,0.0,0.0,9.84,2.21,0.0
20220106:0510,0.0,0.0,9.8,2.14,0.0
20220106:0610,0.0,0.0,9.83,2.07,0.0
20220106:0710,42.96,6.97,9.94,1.86,0.0
20220106:0810,135.72,15.84,10.85,1.79,0.0
20220106:0910,427.26,22.94,11.69,1.93,0.0
20220106:1010,495.42,27.65,12.27,2.14,0.0
20220106:1110,176.77,29.38,12.73,2.34,0.0
20220106:1210,155.96,27.88,12.62,2.9,0.0
20220106:1310,192.79,23.37,12.36,3.03,0.0
20220106:1410,58.09,16.41,11.66,3.31,0.0
20220106:1510,123.05,7.65,11.32,2.62,0.0
20220106:1610,0.0,0.0,10.86,1.86,0.0
20220106:1710,0.0,0.0,10.38,1.86,0.0
20220106:1810,0.0,0.0,9.67,2.0,0.0
20220106:1910,0.0,0.0,9.08,1.31,0.0
20220106:2010,0.0,0.0,9.21,1.03,0.0
20220106:2110,0.0,0.0,9.3,0.97,0.0
20220106:2210,0.0,0.0,8.58,1.1,0.0
20220106:2310,0.0,0.0,7.99,1.38,0.0
20220107:0010,0.0,0.0,7.52,1.52,0.0
20220107:0110,0.0,0.0,7.38,1.59,0.0
20220107:0210,0.0,0.0,7.71,1.52,0.0
20220107:0310,0.0,0.0,7.83,1.45,0.0
20220107:0410,0.0,0.0,7.91,1.45,0.0
20220107:0510,0.0,0.0,8.07,1.66,0.0
20220107:0610,0.0,0.0,8.16,1.52,0.0
20220107:0710,51.96,6.99,8.63,1.72,0.0
20220107:0810,188.18,15.88,9.53,1.72,0.0
20220107:0910,151.01,23.01,10.02,2.07,0.0
20220107:1010,161.64,27.75,10.36,2.34,0.0
20220107:1110,80.58,29.51,10.64,2.28,0.0
20220107:1210,103.07,28.02,10.46,1.79,0.0
20220107:1310,125.85,23.52,10.44,1.86,0.0
20220107:1410,43.1,16.57,10.33,2.0,0.0
20220107:1510,15.93,7.81,10.18,2.28,0.0
20220107:1610,0.0,0.0,10.1,2.55,0.0
20220107:1710,0.0,0.0,10.01,3.1,0.0
20220107:1810,0.0,0.0,9.98,3.59,0.0
20220107:1910,0.0,0.0,9.74,3.31,0.0
20220107:2010,0.0,0.0,9.69,3.31,0.0
20220107:2110,0.0,0.0,9.79,3.24,0.0
20220107:2210,0.0,0.0,9.6,3.31,0.0
20220107:2310,0.0,0.0,9.25,3.31,0.0
20220108:0010,0.0,0.0,9.06,3.79,0.0
20220108:0110,0.0,0.0,8.94,4.14,0.0
20220108:0210,0.0,0.0,8.88,4.62,0.0
20220108:0310,0.0,0.0,8.5,4.69,0.0
20220108:0410,0.0,0.0,8.08,4.9,0.0
20220108:0510,0.0,0.0,8.22,5.17,0.0
20220108:0610,0.0,0.0,8.3,5.1,0.0
20220108:0710,58.04,7.02,8.27,4.41,0.0
20220108:0810,141.11,15.93,8.94,4.07,0.0
20220108:0910,74.02,23.09,9.75,4.34,0.0
20220108:1010,43.1,27.85,10.4,4.9,0.0
20220108:1110,210.0,29.63,10.72,5.72,0.0
20220108:1210,166.46,28.17,10.4,6.28,0.0
20220108:1310,108.69,23.68,10.54,6.34,0.0
20220108:1410,505.36,16.73,10.35,6.41,0.0
20220108:1510,134.65,7.97,10.15,6.14,0.0
20220108:1610,0.0,0.0,9.63,6.07,0.0
20220108:1710,0.0,0.0,9.32,6.07,0.0
20220108:1810,0.0,0.0,9.16,5.86,0.0
20220108:1910,0.0,0.0,9.16,5.38,0.0
20220108:2010,0.0,0.0,9.12,5.03,0.0
20220108:2110,0.0,0.0,9.23,4.76,0.0
20220108:2210,0.0,0.0,9.28,4.55,0.0
20220108:2310,0.0,0.0,9.28,4.9,0.0
20220109:0010,0.0,0.0,9.2,5.1,0.0
20220109:0110,0.0,0.0,9.03,4.48,0.0
20220109:0210,0.0,0.0,8.79,4.14,0.0
20220109:0310,0.0,0.0,8.6,3.72,0.0
20220109:0410,0.0,0.0,8.59,3.72,0.0
20220109:0510,0.0,0.0,8.84,3.59,0.0
20220109:0610,0.0,0.0,9.01,3.38,0.0
20220109:0710,157.89,7.05,9.15,3.31,0.0
20220109:0810,493.44,15.99,9.93,3.17,0.0
20220109:0910,287.3,23.17,10.4,4.14,0.0
20220109:1010,391.05,27.96,10.77,5.1,0.0
20220109:1110,81.52,29.77,11.65,6.07,0.0
20220109:1210,365.27,28.33,12.31,6.55,0.0
20220109:1310,56.22,23.85,12.34,6.9,0.0
20220109:1410,193.96,16.9,12.23,7.31,0.0
20220109:1510,285.85,8.13,12.18,8.07,0.0
20220109:1610,0.0,0.0,11.07,9.1,0.0
20220109:1710,0.0,0.0,9.69,7.31,0.0
20220109:1810,0.0,0.0,9.25,6.07,0.0
20220109:1910,0.0,0.0,10.58,8.0,0.0
20220109:2010,0.0,0.0,10.22,7.93,0.0
20220109:2110,0.0,0.0,9.85,8.07,0.0
20220109:2210,0.0,0.0,8.98,7.03,0.0
20220109:2310,0.0,0.0,8.35,6.28,0.0
20220110:0010,0.0,0.0,7.28,6.55,0.0
20220110:0110,0.0,0.0,7.37,5.52,0.0
20220110:0210,0.0,0.0,7.55,5.17,0.0
20220110:0310,0.0,0.0,7.61,5.66,0.0
20220110:0410,0.0,0.0,7.32,6.62,0.0
20220110:0510,0.0,0.0,7.37,6.69,0.0
20220110:0610,0.0,0.0,7.13,7.93,0.0
20220110:0710,16.87,7.09,6.58,7.86,0.0
20220110:0810,65.59,16.05,6.81,6.76,0.0
20220110:0910,135.65,23.26,6.99,6.41,0.0
20220110:1010,198.83,28.08,7.54,6.28,0.0
20220110:1110,85.27,29.92,8.12,6.97,0.0
20220110:1210,89.02,28.49,8.2,6.76,0.0
20220110:1310,58.09,24.02,8.29,6.69,0.0
20220110:1410,22.49,17.07,8.45,6.28,0.0
20220110:1510,243.77,8.3,8.35,6.21,0.0
20220110:1610,0.0,0.0,7.9,6.76,0.0
20220110:1710,0.0,0.0,7.69,6.48,0.0
20220110:1810,0.0,0.0,7.59,6.48,0.0
20220110:1910,0.0,0.0,8.1,5.1,0.0
20220110:2010,0.0,0.0,8.23,5.24,0.0
20220110:2110,0.0,0.0,8.21,6.0,0.0
20220110:2210,0.0,0.0,8.11,5.93,0.0
20220110:2310,0.0,0.0,7.89,5.72,0.0
20220111:0010,0.0,0.0,7.4,6.55,0.0
20220111:0110,0.0,0.0,7.09,6.69,0.0
20220111:0210,0.0,0.0,7.27,6.69,0.0
20220111:0310,0.0,0.0,7.99,6.76,0.0
20220111:0410,0.0,0.0,8.1,7.86,0.0
20220111:0510,0.0,0.0,8.11,7.52,0.0
20220111:0610,0.0,0.0,8.39,7.24,0.0
20220111:0710,90.7,7.14,9.03,6.55,0.0
20220111:0810,350.63,16.12,9.29,6.76,0.0
20220111:0910,152.73,23.36,9.54,7.52,0.0
20220111:1010,71.21,28.21,9.64,6.97,0.0
20220111:1110,93.7,30.07,9.77,6.14,0.0
20220111:1210,169.21,28.66,10.02,6.0,0.0
20220111:1310,137.34,24.19,10.06,6.62,0.0
20220111:1410,44.04,17.25,9.68,6.62,0.0
20220111:1510,18.74,8.47,9.47,6.0,0.0
20220111:1610,0.0,0.0,9.34,5.72,0.0
20220111:1710,0.0,0.0,9.43,5.59,0.0
20220111:1810,0.0,0.0,9.68,5.45,0.0
20220111:1910,0.0,0.0,9.89,5.03,0.0
20220111:2010,0.0,0.0,9.78,4.55,0.0
20220111:2110,0.0,0.0,9.89,4.62,0.0
20220111:2210,0.0,0.0,9.82,4.55,0.0
20220111:2310,0.0,0.0,9.78,4.48,0.0
20220112:0010,0.0,0.0,9.65,4.21,0.0
20220112:0110,0.0,0.0,9.23,3.66,0.0
20220112:0210,0.0,0.0,8.94,3.1,0.0
20220112:0310,0.0,0.0,8.74,2.41,0.0
20220112:0410,0.0,0.0,8.01,1.79,0.0
20220112:0510,0.0,0.0,7.24,1.59,0.0
20220112:0610,0.0,0.0,6.97,1.59,0.0
20220112:0710,171.07,7.19,9.19,0.62,0.0
20220112:0810,77.77,16.2,8.62,1.03,0.0
20220112:0910,85.27,23.46,10.78,2.0,0.0
20220112:1010,119.0,28.34,10.76,3.03,0.0
20220112:1110,125.56,30.22,10.47,3.86,0.0
20220112:1210,162.43,28.83,9.88,4.0,0.0
20220112:1310,59.03,24.38,9.39,3.66,0.0
20220112:1410,37.48,17.43,9.09,3.38,0.0
20220112:1510,34.67,8.65,8.66,2.9,0.0
20220112:1610,0.0,0.0,8.3,2.55,0.0
20220112:1710,0.0,0.0,7.82,2.07,0.0
20220112:1810,0.0,0.0,7.43,2.14,0.0
20220112:1910,0.0,0.0,7.18,2.14,0.0
20220112:2010,0.0,0.0,6.88,1.86,0.0
20220112:2110,0.0,0.0,6.38,1.31,0.0
20220112:2210,0.0,0.0,6.27,0.97,0.0
20220112:2310,0.0,0.0,6.06,1.1,0.0
20220113:0010,0.0,0.0,6.78,0.83,0.0
20220113:0110,0.0,0.0,7.68,0.48,0.0
20220113:0210,0.0,0.0,7.88,0.41,0.0
20220113:0310,0.0,0.0,7.94,0.34,0.0
20220113:0410,0.0,0.0,8.17,0.21,0.0
20220113:0510,0.0,0.0,8.12,0.76,0.0
20220113:0610,0.0,0.0,6.91,1.31,0.0
20220113:0710,40.48,7.25,8.33,3.31,0.0
20220113:0810,60.91,16.28,9.42,3.45,0.0
20220113:0910,127.75,23.57,10.33,3.59,0.0
20220113:1010,220.62,28.48,11.0,3.93,0.0
20220113:1110,375.87,30.39,11.27,4.07,0.0
20220113:1210,49.66,29.01,11.38,4.14,0.0
20220113:1310,119.94,24.56,11.29,4.21,0.0
20220113:1410,238.17,17.62,11.03,4.28,0.0
20220113:1510,104.44,8.83,10.62,4.07,0.0
20220113:1610,0.0,0.0,10.1,3.72,0.0
20220113:1710,0.0,0.0,9.62,3.24,0.0
20220113:1810,0.0,0.0,9.34,2.9,0.0
20220113:1910,0.0,0.0,8.96,2.48,0.0
20220113:2010,0.0,0.0,8.39,2.14,0.0
20220113:2110,0.0,0.0,7.47,1.93,0.0
20220113:2210,0.0,0.0,7.06,1.72,0.0
20220113:2310,0.0,0.0,6.95,1.59,0.0
20220114:0010,0.0,0.0,7.12,1.52,0.0
20220114:0110,0.0,0.0,6.73,1.59,0.0
20220114:0210,0.0,0.0,5.95,1.79,0.0
20220114:0310,0.0,0.0,5.8,1.86,0.0
20220114:0410,0.0,0.0,7.39,1.45,0.0
20220114:0510,0.0,0.0,8.57,1.17,0.0
20220114:0610,0.0,0.0,8.6,1.1,0.0
20220114:0710,268.37,7.32,6.63,1.59,0.0
20220114:0810,501.3,16.37,7.64,2.07,0.0
20220114:0910,699.86,23.69,10.03,3.38,0.0
20220114:1010,877.42,28.63,10.39,3.72,0.0
20220114:1110,941.53,30.56,10.59,3.24,0.0
20220114:1210,882.33,29.2,10.66,2.55,0.0
20220114:1310,670.03,24.76,10.65,2.21,0.0
20220114:1410,579.58,17.81,10.53,2.55,0.0
20220114:1510,317.95,9.02,10.1,2.83,0.0
20220114:1610,0.0,0.0,9.51,2.55,0.0
20220114:1710,0.0,0.0,8.92,2.41,0.0
20220114:1810,0.0,0.0,8.4,2.41,0.0
20220114:1910,0.0,0.0,7.13,1.72,0.0
20220114:2010,0.0,0.0,6.63,1.66,0.0
20220114:2110,0.0,0.0,6.42,1.79,0.0
20220114:2210,0.0,0.0,6.07,2.0,0.0
20220114:2310,0.0,0.0,5.98,2.14,0.0
20220115:0010,0.0,0.0,6.13,2.34,0.0
20220115:0110,0.0,0.0,6.55,2.62,0.0
20220115:0210,0.0,0.0,7.15,2.69,0.0
20220115:0310,0.0,0.0,7.16,2.69,0.0
20220115:0410,0.0,0.0,7.3,2.62,0.0
20220115:0510,0.0,0.0,7.11,2.41,0.0
20220115:0610,0.0,0.0,6.68,2.07,0.0
20220115:0710,173.3,7.39,6.26,1.79,0.0
20220115:0810,430.61,16.47,8.24,1.66,0.0
20220115:0910,702.62,23.82,10.23,2.0,0.0
20220115:1010,833.76,28.78,10.93,2.21,0.0
20220115:1110,893.19,30.74,11.42,2.34,0.0
20220115:1210,854.06,29.4,11.7,2.55,0.0
20220115:1310,614.86,24.96,11.84,2.69,0.0
20220115:1410,173.46,18.0,11.75,2.62,0.0
20220115:1510,166.67,9.21,11.43,2.28,0.0
20220115:1610,0.0,0.0,10.98,1.86,0.0
20220115:1710,0.0,0.0,10.27,1.72,0.0
20220115:1810,0.0,0.0,9.35,1.52,0.0
20220115:1910,0.0,0.0,9.98,0.9,0.0
20220115:2010,0.0,0.0,9.91,1.1,0.0
20220115:2110,0.0,0.0,10.02,1.1,0.0
20220115:2210,0.0,0.0,10.35,1.03,0.0
20220115:2310,0.0,0.0,10.21,0.97,0.0
20220116:0010,0.0,0.0,10.16,0.97,0.0
20220116:0110,0.0,0.0,10.17,1.03,0.0
20220116:0210,0.0,0.0,9.84,1.17,0.0
20220116:0310,0.0,0.0,9.01,1.17,0.0
20220116:0410,0.0,0.0,8.56,1.31,0.0
20220116:0510,0.0,0.0,8.35,1.31,0.0
20220116:0610,0.0,0.0,8.17,1.38,0.0
20220116:0710,111.07,7.47,9.32,0.97,0.0
20220116:0810,281.98,16.57,9.03,0.9,0.0
20220116:0910,292.99,23.95,11.16,0.9,0.0
20220116:1010,454.81,28.94,12.14,1.38,0.0
20220116:1110,768.66,30.93,12.8,1.72,0.0
20220116:1210,735.56,29.6,13.14,1.93,0.0
20220116:1310,304.6,25.16,13.26,2.14,0.0
20220116:1410,177.4,18.2,13.07,2.28,0.0
20220116:1510,139.18,9.4,12.65,2.28,0.0
20220116:1610,0.0,0.0,12.0,1.86,0.0
20220116:1710,0.0,0.0,11.33,1.72,0.0
20220116:1810,0.0,0.0,10.48,1.79,0.0
20220116:1910,0.0,0.0,9.58,1.59,0.0
20220116:2010,0.0,0.0,9.16,1.52,0.0
20220116:2110,0.0,0.0,8.72,1.45,0.0
20220116:2210,0.0,0.0,8.28,1.52,0.0
20220116:2310,0.0,0.0,8.3,1.45,0.0
20220117:0010,0.0,0.0,8.24,1.38,0.0
20220117:0110,0.0,0.0,8.39,1.24,0.0
20220117:0210,0.0,0.0,8.61,1.1,0.0
20220117:0310,0.0,0.0,8.4,1.1,0.0
20220117:0410,0.0,0.0,8.25,1.1,0.0
20220117:0510,0.0,0.0,8.07,1.1,0.0
20220117:0610,0.0,0.0,7.56,1.31,0.0
20220117:0710,111.32,7.55,8.03,1.1,0.0
20220117:0810,194.65,16.68,9.28,1.17,0.0
20220117:0910,580.86,24.08,10.55,1.31,0.0
20220117:1010,870.18,29.11,11.41,1.79,0.0
20220117:1110,904.11,31.12,12.03,2.0,0.0
20220117:1210,807.52,29.8,12.66,2.69,0.0
20220117:1310,628.04,25.37,12.83,3.52,0.0
20220117:1410,204.45,18.41,12.38,4.14,0.0
20220117:1510,314.02,9.59,11.71,3.72,0.0
20220117:1610,0.0,0.0,11.15,3.1,0.0
20220117:1710,0.0,0.0,10.61,2.9,0.0
20220117:1810,0.0,0.0,10.3,2.9,0.0
20220117:1910,0.0,0.0,10.34,2.9,0.0
20220117:2010,0.0,0.0,10.17,3.24,0.0
20220117:2110,0.0,0.0,10.14,3.31,0.0
20220117:2210,0.0,0.0,10.21,3.1,0.0
20220117:2310,0.0,0.0,9.91,2.97,0.0
20220118:0010,0.0,0.0,9.76,2.97,0.0
20220118:0110,0.0,0.0,9.73,2.83,0.0
20220118:0210,0.0,0.0,9.67,2.62,0.0
20220118:0310,0.0,0.0,9.53,2.48,0.0
20220118:0410,0.0,0.0,9.26,2.28,0.0
20220118:0510,0.0,0.0,8.96,2.07,0.0
20220118:0610,0.0,0.0,8.14,1.86,0.0
20220118:0710,58.21,7.64,8.42,1.52,0.0
20220118:0810,116.6,16.79,10.02,1.52,0.0
20220118:0910,742.3,24.23,11.57,2.07,0.0
20220118:1010,858.91,29.28,12.09,2.34,0.0
20220118:1110,720.98,31.32,12.39,2.41,0.0
20220118:1210,788.16,30.01,12.59,2.34,0.0
20220118:1310,709.84,25.58,12.65,2.14,0.0
20220118:1410,551.89,18.62,12.44,2.21,0.0
20220118:1510,274.4,9.79,12.03,2.28,0.0
20220118:1610,0.0,0.0,11.5,2.0,0.0
20220118:1710,0.0,0.0,10.81,1.59,0.0
20220118:1810,0.0,0.0,9.79,1.24,0.0
20220118:1910,0.0,0.0,10.72,0.9,0.0
20220118:2010,0.0,0.0,10.97,0.34,0.0
20220118:2110,0.0,0.0,10.83,0.07,0.0
20220118:2210,0.0,0.0,10.64,0.07,0.0
20220118:2310,0.0,0.0,10.42,0.07,0.0
20220119:0010,0.0,0.0,10.28,0.34,0.0
20220119:0110,0.0,0.0,10.21,0.48,0.0
20220119:0210,0.0,0.0,10.09,0.55,0.0
20220119:0310,0.0,0.0,9.95,0.62,0.0
20220119:0410,0.0,0.0,9.8,0.62,0.0
20220119:0510,0.0,0.0,9.68,0.69,0.0
20220119:0610,0.0,0.0,9.54,0.83,0.0
20220119:0710,267.18,7.74,8.61,1.24,0.0
20220119:0810,533.53,16.91,8.79,1.1,0.0
20220119:0910,745.17,24.38,11.24,0.97,0.0
20220119:1010,836.46,29.46,11.99,0.9,0.0
20220119:1110,790.21,31.52,12.54,0.83,0.0
20220119:1210,726.44,30.23,12.87,0.83,0.0
20220119:1310,324.57,25.8,13.0,1.66,0.0
20220119:1410,208.47,18.83,12.61,2.07,0.0
20220119:1510,152.54,10.0,12.09,1.93,0.0
20220119:1610,0.0,0.0,11.57,1.59,0.0
20220119:1710,0.0,0.0,10.95,1.31,0.0
20220119:1810,0.0,0.0,9.92,1.1,0.0
20220119:1910,0.0,0.0,10.27,0.9,0.0
20220119:2010,0.0,0.0,10.03,0.97,0.0
20220119:2110,0.0,0.0,9.76,1.03,0.0
20220119:2210,0.0,0.0,8.87,1.31,0.0
20220119:2310,0.0,0.0,7.91,1.66,0.0
20220120:0010,0.0,0.0,7.42,1.86,0.0
20220120:0110,0.0,0.0,7.19,2.0,0.0
20220120:0210,0.0,0.0,7.05,2.0,0.0
20220120:0310,0.0,0.0,7.01,2.07,0.0
20220120:0410,0.0,0.0,7.11,2.14,0.0
20220120:0510,0.0,0.0,6.47,2.21,0.0
20220120:0610,0.0,0.0,6.28,2.41,0.0
20220120:0710,274.29,7.84,7.34,2.83,0.0
20220120:0810,529.15,17.04,8.58,2.97,0.0
20220120:0910,744.94,24.54,9.85,2.83,0.0
20220120:1010,842.27,29.65,11.15,2.9,0.0
20220120:1110,398.43,31.73,12.32,3.59,0.0
20220120:1210,732.35,30.45,12.71,3.31,0.0
20220120:1310,319.3,26.03,12.8,3.45,0.0
20220120:1410,527.92,19.04,12.79,3.66,0.0
20220120:1510,217.89,10.2,12.39,3.38,0.0
20220120:1610,0.0,0.0,11.64,2.97,0.0
20220120:1710,0.0,0.0,10.79,2.55,0.0
20220120:1810,0.0,0.0,10.08,2.55,0.0
20220120:1910,0.0,0.0,9.77,2.83,0.0
20220120:2010,0.0,0.0,9.37,2.83,0.0
20220120:2110,0.0,0.0,9.07,2.76,0.0
20220120:2210,0.0,0.0,8.9,2.83,0.0
20220120:2310,0.0,0.0,8.62,3.03,0.0
20220121:0010,0.0,0.0,8.63,3.17,0.0
20220121:0110,0.0,0.0,8.74,3.1,0.0
20220121:0210,0.0,0.0,8.76,3.03,0.0
20220121:0310,0.0,0.0,8.9,3.1,0.0
20220121:0410,0.0,0.0,8.92,3.17,0.0
20220121:0510,0.0,0.0,9.04,3.1,0.0
20220121:0610,0.0,0.0,9.21,3.1,0.0
20220121:0710,41.96,7.95,9.24,2.97,0.0
20220121:0810,117.24,17.17,9.9,3.59,0.0
20220121:0910,546.0,24.7,10.68,4.9,0.0
20220121:1010,293.71,29.84,11.24,5.66,0.0
20220121:1110,101.2,31.95,11.54,5.79,0.0
20220121:1210,302.09,30.68,11.78,6.14,0.0
20220121:1310,96.51,26.25,11.69,6.07,0.0
20220121:1410,395.31,19.26,11.42,5.59,0.0
20220121:1510,35.61,10.41,10.97,5.38,0.0
20220121:1610,0.0,0.0,10.33,5.03,0.0
20220121:1710,0.0,0.0,9.67,4.55,0.0
20220121:1810,0.0,0.0,9.43,4.28,0.0
20220121:1910,0.0,0.0,9.5,4.14,0.0
20220121:2010,0.0,0.0,9.31,3.93,0.0
20220121:2110,0.0,0.0,9.17,3.66,0.0
20220121:2210,0.0,0.0,9.01,3.45,0.0
20220121:2310,0.0,0.0,8.9,3.38,0.0
20220122:0010,0.0,0.0,8.87,3.24,0.0
20220122:0110,0.0,0.0,8.84,3.24,0.0
20220122:0210,0.0,0.0,8.82,3.31,0.0
20220122:0310,0.0,0.0,8.55,3.17,0.0
20220122:0410,0.0,0.0,8.3,2.62,0.0
20220122:0510,0.0,0.0,7.54,1.66,0.0
20220122:0610,0.0,0.0,7.44,0.97,0.0
20220122:0710,43.8,8.06,7.52,2.34,0.0
20220122:0810,54.35,17.31,8.79,3.1,0.0
20220122:0910,204.98,24.87,9.58,3.79,0.0
20220122:1010,134.93,30.04,10.01,3.93,0.0
20220122:1110,102.13,32.17,10.12,4.07,0.0
20220122:1210,709.74,30.92,10.13,4.34,0.0
20220122:1310,762.89,26.49,9.95,3.59,0.0
20220122:1410,603.83,19.49,9.76,2.28,0.0
20220122:1510,327.96,10.62,9.49,2.07,0.0
20220122:1610,0.0,0.0,8.97,2.21,0.0
20220122:1710,0.0,0.0,8.15,2.76,0.0
20220122:1810,0.0,0.0,7.57,3.03,0.0
20220122:1910,0.0,0.0,7.29,3.17,0.0
20220122:2010,0.0,0.0,7.02,2.9,0.0
20220122:2110,0.0,0.0,6.74,2.76,0.0
20220122:2210,0.0,0.0,6.52,2.76,0.0
20220122:2310,0.0,0.0,6.54,2.97,0.0
20220123:0010,0.0,0.0,6.47,2.83,0.0
20220123:0110,0.0,0.0,6.21,2.14,0.0
20220123:0210,0.0,0.0,7.11,1.45,0.0
20220123:0310,0.0,0.0,8.42,1.1,0.0
20220123:0410,0.0,0.0,7.79,1.31,0.0
20220123:0510,0.0,0.0,5.76,2.0,0.0
20220123:0610,0.0,0.0,6.16,2.55,0.0
20220123:0710,195.43,8.18,6.11,2.14,0.0
20220123:0810,311.61,17.46,8.6,2.62,0.0
20220123:0910,514.26,25.05,9.54,2.97,0.0
20220123:1010,244.51,30.25,10.09,3.17,0.0
20220123:1110,893.37,32.4,10.47,3.24,0.0
20220123:1210,714.89,31.16,10.46,3.1,0.0
20220123:1310,756.35,26.72,10.55,3.1,0.0
20220123:1410,601.0,19.72,10.31,2.97,0.0
20220123:1510,336.36,10.83,9.88,2.69,0.0
20220123:1610,0.0,0.0,9.33,2.0,0.0
20220123:1710,0.0,0.0,7.97,1.66,0.0
20220123:1810,0.0,0.0,7.32,1.45,0.0
20220123:1910,0.0,0.0,6.99,1.45,0.0
20220123:2010,0.0,0.0,8.22,1.17,0.0
20220123:2110,0.0,0.0,8.61,0.76,0.0
20220123:2210,0.0,0.0,8.42,0.41,0.0
20220123:2310,0.0,0.0,8.21,0.41,0.0
20220124:0010,0.0,0.0,8.04,0.69,0.0
20220124:0110,0.0,0.0,8.05,1.03,0.0
20220124:0210,0.0,0.0,7.03,1.31,0.0
20220124:0310,0.0,0.0,5.65,1.66,0.0
20220124:0410,0.0,0.0,5.63,1.79,0.0
20220124:0510,0.0,0.0,5.46,2.0,0.0
20220124:0610,0.0,0.0,5.63,2.55,0.0
20220124:0710,95.83,8.31,6.13,2.83,0.0
20220124:0810,229.16,17.61,8.27,2.76,0.0
20220124:0910,58.09,25.23,9.24,3.45,0.0
20220124:1010,290.3,30.46,9.81,3.59,0.0
20220124:1110,59.97,32.64,10.36,4.48,0.0
20220124:1210,71.21,31.4,10.44,5.17,0.0
20220124:1310,75.9,26.97,10.25,5.66,0.0
20220124:1410,168.13,19.95,9.83,5.38,0.0
20220124:1510,237.77,11.05,9.36,5.17,0.0
20220124:1610,0.0,0.0,8.71,4.69,0.0
20220124:1710,0.0,0.0,8.25,4.48,0.0
20220124:1810,0.0,0.0,7.97,5.03,0.0
20220124:1910,0.0,0.0,8.07,5.86,0.0
20220124:2010,0.0,0.0,7.79,6.0,0.0
20220124:2110,0.0,0.0,7.47,6.0,0.0
20220124:2210,0.0,0.0,7.18,6.07,0.0
20220124:2310,0.0,0.0,6.81,5.93,0.0
20220125:0010,0.0,0.0,6.39,5.66,0.0
20220125:0110,0.0,0.0,5.97,5.31,0.0
20220125:0210,0.0,0.0,5.51,4.97,0.0
20220125:0310,0.0,0.0,5.14,4.76,0.0
20220125:0410,0.0,0.0,4.83,4.55,0.0
20220125:0510,0.0,0.0,4.6,4.34,0.0
20220125:0610,0.0,0.0,4.44,4.21,0.0
20220125:0710,269.62,8.44,5.66,4.21,0.0
20220125:0810,557.05,17.77,6.25,4.21,0.0
20220125:0910,779.23,25.42,6.86,4.28,0.0
20220125:1010,912.35,30.68,7.25,3.93,0.0
20220125:1110,935.95,32.88,7.59,3.66,0.0
20220125:1210,900.2,31.66,7.71,3.31,0.0
20220125:1310,800.06,27.21,7.7,3.03,0.0
20220125:1410,624.71,20.18,7.57,2.83,0.0
20220125:1510,360.95,11.27,7.25,2.48,0.0
20220125:1610,0.0,0.0,6.8,2.07,0.0
20220125:1710,0.0,0.0,6.07,1.93,0.0
20220125:1810,0.0,0.0,4.91,1.86,0.0
20220125:1910,0.0,0.0,3.96,2.0,0.0
20220125:2010,0.0,0.0,3.39,2.07,0.0
20220125:2110,0.0,0.0,3.09,2.14,0.0
20220125:2210,0.0,0.0,2.92,2.21,0.0
20220125:2310,0.0,0.0,3.08,2.14,0.0
20220126:0010,0.0,0.0,3.28,1.93,0.0
20220126:0110,0.0,0.0,3.64,1.79,0.0
20220126:0210,0.0,0.0,4.12,1.72,0.0
20220126:0310,0.0,0.0,4.35,1.66,0.0
20220126:0410,0.0,0.0,4.35,1.72,0.0
20220126:0510,0.0,0.0,5.12,1.52,0.0
20220126:0610,0.0,0.0,6.95,0.97,0.0
20220126:0710,250.42,8.58,6.7,1.24,0.0
20220126:0810,321.69,17.94,6.95,1.03,0.0
20220126:0910,674.14,25.61,9.13,1.31,0.0
20220126:1010,765.26,30.91,9.89,1.79,0.0
20220126:1110,903.8,33.13,10.52,2.28,0.0
20220126:1210,884.21,31.91,10.85,2.28,0.0
20220126:1310,763.05,27.46,11.26,2.41,0.0
20220126:1410,592.79,20.42,11.36,2.69,0.0
20220126:1510,352.54,11.49,11.06,2.97,0.0
20220126:1610,0.0,0.0,10.41,2.76,0.0
20220126:1710,0.0,0.0,9.58,2.48,0.0
20220126:1810,0.0,0.0,8.6,2.07,0.0
20220126:1910,0.0,0.0,7.64,1.38,0.0
20220126:2010,0.0,0.0,7.9,1.24,0.0
20220126:2110,0.0,0.0,7.58,1.24,0.0
20220126:2210,0.0,0.0,7.3,1.31,0.0
20220126:2310,0.0,0.0,7.07,1.24,0.0
20220127:0010,0.0,0.0,6.36,1.31,0.0
20220127:0110,0.0,0.0,5.73,1.45,0.0
20220127:0210,0.0,0.0,5.57,1.45,0.0
20220127:0310,0.0,0.0,5.42,1.45,0.0
20220127:0410,0.0,0.0,5.14,1.59,0.0
20220127:0510,0.0,0.0,5.0,1.79,0.0
20220127:0610,0.0,0.0,5.38,2.14,0.0
20220127:0710,293.24,8.72,5.92,2.0,0.0
20220127:0810,528.0,18.11,8.53,2.0,0.0
20220127:0910,172.67,25.81,10.28,1.86,0.0
20220127:1010,78.71,31.14,11.36,2.14,0.0
20220127:1110,90.89,33.38,12.01,2.62,0.0
20220127:1210,84.33,32.17,12.24,2.76,0.0
20220127:1310,62.78,27.72,12.21,2.97,0.0
20220127:1410,41.23,20.66,11.93,2.9,0.0
20220127:1510,194.91,11.72,11.61,2.48,0.0
20220127:1610,0.0,0.0,11.2,2.0,0.0
20220127:1710,0.0,0.0,10.31,1.38,0.0
20220127:1810,0.0,0.0,10.09,0.76,0.0
20220127:1910,0.0,0.0,8.89,1.17,0.0
20220127:2010,0.0,0.0,9.17,1.1,0.0
20220127:2110,0.0,0.0,8.75,1.17,0.0
20220127:2210,0.0,0.0,7.86,1.31,0.0
20220127:2310,0.0,0.0,7.27,1.38,0.0
20220128:0010,0.0,0.0,7.02,1.45,0.0
20220128:0110,0.0,0.0,6.49,1.52,0.0
20220128:0210,0.0,0.0,5.89,1.66,0.0
20220128:0310,0.0,0.0,5.39,1.93,0.0
20220128:0410,0.0,0.0,4.97,2.07,0.0
20220128:0510,0.0,0.0,4.65,2.14,0.0
20220128:0610,0.0,0.0,4.69,2.34,0.0
20220128:0710,306.94,8.87,5.0,2.07,0.0
20220128:0810,562.46,18.28,7.74,2.0,0.0
20220128:0910,769.42,26.02,9.72,2.21,0.0
20220128:1010,871.55,31.37,10.55,2.76,0.0
20220128:1110,376.84,33.64,11.04,3.31,0.0
20220128:1210,230.11,32.44,11.56,3.86,0.0
20220128:1310,296.99,27.98,11.69,4.07,0.0
20220128:1410,120.39,20.9,11.41,4.21,0.0
20220128:1510,30.92,11.94,11.08,4.0,0.0
20220128:1610,0.89,1.71,10.69,3.31,0.0
20220128:1710,0.0,0.0,10.44,2.9,0.0
20220128:1810,0.0,0.0,10.16,2.55,0.0
20220128:1910,0.0,0.0,10.29,2.69,0.0
20220128:2010,0.0,0.0,9.97,3.17,0.0
20220128:2110,0.0,0.0,9.7,3.52,0.0
20220128:2210,0.0,0.0,9.77,3.86,0.0
20220128:2310,0.0,0.0,9.82,4.83,0.0
20220129:0010,0.0,0.0,9.59,5.72,0.0
20220129:0110,0.0,0.0,8.94,6.48,0.0
20220129:0210,0.0,0.0,8.58,5.66,0.0
20220129:0310,0.0,0.0,8.7,5.17,0.0
20220129:0410,0.0,0.0,8.56,5.93,0.0
20220129:0510,0.0,0.0,8.54,6.0,0.0
20220129:0610,0.0,0.0,8.43,6.0,0.0
20220129:0710,294.68,9.02,8.91,6.14,0.0
20220129:0810,470.29,18.46,9.39,6.48,0.0
20220129:0910,684.75,26.23,9.81,6.9,0.0
20220129:1010,378.82,31.62,10.1,7.1,0.0
20220129:1110,377.12,33.9,10.28,7.24,0.0
20220129:1210,875.14,32.71,10.29,7.38,0.0
20220129:1310,806.08,28.24,10.0,7.45,0.0
20220129:1410,536.32,21.15,9.54,7.38,0.0
20220129:1510,367.92,12.17,9.17,7.24,0.0
20220129:1610,4.45,1.92,8.81,6.97,0.0
20220129:1710,0.0,0.0,8.61,6.48,0.0
20220129:1810,0.0,0.0,8.61,6.0,0.0
20220129:1910,0.0,0.0,9.13,5.93,0.0
20220129:2010,0.0,0.0,9.21,5.45,0.0
20220129:2110,0.0,0.0,9.18,5.17,0.0
20220129:2210,0.0,0.0,9.16,4.9,0.0
20220129:2310,0.0,0.0,9.1,4.48,0.0
20220130:0010,0.0,0.0,8.95,3.93,0.0
20220130:0110,0.0,0.0,8.82,3.66,0.0
20220130:0210,0.0,0.0,8.69,3.45,0.0
20220130:0310,0.0,0.0,8.37,2.9,0.0
20220130:0410,0.0,0.0,7.26,2.21,0.0
20220130:0510,0.0,0.0,6.46,2.0,0.0
20220130:0610,0.0,0.0,5.92,2.14,0.0
20220130:0710,298.88,9.18,6.18,2.41,0.0
20220130:0810,564.69,18.65,9.14,2.55,0.0
20220130:0910,776.96,26.45,10.85,3.1,0.0
20220130:1010,893.17,31.87,11.72,3.38,0.0
20220130:1110,906.77,34.17,12.51,3.31,0.0
20220130:1210,866.52,32.98,13.14,3.45,0.0
20220130:1310,767.83,28.51,13.48,3.79,0.0
20220130:1410,614.39,21.4,13.45,4.0,0.0
20220130:1510,356.6,12.4,12.94,3.72,0.0
20220130:1610,5.34,2.14,12.1,2.97,0.0
20220130:1710,0.0,0.0,11.04,2.83,0.0
20220130:1810,0.0,0.0,10.51,3.17,0.0
20220130:1910,0.0,0.0,10.73,3.79,0.0
20220130:2010,0.0,0.0,10.62,3.52,0.0
20220130:2110,0.0,0.0,10.57,3.17,0.0
20220130:2210,0.0,0.0,10.58,2.97,0.0
20220130:2310,0.0,0.0,10.71,2.97,0.0
20220131:0010,0.0,0.0,10.41,3.03,0.0
20220131:0110,0.0,0.0,10.24,2.9,0.0
20220131:0210,0.0,0.0,9.97,2.76,0.0
20220131:0310,0.0,0.0,9.89,2.69,0.0
20220131:0410,0.0,0.0,9.86,2.76,0.0
20220131:0510,0.0,0.0,9.66,2.83,0.0
20220131:0610,0.0,0.0,9.57,2.9,0.0
20220131:0710,49.88,9.35,9.67,2.48,0.0
20220131:0810,74.96,18.84,10.71,2.76,0.0
20220131:0910,89.02,26.68,11.78,3.72,0.0
20220131:1010,379.98,32.12,12.59,5.03,0.0
20220131:1110,267.59,34.45,13.15,5.52,0.0
20220131:1210,408.27,33.26,13.22,5.79,0.0
20220131:1310,462.3,28.78,13.22,6.07,0.0
20220131:1410,589.74,21.65,13.34,7.03,0.0
20220131:1510,381.75,12.63,13.13,6.76,0.0
20220131:1610,7.12,2.35,12.58,7.31,0.0
20220131:1710,0.0,0.0,11.95,6.69,0.0
20220131:1810,0.0,0.0,11.42,6.55,0.0
20220131:1910,0.0,0.0,11.39,6.62,0.0
20220131:2010,0.0,0.0,11.1,6.0,0.0
20220131:2110,0.0,0.0,10.92,6.55,0.0
20220131:2210,0.0,0.0,10.64,6.97,0.0
20220131:2310,0.0,0.0,10.33,7.1,0.0
20220201:0010,0.0,0.0,10.17,7.03,0.0
20220201:0110,0.0,0.0,10.09,7.66,0.0
20220201:0210,0.0,0.0,9.45,8.76,0.0
20220201:0310,0.0,0.0,8.85,8.28,0.0
20220201:0410,0.0,0.0,8.45,7.86,0.0
20220201:0510,0.0,0.0,8.29,8.62,0.0
20220201:0610,0.0,0.0,7.86,9.03,0.0
20220201:0710,189.07,9.52,7.78,7.31,0.0
20220201:0810,100.58,19.04,8.48,6.41,0.0
20220201:0910,752.07,26.9,8.63,6.97,0.0
20220201:1010,63.72,32.38,9.47,7.38,0.0
20220201:1110,454.03,34.73,9.72,8.28,0.0
20220201:1210,132.12,33.55,10.37,8.41,0.0
20220201:1310,418.84,29.05,10.53,8.62,0.0
20220201:1410,532.4,21.9,10.62,8.9,0.0
20220201:1510,204.81,12.87,10.34,8.69,0.0
20220201:1610,8.9,2.57,9.91,8.28,0.0
20220201:1710,0.0,0.0,9.82,8.41,0.0
20220201:1810,0.0,0.0,9.91,8.14,0.0
20220201:1910,0.0,0.0,9.71,7.59,0.0
20220201:2010,0.0,0.0,9.61,7.72,0.0
20220201:2110,0.0,0.0,9.49,7.31,0.0
20220201:2210,0.0,0.0,9.31,6.76,0.0
20220201:2310,0.0,0.0,9.15,6.76,0.0
20220202:0010,0.0,0.0,9.07,6.69,0.0
20220202:0110,0.0,0.0,9.07,6.55,0.0
20220202:0210,0.0,0.0,9.11,6.28,0.0
20220202:0310,0.0,0.0,9.14,6.07,0.0
20220202:0410,0.0,0.0,9.19,5.86,0.0
20220202:0510,0.0,0.0,9.23,5.66,0.0
20220202:0610,0.0,0.0,9.35,5.72,0.0
20220202:0710,288.03,9.7,9.76,6.0,0.0
20220202:0810,550.66,19.25,10.57,5.38,0.0
20220202:0910,785.15,27.14,11.37,6.07,0.0
20220202:1010,917.38,32.65,11.98,5.66,0.0
20220202:1110,0.0,0.0,12.52,5.31,0.0
20220202:1210,855.07,33.84,12.85,5.24,0.0
20220202:1310,784.46,29.33,12.92,5.38,0.0
20220202:1410,634.63,22.16,12.7,5.24,0.0
20220202:1510,372.11,13.1,12.3,4.69,0.0
20220202:1610,10.68,2.78,11.71,3.66,0.0
20220202:1710,0.0,0.0,11.0,3.1,0.0
20220202:1810,0.0,0.0,10.43,2.69,0.0
20220202:1910,0.0,0.0,10.11,2.76,0.0
20220202:2010,0.0,0.0,9.93,2.76,0.0
20220202:2110,0.0,0.0,9.63,2.55,0.0
20220202:2210,0.0,0.0,9.56,2.69,0.0
20220202:2310,0.0,0.0,10.02,3.31,0.0
20220203:0010,0.0,0.0,10.24,3.17,0.0
20220203:0110,0.0,0.0,10.31,3.03,0.0
20220203:0210,0.0,0.0,9.84,2.76,0.0
20220203:0310,0.0,0.0,9.26,2.48,0.0
20220203:0410,0.0,0.0,8.63,2.55,0.0
20220203:0510,0.0,0.0,8.39,2.97,0.0
20220203:0610,0.0,0.0,8.92,3.72,0.0
20220203:0710,297.46,9.88,9.78,3.79,0.0
20220203:0810,579.07,19.46,11.23,3.1,0.0
20220203:0910,781.49,27.38,12.37,3.24,0.0
20220203:1010,911.94,32.92,12.77,3.45,0.0
20220203:1110,917.08,35.3,12.89,3.79,0.0
20220203:1210,869.69,34.13,12.82,3.38,0.0
20220203:1310,813.76,29.61,12.71,2.48,0.0
20220203:1410,639.87,22.42,12.61,1.72,0.0
20220203:1510,375.27,13.34,12.39,1.31,0.0
20220203:1610,11.58,3.0,11.89,1.17,0.0
20220203:1710,0.0,0.0,10.14,1.38,0.0
20220203:1810,0.0,0.0,8.59,1.79,0.0
20220203:1910,0.0,0.0,7.7,2.0,0.0
20220203:2010,0.0,0.0,7.09,2.34,0.0
20220203:2110,0.0,0.0,6.86,2.55,0.0
20220203:2210,0.0,0.0,6.89,2.76,0.0
20220203:2310,0.0,0.0,7.15,3.1,0.0
20220204:0010,0.0,0.0,7.21,3.03,0.0
20220204:0110,0.0,0.0,6.98,2.9,0.0
20220204:0210,0.0,0.0,7.06,3.1,0.0
20220204:0310,0.0,0.0,7.34,3.31,0.0
20220204:0410,0.0,0.0,7.7,3.38,0.0
20220204:0510,0.0,0.0,7.98,3.52,0.0
20220204:0610,0.0,0.0,8.22,3.79,0.0
20220204:0710,299.6,10.07,9.01,4.14,0.0
20220204:0810,576.36,19.67,10.68,4.21,0.0
20220204:0910,759.16,27.63,12.63,4.48,0.0
20220204:1010,496.26,33.19,14.26,4.76,0.0
20220204:1110,646.99,35.6,15.44,4.69,0.0
20220204:1210,517.96,34.43,16.11,4.48,0.0
20220204:1310,751.46,29.89,16.35,4.28,0.0
20220204:1410,549.95,22.68,16.27,4.0,0.0
20220204:1510,349.49,13.58,15.75,3.72,0.0
20220204:1610,13.36,3.22,14.65,3.72,0.0
20220204:1710,0.0,0.0,13.1,3.93,0.0
20220204:1810,0.0,0.0,11.99,4.28,0.0
20220204:1910,0.0,0.0,11.48,4.48,0.0
20220204:2010,0.0,0.0,11.11,4.83,0.0
20220204:2110,0.0,0.0,10.86,4.9,0.0
20220204:2210,0.0,0.0,10.64,4.62,0.0
20220204:2310,0.0,0.0,10.42,4.41,0.0
20220205:0010,0.0,0.0,10.11,4.21,0.0
20220205:0110,0.0,0.0,9.87,4.14,0.0
20220205:0210,0.0,0.0,9.75,4.14,0.0
20220205:0310,0.0,0.0,9.72,4.07,0.0
20220205:0410,0.0,0.0,9.62,3.93,0.0
20220205:0510,0.0,0.0,9.46,3.72,0.0
20220205:0610,0.0,0.0,9.22,3.59,0.0
20220205:0710,131.92,10.26,9.76,3.1,0.0
20220205:0810,352.78,19.89,11.34,2.76,0.0
20220205:0910,599.15,27.88,13.36,2.62,0.0
20220205:1010,893.13,33.47,14.72,2.48,0.0
20220205:1110,896.14,35.9,15.62,2.41,0.0
20220205:1210,865.09,34.73,16.0,2.34,0.0
20220205:1310,785.88,30.17,15.94,2.55,0.0
20220205:1410,612.09,22.94,15.44,2.55,0.0
20220205:1510,352.82,13.82,14.64,2.21,0.0
20220205:1610,9.79,3.44,13.6,1.66,0.0
20220205:1710,0.0,0.0,12.56,1.24,0.0
20220205:1810,0.0,0.0,11.34,1.17,0.0
20220205:1910,0.0,0.0,11.44,0.83,0.0
20220205:2010,0.0,0.0,11.62,0.76,0.0
20220205:2110,0.0,0.0,11.41,0.62,0.0
20220205:2210,0.0,0.0,11.15,0.76,0.0
20220205:2310,0.0,0.0,10.78,0.9,0.0
20220206:0010,0.0,0.0,9.77,1.1,0.0
20220206:0110,0.0,0.0,9.45,1.1,0.0
20220206:0210,0.0,0.0,8.44,1.17,0.0
20220206:0310,0.0,0.0,7.98,1.31,0.0
20220206:0410,0.0,0.0,7.75,1.66,0.0
20220206:0510,0.0,0.0,7.79,1.93,0.0
20220206:0610,0.0,0.0,7.69,2.0,0.0
20220206:0710,271.43,10.46,7.89,2.0,0.0
20220206:0810,543.39,20.12,9.9,1.59,0.0
20220206:0910,731.85,28.14,11.96,0.97,0.0
20220206:1010,875.52,33.76,13.36,0.34,0.0
20220206:1110,855.64,36.2,14.15,0.48,0.0
20220206:1210,824.82,35.03,14.49,1.17,0.0
20220206:1310,713.14,30.46,14.52,1.59,0.0
20220206:1410,576.39,23.2,14.17,1.79,0.0
20220206:1510,344.86,14.06,13.53,1.66,0.0
20220206:1610,16.03,3.66,12.87,1.17,0.0
20220206:1710,0.0,0.0,12.15,0.9,0.0
20220206:1810,0.0,0.0,11.48,1.17,0.0
20220206:1910,0.0,0.0,10.64,1.45,0.0
20220206:2010,0.0,0.0,10.12,1.79,0.0
20220206:2110,0.0,0.0,9.93,2.07,0.0
20220206:2210,0.0,0.0,10.11,2.41,0.0
20220206:2310,0.0,0.0,10.11,2.9,0.0
20220207:0010,0.0,0.0,9.87,3.1,0.0
20220207:0110,0.0,0.0,9.64,3.24,0.0
20220207:0210,0.0,0.0,9.69,3.31,0.0
20220207:0310,0.0,0.0,9.81,3.59,0.0
20220207:0410,0.0,0.0,9.67,4.0,0.0
20220207:0510,0.0,0.0,9.41,4.07,0.0
20220207:0610,0.0,0.0,9.31,4.41,0.0
20220207:0710,303.66,10.66,9.81,4.9,0.0
20220207:0810,566.89,20.35,10.67,6.48,0.0
20220207:0910,754.1,28.4,11.74,7.52,0.0
20220207:1010,688.01,34.05,12.25,7.45,0.0
20220207:1110,841.11,36.51,12.6,7.86,0.0
20220207:1210,559.13,35.34,12.92,8.14,0.0
20220207:1310,122.75,30.75,13.18,8.41,0.0
20220207:1410,94.64,23.47,13.35,8.34,0.0
20220207:1510,37.48,14.3,13.09,8.07,0.0
20220207:1610,12.47,3.88,12.53,7.38,0.0
20220207:1710,0.0,0.0,12.14,6.62,0.0
20220207:1810,0.0,0.0,11.87,6.34,0.0
20220207:1910,0.0,0.0,12.16,5.79,0.0
20220207:2010,0.0,0.0,12.14,5.31,0.0
20220207:2110,0.0,0.0,11.73,5.86,0.0
20220207:2210,0.0,0.0,11.02,6.0,0.0
20220207:2310,0.0,0.0,10.55,6.07,0.0
20220208:0010,0.0,0.0,10.21,6.14,0.0
20220208:0110,0.0,0.0,9.87,6.41,0.0
20220208:0210,0.0,0.0,9.5,6.62,0.0
20220208:0310,0.0,0.0,9.29,6.83,0.0
20220208:0410,0.0,0.0,9.21,7.03,0.0
20220208:0510,0.0,0.0,9.12,7.24,0.0
20220208:0610,0.0,0.0,9.02,7.31,0.0
20220208:0710,321.89,10.87,9.34,7.45,0.0
20220208:0810,578.51,20.58,9.73,7.66,0.0
20220208:0910,793.26,28.66,10.13,7.72,0.0
20220208:1010,931.43,34.35,10.47,7.66,0.0
20220208:1110,911.57,36.83,10.67,7.52,0.0
20220208:1210,918.77,35.65,10.72,7.24,0.0
20220208:1310,851.58,31.05,10.7,6.9,0.0
20220208:1410,655.7,23.74,10.58,6.69,0.0
20220208:1510,404.5,14.54,10.33,6.48,0.0
20220208:1610,19.59,4.1,9.93,5.86,0.0
20220208:1710,0.0,0.0,9.44,5.31,0.0
20220208:1810,0.0,0.0,9.26,5.1,0.0
20220208:1910,0.0,0.0,9.35,5.72,0.0
20220208:2010,0.0,0.0,9.37,5.72,0.0
20220208:2110,0.0,0.0,9.32,5.38,0.0
20220208:2210,0.0,0.0,9.29,5.03,0.0
20220208:2310,0.0,0.0,9.28,4.69,0.0
20220209:0010,0.0,0.0,9.22,4.34,0.0
20220209:0110,0.0,0.0,9.19,3.93,0.0
20220209:0210,0.0,0.0,9.1,3.52,0.0
20220209:0310,0.0,0.0,8.85,2.97,0.0
20220209:0410,0.0,0.0,8.32,2.69,0.0
20220209:0510,0.0,0.0,7.47,2.48,0.0
20220209:0610,0.0,0.0,7.2,1.93,0.0
20220209:0710,320.55,11.09,7.02,2.0,0.0
20220209:0810,584.14,20.82,10.44,1.93,0.0
20220209:0910,783.4,28.94,11.63,2.62,0.0
20220209:1010,937.95,34.65,12.17,2.62,0.0
20220209:1110,946.34,37.15,12.55,2.62,0.0
20220209:1210,913.78,35.97,12.75,2.48,0.0
20220209:1310,847.68,31.34,12.8,2.41,0.0
20220209:1410,657.6,24.01,12.65,2.14,0.0
20220209:1510,402.77,14.78,12.31,1.66,0.0
20220209:1610,18.7,4.32,11.77,0.97,0.0
20220209:1710,0.0,0.0,10.91,0.48,0.0
20220209:1810,0.0,0.0,10.85,0.41,0.0
20220209:1910,0.0,0.0,10.55,0.9,0.0
20220209:2010,0.0,0.0,10.39,1.03,0.0
20220209:2110,0.0,0.0,9.56,1.24,0.0
20220209:2210,0.0,0.0,9.04,1.38,0.0
20220209:2310,0.0,0.0,9.73,1.17,0.0
20220210:0010,0.0,0.0,9.88,0.9,0.0
20220210:0110,0.0,0.0,9.96,0.55,0.0
20220210:0210,0.0,0.0,10.08,0.34,0.0
20220210:0310,0.0,0.0,10.13,0.21,0.0
20220210:0410,0.0,0.0,10.1,0.21,0.0
20220210:0510,0.0,0.0,10.01,0.28,0.0
20220210:0610,0.0,0.0,9.9,0.41,0.0
20220210:0710,332.1,11.3,9.85,0.9,0.0
20220210:0810,592.89,21.07,9.79,0.97,0.0
20220210:0910,793.32,29.21,12.19,1.24,0.0
20220210:1010,950.08,34.95,13.11,1.52,0.0
20220210:1110,958.06,37.47,13.73,1.72,0.0
20220210:1210,933.34,36.29,14.08,1.86,0.0
20220210:1310,858.26,31.64,14.15,2.0,0.0
20220210:1410,667.23,24.28,13.97,2.14,0.0
20220210:1510,407.24,15.03,13.52,2.0,0.0
20220210:1610,20.48,4.55,12.77,1.66,0.0
20220210:1710,0.0,0.0,11.74,1.52,0.0
20220210:1810,0.0,0.0,10.04,1.45,0.0
20220210:1910,0.0,0.0,8.97,1.72,0.0
20220210:2010,0.0,0.0,8.38,1.79,0.0
20220210:2110,0.0,0.0,7.87,1.79,0.0
20220210:2210,0.0,0.0,7.41,1.79,0.0
20220210:2310,0.0,0.0,7.19,1.79,0.0
20220211:0010,0.0,0.0,6.91,1.79,0.0
20220211:0110,0.0,0.0,6.59,1.86,0.0
20220211:0210,0.0,0.0,6.3,1.93,0.0
20220211:0310,0.0,0.0,6.33,1.93,0.0
20220211:0410,0.0,0.0,6.68,1.79,0.0
20220211:0510,0.0,0.0,7.31,1.66,0.0
20220211:0610,0.0,0.0,7.74,1.52,0.0
20220211:0710,332.01,11.53,9.08,1.17,0.0
20220211:0810,598.51,21.32,10.27,0.83,0.0
20220211:0910,799.87,29.49,13.15,0.83,0.0
20220211:1010,950.52,35.27,13.93,0.83,0.0
20220211:1110,972.44,37.79,14.48,0.9,0.0
20220211:1210,953.08,36.61,14.76,1.31,0.0
20220211:1310,864.51,31.94,14.74,1.72,0.0
20220211:1410,655.09,24.55,14.41,1.86,0.0
20220211:1510,409.57,15.27,13.87,1.72,0.0
20220211:1610,20.48,4.77,13.17,1.38,0.0
20220211:1710,0.0,0.0,12.36,1.1,0.0
20220211:1810,0.0,0.0,11.16,1.03,0.0
20220211:1910,0.0,0.0,11.65,0.9,0.0
20220211:2010,0.0,0.0,11.23,0.69,0.0
20220211:2110,0.0,0.0,10.92,0.55,0.0
20220211:2210,0.0,0.0,10.7,0.48,0.0
20220211:2310,0.0,0.0,10.51,0.62,0.0
20220212:0010,0.0,0.0,10.21,0.76,0.0
20220212:0110,0.0,0.0,9.9,0.83,0.0
20220212:0210,0.0,0.0,9.63,0.69,0.0
20220212:0310,0.0,0.0,9.43,0.76,0.0
20220212:0410,0.0,0.0,9.22,0.97,0.0
20220212:0510,0.0,0.0,8.89,1.17,0.0
20220212:0610,0.0,0.0,8.44,1.24,0.0
20220212:0710,311.17,11.76,7.97,1.31,0.0
20220212:0810,587.39,21.57,9.91,0.83,0.0
20220212:0910,727.54,29.78,12.06,0.34,0.0
20220212:1010,900.32,35.58,12.91,1.45,0.0
20220212:1110,960.69,38.13,13.19,2.41,0.0
20220212:1210,921.29,36.93,13.18,2.83,0.0
20220212:1310,832.89,32.24,12.93,2.9,0.0
20220212:1410,455.68,24.82,12.56,2.9,0.0
20220212:1510,249.07,15.51,12.04,2.76,0.0
20220212:1610,26.71,4.99,11.46,2.28,0.0
20220212:1710,0.0,0.0,10.82,1.86,0.0
20220212:1810,0.0,0.0,10.25,1.59,0.0
20220212:1910,0.0,0.0,9.43,1.17,0.0
20220212:2010,0.0,0.0,9.99,0.97,0.0
20220212:2110,0.0,0.0,10.1,0.9,0.0
20220212:2210,0.0,0.0,9.86,0.9,0.0
20220212:2310,0.0,0.0,9.51,0.83,0.0
20220213:0010,0.0,0.0,9.17,0.83,0.0
20220213:0110,0.0,0.0,8.49,0.97,0.0
20220213:0210,0.0,0.0,7.74,1.17,0.0
20220213:0310,0.0,0.0,7.5,1.17,0.0
20220213:0410,0.0,0.0,7.52,1.17,0.0
20220213:0510,0.0,0.0,7.42,1.24,0.0
20220213:0610,0.0,0.0,7.02,1.45,0.0
20220213:0710,313.3,11.99,6.94,1.79,0.0
20220213:0810,572.11,21.83,9.48,1.38,0.0
20220213:0910,777.92,30.07,11.56,0.83,0.0
20220213:1010,925.65,35.9,12.67,0.69,0.0
20220213:1110,945.13,38.46,13.58,0.41,0.0
20220213:1210,824.14,37.26,14.07,0.21,0.0
20220213:1310,787.95,32.55,14.1,1.24,0.0
20220213:1410,569.15,25.09,13.78,1.72,0.0
20220213:1510,310.99,15.76,13.23,1.52,0.0
20220213:1610,24.04,5.21,12.61,1.1,0.0
20220213:1710,0.0,0.0,11.95,0.97,0.0
20220213:1810,0.0,0.0,10.98,0.83,0.0
20220213:1910,0.0,0.0,10.34,1.03,0.0
20220213:2010,0.0,0.0,9.86,1.24,0.0
20220213:2110,0.0,0.0,9.39,1.38,0.0
20220213:2210,0.0,0.0,9.02,1.45,0.0
20220213:2310,0.0,0.0,8.6,1.52,0.0
20220214:0010,0.0,0.0,7.88,1.86,0.0
20220214:0110,0.0,0.0,7.81,2.21,0.0
20220214:0210,0.0,0.0,7.7,2.34,0.0
20220214:0310,0.0,0.0,7.8,2.41,0.0
20220214:0410,0.0,0.0,8.01,2.55,0.0
20220214:0510,0.0,0.0,8.16,2.55,0.0
20220214:0610,0.0,0.0,8.25,2.55,0.0
20220214:0710,321.36,12.22,8.01,2.76,0.0
20220214:0810,318.06,22.1,9.97,2.62,0.0
20220214:0910,571.88,30.37,12.09,2.83,0.0
20220214:1010,782.76,36.22,13.34,3.17,0.0
20220214:1110,613.7,38.8,14.15,2.97,0.0
20220214:1210,531.05,37.59,14.62,2.9,0.0
20220214:1310,517.35,32.85,14.64,2.76,0.0
20220214:1410,576.09,25.37,14.46,2.55,0.0
20220214:1510,345.15,16.01,14.01,2.48,0.0
20220214:1610,86.32,5.44,13.39,2.48,0.0
20220214:1710,0.0,0.0,12.44,2.48,0.0
20220214:1810,0.0,0.0,11.68,2.48,0.0
20220214:1910,0.0,0.0,11.5,2.55,0.0
20220214:2010,0.0,0.0,11.01,2.62,0.0
20220214:2110,0.0,0.0,10.42,2.76,0.0
20220214:2210,0.0,0.0,9.93,2.97,0.0
20220214:2310,0.0,0.0,9.69,3.24,0.0
20220215:0010,0.0,0.0,9.65,3.31,0.0
20220215:0110,0.0,0.0,9.55,3.17,0.0
20220215:0210,0.0,0.0,9.56,3.45,0.0
20220215:0310,0.0,0.0,9.5,3.79,0.0
20220215:0410,0.0,0.0,9.56,3.79,0.0
20220215:0510,0.0,0.0,9.72,3.52,0.0
20220215:0610,1.87,1.56,9.84,3.17,0.0
20220215:0710,180.94,12.47,10.36,3.24,0.0
20220215:0810,368.46,22.37,12.19,2.97,0.0
20220215:0910,409.56,30.67,13.66,2.62,0.0
20220215:1010,358.77,36.55,14.38,2.0,0.0
20220215:1110,225.32,39.14,14.78,1.59,0.0
20220215:1210,52.47,37.93,13.63,2.48,0.0
20220215:1310,77.77,33.16,12.24,2.9,0.0
20220215:1410,49.66,25.64,12.03,2.97,0.0
20220215:1510,19.68,16.25,11.79,2.97,0.0
20220215:1610,4.69,5.66,11.27,3.17,0.0
20220215:1710,0.0,0.0,10.86,3.17,0.0
20220215:1810,0.0,0.0,10.32,2.83,0.0
20220215:1910,0.0,0.0,9.75,1.72,0.0
20220215:2010,0.0,0.0,9.25,1.59,0.0
20220215:2110,0.0,0.0,9.15,1.59,0.0
20220215:2210,0.0,0.0,8.88,1.79,0.0
20220215:2310,0.0,0.0,8.27,2.14,0.0
20220216:0010,0.0,0.0,7.91,2.55,0.0
20220216:0110,0.0,0.0,7.78,2.97,0.0
20220216:0210,0.0,0.0,7.96,3.38,0.0
20220216:0310,0.0,0.0,8.09,3.72,0.0
20220216:0410,0.0,0.0,8.14,3.93,0.0
20220216:0510,0.0,0.0,7.97,3.66,0.0
20220216:0610,3.75,1.79,7.74,3.59,0.0
20220216:0710,324.47,12.71,8.37,3.59,0.0
20220216:0810,94.64,22.64,9.15,3.79,0.0
20220216:0910,269.85,30.97,9.92,4.28,0.0
20220216:1010,531.79,36.88,10.58,4.55,0.0
20220216:1110,889.34,39.49,10.99,4.69,0.0
20220216:1210,589.57,38.26,10.98,4.83,0.0
20220216:1310,849.48,33.47,10.87,4.69,0.0
20220216:1410,442.58,25.92,10.81,4.83,0.0
20220216:1510,351.58,16.5,10.51,5.03,0.0
20220216:1610,125.08,5.88,10.06,5.31,0.0
20220216:1710,0.0,0.0,9.75,5.31,0.0
20220216:1810,0.0,0.0,9.69,4.62,0.0
20220216:1910,0.0,0.0,9.58,4.14,0.0
20220216:2010,0.0,0.0,9.49,4.0,0.0
20220216:2110,0.0,0.0,9.45,3.79,0.0
20220216:2210,0.0,0.0,9.35,3.66,0.0
20220216:2310,0.0,0.0,9.34,3.1,0.0
20220217:0010,0.0,0.0,9.17,2.9,0.0
20220217:0110,0.0,0.0,8.79,2.69,0.0
20220217:0210,0.0,0.0,8.3,2.34,0.0
20220217:0310,0.0,0.0,7.87,2.28,0.0
20220217:0410,0.0,0.0,7.24,2.0,0.0
20220217:0510,0.0,0.0,7.21,1.79,0.0
20220217:0610,4.69,2.02,7.09,1.66,0.0
20220217:0710,205.86,12.96,7.72,1.72,0.0
20220217:0810,575.02,22.92,10.7,1.86,0.0
20220217:0910,807.17,31.28,11.55,2.41,0.0
20220217:1010,791.96,37.22,12.07,2.48,0.0
20220217:1110,854.89,39.83,12.72,2.07,0.0
20220217:1210,952.01,38.6,13.29,1.93,0.0
20220217:1310,805.53,33.78,13.62,2.14,0.0
20220217:1410,628.73,26.2,13.62,2.83,0.0
20220217:1510,427.7,16.74,13.22,2.34,0.0
20220217:1610,140.84,6.1,12.65,1.45,0.0
20220217:1710,0.0,0.0,11.78,0.48,0.0
20220217:1810,0.0,0.0,11.59,0.41,0.0
20220217:1910,0.0,0.0,11.16,0.41,0.0
20220217:2010,0.0,0.0,10.43,1.03,0.0
20220217:2110,0.0,0.0,8.18,1.72,0.0
20220217:2210,0.0,0.0,7.3,1.86,0.0
20220217:2310,0.0,0.0,7.13,1.79,0.0
20220218:0010,0.0,0.0,7.76,1.52,0.0
20220218:0110,0.0,0.0,7.92,1.45,0.0
20220218:0210,0.0,0.0,7.8,1.45,0.0
20220218:0310,0.0,0.0,8.24,1.45,0.0
20220218:0410,0.0,0.0,6.82,1.93,0.0
20220218:0510,0.0,0.0,6.47,2.14,0.0
20220218:0610,7.5,2.25,6.85,1.79,0.0
20220218:0710,349.37,13.22,8.78,1.38,0.0
20220218:0810,604.4,23.2,12.1,1.31,0.0
20220218:0910,801.51,31.59,13.45,1.24,0.0
20220218:1010,883.13,37.56,14.08,1.1,0.0
20220218:1110,991.82,40.19,14.62,1.31,0.0
20220218:1210,994.99,38.94,14.93,1.38,0.0
20220218:1310,865.08,34.09,15.18,1.24,0.0
20220218:1410,662.84,26.47,15.33,1.1,0.0
20220218:1510,426.4,16.99,15.11,1.38,0.0
20220218:1610,142.0,6.33,14.44,1.38,0.0
20220218:1710,0.0,0.0,13.46,1.31,0.0
20220218:1810,0.0,0.0,11.92,1.31,0.0
20220218:1910,0.0,0.0,11.84,1.03,0.0
20220218:2010,0.0,0.0,11.13,1.17,0.0
20220218:2110,0.0,0.0,9.36,1.72,0.0
20220218:2210,0.0,0.0,8.5,2.0,0.0
20220218:2310,0.0,0.0,8.15,2.21,0.0
20220219:0010,0.0,0.0,8.11,2.34,0.0
20220219:0110,0.0,0.0,8.03,2.34,0.0
20220219:0210,0.0,0.0,7.94,2.34,0.0
20220219:0310,0.0,0.0,7.93,2.41,0.0
20220219:0410,0.0,0.0,8.1,2.48,0.0
20220219:0510,0.0,0.0,8.39,2.55,0.0
20220219:0610,8.43,2.49,8.31,2.76,0.0
20220219:0710,352.47,13.47,9.91,2.83,0.0
20220219:0810,600.95,23.48,11.93,2.9,0.0
20220219:0910,791.79,31.9,13.62,2.62,0.0
20220219:1010,801.12,37.9,15.21,2.28,0.0
20220219:1110,873.48,40.54,16.3,1.86,0.0
20220219:1210,790.92,39.29,17.01,1.38,0.0
20220219:1310,515.48,34.4,17.32,1.72,0.0
20220219:1410,322.56,26.75,17.08,2.07,0.0
20220219:1510,143.38,17.23,16.63,2.34,0.0
20220219:1610,70.65,6.55,15.75,2.69,0.0
20220219:1710,0.0,0.0,14.71,3.03,0.0
20220219:1810,0.0,0.0,13.88,3.38,0.0
20220219:1910,0.0,0.0,13.5,3.52,0.0
20220219:2010,0.0,0.0,13.07,3.66,0.0
20220219:2110,0.0,0.0,12.73,3.72,0.0
20220219:2210,0.0,0.0,12.78,3.79,0.0
20220219:2310,0.0,0.0,12.66,3.72,0.0
20220220:0010,0.0,0.0,12.25,3.72,0.0
20220220:0110,0.0,0.0,11.88,3.93,0.0
20220220:0210,0.0,0.0,11.8,4.07,0.0
20220220:0310,0.0,0.0,11.63,4.0,0.0
20220220:0410,0.0,0.0,11.54,3.59,0.0
20220220:0510,0.0,0.0,11.32,3.17,0.0
20220220:0610,7.5,2.73,10.97,2.97,0.0
20220220:0710,116.41,13.74,11.86,2.62,0.0
20220220:0810,421.46,23.77,13.3,2.34,0.0
20220220:0910,590.3,32.22,14.89,2.55,0.0
20220220:1010,489.8,38.25,15.61,2.21,0.0
20220220:1110,730.09,40.9,16.03,2.48,0.0
20220220:1210,928.93,39.63,15.95,3.03,0.0
20220220:1310,451.02,34.72,15.53,3.24,0.0
20220220:1410,381.11,27.03,15.02,3.17,0.0
20220220:1510,196.08,17.48,14.41,3.17,0.0
20220220:1610,67.92,6.77,13.7,2.9,0.0
20220220:1710,0.0,0.0,13.11,2.41,0.0
20220220:1810,0.0,0.0,12.56,2.14,0.0
20220220:1910,0.0,0.0,12.07,1.93,0.0
20220220:2010,0.0,0.0,11.76,2.07,0.0
20220220:2110,0.0,0.0,11.61,2.21,0.0
20220220:2210,0.0,0.0,11.43,2.07,0.0
20220220:2310,0.0,0.0,11.25,1.93,0.0
20220221:0010,0.0,0.0,11.16,2.21,0.0
20220221:0110,0.0,0.0,10.81,2.48,0.0
20220221:0210,0.0,0.0,10.37,2.62,0.0
20220221:0310,0.0,0.0,10.04,2.62,0.0
20220221:0410,0.0,0.0,9.67,2.62,0.0
20220221:0510,0.0,0.0,9.37,2.69,0.0
20220221:0610,10.31,2.98,9.35,2.76,0.0
20220221:0710,290.37,14.0,10.15,2.83,0.0
20220221:0810,233.69,24.06,11.48,4.48,0.0
20220221:0910,623.94,32.55,12.39,5.38,0.0
20220221:1010,802.41,38.6,13.18,5.72,0.0
20220221:1110,979.62,41.26,13.54,6.28,0.0
20220221:1210,836.7,39.98,13.83,6.83,0.0
20220221:1310,820.57,35.03,13.75,7.1,0.0
20220221:1410,440.67,27.3,13.79,7.17,0.0
20220221:1510,124.63,17.72,13.34,6.48,0.0
20220221:1610,75.04,6.99,12.78,5.79,0.0
20220221:1710,0.0,0.0,12.07,6.34,0.0
20220221:1810,0.0,0.0,11.44,6.21,0.0
20220221:1910,0.0,0.0,11.54,6.14,0.0
20220221:2010,0.0,0.0,11.47,6.34,0.0
20220221:2110,0.0,0.0,11.44,6.62,0.0
20220221:2210,0.0,0.0,11.4,7.38,0.0
20220221:2310,0.0,0.0,11.34,8.14,0.0
20220222:0010,0.0,0.0,11.03,8.28,0.0
20220222:0110,0.0,0.0,10.73,7.45,0.0
20220222:0210,0.0,0.0,10.46,7.1,0.0
20220222:0310,0.0,0.0,10.2,7.1,0.0
20220222:0410,0.0,0.0,10.15,7.38,0.0
20220222:0510,0.0,0.0,10.19,7.79,0.0
20220222:0610,17.0,3.23,10.1,7.59,0.0
20220222:0710,168.05,14.27,9.45,7.72,0.0
20220222:0810,568.03,24.36,10.73,7.72,0.0
20220222:0910,697.82,32.87,12.17,9.1,0.0
20220222:1010,253.3,38.95,12.93,9.86,0.0
20220222:1110,841.38,41.63,13.09,10.28,0.0
20220222:1210,783.59,40.33,13.11,9.86,0.0
20220222:1310,847.83,35.35,12.95,9.72,0.0
20220222:1410,617.46,27.58,12.85,9.72,0.0
20220222:1510,427.99,17.97,12.53,9.1,0.0
20220222:1610,161.81,7.21,11.97,8.62,0.0
20220222:1710,0.0,0.0,11.58,7.72,0.0
20220222:1810,0.0,0.0,11.46,7.72,0.0
20220222:1910,0.0,0.0,11.5,6.41,0.0
20220222:2010,0.0,0.0,11.49,6.41,0.0
20220222:2110,0.0,0.0,11.44,5.93,0.0
20220222:2210,0.0,0.0,11.28,6.0,0.0
20220222:2310,0.0,0.0,11.05,6.48,0.0
20220223:0010,0.0,0.0,10.83,6.97,0.0
20220223:0110,0.0,0.0,10.61,6.83,0.0
20220223:0210,0.0,0.0,10.45,6.69,0.0
20220223:0310,0.0,0.0,10.32,6.55,0.0
20220223:0410,0.0,0.0,10.2,6.28,0.0
20220223:0510,0.0,0.0,10.12,6.0,0.0
20220223:0610,31.48,3.49,10.09,5.93,0.0
20220223:0710,382.04,14.55,10.33,6.55,0.0
20220223:0810,638.73,24.66,10.86,6.83,0.0
20220223:0910,787.83,33.2,11.34,6.55,0.0
20220223:1010,917.83,39.31,11.8,6.48,0.0
20220223:1110,922.8,41.99,12.12,6.41,0.0
20220223:1210,1033.07,40.68,12.29,6.21,0.0
20220223:1310,871.47,35.66,12.46,5.93,0.0
20220223:1410,685.63,27.86,12.53,5.59,0.0
20220223:1510,434.6,18.21,12.45,5.1,0.0
20220223:1610,164.89,7.43,12.09,4.34,0.0
20220223:1710,0.0,0.0,11.45,3.59,0.0
20220223:1810,0.0,0.0,10.99,3.17,0.0
20220223:1910,0.0,0.0,10.66,2.48,0.0
20220223:2010,0.0,0.0,9.82,2.07,0.0
20220223:2110,0.0,0.0,9.37,1.59,0.0
20220223:2210,0.0,0.0,10.86,1.1,0.0
20220223:2310,0.0,0.0,11.25,0.9,0.0
20220224:0010,0.0,0.0,10.95,0.97,0.0
20220224:0110,0.0,0.0,10.89,0.9,0.0
20220224:0210,0.0,0.0,10.86,0.62,0.0
20220224:0310,0.0,0.0,10.79,0.28,0.0
20220224:0410,0.0,0.0,10.77,0.07,0.0
20220224:0510,0.0,0.0,10.72,0.21,0.0
20220224:0610,35.93,3.75,10.59,0.34,0.0
20220224:0710,387.55,14.82,9.38,1.1,0.0
20220224:0810,637.57,24.96,11.36,1.66,0.0
20220224:0910,841.08,33.53,12.36,2.0,0.0
20220224:1010,959.28,39.67,13.12,1.93,0.0
20220224:1110,1071.67,42.36,13.82,1.59,0.0
20220224:1210,1029.66,41.03,14.3,1.31,0.0
20220224:1310,849.09,35.98,14.55,1.38,0.0
20220224:1410,692.16,28.13,14.49,1.52,0.0
20220224:1510,430.35,18.45,14.11,1.31,0.0
20220224:1610,155.69,7.65,13.48,1.31,0.0
20220224:1710,0.0,0.0,12.69,1.45,0.0
20220224:1810,0.0,0.0,11.18,1.24,0.0
20220224:1910,0.0,0.0,10.51,1.31,0.0
20220224:2010,0.0,0.0,9.49,1.59,0.0
20220224:2110,0.0,0.0,8.58,1.86,0.0
20220224:2210,0.0,0.0,7.9,1.86,0.0
20220224:2310,0.0,0.0,7.11,2.14,0.0
20220225:0010,0.0,0.0,6.81,2.21,0.0
20220225:0110,0.0,0.0,6.71,1.93,0.0
20220225:0210,0.0,0.0,6.2,2.07,0.0
20220225:0310,0.0,0.0,6.04,2.14,0.0
20220225:0410,0.0,0.0,6.04,2.07,0.0
20220225:0510,0.0,0.0,5.99,1.93,0.0
20220225:0610,36.84,4.01,6.34,1.72,0.0
20220225:0710,376.5,15.1,7.93,1.17,0.0
20220225:0810,635.43,25.26,10.88,1.17,0.0
20220225:0910,756.78,33.87,12.15,1.03,0.0
20220225:1010,897.75,40.03,13.01,0.21,0.0
20220225:1110,1034.41,42.74,13.63,0.69,0.0
20220225:1210,1024.58,41.39,14.07,1.1,0.0
20220225:1310,881.25,36.3,14.19,1.72,0.0
20220225:1410,664.89,28.41,13.93,2.14,0.0
20220225:1510,431.3,18.7,13.48,2.0,0.0
20220225:1610,166.05,7.86,12.88,1.93,0.0
20220225:1710,0.0,0.0,11.96,1.66,0.0
20220225:1810,0.0,0.0,10.9,1.17,0.0
20220225:1910,0.0,0.0,10.84,0.48,0.0
20220225:2010,0.0,0.0,10.5,0.83,0.0
20220225:2110,0.0,0.0,10.23,0.9,0.0
20220225:2210,0.0,0.0,8.65,1.38,0.0
20220225:2310,0.0,0.0,7.47,2.07,0.0
20220226:0010,0.0,0.0,7.11,2.07,0.0
20220226:0110,0.0,0.0,7.09,2.28,0.0
20220226:0210,0.0,0.0,7.63,2.55,0.0
20220226:0310,0.0,0.0,8.17,2.76,0.0
20220226:0410,0.0,0.0,8.7,3.03,0.0
20220226:0510,0.0,0.0,8.8,3.31,0.0
20220226:0610,30.75,4.27,8.94,3.24,0.0
20220226:0710,119.27,15.39,9.91,3.1,0.0
20220226:0810,291.5,25.57,11.14,4.07,0.0
20220226:0910,174.05,34.21,12.11,4.83,0.0
20220226:1010,549.75,40.4,12.6,5.59,0.0
20220226:1110,321.31,43.11,12.87,6.0,0.0
20220226:1210,343.18,41.74,13.04,6.14,0.0
20220226:1310,99.32,36.61,13.15,7.1,0.0
20220226:1410,69.34,28.69,11.52,7.66,0.0
20220226:1510,44.04,18.94,10.16,7.38,0.0
20220226:1610,30.92,8.08,9.38,7.03,0.0
20220226:1710,0.0,0.0,8.61,7.31,0.0
20220226:1810,0.0,0.0,8.15,7.31,0.0
20220226:1910,0.0,0.0,8.14,7.03,0.0
20220226:2010,0.0,0.0,8.03,7.72,0.0
20220226:2110,0.0,0.0,7.98,7.93,0.0
20220226:2210,0.0,0.0,7.86,8.21,0.0
20220226:2310,0.0,0.0,7.71,8.14,0.0
20220227:0010,0.0,0.0,7.7,8.14,0.0
20220227:0110,0.0,0.0,7.98,8.14,0.0
20220227:0210,0.0,0.0,8.33,8.0,0.0
20220227:0310,0.0,0.0,8.37,7.38,0.0
20220227:0410,0.0,0.0,8.44,6.83,0.0
20220227:0510,0.0,0.0,8.36,6.0,0.0
20220227:0610,3.75,4.54,8.39,5.24,0.0
20220227:0710,98.64,15.67,8.63,4.76,0.0
20220227:0810,133.82,25.89,9.28,6.0,0.0
20220227:0910,77.77,34.55,9.77,6.14,0.0
20220227:1010,75.9,40.77,10.19,6.28,0.0
20220227:1110,192.09,43.49,10.13,6.48,0.0
20220227:1210,58.09,42.1,10.18,6.97,0.0
20220227:1310,102.13,36.93,10.07,7.17,0.0
20220227:1410,211.04,28.96,9.91,7.03,0.0
20220227:1510,214.31,19.18,9.69,6.69,0.0
20220227:1610,29.05,8.3,9.24,6.41,0.0
20220227:1710,0.0,0.0,8.68,5.86,0.0
20220227:1810,0.0,0.0,8.23,5.24,0.0
20220227:1910,0.0,0.0,8.33,5.24,0.0
20220227:2010,0.0,0.0,8.18,4.9,0.0
20220227:2110,0.0,0.0,8.06,4.76,0.0
20220227:2210,0.0,0.0,8.03,4.48,0.0
20220227:2310,0.0,0.0,8.01,4.34,0.0
20220228:0010,0.0,0.0,7.96,4.62,0.0
20220228:0110,0.0,0.0,8.19,4.76,0.0
20220228:0210,0.0,0.0,8.21,4.41,0.0
20220228:0310,0.0,0.0,8.02,3.93,0.0
20220228:0410,0.0,0.0,7.89,3.52,0.0
20220228:0510,0.0,0.0,7.68,3.24,0.0
20220228:0610,57.84,4.81,7.5,3.03,0.0
20220228:0710,69.34,15.96,7.82,3.31,0.0
20220228:0810,247.56,26.2,8.4,3.45,0.0
20220228:0910,419.75,34.9,9.48,3.79,0.0
20220228:1010,499.51,41.14,10.11,3.72,0.0
20220228:1110,98.39,43.87,10.16,3.31,0.0
20220228:1210,227.08,42.46,10.32,3.17,0.0
20220228:1310,478.49,37.25,10.61,2.9,0.0
20220228:1410,442.63,29.24,10.6,3.03,0.0
20220228:1510,351.2,19.42,10.4,3.31,0.0
20220228:1610,149.01,8.51,9.95,3.38,0.0
20220228:1710,0.0,0.0,9.39,3.1,0.0
20220228:1810,0.0,0.0,8.96,2.83,0.0
20220228:1910,0.0,0.0,8.59,2.07,0.0
20220228:2010,0.0,0.0,7.93,2.28,0.0
20220228:2110,0.0,0.0,7.33,2.28,0.0
20220228:2210,0.0,0.0,6.78,2.07,0.0
20220228:2310,0.0,0.0,6.92,1.52,0.0
20220301:0010,0.0,0.0,7.73,1.24,0.0
20220301:0110,0.0,0.0,8.2,1.1,0.0
20220301:0210,0.0,0.0,7.97,1.17,0.0
20220301:0310,0.0,0.0,6.41,1.52,0.0
20220301:0410,0.0,0.0,5.02,2.07,0.0
20220301:0510,0.0,0.0,5.1,2.21,0.0
20220301:0610,52.02,5.09,4.99,1.93,0.0
20220301:0710,75.9,16.25,6.39,1.45,0.0
20220301:0810,121.81,26.52,8.92,2.28,0.0
20220301:0910,516.21,35.24,9.74,3.38,0.0
20220301:1010,524.22,41.51,9.75,4.28,0.0
20220301:1110,60.91,44.25,9.22,4.48,0.0
20220301:1210,59.03,42.82,8.96,4.28,0.0
20220301:1310,55.28,37.56,8.74,4.97,0.0
20220301:1410,54.35,29.51,7.81,6.0,0.0
20220301:1510,41.23,19.66,7.17,6.0,0.0
20220301:1610,47.04,8.72,7.02,5.52,0.0
20220301:1710,0.0,0.0,6.71,5.59,0.0
20220301:1810,0.0,0.0,6.61,6.0,0.0
20220301:1910,0.0,0.0,6.66,6.48,0.0
20220301:2010,0.0,0.0,6.81,6.34,0.0
20220301:2110,0.0,0.0,6.89,6.07,0.0
20220301:2210,0.0,0.0,6.78,5.52,0.0
20220301:2310,0.0,0.0,6.77,4.69,0.0
20220302:0010,0.0,0.0,6.84,4.21,0.0
20220302:0110,0.0,0.0,6.94,3.86,0.0
20220302:0210,0.0,0.0,6.99,3.45,0.0
20220302:0310,0.0,0.0,6.91,3.17,0.0
20220302:0410,0.0,0.0,6.82,3.52,0.0
20220302:0510,0.0,0.0,6.79,3.59,0.0
20220302:0610,27.82,5.37,6.73,3.45,0.0
20220302:0710,192.3,16.55,7.26,3.45,0.0
20220302:0810,98.39,26.84,8.02,4.41,0.0
20220302:0910,79.65,35.59,8.62,4.62,0.0
20220302:1010,135.87,41.89,8.65,4.55,0.0
20220302:1110,126.5,44.63,8.98,4.28,0.0
20220302:1210,542.0,43.18,9.08,3.66,0.0
20220302:1310,523.32,37.88,9.45,3.45,0.0
20220302:1410,243.16,29.78,9.39,2.97,0.0
20220302:1510,178.02,19.89,9.31,2.76,0.0
20220302:1610,156.5,8.94,9.07,2.34,0.0
20220302:1710,0.0,0.0,8.74,1.93,0.0
20220302:1810,0.0,0.0,8.17,1.59,0.0
20220302:1910,0.0,0.0,6.75,1.59,0.0
20220302:2010,0.0,0.0,6.06,1.59,0.0
20220302:2110,0.0,0.0,5.87,1.52,0.0
20220302:2210,0.0,0.0,6.16,1.45,0.0
20220302:2310,0.0,0.0,5.56,1.52,0.0
20220303:0010,0.0,0.0,4.58,1.72,0.0
20220303:0110,0.0,0.0,4.69,1.66,0.0
20220303:0210,0.0,0.0,4.58,1.59,0.0
20220303:0310,0.0,0.0,4.95,1.45,0.0
20220303:0410,0.0,0.0,4.87,1.38,0.0
20220303:0510,0.0,0.0,4.22,1.59,0.0
20220303:0610,107.87,5.65,3.98,1.66,0.0
20220303:0710,110.35,16.85,5.66,1.31,0.0
20220303:0810,477.82,27.16,8.68,1.52,0.0
20220303:0910,782.55,35.95,9.52,1.79,0.0
20220303:1010,917.33,42.27,10.51,1.79,0.0
20220303:1110,982.04,45.02,11.39,1.79,0.0
20220303:1210,245.46,43.54,12.11,1.31,0.0
20220303:1310,89.02,38.2,12.13,0.76,0.0
20220303:1410,206.47,30.06,11.82,1.1,0.0
20220303:1510,59.97,20.13,11.4,1.31,0.0
20220303:1610,88.93,9.15,10.98,1.1,0.0
20220303:1710,0.0,0.0,10.55,1.17,0.0
20220303:1810,0.0,0.0,9.79,1.31,0.0
20220303:1910,0.0,0.0,8.93,1.17,0.0
20220303:2010,0.0,0.0,8.33,1.31,0.0
20220303:2110,0.0,0.0,8.29,1.72,0.0
20220303:2210,0.0,0.0,8.57,2.14,0.0
20220303:2310,0.0,0.0,8.51,2.28,0.0
20220304:0010,0.0,0.0,8.14,2.21,0.0
20220304:0110,0.0,0.0,7.88,2.28,0.0
20220304:0210,0.0,0.0,7.39,2.21,0.0
20220304:0310,0.0,0.0,7.33,1.93,0.0
20220304:0410,0.0,0.0,6.67,1.79,0.0
20220304:0510,0.0,0.0,6.1,1.72,0.0
20220304:0610,111.11,5.93,5.56,1.79,0.0
20220304:0710,365.02,17.15,7.78,1.59,0.0
20220304:0810,590.91,27.49,10.71,1.86,0.0
20220304:0910,802.86,36.3,11.45,2.28,0.0
20220304:1010,971.93,42.65,12.12,2.21,0.0
20220304:1110,1035.62,45.4,12.51,2.21,0.0
20220304:1210,1023.47,43.9,12.74,2.28,0.0
20220304:1310,795.18,38.52,12.77,2.55,0.0
20220304:1410,654.28,30.33,12.44,2.55,0.0
20220304:1510,349.95,20.37,12.01,2.34,0.0
20220304:1610,103.25,9.36,11.42,1.72,0.0
20220304:1710,0.0,0.0,10.84,1.17,0.0
20220304:1810,0.0,0.0,10.06,0.76,0.0
20220304:1910,0.0,0.0,9.43,1.1,0.0
20220304:2010,0.0,0.0,8.87,1.31,0.0
20220304:2110,0.0,0.0,8.22,1.45,0.0
20220304:2210,0.0,0.0,7.42,1.79,0.0
20220304:2310,0.0,0.0,7.36,2.0,0.0
20220305:0010,0.0,0.0,7.25,2.28,0.0
20220305:0110,0.0,0.0,7.58,2.62,0.0
20220305:0210,0.0,0.0,8.42,2.9,0.0
20220305:0310,0.0,0.0,8.65,2.97,0.0
20220305:0410,0.0,0.0,8.8,2.97,0.0
20220305:0510,0.0,0.0,8.66,3.31,0.0
20220305:0610,91.57,6.22,8.8,3.24,0.0
20220305:0710,149.72,17.45,9.48,3.24,0.0
20220305:0810,202.64,27.81,10.27,3.79,0.0
20220305:0910,741.26,36.66,10.88,4.21,0.0
20220305:1010,633.19,43.03,11.26,4.69,0.0
20220305:1110,967.31,45.79,11.36,5.1,0.0
20220305:1210,596.55,44.26,11.43,5.66,0.0
20220305:1310,789.42,38.83,11.3,6.14,0.0
20220305:1410,397.74,30.6,10.79,6.14,0.0
20220305:1510,52.47,20.6,10.18,5.86,0.0
20220305:1610,63.4,9.57,9.33,5.38,0.0
20220305:1710,0.0,0.0,8.37,4.69,0.0
20220305:1810,0.0,0.0,7.51,3.93,0.0
20220305:1910,0.0,0.0,8.24,3.79,0.0
20220305:2010,0.0,0.0,8.15,4.0,0.0
20220305:2110,0.0,0.0,8.13,4.07,0.0
20220305:2210,0.0,0.0,8.16,4.28,0.0
20220305:2310,0.0,0.0,8.05,4.34,0.0
20220306:0010,0.0,0.0,7.9,4.41,0.0
20220306:0110,0.0,0.0,7.78,4.34,0.0
20220306:0210,0.0,0.0,7.8,4.34,0.0
20220306:0310,0.0,0.0,7.84,4.41,0.0
20220306:0410,0.0,0.0,7.99,4.62,0.0
20220306:0510,0.0,0.0,7.95,4.76,0.0
20220306:0610,36.45,6.51,7.75,4.55,0.0
20220306:0710,141.15,17.76,8.28,4.0,0.0
20220306:0810,511.94,28.14,9.05,4.9,0.0
20220306:0910,751.67,37.02,9.81,5.24,0.0
20220306:1010,937.88,43.42,10.28,5.31,0.0
20220306:1110,1056.8,46.18,10.59,5.17,0.0
20220306:1210,795.84,44.62,10.88,5.17,0.0
20220306:1310,561.99,39.15,10.74,5.03,0.0
20220306:1410,523.43,30.87,10.46,4.83,0.0
20220306:1510,123.76,20.83,10.15,4.41,0.0
20220306:1610,42.17,9.78,9.63,3.93,0.0
20220306:1710,0.0,0.0,9.06,3.24,0.0
20220306:1810,0.0,0.0,8.54,2.76,0.0
20220306:1910,0.0,0.0,8.59,2.76,0.0
20220306:2010,0.0,0.0,8.39,2.48,0.0
20220306:2110,0.0,0.0,8.01,2.34,0.0
20220306:2210,0.0,0.0,7.78,2.34,0.0
20220306:2310,0.0,0.0,7.39,2.48,0.0
20220307:0010,0.0,0.0,6.98,2.62,0.0
20220307:0110,0.0,0.0,6.7,2.76,0.0
20220307:0210,0.0,0.0,6.47,2.83,0.0
20220307:0310,0.0,0.0,6.26,2.69,0.0
20220307:0410,0.0,0.0,5.9,2.48,0.0
20220307:0510,0.0,0.0,5.23,2.28,0.0
20220307:0610,126.74,6.8,4.77,2.14,0.0
20220307:0710,379.2,18.06,7.36,2.07,0.0
20220307:0810,632.95,28.47,8.97,2.69,0.0
20220307:0910,850.17,37.38,9.68,3.03,0.0
20220307:1010,837.16,43.8,10.5,3.59,0.0
20220307:1110,1032.83,46.57,10.7,3.79,0.0
20220307:1210,730.18,44.98,10.91,4.14,0.0
20220307:1310,866.07,39.46,10.71,4.21,0.0
20220307:1410,625.18,31.13,10.29,4.07,0.0
20220307:1510,366.92,21.06,9.79,3.79,0.0
20220307:1610,131.95,9.99,9.24,3.38,0.0
20220307:1710,0.0,0.0,8.67,2.83,0.0
20220307:1810,0.0,0.0,8.17,2.41,0.0
20220307:1910,0.0,0.0,8.14,2.28,0.0
20220307:2010,0.0,0.0,7.63,2.21,0.0
20220307:2110,0.0,0.0,7.18,2.21,0.0
20220307:2210,0.0,0.0,6.51,2.14,0.0
20220307:2310,0.0,0.0,6.06,2.21,0.0
20220308:0010,0.0,0.0,5.92,2.48,0.0
20220308:0110,0.0,0.0,6.2,2.83,0.0
20220308:0210,0.0,0.0,6.34,2.9,0.0
20220308:0310,0.0,0.0,6.59,3.03,0.0
20220308:0410,0.0,0.0,6.78,3.38,0.0
20220308:0510,0.0,0.0,6.89,3.66,0.0
20220308:0610,103.14,7.09,7.05,3.79,0.0
20220308:0710,395.23,18.37,7.81,4.07,0.0
20220308:0810,470.78,28.81,8.68,4.83,0.0
20220308:0910,116.19,37.74,9.31,4.83,0.0
20220308:1010,821.91,44.19,9.67,4.48,0.0
20220308:1110,872.82,46.96,9.96,4.55,0.0
20220308:1210,735.56,45.35,10.06,4.9,0.0
20220308:1310,882.88,39.78,9.97,5.24,0.0
20220308:1410,608.95,31.4,9.94,5.93,0.0
20220308:1510,447.89,21.29,9.52,6.55,0.0
20220308:1610,151.27,10.19,8.56,6.21,0.0
20220308:1710,0.0,0.0,7.23,5.31,0.0
20220308:1810,0.0,0.0,6.55,5.31,0.0
20220308:1910,0.0,0.0,6.68,4.83,0.0
20220308:2010,0.0,0.0,6.68,4.83,0.0
20220308:2110,0.0,0.0,6.71,4.83,0.0
20220308:2210,0.0,0.0,6.63,5.24,0.0
20220308:2310,0.0,0.0,6.58,5.31,0.0
20220309:0010,0.0,0.0,6.4,5.17,0.0
20220309:0110,0.0,0.0,6.33,5.17,0.0
20220309:0210,0.0,0.0,6.28,5.17,0.0
20220309:0310,0.0,0.0,6.16,5.1,0.0
20220309:0410,0.0,0.0,6.11,5.1,0.0
20220309:0510,0.0,0.0,6.27,5.24,0.0
20220309:0610,28.11,7.39,6.3,5.45,0.0
20220309:0710,114.46,18.68,7.09,5.93,0.0
20220309:0810,79.65,29.14,7.74,6.76,0.0
20220309:0910,370.56,38.11,8.23,6.76,0.0
20220309:1010,268.69,44.58,8.57,6.41,0.0
20220309:1110,387.88,47.36,8.91,6.07,0.0
20220309:1210,275.14,45.71,9.27,5.86,0.0
20220309:1310,189.28,40.09,9.22,5.59,0.0
20220309:1410,153.67,31.67,9.26,5.45,0.0
20220309:1510,154.2,21.52,9.15,5.31,0.0
20220309:1610,68.24,10.4,8.84,5.03,0.0
20220309:1710,0.0,0.0,8.56,4.34,0.0
20220309:1810,0.0,0.0,8.35,3.93,0.0
20220309:1910,0.0,0.0,7.86,3.93,0.0
20220309:2010,0.0,0.0,7.78,3.72,0.0
20220309:2110,0.0,0.0,7.67,3.38,0.0
20220309:2210,0.0,0.0,7.32,2.83,0.0
20220309:2310,0.0,0.0,6.8,2.55,0.0
20220310:0010,0.0,0.0,5.93,2.21,0.0
20220310:0110,0.0,0.0,5.45,2.0,0.0
20220310:0210,0.0,0.0,5.26,1.86,0.0
20220310:0310,0.0,0.0,5.36,1.79,0.0
20220310:0410,0.0,0.0,5.63,1.72,0.0
20220310:0510,0.0,0.0,6.19,1.59,0.0
20220310:0610,147.03,7.68,6.58,1.38,0.0
20220310:0710,400.85,19.0,7.08,1.93,0.0
20220310:0810,666.27,29.48,9.74,2.34,0.0
20220310:0910,885.27,38.47,10.57,2.62,0.0
20220310:1010,1014.36,44.97,11.28,2.69,0.0
20220310:1110,1093.77,47.75,11.84,2.76,0.0
20220310:1210,1019.48,46.07,12.15,2.9,0.0
20220310:1310,880.85,40.4,12.31,3.1,0.0
20220310:1410,694.8,31.93,12.25,3.24,0.0
20220310:1510,451.12,21.75,11.84,3.31,0.0
20220310:1610,197.94,10.6,11.26,3.1,0.0
20220310:1710,0.0,0.0,10.51,2.48,0.0
20220310:1810,0.0,0.0,9.8,1.79,0.0
20220310:1910,0.0,0.0,8.65,1.86,0.0
20220310:2010,0.0,0.0,8.45,1.17,0.0
20220310:2110,0.0,0.0,9.49,0.55,0.0
20220310:2210,0.0,0.0,9.3,0.21,0.0
20220310:2310,0.0,0.0,9.01,0.34,0.0
20220311:0010,0.0,0.0,8.74,0.28,0.0
20220311:0110,0.0,0.0,8.54,0.55,0.0
20220311:0210,0.0,0.0,8.36,0.97,0.0
20220311:0310,0.0,0.0,6.68,1.45,0.0
20220311:0410,0.0,0.0,5.06,1.79,0.0
20220311:0510,0.0,0.0,4.56,2.0,0.0
20220311:0610,147.5,7.98,4.67,2.0,0.0
20220311:0710,355.32,19.31,7.26,1.72,0.0
20220311:0810,587.74,29.81,10.13,1.86,0.0
20220311:0910,618.6,38.84,11.23,1.79,0.0
20220311:1010,960.59,45.36,11.98,2.0,0.0
20220311:1110,1083.08,48.15,12.49,2.76,0.0
20220311:1210,964.33,46.44,12.71,3.31,0.0
20220311:1310,897.31,40.71,12.64,3.72,0.0
20220311:1410,694.24,32.19,12.39,3.79,0.0
20220311:1510,447.94,21.98,12.04,3.86,0.0
20220311:1610,191.84,10.81,11.39,4.28,0.0
20220311:1710,0.0,0.0,10.54,3.86,0.0
20220311:1810,0.0,0.0,9.84,3.45,0.0
20220311:1910,0.0,0.0,9.39,3.17,0.0
20220311:2010,0.0,0.0,9.02,2.97,0.0
20220311:2110,0.0,0.0,8.66,2.83,0.0
20220311:2210,0.0,0.0,8.23,2.48,0.0
20220311:2310,0.0,0.0,7.66,2.07,0.0
20220312:0010,0.0,0.0,7.15,1.79,0.0
20220312:0110,0.0,0.0,6.51,1.93,0.0
20220312:0210,0.0,0.0,6.43,2.0,0.0
20220312:0310,0.0,0.0,6.51,2.14,0.0
20220312:0410,0.0,0.0,6.95,2.34,0.0
20220312:0510,0.0,0.0,7.19,2.48,0.0
20220312:0610,73.54,8.28,7.46,2.62,0.0
20220312:0710,391.92,19.62,9.1,2.48,0.0
20220312:0810,621.74,30.15,10.73,2.55,0.0
20220312:0910,718.02,39.21,11.67,2.34,0.0
20220312:1010,387.12,45.76,12.47,2.83,0.0
20220312:1110,464.19,48.54,12.94,2.97,0.0
20220312:1210,246.55,46.8,13.03,3.38,0.0
20220312:1310,173.35,41.02,12.62,3.66,0.0
20220312:1410,138.68,32.45,12.04,3.52,0.0
20220312:1510,59.97,22.2,11.63,3.38,0.0
20220312:1610,26.24,11.01,11.38,3.03,0.0
20220312:1710,0.0,0.0,11.24,2.9,0.0
20220312:1810,0.0,0.0,10.74,3.66,0.0
20220312:1910,0.0,0.0,10.24,3.79,0.0
20220312:2010,0.0,0.0,9.67,3.93,0.0
20220312:2110,0.0,0.0,9.2,4.07,0.0
20220312:2210,0.0,0.0,8.73,4.0,0.0
20220312:2310,0.0,0.0,8.34,4.0,0.0
20220313:0010,0.0,0.0,8.27,4.07,0.0
20220313:0110,0.0,0.0,8.03,4.14,0.0
20220313:0210,0.0,0.0,7.88,4.28,0.0
20220313:0310,0.0,0.0,7.76,4.48,0.0
20220313:0410,0.0,0.0,7.67,4.62,0.0
20220313:0510,0.0,0.0,7.65,4.76,0.0
20220313:0610,8.43,8.59,7.71,4.83,0.0
20220313:0710,54.35,19.94,7.7,4.55,0.0
20220313:0810,119.0,30.49,8.12,4.69,0.0
20220313:0910,229.0,39.58,8.71,4.83,0.0
20220313:1010,412.61,46.15,9.48,5.17,0.0
20220313:1110,172.41,48.94,10.29,5.24,0.0
20220313:1210,287.25,47.16,10.47,4.97,0.0
20220313:1310,374.42,41.33,10.78,5.1,0.0
20220313:1410,531.02,32.71,11.28,5.17,0.0
20220313:1510,128.07,22.43,11.45,4.83,0.0
20220313:1610,80.59,11.21,11.27,3.93,0.0
20220313:1710,0.0,0.0,10.83,3.17,0.0
20220313:1810,0.0,0.0,10.31,2.97,0.0
20220313:1910,0.0,0.0,10.05,2.62,0.0
20220313:2010,0.0,0.0,9.54,2.62,0.0
20220313:2110,0.0,0.0,9.22,2.62,0.0
20220313:2210,0.0,0.0,8.79,2.55,0.0
20220313:2310,0.0,0.0,8.39,2.28,0.0
20220314:0010,0.0,0.0,7.97,2.07,0.0
20220314:0110,0.0,0.0,7.81,1.86,0.0
20220314:0210,0.0,0.0,7.76,1.66,0.0
20220314:0310,0.0,0.0,7.36,1.66,0.0
20220314:0410,0.0,0.0,6.96,1.72,0.0
20220314:0510,0.0,0.0,6.52,1.79,0.0
20220314:0610,157.74,8.89,6.58,1.93,0.0
20220314:0710,394.35,20.26,9.93,1.45,0.0
20220314:0810,660.36,30.83,12.13,1.66,0.0
20220314:0910,862.84,39.95,13.1,1.79,0.0
20220314:1010,1017.07,46.55,13.96,2.41,0.0
20220314:1110,1065.61,49.33,14.55,3.1,0.0
20220314:1210,975.64,47.52,14.49,3.59,0.0
20220314:1310,852.49,41.64,14.25,3.79,0.0
20220314:1410,670.81,32.97,13.77,3.79,0.0
20220314:1510,453.85,22.65,13.48,3.59,0.0
20220314:1610,190.15,11.41,13.03,3.24,0.0
20220314:1710,0.0,0.0,12.48,2.69,0.0
20220314:1810,0.0,0.0,12.02,2.34,0.0
20220314:1910,0.0,0.0,11.47,1.72,0.0
20220314:2010,0.0,0.0,10.59,1.52,0.0
20220314:2110,0.0,0.0,9.84,2.07,0.0
20220314:2210,0.0,0.0,9.49,2.41,0.0
20220314:2310,0.0,0.0,9.17,2.48,0.0
20220315:0010,0.0,0.0,8.73,2.62,0.0
20220315:0110,0.0,0.0,8.28,2.69,0.0
20220315:0210,0.0,0.0,7.95,2.76,0.0
20220315:0310,0.0,0.0,7.67,2.62,0.0
20220315:0410,0.0,0.0,7.37,2.62,0.0
20220315:0510,0.0,0.0,7.09,2.55,0.0
20220315:0610,163.99,9.19,7.11,2.55,0.0
20220315:0710,430.03,20.58,9.86,2.0,0.0
20220315:0810,641.95,31.18,12.17,1.93,0.0
20220315:0910,758.82,40.32,13.43,2.0,0.0
20220315:1010,822.61,46.94,14.41,2.14,0.0
20220315:1110,923.45,49.73,15.14,2.21,0.0
20220315:1210,750.17,47.88,15.61,2.14,0.0
20220315:1310,743.0,41.95,15.66,2.41,0.0
20220315:1410,529.48,33.23,15.57,2.55,0.0
20220315:1510,200.25,22.87,15.15,2.55,0.0
20220315:1610,160.62,11.61,14.45,2.48,0.0
20220315:1710,0.0,0.0,13.52,2.07,0.0
20220315:1810,0.0,0.0,12.62,1.86,0.0
20220315:1910,0.0,0.0,11.69,2.28,0.0
20220315:2010,0.0,0.0,11.11,2.34,0.0
20220315:2110,0.0,0.0,10.52,2.28,0.0
20220315:2210,0.0,0.0,9.93,2.28,0.0
20220315:2310,0.0,0.0,9.41,2.34,0.0
20220316:0010,0.0,0.0,8.86,2.41,0.0
20220316:0110,0.0,0.0,8.38,2.48,0.0
20220316:0210,0.0,0.0,8.25,2.62,0.0
20220316:0310,0.0,0.0,8.11,2.76,0.0
20220316:0410,0.0,0.0,7.86,2.48,0.0
20220316:0510,0.0,0.0,7.73,2.07,0.0
20220316:0610,139.35,9.5,7.75,1.93,0.0
20220316:0710,347.07,20.9,10.27,1.86,0.0
20220316:0810,470.09,31.52,12.17,2.0,0.0
20220316:0910,587.7,40.69,13.4,2.21,0.0
20220316:1010,735.28,47.34,14.43,2.0,0.0
20220316:1110,763.35,50.13,15.11,1.93,0.0
20220316:1210,692.69,48.24,15.48,2.48,0.0
20220316:1310,572.11,42.25,15.5,3.03,0.0
20220316:1410,428.28,33.48,15.11,3.38,0.0
20220316:1510,317.84,23.09,14.6,3.24,0.0
20220316:1610,74.57,11.8,13.93,3.03,0.0
20220316:1710,0.0,0.0,13.14,2.83,0.0
20220316:1810,0.0,0.0,12.38,2.41,0.0
20220316:1910,0.0,0.0,11.76,2.62,0.0
20220316:2010,0.0,0.0,11.31,2.76,0.0
20220316:2110,0.0,0.0,10.91,2.69,0.0
20220316:2210,0.0,0.0,10.59,2.62,0.0
20220316:2310,0.0,0.0,10.3,2.55,0.0
20220317:0010,0.0,0.0,10.0,2.28,0.0
20220317:0110,0.0,0.0,9.66,2.07,0.0
20220317:0210,0.0,0.0,9.31,2.14,0.0
20220317:0310,0.0,0.0,8.87,2.21,0.0
20220317:0410,0.0,0.0,8.61,2.0,0.0
20220317:0510,0.0,0.0,8.11,1.72,0.0
20220317:0610,169.96,9.8,8.21,1.79,0.0
20220317:0710,288.15,21.22,11.07,2.0,0.0
20220317:0810,383.83,31.86,13.1,1.66,0.0
20220317:0910,863.64,41.06,14.27,1.1,0.0
20220317:1010,772.46,47.74,15.14,0.9,0.0
20220317:1110,824.65,50.53,15.82,1.72,0.0
20220317:1210,312.5,48.6,16.02,2.0,0.0
20220317:1310,665.1,42.56,16.11,2.21,0.0
20220317:1410,65.59,33.74,15.71,2.97,0.0
20220317:1510,94.64,23.3,14.77,3.66,0.0
20220317:1610,165.05,12.0,13.73,3.79,0.0
20220317:1710,0.0,0.0,13.22,2.83,0.0
20220317:1810,0.0,0.0,12.75,2.07,0.0
20220317:1910,0.0,0.0,12.47,1.79,0.0
20220317:2010,0.0,0.0,11.75,2.07,0.0
20220317:2110,0.0,0.0,10.79,2.14,0.0
20220317:2210,0.0,0.0,10.11,2.28,0.0
20220317:2310,0.0,0.0,9.75,2.41,0.0
20220318:0010,0.0,0.0,9.38,2.14,0.0
20220318:0110,0.0,0.0,8.48,1.86,0.0
20220318:0210,0.0,0.0,8.57,2.14,0.0
20220318:0310,0.0,0.0,9.08,2.28,0.0
20220318:0410,0.0,0.0,8.81,2.48,0.0
20220318:0510,0.0,0.0,8.87,2.62,0.0
20220318:0610,134.06,10.11,8.96,2.34,0.0
20220318:0710,356.96,21.54,11.66,2.28,0.0
20220318:0810,594.99,32.2,13.29,3.1,0.0
20220318:0910,820.17,41.43,14.25,3.38,0.0
20220318:1010,848.84,48.14,15.21,3.31,0.0
20220318:1110,790.55,50.92,15.81,3.52,0.0
20220318:1210,476.77,48.96,15.83,3.59,0.0
20220318:1310,693.3,42.86,15.52,3.52,0.0
20220318:1410,357.88,33.99,15.26,3.45,0.0
20220318:1510,293.66,23.52,14.78,3.17,0.0
20220318:1610,112.38,12.19,14.36,2.76,0.0
20220318:1710,0.0,0.0,13.72,2.41,0.0
20220318:1810,0.0,0.0,13.05,2.21,0.0
20220318:1910,0.0,0.0,12.81,2.55,0.0
20220318:2010,0.0,0.0,12.46,2.28,0.0
20220318:2110,0.0,0.0,12.08,1.72,0.0
20220318:2210,0.0,0.0,11.83,1.66,0.0
20220318:2310,0.0,0.0,11.53,1.72,0.0
20220319:0010,0.0,0.0,11.59,2.0,0.0
20220319:0110,0.0,0.0,11.3,2.76,0.0
20220319:0210,0.0,0.0,11.16,3.17,0.0
20220319:0310,0.0,0.0,11.05,3.24,0.0
20220319:0410,0.0,0.0,11.0,3.38,0.0
20220319:0510,0.0,0.0,11.0,3.45,0.0
20220319:0610,56.51,10.42,11.12,3.66,0.0
20220319:0710,132.96,21.86,11.71,3.72,0.0
20220319:0810,273.18,32.55,12.55,4.34,0.0
20220319:0910,298.04,41.8,12.88,4.9,0.0
20220319:1010,260.08,48.54,13.2,5.03,0.0
20220319:1110,163.04,51.32,13.35,5.17,0.0
20220319:1210,119.94,49.32,13.47,4.97,0.0
20220319:1310,96.51,43.16,13.2,5.24,0.0
20220319:1410,95.57,34.24,12.44,5.52,0.0
20220319:1510,87.14,23.73,12.01,5.45,0.0
20220319:1610,46.85,12.39,11.54,5.31,0.0
20220319:1710,0.0,0.0,10.96,4.83,0.0
20220319:1810,0.0,0.0,10.52,4.55,0.0
20220319:1910,0.0,0.0,10.28,3.59,0.0
20220319:2010,0.0,0.0,10.0,3.38,0.0
20220319:2110,0.0,0.0,9.64,3.03,0.0
20220319:2210,0.0,0.0,9.37,2.9,0.0
20220319:2310,0.0,0.0,9.1,2.76,0.0
20220320:0010,0.0,0.0,9.03,2.69,0.0
20220320:0110,0.0,0.0,8.95,2.48,0.0
20220320:0210,0.0,0.0,8.87,2.41,0.0
20220320:0310,0.0,0.0,8.72,2.28,0.0
20220320:0410,0.0,0.0,8.53,2.28,0.0
20220320:0510,0.0,0.0,8.36,2.21,0.0
20220320:0610,44.04,10.73,8.39,2.0,0.0
20220320:0710,85.27,22.18,9.83,2.48,0.0
20220320:0810,199.31,32.89,10.52,2.41,0.0
20220320:0910,279.71,42.18,10.84,2.55,0.0
20220320:1010,320.93,48.93,11.19,2.41,0.0
20220320:1110,360.53,51.72,11.35,2.21,0.0
20220320:1210,644.83,49.68,11.1,2.21,0.0
20220320:1310,716.2,43.46,11.16,2.34,0.0
20220320:1410,545.55,34.48,11.08,2.48,0.0
20220320:1510,187.95,23.94,10.7,2.55,0.0
20220320:1610,116.24,12.58,10.05,2.14,0.0
20220320:1710,0.0,0.0,9.76,1.72,0.0
20220320:1810,0.0,0.0,9.21,1.1,0.0
20220320:1910,0.0,0.0,8.37,1.79,0.0
20220320:2010,0.0,0.0,7.66,1.66,0.0
20220320:2110,0.0,0.0,7.29,1.79,0.0
20220320:2210,0.0,0.0,6.68,1.86,0.0
20220320:2310,0.0,0.0,6.37,1.86,0.0
20220321:0010,0.0,0.0,7.15,1.86,0.0
20220321:0110,0.0,0.0,6.54,1.72,0.0
20220321:0210,0.0,0.0,6.61,1.31,0.0
20220321:0310,0.0,0.0,7.28,1.03,0.0
20220321:0410,0.0,0.0,7.19,0.97,0.0
20220321:0510,0.0,0.0,7.33,0.9,0.0
20220321:0610,183.43,11.04,7.47,0.76,0.0
20220321:0710,447.71,22.5,8.61,0.28,0.0
20220321:0810,633.29,33.23,9.44,1.52,0.0
20220321:0910,634.07,42.55,9.72,2.83,0.0
20220321:1010,561.08,49.33,9.7,3.1,0.0
20220321:1110,692.0,52.12,10.08,3.17,0.0
20220321:1210,811.33,50.03,9.76,3.31,0.0
20220321:1310,498.69,43.75,9.85,3.45,0.0
20220321:1410,574.11,34.73,9.88,3.79,0.0
20220321:1510,402.08,24.16,9.62,3.72,0.0
20220321:1610,146.16,12.77,9.31,3.66,0.0
20220321:1710,0.0,0.0,8.83,3.38,0.0
20220321:1810,0.0,0.0,8.44,3.03,0.0
20220321:1910,0.0,0.0,8.61,3.45,0.0
20220321:2010,0.0,0.0,8.44,2.97,0.0
20220321:2110,0.0,0.0,8.12,2.55,0.0
20220321:2210,0.0,0.0,7.54,2.28,0.0
20220321:2310,0.0,0.0,6.72,2.07,0.0
20220322:0010,0.0,0.0,5.99,1.72,0.0
20220322:0110,0.0,0.0,6.11,1.45,0.0
20220322:0210,0.0,0.0,6.28,1.31,0.0
20220322:0310,0.0,0.0,6.27,1.31,0.0
20220322:0410,0.0,0.0,6.4,1.31,0.0
20220322:0510,0.0,0.0,5.98,1.38,0.0
20220322:0610,114.08,11.34,5.24,1.52,0.0
20220322:0710,449.01,22.82,8.69,2.21,0.0
20220322:0810,691.9,33.57,9.69,2.83,0.0
20220322:0910,859.69,42.92,10.25,3.24,0.0
20220322:1010,995.35,49.73,10.65,3.52,0.0
20220322:1110,1002.09,52.51,10.85,3.59,0.0
20220322:1210,983.96,50.39,10.87,3.45,0.0
20220322:1310,901.87,44.05,10.83,3.31,0.0
20220322:1410,664.54,34.97,10.74,3.38,0.0
20220322:1510,436.01,24.36,10.43,3.03,0.0
20220322:1610,204.21,12.96,9.97,2.55,0.0
20220322:1710,0.0,0.0,9.46,1.86,0.0
20220322:1810,0.0,0.0,8.65,1.45,0.0
20220322:1910,0.0,0.0,7.6,1.24,0.0
20220322:2010,0.0,0.0,8.94,0.83,0.0
20220322:2110,0.0,0.0,8.74,0.62,0.0
20220322:2210,0.0,0.0,8.61,0.69,0.0
20220322:2310,0.0,0.0,8.54,0.69,0.0
20220323:0010,0.0,0.0,8.46,0.55,0.0
20220323:0110,0.0,0.0,8.31,0.41,0.0
20220323:0210,0.0,0.0,8.12,0.69,0.0
20220323:0310,0.0,0.0,7.97,0.83,0.0
20220323:0410,0.0,0.0,7.89,0.83,0.0
20220323:0510,0.0,0.0,7.96,0.83,0.0
20220323:0610,204.59,11.65,8.29,0.83,0.0
20220323:0710,474.93,23.14,9.14,1.03,0.0
20220323:0810,700.45,33.92,11.11,1.93,0.0
20220323:0910,869.55,43.29,11.76,2.48,0.0
20220323:1010,976.75,50.13,12.33,2.62,0.0
20220323:1110,1013.39,52.91,12.76,2.62,0.0
20220323:1210,929.3,50.74,13.07,2.41,0.0
20220323:1310,898.01,44.34,13.21,2.07,0.0
20220323:1410,709.98,35.21,13.19,2.14,0.0
20220323:1510,467.3,24.57,12.98,2.28,0.0
20220323:1610,209.08,13.15,12.42,2.21,0.0
20220323:1710,0.0,0.0,11.64,1.66,0.0
20220323:1810,0.0,0.0,10.36,1.17,0.0
20220323:1910,0.0,0.0,10.84,0.9,0.0
20220323:2010,0.0,0.0,10.72,0.69,0.0
20220323:2110,0.0,0.0,10.35,0.97,0.0
20220323:2210,0.0,0.0,9.95,1.1,0.0
20220323:2310,0.0,0.0,9.55,1.17,0.0
20220324:0010,0.0,0.0,9.36,1.17,0.0
20220324:0110,0.0,0.0,9.18,1.17,0.0
20220324:0210,0.0,0.0,8.34,1.31,0.0
20220324:0310,0.0,0.0,7.26,1.52,0.0
20220324:0410,0.0,0.0,6.67,1.59,0.0
20220324:0510,0.0,0.0,6.29,1.72,0.0
20220324:0610,201.66,11.96,6.52,1.66,0.0
20220324:0710,477.44,23.46,10.38,1.24,0.0
20220324:0810,711.74,34.26,13.15,0.9,0.0
20220324:0910,896.6,43.66,14.1,0.62,0.0
20220324:1010,1039.44,50.53,14.76,0.83,0.0
20220324:1110,1070.62,53.31,15.21,1.38,0.0
20220324:1210,1006.86,51.09,15.47,2.07,0.0
20220324:1310,897.25,44.63,15.49,2.62,0.0
20220324:1410,690.23,35.45,15.12,2.9,0.0
20220324:1510,457.19,24.78,14.67,2.76,0.0
20220324:1610,208.52,13.33,13.9,2.34,0.0
20220324:1710,0.0,0.0,13.01,1.59,0.0
20220324:1810,0.0,0.0,11.7,1.03,0.0
20220324:1910,0.0,0.0,10.83,1.03,0.0
20220324:2010,0.0,0.0,11.33,0.9,0.0
20220324:2110,0.0,0.0,10.94,0.76,0.0
20220324:2210,0.0,0.0,10.53,0.9,0.0
20220324:2310,0.0,0.0,10.12,1.1,0.0
20220325:0010,0.0,0.0,8.77,1.31,0.0
20220325:0110,0.0,0.0,7.71,1.45,0.0
20220325:0210,0.0,0.0,7.06,1.59,0.0
20220325:0310,0.0,0.0,7.25,1.52,0.0
20220325:0410,0.0,0.0,7.57,1.45,0.0
20220325:0510,0.0,0.0,7.11,1.52,0.0
20220325:0610,208.32,12.27,6.91,1.52,0.0
20220325:0710,482.74,23.78,10.81,1.17,0.0
20220325:0810,709.38,34.6,13.08,1.52,0.0
20220325:0910,891.1,44.03,14.04,1.66,0.0
20220325:1010,1006.28,50.92,14.8,1.52,0.0
20220325:1110,1026.32,53.7,15.36,1.52,0.0
20220325:1210,957.38,51.45,15.67,1.93,0.0
20220325:1310,815.91,44.92,15.64,2.55,0.0
20220325:1410,655.38,35.69,15.32,2.76,0.0
20220325:1510,421.95,24.98,14.9,2.69,0.0
20220325:1610,192.27,13.52,14.24,2.62,0.0
20220325:1710,3.56,1.76,13.5,2.34,0.0
20220325:1810,0.0,0.0,12.69,2.14,0.0
20220325:1910,0.0,0.0,11.99,2.28,0.0
20220325:2010,0.0,0.0,11.48,2.41,0.0
20220325:2110,0.0,0.0,11.07,2.41,0.0
20220325:2210,0.0,0.0,10.61,2.34,0.0
20220325:2310,0.0,0.0,9.86,2.28,0.0
20220326:0010,0.0,0.0,9.16,2.28,0.0
20220326:0110,0.0,0.0,8.63,2.28,0.0
20220326:0210,0.0,0.0,8.07,2.21,0.0
20220326:0310,0.0,0.0,7.63,2.28,0.0
20220326:0410,0.0,0.0,7.56,2.41,0.0
20220326:0510,0.0,0.0,7.18,2.28,0.0
20220326:0610,75.67,12.58,7.82,2.07,0.0
20220326:0710,126.92,24.1,11.45,2.55,0.0
20220326:0810,501.54,34.94,13.68,2.28,0.0
20220326:0910,749.79,44.4,14.57,2.14,0.0
20220326:1010,876.14,51.32,15.51,2.41,0.0
20220326:1110,466.34,54.1,16.59,2.48,0.0
20220326:1210,465.79,51.79,17.34,3.03,0.0
20220326:1310,612.53,45.21,17.13,3.66,0.0
20220326:1410,382.31,35.93,16.25,3.72,0.0
20220326:1510,231.09,25.18,15.71,3.93,0.0
20220326:1610,90.68,13.7,15.12,3.79,0.0
20220326:1710,0.89,1.94,14.35,3.38,0.0
20220326:1810,0.0,0.0,13.54,2.9,0.0
20220326:1910,0.0,0.0,13.51,2.83,0.0
20220326:2010,0.0,0.0,13.1,2.97,0.0
20220326:2110,0.0,0.0,12.78,3.03,0.0
20220326:2210,0.0,0.0,12.12,3.1,0.0
20220326:2310,0.0,0.0,11.61,3.24,0.0
20220327:0010,0.0,0.0,11.31,3.31,0.0
20220327:0110,0.0,0.0,11.2,3.45,0.0
20220327:0210,0.0,0.0,11.05,3.59,0.0
20220327:0310,0.0,0.0,11.13,3.72,0.0
20220327:0410,0.0,0.0,11.14,3.93,0.0
20220327:0510,0.0,0.0,11.16,3.86,0.0
20220327:0610,120.78,12.88,11.63,3.66,0.0
20220327:0710,357.91,24.42,13.45,2.97,0.0
20220327:0810,561.09,35.28,15.29,3.52,0.0
20220327:0910,798.0,44.77,16.56,4.28,0.0
20220327:1010,909.05,51.72,17.41,4.28,0.0
20220327:1110,827.74,54.49,18.03,4.21,0.0
20220327:1210,906.82,52.14,18.42,4.07,0.0
20220327:1310,777.97,45.49,18.48,3.93,0.0
20220327:1410,585.72,36.16,17.77,3.86,0.0
20220327:1510,357.23,25.38,16.89,3.72,0.0
20220327:1610,157.87,13.89,16.22,3.17,0.0
20220327:1710,4.45,2.12,15.4,2.62,0.0
20220327:1810,0.0,0.0,14.35,2.21,0.0
20220327:1910,0.0,0.0,13.36,1.38,0.0
20220327:2010,0.0,0.0,12.46,1.31,0.0
20220327:2110,0.0,0.0,11.85,1.03,0.0
20220327:2210,0.0,0.0,11.97,0.9,0.0
20220327:2310,0.0,0.0,11.01,1.1,0.0
20220328:0010,0.0,0.0,11.26,0.9,0.0
20220328:0110,0.0,0.0,11.09,0.83,0.0
20220328:0210,0.0,0.0,11.05,0.83,0.0
20220328:0310,0.0,0.0,10.98,0.9,0.0
20220328:0410,0.0,0.0,10.68,0.97,0.0
20220328:0510,0.0,0.0,9.99,1.17,0.0
20220328:0610,141.82,13.19,9.85,1.24,0.0
20220328:0710,353.09,24.73,13.03,1.31,0.0
20220328:0810,547.26,35.62,14.52,0.97,0.0
20220328:0910,753.16,45.14,15.14,0.9,0.0
20220328:1010,871.38,52.11,15.71,1.38,0.0
20220328:1110,869.89,54.88,15.99,2.14,0.0
20220328:1210,883.73,52.49,15.87,2.55,0.0
20220328:1310,744.6,45.77,14.62,2.14,0.0
20220328:1410,555.01,36.39,14.7,1.59,0.0
20220328:1510,371.91,25.58,14.66,1.45,0.0
20220328:1610,158.86,14.07,14.31,1.59,0.0
20220328:1710,5.34,2.29,13.66,1.17,0.0
20220328:1810,0.0,0.0,12.97,0.69,0.0
20220328:1910,0.0,0.0,12.09,0.41,0.0
20220328:2010,0.0,0.0,12.0,0.34,0.0
20220328:2110,0.0,0.0,11.69,0.48,0.0
20220328:2210,0.0,0.0,11.26,0.76,0.0
20220328:2310,0.0,0.0,10.64,0.97,0.0
20220329:0010,0.0,0.0,10.25,1.1,0.0
20220329:0110,0.0,0.0,9.96,1.1,0.0
20220329:0210,0.0,0.0,9.65,1.17,0.0
20220329:0310,0.0,0.0,8.85,1.38,0.0
20220329:0410,0.0,0.0,8.04,1.66,0.0
20220329:0510,1.87,1.71,8.05,1.86,0.0
20220329:0610,174.15,13.49,9.47,1.93,0.0
20220329:0710,311.37,25.05,11.61,2.07,0.0
20220329:0810,601.67,35.95,12.99,2.21,0.0
20220329:0910,789.63,45.51,14.12,1.66,0.0
20220329:1010,883.37,52.5,15.13,0.83,0.0
20220329:1110,934.22,55.27,15.92,0.83,0.0
20220329:1210,839.13,52.83,16.45,0.9,0.0
20220329:1310,572.11,46.05,16.69,1.52,0.0
20220329:1410,567.89,36.62,16.3,2.69,0.0
20220329:1510,280.32,25.78,15.83,2.55,0.0
20220329:1610,113.81,14.25,15.53,2.34,0.0
20220329:1710,5.34,2.47,14.82,2.28,0.0
20220329:1810,0.0,0.0,13.93,2.28,0.0
20220329:1910,0.0,0.0,13.25,2.55,0.0
20220329:2010,0.0,0.0,12.71,2.69,0.0
20220329:2110,0.0,0.0,12.45,3.03,0.0
20220329:2210,0.0,0.0,12.21,3.17,0.0
20220329:2310,0.0,0.0,11.96,3.45,0.0
20220330:0010,0.0,0.0,11.87,3.93,0.0
20220330:0110,0.0,0.0,12.09,3.86,0.0
20220330:0210,0.0,0.0,12.32,3.52,0.0
20220330:0310,0.0,0.0,12.49,3.86,0.0
20220330:0410,0.0,0.0,12.77,4.62,0.0
20220330:0510,0.94,2.01,12.75,4.62,0.0
20220330:0610,46.85,13.8,13.14,4.69,0.0
20220330:0710,141.68,25.37,14.9,5.45,0.0
20220330:0810,198.9,36.29,16.2,6.34,0.0
20220330:0910,224.34,45.87,17.13,6.9,0.0
20220330:1010,328.75,52.9,17.18,5.52,0.0
20220330:1110,351.54,55.66,17.49,4.41,0.0
20220330:1210,376.19,53.17,18.87,4.07,0.0
20220330:1310,237.8,46.33,19.99,4.41,0.0
20220330:1410,186.8,36.85,20.45,5.03,0.0
20220330:1510,177.62,25.98,20.22,5.03,0.0
20220330:1610,101.98,14.43,19.47,5.45,0.0
20220330:1710,6.23,2.65,18.47,5.17,0.0
20220330:1810,0.0,0.0,17.68,5.59,0.0
20220330:1910,0.0,0.0,17.4,10.14,0.0
20220330:2010,0.0,0.0,16.83,10.07,0.0
20220330:2110,0.0,0.0,16.18,9.1,0.0
20220330:2210,0.0,0.0,15.94,8.07,0.0
20220330:2310,0.0,0.0,16.25,7.72,0.0
20220331:0010,0.0,0.0,16.72,6.9,0.0
20220331:0110,0.0,0.0,17.1,6.0,0.0
20220331:0210,0.0,0.0,17.1,4.48,0.0
20220331:0310,0.0,0.0,16.22,3.66,0.0
20220331:0410,0.0,0.0,15.49,3.52,0.0
20220331:0510,6.94,2.31,15.42,3.86,0.0
20220331:0610,23.43,14.1,15.49,3.72,0.0
20220331:0710,73.09,25.68,16.05,3.86,0.0
20220331:0810,54.35,36.62,16.47,2.97,0.0
20220331:0910,89.02,46.24,17.12,2.69,0.0
20220331:1010,226.76,53.29,17.53,3.03,0.0
20220331:1110,773.46,56.05,17.23,2.62,0.0
20220331:1210,511.85,53.51,17.25,3.03,0.0
20220331:1310,326.19,46.61,17.12,4.0,0.0
20220331:1410,246.9,37.08,17.09,4.14,0.0
20220331:1510,213.01,26.17,16.97,3.93,0.0
20220331:1610,191.47,14.61,16.3,3.38,0.0
20220331:1710,8.01,2.83,15.56,2.83,0.0
20220331:1810,0.0,0.0,14.71,3.03,0.0
20220331:1910,0.0,0.0,13.89,2.21,0.0
20220331:2010,0.0,0.0,13.44,2.76,0.0
20220331:2110,0.0,0.0,13.13,3.24,0.0
20220331:2210,0.0,0.0,12.75,3.45,0.0
20220331:2310,0.0,0.0,12.63,3.93,0.0
20220401:0010,0.0,0.0,12.42,4.48,0.0
20220401:0110,0.0,0.0,12.16,4.76,0.0
20220401:0210,0.0,0.0,11.93,4.62,0.0
20220401:0310,0.0,0.0,11.73,4.41,0.0
20220401:0410,0.0,0.0,11.75,4.62,0.0
20220401:0510,1.87,2.61,11.55,4.9,0.0
20220401:0610,106.55,14.4,11.44,4.9,0.0
20220401:0710,307.26,25.99,12.23,4.55,0.0
20220401:0810,526.95,36.95,13.38,5.66,0.0
20220401:0910,487.94,46.6,13.7,6.69,0.0
20220401:1010,648.69,53.68,13.85,6.76,0.0
20220401:1110,132.12,56.44,14.56,6.69,0.0
20220401:1210,686.34,53.85,15.07,7.03,0.0
20220401:1310,740.51,46.88,15.09,6.76,0.0
20220401:1410,683.47,37.3,14.41,7.03,0.0
20220401:1510,375.65,26.37,14.01,6.34,0.0
20220401:1610,198.77,14.79,13.4,6.0,0.0
20220401:1710,10.68,3.0,12.95,5.45,0.0
20220401:1810,0.0,0.0,12.39,5.24,0.0
20220401:1910,0.0,0.0,12.08,6.14,0.0
20220401:2010,0.0,0.0,12.07,6.41,0.0
20220401:2110,0.0,0.0,11.4,6.97,0.0
20220401:2210,0.0,0.0,10.79,6.97,0.0
20220401:2310,0.0,0.0,10.31,7.03,0.0
20220402:0010,0.0,0.0,9.88,6.83,0.0
20220402:0110,0.0,0.0,9.32,6.21,0.0
20220402:0210,0.0,0.0,8.98,5.86,0.0
20220402:0310,0.0,0.0,8.7,5.52,0.0
20220402:0410,0.0,0.0,8.47,5.03,0.0
20220402:0510,6.56,2.91,8.23,4.9,0.0
20220402:0610,233.43,14.7,8.39,4.62,0.0
20220402:0710,422.02,26.3,9.55,5.31,0.0
20220402:0810,691.26,37.28,10.51,6.55,0.0
20220402:0910,913.32,46.96,11.37,6.34,0.0
20220402:1010,995.07,54.07,10.75,6.83,0.0
20220402:1110,486.73,56.83,11.48,6.69,0.0
20220402:1210,263.66,54.18,12.4,6.76,0.0
20220402:1310,746.59,47.15,12.45,7.03,0.0
20220402:1410,88.08,37.52,12.21,7.72,0.0
20220402:1510,134.24,26.56,11.72,8.0,0.0
20220402:1610,210.94,14.97,10.76,7.59,0.0
20220402:1710,3.56,3.18,9.86,6.76,0.0
20220402:1810,0.0,0.0,9.6,6.76,0.0
20220402:1910,0.0,0.0,9.2,6.28,0.0
20220402:2010,0.0,0.0,9.06,6.62,0.0
20220402:2110,0.0,0.0,8.82,6.83,0.0
20220402:2210,0.0,0.0,8.42,6.83,0.0
20220402:2310,0.0,0.0,8.15,6.41,0.0
20220403:0010,0.0,0.0,7.98,6.21,0.0
20220403:0110,0.0,0.0,7.98,6.21,0.0
20220403:0210,0.0,0.0,8.07,6.07,0.0
20220403:0310,0.0,0.0,8.25,5.79,0.0
20220403:0410,0.0,0.0,8.38,5.24,0.0
20220403:0510,4.69,3.21,8.53,4.76,0.0
20220403:0610,208.68,15.0,8.85,4.21,0.0
20220403:0710,452.66,26.61,9.75,5.52,0.0
20220403:0810,683.82,37.61,10.67,5.93,0.0
20220403:0910,677.65,47.31,11.59,5.79,0.0
20220403:1010,943.24,54.45,12.3,5.17,0.0
20220403:1110,796.41,57.21,12.69,4.48,0.0
20220403:1210,860.53,54.52,13.01,4.14,0.0
20220403:1310,760.51,47.42,13.38,4.07,0.0
20220403:1410,453.57,37.74,13.15,4.0,0.0
20220403:1510,208.87,26.75,12.34,3.66,0.0
20220403:1610,60.91,15.14,11.55,2.9,0.0
20220403:1710,8.01,3.35,10.96,2.07,0.0
20220403:1810,0.0,0.0,10.49,1.52,0.0
20220403:1910,0.0,0.0,9.76,1.45,0.0
20220403:2010,0.0,0.0,9.25,1.59,0.0
20220403:2110,0.0,0.0,9.19,2.07,0.0
20220403:2210,0.0,0.0,9.2,2.34,0.0
20220403:2310,0.0,0.0,9.17,2.34,0.0
20220404:0010,0.0,0.0,9.01,2.14,0.0
20220404:0110,0.0,0.0,8.52,2.07,0.0
20220404:0210,0.0,0.0,8.44,2.28,0.0
20220404:0310,0.0,0.0,8.55,2.48,0.0
20220404:0410,0.0,0.0,8.83,2.83,0.0
20220404:0510,3.75,3.51,9.14,3.1,0.0
20220404:0610,64.65,15.3,9.78,3.52,0.0
20220404:0710,203.22,26.91,10.46,3.72,0.0
20220404:0810,411.92,37.94,11.17,4.28,0.0
20220404:0910,681.28,47.67,11.87,4.21,0.0
20220404:1010,656.33,54.84,12.33,4.55,0.0
20220404:1110,682.01,57.59,12.58,4.9,0.0
20220404:1210,577.42,54.85,12.65,5.1,0.0
20220404:1310,695.28,47.69,12.23,5.1,0.0
20220404:1410,254.3,37.96,12.18,5.17,0.0
20220404:1510,143.82,26.93,11.66,4.76,0.0
20220404:1610,90.25,15.32,11.24,4.21,0.0
20220404:1710,1.78,3.53,10.99,3.59,0.0
20220404:1810,0.0,0.0,10.74,3.1,0.0
20220404:1910,0.0,0.0,10.92,2.76,0.0
20220404:2010,0.0,0.0,10.81,2.69,0.0
20220404:2110,0.0,0.0,10.57,2.55,0.0
20220404:2210,0.0,0.0,10.49,2.41,0.0
20220404:2310,0.0,0.0,10.44,2.41,0.0
20220405:0010,0.0,0.0,10.34,2.48,0.0
20220405:0110,0.0,0.0,10.3,2.62,0.0
20220405:0210,0.0,0.0,10.12,2.21,0.0
20220405:0310,0.0,0.0,9.78,2.07,0.0
20220405:0410,0.0,0.0,9.56,2.21,0.0
20220405:0510,10.31,3.8,9.47,2.14,0.0
20220405:0610,190.37,15.59,10.36,2.07,0.0
20220405:0710,395.46,27.22,11.72,2.55,0.0
20220405:0810,601.96,38.26,12.6,2.34,0.0
20220405:0910,789.04,48.02,13.42,1.79,0.0
20220405:1010,919.55,55.22,14.4,1.59,0.0
20220405:1110,911.59,57.97,15.32,1.59,0.0
20220405:1210,911.95,55.18,15.72,2.83,0.0
20220405:1310,780.54,47.95,15.21,3.45,0.0
20220405:1410,592.49,38.17,14.84,3.52,0.0
20220405:1510,382.41,27.12,14.26,3.31,0.0
20220405:1610,170.12,15.49,13.79,2.83,0.0
20220405:1710,16.92,3.7,13.22,2.07,0.0
20220405:1810,0.0,0.0,12.71,1.52,0.0
20220405:1910,0.0,0.0,12.16,1.38,0.0
20220405:2010,0.0,0.0,11.28,1.38,0.0
20220405:2110,0.0,0.0,10.71,1.38,0.0
20220405:2210,0.0,0.0,10.24,1.45,0.0
20220405:2310,0.0,0.0,9.85,1.52,0.0
20220406:0010,0.0,0.0,10.29,1.17,0.0
20220406:0110,0.0,0.0,10.64,0.97,0.0
20220406:0210,0.0,0.0,10.3,1.03,0.0
20220406:0310,0.0,0.0,8.81,1.45,0.0
20220406:0410,0.0,0.0,8.48,1.72,0.0
20220406:0510,14.06,4.09,8.55,1.86,0.0
20220406:0610,167.14,15.88,10.25,1.79,0.0
20220406:0710,381.28,27.52,12.96,1.72,0.0
20220406:0810,598.47,38.58,15.17,1.52,0.0
20220406:0910,765.42,48.37,16.66,1.31,0.0
20220406:1010,885.68,55.6,17.79,1.72,0.0
20220406:1110,903.5,58.35,18.61,1.86,0.0
20220406:1210,916.81,55.5,19.21,1.59,0.0
20220406:1310,813.62,48.21,19.4,1.31,0.0
20220406:1410,610.0,38.39,19.17,0.62,0.0
20220406:1510,396.27,27.31,18.6,0.62,0.0
20220406:1610,113.82,15.66,17.6,1.38,0.0
20220406:1710,14.25,3.88,16.33,1.52,0.0
20220406:1810,0.0,0.0,15.14,1.52,0.0
20220406:1910,0.0,0.0,13.81,1.52,0.0
20220406:2010,0.0,0.0,13.56,2.21,0.0
20220406:2110,0.0,0.0,13.54,3.24,0.0
20220406:2210,0.0,0.0,13.22,3.93,0.0
20220406:2310,0.0,0.0,13.01,4.69,0.0
20220407:0010,0.0,0.0,12.75,5.17,0.0
20220407:0110,0.0,0.0,12.9,6.0,0.0
20220407:0210,0.0,0.0,12.58,6.76,0.0
20220407:0310,0.0,0.0,12.3,7.17,0.0
20220407:0410,0.0,0.0,12.1,7.45,0.0
20220407:0510,2.81,4.38,11.71,6.76,0.0
20220407:0610,37.48,16.17,11.71,5.72,0.0
20220407:0710,195.09,27.82,12.33,6.14,0.0
20220407:0810,240.71,38.9,12.81,6.14,0.0
20220407:0910,497.8,48.72,13.34,5.86,0.0
20220407:1010,964.13,55.98,14.0,5.93,0.0
20220407:1110,997.75,58.73,14.44,6.21,0.0
20220407:1210,959.26,55.83,15.03,7.17,0.0
20220407:1310,834.51,48.47,15.36,7.31,0.0
20220407:1410,644.57,38.6,15.35,6.55,0.0
20220407:1510,441.86,27.49,15.59,6.9,0.0
20220407:1610,203.0,15.84,15.28,6.62,0.0
20220407:1710,18.7,4.05,14.68,6.14,0.0
20220407:1810,0.0,0.0,13.84,5.66,0.0
20220407:1910,0.0,0.0,13.27,5.45,0.0
20220407:2010,0.0,0.0,12.8,4.97,0.0
20220407:2110,0.0,0.0,12.38,4.55,0.0
20220407:2210,0.0,0.0,12.06,4.21,0.0
20220407:2310,0.0,0.0,11.77,4.0,0.0
20220408:0010,0.0,0.0,11.8,4.0,0.0
20220408:0110,0.0,0.0,11.71,3.86,0.0
20220408:0210,0.0,0.0,11.45,3.79,0.0
20220408:0310,0.0,0.0,11.23,3.93,0.0
20220408:0410,0.0,0.0,11.02,4.0,0.0
20220408:0510,27.13,4.67,10.8,4.0,0.0
20220408:0610,253.61,16.46,11.65,3.72,0.0
20220408:0710,516.5,28.11,13.71,3.79,0.0
20220408:0810,738.29,39.22,15.56,3.79,0.0
20220408:0910,925.23,49.07,17.28,3.66,0.0
20220408:1010,1042.36,56.36,18.74,3.31,0.0
20220408:1110,1065.43,59.1,19.49,3.52,0.0
20220408:1210,1046.91,56.15,19.44,4.21,0.0
20220408:1310,911.38,48.73,19.26,4.41,0.0
20220408:1410,697.64,38.81,19.19,4.14,0.0
20220408:1510,470.53,27.67,18.99,3.66,0.0
20220408:1610,217.97,16.01,18.38,3.03,0.0
20220408:1710,19.59,4.22,17.36,2.48,0.0
20220408:1810,0.0,0.0,16.11,2.34,0.0
20220408:1910,0.0,0.0,15.03,3.1,0.0
20220408:2010,0.0,0.0,14.12,3.38,0.0
20220408:2110,0.0,0.0,13.48,3.52,0.0
20220408:2210,0.0,0.0,13.07,3.66,0.0
20220408:2310,0.0,0.0,12.85,4.0,0.0
20220409:0010,0.0,0.0,12.71,4.21,0.0
20220409:0110,0.0,0.0,12.6,4.48,0.0
20220409:0210,0.0,0.0,12.52,4.55,0.0
20220409:0310,0.0,0.0,12.47,4.48,0.0
20220409:0410,0.0,0.0,12.42,4.28,0.0
20220409:0510,29.11,4.96,12.32,4.34,0.0
20220409:0610,246.73,16.74,13.08,4.34,0.0
20220409:0710,473.74,28.41,15.01,4.55,0.0
20220409:0810,729.16,39.53,16.48,4.69,0.0
20220409:0910,901.61,49.41,17.61,5.45,0.0
20220409:1010,474.61,56.73,18.44,5.72,0.0
20220409:1110,452.53,59.48,19.16,5.72,0.0
20220409:1210,608.27,56.47,19.4,5.66,0.0
20220409:1310,620.12,48.98,19.23,5.79,0.0
20220409:1410,672.9,39.01,18.8,5.72,0.0
20220409:1510,441.26,27.85,18.26,5.38,0.0
20220409:1610,209.78,16.18,17.7,4.97,0.0
20220409:1710,20.48,4.39,16.55,4.83,0.0
20220409:1810,0.0,0.0,15.16,4.34,0.0
20220409:1910,0.0,0.0,14.61,4.14,0.0
20220409:2010,0.0,0.0,13.81,4.07,0.0
20220409:2110,0.0,0.0,13.44,4.14,0.0
20220409:2210,0.0,0.0,13.33,4.55,0.0
20220409:2310,0.0,0.0,13.03,4.83,0.0
20220410:0010,0.0,0.0,12.63,4.55,0.0
20220410:0110,0.0,0.0,12.04,4.97,0.0
20220410:0210,0.0,0.0,11.54,5.72,0.0
20220410:0310,0.0,0.0,11.14,5.86,0.0
20220410:0410,0.0,0.0,10.86,5.79,0.0
20220410:0510,19.92,5.24,10.73,5.93,0.0
20220410:0610,243.15,17.03,11.27,5.72,0.0
20220410:0710,454.78,28.7,12.11,6.76,0.0
20220410:0810,712.22,39.84,13.08,7.38,0.0
20220410:0910,890.5,49.75,13.79,7.31,0.0
20220410:1010,1015.7,57.1,14.31,7.52,0.0
20220410:1110,872.12,59.85,14.31,7.59,0.0
20220410:1210,901.72,56.78,14.05,7.45,0.0
20220410:1310,870.86,49.23,13.75,7.1,0.0
20220410:1410,711.38,39.22,13.51,6.83,0.0
20220410:1510,480.29,28.03,13.08,6.48,0.0
20220410:1610,222.34,16.35,12.44,5.93,0.0
20220410:1710,20.48,4.56,11.7,5.17,0.0
20220410:1810,0.0,0.0,10.96,4.62,0.0
20220410:1910,0.0,0.0,10.58,3.52,0.0
20220410:2010,0.0,0.0,10.25,2.97,0.0
20220410:2110,0.0,0.0,9.87,2.34,0.0
20220410:2210,0.0,0.0,9.3,2.07,0.0
20220410:2310,0.0,0.0,8.75,1.45,0.0
20220411:0010,0.0,0.0,10.5,0.62,0.0
20220411:0110,0.0,0.0,10.36,0.62,0.0
20220411:0210,0.0,0.0,10.18,0.9,0.0
20220411:0310,0.0,0.0,9.93,1.03,0.0
20220411:0410,0.0,0.0,9.56,1.1,0.0
20220411:0510,32.72,5.52,8.88,1.24,0.0
20220411:0610,259.07,17.31,8.48,1.45,0.0
20220411:0710,518.62,28.98,11.6,1.93,0.0
20220411:0810,760.77,40.14,12.57,2.55,0.0
20220411:0910,954.71,50.09,13.44,2.9,0.0
20220411:1010,1066.55,57.47,14.15,3.03,0.0
20220411:1110,1089.72,60.21,14.63,3.03,0.0
20220411:1210,1039.57,57.1,14.9,3.03,0.0
20220411:1310,899.68,49.48,14.93,2.9,0.0
20220411:1410,705.12,39.42,14.79,2.97,0.0
20220411:1510,455.17,28.21,14.5,3.1,0.0
20220411:1610,212.98,16.52,13.98,3.17,0.0
20220411:1710,21.37,4.74,13.21,2.97,0.0
20220411:1810,0.0,0.0,12.41,2.76,0.0
20220411:1910,0.0,0.0,11.78,2.62,0.0
20220411:2010,0.0,0.0,11.33,2.34,0.0
20220411:2110,0.0,0.0,10.69,1.93,0.0
20220411:2210,0.0,0.0,9.86,1.59,0.0
20220411:2310,0.0,0.0,9.34,1.52,0.0
20220412:0010,0.0,0.0,8.7,1.59,0.0
20220412:0110,0.0,0.0,8.26,1.72,0.0
20220412:0210,0.0,0.0,7.95,1.79,0.0
20220412:0310,0.0,0.0,7.64,1.79,0.0
20220412:0410,0.0,0.0,7.09,1.86,0.0
20220412:0510,39.82,5.8,6.67,2.14,0.0
20220412:0610,252.74,17.58,9.24,2.21,0.0
20220412:0710,518.97,29.27,12.11,2.07,0.0
20220412:0810,725.77,40.45,13.82,1.86,0.0
20220412:0910,870.39,50.42,15.18,1.59,0.0
20220412:1010,950.57,57.84,16.22,1.72,0.0
20220412:1110,953.65,60.58,16.86,2.48,0.0
20220412:1210,975.66,57.41,17.14,2.97,0.0
20220412:1310,858.41,49.72,17.14,3.17,0.0
20220412:1410,698.19,39.62,16.85,3.24,0.0
20220412:1510,409.68,28.39,16.3,3.17,0.0
20220412:1610,193.0,16.68,15.55,3.1,0.0
20220412:1710,22.26,4.91,14.81,2.83,0.0
20220412:1810,0.0,0.0,14.06,2.41,0.0
20220412:1910,0.0,0.0,13.5,2.07,0.0
20220412:2010,0.0,0.0,12.82,1.86,0.0
20220412:2110,0.0,0.0,11.94,1.79,0.0
20220412:2210,0.0,0.0,11.08,1.93,0.0
20220412:2310,0.0,0.0,10.43,2.07,0.0
20220413:0010,0.0,0.0,10.06,2.0,0.0
20220413:0110,0.0,0.0,9.7,2.0,0.0
20220413:0210,0.0,0.0,9.56,1.86,0.0
20220413:0310,0.0,0.0,9.13,1.86,0.0
20220413:0410,0.0,0.0,8.52,1.93,0.0
20220413:0510,43.28,6.08,8.17,2.0,0.0
20220413:0610,263.91,17.86,9.93,1.59,0.0
20220413:0710,520.3,29.55,13.48,1.03,0.0
20220413:0810,712.67,40.75,15.21,0.14,0.0
20220413:0910,373.91,50.75,16.37,0.97,0.0
20220413:1010,1076.68,58.2,17.08,1.59,0.0
20220413:1110,1098.75,60.94,17.45,2.07,0.0
20220413:1210,1036.37,57.72,17.46,2.14,0.0
20220413:1310,731.91,49.97,17.42,2.41,0.0
20220413:1410,313.56,39.82,17.13,2.9,0.0
20220413:1510,382.24,28.56,16.65,2.97,0.0
20220413:1610,208.78,16.85,16.15,2.9,0.0
20220413:1710,25.82,5.08,15.61,2.48,0.0
20220413:1810,0.0,0.0,14.93,1.86,0.0
20220413:1910,0.0,0.0,14.03,1.17,0.0
20220413:2010,0.0,0.0,13.05,1.24,0.0
20220413:2110,0.0,0.0,12.34,1.52,0.0
20220413:2210,0.0,0.0,11.8,1.79,0.0
20220413:2310,0.0,0.0,11.25,1.93,0.0
20220414:0010,0.0,0.0,10.8,1.93,0.0
20220414:0110,0.0,0.0,10.29,2.0,0.0
20220414:0210,0.0,0.0,10.12,1.86,0.0
20220414:0310,0.0,0.0,9.87,1.72,0.0
20220414:0410,0.0,0.0,9.58,1.72,0.0
20220414:0510,29.76,6.35,9.76,1.72,0.0
20220414:0610,138.37,18.13,11.64,1.72,0.0
20220414:0710,381.24,29.83,13.79,1.72,0.0
20220414:0810,635.18,41.04,15.84,2.07,0.0
20220414:0910,729.23,51.08,17.42,2.14,0.0
20220414:1010,750.27,58.56,18.65,2.48,0.0
20220414:1110,845.92,61.3,19.4,2.76,0.0
20220414:1210,636.29,58.02,19.66,3.03,0.0
20220414:1310,357.38,50.21,19.53,3.17,0.0
20220414:1410,235.62,40.02,19.24,3.1,0.0
20220414:1510,81.52,28.74,18.79,3.03,0.0
20220414:1610,28.11,17.02,18.03,2.69,0.0
20220414:1710,16.92,5.25,17.19,2.07,0.0
20220414:1810,0.0,0.0,16.4,1.66,0.0
20220414:1910,0.0,0.0,16.17,1.72,0.0
20220414:2010,0.0,0.0,15.16,1.52,0.0
20220414:2110,0.0,0.0,14.34,1.66,0.0
20220414:2210,0.0,0.0,13.86,2.07,0.0
20220414:2310,0.0,0.0,13.11,2.07,0.0
20220415:0010,0.0,0.0,12.17,1.79,0.0
20220415:0110,0.0,0.0,11.58,1.52,0.0
20220415:0210,0.0,0.0,11.37,1.52,0.0
20220415:0310,0.0,0.0,11.01,2.07,0.0
20220415:0410,0.0,0.0,11.04,1.93,0.0
20220415:0510,30.69,6.62,11.84,1.31,0.0
20220415:0610,59.03,18.4,11.76,1.66,0.0
20220415:0710,153.88,30.1,16.48,0.9,0.0
20220415:0810,158.35,41.34,18.11,1.1,0.0
20220415:0910,380.73,51.4,19.13,1.79,0.0
20220415:1010,485.01,58.92,19.63,2.55,0.0
20220415:1110,302.63,61.66,19.67,2.62,0.0
20220415:1210,425.91,58.32,19.73,1.93,0.0
20220415:1310,346.37,50.45,20.16,1.38,0.0
20220415:1410,192.29,40.21,20.47,1.79,0.0
20220415:1510,183.75,28.91,20.26,2.0,0.0
20220415:1610,77.77,17.18,19.54,1.79,0.0
20220415:1710,20.48,5.41,18.76,1.59,0.0
20220415:1810,0.0,0.0,18.04,1.59,0.0
20220415:1910,0.0,0.0,15.94,1.66,0.0
20220415:2010,0.0,0.0,15.21,1.72,0.0
20220415:2110,0.0,0.0,14.98,1.59,0.0
20220415:2210,0.0,0.0,14.79,1.17,0.0
20220415:2310,0.0,0.0,13.95,1.59,0.0
20220416:0010,0.0,0.0,13.94,1.38,0.0
20220416:0110,0.0,0.0,13.39,1.79,0.0
20220416:0210,0.0,0.0,12.99,1.59,0.0
20220416:0310,0.0,0.0,12.02,1.45,0.0
20220416:0410,0.0,0.0,13.08,0.76,0.0
20220416:0510,13.12,6.89,13.15,0.34,0.0
20220416:0610,30.92,18.66,12.84,0.55,0.0
20220416:0710,65.59,30.37,14.55,0.55,0.0
20220416:0810,275.61,41.62,15.09,0.83,0.0
20220416:0910,470.34,51.72,15.47,1.24,0.0
20220416:1010,253.93,59.27,16.49,1.59,0.0
20220416:1110,235.19,62.01,17.08,2.0,0.0
20220416:1210,852.55,58.62,17.18,3.03,0.0
20220416:1310,832.68,50.68,17.02,3.03,0.0
20220416:1410,644.87,40.41,16.52,2.55,0.0
20220416:1510,409.57,29.08,16.17,2.28,0.0
20220416:1610,202.49,17.34,15.73,2.14,0.0
20220416:1710,17.81,5.58,14.93,1.59,0.0
20220416:1810,0.0,0.0,14.14,0.83,0.0
20220416:1910,0.0,0.0,13.5,0.69,0.0
20220416:2010,0.0,0.0,13.43,0.76,0.0
20220416:2110,0.0,0.0,13.41,0.83,0.0
20220416:2210,0.0,0.0,12.77,1.1,0.0
20220416:2310,0.0,0.0,12.99,0.9,0.0
20220417:0010,0.0,0.0,13.53,0.21,0.0
20220417:0110,0.0,0.0,13.5,0.69,0.0
20220417:0210,0.0,0.0,13.24,0.76,0.0
20220417:0310,0.0,0.0,12.98,0.97,0.0
20220417:0410,0.0,0.0,12.17,1.17,0.0
20220417:0510,51.06,7.15,9.93,1.59,0.0
20220417:0610,249.49,18.92,12.24,2.55,0.0
20220417:0710,104.94,30.64,13.87,2.21,0.0
20220417:0810,491.89,41.91,14.89,3.38,0.0
20220417:0910,540.02,52.03,15.18,4.62,0.0
20220417:1010,112.44,59.62,14.81,3.59,0.0
20220417:1110,94.64,62.37,14.36,3.66,0.0
20220417:1210,225.82,58.92,14.77,4.28,0.0
20220417:1310,223.94,50.91,13.08,4.55,0.0
20220417:1410,115.25,40.6,12.4,4.14,0.0
20220417:1510,112.44,29.25,12.09,4.48,0.0
20220417:1610,80.46,17.51,11.61,4.48,0.0
20220417:1710,8.01,5.75,11.4,5.52,0.0
20220417:1810,0.0,0.0,10.85,6.48,0.0
20220417:1910,0.0,0.0,10.99,4.69,0.0
20220417:2010,0.0,0.0,10.76,5.52,0.0
20220417:2110,0.0,0.0,10.42,5.45,0.0
20220417:2210,0.0,0.0,10.73,5.45,0.0
20220417:2310,0.0,0.0,10.96,4.69,0.0
20220418:0010,0.0,0.0,11.01,4.28,0.0
20220418:0110,0.0,0.0,10.83,3.86,0.0
20220418:0210,0.0,0.0,10.7,3.59,0.0
20220418:0310,0.0,0.0,10.39,3.24,0.0
20220418:0410,0.0,0.0,10.13,2.9,0.0
20220418:0510,26.24,7.41,9.91,2.55,0.0
20220418:0610,173.35,19.18,10.75,2.62,0.0
20220418:0710,328.6,30.9,12.15,2.76,0.0
20220418:0810,699.29,42.19,12.8,3.72,0.0
20220418:0910,860.64,52.34,13.07,4.28,0.0
20220418:1010,982.18,59.97,13.26,4.21,0.0
20220418:1110,945.68,62.71,13.63,4.21,0.0
20220418:1210,842.3,59.21,13.57,4.07,0.0
20220418:1310,809.79,51.15,13.62,4.07,0.0
20220418:1410,668.64,40.79,13.41,4.0,0.0
20220418:1510,450.29,29.42,13.03,3.79,0.0
20220418:1610,220.08,17.67,12.64,3.45,0.0
20220418:1710,29.38,5.92,12.13,2.9,0.0
20220418:1810,0.0,0.0,11.56,2.21,0.0
20220418:1910,0.0,0.0,10.72,1.45,0.0
20220418:2010,0.0,0.0,9.92,1.24,0.0
20220418:2110,0.0,0.0,9.01,1.52,0.0
20220418:2210,0.0,0.0,8.41,1.93,0.0
20220418:2310,0.0,0.0,8.76,2.14,0.0
20220419:0010,0.0,0.0,8.7,2.14,0.0
20220419:0110,0.0,0.0,8.52,2.07,0.0
20220419:0210,0.0,0.0,7.86,1.93,0.0
20220419:0310,0.0,0.0,7.37,1.79,0.0
20220419:0410,0.0,0.0,6.89,1.72,0.0
20220419:0510,55.4,7.67,6.66,1.72,0.0
20220419:0610,279.08,19.43,9.54,1.66,0.0
20220419:0710,529.78,31.16,11.47,1.59,0.0
20220419:0810,777.13,42.47,12.71,1.66,0.0
20220419:0910,946.87,52.65,13.91,1.59,0.0
20220419:1010,1069.92,60.31,15.03,1.45,0.0
20220419:1110,1083.8,63.06,15.92,1.31,0.0
20220419:1210,1049.04,59.5,16.5,0.97,0.0
20220419:1310,906.78,51.37,16.98,0.9,0.0
20220419:1410,709.8,40.98,16.82,0.83,0.0
20220419:1510,470.34,29.59,16.09,1.52,0.0
20220419:1610,224.22,17.83,15.32,1.59,0.0
20220419:1710,29.38,6.09,14.59,1.59,0.0
20220419:1810,0.0,0.0,13.82,1.79,0.0
20220419:1910,0.0,0.0,13.01,1.52,0.0
20220419:2010,0.0,0.0,11.89,1.79,0.0
20220419:2110,0.0,0.0,11.31,2.21,0.0
20220419:2210,0.0,0.0,11.14,2.55,0.0
20220419:2310,0.0,0.0,11.0,2.9,0.0
20220420:0010,0.0,0.0,10.87,3.17,0.0
20220420:0110,0.0,0.0,10.8,3.24,0.0
20220420:0210,0.0,0.0,10.77,3.31,0.0
20220420:0310,0.0,0.0,10.77,3.31,0.0
20220420:0410,0.0,0.0,10.77,3.24,0.0
20220420:0510,56.06,7.92,10.94,3.17,0.0
20220420:0610,259.08,19.68,12.59,3.03,0.0
20220420:0710,471.82,31.42,15.16,2.69,0.0
20220420:0810,707.11,42.74,17.02,2.76,0.0
20220420:0910,876.11,52.95,18.28,3.1,0.0
20220420:1010,935.5,60.65,19.11,3.1,0.0
20220420:1110,895.9,63.4,19.6,2.69,0.0
20220420:1210,711.51,59.79,20.08,2.62,0.0
20220420:1310,686.16,51.6,19.79,3.86,0.0
20220420:1410,107.76,41.16,19.81,3.72,0.0
20220420:1510,81.52,29.75,19.79,3.52,0.0
20220420:1610,165.74,17.99,19.33,3.72,0.0
20220420:1710,23.15,6.25,18.79,3.45,0.0
20220420:1810,0.0,0.0,18.08,2.62,0.0
20220420:1910,0.0,0.0,17.09,2.76,0.0
20220420:2010,0.0,0.0,16.22,3.24,0.0
20220420:2110,0.0,0.0,15.88,3.79,0.0
20220420:2210,0.0,0.0,15.73,4.14,0.0
20220420:2310,0.0,0.0,15.38,3.59,0.0
20220421:0010,0.0,0.0,14.78,2.83,0.0
20220421:0110,0.0,0.0,14.29,2.34,0.0
20220421:0210,0.0,0.0,13.79,2.0,0.0
20220421:0310,0.0,0.0,13.06,2.21,0.0
20220421:0410,0.0,0.0,13.0,2.41,0.0
20220421:0510,29.98,8.17,12.88,1.93,0.0
20220421:0610,63.72,19.93,14.5,2.69,0.0
20220421:0710,122.75,31.67,18.56,5.86,0.0
20220421:0810,350.4,43.0,19.0,6.69,0.0
20220421:0910,253.25,53.25,19.67,6.9,0.0
20220421:1010,416.43,60.99,20.23,6.21,0.0
20220421:1110,528.97,63.74,20.94,5.38,0.0
20220421:1210,457.95,60.07,21.43,5.52,0.0
20220421:1310,297.04,51.82,21.24,5.31,0.0
20220421:1410,386.32,41.34,21.35,5.59,0.0
20220421:1510,55.28,29.92,21.03,4.9,0.0
20220421:1610,47.79,18.15,20.38,4.76,0.0
20220421:1710,32.94,6.42,18.96,5.17,0.0
20220421:1810,0.0,0.0,17.86,4.83,0.0
20220421:1910,0.0,0.0,15.16,3.86,0.0
20220421:2010,0.0,0.0,14.22,3.86,0.0
20220421:2110,0.0,0.0,13.51,3.86,0.0
20220421:2210,0.0,0.0,13.37,3.24,0.0
20220421:2310,0.0,0.0,13.04,2.9,0.0
20220422:0010,0.0,0.0,12.64,3.1,0.0
20220422:0110,0.0,0.0,12.39,3.59,0.0
20220422:0210,0.0,0.0,12.34,4.21,0.0
20220422:0310,0.0,0.0,12.08,4.21,0.0
20220422:0410,0.0,0.0,11.84,4.28,0.0
20220422:0510,60.15,8.42,11.92,4.28,0.0
20220422:0610,256.43,20.17,12.82,4.34,0.0
20220422:0710,465.86,31.92,14.13,5.45,0.0
20220422:0810,538.73,43.27,15.51,6.83,0.0
20220422:0910,197.71,53.54,16.71,7.52,0.0
20220422:1010,328.94,61.32,17.03,8.14,0.0
20220422:1110,161.17,64.08,16.01,8.07,0.0
20220422:1210,407.65,60.35,16.46,8.69,0.0
20220422:1310,525.34,52.04,16.86,7.66,0.0
20220422:1410,185.53,41.53,16.53,7.45,0.0
20220422:1510,287.28,30.08,15.79,6.69,0.0
20220422:1610,141.8,18.31,15.69,6.55,0.0
20220422:1710,33.83,6.58,15.49,5.72,0.0
20220422:1810,0.0,0.0,14.92,5.17,0.0
20220422:1910,0.0,0.0,14.35,4.28,0.0
20220422:2010,0.0,0.0,13.95,3.72,0.0
20220422:2110,0.0,0.0,13.51,3.1,0.0
20220422:2210,0.0,0.0,13.06,2.48,0.0
20220422:2310,0.0,0.0,12.56,2.07,0.0
20220423:0010,0.0,0.0,12.04,1.86,0.0
20220423:0110,0.0,0.0,11.55,1.86,0.0
20220423:0210,0.0,0.0,11.22,1.86,0.0
20220423:0310,0.0,0.0,11.13,2.14,0.0
20220423:0410,0.0,0.0,10.74,2.55,0.0
20220423:0510,63.51,8.66,10.79,2.83,0.0
20220423:0610,283.02,20.41,12.1,2.69,0.0
20220423:0710,527.39,32.16,15.04,1.93,0.0
20220423:0810,776.16,43.53,16.89,1.52,0.0
20220423:0910,939.8,53.83,18.31,1.31,0.0
20220423:1010,1025.93,61.64,19.34,1.31,0.0
20220423:1110,1029.99,64.41,19.91,0.62,0.0
20220423:1210,979.65,60.63,20.1,0.9,0.0
20220423:1310,850.69,52.26,20.13,2.28,0.0
20220423:1410,634.68,41.71,19.94,3.45,0.0
20220423:1510,404.48,30.24,19.8,3.59,0.0
20220423:1610,187.92,18.47,19.5,2.97,0.0
20220423:1710,37.4,6.75,18.76,2.62,0.0
20220423:1810,0.0,0.0,17.53,2.69,0.0
20220423:1910,0.0,0.0,16.11,2.9,0.0
20220423:2010,0.0,0.0,15.36,2.83,0.0
20220423:2110,0.0,0.0,14.69,3.31,0.0
20220423:2210,0.0,0.0,14.31,3.79,0.0
20220423:2310,0.0,0.0,14.09,3.93,0.0
20220424:0010,0.0,0.0,13.81,3.72,0.0
20220424:0110,0.0,0.0,13.69,3.59,0.0
20220424:0210,0.0,0.0,13.51,3.31,0.0
20220424:0310,0.0,0.0,13.35,3.17,0.0
20220424:0410,0.0,0.0,13.15,3.1,0.0
20220424:0510,64.24,8.9,12.99,2.97,0.0
20220424:0610,231.11,20.65,14.11,2.83,0.0
20220424:0710,369.73,32.4,16.45,3.24,0.0
20220424:0810,630.06,43.78,18.17,2.76,0.0
20220424:0910,769.7,54.12,19.31,2.76,0.0
20220424:1010,858.47,61.97,19.82,2.83,0.0
20220424:1110,882.0,64.74,20.1,3.45,0.0
20220424:1210,853.35,60.9,19.91,3.72,0.0
20220424:1310,774.33,52.47,19.54,3.38,0.0
20220424:1410,596.86,41.88,19.03,3.24,0.0
20220424:1510,395.86,30.4,18.29,2.97,0.0
20220424:1610,195.88,18.63,17.32,2.21,0.0
20220424:1710,37.4,6.91,16.37,1.03,0.0
20220424:1810,0.0,0.0,15.62,0.21,0.0
20220424:1910,0.0,0.0,14.32,1.31,0.0
20220424:2010,0.0,0.0,13.37,1.66,0.0
20220424:2110,0.0,0.0,12.73,2.0,0.0
20220424:2210,0.0,0.0,12.46,2.34,0.0
20220424:2310,0.0,0.0,12.15,2.41,0.0
20220425:0010,0.0,0.0,11.85,2.41,0.0
20220425:0110,0.0,0.0,11.62,2.34,0.0
20220425:0210,0.0,0.0,11.15,2.14,0.0
20220425:0310,0.0,0.0,10.59,1.86,0.0
20220425:0410,0.0,0.0,11.45,1.45,0.0
20220425:0510,67.24,9.13,12.34,1.17,0.0
20220425:0610,290.21,20.88,12.76,0.83,0.0
20220425:0710,536.81,32.63,15.56,0.83,0.0
20220425:0810,767.37,44.03,16.46,0.9,0.0
20220425:0910,945.31,54.4,17.22,1.31,0.0
20220425:1010,1059.25,62.29,17.79,1.86,0.0
20220425:1110,1071.12,65.06,18.12,2.28,0.0
20220425:1210,1000.73,61.17,18.18,2.62,0.0
20220425:1310,893.77,52.68,18.03,2.83,0.0
20220425:1410,697.23,42.06,17.68,2.83,0.0
20220425:1510,456.11,30.56,17.16,2.76,0.0
20220425:1610,215.25,18.78,16.51,2.55,0.0
20220425:1710,35.62,7.08,15.69,2.28,0.0
20220425:1810,0.0,0.0,14.81,1.93,0.0
20220425:1910,0.0,0.0,13.96,1.79,0.0
20220425:2010,0.0,0.0,13.58,1.79,0.0
20220425:2110,0.0,0.0,13.05,1.79,0.0
20220425:2210,0.0,0.0,12.46,1.66,0.0
20220425:2310,0.0,0.0,12.0,1.66,0.0
20220426:0010,0.0,0.0,11.79,1.52,0.0
20220426:0110,0.0,0.0,11.54,1.52,0.0
20220426:0210,0.0,0.0,11.29,1.52,0.0
20220426:0310,0.0,0.0,11.02,1.59,0.0
20220426:0410,0.0,0.0,10.73,1.66,0.0
20220426:0510,67.86,9.36,10.79,1.72,0.0
20220426:0610,272.44,21.1,13.51,1.72,0.0
20220426:0710,472.37,32.86,16.01,2.0,0.0
20220426:0810,716.87,44.27,17.11,2.48,0.0
20220426:0910,860.61,54.67,17.81,2.83,0.0
20220426:1010,953.18,62.6,18.36,2.9,0.0
20220426:1110,972.76,65.38,18.81,2.76,0.0
20220426:1210,984.91,61.44,19.11,2.76,0.0
20220426:1310,889.48,52.89,19.19,2.83,0.0
20220426:1410,686.0,42.23,18.84,2.9,0.0
20220426:1510,453.64,30.72,18.3,2.69,0.0
20220426:1610,214.49,18.94,17.81,2.41,0.0
20220426:1710,37.4,7.24,17.06,2.07,0.0
20220426:1810,0.0,0.0,16.36,1.79,0.0
20220426:1910,0.0,0.0,15.84,1.59,0.0
20220426:2010,0.0,0.0,14.86,1.38,0.0
20220426:2110,0.0,0.0,14.27,1.31,0.0
20220426:2210,0.0,0.0,13.85,1.31,0.0
20220426:2310,0.0,0.0,13.45,1.45,0.0
20220427:0010,0.0,0.0,12.91,1.59,0.0
20220427:0110,0.0,0.0,12.53,1.66,0.0
20220427:0210,0.0,0.0,12.49,1.59,0.0
20220427:0310,0.0,0.0,12.8,1.52,0.0
20220427:0410,0.0,0.0,13.0,1.45,0.0
20220427:0510,69.31,9.59,12.9,1.45,0.0
20220427:0610,264.61,21.32,14.93,1.1,0.0
20220427:0710,488.89,33.09,17.1,1.79,0.0
20220427:0810,739.37,44.51,18.18,2.0,0.0
20220427:0910,893.06,54.94,18.92,2.34,0.0
20220427:1010,0.0,0.0,19.38,2.76,0.0
20220427:1110,1022.79,65.7,19.6,2.9,0.0
20220427:1210,988.88,61.7,19.67,3.03,0.0
20220427:1310,868.84,53.1,19.62,3.1,0.0
20220427:1410,566.67,42.41,19.34,3.17,0.0
20220427:1510,429.09,30.88,18.83,3.24,0.0
20220427:1610,210.59,19.09,18.17,2.9,0.0
20220427:1710,40.96,7.4,17.47,2.21,0.0
20220427:1810,0.0,0.0,16.67,1.72,0.0
20220427:1910,0.0,0.0,15.9,1.93,0.0
20220427:2010,0.0,0.0,15.21,1.79,0.0
20220427:2110,0.0,0.0,14.39,1.59,0.0
20220427:2210,0.0,0.0,13.98,1.52,0.0
20220427:2310,0.0,0.0,13.7,1.38,0.0
20220428:0010,0.0,0.0,13.29,1.38,0.0
20220428:0110,0.0,0.0,12.47,1.66,0.0
20220428:0210,0.0,0.0,12.29,1.59,0.0
20220428:0310,0.0,0.0,12.45,1.45,0.0
20220428:0410,0.0,0.0,13.15,1.17,0.0
20220428:0510,53.7,9.81,13.56,0.97,0.0
20220428:0610,199.24,21.54,14.14,0.83,0.0
20220428:0710,438.92,33.31,16.63,0.76,0.0
20220428:0810,620.68,44.75,17.78,1.38,0.0
20220428:0910,719.89,55.2,18.46,2.07,0.0
20220428:1010,464.5,63.21,18.74,2.69,0.0
20220428:1110,741.42,66.02,18.91,2.83,0.0
20220428:1210,802.32,61.96,18.89,2.83,0.0
20220428:1310,814.87,53.3,18.89,2.76,0.0
20220428:1410,612.56,42.58,18.63,2.76,0.0
20220428:1510,214.05,31.03,18.12,2.62,0.0
20220428:1610,114.07,19.25,17.49,2.28,0.0
20220428:1710,34.73,7.56,16.7,1.79,0.0
20220428:1810,0.0,0.0,15.83,1.31,0.0
20220428:1910,0.0,0.0,14.84,0.62,0.0
20220428:2010,0.0,0.0,14.84,0.34,0.0
20220428:2110,0.0,0.0,14.56,0.55,0.0
20220428:2210,0.0,0.0,14.18,0.83,0.0
20220428:2310,0.0,0.0,13.69,0.97,0.0
20220429:0010,0.0,0.0,13.55,0.9,0.0
20220429:0110,0.0,0.0,13.46,0.83,0.0
20220429:0210,0.0,0.0,13.47,0.76,0.0
20220429:0310,0.0,0.0,13.17,0.9,0.0
20220429:0410,0.0,0.0,13.07,0.97,0.0
20220429:0510,36.54,10.03,13.49,0.62,0.0
20220429:0610,59.03,21.75,14.03,0.55,0.0
20220429:0710,126.5,33.52,15.64,0.62,0.0
20220429:0810,177.09,44.98,16.61,1.31,0.0
20220429:0910,254.14,55.46,17.27,2.0,0.0
20220429:1010,337.14,63.51,17.38,2.62,0.0
20220429:1110,366.5,66.33,17.46,2.76,0.0
20220429:1210,478.32,62.22,17.28,2.48,0.0
20220429:1310,420.56,53.5,17.24,2.28,0.0
20220429:1410,217.64,42.74,17.3,2.41,0.0
20220429:1510,183.74,31.19,16.8,2.14,0.0
20220429:1610,66.53,19.4,16.45,1.31,0.0
20220429:1710,39.18,7.72,16.15,1.24,0.0
20220429:1810,0.0,0.0,15.6,1.38,0.0
20220429:1910,0.0,0.0,14.29,1.31,0.0
20220429:2010,0.0,0.0,13.25,1.03,0.0
20220429:2110,0.0,0.0,13.23,0.9,0.0
20220429:2210,0.0,0.0,13.41,0.83,0.0
20220429:2310,0.0,0.0,13.41,0.28,0.0
20220430:0010,0.0,0.0,12.97,0.9,0.0
20220430:0110,0.0,0.0,11.73,1.38,0.0
20220430:0210,0.0,0.0,12.39,1.17,0.0
20220430:0310,0.0,0.0,12.6,1.03,0.0
20220430:0410,0.0,0.0,12.84,0.97,0.0
20220430:0510,74.49,10.24,12.44,1.1,0.0
20220430:0610,282.21,21.96,13.46,1.24,0.0
20220430:0710,518.81,33.73,15.64,1.1,0.0
20220430:0810,744.09,45.2,17.07,1.1,0.0
20220430:0910,658.68,55.72,18.14,1.79,0.0
20220430:1010,743.66,63.81,18.66,2.97,0.0
20220430:1110,943.76,66.63,18.7,3.45,0.0
20220430:1210,980.35,62.47,18.76,3.38,0.0
20220430:1310,748.36,53.7,18.39,3.17,0.0
20220430:1410,481.06,42.91,18.1,2.9,0.0
20220430:1510,290.68,31.34,17.66,2.97,0.0
20220430:1610,140.87,19.55,16.9,2.9,0.0
20220430:1710,43.63,7.88,16.08,2.07,0.0
20220430:1810,0.0,0.0,15.49,1.1,0.0
20220430:1910,0.0,0.0,15.02,1.17,0.0
20220430:2010,0.0,0.0,14.36,1.17,0.0
20220430:2110,0.0,0.0,13.7,0.97,0.0
20220430:2210,0.0,0.0,13.71,0.9,0.0
20220430:2310,0.0,0.0,13.93,0.62,0.0
20220501:0010,0.0,0.0,13.7,0.62,0.0
20220501:0110,0.0,0.0,13.18,0.97,0.0
20220501:0210,0.0,0.0,12.95,1.1,0.0
20220501:0310,0.0,0.0,13.08,0.83,0.0
20220501:0410,0.0,0.0,13.15,0.76,0.0
20220501:0510,74.69,10.45,13.49,0.48,0.0
20220501:0610,207.23,22.16,14.18,0.41,0.0
20220501:0710,382.31,33.94,14.8,1.31,0.0
20220501:0810,670.91,45.42,15.77,2.0,0.0
20220501:0910,699.1,55.96,16.56,2.28,0.0
20220501:1010,775.81,64.1,17.05,2.34,0.0
20220501:1110,896.68,66.93,17.57,2.48,0.0
20220501:1210,739.86,62.72,17.81,2.69,0.0
20220501:1310,651.01,53.9,17.91,2.97,0.0
20220501:1410,656.4,43.08,17.55,3.17,0.0
20220501:1510,463.11,31.49,17.19,3.17,0.0
20220501:1610,224.21,19.7,16.63,2.9,0.0
20220501:1710,38.29,8.04,15.81,2.0,0.0
20220501:1810,0.0,0.0,15.05,0.97,0.0
20220501:1910,0.0,0.0,14.22,0.97,0.0
20220501:2010,0.0,0.0,14.28,0.48,0.0
20220501:2110,0.0,0.0,14.18,0.48,0.0
20220501:2210,0.0,0.0,13.68,0.97,0.0
20220501:2310,0.0,0.0,12.47,1.24,0.0
20220502:0010,0.0,0.0,12.54,1.17,0.0
20220502:0110,0.0,0.0,12.19,1.17,0.0
20220502:0210,0.0,0.0,11.72,1.24,0.0
20220502:0310,0.0,0.0,10.94,1.38,0.0
20220502:0410,0.0,0.0,10.43,1.52,0.0
20220502:0510,78.44,10.65,10.72,1.45,0.0
20220502:0610,289.82,22.36,13.42,0.83,0.0
20220502:0710,527.42,34.14,15.27,0.41,0.0
20220502:0810,754.8,45.64,16.31,1.45,0.0
20220502:0910,930.01,56.21,16.97,2.07,0.0
20220502:1010,1034.03,64.38,17.46,2.41,0.0
20220502:1110,1055.1,67.23,17.72,2.76,0.0
20220502:1210,1013.11,62.97,17.86,2.97,0.0
20220502:1310,905.95,54.09,17.8,3.17,0.0
20220502:1410,700.72,43.24,17.65,3.03,0.0
20220502:1510,464.19,31.64,17.29,2.76,0.0
20220502:1610,219.69,19.85,16.73,2.28,0.0
20220502:1710,40.07,8.2,16.02,1.59,0.0
20220502:1810,0.0,0.0,15.32,0.9,0.0
20220502:1910,0.0,0.0,14.11,0.97,0.0
20220502:2010,0.0,0.0,13.81,0.83,0.0
20220502:2110,0.0,0.0,13.54,0.97,0.0
20220502:2210,0.0,0.0,13.28,1.03,0.0
20220502:2310,0.0,0.0,13.41,0.9,0.0
20220503:0010,0.0,0.0,13.44,0.69,0.0
20220503:0110,0.0,0.0,13.15,0.69,0.0
20220503:0210,0.0,0.0,12.9,0.69,0.0
20220503:0310,0.0,0.0,12.73,0.62,0.0
20220503:0410,0.0,0.0,12.56,0.55,0.0
20220503:0510,72.81,10.85,12.56,0.69,0.0
20220503:0610,285.69,22.55,13.04,0.62,0.0
20220503:0710,511.58,34.33,14.93,1.45,0.0
20220503:0810,727.58,45.84,15.89,2.14,0.0
20220503:0910,902.9,56.44,16.64,2.55,0.0
20220503:1010,894.64,64.66,17.2,2.62,0.0
20220503:1110,962.05,67.53,17.65,2.62,0.0
20220503:1210,1004.68,63.21,17.95,3.03,0.0
20220503:1310,867.4,54.28,17.96,3.17,0.0
20220503:1410,687.27,43.4,17.73,3.17,0.0
20220503:1510,438.01,31.79,17.41,2.83,0.0
20220503:1610,216.47,20.0,17.0,2.41,0.0
20220503:1710,40.96,8.36,16.43,2.0,0.0
20220503:1810,0.0,0.0,15.77,1.59,0.0
20220503:1910,0.0,0.0,15.25,1.45,0.0
20220503:2010,0.0,0.0,14.41,1.38,0.0
20220503:2110,0.0,0.0,13.42,1.45,0.0
20220503:2210,0.0,0.0,12.71,1.59,0.0
20220503:2310,0.0,0.0,12.32,1.72,0.0
20220504:0010,0.0,0.0,12.04,1.66,0.0
20220504:0110,0.0,0.0,12.59,1.31,0.0
20220504:0210,0.0,0.0,12.8,1.17,0.0
20220504:0310,0.0,0.0,13.09,1.1,0.0
20220504:0410,0.0,0.0,12.76,1.17,0.0
20220504:0510,80.02,11.05,12.28,1.31,0.0
20220504:0610,290.82,22.74,15.32,1.38,0.0
20220504:0710,519.24,34.53,17.1,0.9,0.0
20220504:0810,739.07,46.05,18.2,1.24,0.0
20220504:0910,904.7,56.67,18.99,1.79,0.0
20220504:1010,989.16,64.94,19.29,2.34,0.0
20220504:1110,592.2,67.82,19.63,2.41,0.0
20220504:1210,694.95,63.45,19.71,2.41,0.0
20220504:1310,388.81,54.47,19.5,2.48,0.0
20220504:1410,566.66,43.56,19.03,2.48,0.0
20220504:1510,326.9,31.94,18.65,2.41,0.0
20220504:1610,204.66,20.15,18.36,2.14,0.0
20220504:1710,47.19,8.52,17.83,1.93,0.0
20220504:1810,0.0,0.0,17.33,1.86,0.0
20220504:1910,0.0,0.0,17.66,2.76,0.0
20220504:2010,0.0,0.0,17.37,2.48,0.0
20220504:2110,0.0,0.0,16.71,2.28,0.0
20220504:2210,0.0,0.0,16.14,2.48,0.0
20220504:2310,0.0,0.0,15.74,2.55,0.0
20220505:0010,0.0,0.0,15.34,2.55,0.0
20220505:0110,0.0,0.0,15.17,2.76,0.0
20220505:0210,0.0,0.0,15.06,2.9,0.0
20220505:0310,0.0,0.0,14.86,2.76,0.0
20220505:0410,0.0,0.0,14.62,2.69,0.0
20220505:0510,78.57,11.24,14.9,2.69,0.0
20220505:0610,58.09,22.93,16.84,2.55,0.0
20220505:0710,453.72,34.71,19.31,2.55,0.0
20220505:0810,498.7,46.24,21.25,3.38,0.0
20220505:0910,447.07,56.9,22.9,4.55,0.0
20220505:1010,723.3,65.21,24.0,5.31,0.0
20220505:1110,786.88,68.1,24.49,5.31,0.0
20220505:1210,840.65,63.69,24.52,5.1,0.0
20220505:1310,834.59,54.65,24.25,4.9,0.0
20220505:1410,323.95,43.72,24.29,5.38,0.0
20220505:1510,312.54,32.09,24.18,6.34,0.0
20220505:1610,213.88,20.3,23.4,6.55,0.0
20220505:1710,43.63,8.67,22.09,6.97,0.0
20220505:1810,0.0,0.0,20.97,6.97,0.0
20220505:1910,0.0,0.0,20.57,8.9,0.0
20220505:2010,0.0,0.0,20.19,8.55,0.0
20220505:2110,0.0,0.0,20.13,8.34,0.0
20220505:2210,0.0,0.0,19.99,8.48,0.0
20220505:2310,0.0,0.0,19.75,8.69,0.0
20220506:0010,0.0,0.0,19.38,8.41,0.0
20220506:0110,0.0,0.0,18.98,8.14,0.0
20220506:0210,0.0,0.0,18.46,7.79,0.0
20220506:0310,0.0,0.0,17.92,7.45,0.0
20220506:0410,0.0,0.0,17.44,7.1,0.0
20220506:0510,81.66,11.42,17.16,6.55,0.0
20220506:0610,207.3,23.1,17.54,5.38,0.0
20220506:0710,390.52,34.89,18.88,5.72,0.0
20220506:0810,541.49,46.44,19.4,4.34,0.0
20220506:0910,673.29,57.12,19.38,3.1,0.0
20220506:1010,249.24,65.47,18.03,2.48,0.0
20220506:1110,165.85,68.38,18.08,2.97,0.0
20220506:1210,76.83,63.92,17.92,2.07,0.0
20220506:1310,210.83,54.84,17.95,1.86,0.0
20220506:1410,270.93,43.87,18.29,1.79,0.0
20220506:1510,355.25,32.23,17.56,1.45,0.0
20220506:1610,208.53,20.45,16.56,1.38,0.0
20220506:1710,44.52,8.83,15.86,1.17,0.0
20220506:1810,0.0,0.0,15.0,1.31,0.0
20220506:1910,0.0,0.0,14.68,1.52,0.0
20220506:2010,0.0,0.0,14.79,2.07,0.0
20220506:2110,0.0,0.0,14.58,2.28,0.0
20220506:2210,0.0,0.0,14.4,2.41,0.0
20220506:2310,0.0,0.0,14.29,2.48,0.0
20220507:0010,0.0,0.0,14.18,2.62,0.0
20220507:0110,0.0,0.0,14.05,2.69,0.0
20220507:0210,0.0,0.0,13.96,2.62,0.0
20220507:0310,0.0,0.0,14.15,2.55,0.0
20220507:0410,0.0,0.0,14.19,2.48,0.0
20220507:0510,22.49,11.6,14.39,2.41,0.0
20220507:0610,154.24,23.28,14.97,2.69,0.0
20220507:0710,190.41,35.07,15.5,2.34,0.0
20220507:0810,120.87,46.62,15.93,2.14,0.0
20220507:0910,200.52,57.33,16.69,2.28,0.0
20220507:1010,155.54,65.73,16.2,2.28,0.0
20220507:1110,356.27,68.66,16.33,2.62,0.0
20220507:1210,336.98,64.15,16.45,2.97,0.0
20220507:1310,152.73,55.02,16.87,2.83,0.0
20220507:1410,83.39,44.03,16.66,2.83,0.0
20220507:1510,134.93,32.38,16.78,2.83,0.0
20220507:1610,154.11,20.59,16.46,2.62,0.0
20220507:1710,38.29,8.98,16.0,2.14,0.0
20220507:1810,0.0,0.0,15.59,1.59,0.0
20220507:1910,0.0,0.0,15.25,1.45,0.0
20220507:2010,0.0,0.0,14.69,1.52,0.0
20220507:2110,0.0,0.0,14.43,1.52,0.0
20220507:2210,0.0,0.0,14.45,1.45,0.0
20220507:2310,0.0,0.0,14.54,1.24,0.0
20220508:0010,0.0,0.0,14.46,1.03,0.0
20220508:0110,0.0,0.0,14.09,0.9,0.0
20220508:0210,0.0,0.0,13.93,0.83,0.0
20220508:0310,0.0,0.0,13.75,1.03,0.0
20220508:0410,0.0,0.0,13.44,1.03,0.0
20220508:0510,84.42,11.78,14.0,0.97,0.0
20220508:0610,289.71,23.45,14.57,0.97,0.0
20220508:0710,499.52,35.24,14.95,1.03,0.0
20220508:0810,709.62,46.8,15.54,0.76,0.0
20220508:0910,596.35,57.54,16.32,0.76,0.0
20220508:1010,957.13,65.98,17.12,1.24,0.0
20220508:1110,701.36,68.93,17.24,2.28,0.0
20220508:1210,559.12,64.38,16.71,2.62,0.0
20220508:1310,434.61,55.19,16.52,2.48,0.0
20220508:1410,488.31,44.18,15.89,2.69,0.0
20220508:1510,234.43,32.52,15.82,2.21,0.0
20220508:1610,178.47,20.74,15.43,1.59,0.0
20220508:1710,46.3,9.13,15.29,1.03,0.0
20220508:1810,0.0,0.0,14.58,0.83,0.0
20220508:1910,0.0,0.0,14.35,0.97,0.0
20220508:2010,0.0,0.0,13.31,1.31,0.0
20220508:2110,0.0,0.0,12.82,1.24,0.0
20220508:2210,0.0,0.0,12.86,1.1,0.0
20220508:2310,0.0,0.0,12.55,1.24,0.0
20220509:0010,0.0,0.0,12.47,1.24,0.0
20220509:0110,0.0,0.0,12.34,1.31,0.0
20220509:0210,0.0,0.0,12.51,1.38,0.0
20220509:0310,0.0,0.0,12.96,1.31,0.0
20220509:0410,0.0,0.0,12.89,1.1,0.0
20220509:0510,85.13,11.95,13.41,0.62,0.0
20220509:0610,196.75,23.61,14.03,0.62,0.0
20220509:0710,313.36,35.4,14.97,1.17,0.0
20220509:0810,394.03,46.98,15.84,1.45,0.0
20220509:0910,273.96,57.74,16.16,1.86,0.0
20220509:1010,315.61,66.23,16.42,2.83,0.0
20220509:1110,413.77,69.2,16.58,3.59,0.0
20220509:1210,204.27,64.6,16.55,3.17,0.0
20220509:1310,191.15,55.37,16.55,2.14,0.0
20220509:1410,89.02,44.33,16.01,1.17,0.0
20220509:1510,226.93,32.66,15.89,1.1,0.0
20220509:1610,157.83,20.88,15.88,1.17,0.0
20220509:1710,52.53,9.29,15.76,1.03,0.0
20220509:1810,0.0,0.0,15.31,1.45,0.0
20220509:1910,0.0,0.0,14.74,1.31,0.0
20220509:2010,0.0,0.0,13.61,1.24,0.0
20220509:2110,0.0,0.0,13.63,0.97,0.0
20220509:2210,0.0,0.0,13.87,0.76,0.0
20220509:2310,0.0,0.0,13.83,0.76,0.0
20220510:0010,0.0,0.0,13.78,0.76,0.0
20220510:0110,0.0,0.0,13.75,0.55,0.0
20220510:0210,0.0,0.0,13.62,0.41,0.0
20220510:0310,0.0,0.0,13.22,0.69,0.0
20220510:0410,0.0,0.0,12.02,0.9,0.0
20220510:0510,87.46,12.11,12.48,0.9,0.0
20220510:0610,295.59,23.77,13.61,0.83,0.0
20220510:0710,522.19,35.56,15.85,0.97,0.0
20220510:0810,737.36,47.15,16.79,1.45,0.0
20220510:0910,901.03,57.94,17.51,1.59,0.0
20220510:1010,1005.11,66.47,18.17,1.93,0.0
20220510:1110,1030.46,69.46,18.64,2.83,0.0
20220510:1210,993.78,64.82,18.72,3.52,0.0
20220510:1310,867.73,55.54,18.3,2.9,0.0
20220510:1410,677.62,44.48,18.1,1.86,0.0
20220510:1510,453.31,32.8,18.01,1.45,0.0
20220510:1610,219.39,21.02,17.85,1.24,0.0
20220510:1710,46.3,9.44,17.52,1.24,0.0
20220510:1810,0.0,0.0,16.75,1.45,0.0
20220510:1910,0.0,0.0,15.51,1.24,0.0
20220510:2010,0.0,0.0,14.87,0.76,0.0
20220510:2110,0.0,0.0,15.1,0.48,0.0
20220510:2210,0.0,0.0,14.86,0.41,0.0
20220510:2310,0.0,0.0,14.73,0.55,0.0
20220511:0010,0.0,0.0,14.62,0.97,0.0
20220511:0110,0.0,0.0,13.73,1.17,0.0
20220511:0210,0.0,0.0,13.64,1.17,0.0
20220511:0310,0.0,0.0,14.2,0.97,0.0
20220511:0410,0.0,0.0,14.32,0.83,0.0
20220511:0510,89.14,12.28,14.44,0.55,0.0
20220511:0610,284.24,23.92,15.13,0.14,0.0
20220511:0710,502.33,35.71,16.8,1.45,0.0
20220511:0810,715.76,47.31,17.56,1.38,0.0
20220511:0910,878.22,58.13,18.41,1.31,0.0
20220511:1010,986.31,66.7,19.24,1.52,0.0
20220511:1110,1004.04,69.72,19.82,1.86,0.0
20220511:1210,970.22,65.03,20.1,2.28,0.0
20220511:1310,847.18,55.71,20.08,2.62,0.0
20220511:1410,666.33,44.63,19.85,3.1,0.0
20220511:1510,448.8,32.94,19.1,3.17,0.0
20220511:1610,218.87,21.16,18.4,2.62,0.0
20220511:1710,48.97,9.58,17.73,2.0,0.0
20220511:1810,0.0,0.0,16.89,1.38,0.0
20220511:1910,0.0,0.0,15.96,1.24,0.0
20220511:2010,0.0,0.0,14.81,1.31,0.0
20220511:2110,0.0,0.0,14.21,1.24,0.0
20220511:2210,0.0,0.0,13.99,1.31,0.0
20220511:2310,0.0,0.0,13.89,1.31,0.0
20220512:0010,0.0,0.0,14.14,1.31,0.0
20220512:0110,0.0,0.0,14.79,1.03,0.0
20220512:0210,0.0,0.0,15.25,0.48,0.0
20220512:0310,0.0,0.0,15.5,0.14,0.0
20220512:0410,0.0,0.0,15.53,0.48,0.0
20220512:0510,89.05,12.43,15.43,0.62,0.0
20220512:0610,297.6,24.07,15.78,0.76,0.0
20220512:0710,525.39,35.86,17.41,1.1,0.0
20220512:0810,745.21,47.47,18.48,1.24,0.0
20220512:0910,914.16,58.31,19.52,1.24,0.0
20220512:1010,1019.29,66.93,20.4,1.45,0.0
20220512:1110,1049.88,69.97,20.94,1.86,0.0
20220512:1210,1012.7,65.24,21.07,2.28,0.0
20220512:1310,879.12,55.88,20.84,2.76,0.0
20220512:1410,681.26,44.77,20.39,2.83,0.0
20220512:1510,460.66,33.08,19.8,2.62,0.0
20220512:1610,224.96,21.3,19.16,2.14,0.0
20220512:1710,48.08,9.73,18.48,1.59,0.0
20220512:1810,0.0,0.0,17.7,1.03,0.0
20220512:1910,0.0,0.0,16.44,1.03,0.0
20220512:2010,0.0,0.0,15.35,1.24,0.0
20220512:2110,0.0,0.0,14.67,1.31,0.0
20220512:2210,0.0,0.0,14.8,1.17,0.0
20220512:2310,0.0,0.0,15.17,1.03,0.0
20220513:0010,0.0,0.0,15.07,1.03,0.0
20220513:0110,0.0,0.0,15.04,1.03,0.0
20220513:0210,0.0,0.0,15.09,1.1,0.0
20220513:0310,0.0,0.0,15.41,1.03,0.0
20220513:0410,0.0,0.0,15.7,0.97,0.0
20220513:0510,89.62,12.58,15.87,0.9,0.0
20220513:0610,302.4,24.22,16.76,0.55,0.0
20220513:0710,527.45,36.01,18.76,1.17,0.0
20220513:0810,746.1,47.63,19.68,1.1,0.0
20220513:0910,895.01,58.49,20.4,1.45,0.0
20220513:1010,981.4,67.15,20.86,2.21,0.0
20220513:1110,1011.11,70.22,20.99,2.55,0.0
20220513:1210,971.8,65.45,20.91,2.62,0.0
20220513:1310,848.91,56.04,20.77,2.34,0.0
20220513:1410,658.39,44.91,20.76,2.14,0.0
20220513:1510,454.11,33.22,20.59,1.93,0.0
20220513:1610,223.78,21.44,20.24,1.66,0.0
20220513:1710,48.08,9.88,19.65,1.31,0.0
20220513:1810,0.0,0.0,18.84,0.97,0.0
20220513:1910,0.0,0.0,17.37,1.03,0.0
20220513:2010,0.0,0.0,16.9,0.97,0.0
20220513:2110,0.0,0.0,17.16,0.69,0.0
20220513:2210,0.0,0.0,17.04,0.69,0.0
20220513:2310,0.0,0.0,16.83,1.03,0.0
20220514:0010,0.0,0.0,15.43,1.38,0.0
20220514:0110,0.0,0.0,14.9,1.45,0.0
20220514:0210,0.0,0.0,15.03,1.45,0.0
20220514:0310,0.0,0.0,15.61,1.24,0.0
20220514:0410,1.78,1.53,15.91,1.1,0.0
20220514:0510,91.0,12.73,16.64,0.9,0.0
20220514:0610,309.07,24.36,16.79,0.34,0.0
20220514:0710,535.58,36.14,19.35,0.55,0.0
20220514:0810,754.01,47.77,20.16,1.59,0.0
20220514:0910,924.08,58.66,20.52,2.07,0.0
20220514:1010,1030.24,67.37,20.89,2.14,0.0
20220514:1110,1060.73,70.46,21.24,2.07,0.0
20220514:1210,1022.18,65.65,21.52,2.07,0.0
20220514:1310,888.47,56.2,21.61,2.28,0.0
20220514:1410,688.45,45.06,21.48,2.41,0.0
20220514:1510,467.34,33.35,21.09,2.14,0.0
20220514:1610,228.93,21.58,20.61,1.66,0.0
20220514:1710,48.08,10.03,20.03,1.24,0.0
20220514:1810,0.0,0.0,19.14,0.97,0.0
20220514:1910,0.0,0.0,17.64,1.45,0.0
20220514:2010,0.0,0.0,16.47,1.72,0.0
20220514:2110,0.0,0.0,15.4,1.66,0.0
20220514:2210,0.0,0.0,15.65,1.31,0.0
20220514:2310,0.0,0.0,16.08,1.17,0.0
20220515:0010,0.0,0.0,16.28,1.1,0.0
20220515:0110,0.0,0.0,16.36,1.1,0.0
20220515:0210,0.0,0.0,15.48,1.24,0.0
20220515:0310,0.0,0.0,14.6,1.45,0.0
20220515:0410,1.78,1.68,14.59,1.45,0.0
20220515:0510,91.33,12.87,14.87,1.31,0.0
20220515:0610,308.1,24.49,16.89,0.83,0.0
20220515:0710,533.14,36.28,19.46,1.17,0.0
20220515:0810,741.08,47.91,20.12,1.86,0.0
20220515:0910,897.95,58.83,20.63,2.28,0.0
20220515:1010,989.79,67.58,21.13,2.48,0.0
20220515:1110,1019.38,70.7,21.64,2.55,0.0
20220515:1210,973.55,65.85,21.96,2.55,0.0
20220515:1310,851.76,56.36,22.13,2.69,0.0
20220515:1410,664.07,45.2,22.05,2.62,0.0
20220515:1510,456.01,33.49,21.82,2.41,0.0
20220515:1610,224.74,21.71,21.37,2.07,0.0
20220515:1710,48.97,10.17,20.7,1.72,0.0
20220515:1810,0.0,0.0,19.84,1.45,0.0
20220515:1910,0.0,0.0,18.72,1.52,0.0
20220515:2010,0.0,0.0,17.46,1.38,0.0
20220515:2110,0.0,0.0,16.79,1.31,0.0
20220515:2210,0.0,0.0,16.61,1.24,0.0
20220515:2310,0.0,0.0,16.19,1.24,0.0
20220516:0010,0.0,0.0,15.74,1.31,0.0
20220516:0110,0.0,0.0,15.68,1.31,0.0
20220516:0210,0.0,0.0,16.01,1.17,0.0
20220516:0310,0.0,0.0,16.15,1.24,0.0
20220516:0410,2.67,1.83,15.75,1.31,0.0
20220516:0510,92.17,13.0,15.43,1.38,0.0
20220516:0610,309.01,24.62,18.07,0.97,0.0
20220516:0710,534.03,36.4,19.92,1.31,0.0
20220516:0810,746.96,48.05,20.72,2.07,0.0
20220516:0910,919.56,58.99,21.12,2.62,0.0
20220516:1010,1019.24,67.78,21.38,2.76,0.0
20220516:1110,1049.69,70.93,21.66,2.76,0.0
20220516:1210,1012.33,66.04,21.81,2.76,0.0
20220516:1310,885.03,56.52,21.75,2.83,0.0
20220516:1410,689.17,45.33,21.54,2.69,0.0
20220516:1510,465.88,33.62,21.17,2.34,0.0
20220516:1610,228.24,21.85,20.65,1.93,0.0
20220516:1710,52.53,10.31,19.93,1.59,0.0
20220516:1810,0.0,0.0,18.96,1.17,0.0
20220516:1910,0.0,0.0,17.77,1.03,0.0
20220516:2010,0.0,0.0,17.12,0.83,0.0
20220516:2110,0.0,0.0,17.29,0.9,0.0
20220516:2210,0.0,0.0,17.13,0.97,0.0
20220516:2310,0.0,0.0,16.8,1.1,0.0
20220517:0010,0.0,0.0,16.87,1.1,0.0
20220517:0110,0.0,0.0,16.97,0.97,0.0
20220517:0210,0.0,0.0,16.81,0.83,0.0
20220517:0310,0.0,0.0,16.77,0.55,0.0
20220517:0410,3.56,1.97,16.76,0.41,0.0
20220517:0510,92.74,13.13,16.84,0.55,0.0
20220517:0610,309.31,24.74,17.15,0.69,0.0
20220517:0710,528.21,36.53,19.01,1.1,0.0
20220517:0810,738.17,48.18,20.04,1.66,0.0
20220517:0910,868.59,59.14,20.97,2.0,0.0
20220517:1010,973.73,67.98,21.74,2.14,0.0
20220517:1110,1008.66,71.16,22.26,2.14,0.0
20220517:1210,975.42,66.23,22.58,2.21,0.0
20220517:1310,847.72,56.67,22.75,2.34,0.0
20220517:1410,665.06,45.47,22.53,2.28,0.0
20220517:1510,455.84,33.75,22.29,2.0,0.0
20220517:1610,226.14,21.98,21.92,1.86,0.0
20220517:1710,49.86,10.45,21.3,1.72,0.0
20220517:1810,0.0,0.0,20.36,1.52,0.0
20220517:1910,0.0,0.0,18.96,1.59,0.0
20220517:2010,0.0,0.0,18.01,1.38,0.0
20220517:2110,0.0,0.0,17.4,1.03,0.0
20220517:2210,0.0,0.0,18.04,0.83,0.0
20220517:2310,0.0,0.0,18.08,0.83,0.0
20220518:0010,0.0,0.0,17.91,0.83,0.0
20220518:0110,0.0,0.0,17.79,0.76,0.0
20220518:0210,0.0,0.0,17.75,0.55,0.0
20220518:0310,0.0,0.0,17.77,0.48,0.0
20220518:0410,3.56,2.11,17.71,0.48,0.0
20220518:0510,92.91,13.26,17.67,0.76,0.0
20220518:0610,303.62,24.86,18.11,1.03,0.0
20220518:0710,529.69,36.64,19.3,1.79,0.0
20220518:0810,740.99,48.31,20.23,2.21,0.0
20220518:0910,902.94,59.29,21.02,2.48,0.0
20220518:1010,1006.44,68.17,21.61,2.62,0.0
20220518:1110,1030.62,71.38,22.0,2.62,0.0
20220518:1210,989.52,66.42,22.27,2.48,0.0
20220518:1310,860.26,56.82,22.41,2.28,0.0
20220518:1410,667.46,45.6,22.39,2.21,0.0
20220518:1510,450.42,33.88,22.07,2.21,0.0
20220518:1610,224.54,22.11,21.47,2.0,0.0
20220518:1710,52.53,10.59,20.65,1.66,0.0
20220518:1810,0.0,0.0,19.71,1.03,0.0
20220518:1910,0.0,0.0,18.89,0.69,0.0
20220518:2010,0.0,0.0,18.34,0.76,0.0
20220518:2110,0.0,0.0,18.65,0.55,0.0
20220518:2210,0.0,0.0,18.58,0.28,0.0
20220518:2310,0.0,0.0,18.49,0.48,0.0
20220519:0010,0.0,0.0,18.2,0.83,0.0
20220519:0110,0.0,0.0,17.71,0.97,0.0
20220519:0210,0.0,0.0,17.82,0.83,0.0
20220519:0310,0.0,0.0,18.34,0.55,0.0
20220519:0410,3.56,2.24,18.33,0.21,0.0
20220519:0510,94.37,13.38,18.42,0.21,0.0
20220519:0610,250.34,24.97,19.23,0.9,0.0
20220519:0710,473.02,36.75,20.51,1.66,0.0
20220519:0810,699.17,48.42,21.17,2.14,0.0
20220519:0910,884.64,59.43,21.7,2.41,0.0
20220519:1010,997.11,68.36,22.17,2.69,0.0
20220519:1110,1037.88,71.6,22.44,2.97,0.0
20220519:1210,985.53,66.61,22.48,3.24,0.0
20220519:1310,862.44,56.97,22.2,3.72,0.0
20220519:1410,679.51,45.73,21.72,3.79,0.0
20220519:1510,460.57,34.0,21.23,3.59,0.0
20220519:1610,229.17,22.24,20.71,3.1,0.0
20220519:1710,50.75,10.73,20.12,2.48,0.0
20220519:1810,0.0,0.0,19.43,1.66,0.0
20220519:1910,0.0,0.0,18.64,1.93,0.0
20220519:2010,0.0,0.0,17.95,1.66,0.0
20220519:2110,0.0,0.0,16.88,1.17,0.0
20220519:2210,0.0,0.0,16.8,1.03,0.0
20220519:2310,0.0,0.0,16.61,1.1,0.0
20220520:0010,0.0,0.0,16.26,1.24,0.0
20220520:0110,0.0,0.0,15.77,1.38,0.0
20220520:0210,0.0,0.0,15.6,1.31,0.0
20220520:0310,0.0,0.0,15.66,1.24,0.0
20220520:0410,5.34,2.36,15.56,1.31,0.0
20220520:0510,94.77,13.49,15.53,1.31,0.0
20220520:0610,315.9,25.08,18.41,1.03,0.0
20220520:0710,546.42,36.86,19.78,1.24,0.0
20220520:0810,759.01,48.54,20.78,1.72,0.0
20220520:0910,918.49,59.56,21.41,2.41,0.0
20220520:1010,1017.97,68.53,21.81,2.9,0.0
20220520:1110,1025.62,71.81,22.13,3.17,0.0
20220520:1210,990.85,66.78,22.23,3.31,0.0
20220520:1310,858.07,57.12,22.19,3.31,0.0
20220520:1410,677.72,45.86,21.95,3.31,0.0
20220520:1510,459.17,34.13,21.51,2.97,0.0
20220520:1610,230.7,22.37,20.9,2.48,0.0
20220520:1710,51.64,10.86,20.18,1.93,0.0
20220520:1810,0.0,0.0,19.38,1.38,0.0
20220520:1910,0.0,0.0,18.42,0.83,0.0
20220520:2010,0.0,0.0,18.04,0.69,0.0
20220520:2110,0.0,0.0,17.98,0.55,0.0
20220520:2210,0.0,0.0,17.62,0.41,0.0
20220520:2310,0.0,0.0,17.27,0.41,0.0
20220521:0010,0.0,0.0,16.97,0.55,0.0
20220521:0110,0.0,0.0,16.81,0.69,0.0
20220521:0210,0.0,0.0,16.59,0.9,0.0
20220521:0310,0.0,0.0,16.37,0.9,0.0
20220521:0410,6.23,2.49,16.26,0.69,0.0
20220521:0510,95.23,13.6,16.46,0.76,0.0
20220521:0610,315.22,25.18,17.1,0.69,0.0
20220521:0710,544.31,36.96,18.58,0.76,0.0
20220521:0810,762.07,48.65,19.63,0.9,0.0
20220521:0910,931.67,59.69,20.57,1.17,0.0
20220521:1010,1037.5,68.71,21.41,1.72,0.0
20220521:1110,1068.83,72.01,21.84,2.21,0.0
20220521:1210,1015.03,66.96,22.08,2.14,0.0
20220521:1310,892.84,57.26,22.27,1.93,0.0
20220521:1410,701.78,45.99,22.23,1.79,0.0
20220521:1510,473.88,34.25,22.18,1.93,0.0
20220521:1610,235.59,22.49,21.6,2.0,0.0
20220521:1710,50.75,11.0,20.71,1.59,0.0
20220521:1810,0.0,0.0,19.8,1.17,0.0
20220521:1910,0.0,0.0,18.29,1.31,0.0
20220521:2010,0.0,0.0,18.13,0.62,0.0
20220521:2110,0.0,0.0,17.95,0.69,0.0
20220521:2210,0.0,0.0,16.47,1.17,0.0
20220521:2310,0.0,0.0,15.97,1.31,0.0
20220522:0010,0.0,0.0,15.97,1.31,0.0
20220522:0110,0.0,0.0,16.65,1.17,0.0
20220522:0210,0.0,0.0,17.16,1.03,0.0
20220522:0310,0.0,0.0,17.23,0.9,0.0
20220522:0410,7.12,2.6,17.36,0.62,0.0
20220522:0510,95.16,13.71,17.7,0.55,0.0
20220522:0610,306.65,25.28,18.04,0.48,0.0
20220522:0710,533.65,37.06,20.75,0.69,0.0
20220522:0810,740.8,48.75,21.74,1.1,0.0
20220522:0910,896.33,59.82,22.53,1.72,0.0
20220522:1010,988.16,68.87,23.0,2.41,0.0
20220522:1110,1012.36,72.21,23.14,2.62,0.0
20220522:1210,951.51,67.13,23.41,2.41,0.0
20220522:1310,833.08,57.4,23.85,2.28,0.0
20220522:1410,656.09,46.12,24.11,2.21,0.0
20220522:1510,445.18,34.37,23.89,2.28,0.0
20220522:1610,226.41,22.62,23.32,2.14,0.0
20220522:1710,54.31,11.13,22.49,1.79,0.0
20220522:1810,0.0,0.0,21.5,1.38,0.0
20220522:1910,0.0,0.0,20.39,1.45,0.0
20220522:2010,0.0,0.0,19.15,1.38,0.0
20220522:2110,0.0,0.0,18.56,1.24,0.0
20220522:2210,0.0,0.0,18.67,1.17,0.0
20220522:2310,0.0,0.0,18.72,1.17,0.0
20220523:0010,0.0,0.0,19.44,0.97,0.0
20220523:0110,0.0,0.0,18.91,1.03,0.0
20220523:0210,0.0,0.0,17.26,1.52,0.0
20220523:0310,0.0,0.0,15.75,1.93,0.0
20220523:0410,6.23,2.71,15.24,2.07,0.0
20220523:0510,98.82,13.81,16.03,2.0,0.0
20220523:0610,293.26,25.37,20.07,1.59,0.0
20220523:0710,515.76,37.15,22.85,0.62,0.0
20220523:0810,722.06,48.84,23.99,1.03,0.0
20220523:0910,883.49,59.93,24.71,1.31,0.0
20220523:1010,984.26,69.03,25.48,1.24,0.0
20220523:1110,1008.47,72.41,26.08,1.52,0.0
20220523:1210,957.79,67.3,26.25,1.93,0.0
20220523:1310,843.83,57.54,26.17,2.07,0.0
20220523:1410,663.0,46.24,25.87,1.93,0.0
20220523:1510,448.22,34.49,25.66,1.66,0.0
20220523:1610,225.72,22.74,25.56,1.52,0.0
20220523:1710,58.77,11.26,25.11,1.38,0.0
20220523:1810,0.0,0.0,24.18,1.31,0.0
20220523:1910,0.0,0.0,22.29,2.14,0.0
20220523:2010,0.0,0.0,21.6,2.14,0.0
20220523:2110,0.0,0.0,21.04,1.93,0.0
20220523:2210,0.0,0.0,20.05,1.86,0.0
20220523:2310,0.0,0.0,19.23,1.93,0.0
20220524:0010,0.0,0.0,18.91,2.34,0.0
20220524:0110,0.0,0.0,18.76,2.76,0.0
20220524:0210,0.0,0.0,18.5,2.9,0.0
20220524:0310,0.0,0.0,18.19,2.76,0.0
20220524:0410,7.12,2.82,17.81,2.55,0.0
20220524:0510,100.91,13.9,18.47,2.41,0.0
20220524:0610,292.2,25.46,21.48,2.21,0.0
20220524:0710,511.99,37.23,24.19,1.72,0.0
20220524:0810,709.14,48.93,26.06,1.1,0.0
20220524:0910,841.93,60.04,27.19,0.9,0.0
20220524:1010,949.27,69.18,27.9,1.38,0.0
20220524:1110,983.99,72.6,28.4,1.93,0.0
20220524:1210,946.09,67.46,28.74,2.28,0.0
20220524:1310,828.98,57.67,28.95,2.55,0.0
20220524:1410,655.82,46.36,28.94,2.9,0.0
20220524:1510,442.22,34.61,28.7,3.17,0.0
20220524:1610,224.86,22.86,28.39,3.24,0.0
20220524:1710,58.77,11.39,27.79,2.97,0.0
20220524:1810,0.0,0.0,26.79,2.76,0.0
20220524:1910,0.0,0.0,25.43,2.83,0.0
20220524:2010,0.0,0.0,24.12,3.17,0.0
20220524:2110,0.0,0.0,22.76,3.24,0.0
20220524:2210,0.0,0.0,21.4,3.1,0.0
20220524:2310,0.0,0.0,20.19,2.9,0.0
20220525:0010,0.0,0.0,19.15,2.76,0.0
20220525:0110,0.0,0.0,18.53,2.83,0.0
20220525:0210,0.0,0.0,18.24,2.97,0.0
20220525:0310,0.0,0.0,18.15,3.17,0.0
20220525:0410,2.67,2.92,18.3,3.38,0.0
20220525:0510,97.74,13.99,19.58,3.45,0.0
20220525:0610,193.4,25.54,22.44,3.38,0.0
20220525:0710,476.73,37.31,25.38,3.17,0.0
20220525:0810,498.88,49.02,27.68,3.38,0.0
20220525:0910,230.5,60.15,29.31,3.66,0.0
20220525:1010,310.44,69.33,30.47,4.0,0.0
20220525:1110,472.51,72.78,31.05,4.62,0.0
20220525:1210,463.85,67.62,31.37,4.48,0.0
20220525:1310,198.65,57.81,31.51,3.93,0.0
20220525:1410,383.45,46.48,31.19,3.03,0.0
20220525:1510,402.03,34.73,30.82,2.34,0.0
20220525:1610,190.69,22.98,30.09,1.1,0.0
20220525:1710,66.78,11.51,28.83,1.45,0.0
20220525:1810,0.0,0.0,27.38,2.0,0.0
20220525:1910,0.0,0.0,25.24,1.86,0.0
20220525:2010,0.0,0.0,24.06,2.48,0.0
20220525:2110,0.0,0.0,23.17,3.03,0.0
20220525:2210,0.0,0.0,22.39,2.48,0.0
20220525:2310,0.0,0.0,21.13,2.41,0.0
20220526:0010,0.0,0.0,19.97,2.34,0.0
20220526:0110,0.0,0.0,19.57,2.0,0.0
20220526:0210,0.0,0.0,19.4,2.14,0.0
20220526:0310,0.0,0.0,19.9,2.41,0.0
20220526:0410,8.01,3.01,20.22,2.62,0.0
20220526:0510,101.68,14.07,20.72,2.55,0.0
20220526:0610,270.98,25.62,22.93,2.0,0.0
20220526:0710,393.51,37.39,24.67,1.03,0.0
20220526:0810,653.67,49.1,26.67,1.31,0.0
20220526:0910,783.15,60.25,27.99,1.93,0.0
20220526:1010,441.77,69.46,29.01,2.34,0.0
20220526:1110,237.06,72.96,29.88,2.83,0.0
20220526:1210,165.85,67.78,30.21,3.45,0.0
20220526:1310,619.57,57.93,29.87,3.86,0.0
20220526:1410,220.21,46.6,29.37,3.79,0.0
20220526:1510,208.09,34.84,28.87,3.45,0.0
20220526:1610,146.12,23.1,28.35,2.83,0.0
20220526:1710,45.41,11.64,27.84,1.93,0.0
20220526:1810,0.0,0.0,27.32,1.86,0.0
20220526:1910,0.0,0.0,26.08,1.17,0.0
20220526:2010,0.0,0.0,24.55,1.31,0.0
20220526:2110,0.0,0.0,23.85,1.17,0.0
20220526:2210,0.0,0.0,23.0,1.66,0.0
20220526:2310,0.0,0.0,22.59,1.66,0.0
20220527:0010,0.0,0.0,22.03,1.79,0.0
20220527:0110,0.0,0.0,21.03,2.0,0.0
20220527:0210,0.0,0.0,20.23,2.14,0.0
20220527:0310,0.0,0.0,19.71,2.0,0.0
20220527:0410,10.68,3.1,19.84,1.59,0.0
20220527:0510,30.92,14.15,21.06,1.03,0.0
20220527:0610,68.4,25.69,21.75,0.14,0.0
20220527:0710,255.6,37.46,23.28,0.69,0.0
20220527:0810,437.39,49.18,24.34,0.55,0.0
20220527:0910,203.33,60.34,25.95,1.66,0.0
20220527:1010,137.74,69.6,26.97,1.72,0.0
20220527:1110,552.21,73.13,27.75,1.17,0.0
20220527:1210,421.28,67.93,28.18,1.59,0.0
20220527:1310,572.27,58.06,28.4,1.59,0.0
20220527:1410,574.02,46.71,27.86,1.31,0.0
20220527:1510,94.64,34.96,27.01,1.45,0.0
20220527:1610,220.44,23.21,26.02,2.28,0.0
20220527:1710,56.98,11.76,24.67,3.17,0.0
20220527:1810,0.0,0.0,23.01,3.38,0.0
20220527:1910,0.0,0.0,21.15,3.1,0.0
20220527:2010,0.0,0.0,20.35,3.03,0.0
20220527:2110,0.0,0.0,19.77,2.69,0.0
20220527:2210,0.0,0.0,19.34,2.34,0.0
20220527:2310,0.0,0.0,18.93,1.59,0.0
20220528:0010,0.0,0.0,18.35,0.69,0.0
20220528:0110,0.0,0.0,17.55,0.97,0.0
20220528:0210,0.0,0.0,16.94,1.38,0.0
20220528:0310,0.0,0.0,16.95,1.86,0.0
20220528:0410,14.25,3.19,16.93,2.0,0.0
20220528:0510,96.29,14.23,17.72,2.14,0.0
20220528:0610,296.79,25.76,18.76,2.34,0.0
20220528:0710,505.76,37.52,19.94,3.45,0.0
20220528:0810,697.61,49.25,21.19,3.31,0.0
20220528:0910,133.99,60.42,21.92,2.28,0.0
20220528:1010,282.17,69.72,22.24,1.59,0.0
20220528:1110,424.07,73.29,22.32,1.1,0.0
20220528:1210,320.95,68.08,21.88,0.76,0.0
20220528:1310,301.3,58.18,20.89,0.62,0.0
20220528:1410,103.07,46.83,20.49,0.62,0.0
20220528:1510,106.82,35.07,19.13,0.28,0.0
20220528:1610,91.83,23.33,19.01,1.03,0.0
20220528:1710,70.34,11.88,18.96,0.97,0.0
20220528:1810,0.0,0.0,18.85,0.14,0.0
20220528:1910,0.0,0.0,18.27,1.38,0.0
20220528:2010,0.0,0.0,18.15,1.03,0.0
20220528:2110,0.0,0.0,17.9,1.31,0.0
20220528:2210,0.0,0.0,17.37,1.66,0.0
20220528:2310,0.0,0.0,16.94,2.07,0.0
20220529:0010,0.0,0.0,16.61,2.07,0.0
20220529:0110,0.0,0.0,16.41,2.28,0.0
20220529:0210,0.0,0.0,16.44,2.41,0.0
20220529:0310,0.0,0.0,16.45,2.55,0.0
20220529:0410,15.14,3.27,16.39,2.76,0.0
20220529:0510,98.17,14.3,16.86,2.97,0.0
20220529:0610,295.66,25.82,18.53,2.97,0.0
20220529:0710,516.43,37.58,20.95,2.62,0.0
20220529:0810,718.83,49.31,22.57,2.34,0.0
20220529:0910,875.02,60.5,23.81,2.0,0.0
20220529:1010,975.48,69.84,24.75,2.41,0.0
20220529:1110,1004.79,73.45,25.35,2.97,0.0
20220529:1210,961.32,68.22,25.8,3.66,0.0
20220529:1310,842.71,58.31,26.04,4.14,0.0
20220529:1410,667.87,46.94,26.01,4.34,0.0
20220529:1510,454.17,35.17,25.74,4.55,0.0
20220529:1610,233.19,23.44,25.27,4.55,0.0
20220529:1710,56.98,12.0,24.65,4.34,0.0
20220529:1810,0.0,0.0,23.66,3.66,0.0
20220529:1910,0.0,0.0,22.69,3.52,0.0
20220529:2010,0.0,0.0,21.58,3.38,0.0
20220529:2110,0.0,0.0,20.61,3.45,0.0
20220529:2210,0.0,0.0,19.91,3.79,0.0
20220529:2310,0.0,0.0,19.45,4.07,0.0
20220530:0010,0.0,0.0,19.17,4.21,0.0
20220530:0110,0.0,0.0,19.0,4.34,0.0
20220530:0210,0.0,0.0,18.95,4.21,0.0
20220530:0310,0.0,0.0,18.94,4.0,0.0
20220530:0410,16.03,3.34,19.0,3.86,0.0
20220530:0510,96.62,14.36,19.74,3.93,0.0
20220530:0610,296.13,25.87,21.86,3.72,0.0
20220530:0710,470.58,37.64,24.28,3.86,0.0
20220530:0810,728.75,49.37,26.27,3.45,0.0
20220530:0910,873.79,60.58,27.71,2.83,0.0
20220530:1010,984.19,69.95,28.52,2.48,0.0
20220530:1110,992.41,73.61,28.85,2.48,0.0
20220530:1210,955.14,68.36,29.06,2.83,0.0
20220530:1310,837.87,58.42,29.24,2.62,0.0
20220530:1410,667.9,47.05,29.49,2.34,0.0
20220530:1510,451.32,35.28,29.54,2.21,0.0
20220530:1610,231.94,23.55,29.14,2.07,0.0
20220530:1710,58.77,12.11,28.16,1.86,0.0
20220530:1810,0.0,0.0,27.14,1.52,0.0
20220530:1910,0.0,0.0,25.51,2.07,0.0
20220530:2010,0.0,0.0,24.05,2.14,0.0
20220530:2110,0.0,0.0,22.81,2.28,0.0
20220530:2210,0.0,0.0,21.45,2.48,0.0
20220530:2310,0.0,0.0,20.55,2.9,0.0
20220531:0010,0.0,0.0,20.0,3.03,0.0
20220531:0110,0.0,0.0,19.94,2.48,0.0
20220531:0210,0.0,0.0,20.46,1.66,0.0
20220531:0310,0.0,0.0,19.99,1.52,0.0
20220531:0410,12.47,3.41,18.33,2.0,0.0
20220531:0510,102.68,14.42,19.01,1.86,0.0
20220531:0610,294.38,25.93,22.66,1.31,0.0
20220531:0710,504.77,37.69,26.18,2.14,0.0
20220531:0810,697.86,49.42,28.03,1.45,0.0
20220531:0910,821.47,60.65,29.17,0.83,0.0
20220531:1010,946.47,70.06,30.03,0.83,0.0
20220531:1110,965.68,73.75,30.67,1.03,0.0
20220531:1210,878.59,68.49,31.22,0.83,0.0
20220531:1310,785.78,58.54,30.65,1.86,0.0
20220531:1410,537.29,47.15,29.13,2.34,0.0
20220531:1510,441.22,35.38,27.94,1.79,0.0
20220531:1610,224.24,23.65,27.1,1.24,0.0
20220531:1710,73.01,12.22,26.44,0.83,0.0
20220531:1810,0.0,0.0,25.84,0.76,0.0
20220531:1910,0.0,0.0,25.33,0.76,0.0
20220531:2010,0.0,0.0,23.91,1.31,0.0
20220531:2110,0.0,0.0,23.62,0.55,0.0
20220531:2210,0.0,0.0,23.14,0.48,0.0
20220531:2310,0.0,0.0,22.83,0.55,0.0
20220601:0010,0.0,0.0,22.57,0.34,0.0
20220601:0110,0.0,0.0,22.17,0.28,0.0
20220601:0210,0.0,0.0,21.86,0.62,0.0
20220601:0310,0.0,0.0,21.69,0.97,0.0
20220601:0410,14.25,3.47,20.63,1.24,0.0
20220601:0510,103.09,14.47,20.4,1.31,0.0
20220601:0610,284.38,25.97,23.67,1.1,0.0
20220601:0710,500.56,37.73,25.19,0.62,0.0
20220601:0810,700.41,49.47,26.42,1.31,0.0
20220601:0910,847.44,60.71,27.21,1.93,0.0
20220601:1010,950.29,70.16,27.74,2.41,0.0
20220601:1110,974.61,73.9,28.18,2.69,0.0
20220601:1210,932.85,68.62,28.44,2.76,0.0
20220601:1310,810.28,58.65,28.5,2.76,0.0
20220601:1410,644.02,47.26,28.31,2.9,0.0
20220601:1510,441.39,35.49,27.87,2.97,0.0
20220601:1610,229.53,23.76,27.12,2.83,0.0
20220601:1710,64.11,12.33,26.13,2.34,0.0
20220601:1810,0.0,0.0,25.07,1.59,0.0
20220601:1910,0.0,0.0,24.67,1.59,0.0
20220601:2010,0.0,0.0,23.83,1.1,0.0
20220601:2110,0.0,0.0,23.54,0.83,0.0
20220601:2210,0.0,0.0,23.69,0.48,0.0
20220601:2310,0.0,0.0,22.38,1.1,0.0
20220602:0010,0.0,0.0,20.48,1.66,0.0
20220602:0110,0.0,0.0,19.89,1.79,0.0
20220602:0210,0.0,0.0,19.66,1.79,0.0
20220602:0310,0.0,0.0,19.63,1.66,0.0
20220602:0410,16.03,3.53,19.82,1.52,0.0
20220602:0510,97.96,14.52,20.36,1.52,0.0
20220602:0610,298.13,26.02,23.68,1.38,0.0
20220602:0710,522.22,37.77,25.72,1.31,0.0
20220602:0810,728.1,49.51,26.81,2.14,0.0
20220602:0910,885.65,60.77,27.48,2.69,0.0
20220602:1010,987.32,70.25,28.04,3.03,0.0
20220602:1110,1013.75,74.03,28.46,3.1,0.0
20220602:1210,943.93,68.75,28.84,3.17,0.0
20220602:1310,821.21,58.76,29.12,3.1,0.0
20220602:1410,652.63,47.36,29.19,2.9,0.0
20220602:1510,446.63,35.59,28.97,2.69,0.0
20220602:1610,234.79,23.86,28.49,2.34,0.0
20220602:1710,62.33,12.44,27.66,2.0,0.0
20220602:1810,2.67,1.57,26.73,1.66,0.0
20220602:1910,0.0,0.0,26.09,0.62,0.0
20220602:2010,0.0,0.0,25.59,0.69,0.0
20220602:2110,0.0,0.0,24.01,1.31,0.0
20220602:2210,0.0,0.0,23.0,1.52,0.0
20220602:2310,0.0,0.0,22.15,1.66,0.0
20220603:0010,0.0,0.0,21.41,2.0,0.0
20220603:0110,0.0,0.0,21.01,2.0,0.0
20220603:0210,0.0,0.0,20.93,1.79,0.0
20220603:0310,0.0,0.0,20.57,1.66,0.0
20220603:0410,16.03,3.59,20.29,1.72,0.0
20220603:0510,103.57,14.56,20.73,1.66,0.0
20220603:0610,283.0,26.05,24.69,1.17,0.0
20220603:0710,503.99,37.81,27.3,0.9,0.0
20220603:0810,700.4,49.55,28.71,1.59,0.0
20220603:0910,847.33,60.82,29.88,1.72,0.0
20220603:1010,966.06,70.33,30.81,1.45,0.0
20220603:1110,969.43,74.16,30.91,2.41,0.0
20220603:1210,949.37,68.87,30.59,2.69,0.0
20220603:1310,829.94,58.86,30.24,2.34,0.0
20220603:1410,661.76,47.45,30.22,2.14,0.0
20220603:1510,453.16,35.68,30.26,2.14,0.0
20220603:1610,233.62,23.96,30.24,1.86,0.0
20220603:1710,65.89,12.54,29.94,0.97,0.0
20220603:1810,2.67,1.68,28.97,0.41,0.0
20220603:1910,0.0,0.0,25.94,2.21,0.0
20220603:2010,0.0,0.0,24.47,1.1,0.0
20220603:2110,0.0,0.0,23.38,1.45,0.0
20220603:2210,0.0,0.0,22.65,1.66,0.0
20220603:2310,0.0,0.0,24.37,0.76,0.0
20220604:0010,0.0,0.0,23.97,0.76,0.0
20220604:0110,0.0,0.0,21.98,1.38,0.0
20220604:0210,0.0,0.0,20.77,1.86,0.0
20220604:0310,0.0,0.0,20.71,2.0,0.0
20220604:0410,16.03,3.63,21.58,1.59,0.0
20220604:0510,101.56,14.6,22.64,1.03,0.0
20220604:0610,285.84,26.09,24.45,0.48,0.0
20220604:0710,499.6,37.84,27.03,2.62,0.0
20220604:0810,680.92,49.59,27.18,2.28,0.0
20220604:0910,850.07,60.87,27.91,1.38,0.0
20220604:1010,942.9,70.41,29.12,1.31,0.0
20220604:1110,978.3,74.28,30.66,3.03,0.0
20220604:1210,932.68,68.99,31.87,3.66,0.0
20220604:1310,815.01,58.97,32.86,3.17,0.0
20220604:1410,648.59,47.55,33.32,1.59,0.0
20220604:1510,441.25,35.78,32.78,2.07,0.0
20220604:1610,232.12,24.06,31.05,2.41,0.0
20220604:1710,66.78,12.64,29.31,1.79,0.0
20220604:1810,2.67,1.79,27.9,1.31,0.0
20220604:1910,0.0,0.0,26.18,1.31,0.0
20220604:2010,0.0,0.0,25.33,0.69,0.0
20220604:2110,0.0,0.0,25.22,0.55,0.0
20220604:2210,0.0,0.0,24.22,1.1,0.0
20220604:2310,0.0,0.0,23.45,1.52,0.0
20220605:0010,0.0,0.0,23.67,1.38,0.0
20220605:0110,0.0,0.0,23.99,1.24,0.0
20220605:0210,0.0,0.0,23.81,1.24,0.0
20220605:0310,0.0,0.0,24.56,0.97,0.0
20220605:0410,17.81,3.68,24.69,0.76,0.0
20220605:0510,101.47,14.64,24.98,0.76,0.0
20220605:0610,284.28,26.12,25.74,0.41,0.0
20220605:0710,501.06,37.87,28.28,1.24,0.0
20220605:0810,697.27,49.62,29.82,1.03,0.0
20220605:0910,852.92,60.91,30.94,0.48,0.0
20220605:1010,951.87,70.48,31.55,1.72,0.0
20220605:1110,982.25,74.39,31.98,2.55,0.0
20220605:1210,925.89,69.1,32.74,2.55,0.0
20220605:1310,814.17,59.07,33.37,1.59,0.0
20220605:1410,641.4,47.64,32.8,1.59,0.0
20220605:1510,443.44,35.87,31.07,3.17,0.0
20220605:1610,232.11,24.15,29.39,3.52,0.0
20220605:1710,56.25,12.74,28.17,2.28,0.0
20220605:1810,2.67,1.89,27.34,0.62,0.0
20220605:1910,0.0,0.0,25.89,1.17,0.0
20220605:2010,0.0,0.0,25.03,1.1,0.0
20220605:2110,0.0,0.0,23.84,1.38,0.0
20220605:2210,0.0,0.0,23.34,0.83,0.0
20220605:2310,0.0,0.0,22.19,1.31,0.0
20220606:0010,0.0,0.0,22.53,2.28,0.0
20220606:0110,0.0,0.0,22.72,2.69,0.0
20220606:0210,0.0,0.0,22.61,3.03,0.0
20220606:0310,0.0,0.0,22.29,2.76,0.0
20220606:0410,17.81,3.71,21.78,2.28,0.0
20220606:0510,69.54,14.67,22.06,1.72,0.0
20220606:0610,252.06,26.14,24.62,1.17,0.0
20220606:0710,487.95,37.89,25.92,1.24,0.0
20220606:0810,688.19,49.64,27.43,1.24,0.0
20220606:0910,851.98,60.94,28.15,1.66,0.0
20220606:1010,939.95,70.55,28.74,2.0,0.0
20220606:1110,939.07,74.5,29.09,3.24,0.0
20220606:1210,910.37,69.21,28.97,3.52,0.0
20220606:1310,809.82,59.16,28.76,3.31,0.0
20220606:1410,650.44,47.74,28.31,2.76,0.0
20220606:1510,447.5,35.96,27.88,2.34,0.0
20220606:1610,233.05,24.24,27.15,2.48,0.0
20220606:1710,61.03,12.84,26.04,2.07,0.0
20220606:1810,3.56,1.99,24.9,1.31,0.0
20220606:1910,0.0,0.0,23.57,0.41,0.0
20220606:2010,0.0,0.0,23.01,0.48,0.0
20220606:2110,0.0,0.0,22.26,0.97,0.0
20220606:2210,0.0,0.0,22.77,0.55,0.0
20220606:2310,0.0,0.0,22.6,0.48,0.0
20220607:0010,0.0,0.0,22.3,0.48,0.0
20220607:0110,0.0,0.0,21.95,0.41,0.0
20220607:0210,0.0,0.0,21.69,0.41,0.0
20220607:0310,0.0,0.0,21.51,0.21,0.0
20220607:0410,16.92,3.75,21.45,0.48,0.0
20220607:0510,102.63,14.69,21.76,0.41,0.0
20220607:0610,283.3,26.16,23.23,0.41,0.0
20220607:0710,497.03,37.9,24.36,1.03,0.0
20220607:0810,701.2,49.66,25.7,1.66,0.0
20220607:0910,863.83,60.97,26.71,1.86,0.0
20220607:1010,963.99,70.61,27.38,2.07,0.0
20220607:1110,989.5,74.61,27.84,2.34,0.0
20220607:1210,943.8,69.31,28.04,2.83,0.0
20220607:1310,838.69,59.26,27.89,3.1,0.0
20220607:1410,657.1,47.82,27.46,2.9,0.0
20220607:1510,462.25,36.05,26.99,2.48,0.0
20220607:1610,240.98,24.33,26.45,2.07,0.0
20220607:1710,49.25,12.93,25.73,1.52,0.0
20220607:1810,3.56,2.09,24.91,0.9,0.0
20220607:1910,0.0,0.0,24.05,0.55,0.0
20220607:2010,0.0,0.0,23.75,0.48,0.0
20220607:2110,0.0,0.0,22.83,1.17,0.0
20220607:2210,0.0,0.0,22.17,1.31,0.0
20220607:2310,0.0,0.0,21.98,1.24,0.0
20220608:0010,0.0,0.0,22.0,1.24,0.0
20220608:0110,0.0,0.0,22.17,1.1,0.0
20220608:0210,0.0,0.0,21.93,1.17,0.0
20220608:0310,0.0,0.0,21.91,1.17,0.0
20220608:0410,9.79,3.77,21.99,1.1,0.0
20220608:0510,93.97,14.71,22.66,0.9,0.0
20220608:0610,291.51,26.17,24.05,0.14,0.0
20220608:0710,527.07,37.92,25.44,0.69,0.0
20220608:0810,730.63,49.67,26.33,1.52,0.0
20220608:0910,885.77,61.0,26.9,2.14,0.0
20220608:1010,978.75,70.66,27.27,2.28,0.0
20220608:1110,1016.12,74.7,27.64,2.34,0.0
20220608:1210,964.14,69.41,27.96,2.55,0.0
20220608:1310,838.75,59.35,27.97,2.97,0.0
20220608:1410,580.2,47.91,27.73,3.1,0.0
20220608:1510,460.32,36.13,27.23,2.97,0.0
20220608:1610,231.9,24.42,26.63,2.55,0.0
20220608:1710,76.47,13.02,25.82,1.93,0.0
20220608:1810,3.56,2.18,24.95,1.03,0.0
20220608:1910,0.0,0.0,23.99,1.17,0.0
20220608:2010,0.0,0.0,23.51,0.41,0.0
20220608:2110,0.0,0.0,23.03,1.17,0.0
20220608:2210,0.0,0.0,22.69,0.28,0.0
20220608:2310,0.0,0.0,22.39,0.21,0.0
20220609:0010,0.0,0.0,21.05,0.97,0.0
20220609:0110,0.0,0.0,20.85,1.72,0.0
20220609:0210,0.0,0.0,21.22,2.28,0.0
20220609:0310,0.0,0.0,21.24,2.34,0.0
20220609:0410,8.9,3.8,20.76,1.86,0.0
20220609:0510,70.65,14.73,21.63,1.93,0.0
20220609:0610,179.4,26.18,23.13,2.69,0.0
20220609:0710,296.15,37.92,24.93,4.48,0.0
20220609:0810,523.78,49.68,25.64,5.66,0.0
20220609:0910,448.0,61.02,25.75,5.45,0.0
20220609:1010,704.77,70.71,25.85,5.03,0.0
20220609:1110,805.47,74.79,26.17,4.97,0.0
20220609:1210,501.11,69.51,26.09,4.97,0.0
20220609:1310,622.58,59.43,26.32,5.17,0.0
20220609:1410,561.94,47.99,26.35,5.59,0.0
20220609:1510,428.84,36.21,25.72,6.07,0.0
20220609:1610,237.84,24.5,24.74,6.48,0.0
20220609:1710,50.13,13.1,23.83,6.14,0.0
20220609:1810,6.23,2.27,23.01,5.38,0.0
20220609:1910,0.0,0.0,22.32,4.55,0.0
20220609:2010,0.0,0.0,21.78,4.21,0.0
20220609:2110,0.0,0.0,21.32,4.21,0.0
20220609:2210,0.0,0.0,21.05,4.41,0.0
20220609:2310,0.0,0.0,20.77,4.9,0.0
20220610:0010,0.0,0.0,20.62,5.45,0.0
20220610:0110,0.0,0.0,20.6,5.86,0.0
20220610:0210,0.0,0.0,20.54,5.93,0.0
20220610:0310,0.0,0.0,20.48,5.79,0.0
20220610:0410,18.7,3.81,20.27,5.72,0.0
20220610:0510,101.69,14.74,20.39,6.0,0.0
20220610:0610,150.55,26.19,20.76,6.62,0.0
20220610:0710,375.71,37.93,20.97,7.59,0.0
20220610:0810,593.94,49.69,20.51,6.69,0.0
20220610:0910,712.75,61.03,21.4,5.72,0.0
20220610:1010,722.12,70.75,22.29,5.93,0.0
20220610:1110,965.25,74.87,22.8,6.14,0.0
20220610:1210,921.13,69.6,23.14,5.86,0.0
20220610:1310,729.54,59.52,23.31,5.79,0.0
20220610:1410,660.08,48.07,23.22,5.59,0.0
20220610:1510,463.56,36.29,23.03,5.52,0.0
20220610:1610,239.23,24.58,22.69,5.31,0.0
20220610:1710,51.39,13.19,22.12,4.76,0.0
20220610:1810,6.23,2.36,21.56,4.0,0.0
20220610:1910,0.0,0.0,21.11,3.86,0.0
20220610:2010,0.0,0.0,20.76,3.31,0.0
20220610:2110,0.0,0.0,20.49,2.97,0.0
20220610:2210,0.0,0.0,20.29,2.62,0.0
20220610:2310,0.0,0.0,20.1,2.62,0.0
20220611:0010,0.0,0.0,19.97,2.55,0.0
20220611:0110,0.0,0.0,19.84,2.55,0.0
20220611:0210,0.0,0.0,19.73,2.34,0.0
20220611:0310,0.0,0.0,19.6,2.14,0.0
20220611:0410,18.7,3.83,19.41,1.93,0.0
20220611:0510,92.57,14.74,19.97,1.66,0.0
20220611:0610,293.84,26.19,21.45,1.93,0.0
20220611:0710,520.11,37.93,22.82,3.03,0.0
20220611:0810,716.36,49.69,23.66,3.24,0.0
20220611:0910,874.68,61.04,24.4,3.52,0.0
20220611:1010,967.53,70.78,24.94,3.66,0.0
20220611:1110,1005.0,74.95,25.23,3.72,0.0
20220611:1210,948.53,69.68,25.41,3.59,0.0
20220611:1310,831.52,59.6,25.5,3.45,0.0
20220611:1410,665.72,48.15,25.51,3.1,0.0
20220611:1510,458.48,36.37,25.38,2.83,0.0
20220611:1610,242.74,24.66,24.99,2.41,0.0
20220611:1710,51.97,13.27,24.3,2.07,0.0
20220611:1810,7.12,2.44,23.31,1.66,0.0
20220611:1910,0.0,0.0,22.1,1.52,0.0
20220611:2010,0.0,0.0,21.43,1.66,0.0
20220611:2110,0.0,0.0,20.81,1.72,0.0
20220611:2210,0.0,0.0,20.18,1.66,0.0
20220611:2310,0.0,0.0,19.52,1.72,0.0
20220612:0010,0.0,0.0,18.88,1.52,0.0
20220612:0110,0.0,0.0,18.64,1.17,0.0
20220612:0210,0.0,0.0,18.4,1.17,0.0
20220612:0310,0.0,0.0,17.88,1.38,0.0
20220612:0410,18.7,3.84,17.85,1.38,0.0
20220612:0510,94.6,14.75,18.42,1.24,0.0
20220612:0610,293.03,26.19,21.31,1.31,0.0
20220612:0710,515.91,37.92,22.88,1.72,0.0
20220612:0810,714.24,49.69,23.91,2.28,0.0
20220612:0910,871.33,61.05,24.82,2.41,0.0
20220612:1010,972.87,70.81,25.66,2.48,0.0
20220612:1110,1005.49,75.02,26.29,2.69,0.0
20220612:1210,959.69,69.76,26.51,3.03,0.0
20220612:1310,849.55,59.67,26.35,3.03,0.0
20220612:1410,674.01,48.22,26.12,2.9,0.0
20220612:1510,466.03,36.44,25.72,2.76,0.0
20220612:1610,244.76,24.73,25.14,2.62,0.0
20220612:1710,52.94,13.34,24.35,2.34,0.0
20220612:1810,8.01,2.52,23.37,1.66,0.0
20220612:1910,0.0,0.0,22.08,1.17,0.0
20220612:2010,0.0,0.0,21.39,0.69,0.0
20220612:2110,0.0,0.0,21.12,0.55,0.0
20220612:2210,0.0,0.0,20.82,0.76,0.0
20220612:2310,0.0,0.0,20.91,0.76,0.0
20220613:0010,0.0,0.0,20.72,0.28,0.0
20220613:0110,0.0,0.0,20.54,0.69,0.0
20220613:0210,0.0,0.0,19.7,1.1,0.0
20220613:0310,0.0,0.0,18.79,1.31,0.0
20220613:0410,18.7,3.84,18.12,1.52,0.0
20220613:0510,93.35,14.74,18.59,1.59,0.0
20220613:0610,294.26,26.18,22.0,1.72,0.0
20220613:0710,520.36,37.91,23.25,2.62,0.0
20220613:0810,720.18,49.68,24.33,2.62,0.0
20220613:0910,878.61,61.05,25.46,2.69,0.0
20220613:1010,976.44,70.83,26.43,3.17,0.0
20220613:1110,998.3,75.08,26.9,3.45,0.0
20220613:1210,963.3,69.84,27.01,3.24,0.0
20220613:1310,849.56,59.74,26.93,3.03,0.0
20220613:1410,680.83,48.29,26.67,3.03,0.0
20220613:1510,473.36,36.51,26.14,2.9,0.0
20220613:1610,248.15,24.8,25.43,2.55,0.0
20220613:1710,53.11,13.41,24.61,2.07,0.0
20220613:1810,8.01,2.59,23.73,1.59,0.0
20220613:1910,0.0,0.0,22.65,0.83,0.0
20220613:2010,0.0,0.0,21.87,0.97,0.0
20220613:2110,0.0,0.0,21.01,1.03,0.0
20220613:2210,0.0,0.0,21.4,0.83,0.0
20220613:2310,0.0,0.0,21.24,0.76,0.0
20220614:0010,0.0,0.0,20.98,0.69,0.0
20220614:0110,0.0,0.0,20.7,0.62,0.0
20220614:0210,0.0,0.0,20.51,0.55,0.0
20220614:0310,0.0,0.0,20.37,0.76,0.0
20220614:0410,18.7,3.84,20.23,0.97,0.0
20220614:0510,92.37,14.73,20.27,0.9,0.0
20220614:0610,297.45,26.17,21.92,0.62,0.0
20220614:0710,516.66,37.9,23.43,1.1,0.0
20220614:0810,725.76,49.67,24.81,1.24,0.0
20220614:0910,890.3,61.04,25.96,1.86,0.0
20220614:1010,985.65,70.85,26.59,2.9,0.0
20220614:1110,1018.33,75.13,26.78,3.17,0.0
20220614:1210,953.31,69.91,27.09,2.97,0.0
20220614:1310,849.21,59.81,27.45,2.9,0.0
20220614:1410,680.59,48.36,27.62,2.9,0.0
20220614:1510,472.09,36.58,27.44,2.9,0.0
20220614:1610,248.04,24.87,26.89,2.97,0.0
20220614:1710,53.55,13.48,25.93,2.83,0.0
20220614:1810,8.01,2.66,24.8,2.21,0.0
20220614:1910,0.0,0.0,23.46,2.0,0.0
20220614:2010,0.0,0.0,22.98,1.86,0.0
20220614:2110,0.0,0.0,22.6,1.72,0.0
20220614:2210,0.0,0.0,21.65,1.38,0.0
20220614:2310,0.0,0.0,21.9,1.03,0.0
20220615:0010,0.0,0.0,22.64,0.83,0.0
20220615:0110,0.0,0.0,22.3,0.76,0.0
20220615:0210,0.0,0.0,21.47,0.97,0.0
20220615:0310,0.0,0.0,19.98,1.38,0.0
20220615:0410,18.7,3.83,19.44,1.52,0.0
20220615:0510,92.22,14.72,19.9,1.45,0.0
20220615:0610,293.1,26.16,23.73,1.03,0.0
20220615:0710,520.43,37.89,25.15,1.45,0.0
20220615:0810,728.59,49.65,26.39,1.79,0.0
20220615:0910,889.63,61.03,27.13,2.21,0.0
20220615:1010,989.87,70.86,27.65,2.62,0.0
20220615:1110,1018.75,75.18,27.88,2.97,0.0
20220615:1210,972.88,69.98,27.91,3.31,0.0
20220615:1310,853.24,59.88,27.75,3.24,0.0
20220615:1410,677.71,48.42,27.58,3.17,0.0
20220615:1510,470.61,36.65,27.17,3.03,0.0
20220615:1610,247.42,24.94,26.55,2.76,0.0
20220615:1710,56.12,13.55,25.79,2.21,0.0
20220615:1810,8.9,2.73,25.0,1.52,0.0
20220615:1910,0.0,0.0,24.0,1.59,0.0
20220615:2010,0.0,0.0,23.29,1.24,0.0
20220615:2110,0.0,0.0,22.17,1.03,0.0
20220615:2210,0.0,0.0,21.56,1.1,0.0
20220615:2310,0.0,0.0,21.9,0.97,0.0
20220616:0010,0.0,0.0,21.8,0.9,0.0
20220616:0110,0.0,0.0,21.5,0.9,0.0
20220616:0210,0.0,0.0,20.8,1.03,0.0
20220616:0310,0.0,0.0,19.1,1.45,0.0
20220616:0410,19.59,3.82,18.44,1.72,0.0
20220616:0510,91.05,14.71,19.84,1.38,0.0
20220616:0610,289.5,26.14,23.3,0.69,0.0
20220616:0710,511.99,37.86,24.91,0.69,0.0
20220616:0810,649.71,49.63,26.04,1.59,0.0
20220616:0910,459.63,61.02,26.79,2.28,0.0
20220616:1010,749.87,70.86,27.06,2.9,0.0
20220616:1110,946.69,75.22,27.08,2.83,0.0
20220616:1210,842.98,70.04,27.19,2.62,0.0
20220616:1310,829.28,59.94,27.62,3.1,0.0
20220616:1410,641.3,48.49,27.31,3.38,0.0
20220616:1510,457.58,36.71,26.86,3.24,0.0
20220616:1610,244.75,25.0,26.39,2.9,0.0
20220616:1710,61.58,13.61,25.84,2.34,0.0
20220616:1810,7.12,2.79,25.24,1.45,0.0
20220616:1910,0.0,0.0,24.85,1.38,0.0
20220616:2010,0.0,0.0,24.18,1.1,0.0
20220616:2110,0.0,0.0,23.19,1.03,0.0
20220616:2210,0.0,0.0,22.5,1.1,0.0
20220616:2310,0.0,0.0,22.0,1.17,0.0
20220617:0010,0.0,0.0,21.48,1.38,0.0
20220617:0110,0.0,0.0,21.73,1.31,0.0
20220617:0210,0.0,0.0,22.14,1.17,0.0
20220617:0310,0.0,0.0,21.65,1.17,0.0
20220617:0410,18.7,3.8,21.07,1.31,0.0
20220617:0510,93.02,14.69,21.53,1.17,0.0
20220617:0610,287.31,26.11,24.61,0.62,0.0
20220617:0710,509.11,37.84,26.39,0.83,0.0
20220617:0810,713.21,49.61,27.59,0.97,0.0
20220617:0910,871.54,61.0,28.33,1.93,0.0
20220617:1010,970.46,70.86,28.78,2.62,0.0
20220617:1110,999.41,75.26,29.07,2.9,0.0
20220617:1210,950.16,70.09,29.09,2.76,0.0
20220617:1310,842.62,60.0,29.17,2.62,0.0
20220617:1410,666.54,48.54,29.04,2.48,0.0
20220617:1510,463.6,36.76,28.76,2.48,0.0
20220617:1610,245.71,25.06,28.15,2.21,0.0
20220617:1710,68.37,13.67,27.31,2.0,0.0
20220617:1810,10.68,2.85,26.21,1.79,0.0
20220617:1910,0.0,0.0,24.3,2.14,0.0
20220617:2010,0.0,0.0,23.93,1.72,0.0
20220617:2110,0.0,0.0,23.53,1.52,0.0
20220617:2210,0.0,0.0,22.98,1.31,0.0
20220617:2310,0.0,0.0,22.16,1.45,0.0
20220618:0010,0.0,0.0,21.71,2.0,0.0
20220618:0110,0.0,0.0,21.24,2.07,0.0
20220618:0210,0.0,0.0,20.8,1.93,0.0
20220618:0310,0.0,0.0,20.68,1.72,0.0
20220618:0410,9.79,3.78,20.74,1.17,0.0
20220618:0510,100.75,14.66,21.78,0.9,0.0
20220618:0610,272.65,26.09,23.33,1.66,0.0
20220618:0710,457.44,37.81,24.0,2.41,0.0
20220618:0810,697.74,49.58,24.86,2.41,0.0
20220618:0910,848.55,60.98,25.65,2.34,0.0
20220618:1010,954.56,70.85,26.41,2.83,0.0
20220618:1110,983.54,75.28,26.82,3.59,0.0
20220618:1210,940.4,70.14,26.64,3.79,0.0
20220618:1310,829.73,60.05,26.73,3.72,0.0
20220618:1410,667.41,48.6,26.41,3.66,0.0
20220618:1510,466.57,36.82,26.09,3.66,0.0
20220618:1610,247.32,25.11,25.61,3.52,0.0
20220618:1710,58.49,13.72,24.81,3.31,0.0
20220618:1810,12.47,2.9,23.87,2.69,0.0
20220618:1910,0.0,0.0,23.47,1.93,0.0
20220618:2010,0.0,0.0,23.04,1.52,0.0
20220618:2110,0.0,0.0,22.51,1.17,0.0
20220618:2210,0.0,0.0,22.04,0.9,0.0
20220618:2310,0.0,0.0,22.13,0.62,0.0
20220619:0010,0.0,0.0,22.06,0.28,0.0
20220619:0110,0.0,0.0,21.8,0.41,0.0
20220619:0210,0.0,0.0,21.21,0.9,0.0
20220619:0310,0.0,0.0,19.86,1.31,0.0
20220619:0410,18.7,3.76,19.37,1.45,0.0
20220619:0510,92.49,14.63,20.33,1.52,0.0
20220619:0610,287.24,26.06,22.98,1.52,0.0
20220619:0710,508.41,37.78,24.42,1.24,0.0
20220619:0810,709.97,49.55,25.59,1.1,0.0
20220619:0910,853.97,60.95,26.43,1.38,0.0
20220619:1010,961.24,70.83,26.97,2.14,0.0
20220619:1110,1001.03,75.3,26.81,2.83,0.0
20220619:1210,912.67,70.19,26.7,2.9,0.0
20220619:1310,831.56,60.1,25.99,3.1,0.0
20220619:1410,675.85,48.65,25.97,2.83,0.0
20220619:1510,446.21,36.87,25.88,2.48,0.0
20220619:1610,247.35,25.16,25.65,2.21,0.0
20220619:1710,69.78,13.77,25.03,1.72,0.0
20220619:1810,12.47,2.95,24.58,1.45,0.0
20220619:1910,0.0,0.0,23.97,1.17,0.0
20220619:2010,0.0,0.0,23.67,1.17,0.0
20220619:2110,0.0,0.0,22.99,1.1,0.0
20220619:2210,0.0,0.0,22.15,1.24,0.0
20220619:2310,0.0,0.0,21.74,1.31,0.0
20220620:0010,0.0,0.0,21.86,1.17,0.0
20220620:0110,0.0,0.0,22.13,1.03,0.0
20220620:0210,0.0,0.0,22.19,0.9,0.0
20220620:0310,0.0,0.0,22.08,0.83,0.0
20220620:0410,17.81,3.73,21.81,0.76,0.0
20220620:0510,94.23,14.6,22.01,0.55,0.0
20220620:0610,287.99,26.02,23.39,0.28,0.0
20220620:0710,507.66,37.74,24.47,0.76,0.0
20220620:0810,711.72,49.52,25.47,1.03,0.0
20220620:0910,871.12,60.92,26.36,1.79,0.0
20220620:1010,970.12,70.82,26.97,2.55,0.0
20220620:1110,999.19,75.32,27.4,3.03,0.0
20220620:1210,965.43,70.23,27.49,3.17,0.0
20220620:1310,848.39,60.15,27.69,3.31,0.0
20220620:1410,685.38,48.7,27.56,3.31,0.0
20220620:1510,476.82,36.92,27.21,2.97,0.0
20220620:1610,252.84,25.21,26.71,2.55,0.0
20220620:1710,58.83,13.82,26.01,2.14,0.0
20220620:1810,13.36,2.99,25.2,1.59,0.0
20220620:1910,0.0,0.0,24.05,1.17,0.0
20220620:2010,0.0,0.0,23.52,1.31,0.0
20220620:2110,0.0,0.0,22.98,0.97,0.0
20220620:2210,0.0,0.0,22.62,1.03,0.0
20220620:2310,0.0,0.0,21.84,1.31,0.0
20220621:0010,0.0,0.0,22.15,1.17,0.0
20220621:0110,0.0,0.0,22.43,1.03,0.0
20220621:0210,0.0,0.0,22.35,0.97,0.0
20220621:0310,0.0,0.0,21.83,1.17,0.0
20220621:0410,16.92,3.69,21.36,1.31,0.0
20220621:0510,100.1,14.56,22.11,0.97,0.0
20220621:0610,273.05,25.98,24.06,0.69,0.0
20220621:0710,487.53,37.71,25.68,0.28,0.0
20220621:0810,689.84,49.48,26.8,0.83,0.0
20220621:0910,852.15,60.88,27.77,1.1,0.0
20220621:1010,954.52,70.79,28.63,1.86,0.0
20220621:1110,983.61,75.32,29.06,2.69,0.0
20220621:1210,940.69,70.26,29.02,3.03,0.0
20220621:1310,832.25,60.19,28.89,3.03,0.0
20220621:1410,663.73,48.74,28.75,2.9,0.0
20220621:1510,459.29,36.96,28.57,2.69,0.0
20220621:1610,246.67,25.25,28.26,2.34,0.0
20220621:1710,73.33,13.86,27.79,1.66,0.0
20220621:1810,14.25,3.03,27.15,0.76,0.0
20220621:1910,0.0,0.0,25.67,1.86,0.0
20220621:2010,0.0,0.0,25.03,2.28,0.0
20220621:2110,0.0,0.0,24.47,1.72,0.0
20220621:2210,0.0,0.0,23.88,0.9,0.0
20220621:2310,0.0,0.0,22.16,1.59,0.0
20220622:0010,0.0,0.0,21.5,1.72,0.0
20220622:0110,0.0,0.0,21.0,1.79,0.0
20220622:0210,0.0,0.0,20.91,1.79,0.0
20220622:0310,0.0,0.0,20.63,2.28,0.0
20220622:0410,16.92,3.66,20.67,2.41,0.0
20220622:0510,98.59,14.52,21.66,2.28,0.0
20220622:0610,272.46,25.94,25.13,2.28,0.0
20220622:0710,485.18,37.66,27.87,1.86,0.0
20220622:0810,688.51,49.44,29.53,0.69,0.0
20220622:0910,850.89,60.84,30.35,0.97,0.0
20220622:1010,942.62,70.76,31.09,1.52,0.0
20220622:1110,971.73,75.32,31.82,1.66,0.0
20220622:1210,925.3,70.29,32.07,2.28,0.0
20220622:1310,818.62,60.23,31.69,2.07,0.0
20220622:1410,654.05,48.78,31.23,1.79,0.0
20220622:1510,454.56,37.0,30.69,1.93,0.0
20220622:1610,246.18,25.29,30.11,2.28,0.0
20220622:1710,71.54,13.9,29.38,2.14,0.0
20220622:1810,2.67,3.07,28.67,1.52,0.0
20220622:1910,0.0,0.0,28.14,0.62,0.0
20220622:2010,0.0,0.0,27.33,1.03,0.0
20220622:2110,0.0,0.0,26.2,1.45,0.0
20220622:2210,0.0,0.0,25.57,2.14,0.0
20220622:2310,0.0,0.0,24.74,1.93,0.0
20220623:0010,0.0,0.0,25.04,1.31,0.0
20220623:0110,0.0,0.0,24.93,1.17,0.0
20220623:0210,0.0,0.0,23.43,1.52,0.0
20220623:0310,0.0,0.0,23.36,1.38,0.0
20220623:0410,16.92,3.61,23.8,1.17,0.0
20220623:0510,99.24,14.48,23.03,1.17,0.0
20220623:0610,274.59,25.9,26.02,1.66,0.0
20220623:0710,487.23,37.62,28.75,0.83,0.0
20220623:0810,682.4,49.39,30.11,0.41,0.0
20220623:0910,843.45,60.8,30.92,0.83,0.0
20220623:1010,939.81,70.72,31.66,1.1,0.0
20220623:1110,973.84,75.32,32.09,2.28,0.0
20220623:1210,927.42,70.31,31.42,3.24,0.0
20220623:1310,820.68,60.26,30.35,3.24,0.0
20220623:1410,652.87,48.82,29.7,2.48,0.0
20220623:1510,450.95,37.04,29.61,2.62,0.0
20220623:1610,245.64,25.33,29.49,2.9,0.0
20220623:1710,75.04,13.93,28.87,2.62,0.0
20220623:1810,14.25,3.1,27.8,1.72,0.0
20220623:1910,0.0,0.0,26.2,1.38,0.0
20220623:2010,0.0,0.0,25.86,1.66,0.0
20220623:2110,0.0,0.0,25.78,2.21,0.0
20220623:2210,0.0,0.0,25.55,2.55,0.0
20220623:2310,0.0,0.0,24.85,2.34,0.0
20220624:0010,0.0,0.0,24.3,2.21,0.0
20220624:0110,0.0,0.0,23.83,2.07,0.0
20220624:0210,0.0,0.0,24.28,1.45,0.0
20220624:0310,0.0,0.0,25.56,0.41,0.0
20220624:0410,16.92,3.57,24.61,1.17,0.0
20220624:0510,94.94,14.43,25.1,0.48,0.0
20220624:0610,277.25,25.85,25.8,1.03,0.0
20220624:0710,490.15,37.57,27.57,2.0,0.0
20220624:0810,688.12,49.34,28.44,1.31,0.0
20220624:0910,847.03,60.75,29.54,0.9,0.0
20220624:1010,949.46,70.68,30.62,1.52,0.0
20220624:1110,978.67,75.3,31.16,2.28,0.0
20220624:1210,937.92,70.33,31.33,2.55,0.0
20220624:1310,833.2,60.29,31.55,2.62,0.0
20220624:1410,652.73,48.85,31.54,2.48,0.0
20220624:1510,461.39,37.07,31.17,2.55,0.0
20220624:1610,248.12,25.36,30.53,2.28,0.0
20220624:1710,71.06,13.96,29.67,1.86,0.0
20220624:1810,14.25,3.13,28.7,1.24,0.0
20220624:1910,0.0,0.0,27.93,1.52,0.0
20220624:2010,0.0,0.0,27.23,0.97,0.0
20220624:2110,0.0,0.0,26.06,1.52,0.0
20220624:2210,0.0,0.0,25.14,1.93,0.0
20220624:2310,0.0,0.0,24.59,2.0,0.0
20220625:0010,0.0,0.0,24.15,2.0,0.0
20220625:0110,0.0,0.0,23.62,1.79,0.0
20220625:0210,0.0,0.0,23.43,1.59,0.0
20220625:0310,0.0,0.0,23.31,1.38,0.0
20220625:0410,17.81,3.52,23.57,1.31,0.0
20220625:0510,98.61,14.38,23.61,1.45,0.0
20220625:0610,268.19,25.79,26.24,1.79,0.0
20220625:0710,490.96,37.52,28.08,1.52,0.0
20220625:0810,675.2,49.29,29.54,1.72,0.0
20220625:0910,839.68,60.7,30.65,1.93,0.0
20220625:1010,936.06,70.64,31.18,2.41,0.0
20220625:1110,976.06,75.28,31.38,2.9,0.0
20220625:1210,940.14,70.34,31.16,3.03,0.0
20220625:1310,823.83,60.32,31.02,2.97,0.0
20220625:1410,664.32,48.88,31.08,2.83,0.0
20220625:1510,461.62,37.1,31.12,2.55,0.0
20220625:1610,249.89,25.39,30.79,2.07,0.0
20220625:1710,72.38,13.99,29.97,1.86,0.0
20220625:1810,14.25,3.15,28.85,1.72,0.0
20220625:1910,0.0,0.0,28.46,1.59,0.0
20220625:2010,0.0,0.0,28.11,1.79,0.0
20220625:2110,0.0,0.0,27.48,1.59,0.0
20220625:2210,0.0,0.0,27.28,0.9,0.0
20220625:2310,0.0,0.0,27.23,0.48,0.0
20220626:0010,0.0,0.0,26.5,0.69,0.0
20220626:0110,0.0,0.0,26.0,0.97,0.0
20220626:0210,0.0,0.0,23.86,1.59,0.0
20220626:0310,0.0,0.0,22.87,2.0,0.0
20220626:0410,16.03,3.46,22.65,2.14,0.0
20220626:0510,95.34,14.32,23.75,1.93,0.0
20220626:0610,272.94,25.74,27.49,1.24,0.0
20220626:0710,490.1,37.46,31.1,1.1,0.0
20220626:0810,695.16,49.23,32.56,0.69,0.0
20220626:0910,852.0,60.65,33.34,0.28,0.0
20220626:1010,955.71,70.58,33.81,1.66,0.0
20220626:1110,986.04,75.25,34.21,2.69,0.0
20220626:1210,945.24,70.35,34.27,2.97,0.0
20220626:1310,832.21,60.34,34.35,3.03,0.0
20220626:1410,667.89,48.9,34.27,3.1,0.0
20220626:1510,462.01,37.13,33.98,3.1,0.0
20220626:1610,250.28,25.41,33.49,3.17,0.0
20220626:1710,73.47,14.01,32.92,2.97,0.0
20220626:1810,15.14,3.17,32.26,2.62,0.0
20220626:1910,0.0,0.0,31.43,2.48,0.0
20220626:2010,0.0,0.0,30.74,2.76,0.0
20220626:2110,0.0,0.0,29.88,3.03,0.0
20220626:2210,0.0,0.0,28.88,3.24,0.0
20220626:2310,0.0,0.0,28.18,3.45,0.0
20220627:0010,0.0,0.0,27.51,3.38,0.0
20220627:0110,0.0,0.0,26.46,3.03,0.0
20220627:0210,0.0,0.0,25.71,2.62,0.0
20220627:0310,0.0,0.0,24.91,2.55,0.0
20220627:0410,16.03,3.4,24.2,2.76,0.0
20220627:0510,92.18,14.26,24.79,2.62,0.0
20220627:0610,274.92,25.68,28.04,2.07,0.0
20220627:0710,495.98,37.4,31.79,2.41,0.0
20220627:0810,690.25,49.17,33.96,2.41,0.0
20220627:0910,850.46,60.59,35.53,2.41,0.0
20220627:1010,944.48,70.53,36.8,2.28,0.0
20220627:1110,974.83,75.22,37.26,1.38,0.0
20220627:1210,939.08,70.35,37.09,0.62,0.0
20220627:1310,831.97,60.35,36.76,1.38,0.0
20220627:1410,671.92,48.93,36.38,2.48,0.0
20220627:1510,469.16,37.15,35.83,2.9,0.0
20220627:1610,251.51,25.43,35.48,2.9,0.0
20220627:1710,72.84,14.03,35.04,2.76,0.0
20220627:1810,14.25,3.18,34.23,2.55,0.0
20220627:1910,0.0,0.0,32.84,2.28,0.0
20220627:2010,0.0,0.0,31.71,2.07,0.0
20220627:2110,0.0,0.0,29.83,1.79,0.0
20220627:2210,0.0,0.0,28.17,1.86,0.0
20220627:2310,0.0,0.0,27.13,2.28,0.0
20220628:0010,0.0,0.0,26.64,2.69,0.0
20220628:0110,0.0,0.0,26.2,3.03,0.0
20220628:0210,0.0,0.0,25.94,3.24,0.0
20220628:0310,0.0,0.0,25.7,3.31,0.0
20220628:0410,16.03,3.34,25.39,3.1,0.0
20220628:0510,92.69,14.2,25.81,2.69,0.0
20220628:0610,0.0,0.0,28.73,1.93,0.0
20220628:0710,0.0,0.0,31.74,0.48,0.0
20220628:0810,0.0,0.0,33.07,0.69,0.0
20220628:0910,852.53,60.52,33.57,1.93,0.0
20220628:1010,951.52,70.46,33.16,3.03,0.0
20220628:1110,981.93,75.17,32.59,2.34,0.0
20220628:1210,941.28,70.34,33.11,1.59,0.0
20220628:1310,829.54,60.36,33.69,1.45,0.0
20220628:1410,666.49,48.94,33.6,1.59,0.0
20220628:1510,464.48,37.17,32.92,1.52,0.0
20220628:1610,246.94,25.45,32.23,1.45,0.0
20220628:1710,75.26,14.04,31.13,1.79,0.0
20220628:1810,14.25,3.19,29.73,1.93,0.0
20220628:1910,0.0,0.0,28.61,0.83,0.0
20220628:2010,0.0,0.0,28.11,2.07,0.0
20220628:2110,0.0,0.0,27.32,2.0,0.0
20220628:2210,0.0,0.0,26.58,1.59,0.0
20220628:2310,0.0,0.0,25.65,1.66,0.0
20220629:0010,0.0,0.0,24.81,2.0,0.0
20220629:0110,0.0,0.0,24.0,1.52,0.0
20220629:0210,0.0,0.0,23.43,1.38,0.0
20220629:0310,0.0,0.0,23.25,1.93,0.0
20220629:0410,16.03,3.27,23.26,1.24,0.0
20220629:0510,0.0,0.0,23.79,0.48,0.0
20220629:0610,0.0,0.0,25.04,0.83,0.0
20220629:0710,0.0,0.0,26.46,1.59,0.0
20220629:0810,670.56,49.05,27.35,2.21,0.0
20220629:0910,800.77,60.46,28.06,2.76,0.0
20220629:1010,899.24,70.4,28.68,2.9,0.0
20220629:1110,943.65,75.12,29.14,3.03,0.0
20220629:1210,910.66,70.33,29.42,3.24,0.0
20220629:1310,806.75,60.37,29.48,3.24,0.0
20220629:1410,652.54,48.95,29.35,3.24,0.0
20220629:1510,457.03,37.18,28.82,3.24,0.0
20220629:1610,248.04,25.46,27.94,3.1,0.0
20220629:1710,74.69,14.05,26.93,2.69,0.0
20220629:1810,14.25,3.19,25.91,2.28,0.0
20220629:1910,0.0,0.0,24.86,2.34,0.0
20220629:2010,0.0,0.0,24.27,2.48,0.0
20220629:2110,0.0,0.0,23.97,2.41,0.0
20220629:2210,0.0,0.0,23.66,2.21,0.0
20220629:2310,0.0,0.0,23.38,1.93,0.0
20220630:0010,0.0,0.0,23.13,1.79,0.0
20220630:0110,0.0,0.0,22.98,2.07,0.0
20220630:0210,0.0,0.0,22.87,2.41,0.0
20220630:0310,0.0,0.0,22.74,2.28,0.0
20220630:0410,7.12,3.2,22.71,2.21,0.0
20220630:0510,93.44,14.07,23.11,3.1,0.0
20220630:0610,266.23,25.48,24.25,3.24,0.0
20220630:0710,488.73,37.21,26.13,2.21,0.0
20220630:0810,685.1,48.98,27.68,2.28,0.0
20220630:0910,846.39,60.39,28.8,3.24,0.0
20220630:1010,802.71,70.32,29.35,3.59,0.0
20220630:1110,960.15,75.07,29.74,3.45,0.0
20220630:1210,922.02,70.31,30.1,3.38,0.0
20220630:1310,808.51,60.37,30.35,3.31,0.0
20220630:1410,628.82,48.96,30.48,3.1,0.0
20220630:1510,426.1,37.19,30.28,2.83,0.0
20220630:1610,238.89,25.47,29.86,2.55,0.0
20220630:1710,86.25,14.05,29.21,2.0,0.0
20220630:1810,15.14,3.19,28.28,1.79,0.0
20220630:1910,0.0,0.0,27.7,1.38,0.0
20220630:2010,0.0,0.0,27.08,1.79,0.0
20220630:2110,0.0,0.0,26.42,2.07,0.0
20220630:2210,0.0,0.0,25.9,1.93,0.0
20220630:2310,0.0,0.0,25.44,1.72,0.0
20220701:0010,0.0,0.0,25.0,1.59,0.0
20220701:0110,0.0,0.0,24.5,1.59,0.0
20220701:0210,0.0,0.0,24.08,1.66,0.0
20220701:0310,0.0,0.0,23.98,1.38,0.0
20220701:0410,15.14,3.13,24.8,1.1,0.0
20220701:0510,44.04,13.99,25.53,0.62,0.0
20220701:0610,247.1,25.41,27.12,0.76,0.0
20220701:0710,431.42,37.14,29.17,2.0,0.0
20220701:0810,572.55,48.91,30.43,2.48,0.0
20220701:0910,814.21,60.31,31.5,2.55,0.0
20220701:1010,824.86,70.25,32.2,2.62,0.0
20220701:1110,949.68,75.0,32.63,2.41,0.0
20220701:1210,709.6,70.29,33.15,1.86,0.0
20220701:1310,765.61,60.37,33.73,0.9,0.0
20220701:1410,622.28,48.97,33.42,2.97,0.0
20220701:1510,201.91,37.2,31.99,2.9,0.0
20220701:1610,246.43,25.47,30.79,1.66,0.0
20220701:1710,84.75,14.05,30.65,1.59,0.0
20220701:1810,15.14,3.18,30.81,1.38,0.0
20220701:1910,0.0,0.0,29.34,2.41,0.0
20220701:2010,0.0,0.0,29.56,1.93,0.0
20220701:2110,0.0,0.0,29.44,0.76,0.0
20220701:2210,0.0,0.0,27.96,1.93,0.0
20220701:2310,0.0,0.0,27.88,0.83,0.0
20220702:0010,0.0,0.0,27.75,0.76,0.0
20220702:0110,0.0,0.0,27.67,0.83,0.0
20220702:0210,0.0,0.0,27.19,0.41,0.0
20220702:0310,0.0,0.0,26.53,0.41,0.0
20220702:0410,11.58,3.05,26.04,0.14,0.0
20220702:0510,94.55,13.92,26.04,0.41,0.0
20220702:0610,261.52,25.34,26.92,1.45,0.0
20220702:0710,479.18,37.06,28.25,1.93,0.0
20220702:0810,670.18,48.83,28.82,2.34,0.0
20220702:0910,829.35,60.24,29.4,2.76,0.0
20220702:1010,937.77,70.17,29.86,2.69,0.0
20220702:1110,974.25,74.93,30.44,2.48,0.0
20220702:1210,939.67,70.26,30.96,2.69,0.0
20220702:1310,833.55,60.36,31.04,3.1,0.0
20220702:1410,671.17,48.97,30.59,3.24,0.0
20220702:1510,467.52,37.2,29.84,2.97,0.0
20220702:1610,254.97,25.47,29.01,2.55,0.0
20220702:1710,71.52,14.05,28.09,2.14,0.0
20220702:1810,15.14,3.17,27.02,1.66,0.0
20220702:1910,0.0,0.0,25.76,1.24,0.0
20220702:2010,0.0,0.0,25.14,1.45,0.0
20220702:2110,0.0,0.0,24.55,1.38,0.0
20220702:2210,0.0,0.0,23.74,1.31,0.0
20220702:2310,0.0,0.0,23.12,1.24,0.0
20220703:0010,0.0,0.0,22.8,1.17,0.0
20220703:0110,0.0,0.0,23.4,0.97,0.0
20220703:0210,0.0,0.0,23.64,0.76,0.0
20220703:0310,0.0,0.0,23.48,0.62,0.0
20220703:0410,12.47,2.97,23.44,0.62,0.0
20220703:0510,85.94,13.84,23.65,0.48,0.0
20220703:0610,278.33,25.26,24.62,1.1,0.0
20220703:0710,496.46,36.99,26.06,1.66,0.0
20220703:0810,712.3,48.76,27.31,1.86,0.0
20220703:0910,874.82,60.16,28.43,2.14,0.0
20220703:1010,972.85,70.08,29.4,2.34,0.0
20220703:1110,989.93,74.86,30.16,2.34,0.0
20220703:1210,950.36,70.22,30.8,2.55,0.0
20220703:1310,821.1,60.35,31.18,2.76,0.0
20220703:1410,653.1,48.96,31.15,2.83,0.0
20220703:1510,450.58,37.19,30.81,2.62,0.0
20220703:1610,226.75,25.46,30.3,2.28,0.0
20220703:1710,74.73,14.04,29.68,2.07,0.0
20220703:1810,15.14,3.15,28.96,1.59,0.0
20220703:1910,0.0,0.0,26.64,2.34,0.0
20220703:2010,0.0,0.0,25.75,1.93,0.0
20220703:2110,0.0,0.0,25.11,0.9,0.0
20220703:2210,0.0,0.0,24.81,1.66,0.0
20220703:2310,0.0,0.0,25.01,2.76,0.0
20220704:0010,0.0,0.0,25.03,2.07,0.0
20220704:0110,0.0,0.0,25.76,0.34,0.0
20220704:0210,0.0,0.0,25.28,0.62,0.0
20220704:0310,0.0,0.0,25.02,0.34,0.0
20220704:0410,10.68,2.88,24.79,0.48,0.0
20220704:0510,92.06,13.76,24.83,0.48,0.0
20220704:0610,260.25,25.18,25.98,0.48,0.0
20220704:0710,472.86,36.91,27.38,0.69,0.0
20220704:0810,671.88,48.68,28.8,2.0,0.0
20220704:0910,846.63,60.07,29.34,3.31,0.0
20220704:1010,946.89,69.99,29.7,2.9,0.0
20220704:1110,984.47,74.77,30.32,2.34,0.0
20220704:1210,950.76,70.18,30.95,2.62,0.0
20220704:1310,838.61,60.33,30.99,3.38,0.0
20220704:1410,679.08,48.95,30.44,3.72,0.0
20220704:1510,472.42,37.19,29.76,3.38,0.0
20220704:1610,254.9,25.45,29.15,2.62,0.0
20220704:1710,74.82,14.02,28.59,2.07,0.0
20220704:1810,15.14,3.13,27.96,1.59,0.0
20220704:1910,0.0,0.0,26.73,1.79,0.0
20220704:2010,0.0,0.0,26.45,1.45,0.0
20220704:2110,0.0,0.0,26.35,0.62,0.0
20220704:2210,0.0,0.0,26.39,0.62,0.0
20220704:2310,0.0,0.0,26.0,0.62,0.0
20220705:0010,0.0,0.0,25.72,0.0,0.0
20220705:0110,0.0,0.0,25.45,0.55,0.0
20220705:0210,0.0,0.0,25.4,0.97,0.0
20220705:0310,0.0,0.0,24.56,1.24,0.0
20220705:0410,11.58,2.79,24.78,1.1,0.0
20220705:0510,88.66,13.67,25.53,0.55,0.0
20220705:0610,266.98,25.1,26.34,0.55,0.0
20220705:0710,484.14,36.83,28.33,1.45,0.0
20220705:0810,689.96,48.6,29.62,1.66,0.0
20220705:0910,848.33,59.99,30.41,1.86,0.0
20220705:1010,943.78,69.89,31.34,1.52,0.0
20220705:1110,970.56,74.68,32.54,1.38,0.0
20220705:1210,932.39,70.13,33.33,2.07,0.0
20220705:1310,832.32,60.31,33.48,2.41,0.0
20220705:1410,667.89,48.94,33.19,2.41,0.0
20220705:1510,466.8,37.17,32.68,2.34,0.0
20220705:1610,254.84,25.44,31.71,2.69,0.0
20220705:1710,75.05,14.0,30.3,2.28,0.0
20220705:1810,15.14,3.1,29.07,0.97,0.0
20220705:1910,0.0,0.0,27.83,0.62,0.0
20220705:2010,0.0,0.0,27.13,0.9,0.0
20220705:2110,0.0,0.0,26.62,0.9,0.0
20220705:2210,0.0,0.0,26.41,0.55,0.0
20220705:2310,0.0,0.0,25.84,1.03,0.0
20220706:0010,0.0,0.0,25.7,1.03,0.0
20220706:0110,0.0,0.0,26.02,0.83,0.0
20220706:0210,0.0,0.0,25.99,0.9,0.0
20220706:0310,0.0,0.0,25.95,0.9,0.0
20220706:0410,8.9,2.7,26.0,0.62,0.0
20220706:0510,87.53,13.58,26.19,0.48,0.0
20220706:0610,263.48,25.01,27.12,0.21,0.0
20220706:0710,479.05,36.74,29.23,0.07,0.0
20220706:0810,676.32,48.51,30.77,0.76,0.0
20220706:0910,840.38,59.9,32.05,1.31,0.0
20220706:1010,945.48,69.79,33.0,1.72,0.0
20220706:1110,983.18,74.59,33.37,2.55,0.0
20220706:1210,944.74,70.08,33.15,3.24,0.0
20220706:1310,838.47,60.28,32.7,3.1,0.0
20220706:1410,674.77,48.92,32.27,2.97,0.0
20220706:1510,465.12,37.16,31.74,3.1,0.0
20220706:1610,254.24,25.42,30.83,2.9,0.0
20220706:1710,77.22,13.98,29.88,2.21,0.0
20220706:1810,14.25,3.07,28.86,1.66,0.0
20220706:1910,0.0,0.0,27.86,2.14,0.0
20220706:2010,0.0,0.0,26.83,1.93,0.0
20220706:2110,0.0,0.0,26.32,2.0,0.0
20220706:2210,0.0,0.0,26.25,2.07,0.0
20220706:2310,0.0,0.0,25.86,1.72,0.0
20220707:0010,0.0,0.0,25.83,1.1,0.0
20220707:0110,0.0,0.0,26.65,0.48,0.0
20220707:0210,0.0,0.0,26.58,0.55,0.0
20220707:0310,0.0,0.0,26.57,0.83,0.0
20220707:0410,9.79,2.6,26.53,0.62,0.0
20220707:0510,88.38,13.49,26.57,0.83,0.0
20220707:0610,261.81,24.92,27.66,1.45,0.0
20220707:0710,474.37,36.66,30.32,1.66,0.0
20220707:0810,673.89,48.42,31.6,1.72,0.0
20220707:0910,803.09,59.8,32.57,1.86,0.0
20220707:1010,928.39,69.69,33.13,1.93,0.0
20220707:1110,976.02,74.48,33.56,1.86,0.0
20220707:1210,932.89,70.02,33.72,3.03,0.0
20220707:1310,828.03,60.25,32.79,3.72,0.0
20220707:1410,663.67,48.9,32.02,1.86,0.0
20220707:1510,461.84,37.14,32.52,2.07,0.0
20220707:1610,200.85,25.4,32.41,1.66,0.0
20220707:1710,88.38,13.95,31.32,2.07,0.0
20220707:1810,14.25,3.03,29.79,2.48,0.0
20220707:1910,0.0,0.0,28.33,2.48,0.0
20220707:2010,0.0,0.0,27.36,3.45,0.0
20220707:2110,0.0,0.0,26.34,2.97,0.0
20220707:2210,0.0,0.0,25.75,1.72,0.0
20220707:2310,0.0,0.0,25.31,0.9,0.0
20220708:0010,0.0,0.0,24.94,1.59,0.0
20220708:0110,0.0,0.0,24.59,1.86,0.0
20220708:0210,0.0,0.0,24.34,1.86,0.0
20220708:0310,0.0,0.0,24.16,1.79,0.0
20220708:0410,10.68,2.5,23.91,1.79,0.0
20220708:0510,76.22,13.4,24.31,1.86,0.0
20220708:0610,273.07,24.83,25.4,2.07,0.0
20220708:0710,501.97,36.57,26.64,3.03,0.0
20220708:0810,696.1,48.33,27.4,3.31,0.0
20220708:0910,812.84,59.71,28.07,3.79,0.0
20220708:1010,892.69,69.58,28.43,4.83,0.0
20220708:1110,988.04,74.37,28.27,5.17,0.0
20220708:1210,904.42,69.95,27.76,5.03,0.0
20220708:1310,674.03,60.21,28.08,5.17,0.0
20220708:1410,636.57,48.87,28.0,5.38,0.0
20220708:1510,456.16,37.11,27.7,5.52,0.0
20220708:1610,258.06,25.37,27.16,5.59,0.0
20220708:1710,80.72,13.91,26.46,5.59,0.0
20220708:1810,10.68,2.99,25.67,5.03,0.0
20220708:1910,0.0,0.0,24.74,4.07,0.0
20220708:2010,0.0,0.0,24.51,3.86,0.0
20220708:2110,0.0,0.0,24.29,3.59,0.0
20220708:2210,0.0,0.0,23.78,3.66,0.0
20220708:2310,0.0,0.0,23.6,4.14,0.0
20220709:0010,0.0,0.0,23.41,3.93,0.0
20220709:0110,0.0,0.0,23.2,3.86,0.0
20220709:0210,0.0,0.0,22.91,4.62,0.0
20220709:0310,0.0,0.0,22.57,5.24,0.0
20220709:0410,10.68,2.4,22.27,5.59,0.0
20220709:0510,81.33,13.3,22.41,5.59,0.0
20220709:0610,245.45,24.74,22.99,6.34,0.0
20220709:0710,427.09,36.48,24.3,5.38,0.0
20220709:0810,711.5,48.24,24.88,4.76,0.0
20220709:0910,868.0,59.61,25.35,4.41,0.0
20220709:1010,966.19,69.46,25.58,4.14,0.0
20220709:1110,990.28,74.26,26.15,4.28,0.0
20220709:1210,936.26,69.88,26.39,4.21,0.0
20220709:1310,858.37,60.16,26.63,4.41,0.0
20220709:1410,684.59,48.84,26.55,4.48,0.0
20220709:1510,460.18,37.08,26.24,4.41,0.0
20220709:1610,261.79,25.34,25.78,4.14,0.0
20220709:1710,64.93,13.87,25.14,3.66,0.0
20220709:1810,14.25,2.94,24.38,2.69,0.0
20220709:1910,0.0,0.0,23.6,1.79,0.0
20220709:2010,0.0,0.0,23.24,1.17,0.0
20220709:2110,0.0,0.0,22.62,0.76,0.0
20220709:2210,0.0,0.0,22.01,0.97,0.0
20220709:2310,0.0,0.0,21.15,1.38,0.0
20220710:0010,0.0,0.0,20.87,1.52,0.0
20220710:0110,0.0,0.0,20.77,1.52,0.0
20220710:0210,0.0,0.0,20.96,1.45,0.0
20220710:0310,0.0,0.0,21.85,1.1,0.0
20220710:0410,8.01,2.3,22.61,0.76,0.0
20220710:0510,77.76,13.2,22.6,0.41,0.0
20220710:0610,273.71,24.65,23.32,0.28,0.0
20220710:0710,449.74,36.38,24.25,0.83,0.0
20220710:0810,713.14,48.15,25.24,1.17,0.0
20220710:0910,880.51,59.51,26.17,1.59,0.0
20220710:1010,976.2,69.34,27.18,2.21,0.0
20220710:1110,1016.22,74.14,27.63,2.9,0.0
20220710:1210,976.33,69.8,27.76,3.59,0.0
20220710:1310,871.58,60.11,27.9,3.93,0.0
20220710:1410,705.22,48.8,27.47,4.21,0.0
20220710:1510,494.9,37.04,27.04,3.93,0.0
20220710:1610,264.18,25.3,26.44,3.38,0.0
20220710:1710,63.58,13.83,25.78,2.69,0.0
20220710:1810,12.47,2.89,25.08,2.07,0.0
20220710:1910,0.0,0.0,23.94,1.66,0.0
20220710:2010,0.0,0.0,23.52,1.03,0.0
20220710:2110,0.0,0.0,22.94,0.83,0.0
20220710:2210,0.0,0.0,22.36,0.97,0.0
20220710:2310,0.0,0.0,21.61,1.38,0.0
20220711:0010,0.0,0.0,21.69,1.86,0.0
20220711:0110,0.0,0.0,21.67,2.34,0.0
20220711:0210,0.0,0.0,21.73,2.48,0.0
20220711:0310,0.0,0.0,21.7,2.34,0.0
20220711:0410,8.01,2.19,21.61,2.14,0.0
20220711:0510,73.22,13.1,21.98,1.86,0.0
20220711:0610,272.95,24.55,23.29,1.86,0.0
20220711:0710,504.78,36.29,24.58,2.07,0.0
20220711:0810,712.47,48.05,25.6,2.21,0.0
20220711:0910,873.97,59.4,26.51,2.69,0.0
20220711:1010,979.41,69.22,27.17,3.03,0.0
20220711:1110,1024.41,74.01,27.55,3.31,0.0
20220711:1210,980.6,69.71,27.83,3.66,0.0
20220711:1310,856.97,60.06,27.89,3.93,0.0
20220711:1410,704.8,48.76,27.67,3.93,0.0
20220711:1510,494.52,37.0,27.36,3.79,0.0
20220711:1610,266.2,25.26,26.78,3.52,0.0
20220711:1710,64.63,13.78,26.12,2.97,0.0
20220711:1810,12.47,2.83,25.46,2.28,0.0
20220711:1910,0.0,0.0,24.64,2.07,0.0
20220711:2010,0.0,0.0,24.24,1.59,0.0
20220711:2110,0.0,0.0,23.63,1.38,0.0
20220711:2210,0.0,0.0,22.8,1.45,0.0
20220711:2310,0.0,0.0,22.1,1.38,0.0
20220712:0010,0.0,0.0,21.98,1.24,0.0
20220712:0110,0.0,0.0,22.07,1.1,0.0
20220712:0210,0.0,0.0,21.81,1.1,0.0
20220712:0310,0.0,0.0,21.33,1.24,0.0
20220712:0410,7.12,2.08,20.59,1.38,0.0
20220712:0510,72.75,12.99,20.52,1.52,0.0
20220712:0610,271.57,24.45,24.04,1.45,0.0
20220712:0710,499.82,36.19,25.98,0.62,0.0
20220712:0810,713.33,47.95,27.25,0.34,0.0
20220712:0910,866.32,59.29,28.22,1.31,0.0
20220712:1010,976.64,69.09,28.98,2.21,0.0
20220712:1110,1006.81,73.87,29.31,2.9,0.0
20220712:1210,973.02,69.62,29.43,3.17,0.0
20220712:1310,859.03,60.0,29.43,3.59,0.0
20220712:1410,689.52,48.71,29.28,3.93,0.0
20220712:1510,463.02,36.96,28.68,4.07,0.0
20220712:1610,262.14,25.21,27.86,3.72,0.0
20220712:1710,66.44,13.73,27.02,2.97,0.0
20220712:1810,12.47,2.77,26.21,2.14,0.0
20220712:1910,0.0,0.0,25.41,1.52,0.0
20220712:2010,0.0,0.0,25.03,1.52,0.0
20220712:2110,0.0,0.0,24.51,1.45,0.0
20220712:2210,0.0,0.0,23.71,1.45,0.0
20220712:2310,0.0,0.0,23.14,1.31,0.0
20220713:0010,0.0,0.0,23.72,1.1,0.0
20220713:0110,0.0,0.0,24.19,0.97,0.0
20220713:0210,0.0,0.0,24.34,0.97,0.0
20220713:0310,0.0,0.0,24.08,0.97,0.0
20220713:0410,6.23,1.96,23.84,0.83,0.0
20220713:0510,74.54,12.89,23.96,0.69,0.0
20220713:0610,267.96,24.35,25.03,0.55,0.0
20220713:0710,498.17,36.09,26.46,1.93,0.0
20220713:0810,699.7,47.85,27.03,2.28,0.0
20220713:0910,881.95,59.18,27.56,2.34,0.0
20220713:1010,984.85,68.96,28.12,2.41,0.0
20220713:1110,1025.0,73.73,28.6,2.83,0.0
20220713:1210,986.03,69.52,28.71,3.31,0.0
20220713:1310,875.29,59.93,28.59,3.72,0.0
20220713:1410,705.19,48.65,28.09,3.66,0.0
20220713:1510,488.44,36.91,27.69,3.52,0.0
20220713:1610,263.32,25.16,27.14,3.24,0.0
20220713:1710,65.84,13.67,26.37,2.69,0.0
20220713:1810,12.47,2.7,25.59,2.14,0.0
20220713:1910,0.0,0.0,24.84,1.72,0.0
20220713:2010,0.0,0.0,24.44,1.31,0.0
20220713:2110,0.0,0.0,23.76,0.97,0.0
20220713:2210,0.0,0.0,23.86,0.76,0.0
20220713:2310,0.0,0.0,23.29,0.97,0.0
20220714:0010,0.0,0.0,21.67,1.45,0.0
20220714:0110,0.0,0.0,21.02,1.66,0.0
20220714:0210,0.0,0.0,21.1,1.45,0.0
20220714:0310,0.0,0.0,21.74,1.17,0.0
20220714:0410,5.34,1.85,22.79,0.9,0.0
20220714:0510,70.3,12.78,22.82,0.69,0.0
20220714:0610,276.2,24.24,23.65,0.55,0.0
20220714:0710,503.33,35.99,24.94,1.1,0.0
20220714:0810,718.44,47.74,26.21,1.59,0.0
20220714:0910,877.68,59.07,27.23,2.21,0.0
20220714:1010,984.42,68.83,27.92,2.55,0.0
20220714:1110,1009.66,73.58,28.41,2.83,0.0
20220714:1210,980.84,69.41,28.67,3.24,0.0
20220714:1310,880.75,59.86,28.69,3.72,0.0
20220714:1410,699.03,48.6,28.52,3.72,0.0
20220714:1510,493.42,36.85,28.11,3.79,0.0
20220714:1610,263.62,25.1,27.35,3.52,0.0
20220714:1710,65.89,13.6,26.45,3.03,0.0
20220714:1810,11.58,2.62,25.53,2.28,0.0
20220714:1910,0.0,0.0,24.42,1.38,0.0
20220714:2010,0.0,0.0,23.84,0.76,0.0
20220714:2110,0.0,0.0,23.78,0.41,0.0
20220714:2210,0.0,0.0,23.59,0.34,0.0
20220714:2310,0.0,0.0,23.35,0.55,0.0
20220715:0010,0.0,0.0,23.06,0.83,0.0
20220715:0110,0.0,0.0,22.79,0.83,0.0
20220715:0210,0.0,0.0,22.52,0.83,0.0
20220715:0310,0.0,0.0,22.27,0.83,0.0
20220715:0410,4.45,1.73,22.08,0.83,0.0
20220715:0510,70.17,12.67,22.08,0.62,0.0
20220715:0610,271.97,24.14,22.94,0.41,0.0
20220715:0710,505.37,35.89,24.54,1.17,0.0
20220715:0810,704.74,47.64,25.82,1.66,0.0
20220715:0910,870.07,58.95,26.84,2.34,0.0
20220715:1010,966.7,68.69,27.69,2.62,0.0
20220715:1110,1006.95,73.43,28.33,2.9,0.0
20220715:1210,984.12,69.3,28.78,3.17,0.0
20220715:1310,869.7,59.78,29.0,3.31,0.0
20220715:1410,699.96,48.53,29.03,3.45,0.0
20220715:1510,494.14,36.79,28.76,3.59,0.0
20220715:1610,265.71,25.04,28.09,3.59,0.0
20220715:1710,65.35,13.53,27.05,3.24,0.0
20220715:1810,11.58,2.54,26.02,2.69,0.0
20220715:1910,0.0,0.0,24.96,2.14,0.0
20220715:2010,0.0,0.0,24.56,1.72,0.0
20220715:2110,0.0,0.0,24.07,1.45,0.0
20220715:2210,0.0,0.0,23.14,1.17,0.0
20220715:2310,0.0,0.0,23.18,0.97,0.0
20220716:0010,0.0,0.0,23.91,0.83,0.0
20220716:0110,0.0,0.0,23.16,0.97,0.0
20220716:0210,0.0,0.0,21.88,1.31,0.0
20220716:0310,0.0,0.0,22.21,1.24,0.0
20220716:0410,4.45,1.61,23.22,0.9,0.0
20220716:0510,70.24,12.55,23.13,0.62,0.0
20220716:0610,268.63,24.03,23.95,0.9,0.0
20220716:0710,498.44,35.78,25.79,1.72,0.0
20220716:0810,701.36,47.53,26.95,2.07,0.0
20220716:0910,853.88,58.83,27.95,2.41,0.0
20220716:1010,957.06,68.54,28.76,2.69,0.0
20220716:1110,987.27,73.27,29.36,2.9,0.0
20220716:1210,959.9,69.18,29.64,3.17,0.0
20220716:1310,862.65,59.7,29.6,3.52,0.0
20220716:1410,691.82,48.46,29.24,3.66,0.0
20220716:1510,488.85,36.73,28.64,3.59,0.0
20220716:1610,263.23,24.97,27.88,3.24,0.0
20220716:1710,66.24,13.46,27.03,2.69,0.0
20220716:1810,11.58,2.46,26.15,2.21,0.0
20220716:1910,0.0,0.0,25.66,1.86,0.0
20220716:2010,0.0,0.0,25.25,1.66,0.0
20220716:2110,0.0,0.0,24.8,1.52,0.0
20220716:2210,0.0,0.0,24.23,1.66,0.0
20220716:2310,0.0,0.0,23.6,1.66,0.0
20220717:0010,0.0,0.0,22.99,1.59,0.0
20220717:0110,0.0,0.0,22.59,1.52,0.0
20220717:0210,0.0,0.0,22.85,1.24,0.0
20220717:0310,0.0,0.0,23.26,1.1,0.0
20220717:0410,1.78,1.48,23.62,0.97,0.0
20220717:0510,71.0,12.44,23.84,0.83,0.0
20220717:0610,264.84,23.92,25.27,0.9,0.0
20220717:0710,497.68,35.67,26.94,2.0,0.0
20220717:0810,709.09,47.42,27.83,2.48,0.0
20220717:0910,876.86,58.71,28.63,2.76,0.0
20220717:1010,983.78,68.4,29.35,2.97,0.0
20220717:1110,1020.15,73.1,29.91,3.1,0.0
20220717:1210,981.32,69.05,30.37,3.17,0.0
20220717:1310,871.72,59.61,30.6,3.31,0.0
20220717:1410,702.75,48.39,30.37,3.45,0.0
20220717:1510,493.44,36.66,29.8,3.52,0.0
20220717:1610,263.41,24.9,29.08,3.1,0.0
20220717:1710,65.58,13.38,28.31,2.62,0.0
20220717:1810,10.68,2.37,27.41,2.0,0.0
20220717:1910,0.0,0.0,26.76,1.86,0.0
20220717:2010,0.0,0.0,26.11,1.86,0.0
20220717:2110,0.0,0.0,25.59,1.66,0.0
20220717:2210,0.0,0.0,24.79,1.45,0.0
20220717:2310,0.0,0.0,24.01,1.31,0.0
20220718:0010,0.0,0.0,23.89,1.24,0.0
20220718:0110,0.0,0.0,23.57,1.24,0.0
20220718:0210,0.0,0.0,23.13,1.31,0.0
20220718:0310,0.0,0.0,22.91,1.31,0.0
20220718:0410,1.78,1.35,22.59,1.38,0.0
20220718:0510,75.14,12.32,22.79,1.31,0.0
20220718:0610,255.47,23.81,25.61,1.1,0.0
20220718:0710,472.11,35.57,28.0,0.9,0.0
20220718:0810,688.76,47.31,29.07,1.38,0.0
20220718:0910,847.59,58.59,29.87,1.79,0.0
20220718:1010,962.0,68.25,30.5,2.21,0.0
20220718:1110,997.31,72.93,30.86,2.62,0.0
20220718:1210,954.83,68.92,30.92,2.97,0.0
20220718:1310,848.09,59.51,30.82,2.97,0.0
20220718:1410,679.91,48.31,30.4,2.76,0.0
20220718:1510,480.86,36.58,29.96,2.48,0.0
20220718:1610,256.5,24.82,29.64,2.34,0.0
20220718:1710,72.24,13.3,28.96,2.34,0.0
20220718:1810,8.9,2.27,28.09,1.86,0.0
20220718:1910,0.0,0.0,27.31,1.24,0.0
20220718:2010,0.0,0.0,27.06,1.1,0.0
20220718:2110,0.0,0.0,26.57,1.1,0.0
20220718:2210,0.0,0.0,26.0,1.1,0.0
20220718:2310,0.0,0.0,25.98,1.24,0.0
20220719:0010,0.0,0.0,26.42,0.97,0.0
20220719:0110,0.0,0.0,26.52,0.69,0.0
20220719:0210,0.0,0.0,26.37,0.62,0.0
20220719:0310,0.0,0.0,26.31,0.62,0.0
20220719:0410,0.0,0.0,26.04,0.55,0.0
20220719:0510,74.88,12.2,25.97,0.48,0.0
20220719:0610,257.31,23.7,26.78,0.28,0.0
20220719:0710,487.97,35.45,28.53,0.69,0.0
20220719:0810,695.67,47.19,29.33,1.1,0.0
20220719:0910,865.92,58.46,30.09,1.66,0.0
20220719:1010,962.61,68.09,30.51,2.21,0.0
20220719:1110,1004.07,72.75,30.98,2.62,0.0
20220719:1210,966.51,68.78,30.83,2.62,0.0
20220719:1310,853.5,59.41,30.76,2.41,0.0
20220719:1410,690.99,48.22,30.83,2.34,0.0
20220719:1510,483.43,36.5,30.64,2.34,0.0
20220719:1610,258.61,24.73,30.21,2.34,0.0
20220719:1710,68.93,13.21,29.53,2.0,0.0
20220719:1810,8.9,2.17,28.75,1.52,0.0
20220719:1910,0.0,0.0,27.95,1.24,0.0
20220719:2010,0.0,0.0,27.43,0.76,0.0
20220719:2110,0.0,0.0,27.38,0.48,0.0
20220719:2210,0.0,0.0,27.19,0.41,0.0
20220719:2310,0.0,0.0,26.83,0.62,0.0
20220720:0010,0.0,0.0,25.11,1.24,0.0
20220720:0110,0.0,0.0,24.11,1.45,0.0
20220720:0210,0.0,0.0,24.93,1.03,0.0
20220720:0310,0.0,0.0,25.35,0.97,0.0
20220720:0410,0.0,0.0,25.13,1.03,0.0
20220720:0510,70.61,12.08,24.87,1.03,0.0
20220720:0610,260.34,23.58,26.38,0.76,0.0
20220720:0710,493.26,35.34,28.12,0.62,0.0
20220720:0810,708.45,47.08,29.39,1.24,0.0
20220720:0910,854.75,58.33,30.29,1.79,0.0
20220720:1010,975.59,67.93,30.85,2.55,0.0
20220720:1110,1022.17,72.57,31.1,3.1,0.0
20220720:1210,978.33,68.63,31.09,3.59,0.0
20220720:1310,868.75,59.3,30.8,3.66,0.0
20220720:1410,696.21,48.13,30.55,3.59,0.0
20220720:1510,487.09,36.42,30.0,3.24,0.0
20220720:1610,261.41,24.65,29.51,2.83,0.0
20220720:1710,65.0,13.11,28.86,2.34,0.0
20220720:1810,8.9,2.07,28.02,1.79,0.0
20220720:1910,0.0,0.0,26.95,1.45,0.0
20220720:2010,0.0,0.0,26.43,1.03,0.0
20220720:2110,0.0,0.0,25.83,0.83,0.0
20220720:2210,0.0,0.0,25.8,0.69,0.0
20220720:2310,0.0,0.0,25.72,0.69,0.0
20220721:0010,0.0,0.0,25.48,0.55,0.0
20220721:0110,0.0,0.0,25.18,0.41,0.0
20220721:0210,0.0,0.0,24.94,0.41,0.0
20220721:0310,0.0,0.0,24.64,0.41,0.0
20220721:0410,0.0,0.0,24.45,0.34,0.0
20220721:0510,69.66,11.96,24.35,0.41,0.0
20220721:0610,261.72,23.47,25.49,0.41,0.0
20220721:0710,496.3,35.23,27.05,1.1,0.0
20220721:0810,704.43,46.96,28.27,1.66,0.0
20220721:0910,863.43,58.2,29.11,2.0,0.0
20220721:1010,980.47,67.77,29.96,2.48,0.0
20220721:1110,1016.94,72.38,30.44,2.97,0.0
20220721:1210,984.22,68.48,30.67,3.24,0.0
20220721:1310,869.63,59.19,30.71,3.45,0.0
20220721:1410,700.6,48.04,30.61,3.59,0.0
20220721:1510,492.3,36.33,30.28,3.45,0.0
20220721:1610,260.32,24.55,29.67,3.24,0.0
20220721:1710,65.75,13.01,28.86,2.83,0.0
20220721:1810,7.12,1.95,27.96,2.21,0.0
20220721:1910,0.0,0.0,26.91,1.52,0.0
20220721:2010,0.0,0.0,26.47,1.1,0.0
20220721:2110,0.0,0.0,25.78,1.03,0.0
20220721:2210,0.0,0.0,25.1,1.1,0.0
20220721:2310,0.0,0.0,24.45,1.17,0.0
20220722:0010,0.0,0.0,24.17,1.24,0.0
20220722:0110,0.0,0.0,24.21,1.17,0.0
20220722:0210,0.0,0.0,24.56,1.03,0.0
20220722:0310,0.0,0.0,24.74,0.97,0.0
20220722:0410,0.0,0.0,24.57,0.9,0.0
20220722:0510,68.16,11.83,24.53,0.9,0.0
20220722:0610,265.53,23.35,25.53,0.69,0.0
20220722:0710,497.62,35.11,27.41,1.1,0.0
20220722:0810,707.01,46.84,28.78,1.66,0.0
20220722:0910,871.19,58.06,29.8,2.14,0.0
20220722:1010,984.4,67.6,30.53,2.69,0.0
20220722:1110,1020.9,72.18,30.97,3.03,0.0
20220722:1210,982.09,68.32,31.2,3.24,0.0
20220722:1310,868.51,59.07,31.28,3.38,0.0
20220722:1410,699.58,47.94,31.1,3.45,0.0
20220722:1510,488.98,36.23,30.66,3.38,0.0
20220722:1610,262.69,24.46,30.03,2.97,0.0
20220722:1710,67.26,12.9,29.23,2.48,0.0
20220722:1810,7.12,1.84,28.38,1.86,0.0
20220722:1910,0.0,0.0,27.32,1.59,0.0
20220722:2010,0.0,0.0,26.8,1.31,0.0
20220722:2110,0.0,0.0,26.11,1.1,0.0
20220722:2210,0.0,0.0,25.33,1.1,0.0
20220722:2310,0.0,0.0,25.11,1.1,0.0
20220723:0010,0.0,0.0,25.71,0.9,0.0
20220723:0110,0.0,0.0,25.64,0.76,0.0
20220723:0210,0.0,0.0,25.27,0.83,0.0
20220723:0310,0.0,0.0,24.64,0.97,0.0
20220723:0410,0.0,0.0,24.25,1.03,0.0
20220723:0510,71.18,11.7,23.97,1.03,0.0
20220723:0610,259.88,23.23,26.08,0.9,0.0
20220723:0710,490.59,35.0,27.74,0.97,0.0
20220723:0810,703.88,46.72,29.19,1.31,0.0
20220723:0910,844.79,57.92,30.23,1.86,0.0
20220723:1010,964.7,67.43,30.91,2.48,0.0
20220723:1110,1001.19,71.98,31.29,2.97,0.0
20220723:1210,958.65,68.16,31.37,3.52,0.0
20220723:1310,846.95,58.94,31.14,3.93,0.0
20220723:1410,686.95,47.83,30.65,4.34,0.0
20220723:1510,483.7,36.13,29.94,4.07,0.0
20220723:1610,260.55,24.35,29.12,3.17,0.0
20220723:1710,68.04,12.79,28.32,2.34,0.0
20220723:1810,6.23,1.71,27.82,1.66,0.0
20220723:1910,0.0,0.0,27.38,1.24,0.0
20220723:2010,0.0,0.0,26.95,0.9,0.0
20220723:2110,0.0,0.0,26.63,0.69,0.0
20220723:2210,0.0,0.0,26.92,0.55,0.0
20220723:2310,0.0,0.0,26.65,0.28,0.0
20220724:0010,0.0,0.0,26.29,0.41,0.0
20220724:0110,0.0,0.0,25.86,0.55,0.0
20220724:0210,0.0,0.0,25.51,0.69,0.0
20220724:0310,0.0,0.0,25.03,0.83,0.0
20220724:0410,0.0,0.0,24.67,1.03,0.0
20220724:0510,70.26,11.58,24.82,0.97,0.0
20220724:0610,259.78,23.11,26.03,0.41,0.0
20220724:0710,491.99,34.88,27.77,0.69,0.0
20220724:0810,695.15,46.6,29.17,1.38,0.0
20220724:0910,870.85,57.78,30.17,2.21,0.0
20220724:1010,984.2,67.25,30.81,2.69,0.0
20220724:1110,1026.95,71.78,31.15,2.97,0.0
20220724:1210,988.05,67.98,31.34,3.1,0.0
20220724:1310,873.18,58.81,31.4,3.1,0.0
20220724:1410,703.83,47.72,31.2,3.17,0.0
20220724:1510,494.01,36.02,30.64,2.9,0.0
20220724:1610,263.73,24.24,30.04,2.41,0.0
20220724:1710,63.27,12.68,29.36,1.79,0.0
20220724:1810,4.45,1.59,28.65,1.38,0.0
20220724:1910,0.0,0.0,27.69,1.31,0.0
20220724:2010,0.0,0.0,27.21,1.17,0.0
20220724:2110,0.0,0.0,26.18,1.1,0.0
20220724:2210,0.0,0.0,25.82,1.03,0.0
20220724:2310,0.0,0.0,26.25,0.97,0.0
20220725:0010,0.0,0.0,26.56,0.9,0.0
20220725:0110,0.0,0.0,26.24,0.83,0.0
20220725:0210,0.0,0.0,26.0,0.76,0.0
20220725:0310,0.0,0.0,25.83,0.69,0.0
20220725:0410,0.0,0.0,25.72,0.69,0.0
20220725:0510,69.27,11.45,25.67,0.76,0.0
20220725:0610,257.11,22.99,26.0,0.97,0.0
20220725:0710,478.29,34.76,28.1,1.31,0.0
20220725:0810,689.98,46.47,29.12,1.66,0.0
20220725:0910,846.28,57.64,30.03,2.0,0.0
20220725:1010,977.89,67.07,30.78,2.28,0.0
20220725:1110,0.0,0.0,31.28,2.48,0.0
20220725:1210,966.51,67.81,31.62,2.76,0.0
20220725:1310,858.22,58.67,31.61,2.9,0.0
20220725:1410,688.08,47.6,31.38,2.83,0.0
20220725:1510,485.87,35.91,31.0,2.55,0.0
20220725:1610,259.0,24.13,30.47,2.21,0.0
20220725:1710,65.54,12.56,29.68,1.79,0.0
20220725:1810,4.45,1.45,28.76,1.31,0.0
20220725:1910,0.0,0.0,27.62,1.03,0.0
20220725:2010,0.0,0.0,26.99,0.9,0.0
20220725:2110,0.0,0.0,26.26,0.83,0.0
20220725:2210,0.0,0.0,25.61,0.97,0.0
20220725:2310,0.0,0.0,25.7,0.97,0.0
20220726:0010,0.0,0.0,26.13,0.55,0.0
20220726:0110,0.0,0.0,25.85,0.55,0.0
20220726:0210,0.0,0.0,25.55,0.69,0.0
20220726:0310,0.0,0.0,25.31,0.69,0.0
20220726:0410,0.0,0.0,25.1,0.62,0.0
20220726:0510,71.85,11.32,25.05,0.55,0.0
20220726:0610,257.86,22.86,25.74,0.76,0.0
20220726:0710,485.97,34.64,26.84,1.03,0.0
20220726:0810,695.47,46.34,28.09,1.24,0.0
20220726:0910,867.53,57.5,29.3,1.86,0.0
20220726:1010,970.57,66.89,30.15,2.55,0.0
20220726:1110,1012.35,71.35,30.59,2.83,0.0
20220726:1210,974.65,67.62,30.71,3.03,0.0
20220726:1310,861.08,58.53,30.65,3.03,0.0
20220726:1410,693.22,47.47,30.48,2.76,0.0
20220726:1510,481.48,35.79,30.18,2.21,0.0
20220726:1610,257.12,24.01,29.87,1.79,0.0
20220726:1710,67.96,12.43,29.34,1.59,0.0
20220726:1810,3.56,1.32,28.48,1.31,0.0
20220726:1910,0.0,0.0,27.51,1.31,0.0
20220726:2010,0.0,0.0,26.92,1.31,0.0
20220726:2110,0.0,0.0,26.21,1.31,0.0
20220726:2210,0.0,0.0,25.35,1.31,0.0
20220726:2310,0.0,0.0,24.71,1.31,0.0
20220727:0010,0.0,0.0,24.56,1.38,0.0
20220727:0110,0.0,0.0,24.93,1.24,0.0
20220727:0210,0.0,0.0,24.34,1.38,0.0
20220727:0310,0.0,0.0,23.52,1.66,0.0
20220727:0410,0.0,0.0,24.24,1.45,0.0
20220727:0510,71.05,11.18,25.94,0.83,0.0
20220727:0610,253.76,22.74,26.91,0.48,0.0
20220727:0710,474.98,34.51,28.66,1.1,0.0
20220727:0810,694.42,46.22,29.63,1.93,0.0
20220727:0910,856.25,57.35,30.35,2.07,0.0
20220727:1010,963.23,66.7,31.02,2.07,0.0
20220727:1110,1010.3,71.13,31.67,2.14,0.0
20220727:1210,972.64,67.43,32.21,2.41,0.0
20220727:1310,859.07,58.38,32.44,2.83,0.0
20220727:1410,692.27,47.34,32.18,3.03,0.0
20220727:1510,480.7,35.67,31.72,3.03,0.0
20220727:1610,256.5,23.89,31.12,2.97,0.0
20220727:1710,68.74,12.3,30.24,2.76,0.0
20220727:1810,0.0,0.0,29.13,2.69,0.0
20220727:1910,0.0,0.0,28.1,2.55,0.0
20220727:2010,0.0,0.0,27.39,2.48,0.0
20220727:2110,0.0,0.0,26.8,2.14,0.0
20220727:2210,0.0,0.0,26.39,1.72,0.0
20220727:2310,0.0,0.0,25.64,1.31,0.0
20220728:0010,0.0,0.0,25.61,0.97,0.0
20220728:0110,0.0,0.0,26.4,0.69,0.0
20220728:0210,0.0,0.0,26.25,0.07,0.0
20220728:0310,0.0,0.0,24.58,1.03,0.0
20220728:0410,0.0,0.0,22.96,1.86,0.0
20220728:0510,70.73,11.05,23.61,2.21,0.0
20220728:0610,249.35,22.61,25.72,2.55,0.0
20220728:0710,479.4,34.39,27.25,2.69,0.0
20220728:0810,701.01,46.08,28.33,2.34,0.0
20220728:0910,866.47,57.2,29.44,2.21,0.0
20220728:1010,974.82,66.51,30.4,2.34,0.0
20220728:1110,1011.42,70.9,31.07,2.69,0.0
20220728:1210,952.91,67.23,31.38,2.97,0.0
20220728:1310,865.01,58.22,31.45,3.1,0.0
20220728:1410,692.0,47.21,31.18,3.24,0.0
20220728:1510,484.82,35.54,30.74,3.31,0.0
20220728:1610,257.29,23.76,30.05,3.17,0.0
20220728:1710,63.68,12.16,29.08,2.76,0.0
20220728:1810,0.0,0.0,28.09,2.07,0.0
20220728:1910,0.0,0.0,27.78,1.93,0.0
20220728:2010,0.0,0.0,27.22,1.79,0.0
20220728:2110,0.0,0.0,26.67,1.86,0.0
20220728:2210,0.0,0.0,26.24,2.07,0.0
20220728:2310,0.0,0.0,25.84,1.93,0.0
20220729:0010,0.0,0.0,25.39,1.79,0.0
20220729:0110,0.0,0.0,24.82,1.72,0.0
20220729:0210,0.0,0.0,24.33,1.72,0.0
20220729:0310,0.0,0.0,23.83,1.66,0.0
20220729:0410,0.0,0.0,23.64,1.45,0.0
20220729:0510,66.4,10.91,24.02,1.24,0.0
20220729:0610,258.3,22.48,26.42,1.1,0.0
20220729:0710,491.15,34.26,28.03,1.38,0.0
20220729:0810,697.08,45.95,29.11,1.86,0.0
20220729:0910,870.63,57.04,29.96,2.41,0.0
20220729:1010,974.93,66.32,30.55,2.76,0.0
20220729:1110,1016.81,70.67,30.94,3.17,0.0
20220729:1210,973.81,67.03,31.06,3.66,0.0
20220729:1310,860.02,58.06,30.86,3.93,0.0
20220729:1410,698.39,47.07,30.45,3.79,0.0
20220729:1510,482.26,35.41,30.05,3.45,0.0
20220729:1610,257.94,23.62,29.55,3.1,0.0
20220729:1710,61.88,12.02,28.84,2.76,0.0
20220729:1810,0.0,0.0,27.96,2.34,0.0
20220729:1910,0.0,0.0,27.12,2.41,0.0
20220729:2010,0.0,0.0,26.72,2.07,0.0
20220729:2110,0.0,0.0,26.47,1.66,0.0
20220729:2210,0.0,0.0,26.12,1.52,0.0
20220729:2310,0.0,0.0,25.51,1.45,0.0
20220730:0010,0.0,0.0,25.42,1.03,0.0
20220730:0110,0.0,0.0,26.28,0.62,0.0
20220730:0210,0.0,0.0,25.96,0.76,0.0
20220730:0310,0.0,0.0,25.66,0.76,0.0
20220730:0410,0.0,0.0,25.4,0.76,0.0
20220730:0510,63.53,10.78,25.31,0.62,0.0
20220730:0610,260.5,22.35,26.19,0.21,0.0
20220730:0710,491.09,34.14,27.87,0.83,0.0
20220730:0810,702.08,45.82,29.2,0.76,0.0
20220730:0910,862.49,56.89,30.38,1.31,0.0
20220730:1010,976.14,66.12,31.22,2.0,0.0
20220730:1110,1012.77,70.43,31.68,2.55,0.0
20220730:1210,975.02,66.82,31.81,2.83,0.0
20220730:1310,870.22,57.89,31.78,2.97,0.0
20220730:1410,681.89,46.92,31.55,2.76,0.0
20220730:1510,477.56,35.27,31.18,2.48,0.0
20220730:1610,255.82,23.48,30.53,2.28,0.0
20220730:1710,62.55,11.87,29.55,2.14,0.0
20220730:1810,0.0,0.0,28.41,1.79,0.0
20220730:1910,0.0,0.0,27.52,1.79,0.0
20220730:2010,0.0,0.0,26.86,1.03,0.0
20220730:2110,0.0,0.0,26.25,0.97,0.0
20220730:2210,0.0,0.0,26.34,0.9,0.0
20220730:2310,0.0,0.0,26.52,0.34,0.0
20220731:0010,0.0,0.0,26.3,0.21,0.0
20220731:0110,0.0,0.0,26.02,0.48,0.0
20220731:0210,0.0,0.0,25.79,0.48,0.0
20220731:0310,0.0,0.0,25.62,0.21,0.0
20220731:0410,0.0,0.0,25.5,0.28,0.0
20220731:0510,62.56,10.64,25.5,0.28,0.0
20220731:0610,255.58,22.23,25.86,0.55,0.0
20220731:0710,483.01,34.01,27.29,0.83,0.0
20220731:0810,693.15,45.68,28.37,1.38,0.0
20220731:0910,857.38,56.73,29.27,2.0,0.0
20220731:1010,969.97,65.92,29.82,2.62,0.0
20220731:1110,1006.6,70.19,30.26,3.31,0.0
20220731:1210,979.37,66.6,30.37,3.93,0.0
20220731:1310,864.21,57.71,29.99,4.28,0.0
20220731:1410,690.87,46.77,29.41,3.86,0.0
20220731:1510,480.89,35.13,29.01,3.31,0.0
20220731:1610,223.36,23.34,28.51,2.83,0.0
20220731:1710,59.94,11.72,27.8,2.21,0.0
20220731:1810,0.0,0.0,27.08,1.72,0.0
20220731:1910,0.0,0.0,26.18,1.1,0.0
20220731:2010,0.0,0.0,25.78,0.69,0.0
20220731:2110,0.0,0.0,25.37,0.48,0.0
20220731:2210,0.0,0.0,25.41,0.28,0.0
20220731:2310,0.0,0.0,25.23,0.07,0.0
20220801:0010,0.0,0.0,25.02,0.41,0.0
20220801:0110,0.0,0.0,23.41,1.17,0.0
20220801:0210,0.0,0.0,23.18,1.31,0.0
20220801:0310,0.0,0.0,24.06,0.97,0.0
20220801:0410,0.0,0.0,24.26,0.76,0.0
20220801:0510,61.09,10.5,24.11,0.76,0.0
20220801:0610,257.87,22.09,24.98,0.62,0.0
20220801:0710,481.25,33.88,26.54,1.1,0.0
20220801:0810,679.26,45.55,27.76,1.79,0.0
20220801:0910,843.73,56.57,28.76,2.41,0.0
20220801:1010,960.51,65.71,29.54,2.9,0.0
20220801:1110,997.14,69.94,30.07,3.38,0.0
20220801:1210,970.15,66.38,30.17,3.79,0.0
20220801:1310,856.24,57.53,29.98,3.79,0.0
20220801:1410,691.89,46.61,29.93,3.45,0.0
20220801:1510,478.31,34.98,29.87,3.24,0.0
20220801:1610,256.12,23.19,29.34,2.76,0.0
20220801:1710,58.95,11.56,28.7,2.34,0.0
20220801:1810,0.0,0.0,27.84,1.72,0.0
20220801:1910,0.0,0.0,26.73,1.24,0.0
20220801:2010,0.0,0.0,26.16,0.62,0.0
20220801:2110,0.0,0.0,26.08,0.28,0.0
20220801:2210,0.0,0.0,25.91,0.34,0.0
20220801:2310,0.0,0.0,25.66,0.69,0.0
20220802:0010,0.0,0.0,25.44,0.76,0.0
20220802:0110,0.0,0.0,25.3,0.55,0.0
20220802:0210,0.0,0.0,25.17,0.28,0.0
20220802:0310,0.0,0.0,25.08,0.0,0.0
20220802:0410,0.0,0.0,25.02,0.28,0.0
20220802:0510,60.45,10.36,24.99,0.55,0.0
20220802:0610,258.35,21.96,25.7,0.28,0.0
20220802:0710,486.58,33.75,27.21,1.45,0.0
20220802:0810,707.42,45.41,28.25,1.45,0.0
20220802:0910,874.56,56.41,29.26,1.86,0.0
20220802:1010,984.36,65.5,30.07,2.55,0.0
20220802:1110,1027.45,69.69,30.57,3.24,0.0
20220802:1210,983.09,66.15,30.72,3.72,0.0
20220802:1310,871.76,57.34,30.63,4.0,0.0
20220802:1410,696.8,46.45,30.26,4.14,0.0
20220802:1510,474.63,34.82,29.74,3.86,0.0
20220802:1610,256.61,23.03,29.15,3.17,0.0
20220802:1710,58.64,11.4,28.43,2.41,0.0
20220802:1810,0.0,0.0,27.58,1.72,0.0
20220802:1910,0.0,0.0,26.39,1.38,0.0
20220802:2010,0.0,0.0,25.96,1.1,0.0
20220802:2110,0.0,0.0,25.31,0.9,0.0
20220802:2210,0.0,0.0,24.96,0.83,0.0
20220802:2310,0.0,0.0,25.0,0.83,0.0
20220803:0010,0.0,0.0,25.13,0.83,0.0
20220803:0110,0.0,0.0,24.86,0.9,0.0
20220803:0210,0.0,0.0,23.45,1.24,0.0
20220803:0310,0.0,0.0,22.45,1.66,0.0
20220803:0410,0.0,0.0,22.28,1.79,0.0
20220803:0510,60.11,10.22,22.58,1.66,0.0
20220803:0610,254.42,21.83,25.17,1.38,0.0
20220803:0710,481.21,33.62,27.83,0.83,0.0
20220803:0810,699.58,45.27,29.06,1.24,0.0
20220803:0910,860.02,56.24,30.07,1.59,0.0
20220803:1010,978.27,65.29,30.86,2.14,0.0
20220803:1110,1016.01,69.43,31.33,2.76,0.0
20220803:1210,977.05,65.92,31.43,3.24,0.0
20220803:1310,872.02,57.15,31.36,3.45,0.0
20220803:1410,703.58,46.28,31.2,3.59,0.0
20220803:1510,483.09,34.66,30.75,3.45,0.0
20220803:1610,255.35,22.87,30.04,3.17,0.0
20220803:1710,57.53,11.23,29.07,2.62,0.0
20220803:1810,0.0,0.0,28.01,1.86,0.0
20220803:1910,0.0,0.0,26.88,1.66,0.0
20220803:2010,0.0,0.0,26.47,1.24,0.0
20220803:2110,0.0,0.0,25.79,0.83,0.0
20220803:2210,0.0,0.0,25.76,0.69,0.0
20220803:2310,0.0,0.0,25.66,0.83,0.0
20220804:0010,0.0,0.0,25.75,0.83,0.0
20220804:0110,0.0,0.0,25.58,0.69,0.0
20220804:0210,0.0,0.0,25.33,0.62,0.0
20220804:0310,0.0,0.0,25.12,0.9,0.0
20220804:0410,0.0,0.0,23.99,1.1,0.0
20220804:0510,62.02,10.08,23.0,1.31,0.0
20220804:0610,251.89,21.7,25.32,1.38,0.0
20220804:0710,479.13,33.48,27.53,1.38,0.0
20220804:0810,678.35,45.12,28.92,1.52,0.0
20220804:0910,858.21,56.08,30.08,1.93,0.0
20220804:1010,966.75,65.07,30.81,2.34,0.0
20220804:1110,1008.86,69.17,31.27,2.83,0.0
20220804:1210,969.95,65.68,31.34,3.1,0.0
20220804:1310,860.93,56.95,31.19,3.38,0.0
20220804:1410,686.23,46.1,30.99,3.79,0.0
20220804:1510,473.6,34.5,30.48,3.31,0.0
20220804:1610,250.18,22.71,29.9,2.76,0.0
20220804:1710,58.26,11.06,29.12,2.34,0.0
20220804:1810,0.0,0.0,28.18,1.86,0.0
20220804:1910,0.0,0.0,28.14,1.1,0.0
20220804:2010,0.0,0.0,27.59,1.03,0.0
20220804:2110,0.0,0.0,26.78,1.03,0.0
20220804:2210,0.0,0.0,26.22,0.9,0.0
20220804:2310,0.0,0.0,26.37,0.76,0.0
20220805:0010,0.0,0.0,26.48,0.62,0.0
20220805:0110,0.0,0.0,26.19,0.48,0.0
20220805:0210,0.0,0.0,25.96,0.55,0.0
20220805:0310,0.0,0.0,25.79,0.55,0.0
20220805:0410,0.0,0.0,25.6,0.55,0.0
20220805:0510,59.24,9.93,25.41,0.62,0.0
20220805:0610,255.59,21.56,25.96,0.34,0.0
20220805:0710,488.53,33.35,27.88,1.17,0.0
20220805:0810,711.26,44.98,28.81,1.79,0.0
20220805:0910,884.1,55.9,29.53,2.07,0.0
20220805:1010,989.88,64.85,30.22,2.28,0.0
20220805:1110,1021.15,68.9,30.71,2.48,0.0
20220805:1210,988.48,65.43,30.96,2.76,0.0
20220805:1310,871.61,56.75,31.02,2.9,0.0
20220805:1410,703.01,45.92,30.97,3.24,0.0
20220805:1510,479.67,34.33,30.53,3.31,0.0
20220805:1610,253.23,22.54,29.82,3.24,0.0
20220805:1710,55.34,10.88,28.89,2.83,0.0
20220805:1810,0.0,0.0,27.88,2.28,0.0
20220805:1910,0.0,0.0,27.63,1.52,0.0
20220805:2010,0.0,0.0,27.19,1.31,0.0
20220805:2110,0.0,0.0,26.26,1.24,0.0
20220805:2210,0.0,0.0,25.78,1.1,0.0
20220805:2310,0.0,0.0,26.24,0.9,0.0
20220806:0010,0.0,0.0,26.26,0.76,0.0
20220806:0110,0.0,0.0,25.83,0.9,0.0
20220806:0210,0.0,0.0,24.66,1.17,0.0
20220806:0310,0.0,0.0,24.04,1.31,0.0
20220806:0410,0.0,0.0,24.22,1.24,0.0
20220806:0510,58.67,9.79,24.34,1.1,0.0
20220806:0610,258.96,21.43,25.64,0.69,0.0
20220806:0710,492.42,33.22,27.94,1.1,0.0
20220806:0810,708.57,44.83,28.91,1.45,0.0
20220806:0910,890.96,55.73,29.87,1.52,0.0
20220806:1010,991.42,64.63,30.78,1.59,0.0
20220806:1110,1018.22,68.63,31.58,1.86,0.0
20220806:1210,984.61,65.18,32.13,2.55,0.0
20220806:1310,863.59,56.54,31.99,3.38,0.0
20220806:1410,692.66,45.74,31.29,3.66,0.0
20220806:1510,474.96,34.15,30.37,3.31,0.0
20220806:1610,252.97,22.36,29.59,2.83,0.0
20220806:1710,55.92,10.7,28.68,2.28,0.0
20220806:1810,0.0,0.0,27.7,1.45,0.0
20220806:1910,0.0,0.0,27.47,0.76,0.0
20220806:2010,0.0,0.0,27.09,0.69,0.0
20220806:2110,0.0,0.0,26.69,0.76,0.0
20220806:2210,0.0,0.0,26.78,0.62,0.0
20220806:2310,0.0,0.0,26.59,0.48,0.0
20220807:0010,0.0,0.0,26.21,0.83,0.0
20220807:0110,0.0,0.0,25.85,0.9,0.0
20220807:0210,0.0,0.0,25.56,0.83,0.0
20220807:0310,0.0,0.0,25.37,0.76,0.0
20220807:0410,0.0,0.0,25.23,0.69,0.0
20220807:0510,61.09,9.65,25.17,0.41,0.0
20220807:0610,240.5,21.29,25.77,0.14,0.0
20220807:0710,463.37,33.08,26.9,1.03,0.0
20220807:0810,672.52,44.69,27.95,1.1,0.0
20220807:0910,831.82,55.56,29.02,1.24,0.0
20220807:1010,725.79,64.4,30.08,1.72,0.0
20220807:1110,972.27,68.36,30.74,2.41,0.0
20220807:1210,940.49,64.92,30.82,3.1,0.0
20220807:1310,833.3,56.32,30.66,3.31,0.0
20220807:1410,663.87,45.55,30.5,3.17,0.0
20220807:1510,463.49,33.97,30.01,3.03,0.0
20220807:1610,241.85,22.18,29.39,2.48,0.0
20220807:1710,57.82,10.52,28.66,2.0,0.0
20220807:1810,0.0,0.0,27.84,1.86,0.0
20220807:1910,0.0,0.0,26.71,1.1,0.0
20220807:2010,0.0,0.0,26.37,0.48,0.0
20220807:2110,0.0,0.0,26.15,0.41,0.0
20220807:2210,0.0,0.0,26.03,0.55,0.0
20220807:2310,0.0,0.0,26.06,0.55,0.0
20220808:0010,0.0,0.0,26.05,0.34,0.0
20220808:0110,0.0,0.0,25.94,0.34,0.0
20220808:0210,0.0,0.0,25.61,0.76,0.0
20220808:0310,0.0,0.0,25.57,0.76,0.0
20220808:0410,0.0,0.0,25.62,0.69,0.0
20220808:0510,60.62,9.5,25.41,0.76,0.0
20220808:0610,228.36,21.15,25.96,0.69,0.0
20220808:0710,465.28,32.94,26.97,2.07,0.0
20220808:0810,670.56,44.54,27.79,1.24,0.0
20220808:0910,839.87,55.38,29.11,1.24,0.0
20220808:1010,934.55,64.17,30.13,2.0,0.0
20220808:1110,970.14,68.08,30.71,2.69,0.0
20220808:1210,932.8,64.66,30.29,2.83,0.0
20220808:1310,812.66,56.1,30.66,3.03,0.0
20220808:1410,665.91,45.35,30.68,3.45,0.0
20220808:1510,465.17,33.78,30.05,2.97,0.0
20220808:1610,241.16,21.99,29.56,2.21,0.0
20220808:1710,56.55,10.32,28.93,2.07,0.0
20220808:1810,0.0,0.0,28.03,1.72,0.0
20220808:1910,0.0,0.0,27.03,0.97,0.0
20220808:2010,0.0,0.0,26.67,0.41,0.0
20220808:2110,0.0,0.0,26.54,0.28,0.0
20220808:2210,0.0,0.0,26.25,0.41,0.0
20220808:2310,0.0,0.0,25.96,0.55,0.0
20220809:0010,0.0,0.0,25.54,0.9,0.0
20220809:0110,0.0,0.0,25.05,0.97,0.0
20220809:0210,0.0,0.0,25.17,0.83,0.0
20220809:0310,0.0,0.0,25.37,0.55,0.0
20220809:0410,0.0,0.0,25.24,0.41,0.0
20220809:0510,57.79,9.35,25.19,0.48,0.0
20220809:0610,246.2,21.01,25.78,1.03,0.0
20220809:0710,470.01,32.8,26.33,1.86,0.0
20220809:0810,678.27,44.39,27.0,1.17,0.0
20220809:0910,859.17,55.2,28.28,1.03,0.0
20220809:1010,951.11,63.94,29.37,1.93,0.0
20220809:1110,314.76,67.79,29.83,2.76,0.0
20220809:1210,965.63,64.39,28.44,3.17,0.0
20220809:1310,471.27,55.87,28.07,2.69,0.0
20220809:1410,430.09,45.15,27.81,0.83,0.0
20220809:1510,463.16,33.59,27.48,0.83,0.0
20220809:1610,242.0,21.8,27.65,0.28,0.0
20220809:1710,59.67,10.13,27.66,1.24,0.0
20220809:1810,0.0,0.0,27.04,1.45,0.0
20220809:1910,0.0,0.0,26.3,1.38,0.0
20220809:2010,0.0,0.0,26.01,1.31,0.0
20220809:2110,0.0,0.0,25.66,0.76,0.0
20220809:2210,0.0,0.0,25.85,0.34,0.0
20220809:2310,0.0,0.0,25.84,0.0,0.0
20220810:0010,0.0,0.0,25.57,0.48,0.0
20220810:0110,0.0,0.0,25.29,0.48,0.0
20220810:0210,0.0,0.0,24.91,0.55,0.0
20220810:0310,0.0,0.0,24.16,0.9,0.0
20220810:0410,0.0,0.0,22.96,1.24,0.0
20220810:0510,58.62,9.21,23.76,0.83,0.0
20220810:0610,109.26,20.88,24.47,0.34,0.0
20220810:0710,153.74,32.66,25.9,0.97,0.0
20220810:0810,306.95,44.24,26.98,0.76,0.0
20220810:0910,91.83,55.02,27.69,0.76,0.0
20220810:1010,82.46,63.7,28.35,1.66,0.0
20220810:1110,473.17,67.51,28.2,2.48,0.0
20220810:1210,811.5,64.12,26.21,1.72,0.0
20220810:1310,809.88,55.64,26.24,1.24,0.0
20220810:1410,520.81,44.94,25.82,1.17,0.0
20220810:1510,417.34,33.39,25.09,1.66,0.0
20220810:1610,238.72,21.61,23.92,0.97,0.0
20220810:1710,53.57,9.92,24.26,1.1,0.0
20220810:1810,0.0,0.0,24.31,0.83,0.0
20220810:1910,0.0,0.0,24.54,0.97,0.0
20220810:2010,0.0,0.0,23.89,1.03,0.0
20220810:2110,0.0,0.0,23.61,1.59,0.0
20220810:2210,0.0,0.0,23.16,1.59,0.0
20220810:2310,0.0,0.0,22.99,1.17,0.0
20220811:0010,0.0,0.0,23.36,0.97,0.0
20220811:0110,0.0,0.0,23.96,0.83,0.0
20220811:0210,0.0,0.0,24.08,0.62,0.0
20220811:0310,0.0,0.0,24.0,0.28,0.0
20220811:0410,0.0,0.0,23.9,0.69,0.0
20220811:0510,58.12,9.06,23.74,0.69,0.0
20220811:0610,228.28,20.74,24.05,1.17,0.0
20220811:0710,455.55,32.52,25.07,1.1,0.0
20220811:0810,664.72,44.08,25.42,2.48,0.0
20220811:0910,848.0,54.83,25.53,2.07,0.0
20220811:1010,955.65,63.46,26.02,1.93,0.0
20220811:1110,985.47,67.21,26.48,2.41,0.0
20220811:1210,946.61,63.84,26.55,2.48,0.0
20220811:1310,837.74,55.4,26.71,2.69,0.0
20220811:1410,608.26,44.73,26.18,2.14,0.0
20220811:1510,446.39,33.19,26.43,1.86,0.0
20220811:1610,232.87,21.41,25.91,1.38,0.0
20220811:1710,52.62,9.72,25.58,0.9,0.0
20220811:1810,0.0,0.0,24.86,0.34,0.0
20220811:1910,0.0,0.0,25.28,0.21,0.0
20220811:2010,0.0,0.0,24.52,2.0,0.0
20220811:2110,0.0,0.0,23.44,3.17,0.0
20220811:2210,0.0,0.0,22.75,1.03,0.0
20220811:2310,0.0,0.0,22.56,1.45,0.0
20220812:0010,0.0,0.0,22.19,1.45,0.0
20220812:0110,0.0,0.0,22.0,1.24,0.0
20220812:0210,0.0,0.0,22.18,1.17,0.0
20220812:0310,0.0,0.0,22.58,0.97,0.0
20220812:0410,0.0,0.0,22.44,0.97,0.0
20220812:0510,15.93,8.91,21.86,1.17,0.0
20220812:0610,170.51,20.6,21.84,2.55,0.0
20220812:0710,480.17,32.38,24.76,1.66,0.0
20220812:0810,642.15,43.93,25.93,2.55,0.0
20220812:0910,865.19,54.64,25.4,3.93,0.0
20220812:1010,124.62,63.22,24.71,2.76,0.0
20220812:1110,77.77,66.92,25.09,1.86,0.0
20220812:1210,776.87,63.56,25.31,1.45,0.0
20220812:1310,857.67,55.15,25.97,1.45,0.0
20220812:1410,684.75,44.51,26.5,2.48,0.0
20220812:1510,461.92,32.99,26.75,3.17,0.0
20220812:1610,239.01,21.2,26.67,3.17,0.0
20220812:1710,50.2,9.51,26.33,2.9,0.0
20220812:1810,0.0,0.0,25.84,2.0,0.0
20220812:1910,0.0,0.0,25.07,0.83,0.0
20220812:2010,0.0,0.0,24.17,1.03,0.0
20220812:2110,0.0,0.0,23.51,1.59,0.0
20220812:2210,0.0,0.0,23.5,2.14,0.0
20220812:2310,0.0,0.0,23.49,2.28,0.0
20220813:0010,0.0,0.0,23.22,2.14,0.0
20220813:0110,0.0,0.0,22.89,2.0,0.0
20220813:0210,0.0,0.0,22.49,1.86,0.0
20220813:0310,0.0,0.0,22.18,1.79,0.0
20220813:0410,0.0,0.0,22.1,1.86,0.0
20220813:0510,56.19,8.76,22.22,1.79,0.0
20220813:0610,242.9,20.46,24.22,1.79,0.0
20220813:0710,472.52,32.24,25.95,2.34,0.0
20220813:0810,683.01,43.77,26.92,2.48,0.0
20220813:0910,865.92,54.45,27.97,2.55,0.0
20220813:1010,964.83,62.97,28.8,2.69,0.0
20220813:1110,970.0,66.62,29.22,2.48,0.0
20220813:1210,948.76,63.27,29.71,2.34,0.0
20220813:1310,834.06,54.9,29.84,2.55,0.0
20220813:1410,661.38,44.28,29.76,2.62,0.0
20220813:1510,452.05,32.77,29.52,2.9,0.0
20220813:1610,229.61,20.99,28.92,2.69,0.0
20220813:1710,51.3,9.29,28.27,1.72,0.0
20220813:1810,0.0,0.0,27.42,1.31,0.0
20220813:1910,0.0,0.0,26.29,1.52,0.0
20220813:2010,0.0,0.0,25.46,1.45,0.0
20220813:2110,0.0,0.0,24.68,1.17,0.0
20220813:2210,0.0,0.0,24.09,1.1,0.0
20220813:2310,0.0,0.0,24.0,0.97,0.0
20220814:0010,0.0,0.0,23.56,1.03,0.0
20220814:0110,0.0,0.0,22.94,1.24,0.0
20220814:0210,0.0,0.0,22.84,1.17,0.0
20220814:0310,0.0,0.0,22.87,1.03,0.0
20220814:0410,0.0,0.0,22.93,0.97,0.0
20220814:0510,55.17,8.62,22.59,1.1,0.0
20220814:0610,234.93,20.31,24.74,1.24,0.0
20220814:0710,470.76,32.1,26.04,2.9,0.0
20220814:0810,649.33,43.61,26.64,2.83,0.0
20220814:0910,859.77,54.26,27.27,2.76,0.0
20220814:1010,956.13,62.72,27.8,3.72,0.0
20220814:1110,991.71,66.31,27.94,3.93,0.0
20220814:1210,939.91,62.97,27.92,3.17,0.0
20220814:1310,734.52,54.65,27.96,2.76,0.0
20220814:1410,624.99,44.05,27.77,2.76,0.0
20220814:1510,444.67,32.56,27.3,2.48,0.0
20220814:1610,233.61,20.78,26.8,2.07,0.0
20220814:1710,49.08,9.07,26.26,1.72,0.0
20220814:1810,0.0,0.0,25.6,1.38,0.0
20220814:1910,0.0,0.0,24.99,1.66,0.0
20220814:2010,0.0,0.0,24.16,1.03,0.0
20220814:2110,0.0,0.0,24.03,0.9,0.0
20220814:2210,0.0,0.0,22.84,1.31,0.0
20220814:2310,0.0,0.0,22.41,1.45,0.0
20220815:0010,0.0,0.0,21.92,1.59,0.0
20220815:0110,0.0,0.0,21.6,1.66,0.0
20220815:0210,0.0,0.0,22.28,1.38,0.0
20220815:0310,0.0,0.0,21.8,1.45,0.0
20220815:0410,0.0,0.0,21.02,1.93,0.0
20220815:0510,54.17,8.47,21.75,2.34,0.0
20220815:0610,226.69,20.17,23.95,1.93,0.0
20220815:0710,447.25,31.95,27.47,1.31,0.0
20220815:0810,661.14,43.45,29.03,1.52,0.0
20220815:0910,809.3,54.07,30.23,1.79,0.0
20220815:1010,926.68,62.46,31.13,1.31,0.0
20220815:1110,967.25,66.0,31.64,0.48,0.0
20220815:1210,905.73,62.67,31.82,0.34,0.0
20220815:1310,759.81,54.39,31.8,0.97,0.0
20220815:1410,150.86,43.82,31.52,1.66,0.0
20220815:1510,47.79,32.34,31.01,2.14,0.0
20220815:1610,128.71,20.56,30.6,2.48,0.0
20220815:1710,49.57,8.85,30.17,2.9,0.0
20220815:1810,0.0,0.0,29.2,3.17,0.0
20220815:1910,0.0,0.0,28.39,3.31,0.0
20220815:2010,0.0,0.0,27.56,3.03,0.0
20220815:2110,0.0,0.0,27.09,3.31,0.0
20220815:2210,0.0,0.0,26.71,3.45,0.0
20220815:2310,0.0,0.0,26.29,3.86,0.0
20220816:0010,0.0,0.0,26.08,4.62,0.0
20220816:0110,0.0,0.0,26.15,4.97,0.0
20220816:0210,0.0,0.0,26.01,4.55,0.0
20220816:0310,0.0,0.0,25.83,4.14,0.0
20220816:0410,0.0,0.0,25.55,4.28,0.0
20220816:0510,16.87,8.32,25.63,4.28,0.0
20220816:0610,241.43,20.03,26.27,4.14,0.0
20220816:0710,464.09,31.81,28.53,3.45,0.0
20220816:0810,680.13,43.29,30.5,2.97,0.0
20220816:0910,842.82,53.87,32.11,2.34,0.0
20220816:1010,949.57,62.21,32.99,1.72,0.0
20220816:1110,972.01,65.69,33.16,1.72,0.0
20220816:1210,646.44,62.37,33.11,1.31,0.0
20220816:1310,798.71,54.12,33.44,1.38,0.0
20220816:1410,513.29,43.58,33.65,1.38,0.0
20220816:1510,259.84,32.11,33.42,1.17,0.0
20220816:1610,221.06,20.34,32.9,0.9,0.0
20220816:1710,48.65,8.62,31.96,0.9,0.0
20220816:1810,0.0,0.0,30.64,0.83,0.0
20220816:1910,0.0,0.0,28.79,0.97,0.0
20220816:2010,0.0,0.0,28.01,1.1,0.0
20220816:2110,0.0,0.0,27.45,1.24,0.0
20220816:2210,0.0,0.0,26.77,1.1,0.0
20220816:2310,0.0,0.0,25.99,1.17,0.0
20220817:0010,0.0,0.0,24.97,1.24,0.0
20220817:0110,0.0,0.0,24.78,2.21,0.0
20220817:0210,0.0,0.0,24.87,2.41,0.0
20220817:0310,0.0,0.0,24.28,1.93,0.0
20220817:0410,0.0,0.0,24.2,2.21,0.0
20220817:0510,51.42,8.17,24.33,2.28,0.0
20220817:0610,227.95,19.88,26.08,1.66,0.0
20220817:0710,400.29,31.66,29.74,1.59,0.0
20220817:0810,498.31,43.13,31.71,1.24,0.0
20220817:0910,531.42,53.67,33.2,1.52,0.0
20220817:1010,883.88,61.94,34.28,2.34,0.0
20220817:1110,946.46,65.37,34.93,2.07,0.0
20220817:1210,901.95,62.06,35.17,1.86,0.0
20220817:1310,560.48,53.85,34.8,2.48,0.0
20220817:1410,618.45,43.34,34.21,3.24,0.0
20220817:1510,428.89,31.88,33.48,3.59,0.0
20220817:1610,209.79,20.11,32.85,3.45,0.0
20220817:1710,47.91,8.39,32.34,3.17,0.0
20220817:1810,0.0,0.0,31.67,3.03,0.0
20220817:1910,0.0,0.0,31.0,2.34,0.0
20220817:2010,0.0,0.0,30.05,2.48,0.0
20220817:2110,0.0,0.0,28.9,2.14,0.0
20220817:2210,0.0,0.0,27.69,2.14,0.0
20220817:2310,0.0,0.0,27.03,2.76,0.0
20220818:0010,0.0,0.0,26.85,3.38,0.0
20220818:0110,0.0,0.0,27.08,3.86,0.0
20220818:0210,0.0,0.0,27.25,4.21,0.0
20220818:0310,0.0,0.0,27.41,4.55,0.0
20220818:0410,0.0,0.0,27.79,4.55,0.0
20220818:0510,51.12,8.01,28.06,4.28,0.0
20220818:0610,213.59,19.74,28.76,4.0,0.0
20220818:0710,402.68,31.51,31.41,5.31,0.0
20220818:0810,581.23,42.96,33.41,6.0,0.0
20220818:0910,799.84,53.47,35.39,5.72,0.0
20220818:1010,911.36,61.68,36.25,4.97,0.0
20220818:1110,950.93,65.05,36.92,4.28,0.0
20220818:1210,337.0,61.75,37.76,4.14,0.0
20220818:1310,683.05,53.58,38.18,4.28,0.0
20220818:1410,453.05,43.09,38.05,4.0,0.0
20220818:1510,412.07,31.64,37.31,3.1,0.0
20220818:1610,189.99,19.88,36.29,2.0,0.0
20220818:1710,45.47,8.15,34.9,1.59,0.0
20220818:1810,0.0,0.0,33.39,2.07,0.0
20220818:1910,0.0,0.0,31.83,1.93,0.0
20220818:2010,0.0,0.0,30.02,2.14,0.0
20220818:2110,0.0,0.0,28.73,2.14,0.0
20220818:2210,0.0,0.0,27.76,2.28,0.0
20220818:2310,0.0,0.0,26.78,1.93,0.0
20220819:0010,0.0,0.0,26.39,2.21,0.0
20220819:0110,0.0,0.0,25.88,2.76,0.0
20220819:0210,0.0,0.0,25.66,2.97,0.0
20220819:0310,0.0,0.0,25.61,2.9,0.0
20220819:0410,0.0,0.0,25.48,2.62,0.0
20220819:0510,50.36,7.86,25.36,2.41,0.0
20220819:0610,182.77,19.6,25.69,3.03,0.0
20220819:0710,386.65,31.36,26.58,2.34,0.0
20220819:0810,572.45,42.79,26.83,2.14,0.0
20220819:0910,781.93,53.26,27.71,2.28,0.0
20220819:1010,780.8,61.41,28.64,2.62,0.0
20220819:1110,905.99,64.73,29.37,3.52,0.0
20220819:1210,868.34,61.43,29.53,4.62,0.0
20220819:1310,811.49,53.3,29.34,5.45,0.0
20220819:1410,676.08,42.83,28.85,5.79,0.0
20220819:1510,462.57,31.4,28.1,5.79,0.0
20220819:1610,229.0,19.64,27.26,5.31,0.0
20220819:1710,40.57,7.91,26.46,4.41,0.0
20220819:1810,0.0,0.0,25.66,3.72,0.0
20220819:1910,0.0,0.0,25.55,4.0,0.0
20220819:2010,0.0,0.0,25.35,3.52,0.0
20220819:2110,0.0,0.0,25.14,3.03,0.0
20220819:2210,0.0,0.0,24.92,3.31,0.0
20220819:2310,0.0,0.0,24.77,3.66,0.0
20220820:0010,0.0,0.0,24.58,3.72,0.0
20220820:0110,0.0,0.0,24.28,3.72,0.0
20220820:0210,0.0,0.0,23.9,3.86,0.0
20220820:0310,0.0,0.0,23.49,3.86,0.0
20220820:0410,0.0,0.0,23.16,3.79,0.0
20220820:0510,49.77,7.71,23.18,3.52,0.0
20220820:0610,61.84,19.45,23.9,4.62,0.0
20220820:0710,480.11,31.21,24.93,4.34,0.0
20220820:0810,700.57,42.63,25.98,4.62,0.0
20220820:0910,858.12,53.05,26.85,4.69,0.0
20220820:1010,952.9,61.14,27.63,4.69,0.0
20220820:1110,999.7,64.4,28.01,4.9,0.0
20220820:1210,922.54,61.11,28.4,5.17,0.0
20220820:1310,848.23,53.01,28.46,5.31,0.0
20220820:1410,680.83,42.58,28.18,5.38,0.0
20220820:1510,450.41,31.16,27.73,5.31,0.0
20220820:1610,217.63,19.4,26.99,4.83,0.0
20220820:1710,38.12,7.66,26.25,4.21,0.0
20220820:1810,0.0,0.0,25.53,3.38,0.0
20220820:1910,0.0,0.0,24.92,3.03,0.0
20220820:2010,0.0,0.0,24.54,2.97,0.0
20220820:2110,0.0,0.0,24.23,2.34,0.0
20220820:2210,0.0,0.0,23.83,1.86,0.0
20220820:2310,0.0,0.0,23.26,1.66,0.0
20220821:0010,0.0,0.0,22.52,1.59,0.0
20220821:0110,0.0,0.0,21.9,1.66,0.0
20220821:0210,0.0,0.0,21.4,1.66,0.0
20220821:0310,0.0,0.0,20.96,1.52,0.0
20220821:0410,0.0,0.0,21.15,1.24,0.0
20220821:0510,49.4,7.56,21.52,1.03,0.0
20220821:0610,255.45,19.3,22.9,0.9,0.0
20220821:0710,489.1,31.06,25.28,1.79,0.0
20220821:0810,679.81,42.46,26.31,2.28,0.0
20220821:0910,873.25,52.84,27.19,2.9,0.0
20220821:1010,999.48,60.87,27.76,3.45,0.0
20220821:1110,1033.94,64.07,27.99,3.79,0.0
20220821:1210,973.11,60.79,27.94,3.72,0.0
20220821:1310,852.28,52.72,27.87,3.72,0.0
20220821:1410,671.52,42.31,27.68,3.86,0.0
20220821:1510,446.62,30.91,27.28,4.0,0.0
20220821:1610,228.07,19.15,26.74,3.93,0.0
20220821:1710,36.92,7.41,26.08,3.52,0.0
20220821:1810,0.0,0.0,25.43,3.03,0.0
20220821:1910,0.0,0.0,24.92,2.07,0.0
20220821:2010,0.0,0.0,24.67,1.86,0.0
20220821:2110,0.0,0.0,24.29,1.59,0.0
20220821:2210,0.0,0.0,23.53,0.97,0.0
20220821:2310,0.0,0.0,23.21,0.83,0.0
20220822:0010,0.0,0.0,22.25,1.17,0.0
20220822:0110,0.0,0.0,21.81,1.24,0.0
20220822:0210,0.0,0.0,22.73,0.83,0.0
20220822:0310,0.0,0.0,22.66,0.62,0.0
20220822:0410,0.0,0.0,22.47,0.76,0.0
20220822:0510,48.55,7.41,22.56,0.62,0.0
20220822:0610,254.77,19.16,22.87,0.48,0.0
20220822:0710,483.23,30.91,24.04,1.1,0.0
20220822:0810,712.46,42.28,25.53,0.62,0.0
20220822:0910,867.06,52.63,26.85,1.24,0.0
20220822:1010,975.57,60.59,27.61,2.07,0.0
20220822:1110,1016.08,63.74,27.71,2.62,0.0
20220822:1210,960.85,60.46,27.57,2.9,0.0
20220822:1310,783.83,52.42,27.46,3.17,0.0
20220822:1410,546.56,42.05,27.33,3.24,0.0
20220822:1510,348.85,30.66,26.96,3.24,0.0
20220822:1610,166.95,18.9,26.33,3.52,0.0
20220822:1710,40.07,7.16,25.27,2.9,0.0
20220822:1810,0.0,0.0,24.5,1.38,0.0
20220822:1910,0.0,0.0,24.78,1.38,0.0
20220822:2010,0.0,0.0,24.38,1.38,0.0
20220822:2110,0.0,0.0,23.93,1.45,0.0
20220822:2210,0.0,0.0,23.36,1.1,0.0
20220822:2310,0.0,0.0,23.59,0.76,0.0
20220823:0010,0.0,0.0,23.59,0.69,0.0
20220823:0110,0.0,0.0,23.55,0.14,0.0
20220823:0210,0.0,0.0,23.39,0.28,0.0
20220823:0310,0.0,0.0,23.27,0.34,0.0
20220823:0410,0.0,0.0,23.14,0.62,0.0
20220823:0510,48.12,7.25,22.99,0.83,0.0
20220823:0610,250.49,19.01,22.73,1.17,0.0
20220823:0710,484.99,30.75,24.13,1.45,0.0
20220823:0810,708.86,42.11,25.03,1.45,0.0
20220823:0910,877.89,52.41,25.77,1.59,0.0
20220823:1010,981.73,60.31,26.7,1.86,0.0
20220823:1110,1010.17,63.4,27.27,2.41,0.0
20220823:1210,971.77,60.13,27.35,2.9,0.0
20220823:1310,864.56,52.13,27.23,3.1,0.0
20220823:1410,671.75,41.77,27.12,3.17,0.0
20220823:1510,459.42,30.4,26.73,2.83,0.0
20220823:1610,215.76,18.65,26.19,2.07,0.0
20220823:1710,38.29,6.9,25.62,1.52,0.0
20220823:1810,0.0,0.0,25.04,1.1,0.0
20220823:1910,0.0,0.0,24.01,0.76,0.0
20220823:2010,0.0,0.0,23.89,0.97,0.0
20220823:2110,0.0,0.0,23.66,1.52,0.0
20220823:2210,0.0,0.0,23.53,1.72,0.0
20220823:2310,0.0,0.0,23.08,1.59,0.0
20220824:0010,0.0,0.0,22.54,1.45,0.0
20220824:0110,0.0,0.0,22.13,1.24,0.0
20220824:0210,0.0,0.0,21.98,1.03,0.0
20220824:0310,0.0,0.0,22.29,0.83,0.0
20220824:0410,0.0,0.0,21.69,1.03,0.0
20220824:0510,20.61,7.1,21.82,1.31,0.0
20220824:0610,227.81,18.86,23.04,1.59,0.0
20220824:0710,472.19,30.6,23.92,1.59,0.0
20220824:0810,693.5,41.93,24.6,1.52,0.0
20220824:0910,869.49,52.19,25.09,2.14,0.0
20220824:1010,960.86,60.03,25.33,2.21,0.0
20220824:1110,981.48,63.06,25.79,1.79,0.0
20220824:1210,932.45,59.79,26.88,2.0,0.0
20220824:1310,840.05,51.82,27.66,2.9,0.0
20220824:1410,591.65,41.5,27.75,3.72,0.0
20220824:1510,410.02,30.14,27.43,4.14,0.0
20220824:1610,207.61,18.39,26.93,4.07,0.0
20220824:1710,31.16,6.64,26.22,3.52,0.0
20220824:1810,0.0,0.0,25.41,2.55,0.0
20220824:1910,0.0,0.0,24.77,1.72,0.0
20220824:2010,0.0,0.0,24.13,1.1,0.0
20220824:2110,0.0,0.0,23.44,0.9,0.0
20220824:2210,0.0,0.0,22.86,0.83,0.0
20220824:2310,0.0,0.0,23.09,0.28,0.0
20220825:0010,0.0,0.0,22.91,0.55,0.0
20220825:0110,0.0,0.0,22.81,0.62,0.0
20220825:0210,0.0,0.0,22.61,0.76,0.0
20220825:0310,0.0,0.0,21.78,1.1,0.0
20220825:0410,0.0,0.0,20.91,1.45,0.0
20220825:0510,46.45,6.95,20.87,1.59,0.0
20220825:0610,194.67,18.71,22.83,1.66,0.0
20220825:0710,419.0,30.44,24.49,1.38,0.0
20220825:0810,680.53,41.76,25.51,1.79,0.0
20220825:0910,875.13,51.97,26.4,2.69,0.0
20220825:1010,960.15,59.74,26.8,3.24,0.0
20220825:1110,992.38,62.72,27.17,3.03,0.0
20220825:1210,972.68,59.45,27.32,2.69,0.0
20220825:1310,858.42,51.51,27.48,2.83,0.0
20220825:1410,669.68,41.22,27.64,3.38,0.0
20220825:1510,452.94,29.87,27.28,3.52,0.0
20220825:1610,215.89,18.13,26.67,3.24,0.0
20220825:1710,35.62,6.38,25.92,2.83,0.0
20220825:1810,0.0,0.0,25.15,2.14,0.0
20220825:1910,0.0,0.0,24.54,1.31,0.0
20220825:2010,0.0,0.0,23.96,0.83,0.0
20220825:2110,0.0,0.0,23.81,0.55,0.0
20220825:2210,0.0,0.0,23.09,0.83,0.0
20220825:2310,0.0,0.0,22.33,1.38,0.0
20220826:0010,0.0,0.0,22.32,1.79,0.0
20220826:0110,0.0,0.0,22.14,1.79,0.0
20220826:0210,0.0,0.0,21.68,1.45,0.0
20220826:0310,0.0,0.0,22.76,0.9,0.0
20220826:0410,0.0,0.0,22.96,0.34,0.0
20220826:0510,45.2,6.79,22.73,0.55,0.0
20220826:0610,236.79,18.56,22.77,0.69,0.0
20220826:0710,484.69,30.29,24.71,0.21,0.0
20220826:0810,696.32,41.58,25.86,0.21,0.0
20220826:0910,861.67,51.75,26.93,0.9,0.0
20220826:1010,969.2,59.45,27.88,1.93,0.0
20220826:1110,1007.64,62.37,28.09,2.34,0.0
20220826:1210,916.05,59.1,27.85,2.41,0.0
20220826:1310,358.63,51.2,27.66,2.21,0.0
20220826:1410,497.41,40.93,27.42,2.07,0.0
20220826:1510,360.8,29.61,27.41,2.0,0.0
20220826:1610,166.4,17.87,27.01,1.86,0.0
20220826:1710,34.73,6.11,26.42,1.59,0.0
20220826:1810,0.0,0.0,25.75,1.45,0.0
20220826:1910,0.0,0.0,24.8,1.59,0.0
20220826:2010,0.0,0.0,24.3,1.17,0.0
20220826:2110,0.0,0.0,23.95,0.97,0.0
20220826:2210,0.0,0.0,23.64,1.03,0.0
20220826:2310,0.0,0.0,23.53,0.97,0.0
20220827:0010,0.0,0.0,23.87,0.41,0.0
20220827:0110,0.0,0.0,23.69,0.28,0.0
20220827:0210,0.0,0.0,23.52,0.62,0.0
20220827:0310,0.0,0.0,23.33,0.55,0.0
20220827:0410,0.0,0.0,23.17,0.34,0.0
20220827:0510,45.31,6.64,23.05,0.28,0.0
20220827:0610,243.47,18.41,23.46,0.21,0.0
20220827:0710,483.14,30.13,24.89,0.9,0.0
20220827:0810,698.6,41.39,25.89,1.1,0.0
20220827:0910,881.26,51.52,26.86,1.31,0.0
20220827:1010,966.76,59.16,27.61,1.72,0.0
20220827:1110,967.71,62.03,28.33,2.34,0.0
20220827:1210,650.77,58.76,28.31,2.97,0.0
20220827:1310,846.48,50.89,26.75,2.83,0.0
20220827:1410,642.2,40.65,27.01,2.07,0.0
20220827:1510,436.06,29.33,26.86,1.52,0.0
20220827:1610,202.98,17.6,26.75,1.17,0.0
20220827:1710,32.94,5.84,26.39,0.97,0.0
20220827:1810,0.0,0.0,25.98,1.1,0.0
20220827:1910,0.0,0.0,25.45,0.97,0.0
20220827:2010,0.0,0.0,24.92,0.97,0.0
20220827:2110,0.0,0.0,24.47,1.31,0.0
20220827:2210,0.0,0.0,24.02,1.52,0.0
20220827:2310,0.0,0.0,23.67,1.59,0.0
20220828:0010,0.0,0.0,23.23,1.59,0.0
20220828:0110,0.0,0.0,22.83,1.45,0.0
20220828:0210,0.0,0.0,22.48,1.31,0.0
20220828:0310,0.0,0.0,22.18,1.45,0.0
20220828:0410,0.0,0.0,22.13,1.24,0.0
20220828:0510,42.4,6.49,23.67,0.69,0.0
20220828:0610,235.65,18.26,23.78,0.28,0.0
20220828:0710,466.21,29.97,25.76,0.83,0.0
20220828:0810,686.34,41.21,25.91,1.17,0.0
20220828:0910,851.38,51.3,25.66,1.86,0.0
20220828:1010,361.23,58.86,26.58,2.97,0.0
20220828:1110,1000.46,61.67,27.31,1.45,0.0
20220828:1210,938.11,58.4,27.7,0.55,0.0
20220828:1310,832.0,50.57,27.43,0.55,0.0
20220828:1410,649.1,40.35,27.33,0.21,0.0
20220828:1510,376.51,29.06,27.46,0.9,0.0
20220828:1610,119.63,17.33,27.36,1.45,0.0
20220828:1710,8.9,5.56,26.9,1.86,0.0
20220828:1810,0.0,0.0,26.06,2.28,0.0
20220828:1910,0.0,0.0,25.64,1.03,0.0
20220828:2010,0.0,0.0,24.68,0.97,0.0
20220828:2110,0.0,0.0,24.98,0.21,0.0
20220828:2210,0.0,0.0,24.86,0.55,0.0
20220828:2310,0.0,0.0,24.49,0.76,0.0
20220829:0010,0.0,0.0,22.87,1.38,0.0
20220829:0110,0.0,0.0,22.54,1.1,0.0
20220829:0210,0.0,0.0,23.04,0.83,0.0
20220829:0310,0.0,0.0,22.48,0.9,0.0
20220829:0410,0.0,0.0,22.18,0.97,0.0
20220829:0510,43.22,6.33,22.31,0.9,0.0
20220829:0610,245.68,18.11,23.26,0.83,0.0
20220829:0710,490.13,29.81,23.96,0.76,0.0
20220829:0810,716.08,41.03,25.3,1.79,0.0
20220829:0910,877.06,51.07,26.03,1.59,0.0
20220829:1010,991.12,58.56,26.81,1.52,0.0
20220829:1110,1023.26,61.32,27.42,1.93,0.0
20220829:1210,970.0,58.05,27.78,2.41,0.0
20220829:1310,849.45,50.24,27.71,2.76,0.0
20220829:1410,658.72,40.06,27.57,2.69,0.0
20220829:1510,442.8,28.78,27.24,2.34,0.0
20220829:1610,206.59,17.05,26.76,2.0,0.0
20220829:1710,29.38,5.28,26.02,1.86,0.0
20220829:1810,0.0,0.0,25.23,1.72,0.0
20220829:1910,0.0,0.0,24.51,1.72,0.0
20220829:2010,0.0,0.0,24.08,1.66,0.0
20220829:2110,0.0,0.0,23.55,1.59,0.0
20220829:2210,0.0,0.0,23.18,1.38,0.0
20220829:2310,0.0,0.0,22.66,1.31,0.0
20220830:0010,0.0,0.0,22.12,1.31,0.0
20220830:0110,0.0,0.0,22.18,1.17,0.0
20220830:0210,0.0,0.0,23.32,0.83,0.0
20220830:0310,0.0,0.0,22.72,0.97,0.0
20220830:0410,0.0,0.0,22.07,1.17,0.0
20220830:0510,42.98,6.18,21.99,1.17,0.0
20220830:0610,254.0,17.96,23.03,1.1,0.0
20220830:0710,490.82,29.65,24.56,1.17,0.0
20220830:0810,725.58,40.84,25.44,1.17,0.0
20220830:0910,898.02,50.83,26.41,1.31,0.0
20220830:1010,1008.45,58.26,27.16,1.52,0.0
20220830:1110,1046.7,60.96,27.87,1.86,0.0
20220830:1210,991.96,57.69,28.26,2.48,0.0
20220830:1310,858.76,49.92,28.34,2.76,0.0
20220830:1410,673.46,39.76,28.14,2.76,0.0
20220830:1510,443.15,28.49,27.77,2.62,0.0
20220830:1610,204.52,16.78,27.1,2.41,0.0
20220830:1710,27.6,5.0,26.2,2.07,0.0
20220830:1810,0.0,0.0,25.36,1.66,0.0
20220830:1910,0.0,0.0,24.81,1.17,0.0
20220830:2010,0.0,0.0,24.02,1.1,0.0
20220830:2110,0.0,0.0,23.62,0.97,0.0
20220830:2210,0.0,0.0,23.38,0.97,0.0
20220830:2310,0.0,0.0,22.14,1.59,0.0
20220831:0010,0.0,0.0,21.83,1.79,0.0
20220831:0110,0.0,0.0,21.69,1.66,0.0
20220831:0210,0.0,0.0,23.34,0.97,0.0
20220831:0310,0.0,0.0,23.62,0.41,0.0
20220831:0410,0.0,0.0,23.28,0.55,0.0
20220831:0510,41.2,6.02,23.07,0.9,0.0
20220831:0610,237.54,17.8,23.51,0.76,0.0
20220831:0710,478.68,29.48,25.61,1.1,0.0
20220831:0810,696.12,40.65,26.81,1.45,0.0
20220831:0910,766.17,50.6,28.03,1.45,0.0
20220831:1010,898.72,57.96,29.17,1.1,0.0
20220831:1110,874.72,60.6,30.03,0.9,0.0
20220831:1210,945.96,57.33,30.39,2.07,0.0
20220831:1310,800.94,49.59,29.84,2.62,0.0
20220831:1410,476.46,39.46,29.14,2.41,0.0
20220831:1510,183.34,28.21,28.48,1.93,0.0
20220831:1610,90.68,16.5,27.92,1.59,0.0
20220831:1710,22.26,4.72,27.36,1.52,0.0
20220831:1810,0.0,0.0,26.67,1.45,0.0
20220831:1910,0.0,0.0,26.16,0.55,0.0
20220831:2010,0.0,0.0,26.01,0.34,0.0
20220831:2110,0.0,0.0,25.71,1.59,0.0
20220831:2210,0.0,0.0,25.73,2.69,0.0
20220831:2310,0.0,0.0,25.59,1.93,0.0
20220901:0010,0.0,0.0,25.31,1.93,0.0
20220901:0110,0.0,0.0,25.15,2.34,0.0
20220901:0210,0.0,0.0,24.92,1.93,0.0
20220901:0310,0.0,0.0,24.74,2.14,0.0
20220901:0410,0.0,0.0,24.54,2.34,0.0
20220901:0510,40.15,5.86,24.4,2.34,0.0
20220901:0610,235.46,17.65,24.94,2.9,0.0
20220901:0710,466.91,29.32,25.61,2.41,0.0
20220901:0810,683.23,40.46,26.94,2.69,0.0
20220901:0910,708.64,50.36,27.74,4.28,0.0
20220901:1010,480.99,57.65,27.85,5.24,0.0
20220901:1110,999.06,60.24,27.89,5.72,0.0
20220901:1210,963.41,56.97,27.95,6.21,0.0
20220901:1310,794.83,49.25,27.6,6.28,0.0
20220901:1410,649.92,39.15,27.46,6.07,0.0
20220901:1510,430.14,27.92,27.27,5.79,0.0
20220901:1610,170.84,16.21,26.82,5.38,0.0
20220901:1710,24.04,4.43,26.14,4.69,0.0
20220901:1810,0.0,0.0,25.42,3.79,0.0
20220901:1910,0.0,0.0,24.75,3.17,0.0
20220901:2010,0.0,0.0,24.38,2.76,0.0
20220901:2110,0.0,0.0,24.03,2.34,0.0
20220901:2210,0.0,0.0,23.67,2.0,0.0
20220901:2310,0.0,0.0,23.18,1.72,0.0
20220902:0010,0.0,0.0,22.58,1.52,0.0
20220902:0110,0.0,0.0,21.93,1.38,0.0
20220902:0210,0.0,0.0,21.47,1.52,0.0
20220902:0310,0.0,0.0,21.28,1.59,0.0
20220902:0410,0.0,0.0,21.03,1.52,0.0
20220902:0510,36.51,5.71,21.09,1.45,0.0
20220902:0610,249.68,17.5,22.98,1.17,0.0
20220902:0710,492.33,29.15,25.01,1.66,0.0
20220902:0810,710.83,40.27,26.04,1.86,0.0
20220902:0910,874.46,50.12,27.17,2.48,0.0
20220902:1010,993.06,57.34,27.91,2.83,0.0
20220902:1110,641.42,59.87,28.52,3.31,0.0
20220902:1210,969.15,56.6,28.66,3.66,0.0
20220902:1310,840.64,48.92,28.38,3.66,0.0
20220902:1410,624.77,38.84,27.9,3.17,0.0
20220902:1510,436.98,27.62,27.38,2.62,0.0
20220902:1610,196.98,15.93,26.67,2.14,0.0
20220902:1710,22.26,4.15,25.94,1.72,0.0
20220902:1810,0.0,0.0,25.21,1.45,0.0
20220902:1910,0.0,0.0,24.92,1.66,0.0
20220902:2010,0.0,0.0,24.38,1.59,0.0
20220902:2110,0.0,0.0,23.85,1.66,0.0
20220902:2210,0.0,0.0,23.66,2.21,0.0
20220902:2310,0.0,0.0,23.33,2.0,0.0
20220903:0010,0.0,0.0,22.89,1.24,0.0
20220903:0110,0.0,0.0,22.88,1.1,0.0
20220903:0210,0.0,0.0,22.24,1.24,0.0
20220903:0310,0.0,0.0,21.47,1.59,0.0
20220903:0410,0.0,0.0,21.3,1.79,0.0
20220903:0510,32.03,5.55,21.33,1.93,0.0
20220903:0610,227.48,17.34,23.29,1.79,0.0
20220903:0710,455.23,28.99,26.17,2.07,0.0
20220903:0810,612.74,40.07,28.03,2.0,0.0
20220903:0910,769.41,49.87,29.53,1.59,0.0
20220903:1010,550.84,57.03,30.52,1.17,0.0
20220903:1110,592.05,59.51,31.04,0.97,0.0
20220903:1210,638.51,56.23,31.38,1.1,0.0
20220903:1310,783.77,48.58,31.48,0.83,0.0
20220903:1410,630.84,38.53,31.2,0.83,0.0
20220903:1510,320.43,27.33,30.95,1.03,0.0
20220903:1610,180.44,15.64,30.46,1.72,0.0
20220903:1710,18.7,3.85,29.67,1.79,0.0
20220903:1810,0.0,0.0,28.8,1.45,0.0
20220903:1910,0.0,0.0,28.3,1.72,0.0
20220903:2010,0.0,0.0,27.55,2.07,0.0
20220903:2110,0.0,0.0,26.84,2.41,0.0
20220903:2210,0.0,0.0,26.16,2.41,0.0
20220903:2310,0.0,0.0,25.57,2.48,0.0
20220904:0010,0.0,0.0,25.18,2.62,0.0
20220904:0110,0.0,0.0,24.88,2.55,0.0
20220904:0210,0.0,0.0,24.71,2.48,0.0
20220904:0310,0.0,0.0,24.58,2.41,0.0
20220904:0410,0.0,0.0,24.5,2.62,0.0
20220904:0510,13.12,5.39,24.51,2.97,0.0
20220904:0610,215.63,17.18,25.69,3.24,0.0
20220904:0710,463.95,28.82,27.33,2.28,0.0
20220904:0810,689.48,39.87,29.13,1.79,0.0
20220904:0910,853.19,49.62,30.82,1.45,0.0
20220904:1010,950.9,56.71,32.0,1.52,0.0
20220904:1110,1011.42,59.14,32.57,2.28,0.0
20220904:1210,956.39,55.86,32.7,3.1,0.0
20220904:1310,822.7,48.23,32.27,3.59,0.0
20220904:1410,631.9,38.21,31.45,3.59,0.0
20220904:1510,177.32,27.03,30.52,2.69,0.0
20220904:1610,121.33,15.34,29.88,1.86,0.0
20220904:1710,17.81,3.56,29.09,1.66,0.0
20220904:1810,0.0,0.0,27.96,1.93,0.0
20220904:1910,0.0,0.0,27.37,0.28,0.0
20220904:2010,0.0,0.0,26.48,1.38,0.0
20220904:2110,0.0,0.0,25.61,2.34,0.0
20220904:2210,0.0,0.0,24.68,1.59,0.0
20220904:2310,0.0,0.0,24.35,0.97,0.0
20220905:0010,0.0,0.0,24.05,0.9,0.0
20220905:0110,0.0,0.0,23.11,1.17,0.0
20220905:0210,0.0,0.0,22.38,1.38,0.0
20220905:0310,0.0,0.0,22.04,1.38,0.0
20220905:0410,0.0,0.0,21.79,1.45,0.0
20220905:0510,32.44,5.24,21.64,1.52,0.0
20220905:0610,228.32,17.03,23.23,1.31,0.0
20220905:0710,473.65,28.65,26.11,1.24,0.0
20220905:0810,699.48,39.68,27.48,1.86,0.0
20220905:0910,876.6,49.38,28.42,2.28,0.0
20220905:1010,982.73,56.4,29.17,2.69,0.0
20220905:1110,1017.76,58.76,29.51,3.17,0.0
20220905:1210,950.87,55.49,29.61,3.59,0.0
20220905:1310,827.34,47.89,29.44,3.72,0.0
20220905:1410,631.08,37.89,29.17,3.59,0.0
20220905:1510,400.67,26.73,28.85,3.38,0.0
20220905:1610,172.73,15.05,28.42,2.97,0.0
20220905:1710,16.03,3.26,27.69,2.34,0.0
20220905:1810,0.0,0.0,26.82,1.93,0.0
20220905:1910,0.0,0.0,26.68,1.45,0.0
20220905:2010,0.0,0.0,26.22,1.17,0.0
20220905:2110,0.0,0.0,25.57,1.38,0.0
20220905:2210,0.0,0.0,24.96,1.17,0.0
20220905:2310,0.0,0.0,25.44,0.76,0.0
20220906:0010,0.0,0.0,24.81,0.97,0.0
20220906:0110,0.0,0.0,24.32,1.1,0.0
20220906:0210,0.0,0.0,25.09,0.69,0.0
20220906:0310,0.0,0.0,24.91,0.34,0.0
20220906:0410,0.0,0.0,24.42,0.76,0.0
20220906:0510,28.98,5.08,22.77,1.59,0.0
20220906:0610,160.74,16.87,24.34,2.0,0.0
20220906:0710,0.0,0.0,26.03,0.9,0.0
20220906:0810,677.99,39.48,27.39,0.97,0.0
20220906:0910,844.89,49.12,28.4,0.97,0.0
20220906:1010,954.11,56.08,29.35,1.1,0.0
20220906:1110,975.89,58.39,30.09,1.86,0.0
20220906:1210,945.28,55.11,30.31,2.55,0.0
20220906:1310,816.47,47.54,30.06,2.83,0.0
20220906:1410,583.83,37.57,29.62,2.76,0.0
20220906:1510,391.92,26.42,29.04,2.83,0.0
20220906:1610,156.41,14.75,28.35,2.76,0.0
20220906:1710,13.36,2.97,27.77,2.34,0.0
20220906:1810,0.0,0.0,27.24,1.66,0.0
20220906:1910,0.0,0.0,26.98,1.17,0.0
20220906:2010,0.0,0.0,26.64,1.52,0.0
20220906:2110,0.0,0.0,26.38,1.79,0.0
20220906:2210,0.0,0.0,26.14,1.66,0.0
20220906:2310,0.0,0.0,25.81,1.93,0.0
20220907:0010,0.0,0.0,25.53,2.14,0.0
20220907:0110,0.0,0.0,25.18,2.21,0.0
20220907:0210,0.0,0.0,24.73,1.93,0.0
20220907:0310,0.0,0.0,24.33,1.52,0.0
20220907:0410,0.0,0.0,23.88,1.45,0.0
20220907:0510,29.52,4.92,23.5,1.52,0.0
20220907:0610,194.55,16.71,24.8,1.59,0.0
20220907:0710,445.76,28.3,27.01,1.45,0.0
20220907:0810,669.6,39.27,28.41,1.17,0.0
20220907:0910,834.12,48.87,29.67,1.1,0.0
20220907:1010,942.14,55.75,30.68,1.24,0.0
20220907:1110,969.71,58.01,31.29,0.9,0.0
20220907:1210,914.5,54.73,31.46,0.55,0.0
20220907:1310,799.41,47.19,31.5,0.55,0.0
20220907:1410,606.7,37.25,31.24,0.55,0.0
20220907:1510,387.47,26.11,31.06,0.97,0.0
20220907:1610,157.23,14.45,30.37,1.45,0.0
20220907:1710,11.58,2.67,29.26,1.45,0.0
20220907:1810,0.0,0.0,28.31,1.38,0.0
20220907:1910,0.0,0.0,27.97,1.45,0.0
20220907:2010,0.0,0.0,27.44,1.93,0.0
20220907:2110,0.0,0.0,26.88,1.45,0.0
20220907:2210,0.0,0.0,26.41,1.1,0.0
20220907:2310,0.0,0.0,25.55,1.52,0.0
20220908:0010,0.0,0.0,25.3,2.0,0.0
20220908:0110,0.0,0.0,25.07,2.34,0.0
20220908:0210,0.0,0.0,24.81,2.34,0.0
20220908:0310,0.0,0.0,24.53,2.28,0.0
20220908:0410,0.0,0.0,24.28,2.21,0.0
20220908:0510,30.56,4.76,24.19,2.21,0.0
20220908:0610,227.18,16.55,25.16,2.48,0.0
20220908:0710,471.28,28.13,27.38,3.1,0.0
20220908:0810,702.15,39.07,29.52,2.9,0.0
20220908:0910,858.57,48.61,31.37,2.21,0.0
20220908:1010,967.98,55.43,32.7,1.72,0.0
20220908:1110,995.46,57.64,33.61,1.66,0.0
20220908:1210,938.87,54.35,33.79,1.52,0.0
20220908:1310,793.11,46.84,33.67,1.52,0.0
20220908:1410,609.78,36.92,33.4,1.45,0.0
20220908:1510,380.16,25.81,33.07,1.66,0.0
20220908:1610,157.27,14.15,32.66,2.48,0.0
20220908:1710,8.01,2.36,31.92,2.62,0.0
20220908:1810,0.0,0.0,30.84,2.48,0.0
20220908:1910,0.0,0.0,29.42,2.83,0.0
20220908:2010,0.0,0.0,28.5,3.59,0.0
20220908:2110,0.0,0.0,27.7,3.79,0.0
20220908:2210,0.0,0.0,26.99,4.07,0.0
20220908:2310,0.0,0.0,26.5,4.0,0.0
20220909:0010,0.0,0.0,26.14,3.86,0.0
20220909:0110,0.0,0.0,25.87,3.86,0.0
20220909:0210,0.0,0.0,25.67,3.93,0.0
20220909:0310,0.0,0.0,25.49,4.0,0.0
20220909:0410,0.0,0.0,25.31,3.93,0.0
20220909:0510,25.4,4.6,25.2,3.79,0.0
20220909:0610,195.6,16.39,25.96,3.59,0.0
20220909:0710,383.35,27.95,28.7,3.45,0.0
20220909:0810,655.06,38.86,30.7,3.1,0.0
20220909:0910,810.67,48.35,32.22,2.83,0.0
20220909:1010,928.17,55.1,33.13,2.28,0.0
20220909:1110,967.64,57.26,33.12,1.52,0.0
20220909:1210,898.13,53.97,33.1,1.38,0.0
20220909:1310,794.75,46.48,32.78,1.86,0.0
20220909:1410,601.62,36.59,31.81,2.62,0.0
20220909:1510,360.26,25.5,30.57,2.9,0.0
20220909:1610,102.75,13.85,28.59,2.62,0.0
20220909:1710,5.34,2.06,27.96,2.28,0.0
20220909:1810,0.0,0.0,27.29,1.93,0.0
20220909:1910,0.0,0.0,26.58,2.34,0.0
20220909:2010,0.0,0.0,26.09,1.93,0.0
20220909:2110,0.0,0.0,25.78,1.38,0.0
20220909:2210,0.0,0.0,25.29,0.97,0.0
20220909:2310,0.0,0.0,25.48,0.48,0.0
20220910:0010,0.0,0.0,25.46,0.41,0.0
20220910:0110,0.0,0.0,25.34,0.34,0.0
20220910:0210,0.0,0.0,24.99,0.07,0.0
20220910:0310,0.0,0.0,24.37,0.41,0.0
20220910:0410,0.0,0.0,24.01,0.83,0.0
20220910:0510,27.68,4.44,23.75,1.03,0.0
20220910:0610,238.91,16.23,24.12,0.83,0.0
20220910:0710,486.15,27.78,25.98,0.83,0.0
20220910:0810,709.74,38.65,27.66,0.41,0.0
20220910:0910,877.36,48.09,29.1,0.97,0.0
20220910:1010,982.65,54.77,29.92,2.21,0.0
20220910:1110,1010.08,56.88,30.13,2.76,0.0
20220910:1210,863.81,53.58,30.05,2.83,0.0
20220910:1310,807.74,46.12,29.95,3.03,0.0
20220910:1410,639.81,36.26,29.66,3.24,0.0
20220910:1510,406.36,25.18,29.03,3.24,0.0
20220910:1610,169.42,13.54,28.1,2.48,0.0
20220910:1710,7.12,1.76,27.1,1.79,0.0
20220910:1810,0.0,0.0,26.22,1.38,0.0
20220910:1910,0.0,0.0,25.39,1.1,0.0
20220910:2010,0.0,0.0,24.92,0.69,0.0
20220910:2110,0.0,0.0,24.53,0.76,0.0
20220910:2210,0.0,0.0,24.72,0.28,0.0
20220910:2310,0.0,0.0,24.62,0.55,0.0
20220911:0010,0.0,0.0,24.47,0.76,0.0
20220911:0110,0.0,0.0,24.27,0.83,0.0
20220911:0210,0.0,0.0,23.94,0.83,0.0
20220911:0310,0.0,0.0,22.87,1.1,0.0
20220911:0410,0.0,0.0,22.45,1.17,0.0
20220911:0510,29.14,4.28,22.78,1.1,0.0
20220911:0610,249.24,16.06,23.46,0.83,0.0
20220911:0710,498.64,27.6,25.85,1.86,0.0
20220911:0810,721.16,38.44,27.09,2.41,0.0
20220911:0910,895.74,47.83,28.17,3.38,0.0
20220911:1010,1008.98,54.44,28.79,4.28,0.0
20220911:1110,1041.71,56.49,28.8,4.97,0.0
20220911:1210,980.94,53.2,28.55,5.1,0.0
20220911:1310,855.21,45.76,28.23,4.83,0.0
20220911:1410,647.04,35.93,27.93,4.55,0.0
20220911:1510,411.55,24.87,27.37,4.41,0.0
20220911:1610,172.97,13.24,26.57,4.07,0.0
20220911:1710,4.45,1.45,25.61,3.17,0.0
20220911:1810,0.0,0.0,24.92,2.48,0.0
20220911:1910,0.0,0.0,24.6,1.93,0.0
20220911:2010,0.0,0.0,24.27,1.86,0.0
20220911:2110,0.0,0.0,23.85,1.93,0.0
20220911:2210,0.0,0.0,23.44,2.0,0.0
20220911:2310,0.0,0.0,23.04,2.0,0.0
20220912:0010,0.0,0.0,22.75,2.0,0.0
20220912:0110,0.0,0.0,22.23,1.79,0.0
20220912:0210,0.0,0.0,21.62,1.59,0.0
20220912:0310,0.0,0.0,21.39,1.45,0.0
20220912:0410,0.0,0.0,21.4,1.38,0.0
20220912:0510,25.35,4.12,21.74,1.24,0.0
20220912:0610,233.22,15.9,22.11,1.1,0.0
20220912:0710,451.47,27.42,24.49,0.76,0.0
20220912:0810,724.24,38.23,25.6,1.17,0.0
20220912:0910,894.88,47.56,26.6,1.93,0.0
20220912:1010,1007.0,54.11,27.32,2.41,0.0
20220912:1110,1027.63,56.11,27.75,2.69,0.0
20220912:1210,973.46,52.81,27.96,2.97,0.0
20220912:1310,847.7,45.4,27.87,3.38,0.0
20220912:1410,656.23,35.59,27.57,3.66,0.0
20220912:1510,410.07,24.55,26.95,3.45,0.0
20220912:1610,166.62,12.93,26.1,3.03,0.0
20220912:1710,0.0,0.0,25.15,2.48,0.0
20220912:1810,0.0,0.0,24.35,1.93,0.0
20220912:1910,0.0,0.0,23.51,1.72,0.0
20220912:2010,0.0,0.0,23.04,1.52,0.0
20220912:2110,0.0,0.0,22.4,1.31,0.0
20220912:2210,0.0,0.0,21.88,1.03,0.0
20220912:2310,0.0,0.0,21.28,1.24,0.0
20220913:0010,0.0,0.0,20.68,1.52,0.0
20220913:0110,0.0,0.0,20.29,1.59,0.0
20220913:0210,0.0,0.0,20.57,1.38,0.0
20220913:0310,0.0,0.0,21.02,1.17,0.0
20220913:0410,0.0,0.0,20.69,1.24,0.0
20220913:0510,27.0,3.96,20.38,1.31,0.0
20220913:0610,249.77,15.73,20.72,1.45,0.0
20220913:0710,493.25,27.24,23.29,1.52,0.0
20220913:0810,721.98,38.01,24.49,1.86,0.0
20220913:0910,901.22,47.29,25.67,2.28,0.0
20220913:1010,1007.88,53.77,26.45,2.41,0.0
20220913:1110,1039.55,55.72,27.05,2.76,0.0
20220913:1210,978.56,52.42,27.38,3.31,0.0
20220913:1310,856.79,45.04,27.34,3.52,0.0
20220913:1410,658.59,35.26,27.18,3.31,0.0
20220913:1510,410.68,24.23,26.92,3.1,0.0
20220913:1610,168.41,12.62,26.33,2.9,0.0
20220913:1710,0.0,0.0,25.59,2.55,0.0
20220913:1810,0.0,0.0,25.03,2.28,0.0
20220913:1910,0.0,0.0,24.55,2.28,0.0
20220913:2010,0.0,0.0,24.13,2.21,0.0
20220913:2110,0.0,0.0,23.66,2.07,0.0
20220913:2210,0.0,0.0,23.17,2.07,0.0
20220913:2310,0.0,0.0,22.29,1.72,0.0
20220914:0010,0.0,0.0,21.97,1.45,0.0
20220914:0110,0.0,0.0,21.04,1.66,0.0
20220914:0210,0.0,0.0,20.3,1.93,0.0
20220914:0310,0.0,0.0,19.88,2.07,0.0
20220914:0410,0.0,0.0,19.54,2.0,0.0
20220914:0510,25.8,3.8,19.61,2.28,0.0
20220914:0610,247.7,15.57,21.38,2.41,0.0
20220914:0710,497.69,27.05,24.48,2.48,0.0
20220914:0810,719.89,37.79,26.35,2.14,0.0
20220914:0910,882.38,47.02,27.78,1.03,0.0
20220914:1010,999.33,53.43,29.04,1.03,0.0
20220914:1110,1018.68,55.34,30.02,1.93,0.0
20220914:1210,963.39,52.03,30.58,1.79,0.0
20220914:1310,837.7,44.67,30.85,1.72,0.0
20220914:1410,633.95,34.92,30.79,2.14,0.0
20220914:1510,388.08,23.91,30.41,2.62,0.0
20220914:1610,152.15,12.31,29.82,2.69,0.0
20220914:1710,0.0,0.0,29.02,2.07,0.0
20220914:1810,0.0,0.0,28.09,1.1,0.0
20220914:1910,0.0,0.0,26.77,2.34,0.0
20220914:2010,0.0,0.0,26.26,1.72,0.0
20220914:2110,0.0,0.0,25.43,1.59,0.0
20220914:2210,0.0,0.0,24.91,2.41,0.0
20220914:2310,0.0,0.0,24.47,2.9,0.0
20220915:0010,0.0,0.0,23.97,2.97,0.0
20220915:0110,0.0,0.0,23.51,3.1,0.0
20220915:0210,0.0,0.0,23.17,2.97,0.0
20220915:0310,0.0,0.0,22.92,3.03,0.0
20220915:0410,0.0,0.0,22.86,3.66,0.0
20220915:0510,20.27,3.63,22.95,4.21,0.0
20220915:0610,208.67,15.4,23.78,4.55,0.0
20220915:0710,447.01,26.87,26.16,2.9,0.0
20220915:0810,604.66,37.57,28.39,2.97,0.0
20220915:0910,837.84,46.75,30.03,2.21,0.0
20220915:1010,301.38,53.09,31.26,1.17,0.0
20220915:1110,989.32,54.95,31.86,1.79,0.0
20220915:1210,934.13,51.64,32.13,2.34,0.0
20220915:1310,800.12,44.31,32.24,2.55,0.0
20220915:1410,615.81,34.58,32.1,2.34,0.0
20220915:1510,366.6,23.59,31.77,2.34,0.0
20220915:1610,140.76,12.0,31.13,2.69,0.0
20220915:1710,0.0,0.0,30.1,2.76,0.0
20220915:1810,0.0,0.0,28.81,2.9,0.0
20220915:1910,0.0,0.0,27.89,3.72,0.0
20220915:2010,0.0,0.0,27.0,3.59,0.0
20220915:2110,0.0,0.0,26.14,2.76,0.0
20220915:2210,0.0,0.0,25.53,2.69,0.0
20220915:2310,0.0,0.0,24.9,3.79,0.0
20220916:0010,0.0,0.0,24.49,4.69,0.0
20220916:0110,0.0,0.0,24.34,4.76,0.0
20220916:0210,0.0,0.0,24.25,4.07,0.0
20220916:0310,0.0,0.0,24.1,3.72,0.0
20220916:0410,0.0,0.0,24.1,3.93,0.0
20220916:0510,19.55,3.47,23.95,2.97,0.0
20220916:0610,216.32,15.23,24.45,2.55,0.0
20220916:0710,462.58,26.68,26.36,4.34,0.0
20220916:0810,671.25,37.35,28.73,4.34,0.0
20220916:0910,842.24,46.47,30.55,3.72,0.0
20220916:1010,949.12,52.75,31.69,3.31,0.0
20220916:1110,979.26,54.56,32.47,1.66,0.0
20220916:1210,756.11,51.25,32.46,0.28,0.0
20220916:1310,774.54,43.94,31.95,0.9,0.0
20220916:1410,406.49,34.24,31.21,1.86,0.0
20220916:1510,356.7,23.27,29.88,2.07,0.0
20220916:1610,125.36,11.69,28.64,2.28,0.0
20220916:1710,0.0,0.0,27.38,2.55,0.0
20220916:1810,0.0,0.0,26.37,2.55,0.0
20220916:1910,0.0,0.0,26.78,2.83,0.0
20220916:2010,0.0,0.0,26.22,2.34,0.0
20220916:2110,0.0,0.0,25.94,2.14,0.0
20220916:2210,0.0,0.0,25.58,2.9,0.0
20220916:2310,0.0,0.0,25.3,2.9,0.0
20220917:0010,0.0,0.0,25.15,2.69,0.0
20220917:0110,0.0,0.0,24.75,3.86,0.0
20220917:0210,0.0,0.0,24.6,3.72,0.0
20220917:0310,0.0,0.0,24.39,3.52,0.0
20220917:0410,0.0,0.0,24.19,2.9,0.0
20220917:0510,4.69,3.31,24.08,3.03,0.0
20220917:0610,86.91,15.06,24.33,3.93,0.0
20220917:0710,411.47,26.49,25.26,5.17,0.0
20220917:0810,659.22,37.13,26.26,5.52,0.0
20220917:0910,814.81,46.2,27.63,5.38,0.0
20220917:1010,905.14,52.41,28.7,5.93,0.0
20220917:1110,1019.28,54.17,29.04,6.21,0.0
20220917:1210,966.67,50.86,29.28,6.07,0.0
20220917:1310,832.29,43.57,29.23,6.14,0.0
20220917:1410,626.24,33.9,28.96,6.21,0.0
20220917:1510,371.93,22.95,28.31,6.28,0.0
20220917:1610,137.59,11.37,27.33,6.07,0.0
20220917:1710,0.0,0.0,26.15,5.52,0.0
20220917:1810,0.0,0.0,25.28,5.72,0.0
20220917:1910,0.0,0.0,24.69,5.59,0.0
20220917:2010,0.0,0.0,24.49,5.03,0.0
20220917:2110,0.0,0.0,24.04,4.55,0.0
20220917:2210,0.0,0.0,23.29,4.14,0.0
20220917:2310,0.0,0.0,22.6,3.93,0.0
20220918:0010,0.0,0.0,22.07,3.66,0.0
20220918:0110,0.0,0.0,21.65,3.38,0.0
20220918:0210,0.0,0.0,21.4,3.24,0.0
20220918:0310,0.0,0.0,21.07,3.24,0.0
20220918:0410,0.0,0.0,20.71,3.17,0.0
20220918:0510,17.24,3.14,20.4,3.17,0.0
20220918:0610,245.88,14.89,20.63,2.97,0.0
20220918:0710,495.32,26.3,21.4,2.76,0.0
20220918:0810,715.21,36.9,22.33,2.62,0.0
20220918:0910,911.0,45.92,23.3,2.9,0.0
20220918:1010,1015.71,52.06,24.22,3.31,0.0
20220918:1110,1053.22,53.78,24.81,3.59,0.0
20220918:1210,986.72,50.46,25.1,3.59,0.0
20220918:1310,849.78,43.2,25.07,3.79,0.0
20220918:1410,649.15,33.56,24.66,3.86,0.0
20220918:1510,397.61,22.62,23.85,3.38,0.0
20220918:1610,149.99,11.06,23.03,2.83,0.0
20220918:1710,0.0,0.0,22.22,2.34,0.0
20220918:1810,0.0,0.0,21.58,1.93,0.0
20220918:1910,0.0,0.0,21.03,1.86,0.0
20220918:2010,0.0,0.0,20.5,1.66,0.0
20220918:2110,0.0,0.0,19.72,1.59,0.0
20220918:2210,0.0,0.0,18.87,1.59,0.0
20220918:2310,0.0,0.0,18.27,1.72,0.0
20220919:0010,0.0,0.0,17.75,1.72,0.0
20220919:0110,0.0,0.0,17.45,1.79,0.0
20220919:0210,0.0,0.0,17.23,1.86,0.0
20220919:0310,0.0,0.0,17.3,1.72,0.0
20220919:0410,0.0,0.0,17.73,1.52,0.0
20220919:0510,17.49,2.98,18.11,1.38,0.0
20220919:0610,239.45,14.72,18.7,1.31,0.0
20220919:0710,499.77,26.11,21.87,1.66,0.0
20220919:0810,724.91,36.68,23.92,1.79,0.0
20220919:0910,898.71,45.63,25.95,2.41,0.0
20220919:1010,984.81,51.72,27.72,3.03,0.0
20220919:1110,973.18,53.38,28.64,2.28,0.0
20220919:1210,851.73,50.07,28.87,2.0,0.0
20220919:1310,805.61,42.83,28.49,2.41,0.0
20220919:1410,612.21,33.21,27.83,2.97,0.0
20220919:1510,357.97,22.3,26.81,3.31,0.0
20220919:1610,128.13,10.74,25.72,3.03,0.0
20220919:1710,0.0,0.0,24.62,2.62,0.0
20220919:1810,0.0,0.0,23.8,2.07,0.0
20220919:1910,0.0,0.0,23.51,1.93,0.0
20220919:2010,0.0,0.0,22.96,1.72,0.0
20220919:2110,0.0,0.0,22.26,1.66,0.0
20220919:2210,0.0,0.0,21.53,1.45,0.0
20220919:2310,0.0,0.0,20.96,1.38,0.0
20220920:0010,0.0,0.0,21.43,1.1,0.0
20220920:0110,0.0,0.0,22.02,0.9,0.0
20220920:0210,0.0,0.0,21.44,1.1,0.0
20220920:0310,0.0,0.0,20.79,1.24,0.0
20220920:0410,0.0,0.0,19.99,1.38,0.0
20220920:0510,15.61,2.81,19.15,1.66,0.0
20220920:0610,239.2,14.55,20.0,1.79,0.0
20220920:0710,495.99,25.92,22.67,2.41,0.0
20220920:0810,717.74,36.45,24.03,2.14,0.0
20220920:0910,897.25,45.35,25.35,2.21,0.0
20220920:1010,999.71,51.37,26.22,2.62,0.0
20220920:1110,1016.52,52.99,26.74,2.62,0.0
20220920:1210,951.01,49.67,26.9,3.31,0.0
20220920:1310,816.77,42.46,26.64,3.79,0.0
20220920:1410,624.45,32.87,26.34,3.45,0.0
20220920:1510,378.26,21.97,25.79,3.1,0.0
20220920:1610,136.54,10.43,24.97,3.1,0.0
20220920:1710,0.0,0.0,24.04,2.83,0.0
20220920:1810,0.0,0.0,23.34,2.55,0.0
20220920:1910,0.0,0.0,23.02,1.45,0.0
20220920:2010,0.0,0.0,23.05,0.21,0.0
20220920:2110,0.0,0.0,22.72,0.69,0.0
20220920:2210,0.0,0.0,21.37,1.17,0.0
20220920:2310,0.0,0.0,20.16,1.66,0.0
20220921:0010,0.0,0.0,19.75,1.79,0.0
20220921:0110,0.0,0.0,19.57,1.66,0.0
20220921:0210,0.0,0.0,19.56,1.59,0.0
20220921:0310,0.0,0.0,19.61,1.52,0.0
20220921:0410,0.0,0.0,20.95,1.03,0.0
20220921:0510,13.99,2.64,21.32,0.62,0.0
20220921:0610,238.73,14.37,21.41,0.69,0.0
20220921:0710,494.9,25.72,22.33,1.17,0.0
20220921:0810,713.95,36.21,23.36,1.24,0.0
20220921:0910,891.55,45.06,24.46,1.72,0.0
20220921:1010,787.92,51.02,25.28,2.34,0.0
20220921:1110,849.76,52.6,25.79,2.62,0.0
20220921:1210,927.01,49.28,26.05,3.17,0.0
20220921:1310,749.88,42.09,25.66,4.07,0.0
20220921:1410,493.36,32.52,24.89,4.07,0.0
20220921:1510,292.36,21.65,24.63,4.34,0.0
20220921:1610,61.05,10.12,23.72,4.34,0.0
20220921:1710,0.0,0.0,22.82,4.0,0.0
20220921:1810,0.0,0.0,22.08,3.38,0.0
20220921:1910,0.0,0.0,21.71,2.48,0.0
20220921:2010,0.0,0.0,21.47,2.07,0.0
20220921:2110,0.0,0.0,21.39,1.72,0.0
20220921:2210,0.0,0.0,21.26,1.59,0.0
20220921:2310,0.0,0.0,20.91,1.66,0.0
20220922:0010,0.0,0.0,20.45,1.59,0.0
20220922:0110,0.0,0.0,20.05,1.24,0.0
20220922:0210,0.0,0.0,20.04,0.97,0.0
20220922:0310,0.0,0.0,19.81,1.1,0.0
20220922:0410,0.0,0.0,20.08,0.97,0.0
20220922:0510,15.72,2.48,19.65,0.97,0.0
20220922:0610,207.87,14.2,19.73,0.83,0.0
20220922:0710,197.32,25.53,21.44,2.28,0.0
20220922:0810,107.76,35.98,22.01,2.62,0.0
20220922:0910,251.64,44.78,22.39,2.48,0.0
20220922:1010,665.47,50.67,22.77,2.28,0.0
20220922:1110,390.24,52.2,23.15,2.21,0.0
20220922:1210,221.13,48.88,23.32,2.9,0.0
20220922:1310,204.7,41.72,22.56,2.97,0.0
20220922:1410,114.31,32.18,21.9,3.1,0.0
20220922:1510,48.72,21.32,21.05,2.9,0.0
20220922:1610,14.99,9.8,21.13,2.76,0.0
20220922:1710,0.0,0.0,20.75,2.69,0.0
20220922:1810,0.0,0.0,20.61,2.21,0.0
20220922:1910,0.0,0.0,20.21,2.28,0.0
20220922:2010,0.0,0.0,20.31,2.34,0.0
20220922:2110,0.0,0.0,20.36,2.28,0.0
20220922:2210,0.0,0.0,20.18,2.07,0.0
20220922:2310,0.0,0.0,19.86,1.72,0.0
20220923:0010,0.0,0.0,19.3,1.52,0.0
20220923:0110,0.0,0.0,18.7,1.66,0.0
20220923:0210,0.0,0.0,18.29,1.93,0.0
20220923:0310,0.0,0.0,18.13,2.28,0.0
20220923:0410,0.0,0.0,18.54,2.69,0.0
20220923:0510,10.09,2.31,18.35,2.76,0.0
20220923:0610,235.12,14.02,19.15,2.97,0.0
20220923:0710,502.55,25.33,20.58,4.21,0.0
20220923:0810,579.63,35.74,21.27,4.83,0.0
20220923:0910,780.46,44.49,21.7,5.1,0.0
20220923:1010,922.12,50.31,21.99,4.76,0.0
20220923:1110,787.12,51.81,22.02,4.28,0.0
20220923:1210,767.99,48.49,22.0,3.93,0.0
20220923:1310,825.57,41.35,21.87,3.66,0.0
20220923:1410,602.36,31.83,21.69,3.38,0.0
20220923:1510,341.64,21.0,21.39,3.31,0.0
20220923:1610,104.05,9.49,20.87,3.31,0.0
20220923:1710,0.0,0.0,20.2,2.97,0.0
20220923:1810,0.0,0.0,19.64,2.76,0.0
20220923:1910,0.0,0.0,19.18,2.28,0.0
20220923:2010,0.0,0.0,18.39,1.86,0.0
20220923:2110,0.0,0.0,17.37,1.59,0.0
20220923:2210,0.0,0.0,16.96,1.52,0.0
20220923:2310,0.0,0.0,17.49,1.38,0.0
20220924:0010,0.0,0.0,17.99,1.24,0.0
20220924:0110,0.0,0.0,17.37,1.31,0.0
20220924:0210,0.0,0.0,16.85,1.45,0.0
20220924:0310,0.0,0.0,16.0,1.59,0.0
20220924:0410,0.0,0.0,15.1,1.79,0.0
20220924:0510,8.43,2.14,14.47,1.93,0.0
20220924:0610,247.3,13.84,15.65,2.07,0.0
20220924:0710,491.62,25.13,19.35,2.0,0.0
20220924:0810,705.58,35.51,20.84,2.41,0.0
20220924:0910,709.62,44.19,22.14,3.1,0.0
20220924:1010,503.87,49.96,23.23,3.52,0.0
20220924:1110,620.4,51.41,23.75,3.31,0.0
20220924:1210,332.66,48.09,23.97,3.66,0.0
20220924:1310,356.47,40.98,23.97,3.72,0.0
20220924:1410,420.16,31.49,23.91,3.86,0.0
20220924:1510,239.73,20.67,23.58,3.93,0.0
20220924:1610,93.76,9.17,23.07,3.66,0.0
20220924:1710,0.0,0.0,22.44,3.38,0.0
20220924:1810,0.0,0.0,21.83,3.31,0.0
20220924:1910,0.0,0.0,21.51,4.28,0.0
20220924:2010,0.0,0.0,21.08,4.48,0.0
20220924:2110,0.0,0.0,20.84,4.9,0.0
20220924:2210,0.0,0.0,20.69,5.24,0.0
20220924:2310,0.0,0.0,20.59,5.45,0.0
20220925:0010,0.0,0.0,20.54,5.59,0.0
20220925:0110,0.0,0.0,20.59,5.72,0.0
20220925:0210,0.0,0.0,20.59,5.86,0.0
20220925:0310,0.0,0.0,20.6,5.86,0.0
20220925:0410,0.0,0.0,20.57,5.93,0.0
20220925:0510,7.5,1.97,20.53,5.79,0.0
20220925:0610,197.29,13.66,20.89,5.59,0.0
20220925:0710,437.18,24.92,22.16,5.45,0.0
20220925:0810,672.3,35.27,23.43,6.69,0.0
20220925:0910,879.71,43.9,24.85,7.52,0.0
20220925:1010,973.94,49.61,25.54,7.24,0.0
20220925:1110,1000.42,51.02,26.17,7.03,0.0
20220925:1210,926.81,47.69,26.35,6.62,0.0
20220925:1310,790.81,40.6,26.28,6.28,0.0
20220925:1410,551.24,31.14,26.05,5.93,0.0
20220925:1510,321.66,20.35,25.7,5.59,0.0
20220925:1610,104.91,8.86,25.01,5.24,0.0
20220925:1710,0.0,0.0,24.03,4.9,0.0
20220925:1810,0.0,0.0,23.27,4.83,0.0
20220925:1910,0.0,0.0,23.22,4.97,0.0
20220925:2010,0.0,0.0,22.89,5.03,0.0
20220925:2110,0.0,0.0,22.74,4.9,0.0
20220925:2210,0.0,0.0,22.69,4.69,0.0
20220925:2310,0.0,0.0,22.63,4.62,0.0
20220926:0010,0.0,0.0,22.57,4.55,0.0
20220926:0110,0.0,0.0,22.47,4.76,0.0
20220926:0210,0.0,0.0,22.51,4.62,0.0
20220926:0310,0.0,0.0,22.54,4.48,0.0
20220926:0410,0.0,0.0,22.65,4.34,0.0
20220926:0510,1.87,1.8,22.61,4.0,0.0
20220926:0610,16.87,13.48,22.74,4.07,0.0
20220926:0710,55.28,24.72,21.58,3.86,0.0
20220926:0810,78.71,35.02,21.92,4.14,0.0
20220926:0910,69.34,43.6,22.37,4.21,0.0
20220926:1010,140.55,49.25,23.03,4.07,0.0
20220926:1110,114.31,50.62,23.15,5.93,0.0
20220926:1210,240.83,47.3,23.52,5.79,0.0
20220926:1310,187.86,40.23,23.32,6.14,0.0
20220926:1410,204.88,30.8,23.15,4.83,0.0
20220926:1510,134.45,20.02,23.33,4.14,0.0
20220926:1610,80.6,8.54,23.45,3.31,0.0
20220926:1710,0.0,0.0,22.95,2.41,0.0
20220926:1810,0.0,0.0,22.26,2.21,0.0
20220926:1910,0.0,0.0,22.28,2.76,0.0
20220926:2010,0.0,0.0,22.04,2.76,0.0
20220926:2110,0.0,0.0,21.63,2.9,0.0
20220926:2210,0.0,0.0,21.23,2.97,0.0
20220926:2310,0.0,0.0,20.94,2.97,0.0
20220927:0010,0.0,0.0,20.64,3.24,0.0
20220927:0110,0.0,0.0,20.53,3.52,0.0
20220927:0210,0.0,0.0,20.57,3.93,0.0
20220927:0310,0.0,0.0,20.55,4.55,0.0
20220927:0410,0.0,0.0,20.43,4.76,0.0
20220927:0510,0.94,1.62,20.33,4.55,0.0
20220927:0610,228.94,13.3,20.45,4.28,0.0
20220927:0710,446.52,24.52,21.41,4.9,0.0
20220927:0810,652.69,34.78,22.27,4.9,0.0
20220927:0910,843.88,43.31,22.97,4.69,0.0
20220927:1010,672.2,48.89,23.8,4.48,0.0
20220927:1110,986.5,50.23,24.33,4.48,0.0
20220927:1210,937.36,46.9,24.55,4.69,0.0
20220927:1310,336.68,39.86,24.28,5.1,0.0
20220927:1410,241.76,30.45,23.84,4.9,0.0
20220927:1510,314.73,19.7,23.38,4.55,0.0
20220927:1610,101.98,8.23,22.82,4.34,0.0
20220927:1710,0.0,0.0,21.9,4.55,0.0
20220927:1810,0.0,0.0,20.96,4.62,0.0
20220927:1910,0.0,0.0,21.14,4.21,0.0
20220927:2010,0.0,0.0,20.67,4.14,0.0
20220927:2110,0.0,0.0,20.27,3.79,0.0
20220927:2210,0.0,0.0,20.0,3.86,0.0
20220927:2310,0.0,0.0,19.76,3.93,0.0
20220928:0010,0.0,0.0,19.5,3.86,0.0
20220928:0110,0.0,0.0,19.25,3.66,0.0
20220928:0210,0.0,0.0,19.19,3.45,0.0
20220928:0310,0.0,0.0,19.02,3.31,0.0
20220928:0410,0.0,0.0,18.9,3.24,0.0
20220928:0510,0.94,1.45,18.77,3.31,0.0
20220928:0610,226.67,13.12,19.23,3.31,0.0
20220928:0710,374.15,24.31,20.76,4.28,0.0
20220928:0810,547.66,34.53,21.66,5.03,0.0
20220928:0910,807.44,43.01,22.51,5.45,0.0
20220928:1010,842.13,48.54,23.01,5.79,0.0
20220928:1110,742.15,49.83,23.2,5.86,0.0
20220928:1210,545.63,46.51,23.27,5.93,0.0
20220928:1310,433.8,39.49,23.03,5.86,0.0
20220928:1410,519.43,30.11,23.03,5.17,0.0
20220928:1510,248.62,19.37,23.01,4.55,0.0
20220928:1610,100.23,7.92,22.62,3.93,0.0
20220928:1710,0.0,0.0,21.78,3.66,0.0
20220928:1810,0.0,0.0,20.93,3.45,0.0
20220928:1910,0.0,0.0,20.36,3.17,0.0
20220928:2010,0.0,0.0,19.95,2.97,0.0
20220928:2110,0.0,0.0,19.65,3.1,0.0
20220928:2210,0.0,0.0,19.47,3.24,0.0
20220928:2310,0.0,0.0,19.45,3.59,0.0
20220929:0010,0.0,0.0,19.37,3.86,0.0
20220929:0110,0.0,0.0,19.19,4.14,0.0
20220929:0210,0.0,0.0,18.83,4.07,0.0
20220929:0310,0.0,0.0,18.82,3.93,0.0
20220929:0410,0.0,0.0,18.94,4.41,0.0
20220929:0510,0.0,0.0,19.1,5.31,0.0
20220929:0610,224.09,12.93,19.03,5.38,0.0
20220929:0710,457.57,24.1,20.58,4.62,0.0
20220929:0810,673.52,34.29,21.75,6.0,0.0
20220929:0910,837.56,42.71,22.71,6.28,0.0
20220929:1010,941.4,48.18,23.54,5.93,0.0
20220929:1110,979.71,49.44,24.23,6.0,0.0
20220929:1210,910.72,46.12,24.64,5.45,0.0
20220929:1310,659.39,39.12,25.07,5.03,0.0
20220929:1410,550.56,29.76,24.9,4.62,0.0
20220929:1510,326.5,19.05,24.55,4.0,0.0
20220929:1610,95.05,7.61,23.96,2.83,0.0
20220929:1710,0.0,0.0,23.01,2.07,0.0
20220929:1810,0.0,0.0,21.93,1.66,0.0
20220929:1910,0.0,0.0,21.69,2.69,0.0
20220929:2010,0.0,0.0,21.12,3.1,0.0
20220929:2110,0.0,0.0,20.7,3.24,0.0
20220929:2210,0.0,0.0,20.37,3.17,0.0
20220929:2310,0.0,0.0,20.07,3.17,0.0
20220930:0010,0.0,0.0,19.93,3.17,0.0
20220930:0110,0.0,0.0,19.77,3.17,0.0
20220930:0210,0.0,0.0,19.69,3.1,0.0
20220930:0310,0.0,0.0,19.69,3.03,0.0
20220930:0410,0.0,0.0,19.79,3.03,0.0
20220930:0510,0.0,0.0,19.86,3.31,0.0
20220930:0610,224.79,12.75,20.3,3.59,0.0
20220930:0710,469.0,23.89,22.14,4.34,0.0
20220930:0810,705.49,34.04,23.52,5.1,0.0
20220930:0910,864.57,42.4,24.93,5.31,0.0
20220930:1010,509.9,47.82,26.06,5.17,0.0
20220930:1110,853.87,49.05,26.86,5.24,0.0
20220930:1210,584.07,45.72,27.34,5.1,0.0
20220930:1310,350.07,38.75,27.31,5.17,0.0
20220930:1410,270.45,29.42,26.6,4.69,0.0
20220930:1510,289.7,18.73,26.28,3.72,0.0
20220930:1610,74.01,7.3,25.74,2.48,0.0
20220930:1710,0.0,0.0,25.01,0.55,0.0
20220930:1810,0.0,0.0,24.24,0.41,0.0
20220930:1910,0.0,0.0,21.83,2.34,0.0
20220930:2010,0.0,0.0,20.93,2.9,0.0
20220930:2110,0.0,0.0,20.42,2.21,0.0
20220930:2210,0.0,0.0,19.8,2.14,0.0
20220930:2310,0.0,0.0,19.38,2.83,0.0
20221001:0010,0.0,0.0,19.62,1.93,0.0
20221001:0110,0.0,0.0,19.81,1.03,0.0
20221001:0210,0.0,0.0,19.8,0.62,0.0
20221001:0310,0.0,0.0,20.03,0.48,0.0
20221001:0410,0.0,0.0,19.23,1.03,0.0
20221001:0510,0.0,0.0,19.0,1.59,0.0
20221001:0610,134.01,12.56,19.96,1.86,0.0
20221001:0710,358.04,23.68,21.51,2.97,0.0
20221001:0810,689.85,33.79,22.55,2.69,0.0
20221001:0910,831.24,42.1,23.29,2.69,0.0
20221001:1010,946.88,47.46,23.83,4.34,0.0
20221001:1110,476.66,48.65,23.35,5.79,0.0
20221001:1210,822.36,45.33,22.62,6.21,0.0
20221001:1310,508.52,38.38,22.25,5.38,0.0
20221001:1410,420.95,29.08,22.04,5.24,0.0
20221001:1510,333.53,18.41,21.54,5.31,0.0
20221001:1610,83.4,6.99,20.91,4.76,0.0
20221001:1710,0.0,0.0,20.2,4.34,0.0
20221001:1810,0.0,0.0,19.65,4.21,0.0
20221001:1910,0.0,0.0,19.56,4.62,0.0
20221001:2010,0.0,0.0,19.38,4.41,0.0
20221001:2110,0.0,0.0,19.28,4.21,0.0
20221001:2210,0.0,0.0,19.2,4.0,0.0
20221001:2310,0.0,0.0,19.17,3.93,0.0
20221002:0010,0.0,0.0,19.09,3.86,0.0
20221002:0110,0.0,0.0,18.98,3.72,0.0
20221002:0210,0.0,0.0,18.78,3.45,0.0
20221002:0310,0.0,0.0,18.68,3.1,0.0
20221002:0410,0.0,0.0,18.52,2.55,0.0
20221002:0510,0.0,0.0,18.28,2.28,0.0
20221002:0610,233.24,12.37,18.78,2.14,0.0
20221002:0710,485.71,23.46,20.38,2.28,0.0
20221002:0810,731.35,33.53,21.33,2.9,0.0
20221002:0910,882.0,41.8,22.14,3.31,0.0
20221002:1010,980.72,47.1,22.74,3.59,0.0
20221002:1110,1004.66,48.26,23.08,3.59,0.0
20221002:1210,926.57,44.94,23.37,3.52,0.0
20221002:1310,791.72,38.01,23.14,3.45,0.0
20221002:1410,587.69,28.74,22.94,3.24,0.0
20221002:1510,345.98,18.09,22.55,2.76,0.0
20221002:1610,92.56,6.68,22.01,2.14,0.0
20221002:1710,0.0,0.0,21.39,1.52,0.0
20221002:1810,0.0,0.0,20.51,1.31,0.0
20221002:1910,0.0,0.0,20.55,0.34,0.0
20221002:2010,0.0,0.0,20.31,0.76,0.0
20221002:2110,0.0,0.0,18.26,1.38,0.0
20221002:2210,0.0,0.0,17.46,1.79,0.0
20221002:2310,0.0,0.0,17.25,1.86,0.0
20221003:0010,0.0,0.0,17.2,1.79,0.0
20221003:0110,0.0,0.0,17.06,1.79,0.0
20221003:0210,0.0,0.0,16.95,1.72,0.0
20221003:0310,0.0,0.0,16.79,1.79,0.0
20221003:0410,0.0,0.0,16.61,1.93,0.0
20221003:0510,0.0,0.0,16.58,2.0,0.0
20221003:0610,235.99,12.18,17.43,1.93,0.0
20221003:0710,401.99,23.25,20.94,1.72,0.0
20221003:0810,728.47,33.28,22.48,2.41,0.0
20221003:0910,891.49,41.49,23.2,3.38,0.0
20221003:1010,977.37,46.74,23.48,4.07,0.0
20221003:1110,1019.34,47.87,23.54,4.41,0.0
20221003:1210,928.61,44.55,23.27,4.62,0.0
20221003:1310,692.98,37.65,23.01,4.62,0.0
20221003:1410,406.48,28.4,22.6,4.21,0.0
20221003:1510,306.79,17.77,22.18,4.0,0.0
20221003:1610,67.16,6.38,21.72,3.45,0.0
20221003:1710,0.0,0.0,21.11,2.48,0.0
20221003:1810,0.0,0.0,20.57,1.79,0.0
20221003:1910,0.0,0.0,19.9,1.38,0.0
20221003:2010,0.0,0.0,19.15,1.31,0.0
20221003:2110,0.0,0.0,18.69,1.38,0.0
20221003:2210,0.0,0.0,18.25,1.52,0.0
20221003:2310,0.0,0.0,18.98,1.17,0.0
20221004:0010,0.0,0.0,20.03,0.83,0.0
20221004:0110,0.0,0.0,19.87,0.55,0.0
20221004:0210,0.0,0.0,19.73,0.83,0.0
20221004:0310,0.0,0.0,18.46,1.17,0.0
20221004:0410,0.0,0.0,17.51,1.45,0.0
20221004:0510,0.0,0.0,17.0,1.59,0.0
20221004:0610,224.1,11.99,17.31,1.59,0.0
20221004:0710,473.54,23.03,20.05,1.59,0.0
20221004:0810,705.97,33.02,21.2,1.52,0.0
20221004:0910,837.53,41.18,22.28,1.17,0.0
20221004:1010,945.46,46.38,23.09,1.52,0.0
20221004:1110,969.19,47.48,23.52,2.14,0.0
20221004:1210,897.16,44.16,23.47,2.48,0.0
20221004:1310,736.75,37.28,23.29,2.76,0.0
20221004:1410,498.54,28.06,22.77,2.83,0.0
20221004:1510,273.07,17.45,22.48,2.62,0.0
20221004:1610,58.19,6.07,21.68,2.21,0.0
20221004:1710,0.0,0.0,21.15,1.86,0.0
20221004:1810,0.0,0.0,20.86,1.66,0.0
20221004:1910,0.0,0.0,20.46,1.72,0.0
20221004:2010,0.0,0.0,19.73,1.93,0.0
20221004:2110,0.0,0.0,19.21,2.0,0.0
20221004:2210,0.0,0.0,18.57,1.86,0.0
20221004:2310,0.0,0.0,18.07,1.79,0.0
20221005:0010,0.0,0.0,17.77,1.66,0.0
20221005:0110,0.0,0.0,17.94,1.45,0.0
20221005:0210,0.0,0.0,18.36,1.31,0.0
20221005:0310,0.0,0.0,19.12,1.17,0.0
20221005:0410,0.0,0.0,19.46,0.9,0.0
20221005:0510,0.0,0.0,19.28,0.62,0.0
20221005:0610,233.49,11.79,19.32,0.48,0.0
20221005:0710,501.75,22.81,19.98,1.17,0.0
20221005:0810,733.57,32.77,21.2,1.03,0.0
20221005:0910,908.44,40.88,22.0,1.17,0.0
20221005:1010,1013.81,46.02,22.69,1.31,0.0
20221005:1110,1023.78,47.08,23.21,1.52,0.0
20221005:1210,955.45,43.77,23.51,2.14,0.0
20221005:1310,803.35,36.92,23.49,2.69,0.0
20221005:1410,590.32,27.72,23.14,2.76,0.0
20221005:1510,341.08,17.13,22.51,2.83,0.0
20221005:1610,76.05,5.77,21.76,2.62,0.0
20221005:1710,0.0,0.0,20.97,2.14,0.0
20221005:1810,0.0,0.0,20.27,1.79,0.0
20221005:1910,0.0,0.0,19.36,1.52,0.0
20221005:2010,0.0,0.0,19.59,1.1,0.0
20221005:2110,0.0,0.0,20.54,0.62,0.0
20221005:2210,0.0,0.0,20.31,0.55,0.0
20221005:2310,0.0,0.0,20.04,0.76,0.0
20221006:0010,0.0,0.0,19.77,0.97,0.0
20221006:0110,0.0,0.0,19.56,1.03,0.0
20221006:0210,0.0,0.0,18.68,0.97,0.0
20221006:0310,0.0,0.0,18.16,0.97,0.0
20221006:0410,0.0,0.0,18.07,0.83,0.0
20221006:0510,0.0,0.0,17.92,0.83,0.0
20221006:0610,235.89,11.6,17.69,0.9,0.0
20221006:0710,495.98,22.59,18.48,1.1,0.0
20221006:0810,720.21,32.51,20.18,1.24,0.0
20221006:0910,885.74,40.57,21.34,1.38,0.0
20221006:1010,953.74,45.66,22.21,1.59,0.0
20221006:1110,984.63,46.69,22.71,2.0,0.0
20221006:1210,884.17,43.39,22.95,2.21,0.0
20221006:1310,781.98,36.56,23.02,2.41,0.0
20221006:1410,567.66,27.39,22.9,2.69,0.0
20221006:1510,279.89,16.82,22.35,2.9,0.0
20221006:1610,51.86,5.47,21.59,2.62,0.0
20221006:1710,0.0,0.0,20.76,2.28,0.0
20221006:1810,0.0,0.0,20.05,1.93,0.0
20221006:1910,0.0,0.0,19.17,1.66,0.0
20221006:2010,0.0,0.0,18.38,1.31,0.0
20221006:2110,0.0,0.0,18.77,1.1,0.0
20221006:2210,0.0,0.0,19.13,1.03,0.0
20221006:2310,0.0,0.0,18.2,1.17,0.0
20221007:0010,0.0,0.0,18.24,1.17,0.0
20221007:0110,0.0,0.0,18.03,1.17,0.0
20221007:0210,0.0,0.0,17.82,1.17,0.0
20221007:0310,0.0,0.0,17.55,1.24,0.0
20221007:0410,0.0,0.0,17.73,1.17,0.0
20221007:0510,0.0,0.0,17.61,1.17,0.0
20221007:0610,223.23,11.4,17.64,1.1,0.0
20221007:0710,487.53,22.37,19.23,0.9,0.0
20221007:0810,715.32,32.25,20.44,0.83,0.0
20221007:0910,887.16,40.26,21.38,0.97,0.0
20221007:1010,985.21,45.3,22.1,1.17,0.0
20221007:1110,1006.71,46.31,22.56,1.52,0.0
20221007:1210,933.29,43.0,22.77,1.93,0.0
20221007:1310,782.02,36.19,22.73,2.28,0.0
20221007:1410,574.64,27.05,22.53,2.41,0.0
20221007:1510,319.92,16.51,22.05,2.21,0.0
20221007:1610,58.15,5.17,21.47,2.07,0.0
20221007:1710,0.0,0.0,20.83,2.0,0.0
20221007:1810,0.0,0.0,20.25,1.79,0.0
20221007:1910,0.0,0.0,19.52,1.59,0.0
20221007:2010,0.0,0.0,18.69,1.31,0.0
20221007:2110,0.0,0.0,18.46,1.24,0.0
20221007:2210,0.0,0.0,18.13,1.31,0.0
20221007:2310,0.0,0.0,17.68,1.52,0.0
20221008:0010,0.0,0.0,17.25,1.66,0.0
20221008:0110,0.0,0.0,16.98,1.66,0.0
20221008:0210,0.0,0.0,16.8,1.66,0.0
20221008:0310,0.0,0.0,16.77,1.59,0.0
20221008:0410,0.0,0.0,16.66,1.59,0.0
20221008:0510,0.0,0.0,16.65,1.59,0.0
20221008:0610,205.93,11.21,16.74,1.59,0.0
20221008:0710,476.87,22.15,19.23,1.38,0.0
20221008:0810,702.48,31.99,20.57,1.31,0.0
20221008:0910,877.11,39.95,21.64,1.17,0.0
20221008:1010,883.46,44.94,22.58,0.97,0.0
20221008:1110,890.55,45.92,23.31,0.55,0.0
20221008:1210,862.23,42.62,23.67,0.28,0.0
20221008:1310,696.78,35.84,24.04,0.41,0.0
20221008:1410,529.75,26.72,23.66,1.03,0.0
20221008:1510,290.25,16.2,23.15,2.07,0.0
20221008:1610,27.6,4.88,22.38,2.07,0.0
20221008:1710,0.0,0.0,21.72,2.0,0.0
20221008:1810,0.0,0.0,21.22,2.0,0.0
20221008:1910,0.0,0.0,20.87,1.93,0.0
20221008:2010,0.0,0.0,20.37,1.93,0.0
20221008:2110,0.0,0.0,19.9,1.86,0.0
20221008:2210,0.0,0.0,19.23,1.72,0.0
20221008:2310,0.0,0.0,18.92,1.79,0.0
20221009:0010,0.0,0.0,18.97,2.14,0.0
20221009:0110,0.0,0.0,19.12,2.34,0.0
20221009:0210,0.0,0.0,19.19,2.41,0.0
20221009:0310,0.0,0.0,19.25,2.48,0.0
20221009:0410,0.0,0.0,19.32,2.48,0.0
20221009:0510,0.0,0.0,19.38,2.41,0.0
20221009:0610,46.85,11.01,19.66,2.55,0.0
20221009:0710,315.67,21.92,21.01,2.62,0.0
20221009:0810,631.66,31.72,22.54,2.55,0.0
20221009:0910,794.42,39.63,23.53,1.86,0.0
20221009:1010,896.98,44.58,24.14,1.03,0.0
20221009:1110,883.37,45.53,24.27,0.83,0.0
20221009:1210,352.83,42.24,23.81,1.24,0.0
20221009:1310,150.86,35.48,23.72,1.93,0.0
20221009:1410,172.92,26.39,23.18,2.41,0.0
20221009:1510,27.17,15.89,23.03,2.28,0.0
20221009:1610,18.7,4.59,22.77,1.72,0.0
20221009:1710,0.0,0.0,22.41,0.83,0.0
20221009:1810,0.0,0.0,21.93,0.97,0.0
20221009:1910,0.0,0.0,20.77,2.69,0.0
20221009:2010,0.0,0.0,21.1,2.62,0.0
20221009:2110,0.0,0.0,21.17,2.97,0.0
20221009:2210,0.0,0.0,21.19,3.17,0.0
20221009:2310,0.0,0.0,21.16,3.59,0.0
20221010:0010,0.0,0.0,20.81,3.86,0.0
20221010:0110,0.0,0.0,20.14,3.45,0.0
20221010:0210,0.0,0.0,19.59,3.03,0.0
20221010:0310,0.0,0.0,19.11,2.97,0.0
20221010:0410,0.0,0.0,19.0,2.97,0.0
20221010:0510,0.0,0.0,19.06,2.9,0.0
20221010:0610,21.55,10.81,19.28,2.76,0.0
20221010:0710,27.17,21.7,19.64,1.59,0.0
20221010:0810,85.27,31.46,20.43,1.1,0.0
20221010:0910,89.95,39.32,21.2,1.31,0.0
20221010:1010,928.1,44.23,21.91,1.93,0.0
20221010:1110,961.97,45.15,22.62,2.07,0.0
20221010:1210,888.39,41.86,23.37,2.14,0.0
20221010:1310,745.64,35.13,24.09,2.28,0.0
20221010:1410,465.84,26.07,24.22,2.48,0.0
20221010:1510,286.75,15.59,23.69,2.48,0.0
20221010:1610,22.26,4.3,22.86,1.93,0.0
20221010:1710,0.0,0.0,22.33,1.31,0.0
20221010:1810,0.0,0.0,21.68,0.83,0.0
20221010:1910,0.0,0.0,21.4,0.69,0.0
20221010:2010,0.0,0.0,21.48,0.34,0.0
20221010:2110,0.0,0.0,21.22,0.07,0.0
20221010:2210,0.0,0.0,20.89,0.07,0.0
20221010:2310,0.0,0.0,20.61,0.34,0.0
20221011:0010,0.0,0.0,20.23,0.83,0.0
20221011:0110,0.0,0.0,19.64,1.1,0.0
20221011:0210,0.0,0.0,18.56,1.38,0.0
20221011:0310,0.0,0.0,17.96,1.52,0.0
20221011:0410,0.0,0.0,19.0,1.03,0.0
20221011:0510,0.0,0.0,19.51,0.55,0.0
20221011:0610,173.62,10.61,19.53,0.55,0.0
20221011:0710,444.5,21.47,20.09,0.62,0.0
20221011:0810,677.48,31.19,20.98,1.1,0.0
20221011:0910,842.48,39.01,21.67,1.38,0.0
20221011:1010,943.46,43.87,22.3,1.59,0.0
20221011:1110,0.0,0.0,22.71,1.79,0.0
20221011:1210,876.14,41.48,23.0,1.86,0.0
20221011:1310,717.33,34.77,23.06,1.93,0.0
20221011:1410,458.71,25.74,22.95,2.07,0.0
20221011:1510,241.07,15.29,22.61,2.28,0.0
20221011:1610,19.59,4.01,21.93,2.21,0.0
20221011:1710,0.0,0.0,21.17,1.86,0.0
20221011:1810,0.0,0.0,20.59,1.72,0.0
20221011:1910,0.0,0.0,19.88,1.79,0.0
20221011:2010,0.0,0.0,19.49,2.0,0.0
20221011:2110,0.0,0.0,19.17,2.0,0.0
20221011:2210,0.0,0.0,18.92,1.93,0.0
20221011:2310,0.0,0.0,18.69,1.79,0.0
20221012:0010,0.0,0.0,18.56,1.59,0.0
20221012:0110,0.0,0.0,18.38,1.45,0.0
20221012:0210,0.0,0.0,18.11,1.31,0.0
20221012:0310,0.0,0.0,18.0,1.24,0.0
20221012:0410,0.0,0.0,17.93,1.24,0.0
20221012:0510,0.0,0.0,18.12,1.17,0.0
20221012:0610,171.76,10.41,18.15,1.1,0.0
20221012:0710,435.19,21.24,20.32,1.59,0.0
20221012:0810,661.62,30.93,21.48,1.66,0.0
20221012:0910,810.85,38.7,22.51,1.86,0.0
20221012:1010,874.49,43.51,23.22,1.72,0.0
20221012:1110,0.0,0.0,23.53,1.24,0.0
20221012:1210,836.03,41.11,23.44,0.69,0.0
20221012:1310,204.68,34.42,23.27,0.55,0.0
20221012:1410,153.34,25.42,22.88,0.83,0.0
20221012:1510,127.75,14.99,22.37,1.17,0.0
20221012:1610,15.14,3.72,21.89,1.72,0.0
20221012:1710,0.0,0.0,21.06,2.48,0.0
20221012:1810,0.0,0.0,20.77,2.48,0.0
20221012:1910,0.0,0.0,19.77,1.93,0.0
20221012:2010,0.0,0.0,19.64,1.79,0.0
20221012:2110,0.0,0.0,19.64,1.79,0.0
20221012:2210,0.0,0.0,19.95,1.93,0.0
20221012:2310,0.0,0.0,20.01,2.34,0.0
20221013:0010,0.0,0.0,20.14,2.48,0.0
20221013:0110,0.0,0.0,20.17,2.69,0.0
20221013:0210,0.0,0.0,20.06,2.62,0.0
20221013:0310,0.0,0.0,20.09,2.62,0.0
20221013:0410,0.0,0.0,20.11,2.69,0.0
20221013:0510,0.0,0.0,19.98,2.9,0.0
20221013:0610,17.8,10.2,19.91,3.38,0.0
20221013:0710,27.17,21.01,20.95,4.76,0.0
20221013:0810,42.17,30.66,21.88,4.97,0.0
20221013:0910,116.19,38.38,22.97,5.59,0.0
20221013:1010,97.45,43.15,22.93,5.66,0.0
20221013:1110,65.59,44.01,22.61,5.59,0.0
20221013:1210,183.65,40.74,23.12,5.03,0.0
20221013:1310,158.35,34.08,23.17,5.03,0.0
20221013:1410,198.66,25.1,22.98,4.69,0.0
20221013:1510,168.35,14.69,22.45,4.55,0.0
20221013:1610,15.14,3.44,21.82,4.55,0.0
20221013:1710,0.0,0.0,20.89,4.28,0.0
20221013:1810,0.0,0.0,20.24,3.93,0.0
20221013:1910,0.0,0.0,19.61,4.34,0.0
20221013:2010,0.0,0.0,18.89,4.55,0.0
20221013:2110,0.0,0.0,18.46,4.48,0.0
20221013:2210,0.0,0.0,18.1,4.76,0.0
20221013:2310,0.0,0.0,17.83,5.24,0.0
20221014:0010,0.0,0.0,17.64,5.66,0.0
20221014:0110,0.0,0.0,17.42,5.79,0.0
20221014:0210,0.0,0.0,17.43,4.97,0.0
20221014:0310,0.0,0.0,17.6,4.76,0.0
20221014:0410,0.0,0.0,17.8,4.69,0.0
20221014:0510,0.0,0.0,17.71,4.69,0.0
20221014:0610,45.25,10.0,17.92,4.48,0.0
20221014:0710,149.36,20.78,18.86,4.76,0.0
20221014:0810,217.92,30.39,19.6,5.17,0.0
20221014:0910,550.69,38.07,19.97,5.17,0.0
20221014:1010,869.54,42.8,20.6,5.52,0.0
20221014:1110,852.06,43.63,20.93,5.86,0.0
20221014:1210,843.85,40.37,21.1,6.07,0.0
20221014:1310,687.71,33.73,20.95,6.07,0.0
20221014:1410,472.15,24.78,20.76,6.0,0.0
20221014:1510,194.24,14.39,20.38,5.72,0.0
20221014:1610,1.78,3.16,20.07,4.62,0.0
20221014:1710,0.0,0.0,19.61,4.07,0.0
20221014:1810,0.0,0.0,19.23,3.72,0.0
20221014:1910,0.0,0.0,19.25,2.83,0.0
20221014:2010,0.0,0.0,18.95,2.69,0.0
20221014:2110,0.0,0.0,18.88,2.83,0.0
20221014:2210,0.0,0.0,18.74,2.48,0.0
20221014:2310,0.0,0.0,18.5,2.0,0.0
20221015:0010,0.0,0.0,18.14,1.93,0.0
20221015:0110,0.0,0.0,18.12,2.07,0.0
20221015:0210,0.0,0.0,18.12,2.28,0.0
20221015:0310,0.0,0.0,17.75,2.14,0.0
20221015:0410,0.0,0.0,17.6,2.07,0.0
20221015:0510,0.0,0.0,17.42,2.0,0.0
20221015:0610,105.22,9.79,17.44,1.72,0.0
20221015:0710,306.74,20.55,18.83,1.45,0.0
20221015:0810,139.61,30.12,19.77,1.52,0.0
20221015:0910,534.42,37.76,20.43,1.59,0.0
20221015:1010,791.47,42.44,21.11,1.93,0.0
20221015:1110,794.73,43.25,21.52,2.14,0.0
20221015:1210,254.33,40.0,21.64,2.28,0.0
20221015:1310,492.63,33.39,21.6,2.41,0.0
20221015:1410,427.87,24.47,21.31,2.14,0.0
20221015:1510,225.54,14.1,20.97,1.93,0.0
20221015:1610,12.47,2.89,20.38,1.59,0.0
20221015:1710,0.0,0.0,19.74,1.1,0.0
20221015:1810,0.0,0.0,18.97,0.83,0.0
20221015:1910,0.0,0.0,19.53,0.55,0.0
20221015:2010,0.0,0.0,19.33,0.28,0.0
20221015:2110,0.0,0.0,19.11,0.76,0.0
20221015:2210,0.0,0.0,18.08,1.17,0.0
20221015:2310,0.0,0.0,17.47,1.24,0.0
20221016:0010,0.0,0.0,17.89,1.1,0.0
20221016:0110,0.0,0.0,18.23,0.9,0.0
20221016:0210,0.0,0.0,17.94,0.9,0.0
20221016:0310,0.0,0.0,17.49,1.1,0.0
20221016:0410,0.0,0.0,15.69,1.31,0.0
20221016:0510,0.0,0.0,15.57,1.59,0.0
20221016:0610,191.74,9.59,16.11,1.79,0.0
20221016:0710,469.6,20.32,17.45,1.31,0.0
20221016:0810,706.62,29.85,19.38,1.03,0.0
20221016:0910,867.59,37.44,20.9,1.17,0.0
20221016:1010,956.02,42.09,21.89,1.1,0.0
20221016:1110,938.91,42.88,22.51,1.17,0.0
20221016:1210,862.9,39.63,22.72,1.86,0.0
20221016:1310,703.06,33.05,22.54,2.48,0.0
20221016:1410,509.3,24.16,22.21,2.69,0.0
20221016:1510,168.36,13.82,21.77,2.62,0.0
20221016:1610,11.58,2.61,21.14,2.48,0.0
20221016:1710,0.0,0.0,20.44,2.34,0.0
20221016:1810,0.0,0.0,19.84,2.14,0.0
20221016:1910,0.0,0.0,19.39,2.07,0.0
20221016:2010,0.0,0.0,18.73,1.79,0.0
20221016:2110,0.0,0.0,18.08,1.66,0.0
20221016:2210,0.0,0.0,17.75,1.59,0.0
20221016:2310,0.0,0.0,17.37,1.59,0.0
20221017:0010,0.0,0.0,17.04,1.52,0.0
20221017:0110,0.0,0.0,17.04,1.45,0.0
20221017:0210,0.0,0.0,17.2,1.31,0.0
20221017:0310,0.0,0.0,17.29,1.31,0.0
20221017:0410,0.0,0.0,17.45,1.24,0.0
20221017:0510,0.0,0.0,17.54,1.17,0.0
20221017:0610,182.37,9.38,16.63,1.24,0.0
20221017:0710,458.76,20.08,18.58,1.1,0.0
20221017:0810,689.65,29.58,20.14,0.83,0.0
20221017:0910,851.64,37.13,21.29,0.14,0.0
20221017:1010,957.58,41.74,22.1,0.76,0.0
20221017:1110,963.62,42.51,22.58,1.66,0.0
20221017:1210,893.18,39.27,22.66,2.28,0.0
20221017:1310,727.38,32.71,22.35,2.69,0.0
20221017:1410,526.36,23.85,21.98,2.69,0.0
20221017:1510,230.39,13.53,21.45,2.48,0.0
20221017:1610,9.79,2.35,20.86,1.93,0.0
20221017:1710,0.0,0.0,20.23,1.52,0.0
20221017:1810,0.0,0.0,19.03,1.17,0.0
20221017:1910,0.0,0.0,18.88,1.1,0.0
20221017:2010,0.0,0.0,19.49,0.97,0.0
20221017:2110,0.0,0.0,19.66,0.97,0.0
20221017:2210,0.0,0.0,18.93,1.03,0.0
20221017:2310,0.0,0.0,19.08,1.03,0.0
20221018:0010,0.0,0.0,18.86,0.83,0.0
20221018:0110,0.0,0.0,18.11,0.76,0.0
20221018:0210,0.0,0.0,17.72,0.69,0.0
20221018:0310,0.0,0.0,16.93,0.9,0.0
20221018:0410,0.0,0.0,16.09,1.03,0.0
20221018:0510,0.0,0.0,15.69,1.1,0.0
20221018:0610,165.09,9.17,15.41,1.24,0.0
20221018:0710,451.74,19.85,17.36,0.97,0.0
20221018:0810,680.52,29.31,18.65,0.55,0.0
20221018:0910,847.32,36.81,20.06,1.03,0.0
20221018:1010,853.04,41.39,21.03,1.59,0.0
20221018:1110,914.81,42.14,21.49,1.93,0.0
20221018:1210,874.29,38.91,21.74,2.14,0.0
20221018:1310,734.85,32.38,21.77,2.14,0.0
20221018:1410,522.62,23.54,21.61,2.07,0.0
20221018:1510,265.22,13.25,21.21,2.0,0.0
20221018:1610,8.01,2.08,20.51,1.86,0.0
20221018:1710,0.0,0.0,19.74,1.79,0.0
20221018:1810,0.0,0.0,18.99,1.79,0.0
20221018:1910,0.0,0.0,17.85,1.45,0.0
20221018:2010,0.0,0.0,17.45,1.17,0.0
20221018:2110,0.0,0.0,17.28,1.17,0.0
20221018:2210,0.0,0.0,17.43,1.17,0.0
20221018:2310,0.0,0.0,18.3,0.83,0.0
20221019:0010,0.0,0.0,18.3,0.14,0.0
20221019:0110,0.0,0.0,18.24,0.48,0.0
20221019:0210,0.0,0.0,18.23,0.69,0.0
20221019:0310,0.0,0.0,18.2,0.69,0.0
20221019:0410,0.0,0.0,18.22,0.62,0.0
20221019:0510,0.0,0.0,18.23,0.55,0.0
20221019:0610,158.07,8.96,18.29,0.41,0.0
20221019:0710,434.89,19.61,18.36,1.1,0.0
20221019:0810,690.69,29.04,19.76,1.31,0.0
20221019:0910,855.18,36.5,20.47,1.31,0.0
20221019:1010,967.96,41.04,21.19,1.38,0.0
20221019:1110,966.91,41.78,21.72,1.45,0.0
20221019:1210,918.37,38.56,22.02,1.66,0.0
20221019:1310,761.29,32.05,22.01,1.86,0.0
20221019:1410,530.02,23.24,21.75,2.14,0.0
20221019:1510,270.75,12.97,21.17,2.21,0.0
20221019:1610,6.23,1.82,20.38,1.86,0.0
20221019:1710,0.0,0.0,19.65,1.45,0.0
20221019:1810,0.0,0.0,18.78,1.03,0.0
20221019:1910,0.0,0.0,18.53,0.9,0.0
20221019:2010,0.0,0.0,18.98,0.48,0.0
20221019:2110,0.0,0.0,18.84,0.21,0.0
20221019:2210,0.0,0.0,18.68,0.14,0.0
20221019:2310,0.0,0.0,18.57,0.21,0.0
20221020:0010,0.0,0.0,18.46,0.21,0.0
20221020:0110,0.0,0.0,18.33,0.0,0.0
20221020:0210,0.0,0.0,18.34,0.21,0.0
20221020:0310,0.0,0.0,18.25,0.28,0.0
20221020:0410,0.0,0.0,18.18,0.34,0.0
20221020:0510,0.0,0.0,18.15,0.28,0.0
20221020:0610,164.99,8.75,18.15,0.21,0.0
20221020:0710,446.84,19.37,17.6,0.83,0.0
20221020:0810,687.18,28.77,18.7,0.55,0.0
20221020:0910,861.79,36.19,20.05,0.76,0.0
20221020:1010,942.49,40.69,21.16,1.24,0.0
20221020:1110,961.17,41.42,21.82,1.72,0.0
20221020:1210,900.33,38.21,22.07,2.07,0.0
20221020:1310,744.34,31.72,22.02,2.48,0.0
20221020:1410,497.63,22.94,21.72,2.62,0.0
20221020:1510,268.46,12.7,21.16,2.62,0.0
20221020:1610,4.45,1.56,20.43,2.28,0.0
20221020:1710,0.0,0.0,19.75,1.93,0.0
20221020:1810,0.0,0.0,19.22,1.93,0.0
20221020:1910,0.0,0.0,18.59,1.86,0.0
20221020:2010,0.0,0.0,18.1,1.86,0.0
20221020:2110,0.0,0.0,17.58,1.86,0.0
20221020:2210,0.0,0.0,16.99,1.59,0.0
20221020:2310,0.0,0.0,16.63,1.52,0.0
20221021:0010,0.0,0.0,16.49,1.52,0.0
20221021:0110,0.0,0.0,16.9,1.31,0.0
20221021:0210,0.0,0.0,17.08,1.24,0.0
20221021:0310,0.0,0.0,15.85,1.52,0.0
20221021:0410,0.0,0.0,15.38,1.72,0.0
20221021:0510,0.0,0.0,15.66,1.86,0.0
20221021:0610,156.48,8.54,15.92,1.93,0.0
20221021:0710,428.74,19.14,17.58,1.86,0.0
20221021:0810,664.91,28.49,19.7,1.45,0.0
20221021:0910,815.6,35.88,21.31,1.03,0.0
20221021:1010,906.38,40.34,22.35,1.1,0.0
20221021:1110,894.49,41.06,23.06,1.38,0.0
20221021:1210,826.22,37.86,23.41,1.24,0.0
20221021:1310,726.94,31.4,23.43,1.31,0.0
20221021:1410,521.62,22.65,23.17,1.38,0.0
20221021:1510,264.12,12.43,22.6,1.38,0.0
20221021:1610,2.67,1.31,21.89,0.97,0.0
20221021:1710,0.0,0.0,20.89,0.9,0.0
20221021:1810,0.0,0.0,19.37,1.31,0.0
20221021:1910,0.0,0.0,18.87,1.31,0.0
20221021:2010,0.0,0.0,17.92,1.79,0.0
20221021:2110,0.0,0.0,17.89,2.14,0.0
20221021:2210,0.0,0.0,17.43,2.21,0.0
20221021:2310,0.0,0.0,16.91,2.14,0.0
20221022:0010,0.0,0.0,16.6,2.28,0.0
20221022:0110,0.0,0.0,16.59,2.48,0.0
20221022:0210,0.0,0.0,16.65,2.62,0.0
20221022:0310,0.0,0.0,16.43,2.41,0.0
20221022:0410,0.0,0.0,16.18,2.28,0.0
20221022:0510,0.0,0.0,15.63,2.55,0.0
20221022:0610,166.55,8.32,16.21,2.83,0.0
20221022:0710,454.19,18.9,18.2,2.21,0.0
20221022:0810,684.47,28.22,20.71,2.41,0.0
20221022:0910,841.38,35.57,22.02,2.48,0.0
20221022:1010,953.7,40.0,23.04,2.14,0.0
20221022:1110,951.25,40.7,23.76,1.79,0.0
20221022:1210,884.69,37.51,24.06,1.38,0.0
20221022:1310,735.27,31.08,24.13,1.66,0.0
20221022:1410,509.92,22.36,23.93,2.0,0.0
20221022:1510,259.36,12.16,23.35,1.66,0.0
20221022:1610,0.0,0.0,22.37,1.66,0.0
20221022:1710,0.0,0.0,21.26,1.66,0.0
20221022:1810,0.0,0.0,20.01,1.59,0.0
20221022:1910,0.0,0.0,18.88,1.66,0.0
20221022:2010,0.0,0.0,18.01,1.72,0.0
20221022:2110,0.0,0.0,17.37,1.66,0.0
20221022:2210,0.0,0.0,16.89,1.66,0.0
20221022:2310,0.0,0.0,16.41,1.86,0.0
20221023:0010,0.0,0.0,16.29,2.21,0.0
20221023:0110,0.0,0.0,16.0,2.0,0.0
20221023:0210,0.0,0.0,16.58,1.45,0.0
20221023:0310,0.0,0.0,16.72,1.31,0.0
20221023:0410,0.0,0.0,15.38,1.72,0.0
20221023:0510,0.0,0.0,15.03,2.0,0.0
20221023:0610,150.79,8.11,15.21,2.07,0.0
20221023:0710,435.95,18.66,17.58,2.0,0.0
20221023:0810,664.31,27.95,20.85,2.14,0.0
20221023:0910,836.52,35.26,22.62,1.79,0.0
20221023:1010,934.87,39.66,23.76,0.83,0.0
20221023:1110,946.84,40.34,24.33,0.28,0.0
20221023:1210,873.36,37.17,24.54,1.31,0.0
20221023:1310,724.6,30.77,24.41,2.21,0.0
20221023:1410,512.85,22.07,23.9,2.76,0.0
20221023:1510,251.79,11.9,23.14,2.76,0.0
20221023:1610,0.0,0.0,22.32,2.21,0.0
20221023:1710,0.0,0.0,21.5,1.79,0.0
20221023:1810,0.0,0.0,20.51,1.52,0.0
20221023:1910,0.0,0.0,19.4,1.79,0.0
20221023:2010,0.0,0.0,18.41,1.72,0.0
20221023:2110,0.0,0.0,17.6,1.86,0.0
20221023:2210,0.0,0.0,16.97,1.93,0.0
20221023:2310,0.0,0.0,16.59,1.93,0.0
20221024:0010,0.0,0.0,16.13,2.07,0.0
20221024:0110,0.0,0.0,15.84,2.28,0.0
20221024:0210,0.0,0.0,15.83,2.41,0.0
20221024:0310,0.0,0.0,15.81,2.48,0.0
20221024:0410,0.0,0.0,15.8,2.55,0.0
20221024:0510,0.0,0.0,15.88,2.69,0.0
20221024:0610,162.73,7.9,15.46,2.69,0.0
20221024:0710,455.25,18.42,18.18,2.34,0.0
20221024:0810,688.73,27.68,21.53,2.28,0.0
20221024:0910,858.67,34.95,23.37,1.86,0.0
20221024:1010,931.48,39.32,24.58,1.24,0.0
20221024:1110,933.93,39.99,25.22,0.62,0.0
20221024:1210,890.45,36.83,25.44,0.83,0.0
20221024:1310,721.99,30.45,25.41,1.17,0.0
20221024:1410,516.14,21.79,25.11,1.66,0.0
20221024:1510,253.76,11.64,24.4,2.0,0.0
20221024:1610,0.0,0.0,23.35,1.93,0.0
20221024:1710,0.0,0.0,22.29,1.86,0.0
20221024:1810,0.0,0.0,21.04,1.93,0.0
20221024:1910,0.0,0.0,19.69,1.72,0.0
20221024:2010,0.0,0.0,19.11,2.34,0.0
20221024:2110,0.0,0.0,19.04,2.83,0.0
20221024:2210,0.0,0.0,18.88,2.97,0.0
20221024:2310,0.0,0.0,18.6,2.97,0.0
20221025:0010,0.0,0.0,18.19,2.83,0.0
20221025:0110,0.0,0.0,17.73,2.69,0.0
20221025:0210,0.0,0.0,17.28,2.55,0.0
20221025:0310,0.0,0.0,16.87,2.34,0.0
20221025:0410,0.0,0.0,16.76,2.14,0.0
20221025:0510,0.0,0.0,16.87,1.93,0.0
20221025:0610,148.91,7.68,16.86,1.79,0.0
20221025:0710,446.92,18.18,18.11,1.52,0.0
20221025:0810,685.01,27.4,23.07,1.1,0.0
20221025:0910,859.72,34.64,24.9,0.62,0.0
20221025:1010,955.24,38.98,25.87,0.21,0.0
20221025:1110,965.54,39.64,26.29,1.1,0.0
20221025:1210,872.01,36.5,26.18,1.72,0.0
20221025:1310,722.33,30.15,25.76,1.93,0.0
20221025:1410,497.74,21.51,25.17,1.86,0.0
20221025:1510,241.72,11.38,24.41,1.59,0.0
20221025:1610,0.0,0.0,23.51,1.17,0.0
20221025:1710,0.0,0.0,22.27,0.97,0.0
20221025:1810,0.0,0.0,21.92,0.97,0.0
20221025:1910,0.0,0.0,21.2,1.17,0.0
20221025:2010,0.0,0.0,21.3,0.97,0.0
20221025:2110,0.0,0.0,21.53,0.69,0.0
20221025:2210,0.0,0.0,21.44,0.97,0.0
20221025:2310,0.0,0.0,20.53,1.31,0.0
20221026:0010,0.0,0.0,19.3,1.52,0.0
20221026:0110,0.0,0.0,18.95,1.59,0.0
20221026:0210,0.0,0.0,19.26,1.52,0.0
20221026:0310,0.0,0.0,20.86,1.24,0.0
20221026:0410,0.0,0.0,21.21,0.97,0.0
20221026:0510,0.0,0.0,21.56,1.1,0.0
20221026:0610,138.97,7.47,21.1,1.31,0.0
20221026:0710,424.12,17.94,20.42,1.24,0.0
20221026:0810,661.05,27.13,23.23,1.17,0.0
20221026:0910,834.06,34.33,24.54,1.24,0.0
20221026:1010,918.92,38.64,25.35,1.72,0.0
20221026:1110,936.23,39.3,25.7,1.93,0.0
20221026:1210,863.92,36.17,25.94,1.93,0.0
20221026:1310,710.08,29.84,25.95,2.07,0.0
20221026:1410,500.44,21.24,25.58,2.28,0.0
20221026:1510,234.23,11.13,24.77,2.07,0.0
20221026:1610,0.0,0.0,23.67,1.79,0.0
20221026:1710,0.0,0.0,22.6,1.59,0.0
20221026:1810,0.0,0.0,21.03,1.52,0.0
20221026:1910,0.0,0.0,20.25,1.45,0.0
20221026:2010,0.0,0.0,19.79,1.52,0.0
20221026:2110,0.0,0.0,19.22,1.66,0.0
20221026:2210,0.0,0.0,19.07,1.66,0.0
20221026:2310,0.0,0.0,19.99,1.45,0.0
20221027:0010,0.0,0.0,21.4,1.17,0.0
20221027:0110,0.0,0.0,21.24,1.1,0.0
20221027:0210,0.0,0.0,20.57,1.45,0.0
20221027:0310,0.0,0.0,19.28,1.66,0.0
20221027:0410,0.0,0.0,18.83,1.79,0.0
20221027:0510,0.0,0.0,18.44,1.86,0.0
20221027:0610,131.56,7.25,18.55,1.79,0.0
20221027:0710,395.33,17.7,19.34,1.66,0.0
20221027:0810,618.48,26.86,24.01,1.03,0.0
20221027:0910,749.25,34.03,26.46,0.69,0.0
20221027:1010,857.22,38.31,27.33,0.83,0.0
20221027:1110,859.9,38.96,27.53,1.79,0.0
20221027:1210,777.75,35.84,26.96,2.41,0.0
20221027:1310,665.38,29.54,26.21,2.41,0.0
20221027:1410,460.5,20.96,25.46,2.14,0.0
20221027:1510,207.43,10.89,24.61,1.79,0.0
20221027:1610,0.0,0.0,23.62,1.38,0.0
20221027:1710,0.0,0.0,22.49,1.17,0.0
20221027:1810,0.0,0.0,21.48,1.03,0.0
20221027:1910,0.0,0.0,21.12,1.38,0.0
20221027:2010,0.0,0.0,21.37,1.38,0.0
20221027:2110,0.0,0.0,21.53,1.38,0.0
20221027:2210,0.0,0.0,21.8,1.31,0.0
20221027:2310,0.0,0.0,21.88,1.24,0.0
20221028:0010,0.0,0.0,21.97,1.17,0.0
20221028:0110,0.0,0.0,22.14,1.03,0.0
20221028:0210,0.0,0.0,21.93,0.83,0.0
20221028:0310,0.0,0.0,21.83,0.83,0.0
20221028:0410,0.0,0.0,21.72,0.97,0.0
20221028:0510,0.0,0.0,21.6,1.03,0.0
20221028:0610,117.38,7.04,21.15,1.03,0.0
20221028:0710,398.41,17.46,20.11,1.1,0.0
20221028:0810,635.46,26.59,22.83,0.97,0.0
20221028:0910,805.2,33.72,24.11,0.83,0.0
20221028:1010,902.81,37.98,25.05,0.69,0.0
20221028:1110,913.43,38.62,25.51,1.38,0.0
20221028:1210,847.86,35.52,25.38,2.07,0.0
20221028:1310,700.81,29.25,24.82,2.28,0.0
20221028:1410,471.81,20.7,24.08,2.14,0.0
20221028:1510,209.42,10.64,23.24,1.59,0.0
20221028:1610,0.0,0.0,22.39,1.03,0.0
20221028:1710,0.0,0.0,21.33,0.69,0.0
20221028:1810,0.0,0.0,21.13,0.62,0.0
20221028:1910,0.0,0.0,19.91,0.97,0.0
20221028:2010,0.0,0.0,20.16,0.48,0.0
20221028:2110,0.0,0.0,19.86,0.62,0.0
20221028:2210,0.0,0.0,19.52,0.83,0.0
20221028:2310,0.0,0.0,19.42,0.69,0.0
20221029:0010,0.0,0.0,19.13,0.55,0.0
20221029:0110,0.0,0.0,18.7,0.83,0.0
20221029:0210,0.0,0.0,17.3,1.24,0.0
20221029:0310,0.0,0.0,16.4,1.59,0.0
20221029:0410,0.0,0.0,16.41,1.66,0.0
20221029:0510,0.0,0.0,16.58,1.52,0.0
20221029:0610,124.14,6.82,16.8,1.31,0.0
20221029:0710,416.43,17.22,17.64,0.9,0.0
20221029:0810,638.23,26.32,19.58,0.21,0.0
20221029:0910,808.6,33.42,20.7,0.9,0.0
20221029:1010,914.49,37.65,21.47,1.24,0.0
20221029:1110,923.69,38.29,22.09,1.52,0.0
20221029:1210,870.61,35.2,22.47,2.0,0.0
20221029:1310,702.88,28.96,22.53,2.34,0.0
20221029:1410,495.9,20.44,22.19,2.62,0.0
20221029:1510,224.56,10.41,21.56,2.62,0.0
20221029:1610,0.0,0.0,20.68,2.28,0.0
20221029:1710,0.0,0.0,20.0,1.86,0.0
20221029:1810,0.0,0.0,19.39,1.66,0.0
20221029:1910,0.0,0.0,19.07,1.79,0.0
20221029:2010,0.0,0.0,18.46,1.52,0.0
20221029:2110,0.0,0.0,17.97,1.24,0.0
20221029:2210,0.0,0.0,18.47,1.03,0.0
20221029:2310,0.0,0.0,18.61,0.97,0.0
20221030:0010,0.0,0.0,18.49,0.97,0.0
20221030:0110,0.0,0.0,18.33,1.03,0.0
20221030:0210,0.0,0.0,17.97,1.03,0.0
20221030:0310,0.0,0.0,17.74,0.9,0.0
20221030:0410,0.0,0.0,17.57,0.69,0.0
20221030:0510,0.0,0.0,17.44,0.76,0.0
20221030:0610,133.48,6.61,17.01,0.97,0.0
20221030:0710,428.95,16.98,16.53,0.97,0.0
20221030:0810,655.97,26.05,19.02,0.62,0.0
20221030:0910,840.43,33.12,19.99,0.97,0.0
20221030:1010,927.87,37.33,20.92,1.45,0.0
20221030:1110,944.65,37.96,21.45,1.79,0.0
20221030:1210,870.3,34.88,21.7,2.14,0.0
20221030:1310,714.33,28.67,21.68,2.34,0.0
20221030:1410,499.74,20.18,21.41,2.48,0.0
20221030:1510,225.88,10.18,20.87,2.41,0.0
20221030:1610,0.0,0.0,20.02,2.0,0.0
20221030:1710,0.0,0.0,19.31,1.86,0.0
20221030:1810,0.0,0.0,18.39,1.59,0.0
20221030:1910,0.0,0.0,17.21,1.52,0.0
20221030:2010,0.0,0.0,16.74,1.38,0.0
20221030:2110,0.0,0.0,17.01,1.24,0.0
20221030:2210,0.0,0.0,17.45,1.17,0.0
20221030:2310,0.0,0.0,17.95,1.03,0.0
20221031:0010,0.0,0.0,17.64,0.9,0.0
20221031:0110,0.0,0.0,17.34,0.76,0.0
20221031:0210,0.0,0.0,17.13,0.62,0.0
20221031:0310,0.0,0.0,16.86,0.69,0.0
20221031:0410,0.0,0.0,16.56,0.9,0.0
20221031:0510,0.0,0.0,16.3,0.97,0.0
20221031:0610,134.39,6.39,16.16,1.03,0.0
20221031:0710,437.42,16.74,16.87,0.76,0.0
20221031:0810,668.72,25.78,18.81,0.83,0.0
20221031:0910,832.77,32.82,19.99,0.97,0.0
20221031:1010,926.2,37.01,20.9,1.24,0.0
20221031:1110,929.12,37.63,21.58,1.66,0.0
20221031:1210,868.6,34.57,21.9,2.0,0.0
20221031:1310,710.9,28.39,21.93,2.14,0.0
20221031:1410,501.2,19.93,21.65,2.14,0.0
20221031:1510,232.01,9.95,21.13,2.07,0.0
20221031:1610,0.0,0.0,20.33,1.86,0.0
20221031:1710,0.0,0.0,19.48,1.66,0.0
20221031:1810,0.0,0.0,18.35,1.45,0.0
20221031:1910,0.0,0.0,17.21,1.66,0.0
20221031:2010,0.0,0.0,16.43,1.59,0.0
20221031:2110,0.0,0.0,16.31,1.45,0.0
20221031:2210,0.0,0.0,16.33,1.38,0.0
20221031:2310,0.0,0.0,16.91,1.24,0.0
20221101:0010,0.0,0.0,17.58,1.03,0.0
20221101:0110,0.0,0.0,17.44,0.9,0.0
20221101:0210,0.0,0.0,17.24,0.97,0.0
20221101:0310,0.0,0.0,15.24,1.31,0.0
20221101:0410,0.0,0.0,13.68,1.59,0.0
20221101:0510,0.0,0.0,13.29,1.59,0.0
20221101:0610,128.34,6.17,13.46,1.52,0.0
20221101:0710,431.08,16.5,15.74,0.83,0.0
20221101:0810,663.57,25.51,18.73,0.07,0.0
20221101:0910,835.07,32.52,20.26,0.9,0.0
20221101:1010,926.97,36.69,21.3,1.38,0.0
20221101:1110,930.18,37.31,22.04,1.66,0.0
20221101:1210,851.06,34.27,22.46,1.93,0.0
20221101:1310,692.1,28.11,22.51,2.07,0.0
20221101:1410,457.6,19.68,22.19,2.14,0.0
20221101:1510,218.62,9.72,21.53,2.0,0.0
20221101:1610,0.0,0.0,20.68,1.72,0.0
20221101:1710,0.0,0.0,19.89,1.31,0.0
20221101:1810,0.0,0.0,19.02,1.03,0.0
20221101:1910,0.0,0.0,19.35,0.76,0.0
20221101:2010,0.0,0.0,19.24,0.76,0.0
20221101:2110,0.0,0.0,18.97,0.9,0.0
20221101:2210,0.0,0.0,18.64,0.9,0.0
20221101:2310,0.0,0.0,18.29,0.97,0.0
20221102:0010,0.0,0.0,17.16,1.24,0.0
20221102:0110,0.0,0.0,16.68,1.31,0.0
20221102:0210,0.0,0.0,16.42,1.17,0.0
20221102:0310,0.0,0.0,15.11,1.24,0.0
20221102:0410,0.0,0.0,15.06,1.17,0.0
20221102:0510,0.0,0.0,14.75,1.31,0.0
20221102:0610,136.72,5.96,15.07,1.24,0.0
20221102:0710,430.29,16.26,16.48,0.83,0.0
20221102:0810,661.63,25.25,19.03,0.34,0.0
20221102:0910,822.14,32.23,20.49,0.34,0.0
20221102:1010,897.82,36.37,21.52,0.48,0.0
20221102:1110,922.3,36.99,22.3,1.1,0.0
20221102:1210,828.81,33.97,22.63,2.0,0.0
20221102:1310,665.88,27.84,22.44,2.48,0.0
20221102:1410,451.33,19.43,21.94,2.41,0.0
20221102:1510,218.6,9.51,21.27,1.93,0.0
20221102:1610,0.0,0.0,20.57,1.52,0.0
20221102:1710,0.0,0.0,19.91,1.38,0.0
20221102:1810,0.0,0.0,19.18,1.03,0.0
20221102:1910,0.0,0.0,17.85,1.45,0.0
20221102:2010,0.0,0.0,17.52,1.38,0.0
20221102:2110,0.0,0.0,18.57,1.03,0.0
20221102:2210,0.0,0.0,18.72,0.55,0.0
20221102:2310,0.0,0.0,18.54,0.48,0.0
20221103:0010,0.0,0.0,18.26,0.83,0.0
20221103:0110,0.0,0.0,16.72,1.17,0.0
20221103:0210,0.0,0.0,15.87,1.24,0.0
20221103:0310,0.0,0.0,15.45,1.31,0.0
20221103:0410,0.0,0.0,15.41,1.24,0.0
20221103:0510,0.0,0.0,14.98,1.45,0.0
20221103:0610,116.71,5.74,15.02,1.38,0.0
20221103:0710,404.09,16.02,16.9,0.9,0.0
20221103:0810,630.29,24.98,18.32,0.55,0.0
20221103:0910,784.62,31.93,19.66,0.34,0.0
20221103:1010,865.82,36.06,20.81,0.21,0.0
20221103:1110,853.13,36.68,21.71,0.14,0.0
20221103:1210,742.82,33.67,22.27,0.76,0.0
20221103:1310,633.76,27.57,22.45,1.24,0.0
20221103:1410,430.06,19.2,22.2,1.66,0.0
20221103:1510,205.58,9.29,21.52,1.66,0.0
20221103:1610,0.0,0.0,20.73,1.38,0.0
20221103:1710,0.0,0.0,20.01,1.31,0.0
20221103:1810,0.0,0.0,19.17,1.66,0.0
20221103:1910,0.0,0.0,18.44,1.72,0.0
20221103:2010,0.0,0.0,18.03,2.21,0.0
20221103:2110,0.0,0.0,18.03,2.62,0.0
20221103:2210,0.0,0.0,18.13,2.97,0.0
20221103:2310,0.0,0.0,18.13,3.52,0.0
20221104:0010,0.0,0.0,17.99,3.79,0.0
20221104:0110,0.0,0.0,17.84,4.21,0.0
20221104:0210,0.0,0.0,17.84,4.62,0.0
20221104:0310,0.0,0.0,17.98,4.9,0.0
20221104:0410,0.0,0.0,18.11,5.17,0.0
20221104:0510,0.0,0.0,18.42,5.45,0.0
20221104:0610,66.48,5.52,18.68,5.72,0.0
20221104:0710,321.38,15.78,19.65,5.66,0.0
20221104:0810,458.32,24.72,21.14,6.21,0.0
20221104:0910,187.33,31.64,22.1,6.55,0.0
20221104:1010,52.47,35.75,22.96,7.38,0.0
20221104:1110,71.21,36.37,23.52,7.17,0.0
20221104:1210,57.16,33.38,23.72,6.97,0.0
20221104:1310,112.44,27.31,23.52,6.69,0.0
20221104:1410,58.09,18.96,22.99,6.21,0.0
20221104:1510,29.98,9.09,22.45,5.45,0.0
20221104:1610,0.0,0.0,21.65,4.9,0.0
20221104:1710,0.0,0.0,20.21,5.17,0.0
20221104:1810,0.0,0.0,18.66,4.34,0.0
20221104:1910,0.0,0.0,19.59,4.0,0.0
20221104:2010,0.0,0.0,19.03,4.9,0.0
20221104:2110,0.0,0.0,17.89,5.52,0.0
20221104:2210,0.0,0.0,16.97,4.83,0.0
20221104:2310,0.0,0.0,16.89,4.48,0.0
20221105:0010,0.0,0.0,15.82,5.31,0.0
20221105:0110,0.0,0.0,15.42,4.83,0.0
20221105:0210,0.0,0.0,15.22,4.48,0.0
20221105:0310,0.0,0.0,13.92,5.52,0.0
20221105:0410,0.0,0.0,13.52,5.17,0.0
20221105:0510,0.0,0.0,13.72,5.17,0.0
20221105:0610,92.67,5.31,13.43,5.03,0.0
20221105:0710,225.87,15.55,13.83,4.97,0.0
20221105:0810,567.93,24.45,14.73,5.93,0.0
20221105:0910,622.23,31.35,15.15,6.55,0.0
20221105:1010,710.73,35.44,15.53,5.93,0.0
20221105:1110,201.29,36.06,15.94,4.83,0.0
20221105:1210,370.94,33.09,16.39,4.62,0.0
20221105:1310,36.54,27.05,16.51,4.55,0.0
20221105:1410,262.96,18.73,16.21,4.9,0.0
20221105:1510,57.92,8.88,15.14,4.97,0.0
20221105:1610,0.0,0.0,14.97,4.0,0.0
20221105:1710,0.0,0.0,14.84,3.93,0.0
20221105:1810,0.0,0.0,13.76,4.97,0.0
20221105:1910,0.0,0.0,14.22,4.34,0.0
20221105:2010,0.0,0.0,13.71,5.24,0.0
20221105:2110,0.0,0.0,13.31,5.45,0.0
20221105:2210,0.0,0.0,13.37,5.03,0.0
20221105:2310,0.0,0.0,13.65,5.38,0.0
20221106:0010,0.0,0.0,14.05,4.83,0.0
20221106:0110,0.0,0.0,14.86,5.31,0.0
20221106:0210,0.0,0.0,15.42,6.76,0.0
20221106:0310,0.0,0.0,15.65,7.24,0.0
20221106:0410,0.0,0.0,15.29,7.59,0.0
20221106:0510,0.0,0.0,15.14,6.83,0.0
20221106:0610,32.2,5.09,14.91,5.72,0.0
20221106:0710,68.4,15.31,15.97,6.34,0.0
20221106:0810,268.63,24.19,16.44,6.62,0.0
20221106:0910,145.24,31.07,17.12,6.97,0.0
20221106:1010,113.38,35.14,17.72,6.55,0.0
20221106:1110,358.85,35.76,17.81,6.76,0.0
20221106:1210,127.43,32.81,18.01,6.41,0.0
20221106:1310,62.78,26.79,18.12,6.28,0.0
20221106:1410,40.29,18.51,17.94,5.93,0.0
20221106:1510,31.86,8.68,17.77,5.17,0.0
20221106:1610,0.0,0.0,17.37,4.69,0.0
20221106:1710,0.0,0.0,16.85,4.28,0.0
20221106:1810,0.0,0.0,16.36,4.0,0.0
20221106:1910,0.0,0.0,16.52,3.86,0.0
20221106:2010,0.0,0.0,16.31,3.72,0.0
20221106:2110,0.0,0.0,16.26,3.59,0.0
20221106:2210,0.0,0.0,16.09,3.59,0.0
20221106:2310,0.0,0.0,15.99,3.45,0.0
20221107:0010,0.0,0.0,15.87,3.31,0.0
20221107:0110,0.0,0.0,15.66,3.31,0.0
20221107:0210,0.0,0.0,15.8,3.38,0.0
20221107:0310,0.0,0.0,15.74,3.1,0.0
20221107:0410,0.0,0.0,15.69,2.76,0.0
20221107:0510,0.0,0.0,15.43,2.41,0.0
20221107:0610,109.55,4.88,15.21,2.21,0.0
20221107:0710,163.51,15.08,16.32,2.28,0.0
20221107:0810,597.83,23.93,17.51,2.62,0.0
20221107:0910,686.71,30.79,18.22,2.76,0.0
20221107:1010,821.3,34.85,18.67,2.55,0.0
20221107:1110,816.46,35.47,19.0,2.48,0.0
20221107:1210,771.91,32.53,19.24,2.62,0.0
20221107:1310,674.24,26.55,19.23,2.69,0.0
20221107:1410,439.44,18.29,18.94,2.55,0.0
20221107:1510,185.47,8.49,18.52,2.07,0.0
20221107:1610,0.0,0.0,17.92,1.24,0.0
20221107:1710,0.0,0.0,17.28,0.69,0.0
20221107:1810,0.0,0.0,17.4,0.14,0.0
20221107:1910,0.0,0.0,17.1,0.21,0.0
20221107:2010,0.0,0.0,16.85,0.34,0.0
20221107:2110,0.0,0.0,16.65,0.41,0.0
20221107:2210,0.0,0.0,16.46,0.62,0.0
20221107:2310,0.0,0.0,16.21,0.83,0.0
20221108:0010,0.0,0.0,15.97,0.9,0.0
20221108:0110,0.0,0.0,15.79,0.9,0.0
20221108:0210,0.0,0.0,15.59,0.83,0.0
20221108:0310,0.0,0.0,15.42,0.9,0.0
20221108:0410,0.0,0.0,15.09,1.03,0.0
20221108:0510,0.0,0.0,12.92,1.24,0.0
20221108:0610,110.59,4.66,12.04,1.45,0.0
20221108:0710,406.14,14.84,13.83,1.03,0.0
20221108:0810,632.51,23.67,16.47,0.9,0.0
20221108:0910,783.02,30.51,17.96,0.76,0.0
20221108:1010,866.05,34.55,18.82,0.55,0.0
20221108:1110,868.54,35.17,19.38,0.34,0.0
20221108:1210,798.4,32.26,19.72,0.76,0.0
20221108:1310,680.51,26.3,19.78,1.45,0.0
20221108:1410,416.92,18.08,19.56,2.07,0.0
20221108:1510,172.4,8.3,19.02,2.34,0.0
20221108:1610,0.0,0.0,18.28,2.28,0.0
20221108:1710,0.0,0.0,17.53,2.14,0.0
20221108:1810,0.0,0.0,16.81,2.0,0.0
20221108:1910,0.0,0.0,16.27,1.86,0.0
20221108:2010,0.0,0.0,15.84,1.86,0.0
20221108:2110,0.0,0.0,15.16,1.66,0.0
20221108:2210,0.0,0.0,14.89,1.45,0.0
20221108:2310,0.0,0.0,14.65,1.38,0.0
20221109:0010,0.0,0.0,13.89,1.52,0.0
20221109:0110,0.0,0.0,13.13,1.66,0.0
20221109:0210,0.0,0.0,12.84,1.79,0.0
20221109:0310,0.0,0.0,12.85,1.93,0.0
20221109:0410,0.0,0.0,12.99,2.0,0.0
20221109:0510,0.0,0.0,13.03,2.07,0.0
20221109:0610,99.81,4.45,13.05,2.07,0.0
20221109:0710,391.13,14.61,14.34,2.0,0.0
20221109:0810,614.14,23.42,16.4,1.59,0.0
20221109:0910,763.32,30.23,18.56,1.24,0.0
20221109:1010,867.29,34.26,19.72,1.1,0.0
20221109:1110,841.0,34.89,20.47,0.76,0.0
20221109:1210,799.53,31.99,20.82,0.69,0.0
20221109:1310,663.05,26.07,20.93,1.03,0.0
20221109:1410,451.98,17.87,20.66,1.59,0.0
20221109:1510,197.54,8.12,20.1,1.86,0.0
20221109:1610,0.0,0.0,19.35,1.86,0.0
20221109:1710,0.0,0.0,18.5,1.86,0.0
20221109:1810,0.0,0.0,17.5,1.79,0.0
20221109:1910,0.0,0.0,16.58,1.59,0.0
20221109:2010,0.0,0.0,15.97,1.66,0.0
20221109:2110,0.0,0.0,15.6,1.72,0.0
20221109:2210,0.0,0.0,15.13,1.86,0.0
20221109:2310,0.0,0.0,14.93,2.14,0.0
20221110:0010,0.0,0.0,14.88,2.21,0.0
20221110:0110,0.0,0.0,14.7,2.14,0.0
20221110:0210,0.0,0.0,14.39,2.0,0.0
20221110:0310,0.0,0.0,14.23,2.0,0.0
20221110:0410,0.0,0.0,14.33,2.14,0.0
20221110:0510,0.0,0.0,14.51,2.14,0.0
20221110:0610,66.16,4.24,14.06,1.86,0.0
20221110:0710,293.57,14.38,16.2,1.1,0.0
20221110:0810,549.52,23.17,18.4,0.76,0.0
20221110:0910,714.43,29.95,19.4,0.48,0.0
20221110:1010,648.23,33.98,20.12,0.62,0.0
20221110:1110,771.26,34.61,20.55,1.03,0.0
20221110:1210,489.65,31.73,20.8,1.52,0.0
20221110:1310,483.01,25.83,20.85,1.79,0.0
20221110:1410,270.13,17.67,20.51,2.14,0.0
20221110:1510,88.09,7.95,19.9,2.41,0.0
20221110:1610,0.0,0.0,19.07,2.41,0.0
20221110:1710,0.0,0.0,18.36,2.28,0.0
20221110:1810,0.0,0.0,17.86,2.07,0.0
20221110:1910,0.0,0.0,17.31,1.66,0.0
20221110:2010,0.0,0.0,16.85,1.79,0.0
20221110:2110,0.0,0.0,16.44,1.72,0.0
20221110:2210,0.0,0.0,16.02,1.79,0.0
20221110:2310,0.0,0.0,15.78,2.0,0.0
20221111:0010,0.0,0.0,15.68,2.0,0.0
20221111:0110,0.0,0.0,15.5,1.86,0.0
20221111:0210,0.0,0.0,15.31,1.79,0.0
20221111:0310,0.0,0.0,15.24,1.72,0.0
20221111:0410,0.0,0.0,15.08,1.72,0.0
20221111:0510,0.0,0.0,15.09,1.59,0.0
20221111:0610,75.66,4.03,14.93,1.45,0.0
20221111:0710,347.85,14.15,15.59,0.9,0.0
20221111:0810,224.34,22.91,17.37,0.69,0.0
20221111:0910,215.7,29.68,18.52,0.55,0.0
20221111:1010,600.97,33.7,19.38,1.1,0.0
20221111:1110,367.68,34.33,19.85,1.38,0.0
20221111:1210,788.36,31.48,20.04,1.79,0.0
20221111:1310,629.6,25.61,19.99,2.14,0.0
20221111:1410,451.08,17.47,19.63,2.14,0.0
20221111:1510,191.55,7.77,19.17,2.0,0.0
20221111:1610,0.0,0.0,18.48,1.66,0.0
20221111:1710,0.0,0.0,17.79,1.52,0.0
20221111:1810,0.0,0.0,16.96,1.38,0.0
20221111:1910,0.0,0.0,16.51,1.24,0.0
20221111:2010,0.0,0.0,16.58,1.1,0.0
20221111:2110,0.0,0.0,15.69,1.31,0.0
20221111:2210,0.0,0.0,16.04,1.17,0.0
20221111:2310,0.0,0.0,16.35,1.03,0.0
20221112:0010,0.0,0.0,16.77,0.83,0.0
20221112:0110,0.0,0.0,16.66,0.62,0.0
20221112:0210,0.0,0.0,16.52,0.41,0.0
20221112:0310,0.0,0.0,16.46,0.55,0.0
20221112:0410,0.0,0.0,16.21,0.62,0.0
20221112:0510,0.0,0.0,16.0,0.62,0.0
20221112:0610,28.75,3.82,15.39,0.9,0.0
20221112:0710,123.09,13.92,15.14,0.97,0.0
20221112:0810,221.96,22.66,16.97,0.97,0.0
20221112:0910,347.98,29.42,17.71,1.38,0.0
20221112:1010,418.78,33.42,18.13,1.72,0.0
20221112:1110,315.92,34.06,18.25,1.72,0.0
20221112:1210,150.86,31.23,18.46,2.28,0.0
20221112:1310,112.44,25.39,18.29,3.17,0.0
20221112:1410,108.2,17.28,17.8,3.38,0.0
20221112:1510,51.74,7.61,17.25,3.03,0.0
20221112:1610,0.0,0.0,16.71,2.62,0.0
20221112:1710,0.0,0.0,16.34,2.48,0.0
20221112:1810,0.0,0.0,16.1,2.41,0.0
20221112:1910,0.0,0.0,15.93,2.55,0.0
20221112:2010,0.0,0.0,15.69,2.48,0.0
20221112:2110,0.0,0.0,15.23,2.55,0.0
20221112:2210,0.0,0.0,15.0,2.07,0.0
20221112:2310,0.0,0.0,14.69,1.79,0.0
20221113:0010,0.0,0.0,14.17,1.93,0.0
20221113:0110,0.0,0.0,13.98,1.45,0.0
20221113:0210,0.0,0.0,13.62,0.9,0.0
20221113:0310,0.0,0.0,14.29,0.48,0.0
20221113:0410,0.0,0.0,14.25,0.28,0.0
20221113:0510,0.0,0.0,14.15,0.14,0.0
20221113:0610,72.6,3.61,14.0,0.69,0.0
20221113:0710,373.86,13.69,13.21,1.72,0.0
20221113:0810,576.22,22.42,15.87,2.07,0.0
20221113:0910,722.08,29.15,17.04,2.34,0.0
20221113:1010,845.1,33.15,17.91,2.34,0.0
20221113:1110,804.03,33.79,18.66,2.14,0.0
20221113:1210,239.15,30.98,19.07,1.86,0.0
20221113:1310,219.2,25.17,19.28,1.24,0.0
20221113:1410,369.86,17.1,19.13,0.69,0.0
20221113:1510,113.3,7.45,18.65,0.48,0.0
20221113:1610,0.0,0.0,17.73,1.24,0.0
20221113:1710,0.0,0.0,16.72,2.0,0.0
20221113:1810,0.0,0.0,15.86,2.07,0.0
20221113:1910,0.0,0.0,15.86,2.28,0.0
20221113:2010,0.0,0.0,15.58,2.14,0.0
20221113:2110,0.0,0.0,15.45,2.28,0.0
20221113:2210,0.0,0.0,15.71,2.9,0.0
20221113:2310,0.0,0.0,15.74,3.38,0.0
20221114:0010,0.0,0.0,15.67,3.24,0.0
20221114:0110,0.0,0.0,15.36,2.9,0.0
20221114:0210,0.0,0.0,15.38,2.9,0.0
20221114:0310,0.0,0.0,15.39,2.97,0.0
20221114:0410,0.0,0.0,15.35,3.1,0.0
20221114:0510,0.0,0.0,15.39,3.24,0.0
20221114:0610,21.44,3.4,15.33,3.17,0.0
20221114:0710,178.48,13.46,15.57,3.38,0.0
20221114:0810,348.83,22.17,16.59,3.24,0.0
20221114:0910,284.41,28.89,17.75,3.17,0.0
20221114:1010,451.53,32.88,18.44,3.1,0.0
20221114:1110,735.76,33.53,19.03,3.59,0.0
20221114:1210,454.88,30.75,19.45,3.72,0.0
20221114:1310,549.66,24.96,19.64,3.45,0.0
20221114:1410,448.7,16.92,19.58,3.38,0.0
20221114:1510,181.75,7.3,19.02,3.24,0.0
20221114:1610,0.0,0.0,18.05,2.76,0.0
20221114:1710,0.0,0.0,17.16,2.14,0.0
20221114:1810,0.0,0.0,15.96,1.52,0.0
20221114:1910,0.0,0.0,16.08,1.1,0.0
20221114:2010,0.0,0.0,16.83,0.69,0.0
20221114:2110,0.0,0.0,16.46,0.34,0.0
20221114:2210,0.0,0.0,16.04,0.62,0.0
20221114:2310,0.0,0.0,15.68,0.9,0.0
20221115:0010,0.0,0.0,15.17,1.03,0.0
20221115:0110,0.0,0.0,15.03,0.97,0.0
20221115:0210,0.0,0.0,15.08,0.97,0.0
20221115:0310,0.0,0.0,14.18,1.17,0.0
20221115:0410,0.0,0.0,13.39,1.38,0.0
20221115:0510,0.0,0.0,13.06,1.45,0.0
20221115:0610,57.88,3.19,12.9,1.52,0.0
20221115:0710,216.07,13.24,14.0,1.17,0.0
20221115:0810,520.56,21.93,17.32,1.38,0.0
20221115:0910,758.74,28.64,18.75,1.66,0.0
20221115:1010,858.0,32.62,19.8,1.86,0.0
20221115:1110,831.87,33.28,20.62,1.86,0.0
20221115:1210,723.59,30.51,21.2,1.86,0.0
20221115:1310,482.12,24.76,21.36,1.59,0.0
20221115:1410,338.44,16.74,21.11,1.24,0.0
20221115:1510,124.64,7.15,20.46,1.52,0.0
20221115:1610,0.0,0.0,19.48,1.93,0.0
20221115:1710,0.0,0.0,18.4,2.34,0.0
20221115:1810,0.0,0.0,17.64,2.76,0.0
20221115:1910,0.0,0.0,17.83,3.31,0.0
20221115:2010,0.0,0.0,17.58,3.59,0.0
20221115:2110,0.0,0.0,17.37,3.93,0.0
20221115:2210,0.0,0.0,17.33,4.34,0.0
20221115:2310,0.0,0.0,17.46,4.48,0.0
20221116:0010,0.0,0.0,17.53,4.34,0.0
20221116:0110,0.0,0.0,17.6,4.34,0.0
20221116:0210,0.0,0.0,17.59,4.34,0.0
20221116:0310,0.0,0.0,17.52,4.34,0.0
20221116:0410,0.0,0.0,17.29,4.21,0.0
20221116:0510,0.0,0.0,16.97,4.14,0.0
20221116:0610,45.9,2.98,16.76,4.07,0.0
20221116:0710,281.92,13.02,17.32,3.79,0.0
20221116:0810,421.52,21.69,18.69,4.07,0.0
20221116:0910,288.77,28.38,19.79,4.9,0.0
20221116:1010,421.0,32.36,20.32,5.17,0.0
20221116:1110,675.28,33.03,20.92,5.45,0.0
20221116:1210,584.53,30.29,21.27,5.72,0.0
20221116:1310,590.91,24.56,21.07,5.52,0.0
20221116:1410,398.36,16.58,20.69,4.97,0.0
20221116:1510,192.94,7.0,20.06,4.34,0.0
20221116:1610,0.0,0.0,19.14,4.0,0.0
20221116:1710,0.0,0.0,18.4,3.72,0.0
20221116:1810,0.0,0.0,17.97,3.79,0.0
20221116:1910,0.0,0.0,17.91,3.93,0.0
20221116:2010,0.0,0.0,17.63,4.9,0.0
20221116:2110,0.0,0.0,17.1,5.1,0.0
20221116:2210,0.0,0.0,16.66,4.62,0.0
20221116:2310,0.0,0.0,16.57,4.21,0.0
20221117:0010,0.0,0.0,16.39,4.21,0.0
20221117:0110,0.0,0.0,16.22,4.14,0.0
20221117:0210,0.0,0.0,16.33,4.48,0.0
20221117:0310,0.0,0.0,16.57,4.48,0.0
20221117:0410,0.0,0.0,16.45,4.34,0.0
20221117:0510,0.0,0.0,16.42,3.79,0.0
20221117:0610,26.21,2.78,16.33,3.38,0.0
20221117:0710,34.67,12.8,16.67,3.59,0.0
20221117:0810,91.83,21.46,17.42,3.38,0.0
20221117:0910,327.0,28.13,18.45,3.45,0.0
20221117:1010,798.95,32.1,19.07,3.31,0.0
20221117:1110,450.53,32.79,19.62,3.17,0.0
20221117:1210,263.84,30.06,19.67,3.31,0.0
20221117:1310,282.76,24.37,19.88,3.31,0.0
20221117:1410,143.88,16.41,19.54,3.31,0.0
20221117:1510,117.61,6.87,19.27,3.03,0.0
20221117:1610,0.0,0.0,18.57,2.83,0.0
20221117:1710,0.0,0.0,17.6,3.31,0.0
20221117:1810,0.0,0.0,17.26,3.52,0.0
20221117:1910,0.0,0.0,17.42,3.38,0.0
20221117:2010,0.0,0.0,17.1,3.38,0.0
20221117:2110,0.0,0.0,16.85,3.45,0.0
20221117:2210,0.0,0.0,16.75,3.66,0.0
20221117:2310,0.0,0.0,16.78,3.79,0.0
20221118:0010,0.0,0.0,16.76,3.86,0.0
20221118:0110,0.0,0.0,16.85,3.93,0.0
20221118:0210,0.0,0.0,17.02,4.0,0.0
20221118:0310,0.0,0.0,17.21,4.28,0.0
20221118:0410,0.0,0.0,17.28,4.41,0.0
20221118:0510,0.0,0.0,17.41,4.62,0.0
20221118:0610,33.17,2.58,17.49,4.76,0.0
20221118:0710,70.11,12.58,17.92,4.62,0.0
20221118:0810,304.9,21.23,18.79,5.17,0.0
20221118:0910,704.15,27.89,19.3,5.52,0.0
20221118:1010,357.3,31.86,19.64,6.21,0.0
20221118:1110,296.95,32.55,20.2,7.1,0.0
20221118:1210,332.69,29.85,20.59,7.1,0.0
20221118:1310,187.55,24.19,20.47,7.17,0.0
20221118:1410,271.47,16.26,20.14,6.48,0.0
20221118:1510,108.34,6.74,19.64,5.52,0.0
20221118:1610,0.0,0.0,19.06,4.55,0.0
20221118:1710,0.0,0.0,18.53,4.07,0.0
20221118:1810,0.0,0.0,18.01,3.79,0.0
20221118:1910,0.0,0.0,17.98,4.0,0.0
20221118:2010,0.0,0.0,17.87,3.79,0.0
20221118:2110,0.0,0.0,17.59,3.52,0.0
20221118:2210,0.0,0.0,17.32,3.45,0.0
20221118:2310,0.0,0.0,17.15,3.45,0.0
20221119:0010,0.0,0.0,17.02,3.45,0.0
20221119:0110,0.0,0.0,16.81,3.31,0.0
20221119:0210,0.0,0.0,16.6,3.38,0.0
20221119:0310,0.0,0.0,16.36,3.31,0.0
20221119:0410,0.0,0.0,16.17,3.24,0.0
20221119:0510,0.0,0.0,16.44,3.24,0.0
20221119:0610,26.27,2.38,17.04,3.38,0.0
20221119:0710,87.19,12.37,17.88,5.03,0.0
20221119:0810,102.13,21.0,18.83,4.62,0.0
20221119:0910,112.44,27.65,19.71,5.72,0.0
20221119:1010,121.81,31.61,19.85,6.28,0.0
20221119:1110,332.28,32.32,19.76,5.72,0.0
20221119:1210,331.35,29.64,19.67,5.24,0.0
20221119:1310,119.16,24.01,19.01,5.1,0.0
20221119:1410,47.79,16.11,18.35,4.83,0.0
20221119:1510,46.59,6.61,17.6,3.79,0.0
20221119:1610,0.0,0.0,16.9,4.07,0.0
20221119:1710,0.0,0.0,16.49,4.14,0.0
20221119:1810,0.0,0.0,16.26,4.14,0.0
20221119:1910,0.0,0.0,16.39,4.28,0.0
20221119:2010,0.0,0.0,15.96,3.72,0.0
20221119:2110,0.0,0.0,15.57,3.1,0.0
20221119:2210,0.0,0.0,15.33,2.9,0.0
20221119:2310,0.0,0.0,14.91,2.97,0.0
20221120:0010,0.0,0.0,14.65,3.17,0.0
20221120:0110,0.0,0.0,14.61,2.9,0.0
20221120:0210,0.0,0.0,14.54,2.69,0.0
20221120:0310,0.0,0.0,14.27,2.83,0.0
20221120:0410,0.0,0.0,14.12,2.83,0.0
20221120:0510,0.0,0.0,13.95,2.97,0.0
20221120:0610,1.87,2.18,13.72,2.9,0.0
20221120:0710,32.8,12.16,13.44,2.48,0.0
20221120:0810,80.58,20.77,13.39,2.76,0.0
20221120:0910,101.2,27.41,13.17,2.97,0.0
20221120:1010,133.05,31.37,13.05,3.17,0.0
20221120:1110,168.71,32.09,13.27,3.66,0.0
20221120:1210,215.18,29.44,14.27,4.41,0.0
20221120:1310,71.21,23.83,14.55,6.62,0.0
20221120:1410,193.25,15.96,13.86,7.03,0.0
20221120:1510,136.82,6.49,13.25,6.97,0.0
20221120:1610,0.0,0.0,12.99,6.14,0.0
20221120:1710,0.0,0.0,12.82,6.07,0.0
20221120:1810,0.0,0.0,12.31,6.41,0.0
20221120:1910,0.0,0.0,12.55,5.93,0.0
20221120:2010,0.0,0.0,12.15,5.93,0.0
20221120:2110,0.0,0.0,12.31,5.72,0.0
20221120:2210,0.0,0.0,12.21,5.59,0.0
20221120:2310,0.0,0.0,12.0,4.76,0.0
20221121:0010,0.0,0.0,11.92,4.83,0.0
20221121:0110,0.0,0.0,12.21,5.45,0.0
20221121:0210,0.0,0.0,11.87,5.38,0.0
20221121:0310,0.0,0.0,11.68,4.9,0.0
20221121:0410,0.0,0.0,11.64,4.14,0.0
20221121:0510,0.0,0.0,11.81,3.72,0.0
20221121:0610,7.5,1.98,12.37,3.66,0.0
20221121:0710,343.31,11.95,13.44,3.72,0.0
20221121:0810,581.58,20.55,14.48,4.34,0.0
20221121:0910,658.81,27.18,15.08,6.21,0.0
20221121:1010,286.07,31.14,15.5,5.52,0.0
20221121:1110,656.91,31.87,16.24,6.07,0.0
20221121:1210,561.37,29.24,16.76,6.97,0.0
20221121:1310,309.94,23.67,16.82,7.03,0.0
20221121:1410,311.24,15.83,16.74,6.62,0.0
20221121:1510,120.89,6.38,16.56,5.93,0.0
20221121:1610,0.0,0.0,15.86,4.9,0.0
20221121:1710,0.0,0.0,15.56,4.21,0.0
20221121:1810,0.0,0.0,15.09,4.0,0.0
20221121:1910,0.0,0.0,14.99,4.48,0.0
20221121:2010,0.0,0.0,14.84,4.9,0.0
20221121:2110,0.0,0.0,14.85,4.97,0.0
20221121:2210,0.0,0.0,15.0,5.31,0.0
20221121:2310,0.0,0.0,15.37,5.93,0.0
20221122:0010,0.0,0.0,15.74,6.83,0.0
20221122:0110,0.0,0.0,15.93,7.31,0.0
20221122:0210,0.0,0.0,15.89,7.72,0.0
20221122:0310,0.0,0.0,15.81,7.93,0.0
20221122:0410,0.0,0.0,15.7,8.28,0.0
20221122:0510,0.0,0.0,15.61,8.69,0.0
20221122:0610,7.5,1.79,15.45,8.76,0.0
20221122:0710,47.79,11.74,15.58,7.52,0.0
20221122:0810,29.05,20.33,15.64,7.86,0.0
20221122:0910,139.79,26.95,13.94,9.38,0.0
20221122:1010,82.46,30.92,13.31,10.21,0.0
20221122:1110,655.3,31.65,13.95,9.52,0.0
20221122:1210,151.89,29.05,14.05,8.97,0.0
20221122:1310,118.26,23.51,14.24,9.38,0.0
20221122:1410,386.31,15.69,13.79,8.34,0.0
20221122:1510,60.04,6.27,13.91,8.62,0.0
20221122:1610,0.0,0.0,13.35,8.62,0.0
20221122:1710,0.0,0.0,13.48,8.28,0.0
20221122:1810,0.0,0.0,13.37,7.79,0.0
20221122:1910,0.0,0.0,12.97,7.93,0.0
20221122:2010,0.0,0.0,12.73,6.55,0.0
20221122:2110,0.0,0.0,12.45,6.28,0.0
20221122:2210,0.0,0.0,11.9,6.14,0.0
20221122:2310,0.0,0.0,12.14,6.0,0.0
20221123:0010,0.0,0.0,11.87,6.07,0.0
20221123:0110,0.0,0.0,11.85,6.28,0.0
20221123:0210,0.0,0.0,12.2,6.14,0.0
20221123:0310,0.0,0.0,12.42,6.21,0.0
20221123:0410,0.0,0.0,12.76,6.14,0.0
20221123:0510,0.0,0.0,13.1,5.72,0.0
20221123:0610,3.75,1.59,12.98,5.66,0.0
20221123:0710,72.58,11.54,14.29,5.45,0.0
20221123:0810,399.97,20.12,14.92,5.31,0.0
20221123:0910,573.35,26.73,15.33,5.45,0.0
20221123:1010,173.58,30.69,15.3,4.83,0.0
20221123:1110,127.43,31.45,15.92,5.24,0.0
20221123:1210,69.34,28.87,16.13,5.45,0.0
20221123:1310,159.31,23.35,15.63,5.03,0.0
20221123:1410,20.61,15.57,15.94,4.9,0.0
20221123:1510,31.0,6.17,15.83,4.62,0.0
20221123:1610,0.0,0.0,15.66,4.83,0.0
20221123:1710,0.0,0.0,15.34,4.97,0.0
20221123:1810,0.0,0.0,15.36,3.52,0.0
20221123:1910,0.0,0.0,15.41,3.86,0.0
20221123:2010,0.0,0.0,15.45,3.1,0.0
20221123:2110,0.0,0.0,15.35,2.69,0.0
20221123:2210,0.0,0.0,14.93,2.48,0.0
20221123:2310,0.0,0.0,14.41,2.28,0.0
20221124:0010,0.0,0.0,14.11,2.41,0.0
20221124:0110,0.0,0.0,13.81,2.28,0.0
20221124:0210,0.0,0.0,13.64,2.28,0.0
20221124:0310,0.0,0.0,13.67,2.41,0.0
20221124:0410,0.0,0.0,13.78,2.9,0.0
20221124:0510,0.0,0.0,14.22,3.31,0.0
20221124:0610,4.45,1.4,14.35,3.59,0.0
20221124:0710,327.57,11.34,15.45,4.55,0.0
20221124:0810,536.79,19.91,16.04,5.45,0.0
20221124:0910,656.02,26.51,16.64,6.0,0.0
20221124:1010,780.98,30.48,17.08,6.14,0.0
20221124:1110,687.11,31.25,17.35,6.0,0.0
20221124:1210,738.9,28.69,17.3,5.72,0.0
20221124:1310,442.43,23.21,17.05,5.59,0.0
20221124:1410,303.16,15.45,16.66,5.24,0.0
20221124:1510,139.68,6.07,16.1,4.76,0.0
20221124:1610,0.0,0.0,15.45,4.28,0.0
20221124:1710,0.0,0.0,15.07,3.93,0.0
20221124:1810,0.0,0.0,14.88,3.59,0.0
20221124:1910,0.0,0.0,14.65,3.24,0.0
20221124:2010,0.0,0.0,14.47,3.24,0.0
20221124:2110,0.0,0.0,14.33,3.24,0.0
20221124:2210,0.0,0.0,14.21,2.9,0.0
20221124:2310,0.0,0.0,13.97,2.48,0.0
20221125:0010,0.0,0.0,13.32,2.14,0.0
20221125:0110,0.0,0.0,13.0,2.14,0.0
20221125:0210,0.0,0.0,12.55,2.21,0.0
20221125:0310,0.0,0.0,12.44,2.0,0.0
20221125:0410,0.0,0.0,12.58,1.45,0.0
20221125:0510,0.0,0.0,13.01,1.17,0.0
20221125:0610,0.0,0.0,11.72,1.38,0.0
20221125:0710,325.91,11.14,12.3,1.1,0.0
20221125:0810,538.57,19.7,14.62,1.03,0.0
20221125:0910,549.91,26.3,15.79,1.24,0.0
20221125:1010,798.83,30.27,16.3,1.24,0.0
20221125:1110,836.41,31.05,16.56,1.24,0.0
20221125:1210,769.98,28.52,16.87,1.24,0.0
20221125:1310,552.07,23.06,17.03,1.1,0.0
20221125:1410,99.91,15.34,17.02,1.1,0.0
20221125:1510,141.66,5.99,16.78,0.97,0.0
20221125:1610,0.0,0.0,15.98,0.97,0.0
20221125:1710,0.0,0.0,15.15,0.62,0.0
20221125:1810,0.0,0.0,15.0,0.62,0.0
20221125:1910,0.0,0.0,12.44,1.72,0.0
20221125:2010,0.0,0.0,12.12,2.14,0.0
20221125:2110,0.0,0.0,12.46,2.41,0.0
20221125:2210,0.0,0.0,13.25,2.97,0.0
20221125:2310,0.0,0.0,13.55,3.38,0.0
20221126:0010,0.0,0.0,13.82,3.79,0.0
20221126:0110,0.0,0.0,13.79,4.07,0.0
20221126:0210,0.0,0.0,13.98,4.34,0.0
20221126:0310,0.0,0.0,14.17,4.34,0.0
20221126:0410,0.0,0.0,14.32,4.41,0.0
20221126:0510,0.0,0.0,14.35,4.07,0.0
20221126:0610,0.0,0.0,13.81,3.59,0.0
20221126:0710,45.91,10.94,13.73,3.52,0.0
20221126:0810,89.02,19.5,14.04,3.31,0.0
20221126:0910,124.62,26.09,14.54,2.55,0.0
20221126:1010,196.85,30.07,14.99,2.07,0.0
20221126:1110,251.67,30.86,15.39,1.86,0.0
20221126:1210,190.55,28.36,15.61,1.45,0.0
20221126:1310,126.08,22.93,15.87,1.03,0.0
20221126:1410,99.04,15.23,15.15,2.07,0.0
20221126:1510,59.81,5.9,13.87,2.48,0.0
20221126:1610,0.0,0.0,13.36,2.28,0.0
20221126:1710,0.0,0.0,13.02,2.07,0.0
20221126:1810,0.0,0.0,12.67,2.07,0.0
20221126:1910,0.0,0.0,12.94,2.34,0.0
20221126:2010,0.0,0.0,12.97,2.07,0.0
20221126:2110,0.0,0.0,12.82,2.62,0.0
20221126:2210,0.0,0.0,12.91,3.31,0.0
20221126:2310,0.0,0.0,13.34,4.48,0.0
20221127:0010,0.0,0.0,13.37,6.55,0.0
20221127:0110,0.0,0.0,13.19,6.9,0.0
20221127:0210,0.0,0.0,13.91,7.79,0.0
20221127:0310,0.0,0.0,13.79,10.07,0.0
20221127:0410,0.0,0.0,13.43,9.24,0.0
20221127:0510,0.0,0.0,13.52,9.1,0.0
20221127:0610,0.0,0.0,13.52,9.38,0.0
20221127:0710,47.79,10.75,13.22,8.07,0.0
20221127:0810,82.46,19.3,13.64,8.14,0.0
20221127:0910,94.64,25.89,13.97,8.34,0.0
20221127:1010,50.6,29.87,13.98,8.48,0.0
20221127:1110,75.9,30.68,14.08,8.34,0.0
20221127:1210,83.39,28.2,13.98,8.0,0.0
20221127:1310,65.59,22.8,13.85,7.59,0.0
20221127:1410,133.69,15.13,13.69,6.97,0.0
20221127:1510,30.32,5.82,13.41,6.76,0.0
20221127:1610,0.0,0.0,13.17,6.48,0.0
20221127:1710,0.0,0.0,13.08,5.93,0.0
20221127:1810,0.0,0.0,13.0,5.24,0.0
20221127:1910,0.0,0.0,13.33,3.31,0.0
20221127:2010,0.0,0.0,13.1,2.97,0.0
20221127:2110,0.0,0.0,12.88,2.69,0.0
20221127:2210,0.0,0.0,12.63,2.55,0.0
20221127:2310,0.0,0.0,12.67,2.41,0.0
20221128:0010,0.0,0.0,12.55,2.41,0.0
20221128:0110,0.0,0.0,11.97,2.21,0.0
20221128:0210,0.0,0.0,11.86,2.07,0.0
20221128:0310,0.0,0.0,10.8,1.72,0.0
20221128:0410,0.0,0.0,12.02,1.1,0.0
20221128:0510,0.0,0.0,12.73,0.76,0.0
20221128:0610,0.0,0.0,12.66,0.69,0.0
20221128:0710,112.66,10.57,12.52,0.62,0.0
20221128:0810,283.16,19.1,13.1,0.69,0.0
20221128:0910,158.51,25.69,13.68,0.9,0.0
20221128:1010,56.22,29.68,14.21,1.24,0.0
20221128:1110,56.22,30.5,14.55,1.45,0.0
20221128:1210,119.0,28.05,14.78,1.79,0.0
20221128:1310,129.9,22.68,14.91,2.0,0.0
20221128:1410,88.44,15.03,14.78,2.14,0.0
20221128:1510,12.18,5.75,14.39,2.0,0.0
20221128:1610,0.0,0.0,13.97,1.86,0.0
20221128:1710,0.0,0.0,13.4,1.79,0.0
20221128:1810,0.0,0.0,12.88,1.86,0.0
20221128:1910,0.0,0.0,12.54,2.21,0.0
20221128:2010,0.0,0.0,12.3,2.07,0.0
20221128:2110,0.0,0.0,12.02,1.86,0.0
20221128:2210,0.0,0.0,11.61,2.21,0.0
20221128:2310,0.0,0.0,11.57,2.41,0.0
20221129:0010,0.0,0.0,11.73,2.62,0.0
20221129:0110,0.0,0.0,11.88,2.69,0.0
20221129:0210,0.0,0.0,12.05,2.76,0.0
20221129:0310,0.0,0.0,11.91,2.9,0.0
20221129:0410,0.0,0.0,11.94,2.76,0.0
20221129:0510,0.0,0.0,12.1,3.31,0.0
20221129:0610,0.0,0.0,12.07,3.72,0.0
20221129:0710,42.17,10.38,11.93,4.34,0.0
20221129:0810,54.35,18.91,11.84,4.76,0.0
20221129:0910,72.15,25.5,11.88,4.14,0.0
20221129:1010,50.6,29.49,12.07,3.38,0.0
20221129:1110,42.17,30.34,12.35,2.21,0.0
20221129:1210,64.65,27.91,12.21,1.03,0.0
20221129:1310,119.29,22.57,12.35,0.41,0.0
20221129:1410,23.43,14.95,12.25,1.17,0.0
20221129:1510,15.93,5.69,11.91,1.79,0.0
20221129:1610,0.0,0.0,11.46,1.93,0.0
20221129:1710,0.0,0.0,11.1,2.07,0.0
20221129:1810,0.0,0.0,10.93,2.41,0.0
20221129:1910,0.0,0.0,10.49,1.31,0.0
20221129:2010,0.0,0.0,10.46,1.38,0.0
20221129:2110,0.0,0.0,10.14,1.52,0.0
20221129:2210,0.0,0.0,10.14,1.52,0.0
20221129:2310,0.0,0.0,9.98,1.59,0.0
20221130:0010,0.0,0.0,9.81,1.59,0.0
20221130:0110,0.0,0.0,10.0,1.59,0.0
20221130:0210,0.0,0.0,10.09,1.52,0.0
20221130:0310,0.0,0.0,9.7,1.66,0.0
20221130:0410,0.0,0.0,9.72,1.93,0.0
20221130:0510,0.0,0.0,9.82,1.93,0.0
20221130:0610,0.0,0.0,9.69,1.66,0.0
20221130:0710,92.25,10.2,10.35,1.38,0.0
20221130:0810,131.86,18.73,11.87,1.59,0.0
20221130:0910,195.17,25.32,12.39,1.24,0.0
20221130:1010,335.53,29.31,13.07,0.97,0.0
20221130:1110,520.48,30.17,13.48,1.86,0.0
20221130:1210,465.38,27.77,13.66,2.62,0.0
20221130:1310,609.83,22.46,13.29,3.17,0.0
20221130:1410,133.43,14.87,12.95,3.17,0.0
20221130:1510,13.12,5.63,12.48,3.03,0.0
20221130:1610,0.0,0.0,11.86,2.69,0.0
20221130:1710,0.0,0.0,11.38,2.21,0.0
20221130:1810,0.0,0.0,11.34,1.59,0.0
20221130:1910,0.0,0.0,11.19,2.41,0.0
20221130:2010,0.0,0.0,11.03,2.69,0.0
20221130:2110,0.0,0.0,11.1,2.97,0.0
20221130:2210,0.0,0.0,11.0,3.1,0.0
20221130:2310,0.0,0.0,11.02,3.17,0.0
20221201:0010,0.0,0.0,11.21,3.17,0.0
20221201:0110,0.0,0.0,11.33,3.03,0.0
20221201:0210,0.0,0.0,11.34,2.97,0.0
20221201:0310,0.0,0.0,11.38,3.03,0.0
20221201:0410,0.0,0.0,11.3,2.76,0.0
20221201:0510,0.0,0.0,11.34,2.55,0.0
20221201:0610,0.0,0.0,10.73,2.07,0.0
20221201:0710,30.92,10.02,10.97,1.93,0.0
20221201:0810,384.3,18.55,11.98,1.93,0.0
20221201:0910,689.63,25.14,12.83,1.93,0.0
20221201:1010,113.38,29.14,13.54,2.07,0.0
20221201:1110,556.46,30.02,14.03,2.07,0.0
20221201:1210,768.12,27.64,14.38,2.07,0.0
20221201:1310,260.77,22.36,14.48,2.14,0.0
20221201:1410,418.66,14.79,14.3,2.0,0.0
20221201:1510,133.47,5.58,13.96,1.59,0.0
20221201:1610,0.0,0.0,13.3,1.24,0.0
20221201:1710,0.0,0.0,12.74,0.9,0.0
20221201:1810,0.0,0.0,13.28,0.48,0.0
20221201:1910,0.0,0.0,13.32,0.76,0.0
20221201:2010,0.0,0.0,11.74,1.24,0.0
20221201:2110,0.0,0.0,11.01,1.45,0.0
20221201:2210,0.0,0.0,10.61,1.66,0.0
20221201:2310,0.0,0.0,10.25,1.86,0.0
20221202:0010,0.0,0.0,10.0,1.93,0.0
20221202:0110,0.0,0.0,9.97,1.93,0.0
20221202:0210,0.0,0.0,9.7,1.93,0.0
20221202:0310,0.0,0.0,9.71,1.86,0.0
20221202:0410,0.0,0.0,9.81,1.72,0.0
20221202:0510,0.0,0.0,9.65,1.79,0.0
20221202:0610,0.0,0.0,9.78,2.0,0.0
20221202:0710,267.8,9.85,11.14,2.41,0.0
20221202:0810,491.95,18.37,13.5,2.48,0.0
20221202:0910,423.47,24.96,14.71,2.76,0.0
20221202:1010,161.54,28.97,15.47,3.38,0.0
20221202:1110,187.37,29.87,15.9,3.59,0.0
20221202:1210,194.23,27.52,16.11,3.79,0.0
20221202:1310,174.22,22.26,15.77,3.03,0.0
20221202:1410,79.4,14.72,15.59,2.97,0.0
20221202:1510,66.1,5.53,15.09,2.83,0.0
20221202:1610,0.0,0.0,14.72,3.03,0.0
20221202:1710,0.0,0.0,14.5,3.38,0.0
20221202:1810,0.0,0.0,14.34,3.59,0.0
20221202:1910,0.0,0.0,14.22,4.07,0.0
20221202:2010,0.0,0.0,14.19,4.07,0.0
20221202:2110,0.0,0.0,14.2,4.21,0.0
20221202:2210,0.0,0.0,14.23,4.28,0.0
20221202:2310,0.0,0.0,14.23,4.28,0.0
20221203:0010,0.0,0.0,14.15,4.07,0.0
20221203:0110,0.0,0.0,14.11,3.66,0.0
20221203:0210,0.0,0.0,14.17,3.59,0.0
20221203:0310,0.0,0.0,14.0,3.59,0.0
20221203:0410,0.0,0.0,13.99,3.59,0.0
20221203:0510,0.0,0.0,14.1,3.72,0.0
20221203:0610,0.0,0.0,14.26,3.86,0.0
20221203:0710,12.18,9.68,14.69,4.0,0.0
20221203:0810,44.98,18.2,15.42,4.0,0.0
20221203:0910,306.16,24.79,16.4,4.21,0.0
20221203:1010,218.77,28.81,17.15,4.69,0.0
20221203:1110,297.97,29.73,17.76,4.9,0.0
20221203:1210,708.66,27.4,17.86,4.83,0.0
20221203:1310,536.38,22.17,18.08,5.03,0.0
20221203:1410,295.86,14.66,18.22,6.69,0.0
20221203:1510,121.37,5.49,17.28,6.69,0.0
20221203:1610,0.0,0.0,16.7,6.14,0.0
20221203:1710,0.0,0.0,16.7,5.59,0.0
20221203:1810,0.0,0.0,16.2,4.48,0.0
20221203:1910,0.0,0.0,14.5,2.21,0.0
20221203:2010,0.0,0.0,14.87,3.31,0.0
20221203:2110,0.0,0.0,15.06,3.79,0.0
20221203:2210,0.0,0.0,15.0,3.93,0.0
20221203:2310,0.0,0.0,14.78,3.52,0.0
20221204:0010,0.0,0.0,14.22,3.03,0.0
20221204:0110,0.0,0.0,13.7,2.97,0.0
20221204:0210,0.0,0.0,13.48,3.03,0.0
20221204:0310,0.0,0.0,13.21,3.03,0.0
20221204:0410,0.0,0.0,12.9,3.03,0.0
20221204:0510,0.0,0.0,12.3,2.83,0.0
20221204:0610,0.0,0.0,11.94,2.76,0.0
20221204:0710,262.83,9.52,12.28,2.28,0.0
20221204:0810,532.4,18.03,14.37,1.86,0.0
20221204:0910,730.78,24.63,16.42,1.31,0.0
20221204:1010,810.43,28.66,17.57,0.76,0.0
20221204:1110,806.77,29.59,18.1,0.14,0.0
20221204:1210,290.2,27.3,18.21,0.76,0.0
20221204:1310,32.8,22.09,18.03,1.31,0.0
20221204:1410,310.25,14.6,17.13,1.31,0.0
20221204:1510,110.36,5.46,16.73,1.66,0.0
20221204:1610,0.0,0.0,15.95,1.79,0.0
20221204:1710,0.0,0.0,15.08,1.66,0.0
20221204:1810,0.0,0.0,14.08,1.45,0.0
20221204:1910,0.0,0.0,14.01,1.17,0.0
20221204:2010,0.0,0.0,12.56,1.59,0.0
20221204:2110,0.0,0.0,11.5,1.93,0.0
20221204:2210,0.0,0.0,11.12,2.28,0.0
20221204:2310,0.0,0.0,11.34,2.48,0.0
20221205:0010,0.0,0.0,11.33,2.76,0.0
20221205:0110,0.0,0.0,11.24,2.76,0.0
20221205:0210,0.0,0.0,11.2,2.69,0.0
20221205:0310,0.0,0.0,11.04,2.62,0.0
20221205:0410,0.0,0.0,10.85,2.69,0.0
20221205:0510,0.0,0.0,10.73,2.69,0.0
20221205:0610,0.0,0.0,10.63,2.55,0.0
20221205:0710,293.25,9.36,11.2,2.28,0.0
20221205:0810,533.71,17.87,13.39,1.86,0.0
20221205:0910,743.83,24.47,15.78,1.52,0.0
20221205:1010,834.14,28.51,16.86,1.17,0.0
20221205:1110,853.92,29.47,17.48,0.76,0.0
20221205:1210,646.65,27.19,17.75,0.21,0.0
20221205:1310,637.52,22.02,17.75,0.41,0.0
20221205:1410,446.48,14.56,17.52,1.03,0.0
20221205:1510,131.65,5.43,16.85,1.45,0.0
20221205:1610,0.0,0.0,15.7,1.66,0.0
20221205:1710,0.0,0.0,14.16,1.86,0.0
20221205:1810,0.0,0.0,12.94,2.0,0.0
20221205:1910,0.0,0.0,12.14,2.0,0.0
20221205:2010,0.0,0.0,11.59,2.14,0.0
20221205:2110,0.0,0.0,11.28,2.21,0.0
20221205:2210,0.0,0.0,11.3,2.41,0.0
20221205:2310,0.0,0.0,11.52,2.62,0.0
20221206:0010,0.0,0.0,11.73,2.69,0.0
20221206:0110,0.0,0.0,11.88,2.76,0.0
20221206:0210,0.0,0.0,11.89,2.83,0.0
20221206:0310,0.0,0.0,11.83,2.97,0.0
20221206:0410,0.0,0.0,11.79,3.03,0.0
20221206:0510,0.0,0.0,11.81,3.03,0.0
20221206:0610,0.0,0.0,11.93,3.1,0.0
20221206:0710,279.45,9.2,12.82,3.66,0.0
20221206:0810,468.06,17.72,14.1,3.45,0.0
20221206:0910,532.99,24.32,15.64,3.38,0.0
20221206:1010,113.38,28.37,16.63,3.38,0.0
20221206:1110,279.88,29.35,17.22,3.66,0.0
20221206:1210,156.0,27.1,17.38,4.21,0.0
20221206:1310,140.22,21.95,17.53,3.93,0.0
20221206:1410,66.53,14.51,17.48,3.52,0.0
20221206:1510,5.62,5.41,17.17,3.1,0.0
20221206:1610,0.0,0.0,16.56,2.62,0.0
20221206:1710,0.0,0.0,15.93,2.41,0.0
20221206:1810,0.0,0.0,15.48,2.48,0.0
20221206:1910,0.0,0.0,14.96,2.83,0.0
20221206:2010,0.0,0.0,14.42,2.34,0.0
20221206:2110,0.0,0.0,13.88,2.07,0.0
20221206:2210,0.0,0.0,13.34,2.07,0.0
20221206:2310,0.0,0.0,13.18,2.28,0.0
20221207:0010,0.0,0.0,13.2,2.55,0.0
20221207:0110,0.0,0.0,13.03,2.55,0.0
20221207:0210,0.0,0.0,12.77,2.48,0.0
20221207:0310,0.0,0.0,12.45,2.34,0.0
20221207:0410,0.0,0.0,12.14,2.28,0.0
20221207:0510,0.0,0.0,11.91,2.48,0.0
20221207:0610,0.0,0.0,11.62,2.69,0.0
20221207:0710,118.82,9.05,11.64,2.76,0.0
20221207:0810,280.89,17.56,13.25,2.41,0.0
20221207:0910,464.2,24.17,15.25,1.93,0.0
20221207:1010,557.9,28.24,16.35,2.07,0.0
20221207:1110,685.22,29.23,16.84,2.34,0.0
20221207:1210,639.82,27.01,16.89,2.48,0.0
20221207:1310,574.42,21.89,16.73,2.48,0.0
20221207:1410,383.37,14.48,16.42,2.55,0.0
20221207:1510,98.65,5.39,15.78,2.48,0.0
20221207:1610,0.0,0.0,14.95,2.41,0.0
20221207:1710,0.0,0.0,14.24,2.21,0.0
20221207:1810,0.0,0.0,13.5,1.86,0.0
20221207:1910,0.0,0.0,13.17,1.03,0.0
20221207:2010,0.0,0.0,12.01,1.38,0.0
20221207:2110,0.0,0.0,11.39,1.59,0.0
20221207:2210,0.0,0.0,11.22,1.59,0.0
20221207:2310,0.0,0.0,11.35,1.38,0.0
20221208:0010,0.0,0.0,10.59,1.52,0.0
20221208:0110,0.0,0.0,9.9,1.72,0.0
20221208:0210,0.0,0.0,9.83,1.86,0.0
20221208:0310,0.0,0.0,10.0,2.07,0.0
20221208:0410,0.0,0.0,10.23,2.34,0.0
20221208:0510,0.0,0.0,10.23,2.62,0.0
20221208:0610,0.0,0.0,10.28,2.62,0.0
20221208:0710,274.47,8.91,10.71,2.62,0.0
20221208:0810,542.42,17.42,12.62,2.28,0.0
20221208:0910,721.01,24.03,14.96,2.0,0.0
20221208:1010,818.07,28.11,16.14,1.86,0.0
20221208:1110,865.57,29.13,16.9,1.66,0.0
20221208:1210,310.2,26.93,17.27,1.66,0.0
20221208:1310,468.51,21.84,17.56,1.93,0.0
20221208:1410,427.73,14.45,17.24,0.97,0.0
20221208:1510,98.97,5.38,16.81,1.03,0.0
20221208:1610,0.0,0.0,15.92,1.59,0.0
20221208:1710,0.0,0.0,14.76,2.07,0.0
20221208:1810,0.0,0.0,14.23,2.48,0.0
20221208:1910,0.0,0.0,14.34,2.97,0.0
20221208:2010,0.0,0.0,14.28,3.31,0.0
20221208:2110,0.0,0.0,14.42,3.86,0.0
20221208:2210,0.0,0.0,14.46,4.21,0.0
20221208:2310,0.0,0.0,14.5,4.28,0.0
20221209:0010,0.0,0.0,14.63,4.48,0.0
20221209:0110,0.0,0.0,14.69,4.76,0.0
20221209:0210,0.0,0.0,14.72,4.97,0.0
20221209:0310,0.0,0.0,14.71,5.1,0.0
20221209:0410,0.0,0.0,14.73,5.17,0.0
20221209:0510,0.0,0.0,14.62,5.31,0.0
20221209:0610,0.0,0.0,14.58,5.52,0.0
20221209:0710,39.35,8.76,15.69,5.66,0.0
20221209:0810,69.34,17.28,16.52,5.93,0.0
20221209:0910,64.65,23.9,17.36,6.0,0.0
20221209:1010,84.33,27.99,18.04,6.48,0.0
20221209:1110,39.35,29.03,18.1,5.93,0.0
20221209:1210,36.54,26.86,18.34,4.9,0.0
20221209:1310,51.54,21.8,18.17,4.48,0.0
20221209:1410,17.8,14.43,18.07,4.48,0.0
20221209:1510,26.82,5.38,17.75,4.34,0.0
20221209:1610,0.0,0.0,17.1,4.07,0.0
20221209:1710,0.0,0.0,16.41,3.86,0.0
20221209:1810,0.0,0.0,15.94,3.79,0.0
20221209:1910,0.0,0.0,15.89,3.93,0.0
20221209:2010,0.0,0.0,15.78,4.14,0.0
20221209:2110,0.0,0.0,15.85,4.07,0.0
20221209:2210,0.0,0.0,15.97,4.07,0.0
20221209:2310,0.0,0.0,16.02,4.07,0.0
20221210:0010,0.0,0.0,16.05,4.07,0.0
20221210:0110,0.0,0.0,16.03,4.07,0.0
20221210:0210,0.0,0.0,16.03,4.21,0.0
20221210:0310,0.0,0.0,15.97,4.28,0.0
20221210:0410,0.0,0.0,15.94,4.48,0.0
20221210:0510,0.0,0.0,16.0,4.55,0.0
20221210:0610,0.0,0.0,16.04,4.62,0.0
20221210:0710,14.99,8.63,16.66,5.45,0.0
20221210:0810,48.72,17.14,16.86,5.03,0.0
20221210:0910,44.04,23.77,17.36,4.55,0.0
20221210:1010,73.09,27.88,17.62,4.21,0.0
20221210:1110,65.59,28.94,17.02,3.79,0.0
20221210:1210,80.58,26.8,16.82,3.38,0.0
20221210:1310,109.98,21.76,17.1,3.31,0.0
20221210:1410,104.26,14.41,16.57,4.55,0.0
20221210:1510,4.69,5.38,15.92,4.62,0.0
20221210:1610,0.0,0.0,15.39,5.38,0.0
20221210:1710,0.0,0.0,14.89,6.0,0.0
20221210:1810,0.0,0.0,14.95,6.48,0.0
20221210:1910,0.0,0.0,14.62,7.45,0.0
20221210:2010,0.0,0.0,14.24,7.17,0.0
20221210:2110,0.0,0.0,14.19,6.83,0.0
20221210:2210,0.0,0.0,13.77,6.97,0.0
20221210:2310,0.0,0.0,13.68,6.48,0.0
20221211:0010,0.0,0.0,13.18,6.34,0.0
20221211:0110,0.0,0.0,13.5,6.21,0.0
20221211:0210,0.0,0.0,13.16,6.48,0.0
20221211:0310,0.0,0.0,12.69,6.83,0.0
20221211:0410,0.0,0.0,12.54,7.1,0.0
20221211:0510,0.0,0.0,12.48,7.24,0.0
20221211:0610,0.0,0.0,12.42,6.76,0.0
20221211:0710,192.53,8.49,12.96,6.34,0.0
20221211:0810,510.1,17.02,13.38,6.48,0.0
20221211:0910,136.62,23.65,13.98,6.76,0.0
20221211:1010,525.92,27.78,14.42,7.52,0.0
20221211:1110,616.12,28.86,14.73,7.86,0.0
20221211:1210,774.24,26.74,15.01,8.34,0.0
20221211:1310,571.61,21.72,15.0,7.24,0.0
20221211:1410,247.57,14.4,14.77,6.76,0.0
20221211:1510,40.47,5.39,14.35,6.28,0.0
20221211:1610,0.0,0.0,13.93,5.59,0.0
20221211:1710,0.0,0.0,13.72,4.97,0.0
20221211:1810,0.0,0.0,13.46,4.69,0.0
20221211:1910,0.0,0.0,13.63,4.62,0.0
20221211:2010,0.0,0.0,13.74,4.48,0.0
20221211:2110,0.0,0.0,13.67,4.34,0.0
20221211:2210,0.0,0.0,13.74,4.0,0.0
20221211:2310,0.0,0.0,13.82,3.24,0.0
20221212:0010,0.0,0.0,13.67,2.21,0.0
20221212:0110,0.0,0.0,13.43,1.38,0.0
20221212:0210,0.0,0.0,13.38,0.69,0.0
20221212:0310,0.0,0.0,12.97,0.83,0.0
20221212:0410,0.0,0.0,13.06,1.45,0.0
20221212:0510,0.0,0.0,12.88,1.72,0.0
20221212:0610,0.0,0.0,12.74,1.72,0.0
20221212:0710,8.43,8.37,13.62,1.17,0.0
20221212:0810,29.05,16.89,14.19,0.48,0.0
20221212:0910,92.76,23.54,14.25,1.66,0.0
20221212:1010,74.02,27.68,13.58,3.72,0.0
20221212:1110,50.6,28.78,12.7,5.17,0.0
20221212:1210,69.34,26.69,12.54,4.21,0.0
20221212:1310,565.23,21.7,12.63,2.9,0.0
20221212:1410,372.9,14.4,12.77,2.21,0.0
20221212:1510,102.91,5.4,12.68,2.21,0.0
20221212:1610,0.0,0.0,12.37,1.93,0.0
20221212:1710,0.0,0.0,11.96,2.28,0.0
20221212:1810,0.0,0.0,11.8,2.55,0.0
20221212:1910,0.0,0.0,11.74,2.55,0.0
20221212:2010,0.0,0.0,11.23,2.21,0.0
20221212:2110,0.0,0.0,11.3,2.07,0.0
20221212:2210,0.0,0.0,11.13,2.14,0.0
20221212:2310,0.0,0.0,11.42,2.41,0.0
20221213:0010,0.0,0.0,11.87,2.83,0.0
20221213:0110,0.0,0.0,11.8,3.17,0.0
20221213:0210,0.0,0.0,11.93,3.66,0.0
20221213:0310,0.0,0.0,12.07,4.28,0.0
20221213:0410,0.0,0.0,12.46,5.03,0.0
20221213:0510,0.0,0.0,13.03,5.79,0.0
20221213:0610,0.0,0.0,13.75,6.55,0.0
20221213:0710,136.06,8.24,14.66,7.17,0.0
20221213:0810,123.46,16.78,15.55,6.83,0.0
20221213:0910,257.26,23.43,16.17,6.55,0.0
20221213:1010,139.85,27.59,16.68,6.28,0.0
20221213:1110,786.39,28.71,16.96,6.28,0.0
20221213:1210,573.27,26.65,17.41,6.62,0.0
20221213:1310,447.72,21.68,17.55,6.14,0.0
20221213:1410,320.96,14.4,17.65,5.79,0.0
20221213:1510,84.9,5.42,17.3,5.72,0.0
20221213:1610,0.0,0.0,16.81,4.62,0.0
20221213:1710,0.0,0.0,16.44,4.14,0.0
20221213:1810,0.0,0.0,16.33,3.86,0.0
20221213:1910,0.0,0.0,16.36,3.45,0.0
20221213:2010,0.0,0.0,16.24,3.31,0.0
20221213:2110,0.0,0.0,16.14,3.17,0.0
20221213:2210,0.0,0.0,16.02,2.97,0.0
20221213:2310,0.0,0.0,15.85,2.76,0.0
20221214:0010,0.0,0.0,15.83,2.76,0.0
20221214:0110,0.0,0.0,15.86,2.9,0.0
20221214:0210,0.0,0.0,16.12,3.31,0.0
20221214:0310,0.0,0.0,16.15,3.79,0.0
20221214:0410,0.0,0.0,16.02,4.0,0.0
20221214:0510,0.0,0.0,16.09,4.14,0.0
20221214:0610,0.0,0.0,16.22,4.21,0.0
20221214:0710,139.94,8.13,16.44,4.76,0.0
20221214:0810,139.07,16.66,16.88,5.31,0.0
20221214:0910,576.64,23.33,17.82,5.52,0.0
20221214:1010,618.53,27.5,18.62,5.93,0.0
20221214:1110,327.25,28.65,19.32,6.07,0.0
20221214:1210,635.98,26.61,19.62,6.21,0.0
20221214:1310,202.14,21.67,19.74,5.93,0.0
20221214:1410,90.52,14.41,19.83,5.72,0.0
20221214:1510,137.39,5.45,19.49,6.83,0.0
20221214:1610,0.0,0.0,18.79,7.24,0.0
20221214:1710,0.0,0.0,18.07,7.59,0.0
20221214:1810,0.0,0.0,17.37,7.45,0.0
20221214:1910,0.0,0.0,17.48,7.24,0.0
20221214:2010,0.0,0.0,16.95,6.97,0.0
20221214:2110,0.0,0.0,16.52,6.21,0.0
20221214:2210,0.0,0.0,16.04,5.1,0.0
20221214:2310,0.0,0.0,15.6,4.21,0.0
20221215:0010,0.0,0.0,15.07,3.59,0.0
20221215:0110,0.0,0.0,14.64,3.38,0.0
20221215:0210,0.0,0.0,14.3,3.17,0.0
20221215:0310,0.0,0.0,14.12,2.97,0.0
20221215:0410,0.0,0.0,14.06,2.69,0.0
20221215:0510,0.0,0.0,14.14,2.62,0.0
20221215:0610,0.0,0.0,13.94,2.21,0.0
20221215:0710,8.43,8.01,14.3,2.9,0.0
20221215:0810,111.62,16.56,15.71,3.03,0.0
20221215:0910,558.66,23.24,17.89,2.83,0.0
20221215:1010,642.62,27.43,19.68,2.69,0.0
20221215:1110,673.04,28.6,20.65,2.76,0.0
20221215:1210,749.72,26.58,21.24,3.1,0.0
20221215:1310,637.59,21.67,21.47,3.38,0.0
20221215:1410,359.16,14.43,21.3,3.72,0.0
20221215:1510,36.98,5.48,20.57,4.34,0.0
20221215:1610,0.0,0.0,19.35,4.83,0.0
20221215:1710,0.0,0.0,18.36,5.31,0.0
20221215:1810,0.0,0.0,17.82,5.59,0.0
20221215:1910,0.0,0.0,18.24,5.79,0.0
20221215:2010,0.0,0.0,18.43,6.14,0.0
20221215:2110,0.0,0.0,18.6,6.34,0.0
20221215:2210,0.0,0.0,18.68,6.69,0.0
20221215:2310,0.0,0.0,18.83,6.62,0.0
20221216:0010,0.0,0.0,19.03,6.41,0.0
20221216:0110,0.0,0.0,19.02,6.14,0.0
20221216:0210,0.0,0.0,19.0,5.79,0.0
20221216:0310,0.0,0.0,18.67,4.83,0.0
20221216:0410,0.0,0.0,17.89,3.31,0.0
20221216:0510,0.0,0.0,16.63,1.86,0.0
20221216:0610,0.0,0.0,16.25,1.03,0.0
20221216:0710,135.67,7.91,15.31,2.28,0.0
20221216:0810,286.43,16.46,16.74,2.14,0.0
20221216:0910,520.0,23.15,18.61,1.93,0.0
20221216:1010,750.37,27.36,20.15,1.72,0.0
20221216:1110,710.14,28.55,20.91,1.38,0.0
20221216:1210,696.57,26.56,21.47,1.03,0.0
20221216:1310,377.61,21.67,21.45,1.24,0.0
20221216:1410,170.57,14.45,20.51,2.34,0.0
20221216:1510,47.79,5.52,18.91,3.24,0.0
20221216:1610,0.0,0.0,17.08,3.93,0.0
20221216:1710,0.0,0.0,15.88,4.07,0.0
20221216:1810,0.0,0.0,15.4,3.79,0.0
20221216:1910,0.0,0.0,15.29,4.0,0.0
20221216:2010,0.0,0.0,14.66,3.52,0.0
20221216:2110,0.0,0.0,14.36,2.48,0.0
20221216:2210,0.0,0.0,14.04,1.66,0.0
20221216:2310,0.0,0.0,13.4,1.72,0.0
20221217:0010,0.0,0.0,12.72,1.93,0.0
20221217:0110,0.0,0.0,12.32,2.0,0.0
20221217:0210,0.0,0.0,12.03,2.07,0.0
20221217:0310,0.0,0.0,11.89,2.14,0.0
20221217:0410,0.0,0.0,11.51,2.21,0.0
20221217:0510,0.0,0.0,11.33,2.28,0.0
20221217:0610,0.0,0.0,11.22,2.41,0.0
20221217:0710,164.04,7.8,11.62,2.34,0.0
20221217:0810,464.52,16.36,13.58,2.14,0.0
20221217:0910,562.09,23.07,15.28,2.21,0.0
20221217:1010,807.27,27.3,16.12,2.34,0.0
20221217:1110,775.63,28.51,16.7,2.83,0.0
20221217:1210,568.73,26.55,16.84,2.97,0.0
20221217:1310,542.47,21.68,16.68,2.76,0.0
20221217:1410,241.01,14.48,16.36,2.48,0.0
20221217:1510,64.17,5.56,15.88,1.93,0.0
20221217:1610,0.0,0.0,15.13,1.38,0.0
20221217:1710,0.0,0.0,14.17,0.97,0.0
20221217:1810,0.0,0.0,13.92,0.76,0.0
20221217:1910,0.0,0.0,13.78,0.9,0.0
20221217:2010,0.0,0.0,13.69,0.9,0.0
20221217:2110,0.0,0.0,13.39,0.97,0.0
20221217:2210,0.0,0.0,13.1,1.03,0.0
20221217:2310,0.0,0.0,12.78,1.1,0.0
20221218:0010,0.0,0.0,12.37,1.17,0.0
20221218:0110,0.0,0.0,12.32,1.1,0.0
20221218:0210,0.0,0.0,13.07,0.9,0.0
20221218:0310,0.0,0.0,13.1,0.9,0.0
20221218:0410,0.0,0.0,12.52,0.97,0.0
20221218:0510,0.0,0.0,12.24,1.03,0.0
20221218:0610,0.0,0.0,11.65,1.1,0.0
20221218:0710,249.52,7.71,12.2,1.03,0.0
20221218:0810,515.15,16.28,12.42,0.83,0.0
20221218:0910,710.94,23.0,14.39,0.48,0.0
20221218:1010,821.95,27.24,15.03,1.1,0.0
20221218:1110,850.31,28.48,15.46,1.72,0.0
20221218:1210,800.54,26.54,15.55,2.0,0.0
20221218:1310,648.58,21.7,15.46,1.86,0.0
20221218:1410,457.79,14.52,15.26,1.59,0.0
20221218:1510,169.64,5.61,14.86,1.31,0.0
20221218:1610,0.0,0.0,14.27,1.17,0.0
20221218:1710,0.0,0.0,13.16,1.17,0.0
20221218:1810,0.0,0.0,12.55,1.17,0.0
20221218:1910,0.0,0.0,13.24,0.76,0.0
20221218:2010,0.0,0.0,13.07,0.97,0.0
20221218:2110,0.0,0.0,13.12,0.97,0.0
20221218:2210,0.0,0.0,12.98,0.76,0.0
20221218:2310,0.0,0.0,12.78,0.69,0.0
20221219:0010,0.0,0.0,12.43,0.76,0.0
20221219:0110,0.0,0.0,12.15,0.76,0.0
20221219:0210,0.0,0.0,12.19,0.69,0.0
20221219:0310,0.0,0.0,12.17,0.76,0.0
20221219:0410,0.0,0.0,12.05,0.76,0.0
20221219:0510,0.0,0.0,11.51,0.97,0.0
20221219:0610,0.0,0.0,10.52,1.31,0.0
20221219:0710,234.63,7.62,10.42,1.38,0.0
20221219:0810,519.17,16.2,11.96,1.31,0.0
20221219:0910,710.08,22.93,13.48,0.76,0.0
20221219:1010,825.73,27.19,14.55,0.9,0.0
20221219:1110,834.91,28.46,15.09,1.66,0.0
20221219:1210,798.76,26.55,15.24,2.14,0.0
20221219:1310,690.06,21.72,15.14,2.48,0.0
20221219:1410,421.1,14.56,14.86,2.69,0.0
20221219:1510,48.53,5.67,14.31,2.28,0.0
20221219:1610,0.0,0.0,13.63,1.72,0.0
20221219:1710,0.0,0.0,12.75,1.24,0.0
20221219:1810,0.0,0.0,12.44,0.97,0.0
20221219:1910,0.0,0.0,11.83,1.17,0.0
20221219:2010,0.0,0.0,11.61,1.24,0.0
20221219:2110,0.0,0.0,11.91,1.17,0.0
20221219:2210,0.0,0.0,12.58,1.03,0.0
20221219:2310,0.0,0.0,12.51,0.9,0.0
20221220:0010,0.0,0.0,12.18,0.83,0.0
20221220:0110,0.0,0.0,11.89,0.83,0.0
20221220:0210,0.0,0.0,11.55,0.9,0.0
20221220:0310,0.0,0.0,11.16,0.97,0.0
20221220:0410,0.0,0.0,10.19,1.03,0.0
20221220:0510,0.0,0.0,9.78,1.1,0.0
20221220:0610,0.0,0.0,9.77,1.1,0.0
20221220:0710,251.99,7.53,9.67,1.17,0.0
20221220:0810,525.02,16.12,11.35,1.17,0.0
20221220:0910,701.82,22.87,12.07,1.1,0.0
20221220:1010,830.89,27.15,12.9,1.1,0.0
20221220:1110,846.73,28.45,13.44,1.31,0.0
20221220:1210,792.71,26.56,13.84,1.31,0.0
20221220:1310,689.87,21.76,14.05,1.45,0.0
20221220:1410,466.06,14.61,14.03,1.52,0.0
20221220:1510,187.08,5.73,13.66,1.72,0.0
20221220:1610,0.0,0.0,12.96,1.72,0.0
20221220:1710,0.0,0.0,11.84,1.52,0.0
20221220:1810,0.0,0.0,10.92,1.31,0.0
20221220:1910,0.0,0.0,10.44,1.52,0.0
20221220:2010,0.0,0.0,10.83,1.31,0.0
20221220:2110,0.0,0.0,10.59,1.31,0.0
20221220:2210,0.0,0.0,10.58,1.24,0.0
20221220:2310,0.0,0.0,10.74,1.17,0.0
20221221:0010,0.0,0.0,10.64,1.17,0.0
20221221:0110,0.0,0.0,10.4,1.24,0.0
20221221:0210,0.0,0.0,10.4,1.17,0.0
20221221:0310,0.0,0.0,9.86,1.17,0.0
20221221:0410,0.0,0.0,8.99,1.31,0.0
20221221:0510,0.0,0.0,8.76,1.31,0.0
20221221:0610,0.0,0.0,8.28,1.38,0.0
20221221:0710,252.19,7.45,8.04,1.31,0.0
20221221:0810,524.6,16.05,10.36,1.1,0.0
20221221:0910,696.66,22.82,12.1,0.9,0.0
20221221:1010,825.27,27.12,12.95,0.9,0.0
20221221:1110,849.9,28.44,13.44,0.97,0.0
20221221:1210,790.09,26.57,13.77,0.83,0.0
20221221:1310,661.71,21.79,13.91,0.83,0.0
20221221:1410,468.85,14.66,13.93,0.83,0.0
20221221:1510,185.59,5.8,13.57,0.97,0.0
20221221:1610,0.0,0.0,12.78,1.03,0.0
20221221:1710,0.0,0.0,12.34,0.69,0.0
20221221:1810,0.0,0.0,12.41,0.34,0.0
20221221:1910,0.0,0.0,12.81,0.21,0.0
20221221:2010,0.0,0.0,12.67,0.55,0.0
20221221:2110,0.0,0.0,12.47,0.76,0.0
20221221:2210,0.0,0.0,11.8,0.97,0.0
20221221:2310,0.0,0.0,11.47,1.1,0.0
20221222:0010,0.0,0.0,11.39,1.17,0.0
20221222:0110,0.0,0.0,10.77,1.17,0.0
20221222:0210,0.0,0.0,9.74,1.45,0.0
20221222:0310,0.0,0.0,9.13,1.79,0.0
20221222:0410,0.0,0.0,9.21,2.07,0.0
20221222:0510,0.0,0.0,9.55,2.28,0.0
20221222:0610,0.0,0.0,9.92,2.34,0.0
20221222:0710,230.83,7.38,10.03,1.72,0.0
20221222:0810,495.82,15.99,12.25,1.66,0.0
20221222:0910,674.73,22.77,14.06,1.52,0.0
20221222:1010,790.75,27.1,14.82,0.97,0.0
20221222:1110,569.93,28.44,15.6,1.31,0.0
20221222:1210,741.18,26.6,16.0,2.07,0.0
20221222:1310,435.86,21.84,15.9,1.93,0.0
20221222:1410,120.1,14.73,15.67,1.79,0.0
20221222:1510,95.05,5.87,15.26,1.79,0.0
20221222:1610,0.0,0.0,14.59,1.93,0.0
20221222:1710,0.0,0.0,13.79,1.79,0.0
20221222:1810,0.0,0.0,13.32,2.34,0.0
20221222:1910,0.0,0.0,13.03,2.48,0.0
20221222:2010,0.0,0.0,13.02,2.97,0.0
20221222:2110,0.0,0.0,12.42,2.62,0.0
20221222:2210,0.0,0.0,12.04,2.34,0.0
20221222:2310,0.0,0.0,11.53,2.41,0.0
20221223:0010,0.0,0.0,11.24,2.69,0.0
20221223:0110,0.0,0.0,11.44,2.83,0.0
20221223:0210,0.0,0.0,11.8,2.9,0.0
20221223:0310,0.0,0.0,12.06,3.17,0.0
20221223:0410,0.0,0.0,12.37,3.24,0.0
20221223:0510,0.0,0.0,12.45,3.24,0.0
20221223:0610,0.0,0.0,12.4,3.1,0.0
20221223:0710,199.22,7.31,12.92,3.1,0.0
20221223:0810,292.8,15.93,13.77,3.17,0.0
20221223:0910,599.41,22.73,14.93,3.66,0.0
20221223:1010,205.44,27.08,15.75,4.21,0.0
20221223:1110,278.21,28.45,16.32,4.62,0.0
20221223:1210,160.13,26.63,16.28,3.59,0.0
20221223:1310,93.7,21.89,16.51,3.31,0.0
20221223:1410,61.84,14.79,16.4,3.66,0.0
20221223:1510,15.93,5.95,15.88,3.45,0.0
20221223:1610,0.0,0.0,15.39,3.03,0.0
20221223:1710,0.0,0.0,15.21,2.9,0.0
20221223:1810,0.0,0.0,14.9,2.62,0.0
20221223:1910,0.0,0.0,14.34,2.0,0.0
20221223:2010,0.0,0.0,14.06,2.21,0.0
20221223:2110,0.0,0.0,13.8,2.41,0.0
20221223:2210,0.0,0.0,13.66,2.62,0.0
20221223:2310,0.0,0.0,13.61,2.76,0.0
20221224:0010,0.0,0.0,13.46,2.9,0.0
20221224:0110,0.0,0.0,13.46,2.9,0.0
20221224:0210,0.0,0.0,13.46,2.97,0.0
20221224:0310,0.0,0.0,13.34,3.03,0.0
20221224:0410,0.0,0.0,13.35,3.03,0.0
20221224:0510,0.0,0.0,13.28,3.03,0.0
20221224:0610,0.0,0.0,13.29,2.97,0.0
20221224:0710,83.5,7.24,13.77,2.28,0.0
20221224:0810,414.83,15.88,14.51,2.28,0.0
20221224:0910,296.56,22.7,15.9,2.76,0.0
20221224:1010,744.54,27.07,16.72,2.55,0.0
20221224:1110,627.25,28.46,17.28,2.0,0.0
20221224:1210,635.2,26.67,17.84,2.0,0.0
20221224:1310,370.49,21.95,18.05,1.86,0.0
20221224:1410,152.4,14.87,17.81,1.79,0.0
20221224:1510,136.88,6.04,17.17,1.31,0.0
20221224:1610,0.0,0.0,16.31,0.97,0.0
20221224:1710,0.0,0.0,15.16,1.1,0.0
20221224:1810,0.0,0.0,13.99,1.38,0.0
20221224:1910,0.0,0.0,13.5,1.24,0.0
20221224:2010,0.0,0.0,12.74,1.45,0.0
20221224:2110,0.0,0.0,12.34,1.52,0.0
20221224:2210,0.0,0.0,11.83,1.59,0.0
20221224:2310,0.0,0.0,11.64,1.59,0.0
20221225:0010,0.0,0.0,11.58,1.59,0.0
20221225:0110,0.0,0.0,12.19,1.45,0.0
20221225:0210,0.0,0.0,13.23,1.24,0.0
20221225:0310,0.0,0.0,13.59,1.24,0.0
20221225:0410,0.0,0.0,13.42,1.31,0.0
20221225:0510,0.0,0.0,12.64,1.52,0.0
20221225:0610,0.0,0.0,12.28,1.59,0.0
20221225:0710,250.66,7.19,12.6,1.45,0.0
20221225:0810,518.39,15.84,14.06,1.03,0.0
20221225:0910,702.89,22.67,16.95,0.55,0.0
20221225:1010,836.12,27.07,18.28,0.21,0.0
20221225:1110,856.56,28.48,18.75,0.83,0.0
20221225:1210,805.14,26.72,18.77,1.17,0.0
20221225:1310,667.49,22.02,18.57,1.38,0.0
20221225:1410,468.96,14.95,18.14,1.45,0.0
20221225:1510,203.27,6.13,17.53,1.24,0.0
20221225:1610,0.0,0.0,16.64,1.03,0.0
20221225:1710,0.0,0.0,15.05,1.17,0.0
20221225:1810,0.0,0.0,14.09,1.45,0.0
20221225:1910,0.0,0.0,13.53,1.52,0.0
20221225:2010,0.0,0.0,12.96,1.59,0.0
20221225:2110,0.0,0.0,12.19,1.72,0.0
20221225:2210,0.0,0.0,11.48,1.93,0.0
20221225:2310,0.0,0.0,11.04,2.0,0.0
20221226:0010,0.0,0.0,10.66,2.14,0.0
20221226:0110,0.0,0.0,10.5,2.21,0.0
20221226:0210,0.0,0.0,10.35,2.34,0.0
20221226:0310,0.0,0.0,10.36,2.48,0.0
20221226:0410,0.0,0.0,10.32,2.48,0.0
20221226:0510,0.0,0.0,10.19,2.41,0.0
20221226:0610,0.0,0.0,10.17,2.28,0.0
20221226:0710,260.77,7.13,9.73,2.28,0.0
20221226:0810,522.3,15.8,12.26,1.93,0.0
20221226:0910,715.05,22.66,15.03,1.52,0.0
20221226:1010,836.83,27.07,16.91,1.03,0.0
20221226:1110,851.59,28.52,18.37,0.62,0.0
20221226:1210,830.33,26.77,19.19,0.21,0.0
20221226:1310,691.0,22.09,19.47,0.41,0.0
20221226:1410,471.55,15.04,19.19,0.9,0.0
20221226:1510,209.46,6.22,18.42,0.97,0.0
20221226:1610,0.0,0.0,16.95,0.76,0.0
20221226:1710,0.0,0.0,15.97,1.03,0.0
20221226:1810,0.0,0.0,14.14,1.52,0.0
20221226:1910,0.0,0.0,12.79,1.79,0.0
20221226:2010,0.0,0.0,11.67,2.07,0.0
20221226:2110,0.0,0.0,11.38,2.28,0.0
20221226:2210,0.0,0.0,11.18,2.34,0.0
20221226:2310,0.0,0.0,11.09,2.28,0.0
20221227:0010,0.0,0.0,10.99,2.21,0.0
20221227:0110,0.0,0.0,10.76,2.21,0.0
20221227:0210,0.0,0.0,10.41,2.34,0.0
20221227:0310,0.0,0.0,10.29,2.34,0.0
20221227:0410,0.0,0.0,10.27,2.28,0.0
20221227:0510,0.0,0.0,10.31,2.14,0.0
20221227:0610,0.0,0.0,10.41,2.0,0.0
20221227:0710,244.25,7.09,10.76,1.79,0.0
20221227:0810,521.54,15.77,12.3,1.93,0.0
20221227:0910,692.11,22.65,16.37,1.93,0.0
20221227:1010,790.39,27.09,18.22,1.59,0.0
20221227:1110,870.51,28.55,19.2,1.31,0.0
20221227:1210,813.93,26.83,19.51,1.45,0.0
20221227:1310,682.99,22.17,19.37,1.24,0.0
20221227:1410,474.95,15.13,18.98,0.9,0.0
20221227:1510,208.65,6.32,18.15,0.41,0.0
20221227:1610,0.0,0.0,17.0,0.0,0.0
20221227:1710,0.0,0.0,16.39,0.62,0.0
20221227:1810,0.0,0.0,14.74,1.17,0.0
20221227:1910,0.0,0.0,14.01,1.38,0.0
20221227:2010,0.0,0.0,13.25,1.45,0.0
20221227:2110,0.0,0.0,12.33,1.66,0.0
20221227:2210,0.0,0.0,11.39,1.79,0.0
20221227:2310,0.0,0.0,11.02,1.79,0.0
20221228:0010,0.0,0.0,11.16,1.66,0.0
20221228:0110,0.0,0.0,11.71,1.52,0.0
20221228:0210,0.0,0.0,12.98,1.24,0.0
20221228:0310,0.0,0.0,13.2,0.9,0.0
20221228:0410,0.0,0.0,13.17,0.69,0.0
20221228:0510,0.0,0.0,13.07,0.69,0.0
20221228:0610,0.0,0.0,12.94,0.9,0.0
20221228:0710,240.74,7.05,12.64,0.83,0.0
20221228:0810,518.98,15.75,12.23,0.97,0.0
20221228:0910,706.04,22.64,14.39,0.97,0.0
20221228:1010,834.71,27.11,15.51,0.48,0.0
20221228:1110,863.35,28.6,16.19,0.62,0.0
20221228:1210,831.26,26.9,16.54,0.76,0.0
20221228:1310,683.1,22.26,16.61,0.97,0.0
20221228:1410,484.17,15.23,16.39,1.24,0.0
20221228:1510,214.36,6.43,15.81,1.31,0.0
20221228:1610,0.0,0.0,14.93,1.38,0.0
20221228:1710,0.0,0.0,13.37,1.24,0.0
20221228:1810,0.0,0.0,12.77,1.17,0.0
20221228:1910,0.0,0.0,11.83,1.38,0.0
20221228:2010,0.0,0.0,11.34,1.52,0.0
20221228:2110,0.0,0.0,10.99,1.66,0.0
20221228:2210,0.0,0.0,10.7,1.79,0.0
20221228:2310,0.0,0.0,10.46,1.79,0.0
20221229:0010,0.0,0.0,10.25,1.79,0.0
20221229:0110,0.0,0.0,9.49,1.79,0.0
20221229:0210,0.0,0.0,8.87,1.93,0.0
20221229:0310,0.0,0.0,8.44,2.0,0.0
20221229:0410,0.0,0.0,8.3,2.07,0.0
20221229:0510,0.0,0.0,8.31,2.21,0.0
20221229:0610,0.0,0.0,8.33,2.34,0.0
20221229:0710,248.01,7.01,8.94,2.34,0.0
20221229:0810,517.87,15.73,11.39,2.07,0.0
20221229:0910,721.13,22.65,14.5,1.93,0.0
20221229:1010,769.57,27.14,15.95,1.66,0.0
20221229:1110,734.26,28.65,16.87,1.24,0.0
20221229:1210,742.26,26.98,17.41,0.83,0.0
20221229:1310,666.49,22.35,17.6,0.9,0.0
20221229:1410,478.37,15.33,17.42,1.38,0.0
20221229:1510,202.6,6.54,16.71,1.66,0.0
20221229:1610,0.0,0.0,15.59,1.72,0.0
20221229:1710,0.0,0.0,13.86,1.72,0.0
20221229:1810,0.0,0.0,12.51,2.0,0.0
20221229:1910,0.0,0.0,12.05,2.41,0.0
20221229:2010,0.0,0.0,11.66,2.55,0.0
20221229:2110,0.0,0.0,11.32,2.69,0.0
20221229:2210,0.0,0.0,11.09,2.76,0.0
20221229:2310,0.0,0.0,10.93,2.76,0.0
20221230:0010,0.0,0.0,10.73,2.76,0.0
20221230:0110,0.0,0.0,10.55,2.76,0.0
20221230:0210,0.0,0.0,10.52,2.83,0.0
20221230:0310,0.0,0.0,10.62,2.9,0.0
20221230:0410,0.0,0.0,10.48,2.9,0.0
20221230:0510,0.0,0.0,10.39,2.83,0.0
20221230:0610,0.0,0.0,10.21,2.62,0.0
20221230:0710,215.09,6.99,10.56,2.76,0.0
20221230:0810,505.21,15.72,12.61,2.55,0.0
20221230:0910,690.61,22.66,14.94,2.48,0.0
20221230:1010,819.8,27.17,16.34,2.34,0.0
20221230:1110,826.2,28.71,17.14,2.21,0.0
20221230:1210,350.24,27.06,17.57,2.0,0.0
20221230:1310,647.75,22.45,17.64,2.07,0.0
20221230:1410,478.79,15.44,17.21,2.28,0.0
20221230:1510,232.88,6.66,16.48,1.72,0.0
20221230:1610,0.0,0.0,15.53,0.97,0.0
20221230:1710,0.0,0.0,14.17,1.1,0.0
20221230:1810,0.0,0.0,12.48,1.52,0.0
20221230:1910,0.0,0.0,11.5,1.72,0.0
20221230:2010,0.0,0.0,10.93,1.86,0.0
20221230:2110,0.0,0.0,10.52,2.07,0.0
20221230:2210,0.0,0.0,10.08,2.14,0.0
20221230:2310,0.0,0.0,9.82,2.21,0.0
20221231:0010,0.0,0.0,9.88,2.34,0.0
20221231:0110,0.0,0.0,10.16,2.41,0.0
20221231:0210,0.0,0.0,10.06,2.55,0.0
20221231:0310,0.0,0.0,9.73,2.69,0.0
20221231:0410,0.0,0.0,9.55,2.76,0.0
20221231:0510,0.0,0.0,9.78,2.55,0.0
20221231:0610,0.0,0.0,9.97,2.34,0.0
20221231:0710,246.8,6.97,9.53,2.14,0.0
20221231:0810,492.81,15.72,11.71,1.66,0.0
20221231:0910,673.09,22.67,14.71,1.38,0.0
20221231:1010,801.44,27.21,15.66,1.1,0.0
20221231:1110,830.21,28.78,16.27,1.1,0.0
20221231:1210,808.1,27.15,16.58,1.38,0.0
20221231:1310,653.0,22.56,16.51,1.45,0.0
20221231:1410,432.66,15.56,16.24,1.38,0.0
20221231:1510,206.83,6.78,15.71,1.1,0.0
20221231:1610,0.0,0.0,14.88,0.9,0.0
20221231:1710,0.0,0.0,13.98,0.76,0.0
20221231:1810,0.0,0.0,13.33,1.1,0.0
20221231:1910,0.0,0.0,13.48,1.1,0.0
20221231:2010,0.0,0.0,13.79,1.03,0.0
20221231:2110,0.0,0.0,13.55,0.97,0.0
20221231:2210,0.0,0.0,12.75,1.17,0.0
20221231:2310,0.0,0.0,11.57,1.38,0.0

G(i): Global irradiance on the inclined plane (plane of the array) (W/m2)
H_sun: Sun height (degree)
T2m: 2-m air temperature (degree Celsius)
WS10m: 10-m total wind speed (m/s)
Int: 1 means solar radiation values are reconstructed



PVGIS (c) European Union, 2001-2025