Hour,Global,Diffuse,Amb_Temperature
0,0,0,10.85
1,0,0,11.33
2,0,0,11.21
3,0,0,10.42
4,0,0,10.13
5,0,0,10.01
6,0,0,9.97
7,57.52,42.44,9.56
8,91.54,85.49,11.19
9,151.2,138.91,11.87
10,214.09,186.67,12.68
11,169.11,162.69,13.24
12,128.37,126.23,13.1
13,121.22,117.28,13.1
14,62.78,61.73,12.82
15,33.83,29.96,12.41
16,0,0,11.8
17,0,0,11.54
18,0,0,10.91
19,0,0,10.33
20,0,0,10.18
21,0,0,10.07
22,0,0,9.86
23,0,0,10.12
24,0,0,10.16
25,0,0,10.1
26,0,0,10.14
27,0,0,10.05
28,0,0,10.16
29,0,0,9.89
30,0,0,9.78
31,82.26,49.16,9.91
32,139.81,110.39,10.75
33,183.73,157.27,11.53
34,136.8,134.52,12.09
35,178.72,170.36,12.76
36,171.55,161.44,13.22
37,268.78,186.21,13.45
38,91.3,85.44,13.2
39,50.16,39.56,12.52
40,0,0,11.67
41,0,0,11.04
42,0,0,10.28
43,0,0,9.87
44,0,0,9.76
45,0,0,9.69
46,0,0,9.63
47,0,0,9.42
48,0,0,9.4
49,0,0,9.22
50,0,0,9.35
51,0,0,9.23
52,0,0,9.15
53,0,0,8.65
54,0,0,8.83
55,87.62,50.98,8.87
56,337.05,142.19,9.57
57,668.92,151.2,10.31
58,760.68,180.73,11.23
59,895.84,124.45,12.17
60,824.82,135.64,12.74
61,700,125.26,12.76
62,472.27,114.91,12.73
63,241.19,60.6,12.48
64,0,0,12.03
65,0,0,11.07
66,0,0,11.4
67,0,0,11.1
68,0,0,10.96
69,0,0,8.48
70,0,0,8.41
71,0,0,9.15
72,0,0,8.79
73,0,0,8.96
74,0,0,9.03
75,0,0,8.19
76,0,0,8.38
77,0,0,8.59
78,0,0,8.33
79,223.54,65.38,8.78
80,495.8,116.27,10.25
81,675.47,148.96,11.89
82,782.08,168.12,13.29
83,896.17,122.8,14.51
84,819.77,137.79,15.43
85,690.53,131.11,15.82
86,491.27,109.64,15.81
87,261.84,58.07,15.27
88,0,0,14.19
89,0,0,12.79
90,0,0,11.82
91,0,0,11.46
92,0,0,11.06
93,0,0,10.73
94,0,0,10.43
95,0,0,10.27
96,0,0,10.15
97,0,0,10.04
98,0,0,9.95
99,0,0,9.9
100,0,0,9.92
101,0,0,10.01
102,0,0,10.13
103,253.49,63.86,10.33
104,505.73,115.79,11.89
105,687.63,148.52,14.27
106,819.16,154.76,15.95
107,918.52,117.93,16.76
108,829.38,143.64,17.18
109,671.83,150.66,17.19
110,505.28,110.54,16.79
111,268.53,61.34,16.11
112,0,0,14.9
113,0,0,13.77
114,0,0,12.92
115,0,0,12.5
116,0,0,12.09
117,0,0,11.73
118,0,0,11.37
119,0,0,10.96
120,0,0,10.68
121,0,0,10.36
122,0,0,10.18
123,0,0,9.97
124,0,0,9.84
125,0,0,9.8
126,0,0,9.83
127,42.96,35.28,9.94
128,135.72,108.87,10.85
129,427.26,203.72,11.69
130,495.42,243.88,12.27
131,176.77,168.49,12.73
132,155.96,149.77,12.62
133,192.79,163.26,12.36
134,58.09,57.13,11.66
135,123.05,59.61,11.32
136,0,0,10.86
137,0,0,10.38
138,0,0,9.67
139,0,0,9.08
140,0,0,9.21
141,0,0,9.3
142,0,0,8.58
143,0,0,7.99
144,0,0,7.52
145,0,0,7.38
146,0,0,7.71
147,0,0,7.83
148,0,0,7.91
149,0,0,8.07
150,0,0,8.16
151,51.96,40.7,8.63
152,188.18,124.91,9.53
153,151.01,138.85,10.02
154,161.64,155.33,10.36
155,80.58,79.24,10.64
156,103.07,101.35,10.46
157,125.85,121.88,10.44
158,43.1,42.38,10.33
159,15.93,15.66,10.18
160,0,0,10.1
161,0,0,10.01
162,0,0,9.98
163,0,0,9.74
164,0,0,9.69
165,0,0,9.79
166,0,0,9.6
167,0,0,9.25
168,0,0,9.06
169,0,0,8.94
170,0,0,8.88
171,0,0,8.5
172,0,0,8.08
173,0,0,8.22
174,0,0,8.3
175,58.04,43.3,8.27
176,141.11,112.12,8.94
177,74.02,72.79,9.75
178,43.1,42.38,10.4
179,210,190.59,10.72
180,166.46,158.34,10.4
181,108.69,106.88,10.54
182,505.36,109.04,10.35
183,134.65,63.92,10.15
184,0,0,9.63
185,0,0,9.32
186,0,0,9.16
187,0,0,9.16
188,0,0,9.12
189,0,0,9.23
190,0,0,9.28
191,0,0,9.28
192,0,0,9.2
193,0,0,9.03
194,0,0,8.79
195,0,0,8.6
196,0,0,8.59
197,0,0,8.84
198,0,0,9.01
199,157.89,62.93,9.15
200,493.44,117.81,9.93
201,287.3,192.5,10.4
202,391.05,242.29,10.77
203,81.52,80.16,11.65
204,365.27,240.17,12.31
205,56.22,55.28,12.34
206,193.96,132.47,12.23
207,285.85,63.82,12.18
208,0,0,11.07
209,0,0,9.69
210,0,0,9.25
211,0,0,10.58
212,0,0,10.22
213,0,0,9.85
214,0,0,8.98
215,0,0,8.35
216,0,0,7.28
217,0,0,7.37
218,0,0,7.55
219,0,0,7.61
220,0,0,7.32
221,0,0,7.37
222,0,0,7.13
223,16.87,16.58,6.58
224,65.59,64.5,6.81
225,135.65,129.57,6.99
226,198.83,181.15,7.54
227,85.27,83.85,8.12
228,89.02,87.53,8.2
229,58.09,57.13,8.29
230,22.49,22.11,8.45
231,243.77,69.2,8.35
232,0,0,7.9
233,0,0,7.69
234,0,0,7.59
235,0,0,8.1
236,0,0,8.23
237,0,0,8.21
238,0,0,8.11
239,0,0,7.89
240,0,0,7.4
241,0,0,7.09
242,0,0,7.27
243,0,0,7.99
244,0,0,8.1
245,0,0,8.11
246,0,0,8.39
247,90.7,52.14,9.03
248,350.63,143.12,9.29
249,152.73,140.66,9.54
250,71.21,70.02,9.64
251,93.7,92.14,9.77
252,169.21,161.09,10.02
253,137.34,131.36,10.06
254,44.04,43.3,9.68
255,18.74,18.43,9.47
256,0,0,9.34
257,0,0,9.43
258,0,0,9.68
259,0,0,9.89
260,0,0,9.78
261,0,0,9.89
262,0,0,9.82
263,0,0,9.78
264,0,0,9.65
265,0,0,9.23
266,0,0,8.94
267,0,0,8.74
268,0,0,8.01
269,0,0,7.24
270,0,0,6.97
271,171.07,64.71,9.19
272,77.77,76.47,8.62
273,85.27,83.85,10.78
274,119,117.02,10.76
275,125.56,123.47,10.47
276,162.43,156.2,9.88
277,59.03,58.05,9.39
278,37.48,36.86,9.09
279,34.67,34.09,8.66
280,0,0,8.3
281,0,0,7.82
282,0,0,7.43
283,0,0,7.18
284,0,0,6.88
285,0,0,6.38
286,0,0,6.27
287,0,0,6.06
288,0,0,6.78
289,0,0,7.68
290,0,0,7.88
291,0,0,7.94
292,0,0,8.17
293,0,0,8.12
294,0,0,6.91
295,40.48,36.5,8.33
296,60.91,59.89,9.42
297,127.75,123.73,10.33
298,220.62,193.82,11
299,375.87,253.07,11.27
300,49.66,48.83,11.38
301,119.94,117.94,11.29
302,238.17,145.07,11.03
303,104.44,64.11,10.62
304,0,0,10.1
305,0,0,9.62
306,0,0,9.34
307,0,0,8.96
308,0,0,8.39
309,0,0,7.47
310,0,0,7.06
311,0,0,6.95
312,0,0,7.12
313,0,0,6.73
314,0,0,5.95
315,0,0,5.8
316,0,0,7.39
317,0,0,8.57
318,0,0,8.6
319,268.37,63.96,6.63
320,501.3,121.18,7.64
321,699.86,149.51,10.03
322,877.42,127.86,10.39
323,941.53,116.29,10.59
324,882.33,128.07,10.66
325,670.03,171.59,10.65
326,579.58,96.31,10.53
327,317.95,65.35,10.1
328,0,0,9.51
329,0,0,8.92
330,0,0,8.4
331,0,0,7.13
332,0,0,6.63
333,0,0,6.42
334,0,0,6.07
335,0,0,5.98
336,0,0,6.13
337,0,0,6.55
338,0,0,7.15
339,0,0,7.16
340,0,0,7.3
341,0,0,7.11
342,0,0,6.68
343,173.3,66.72,6.26
344,430.61,137.7,8.24
345,702.62,141.27,10.23
346,833.76,149.7,10.93
347,893.19,142.86,11.42
348,854.06,139.86,11.7
349,614.86,190.4,11.84
350,173.46,132.61,11.75
351,166.67,75.71,11.43
352,0,0,10.98
353,0,0,10.27
354,0,0,9.35
355,0,0,9.98
356,0,0,9.91
357,0,0,10.02
358,0,0,10.35
359,0,0,10.21
360,0,0,10.16
361,0,0,10.17
362,0,0,9.84
363,0,0,9.01
364,0,0,8.56
365,0,0,8.35
366,0,0,8.17
367,111.07,57.95,9.32
368,281.98,144.95,9.03
369,292.99,198.61,11.16
370,454.81,253.83,12.14
371,768.66,220.15,12.8
372,735.56,212.16,13.14
373,304.6,207.82,13.26
374,177.4,134.78,13.07
375,139.18,73.72,12.65
376,0,0,12
377,0,0,11.33
378,0,0,10.48
379,0,0,9.58
380,0,0,9.16
381,0,0,8.72
382,0,0,8.28
383,0,0,8.3
384,0,0,8.24
385,0,0,8.39
386,0,0,8.61
387,0,0,8.4
388,0,0,8.25
389,0,0,8.07
390,0,0,7.56
391,111.32,58.8,8.03
392,194.65,132,9.28
393,580.86,195.93,10.55
394,870.18,129.12,11.41
395,904.11,138.51,12.03
396,807.52,177.79,12.66
397,628.04,189.56,12.83
398,204.45,143.96,12.38
399,314.02,70.19,11.71
400,0,0,11.15
401,0,0,10.61
402,0,0,10.3
403,0,0,10.34
404,0,0,10.17
405,0,0,10.14
406,0,0,10.21
407,0,0,9.91
408,0,0,9.76
409,0,0,9.73
410,0,0,9.67
411,0,0,9.53
412,0,0,9.26
413,0,0,8.96
414,0,0,8.14
415,58.21,44.73,8.42
416,116.6,104.11,10.02
417,742.3,120.84,11.57
418,858.91,135.01,12.09
419,720.98,242.52,12.39
420,788.16,190.69,12.59
421,709.84,152.51,12.65
422,551.89,110.16,12.44
423,274.4,78.38,12.03
424,0,0,11.5
425,0,0,10.81
426,0,0,9.79
427,0,0,10.72
428,0,0,10.97
429,0,0,10.83
430,0,0,10.64
431,0,0,10.42
432,0,0,10.28
433,0,0,10.21
434,0,0,10.09
435,0,0,9.95
436,0,0,9.8
437,0,0,9.68
438,0,0,9.54
439,267.18,64.86,8.61
440,533.53,107.1,8.79
441,745.17,119.2,11.24
442,836.46,150.81,11.99
443,790.21,213.55,12.54
444,726.44,219.99,12.87
445,324.57,214.7,13
446,208.47,146.81,12.61
447,152.54,79.68,12.09
448,0,0,11.57
449,0,0,10.95
450,0,0,9.92
451,0,0,10.27
452,0,0,10.03
453,0,0,9.76
454,0,0,8.87
455,0,0,7.91
456,0,0,7.42
457,0,0,7.19
458,0,0,7.05
459,0,0,7.01
460,0,0,7.11
461,0,0,6.47
462,0,0,6.28
463,274.29,65.3,7.34
464,529.15,107.66,8.58
465,744.94,120.16,9.85
466,842.27,150.73,11.15
467,398.43,266.5,12.32
468,732.35,221.18,12.71
469,319.3,215.35,12.8
470,527.92,127.88,12.79
471,217.89,85.62,12.39
472,0,0,11.64
473,0,0,10.79
474,0,0,10.08
475,0,0,9.77
476,0,0,9.37
477,0,0,9.07
478,0,0,8.9
479,0,0,8.62
480,0,0,8.63
481,0,0,8.74
482,0,0,8.76
483,0,0,8.9
484,0,0,8.92
485,0,0,9.04
486,0,0,9.21
487,41.96,38.25,9.24
488,117.24,104.95,9.9
489,546,207.2,10.68
490,293.71,230.27,11.24
491,101.2,99.51,11.54
492,302.09,236.08,11.78
493,96.51,94.9,11.69
494,395.31,163.25,11.42
495,35.61,35.01,10.97
496,0,0,10.33
497,0,0,9.67
498,0,0,9.43
499,0,0,9.5
500,0,0,9.31
501,0,0,9.17
502,0,0,9.01
503,0,0,8.9
504,0,0,8.87
505,0,0,8.84
506,0,0,8.82
507,0,0,8.55
508,0,0,8.3
509,0,0,7.54
510,0,0,7.44
511,43.8,40.1,7.52
512,54.35,53.44,8.79
513,204.98,174.39,9.58
514,134.93,132.68,10.01
515,102.13,100.43,10.12
516,709.74,235.62,10.13
517,762.89,128.82,9.95
518,603.83,96.2,9.76
519,327.96,75.08,9.49
520,0,0,8.97
521,0,0,8.15
522,0,0,7.57
523,0,0,7.29
524,0,0,7.02
525,0,0,6.74
526,0,0,6.52
527,0,0,6.54
528,0,0,6.47
529,0,0,6.21
530,0,0,7.11
531,0,0,8.42
532,0,0,7.79
533,0,0,5.76
534,0,0,6.16
535,195.43,72.35,6.11
536,311.61,153.63,8.6
537,514.26,215.53,9.54
538,244.51,211.41,10.09
539,893.37,161.8,10.47
540,714.89,237.82,10.46
541,756.35,134.56,10.55
542,601,101.06,10.31
543,336.36,75.21,9.88
544,0,0,9.33
545,0,0,7.97
546,0,0,7.32
547,0,0,6.99
548,0,0,8.22
549,0,0,8.61
550,0,0,8.42
551,0,0,8.21
552,0,0,8.04
553,0,0,8.05
554,0,0,7.03
555,0,0,5.65
556,0,0,5.63
557,0,0,5.46
558,0,0,5.63
559,95.83,59.68,6.13
560,229.16,144.46,8.27
561,58.09,57.13,9.24
562,290.3,231.11,9.81
563,59.97,58.97,10.36
564,71.21,70.02,10.44
565,75.9,74.63,10.25
566,168.13,139.2,9.83
567,237.77,91.75,9.36
568,0,0,8.71
569,0,0,8.25
570,0,0,7.97
571,0,0,8.07
572,0,0,7.79
573,0,0,7.47
574,0,0,7.18
575,0,0,6.81
576,0,0,6.39
577,0,0,5.97
578,0,0,5.51
579,0,0,5.14
580,0,0,4.83
581,0,0,4.6
582,0,0,4.44
583,269.62,72.15,5.66
584,557.05,107.54,6.25
585,779.23,119.91,6.86
586,912.35,126.37,7.25
587,935.95,148.63,7.59
588,900.2,144.22,7.71
589,800.06,122.5,7.7
590,624.71,98.56,7.57
591,360.95,74.71,7.25
592,0,0,6.8
593,0,0,6.07
594,0,0,4.91
595,0,0,3.96
596,0,0,3.39
597,0,0,3.09
598,0,0,2.92
599,0,0,3.08
600,0,0,3.28
601,0,0,3.64
602,0,0,4.12
603,0,0,4.35
604,0,0,4.35
605,0,0,5.12
606,0,0,6.95
607,250.42,73.01,6.7
608,321.69,159.01,6.95
609,674.14,176.83,9.13
610,765.26,218.64,9.89
611,903.8,168.63,10.52
612,884.21,152.05,10.85
613,763.05,146.4,11.26
614,592.79,113.67,11.36
615,352.54,77.37,11.06
616,0,0,10.41
617,0,0,9.58
618,0,0,8.6
619,0,0,7.64
620,0,0,7.9
621,0,0,7.58
622,0,0,7.3
623,0,0,7.07
624,0,0,6.36
625,0,0,5.73
626,0,0,5.57
627,0,0,5.42
628,0,0,5.14
629,0,0,5
630,0,0,5.38
631,293.24,68.2,5.92
632,528,117.55,8.53
633,172.67,159.22,10.28
634,78.71,77.4,11.36
635,90.89,89.37,12.01
636,84.33,82.92,12.24
637,62.78,61.73,12.21
638,41.23,40.54,11.93
639,194.91,95.89,11.61
640,0,0,11.2
641,0,0,10.31
642,0,0,10.09
643,0,0,8.89
644,0,0,9.17
645,0,0,8.75
646,0,0,7.86
647,0,0,7.27
648,0,0,7.02
649,0,0,6.49
650,0,0,5.89
651,0,0,5.39
652,0,0,4.97
653,0,0,4.65
654,0,0,4.69
655,306.94,66.15,5
656,562.46,103.49,7.74
657,769.42,117.8,9.72
658,871.55,144.4,10.55
659,376.84,272.57,11.04
660,230.11,209.89,11.56
661,296.99,221.34,11.69
662,120.39,114.76,11.41
663,30.92,30.41,11.08
664,0.89,0.87,10.69
665,0,0,10.44
666,0,0,10.16
667,0,0,10.29
668,0,0,9.97
669,0,0,9.7
670,0,0,9.77
671,0,0,9.82
672,0,0,9.59
673,0,0,8.94
674,0,0,8.58
675,0,0,8.7
676,0,0,8.56
677,0,0,8.54
678,0,0,8.43
679,294.68,68.57,8.91
680,470.29,145.32,9.39
681,684.75,174.75,9.81
682,378.82,263.14,10.1
683,377.12,274.94,10.28
684,875.14,165.32,10.29
685,806.08,121.9,10
686,536.32,148.46,9.54
687,367.92,77.96,9.17
688,4.45,4.37,8.81
689,0,0,8.61
690,0,0,8.61
691,0,0,9.13
692,0,0,9.21
693,0,0,9.18
694,0,0,9.16
695,0,0,9.1
696,0,0,8.95
697,0,0,8.82
698,0,0,8.69
699,0,0,8.37
700,0,0,7.26
701,0,0,6.46
702,0,0,5.92
703,298.88,68.4,6.18
704,564.69,105.29,9.14
705,776.96,117.17,10.85
706,893.17,136.49,11.72
707,906.77,169,12.51
708,866.52,171.79,13.14
709,767.83,146.76,13.48
710,614.39,108.54,13.45
711,356.6,81.57,12.94
712,5.34,5.25,12.1
713,0,0,11.04
714,0,0,10.51
715,0,0,10.73
716,0,0,10.62
717,0,0,10.57
718,0,0,10.58
719,0,0,10.71
720,0,0,10.41
721,0,0,10.24
722,0,0,9.97
723,0,0,9.89
724,0,0,9.86
725,0,0,9.66
726,0,0,9.57
727,49.88,46.47,9.67
728,74.96,73.71,10.71
729,89.02,87.53,11.78
730,379.98,263.75,12.59
731,267.59,235.76,13.15
732,408.27,275.69,13.22
733,462.3,246.2,13.22
734,589.74,121.94,13.34
735,381.75,76.33,13.13
736,7.12,7,12.58
737,0,0,11.95
738,0,0,11.42
739,0,0,11.39
740,0,0,11.1
741,0,0,10.92
742,0,0,10.64
743,0,0,10.33
744,0,0,10.17
745,0,0,10.09
746,0,0,9.45
747,0,0,8.85
748,0,0,8.45
749,0,0,8.29
750,0,0,7.86
751,189.07,79.48,7.78
752,100.58,97,8.48
753,752.07,140.12,8.63
754,63.72,62.65,9.47
755,454.03,291.12,9.72
756,132.12,129.91,10.37
757,418.84,247.48,10.53
758,532.4,155.36,10.62
759,204.81,103.93,10.34
760,8.9,8.75,9.91
761,0,0,9.82
762,0,0,9.91
763,0,0,9.71
764,0,0,9.61
765,0,0,9.49
766,0,0,9.31
767,0,0,9.15
768,0,0,9.07
769,0,0,9.07
770,0,0,9.11
771,0,0,9.14
772,0,0,9.19
773,0,0,9.23
774,0,0,9.35
775,288.03,76.21,9.76
776,550.66,119.83,10.57
777,785.15,126.91,11.37
778,917.38,136.08,11.98
779,0,0,12.52
780,855.07,195.13,12.85
781,784.46,151.05,12.92
782,634.63,110.6,12.7
783,372.11,87.45,12.3
784,10.68,10.5,11.71
785,0,0,11
786,0,0,10.43
787,0,0,10.11
788,0,0,9.93
789,0,0,9.63
790,0,0,9.56
791,0,0,10.02
792,0,0,10.24
793,0,0,10.31
794,0,0,9.84
795,0,0,9.26
796,0,0,8.63
797,0,0,8.39
798,0,0,8.92
799,297.46,76.65,9.78
800,579.07,112.14,11.23
801,781.49,134.16,12.37
802,911.94,144.57,12.77
803,917.08,182.38,12.89
804,869.69,190.6,12.82
805,813.76,137.96,12.71
806,639.87,112.95,12.61
807,375.27,88.3,12.39
808,11.58,11.37,11.89
809,0,0,10.14
810,0,0,8.59
811,0,0,7.7
812,0,0,7.09
813,0,0,6.86
814,0,0,6.89
815,0,0,7.15
816,0,0,7.21
817,0,0,6.98
818,0,0,7.06
819,0,0,7.34
820,0,0,7.7
821,0,0,7.98
822,0,0,8.22
823,299.6,77.53,9.01
824,576.36,115.31,10.68
825,759.16,146.56,12.63
826,496.26,287.27,14.26
827,646.99,300.13,15.44
828,517.96,296.14,16.11
829,751.46,184.49,16.35
830,549.95,160.81,16.27
831,349.49,98.71,15.75
832,13.36,13.12,14.65
833,0,0,13.1
834,0,0,11.99
835,0,0,11.48
836,0,0,11.11
837,0,0,10.86
838,0,0,10.64
839,0,0,10.42
840,0,0,10.11
841,0,0,9.87
842,0,0,9.75
843,0,0,9.72
844,0,0,9.62
845,0,0,9.46
846,0,0,9.22
847,131.92,77.6,9.76
848,352.78,169.25,11.34
849,599.15,217.16,13.36
850,893.13,150.21,14.72
851,896.14,189.6,15.62
852,865.09,185.2,16
853,785.88,149.16,15.94
854,612.09,122.77,15.44
855,352.82,93.44,14.64
856,9.79,9.62,13.6
857,0,0,12.56
858,0,0,11.34
859,0,0,11.44
860,0,0,11.62
861,0,0,11.41
862,0,0,11.15
863,0,0,10.78
864,0,0,9.77
865,0,0,9.45
866,0,0,8.44
867,0,0,7.98
868,0,0,7.75
869,0,0,7.79
870,0,0,7.69
871,271.43,80.38,7.89
872,543.39,121.72,9.9
873,731.85,152.28,11.96
874,875.52,157.6,13.36
875,855.64,216.04,14.15
876,824.82,210.32,14.49
877,713.14,195.11,14.52
878,576.39,140.47,14.17
879,344.86,96.75,13.53
880,16.03,15.75,12.87
881,0,0,12.15
882,0,0,11.48
883,0,0,10.64
884,0,0,10.12
885,0,0,9.93
886,0,0,10.11
887,0,0,10.11
888,0,0,9.87
889,0,0,9.64
890,0,0,9.69
891,0,0,9.81
892,0,0,9.67
893,0,0,9.41
894,0,0,9.31
895,303.66,78.47,9.81
896,566.89,117.81,10.67
897,754.1,148.1,11.74
898,688.01,267.16,12.25
899,841.11,236.2,12.6
900,559.13,298.03,12.92
901,122.75,120.7,13.18
902,94.64,93.06,13.35
903,37.48,36.86,13.09
904,12.47,12.25,12.53
905,0,0,12.14
906,0,0,11.87
907,0,0,12.16
908,0,0,12.14
909,0,0,11.73
910,0,0,11.02
911,0,0,10.55
912,0,0,10.21
913,0,0,9.87
914,0,0,9.5
915,0,0,9.29
916,0,0,9.21
917,0,0,9.12
918,0,0,9.02
919,321.89,79.76,9.34
920,578.51,120.64,9.73
921,793.26,139.61,10.13
922,931.43,147.81,10.47
923,911.57,209.36,10.67
924,918.77,174.2,10.72
925,851.58,130.27,10.7
926,655.7,117.19,10.58
927,404.5,89.83,10.33
928,19.59,19.24,9.93
929,0,0,9.44
930,0,0,9.26
931,0,0,9.35
932,0,0,9.37
933,0,0,9.32
934,0,0,9.29
935,0,0,9.28
936,0,0,9.22
937,0,0,9.19
938,0,0,9.1
939,0,0,8.85
940,0,0,8.32
941,0,0,7.47
942,0,0,7.2
943,320.55,80.17,7.02
944,584.14,117.75,10.44
945,783.4,142.25,11.63
946,937.95,139.64,12.17
947,946.34,177.66,12.55
948,913.78,173.22,12.75
949,847.68,130.77,12.8
950,657.6,116.64,12.65
951,402.77,90.23,12.31
952,18.7,18.37,11.77
953,0,0,10.91
954,0,0,10.85
955,0,0,10.55
956,0,0,10.39
957,0,0,9.56
958,0,0,9.04
959,0,0,9.73
960,0,0,9.88
961,0,0,9.96
962,0,0,10.08
963,0,0,10.13
964,0,0,10.1
965,0,0,10.01
966,0,0,9.9
967,332.1,77.96,9.85
968,592.89,116.39,9.79
969,793.32,138.29,12.19
970,950.08,135.66,13.11
971,958.06,170.1,13.73
972,933.34,161.06,14.08
973,858.26,126.74,14.15
974,667.23,113.94,13.97
975,407.24,91.16,13.52
976,20.48,20.12,12.77
977,0,0,11.74
978,0,0,10.04
979,0,0,8.97
980,0,0,8.38
981,0,0,7.87
982,0,0,7.41
983,0,0,7.19
984,0,0,6.91
985,0,0,6.59
986,0,0,6.3
987,0,0,6.33
988,0,0,6.68
989,0,0,7.31
990,0,0,7.74
991,332.01,79.84,9.08
992,598.51,117.4,10.27
993,799.87,139.31,13.15
994,950.52,139.03,13.93
995,972.44,163.88,14.48
996,953.08,152.51,14.76
997,864.51,126.43,14.74
998,655.09,124.15,14.41
999,409.57,91.91,13.87
1000,20.48,20.12,13.17
1001,0,0,12.36
1002,0,0,11.16
1003,0,0,11.65
1004,0,0,11.23
1005,0,0,10.92
1006,0,0,10.7
1007,0,0,10.51
1008,0,0,10.21
1009,0,0,9.9
1010,0,0,9.63
1011,0,0,9.43
1012,0,0,9.22
1013,0,0,8.89
1014,0,0,8.44
1015,311.17,84.53,7.97
1016,587.39,121.05,9.91
1017,727.54,184.4,12.06
1018,900.32,172.82,12.91
1019,960.69,170.19,13.19
1020,921.29,174.12,13.18
1021,832.89,146.1,12.93
1022,455.68,204.1,12.56
1023,249.07,126.59,12.04
1024,26.71,26.24,11.46
1025,0,0,10.82
1026,0,0,10.25
1027,0,0,9.43
1028,0,0,9.99
1029,0,0,10.1
1030,0,0,9.86
1031,0,0,9.51
1032,0,0,9.17
1033,0,0,8.49
1034,0,0,7.74
1035,0,0,7.5
1036,0,0,7.52
1037,0,0,7.42
1038,0,0,7.02
1039,313.3,84.02,6.94
1040,572.11,125.5,9.48
1041,777.92,146.89,11.56
1042,925.65,149.55,12.67
1043,945.13,178.63,13.58
1044,824.14,239.62,14.07
1045,787.95,173.53,14.1
1046,569.15,167.6,13.78
1047,310.99,121.59,13.23
1048,24.04,23.62,12.61
1049,0,0,11.95
1050,0,0,10.98
1051,0,0,10.34
1052,0,0,9.86
1053,0,0,9.39
1054,0,0,9.02
1055,0,0,8.6
1056,0,0,7.88
1057,0,0,7.81
1058,0,0,7.7
1059,0,0,7.8
1060,0,0,8.01
1061,0,0,8.16
1062,0,0,8.25
1063,321.36,85.37,8.01
1064,318.06,184.35,9.97
1065,571.88,243.16,12.09
1066,782.76,246.65,13.34
1067,613.7,320.49,14.15
1068,531.05,312.72,14.62
1069,517.35,273.34,14.64
1070,576.09,166.4,14.46
1071,345.15,115.39,14.01
1072,86.32,34.05,13.39
1073,0,0,12.44
1074,0,0,11.68
1075,0,0,11.5
1076,0,0,11.01
1077,0,0,10.42
1078,0,0,9.93
1079,0,0,9.69
1080,0,0,9.65
1081,0,0,9.55
1082,0,0,9.56
1083,0,0,9.5
1084,0,0,9.56
1085,0,0,9.72
1086,1.87,1.84,9.84
1087,180.94,97.68,10.36
1088,368.46,184.79,12.19
1089,409.56,254.41,13.66
1090,358.77,278.77,14.38
1091,225.32,217.09,14.78
1092,52.47,51.6,13.63
1093,77.77,76.47,12.24
1094,49.66,48.83,12.03
1095,19.68,19.35,11.79
1096,4.69,4.61,11.27
1097,0,0,10.86
1098,0,0,10.32
1099,0,0,9.75
1100,0,0,9.25
1101,0,0,9.15
1102,0,0,8.88
1103,0,0,8.27
1104,0,0,7.91
1105,0,0,7.78
1106,0,0,7.96
1107,0,0,8.09
1108,0,0,8.14
1109,0,0,7.97
1110,3.75,3.69,7.74
1111,324.47,87.88,8.37
1112,94.64,93.06,9.15
1113,269.85,225.02,9.92
1114,531.79,308.12,10.58
1115,889.34,232.35,10.99
1116,589.57,316.27,10.98
1117,849.48,138.1,10.87
1118,442.58,212.74,10.81
1119,351.58,120.27,10.51
1120,125.08,40.87,10.06
1121,0,0,9.75
1122,0,0,9.69
1123,0,0,9.58
1124,0,0,9.49
1125,0,0,9.45
1126,0,0,9.35
1127,0,0,9.34
1128,0,0,9.17
1129,0,0,8.79
1130,0,0,8.3
1131,0,0,7.87
1132,0,0,7.24
1133,0,0,7.21
1134,4.69,4.61,7.09
1135,205.86,105.29,7.72
1136,575.02,133.93,10.7
1137,807.17,140.83,11.55
1138,791.96,254.03,12.07
1139,854.89,258.06,12.72
1140,952.01,157.54,13.29
1141,805.53,175.51,13.62
1142,628.73,145.32,13.62
1143,427.7,92.93,13.22
1144,140.84,42.22,12.65
1145,0,0,11.78
1146,0,0,11.59
1147,0,0,11.16
1148,0,0,10.43
1149,0,0,8.18
1150,0,0,7.3
1151,0,0,7.13
1152,0,0,7.76
1153,0,0,7.92
1154,0,0,7.8
1155,0,0,8.24
1156,0,0,6.82
1157,0,0,6.47
1158,7.5,7.37,6.85
1159,349.37,85.09,8.78
1160,604.4,119.21,12.1
1161,801.51,141.11,13.45
1162,883.13,193.13,14.08
1163,991.82,151.56,14.62
1164,994.99,123.16,14.93
1165,865.08,126.22,15.18
1166,662.84,122.53,15.33
1167,426.4,92.16,15.11
1168,142,44.1,14.44
1169,0,0,13.46
1170,0,0,11.92
1171,0,0,11.84
1172,0,0,11.13
1173,0,0,9.36
1174,0,0,8.5
1175,0,0,8.15
1176,0,0,8.11
1177,0,0,8.03
1178,0,0,7.94
1179,0,0,7.93
1180,0,0,8.1
1181,0,0,8.39
1182,8.43,8.29,8.31
1183,352.47,84.59,9.91
1184,600.95,123.27,11.93
1185,791.79,151.11,13.62
1186,801.12,251.17,15.21
1187,873.48,250.34,16.3
1188,790.92,273.54,17.01
1189,515.48,284.49,17.32
1190,322.56,216.87,17.08
1191,143.38,117.92,16.63
1192,70.65,42.39,15.75
1193,0,0,14.71
1194,0,0,13.88
1195,0,0,13.5
1196,0,0,13.07
1197,0,0,12.73
1198,0,0,12.78
1199,0,0,12.66
1200,0,0,12.25
1201,0,0,11.88
1202,0,0,11.8
1203,0,0,11.63
1204,0,0,11.54
1205,0,0,11.32
1206,7.5,7.37,10.97
1207,116.41,92.22,11.86
1208,421.46,190.16,13.3
1209,590.3,249.5,14.89
1210,489.8,311.28,15.61
1211,730.09,307.34,16.03
1212,928.93,169.29,15.95
1213,451.02,282.48,15.53
1214,381.11,219.39,15.02
1215,196.08,132.57,14.41
1216,67.92,42.7,13.7
1217,0,0,13.11
1218,0,0,12.56
1219,0,0,12.07
1220,0,0,11.76
1221,0,0,11.61
1222,0,0,11.43
1223,0,0,11.25
1224,0,0,11.16
1225,0,0,10.81
1226,0,0,10.37
1227,0,0,10.04
1228,0,0,9.67
1229,0,0,9.37
1230,10.31,10.14,9.35
1231,290.37,106.53,10.15
1232,233.69,180.58,11.48
1233,623.94,248.69,12.39
1234,802.41,258.47,13.18
1235,979.62,171.48,13.54
1236,836.7,254.69,13.83
1237,820.57,170.12,13.75
1238,440.67,222.22,13.79
1239,124.63,111.28,13.34
1240,75.04,46.15,12.78
1241,0,0,12.07
1242,0,0,11.44
1243,0,0,11.54
1244,0,0,11.47
1245,0,0,11.44
1246,0,0,11.4
1247,0,0,11.34
1248,0,0,11.03
1249,0,0,10.73
1250,0,0,10.46
1251,0,0,10.2
1252,0,0,10.15
1253,0,0,10.19
1254,17,13.05,10.1
1255,168.05,109.51,9.45
1256,568.03,152.11,10.73
1257,697.82,225.13,12.17
1258,253.3,237.45,12.93
1259,841.38,280.23,13.09
1260,783.59,287.42,13.11
1261,847.83,152.88,12.95
1262,617.46,165.42,12.85
1263,427.99,100.57,12.53
1264,161.81,47.47,11.97
1265,0,0,11.58
1266,0,0,11.46
1267,0,0,11.5
1268,0,0,11.49
1269,0,0,11.44
1270,0,0,11.28
1271,0,0,11.05
1272,0,0,10.83
1273,0,0,10.61
1274,0,0,10.45
1275,0,0,10.32
1276,0,0,10.2
1277,0,0,10.12
1278,31.48,17.28,10.09
1279,382.04,86.54,10.33
1280,638.73,120.3,10.86
1281,787.83,182.96,11.34
1282,917.83,201.2,11.8
1283,922.8,244.39,12.12
1284,1033.07,119.23,12.29
1285,871.47,148.51,12.46
1286,685.63,129.24,12.53
1287,434.6,102.79,12.45
1288,164.89,49.54,12.09
1289,0,0,11.45
1290,0,0,10.99
1291,0,0,10.66
1292,0,0,9.82
1293,0,0,9.37
1294,0,0,10.86
1295,0,0,11.25
1296,0,0,10.95
1297,0,0,10.89
1298,0,0,10.86
1299,0,0,10.79
1300,0,0,10.77
1301,0,0,10.72
1302,35.93,19.3,10.59
1303,387.55,87.45,9.38
1304,637.57,122.01,11.36
1305,841.08,141.66,12.36
1306,959.28,166.58,13.12
1307,1071.67,120.54,13.82
1308,1029.66,125,14.3
1309,849.09,170.94,14.55
1310,692.16,126.51,14.49
1311,430.35,105.35,14.11
1312,155.69,51.32,13.48
1313,0,0,12.69
1314,0,0,11.18
1315,0,0,10.51
1316,0,0,9.49
1317,0,0,8.58
1318,0,0,7.9
1319,0,0,7.11
1320,0,0,6.81
1321,0,0,6.71
1322,0,0,6.2
1323,0,0,6.04
1324,0,0,6.04
1325,0,0,5.99
1326,36.84,21.14,6.34
1327,376.5,89.46,7.93
1328,635.43,121.16,10.88
1329,756.78,201.16,12.15
1330,897.75,213.63,13.01
1331,1034.41,144.13,13.63
1332,1024.58,120.52,14.07
1333,881.25,136.64,14.19
1334,664.89,138.8,13.93
1335,431.3,103.61,13.48
1336,166.05,50.77,12.88
1337,0,0,11.96
1338,0,0,10.9
1339,0,0,10.84
1340,0,0,10.5
1341,0,0,10.23
1342,0,0,8.65
1343,0,0,7.47
1344,0,0,7.11
1345,0,0,7.09
1346,0,0,7.63
1347,0,0,8.17
1348,0,0,8.7
1349,0,0,8.8
1350,30.75,21.69,8.94
1351,119.27,100.32,9.91
1352,291.5,204.56,11.14
1353,174.05,169.69,12.11
1354,549.75,330.42,12.6
1355,321.31,287.85,12.87
1356,343.18,293.99,13.04
1357,99.32,97.67,13.15
1358,69.34,68.18,11.52
1359,44.04,43.3,10.16
1360,30.92,30.41,9.38
1361,0,0,8.61
1362,0,0,8.15
1363,0,0,8.14
1364,0,0,8.03
1365,0,0,7.98
1366,0,0,7.86
1367,0,0,7.71
1368,0,0,7.7
1369,0,0,7.98
1370,0,0,8.33
1371,0,0,8.37
1372,0,0,8.44
1373,0,0,8.36
1374,3.75,3.69,8.39
1375,98.64,90.3,8.63
1376,133.82,130.08,9.28
1377,77.77,76.47,9.77
1378,75.9,74.63,10.19
1379,192.09,188.88,10.13
1380,58.09,57.13,10.18
1381,102.13,100.43,10.07
1382,211.04,190.34,9.91
1383,214.31,149,9.69
1384,29.05,28.56,9.24
1385,0,0,8.68
1386,0,0,8.23
1387,0,0,8.33
1388,0,0,8.18
1389,0,0,8.06
1390,0,0,8.03
1391,0,0,8.01
1392,0,0,7.96
1393,0,0,8.19
1394,0,0,8.21
1395,0,0,8.02
1396,0,0,7.89
1397,0,0,7.68
1398,57.84,28.63,7.5
1399,69.34,68.18,7.82
1400,247.56,195.6,8.4
1401,419.75,283.71,9.48
1402,499.51,332.5,10.11
1403,98.39,96.75,10.16
1404,227.08,220.52,10.32
1405,478.49,304.49,10.61
1406,442.63,237.71,10.6
1407,351.2,144.15,10.4
1408,149.01,58.08,9.95
1409,0,0,9.39
1410,0,0,8.96
1411,0,0,8.59
1412,0,0,7.93
1413,0,0,7.33
1414,0,0,6.78
1415,0,0,6.92
1416,0,0,7.73
1417,0,0,8.2
1418,0,0,7.97
1419,0,0,6.41
1420,0,0,5.02
1421,0,0,5.1
1422,52.02,29.12,4.99
1423,75.9,74.63,6.39
1424,121.81,119.78,8.92
1425,516.21,291.02,9.74
1426,524.22,338.11,9.75
1427,60.91,59.89,9.22
1428,59.03,58.05,8.96
1429,55.28,54.36,8.74
1430,54.35,53.44,7.81
1431,41.23,40.54,7.17
1432,47.04,42.8,7.02
1433,0,0,6.71
1434,0,0,6.61
1435,0,0,6.66
1436,0,0,6.81
1437,0,0,6.89
1438,0,0,6.78
1439,0,0,6.77
1440,0,0,6.84
1441,0,0,6.94
1442,0,0,6.99
1443,0,0,6.91
1444,0,0,6.82
1445,0,0,6.79
1446,27.82,25.01,6.73
1447,192.3,128.13,7.26
1448,98.39,96.75,8.02
1449,79.65,78.32,8.62
1450,135.87,133.6,8.65
1451,126.5,124.39,8.98
1452,542,350.43,9.08
1453,523.32,310.52,9.45
1454,243.16,209.69,9.39
1455,178.02,142.96,9.31
1456,156.5,61.06,9.07
1457,0,0,8.74
1458,0,0,8.17
1459,0,0,6.75
1460,0,0,6.06
1461,0,0,5.87
1462,0,0,6.16
1463,0,0,5.56
1464,0,0,4.58
1465,0,0,4.69
1466,0,0,4.58
1467,0,0,4.95
1468,0,0,4.87
1469,0,0,4.22
1470,107.87,32.13,3.98
1471,110.35,100.59,5.66
1472,477.82,211.72,8.68
1473,782.55,201.85,9.52
1474,917.33,217.32,10.51
1475,982.04,208.97,11.39
1476,245.46,237.27,12.11
1477,89.02,87.53,12.13
1478,206.47,190.51,11.82
1479,59.97,58.97,11.4
1480,88.93,61.06,10.98
1481,0,0,10.55
1482,0,0,9.79
1483,0,0,8.93
1484,0,0,8.33
1485,0,0,8.29
1486,0,0,8.57
1487,0,0,8.51
1488,0,0,8.14
1489,0,0,7.88
1490,0,0,7.39
1491,0,0,7.33
1492,0,0,6.67
1493,0,0,6.1
1494,111.11,40.53,5.56
1495,365.02,108.68,7.78
1496,590.91,165.61,10.71
1497,802.86,181.89,11.45
1498,971.93,164.38,12.12
1499,1035.62,156.15,12.51
1500,1023.47,135.6,12.74
1501,795.18,217.08,12.77
1502,654.28,156.85,12.44
1503,349.95,149.8,12.01
1504,103.25,64.43,11.42
1505,0,0,10.84
1506,0,0,10.06
1507,0,0,9.43
1508,0,0,8.87
1509,0,0,8.22
1510,0,0,7.42
1511,0,0,7.36
1512,0,0,7.25
1513,0,0,7.58
1514,0,0,8.42
1515,0,0,8.65
1516,0,0,8.8
1517,0,0,8.66
1518,91.57,42.55,8.8
1519,149.72,121,9.48
1520,202.64,182.05,10.27
1521,741.26,232.43,10.88
1522,633.19,342.45,11.26
1523,967.31,223.99,11.36
1524,596.55,352.86,11.43
1525,789.42,226.94,11.3
1526,397.74,247.19,10.79
1527,52.47,51.6,10.18
1528,63.4,54.45,9.33
1529,0,0,8.37
1530,0,0,7.51
1531,0,0,8.24
1532,0,0,8.15
1533,0,0,8.13
1534,0,0,8.16
1535,0,0,8.05
1536,0,0,7.9
1537,0,0,7.78
1538,0,0,7.8
1539,0,0,7.84
1540,0,0,7.99
1541,0,0,7.95
1542,36.45,31.86,7.75
1543,141.15,118.99,8.28
1544,511.94,211.57,9.05
1545,751.67,234.68,9.81
1546,937.88,211.78,10.28
1547,1056.8,153.32,10.59
1548,795.84,315.94,10.88
1549,561.99,315.5,10.74
1550,523.43,235.61,10.46
1551,123.76,117.5,10.15
1552,42.17,41.46,9.63
1553,0,0,9.06
1554,0,0,8.54
1555,0,0,8.59
1556,0,0,8.39
1557,0,0,8.01
1558,0,0,7.78
1559,0,0,7.39
1560,0,0,6.98
1561,0,0,6.7
1562,0,0,6.47
1563,0,0,6.26
1564,0,0,5.9
1565,0,0,5.23
1566,126.74,45.87,4.77
1567,379.2,115.44,7.36
1568,632.95,151.72,8.97
1569,850.17,162.52,9.68
1570,837.16,286.06,10.5
1571,1032.83,174.65,10.7
1572,730.18,340.84,10.91
1573,866.07,172.91,10.71
1574,625.18,191.4,10.29
1575,366.92,152.94,9.79
1576,131.95,70.74,9.24
1577,0,0,8.67
1578,0,0,8.17
1579,0,0,8.14
1580,0,0,7.63
1581,0,0,7.18
1582,0,0,6.51
1583,0,0,6.06
1584,0,0,5.92
1585,0,0,6.2
1586,0,0,6.34
1587,0,0,6.59
1588,0,0,6.78
1589,0,0,6.89
1590,103.14,49.44,7.05
1591,395.23,110.52,7.81
1592,470.78,228.97,8.68
1593,116.19,114.25,9.31
1594,821.91,299.54,9.67
1595,872.82,309.42,9.96
1596,735.56,342.75,10.06
1597,882.88,162.59,9.97
1598,608.95,205.32,9.94
1599,447.89,115.07,9.52
1600,151.27,71.66,8.56
1601,0,0,7.23
1602,0,0,6.55
1603,0,0,6.68
1604,0,0,6.68
1605,0,0,6.71
1606,0,0,6.63
1607,0,0,6.58
1608,0,0,6.4
1609,0,0,6.33
1610,0,0,6.28
1611,0,0,6.16
1612,0,0,6.11
1613,0,0,6.27
1614,28.11,27.64,6.3
1615,114.46,106.68,7.09
1616,79.65,78.32,7.74
1617,370.56,291.17,8.23
1618,268.69,256.18,8.57
1619,387.88,332.28,8.91
1620,275.14,262.61,9.27
1621,189.28,186.12,9.22
1622,153.67,151.11,9.26
1623,154.2,138.05,9.15
1624,68.24,59.83,8.84
1625,0,0,8.56
1626,0,0,8.35
1627,0,0,7.86
1628,0,0,7.78
1629,0,0,7.67
1630,0,0,7.32
1631,0,0,6.8
1632,0,0,5.93
1633,0,0,5.45
1634,0,0,5.26
1635,0,0,5.36
1636,0,0,5.63
1637,0,0,6.19
1638,147.03,50.45,6.58
1639,400.85,113.92,7.08
1640,666.27,140.02,9.74
1641,885.27,144.3,10.57
1642,1014.36,156.38,11.28
1643,1093.77,129.16,11.84
1644,1019.48,161.12,12.15
1645,880.85,165.96,12.31
1646,694.8,145.2,12.25
1647,451.12,115.21,11.84
1648,197.94,62.13,11.26
1649,0,0,10.51
1650,0,0,9.8
1651,0,0,8.65
1652,0,0,8.45
1653,0,0,9.49
1654,0,0,9.3
1655,0,0,9.01
1656,0,0,8.74
1657,0,0,8.54
1658,0,0,8.36
1659,0,0,6.68
1660,0,0,5.06
1661,0,0,4.56
1662,147.5,51.97,4.67
1663,355.32,135.65,7.26
1664,587.74,195.78,10.13
1665,618.6,302.78,11.23
1666,960.59,204.92,11.98
1667,1083.08,140.52,12.49
1668,964.33,213.74,12.71
1669,897.31,153.25,12.64
1670,694.24,145.72,12.39
1671,447.94,116.63,12.04
1672,191.84,64.29,11.39
1673,0,0,10.54
1674,0,0,9.84
1675,0,0,9.39
1676,0,0,9.02
1677,0,0,8.66
1678,0,0,8.23
1679,0,0,7.66
1680,0,0,7.15
1681,0,0,6.51
1682,0,0,6.43
1683,0,0,6.51
1684,0,0,6.95
1685,0,0,7.19
1686,73.54,52.58,7.46
1687,391.92,117.25,9.1
1688,621.74,165.31,10.73
1689,718.02,260.96,11.67
1690,387.12,324.03,12.47
1691,464.19,359.65,12.94
1692,246.55,239.83,13.03
1693,173.35,170.46,12.62
1694,138.68,136.36,12.04
1695,59.97,58.97,11.63
1696,26.24,25.8,11.38
1697,0,0,11.24
1698,0,0,10.74
1699,0,0,10.24
1700,0,0,9.67
1701,0,0,9.2
1702,0,0,8.73
1703,0,0,8.34
1704,0,0,8.27
1705,0,0,8.03
1706,0,0,7.88
1707,0,0,7.76
1708,0,0,7.67
1709,0,0,7.65
1710,8.43,8.29,7.71
1711,54.35,53.44,7.7
1712,119,117.02,8.12
1713,229,219.88,8.71
1714,412.61,333.67,9.48
1715,172.41,169.53,10.29
1716,287.25,272.09,10.47
1717,374.42,302.14,10.78
1718,531.02,235.53,11.28
1719,128.07,122.02,11.45
1720,80.59,68.49,11.27
1721,0,0,10.83
1722,0,0,10.31
1723,0,0,10.05
1724,0,0,9.54
1725,0,0,9.22
1726,0,0,8.79
1727,0,0,8.39
1728,0,0,7.97
1729,0,0,7.81
1730,0,0,7.76
1731,0,0,7.36
1732,0,0,6.96
1733,0,0,6.52
1734,157.74,55.32,6.58
1735,394.35,121.43,9.93
1736,660.36,142.73,12.13
1737,862.84,155.08,13.1
1738,1017.07,142.3,13.96
1739,1065.61,142.11,14.55
1740,975.64,182.79,14.49
1741,852.49,179.45,14.25
1742,670.81,152.92,13.77
1743,453.85,110.94,13.48
1744,190.15,66.85,13.03
1745,0,0,12.48
1746,0,0,12.02
1747,0,0,11.47
1748,0,0,10.59
1749,0,0,9.84
1750,0,0,9.49
1751,0,0,9.17
1752,0,0,8.73
1753,0,0,8.28
1754,0,0,7.95
1755,0,0,7.67
1756,0,0,7.37
1757,0,0,7.09
1758,163.99,56.34,7.11
1759,430.03,105.8,9.86
1760,641.95,158.98,12.17
1761,758.82,244.54,13.43
1762,822.61,302.81,14.41
1763,923.45,275.81,15.14
1764,750.17,342.1,15.61
1765,743,269.33,15.66
1766,529.48,243,15.57
1767,200.25,163.59,15.15
1768,160.62,77.61,14.45
1769,0,0,13.52
1770,0,0,12.62
1771,0,0,11.69
1772,0,0,11.11
1773,0,0,10.52
1774,0,0,9.93
1775,0,0,9.41
1776,0,0,8.86
1777,0,0,8.38
1778,0,0,8.25
1779,0,0,8.11
1780,0,0,7.86
1781,0,0,7.73
1782,139.35,64.32,7.75
1783,347.07,148.6,10.27
1784,470.09,243.22,12.17
1785,587.7,312.42,13.4
1786,735.28,342.27,14.43
1787,763.35,359.23,15.11
1788,692.69,359.15,15.48
1789,572.11,326.95,15.5
1790,428.28,262.31,15.11
1791,317.84,174.18,14.6
1792,74.57,66.97,13.93
1793,0,0,13.14
1794,0,0,12.38
1795,0,0,11.76
1796,0,0,11.31
1797,0,0,10.91
1798,0,0,10.59
1799,0,0,10.3
1800,0,0,10
1801,0,0,9.66
1802,0,0,9.31
1803,0,0,8.87
1804,0,0,8.61
1805,0,0,8.11
1806,169.96,59.82,8.21
1807,288.15,165.22,11.07
1808,383.83,254.31,13.1
1809,863.64,171.66,14.27
1810,772.46,339.62,15.14
1811,824.65,347.25,15.82
1812,312.5,292.03,16.02
1813,665.1,313.22,16.11
1814,65.59,64.5,15.71
1815,94.64,93.06,14.77
1816,165.05,81.05,13.73
1817,0,0,13.22
1818,0,0,12.75
1819,0,0,12.47
1820,0,0,11.75
1821,0,0,10.79
1822,0,0,10.11
1823,0,0,9.75
1824,0,0,9.38
1825,0,0,8.48
1826,0,0,8.57
1827,0,0,9.08
1828,0,0,8.81
1829,0,0,8.87
1830,134.06,69.46,8.96
1831,356.96,150.33,11.66
1832,594.99,199.76,13.29
1833,820.17,202.42,14.25
1834,848.84,292.66,15.21
1835,790.55,354.08,15.81
1836,476.77,363.83,15.83
1837,693.3,296.11,15.52
1838,357.88,261.64,15.26
1839,293.66,179.12,14.78
1840,112.38,82.26,14.36
1841,0,0,13.72
1842,0,0,13.05
1843,0,0,12.81
1844,0,0,12.46
1845,0,0,12.08
1846,0,0,11.83
1847,0,0,11.53
1848,0,0,11.59
1849,0,0,11.3
1850,0,0,11.16
1851,0,0,11.05
1852,0,0,11
1853,0,0,11
1854,56.51,52.8,11.12
1855,132.96,124.16,11.71
1856,273.18,229.87,12.55
1857,298.04,270.04,12.88
1858,260.08,251.93,13.2
1859,163.04,160.32,13.35
1860,119.94,117.94,13.47
1861,96.51,94.9,13.2
1862,95.57,93.98,12.44
1863,87.14,85.69,12.01
1864,46.85,46.07,11.54
1865,0,0,10.96
1866,0,0,10.52
1867,0,0,10.28
1868,0,0,10
1869,0,0,9.64
1870,0,0,9.37
1871,0,0,9.1
1872,0,0,9.03
1873,0,0,8.95
1874,0,0,8.87
1875,0,0,8.72
1876,0,0,8.53
1877,0,0,8.36
1878,44.04,43.3,8.39
1879,85.27,83.85,9.83
1880,199.31,189.57,10.52
1881,279.71,259.78,10.84
1882,320.93,297.86,11.19
1883,360.53,326.82,11.35
1884,644.83,378.5,11.1
1885,716.2,294.07,11.16
1886,545.55,246.77,11.08
1887,187.95,162.8,10.7
1888,116.24,85.83,10.05
1889,0,0,9.76
1890,0,0,9.21
1891,0,0,8.37
1892,0,0,7.66
1893,0,0,7.29
1894,0,0,6.68
1895,0,0,6.37
1896,0,0,7.15
1897,0,0,6.54
1898,0,0,6.61
1899,0,0,7.28
1900,0,0,7.19
1901,0,0,7.33
1902,183.43,65.8,7.47
1903,447.71,115.01,8.61
1904,633.29,194.23,9.44
1905,634.07,322.29,9.72
1906,561.08,380.55,9.7
1907,692,393.55,10.08
1908,811.33,337.54,9.76
1909,498.69,341.63,9.85
1910,574.11,241.02,9.88
1911,402.08,157.67,9.62
1912,146.16,90.06,9.31
1913,0,0,8.83
1914,0,0,8.44
1915,0,0,8.61
1916,0,0,8.44
1917,0,0,8.12
1918,0,0,7.54
1919,0,0,6.72
1920,0,0,5.99
1921,0,0,6.11
1922,0,0,6.28
1923,0,0,6.27
1924,0,0,6.4
1925,0,0,5.98
1926,114.08,79.53,5.24
1927,449.01,121.98,8.69
1928,691.9,157.02,9.69
1929,859.69,204.04,10.25
1930,995.35,206.11,10.65
1931,1002.09,248.82,10.85
1932,983.96,222.18,10.87
1933,901.87,164.54,10.83
1934,664.54,190.03,10.74
1935,436.01,141.41,10.43
1936,204.21,72.24,9.97
1937,0,0,9.46
1938,0,0,8.65
1939,0,0,7.6
1940,0,0,8.94
1941,0,0,8.74
1942,0,0,8.61
1943,0,0,8.54
1944,0,0,8.46
1945,0,0,8.31
1946,0,0,8.12
1947,0,0,7.97
1948,0,0,7.89
1949,0,0,7.96
1950,204.59,65.2,8.29
1951,474.93,108.62,9.14
1952,700.45,151.23,11.11
1953,869.55,198.35,11.76
1954,976.75,229.07,12.33
1955,1013.39,242.17,12.76
1956,929.3,274.78,13.07
1957,898.01,169.47,13.21
1958,709.98,146.37,13.19
1959,467.3,118.63,12.98
1960,209.08,70.08,12.42
1961,0,0,11.64
1962,0,0,10.36
1963,0,0,10.84
1964,0,0,10.72
1965,0,0,10.35
1966,0,0,9.95
1967,0,0,9.55
1968,0,0,9.36
1969,0,0,9.18
1970,0,0,8.34
1971,0,0,7.26
1972,0,0,6.67
1973,0,0,6.29
1974,201.66,68.53,6.52
1975,477.44,108.13,10.38
1976,711.74,143.3,13.15
1977,896.6,170.97,14.1
1978,1039.44,162.21,14.76
1979,1070.62,176.67,15.21
1980,1006.86,197.48,15.47
1981,897.25,170.02,15.49
1982,690.23,166.76,15.12
1983,457.19,127.07,14.67
1984,208.52,70.61,13.9
1985,0,0,13.01
1986,0,0,11.7
1987,0,0,10.83
1988,0,0,11.33
1989,0,0,10.94
1990,0,0,10.53
1991,0,0,10.12
1992,0,0,8.77
1993,0,0,7.71
1994,0,0,7.06
1995,0,0,7.25
1996,0,0,7.57
1997,0,0,7.11
1998,208.32,67.41,6.91
1999,482.74,106.67,10.81
2000,709.38,147.06,13.08
2001,891.1,178.02,14.04
2002,1006.28,196.87,14.8
2003,1026.32,227.21,15.36
2004,957.38,249.51,15.67
2005,815.91,250.8,15.64
2006,655.38,198.21,15.32
2007,421.95,155.04,14.9
2008,192.27,81.93,14.24
2009,3.56,3.5,13.5
2010,0,0,12.69
2011,0,0,11.99
2012,0,0,11.48
2013,0,0,11.07
2014,0,0,10.61
2015,0,0,9.86
2016,0,0,9.16
2017,0,0,8.63
2018,0,0,8.07
2019,0,0,7.63
2020,0,0,7.56
2021,0,0,7.18
2022,75.67,69.54,7.82
2023,126.92,123.57,11.45
2024,501.54,267.47,13.68
2025,749.79,288.55,14.57
2026,876.14,306.81,15.51
2027,466.34,381.43,16.59
2028,465.79,374,17.34
2029,612.53,342.67,17.13
2030,382.31,278.27,16.25
2031,231.09,184.32,15.71
2032,90.68,81.63,15.12
2033,0.89,0.87,14.35
2034,0,0,13.54
2035,0,0,13.51
2036,0,0,13.1
2037,0,0,12.78
2038,0,0,12.12
2039,0,0,11.61
2040,0,0,11.31
2041,0,0,11.2
2042,0,0,11.05
2043,0,0,11.13
2044,0,0,11.14
2045,0,0,11.16
2046,120.78,88.84,11.63
2047,357.91,176.2,13.45
2048,561.09,245.25,15.29
2049,798,248.58,16.56
2050,909.05,274.28,17.41
2051,827.74,359.07,18.03
2052,906.82,273.02,18.42
2053,777.97,263.68,18.48
2054,585.72,234.87,17.77
2055,357.23,181.05,16.89
2056,157.87,94.87,16.22
2057,4.45,4.37,15.4
2058,0,0,14.35
2059,0,0,13.36
2060,0,0,12.46
2061,0,0,11.85
2062,0,0,11.97
2063,0,0,11.01
2064,0,0,11.26
2065,0,0,11.09
2066,0,0,11.05
2067,0,0,10.98
2068,0,0,10.68
2069,0,0,9.99
2070,141.82,92.31,9.85
2071,353.09,179.03,13.03
2072,547.26,253.06,14.52
2073,753.16,280.56,15.14
2074,871.38,301.12,15.71
2075,869.89,334.46,15.99
2076,883.73,290.64,15.87
2077,744.6,284.91,14.62
2078,555.01,250.36,14.7
2079,371.91,175.25,14.66
2080,158.86,94.68,14.31
2081,5.34,5.25,13.66
2082,0,0,12.97
2083,0,0,12.09
2084,0,0,12
2085,0,0,11.69
2086,0,0,11.26
2087,0,0,10.64
2088,0,0,10.25
2089,0,0,9.96
2090,0,0,9.65
2091,0,0,8.85
2092,0,0,8.04
2093,1.87,1.84,8.05
2094,174.15,91.13,9.47
2095,311.37,191.03,11.61
2096,601.67,230.73,12.99
2097,789.63,259.18,14.12
2098,883.37,297.24,15.13
2099,934.22,294.68,15.92
2100,839.13,325.25,16.45
2101,572.11,347.31,16.69
2102,567.89,246.1,16.3
2103,280.32,195.38,15.83
2104,113.81,93.42,15.53
2105,5.34,5.25,14.82
2106,0,0,13.93
2107,0,0,13.25
2108,0,0,12.71
2109,0,0,12.45
2110,0,0,12.21
2111,0,0,11.96
2112,0,0,11.87
2113,0,0,12.09
2114,0,0,12.32
2115,0,0,12.49
2116,0,0,12.77
2117,0.94,0.92,12.75
2118,46.85,46.07,13.14
2119,141.68,135.75,14.9
2120,198.9,191.97,16.2
2121,224.34,219.39,17.13
2122,328.75,307.58,17.18
2123,351.54,326.42,17.49
2124,376.19,336.43,18.87
2125,237.8,231.47,19.99
2126,186.8,182.52,20.45
2127,177.62,162.32,20.22
2128,101.98,89.15,19.47
2129,6.23,6.12,18.47
2130,0,0,17.68
2131,0,0,17.4
2132,0,0,16.83
2133,0,0,16.18
2134,0,0,15.94
2135,0,0,16.25
2136,0,0,16.72
2137,0,0,17.1
2138,0,0,17.1
2139,0,0,16.22
2140,0,0,15.49
2141,6.94,6.33,15.42
2142,23.43,23.03,15.49
2143,73.09,71.87,16.05
2144,54.35,53.44,16.47
2145,89.02,87.53,17.12
2146,226.76,222.97,17.53
2147,773.46,375.98,17.23
2148,511.85,384.3,17.25
2149,326.19,294.85,17.12
2150,246.9,228.92,17.09
2151,213.01,180.55,16.97
2152,191.47,80.6,16.3
2153,8.01,7.87,15.56
2154,0,0,14.71
2155,0,0,13.89
2156,0,0,13.44
2157,0,0,13.13
2158,0,0,12.75
2159,0,0,12.63
2160,0,0,12.42
2161,0,0,12.16
2162,0,0,11.93
2163,0,0,11.73
2164,0,0,11.75
2165,1.87,1.84,11.55
2166,106.55,91.43,11.44
2167,307.26,196.8,12.23
2168,526.95,270.82,13.38
2169,487.94,350.7,13.7
2170,648.69,393.86,13.85
2171,132.12,129.91,14.56
2172,686.34,388.12,15.07
2173,740.51,293.3,15.09
2174,683.47,154.81,14.41
2175,375.65,178.57,14.01
2176,198.77,80.49,13.4
2177,10.68,10.5,12.95
2178,0,0,12.39
2179,0,0,12.08
2180,0,0,12.07
2181,0,0,11.4
2182,0,0,10.79
2183,0,0,10.31
2184,0,0,9.88
2185,0,0,9.32
2186,0,0,8.98
2187,0,0,8.7
2188,0,0,8.47
2189,6.56,6.45,8.23
2190,233.43,75.82,8.39
2191,422.02,168.7,9.55
2192,691.26,180.45,10.51
2193,913.32,164.32,11.37
2194,995.07,210.67,10.75
2195,486.73,395.49,11.48
2196,263.66,258.09,12.4
2197,746.59,299.09,12.45
2198,88.08,86.61,12.21
2199,134.24,130.91,11.72
2200,210.94,75.71,10.76
2201,3.56,3.5,9.86
2202,0,0,9.6
2203,0,0,9.2
2204,0,0,9.06
2205,0,0,8.82
2206,0,0,8.42
2207,0,0,8.15
2208,0,0,7.98
2209,0,0,7.98
2210,0,0,8.07
2211,0,0,8.25
2212,0,0,8.38
2213,4.69,4.61,8.53
2214,208.68,92.52,8.85
2215,452.66,152.26,9.75
2216,683.82,188.97,10.67
2217,677.65,339.52,11.59
2218,943.24,267.69,12.3
2219,796.41,391.64,12.69
2220,860.53,327.94,13.01
2221,760.51,291.66,13.38
2222,453.57,290.55,13.15
2223,208.87,182.6,12.34
2224,60.91,59.89,11.55
2225,8.01,7.87,10.96
2226,0,0,10.49
2227,0,0,9.76
2228,0,0,9.25
2229,0,0,9.19
2230,0,0,9.2
2231,0,0,9.17
2232,0,0,9.01
2233,0,0,8.52
2234,0,0,8.44
2235,0,0,8.55
2236,0,0,8.83
2237,3.75,3.69,9.14
2238,64.65,63.58,9.78
2239,203.22,178.1,10.46
2240,411.92,288.2,11.17
2241,681.28,328.11,11.87
2242,656.33,396.28,12.33
2243,682.01,410.4,12.58
2244,577.42,398.23,12.65
2245,695.28,316.42,12.23
2246,254.3,235.39,12.18
2247,143.82,139.27,11.66
2248,90.25,84.04,11.24
2249,1.78,1.75,10.99
2250,0,0,10.74
2251,0,0,10.92
2252,0,0,10.81
2253,0,0,10.57
2254,0,0,10.49
2255,0,0,10.44
2256,0,0,10.34
2257,0,0,10.3
2258,0,0,10.12
2259,0,0,9.78
2260,0,0,9.56
2261,10.31,10.14,9.47
2262,190.37,103.71,10.36
2263,395.46,184.51,11.72
2264,601.96,245.47,12.6
2265,789.04,271.24,13.42
2266,919.55,273.61,14.4
2267,911.59,316.72,15.32
2268,911.95,273.29,15.72
2269,780.54,263.92,15.21
2270,592.49,234.75,14.84
2271,382.41,177.39,14.26
2272,170.12,101.39,13.79
2273,16.92,16.62,13.22
2274,0,0,12.71
2275,0,0,12.16
2276,0,0,11.28
2277,0,0,10.71
2278,0,0,10.24
2279,0,0,9.85
2280,0,0,10.29
2281,0,0,10.64
2282,0,0,10.3
2283,0,0,8.81
2284,0,0,8.48
2285,14.06,13.82,8.55
2286,167.14,110.06,10.25
2287,381.28,192.37,12.96
2288,598.47,248.58,15.17
2289,765.42,290.13,16.66
2290,885.68,302.81,17.79
2291,903.5,321.68,18.61
2292,916.81,266.79,19.21
2293,813.62,233.52,19.4
2294,610,221.58,19.17
2295,396.27,169.25,18.6
2296,113.82,99.1,17.6
2297,14.25,14,16.33
2298,0,0,15.14
2299,0,0,13.81
2300,0,0,13.56
2301,0,0,13.54
2302,0,0,13.22
2303,0,0,13.01
2304,0,0,12.75
2305,0,0,12.9
2306,0,0,12.58
2307,0,0,12.3
2308,0,0,12.1
2309,2.81,2.76,11.71
2310,37.48,36.86,11.71
2311,195.09,177.29,12.33
2312,240.71,227.5,12.81
2313,497.8,361.68,13.34
2314,964.13,242.14,14
2315,997.75,247.66,14.44
2316,959.26,232.53,15.03
2317,834.51,222.52,15.36
2318,644.57,198.86,15.35
2319,441.86,135.8,15.59
2320,203,83.11,15.28
2321,18.7,18.37,14.68
2322,0,0,13.84
2323,0,0,13.27
2324,0,0,12.8
2325,0,0,12.38
2326,0,0,12.06
2327,0,0,11.77
2328,0,0,11.8
2329,0,0,11.71
2330,0,0,11.45
2331,0,0,11.23
2332,0,0,11.02
2333,27.13,18.2,10.8
2334,253.61,79.89,11.65
2335,516.5,114.36,13.71
2336,738.29,149.17,15.56
2337,925.23,162.77,17.28
2338,1042.36,169.5,18.74
2339,1065.43,182.43,19.49
2340,1046.91,151.08,19.44
2341,911.38,150.98,19.26
2342,697.64,152.95,19.19
2343,470.53,116.14,18.99
2344,217.97,74.42,18.38
2345,19.59,19.24,17.36
2346,0,0,16.11
2347,0,0,15.03
2348,0,0,14.12
2349,0,0,13.48
2350,0,0,13.07
2351,0,0,12.85
2352,0,0,12.71
2353,0,0,12.6
2354,0,0,12.52
2355,0,0,12.47
2356,0,0,12.42
2357,29.11,19.32,12.32
2358,246.73,86.09,13.08
2359,473.74,150.2,15.01
2360,729.16,156.95,16.48
2361,901.61,183.33,17.61
2362,474.61,390.4,18.44
2363,452.53,389.6,19.16
2364,608.27,411.53,19.4
2365,620.12,357.18,19.23
2366,672.9,175.56,18.8
2367,441.26,140.8,18.26
2368,209.78,79.64,17.7
2369,20.48,20.12,16.55
2370,0,0,15.16
2371,0,0,14.61
2372,0,0,13.81
2373,0,0,13.44
2374,0,0,13.33
2375,0,0,13.03
2376,0,0,12.63
2377,0,0,12.04
2378,0,0,11.54
2379,0,0,11.14
2380,0,0,10.86
2381,19.92,19.15,10.73
2382,243.15,94.23,11.27
2383,454.78,175.42,12.11
2384,712.22,186.33,13.08
2385,890.5,212.35,13.79
2386,1015.7,210.35,14.31
2387,872.12,372.48,14.31
2388,901.72,311.71,14.05
2389,870.86,202.44,13.75
2390,711.38,143.98,13.51
2391,480.29,110.4,13.08
2392,222.34,73.66,12.44
2393,20.48,20.12,11.7
2394,0,0,10.96
2395,0,0,10.58
2396,0,0,10.25
2397,0,0,9.87
2398,0,0,9.3
2399,0,0,8.75
2400,0,0,10.5
2401,0,0,10.36
2402,0,0,10.18
2403,0,0,9.93
2404,0,0,9.56
2405,32.72,19.93,8.88
2406,259.07,86.65,8.48
2407,518.62,123.39,11.6
2408,760.77,140.83,12.57
2409,954.71,145.62,13.44
2410,1066.55,155.42,14.15
2411,1089.72,168.42,14.63
2412,1039.57,166.15,14.9
2413,899.68,168.78,14.93
2414,705.12,151.74,14.79
2415,455.17,135.38,14.5
2416,212.98,81.73,13.98
2417,21.37,20.99,13.21
2418,0,0,12.41
2419,0,0,11.78
2420,0,0,11.33
2421,0,0,10.69
2422,0,0,9.86
2423,0,0,9.34
2424,0,0,8.7
2425,0,0,8.26
2426,0,0,7.95
2427,0,0,7.64
2428,0,0,7.09
2429,39.82,29.22,6.67
2430,252.74,89.95,9.24
2431,518.97,120.88,12.11
2432,725.77,170.13,13.82
2433,870.39,232.55,15.18
2434,950.57,277.45,16.22
2435,953.65,310.24,16.86
2436,975.66,232.67,17.14
2437,858.41,208.37,17.14
2438,698.19,151.12,16.85
2439,409.68,174.04,16.3
2440,193,101.78,15.55
2441,22.26,21.87,14.81
2442,0,0,14.06
2443,0,0,13.5
2444,0,0,12.82
2445,0,0,11.94
2446,0,0,11.08
2447,0,0,10.43
2448,0,0,10.06
2449,0,0,9.7
2450,0,0,9.56
2451,0,0,9.13
2452,0,0,8.52
2453,43.28,28.39,8.17
2454,263.91,86.01,9.93
2455,520.3,121.49,13.48
2456,712.67,187.9,15.21
2457,373.91,332.6,16.37
2458,1076.68,137.08,17.08
2459,1098.75,150.13,17.45
2460,1036.37,160.87,17.46
2461,731.91,318.7,17.42
2462,313.56,274,17.13
2463,382.24,192.96,16.65
2464,208.78,86.62,16.15
2465,25.82,25.37,15.61
2466,0,0,14.93
2467,0,0,14.03
2468,0,0,13.05
2469,0,0,12.34
2470,0,0,11.8
2471,0,0,11.25
2472,0,0,10.8
2473,0,0,10.29
2474,0,0,10.12
2475,0,0,9.87
2476,0,0,9.58
2477,29.76,28.41,9.76
2478,138.37,119.75,11.64
2479,381.24,216.95,13.79
2480,635.18,250.86,15.84
2481,729.23,333.85,17.42
2482,750.27,397.75,18.65
2483,845.92,379.11,19.4
2484,636.29,414.78,19.66
2485,357.38,321.65,19.53
2486,235.62,225.29,19.24
2487,81.52,80.16,18.79
2488,28.11,27.64,18.03
2489,16.92,16.62,17.19
2490,0,0,16.4
2491,0,0,16.17
2492,0,0,15.16
2493,0,0,14.34
2494,0,0,13.86
2495,0,0,13.11
2496,0,0,12.17
2497,0,0,11.58
2498,0,0,11.37
2499,0,0,11.01
2500,0,0,11.04
2501,30.69,29.33,11.84
2502,59.03,58.05,11.76
2503,153.88,150.25,16.48
2504,158.35,155.71,18.11
2505,380.73,337.35,19.13
2506,485.01,400.16,19.63
2507,302.63,294.2,19.67
2508,425.91,374.11,19.73
2509,346.37,316.44,20.16
2510,192.29,188.03,20.47
2511,183.75,172.76,20.26
2512,77.77,76.47,19.54
2513,20.48,20.12,18.76
2514,0,0,18.04
2515,0,0,15.94
2516,0,0,15.21
2517,0,0,14.98
2518,0,0,14.79
2519,0,0,13.95
2520,0,0,13.94
2521,0,0,13.39
2522,0,0,12.99
2523,0,0,12.02
2524,0,0,13.08
2525,13.12,12.9,13.15
2526,30.92,30.41,12.84
2527,65.59,64.5,14.55
2528,275.61,255.65,15.09
2529,470.34,368.63,15.47
2530,253.93,249.69,16.49
2531,235.19,231.27,17.08
2532,852.55,330.52,17.18
2533,832.68,213.9,17.02
2534,644.87,194.59,16.52
2535,409.57,168.59,16.17
2536,202.49,90.29,15.73
2537,17.81,17.5,14.93
2538,0,0,14.14
2539,0,0,13.5
2540,0,0,13.43
2541,0,0,13.41
2542,0,0,12.77
2543,0,0,12.99
2544,0,0,13.53
2545,0,0,13.5
2546,0,0,13.24
2547,0,0,12.98
2548,0,0,12.17
2549,51.06,34.22,9.93
2550,249.49,104.31,12.24
2551,104.94,103.19,13.87
2552,491.89,309.96,14.89
2553,540.02,378.56,15.18
2554,112.44,110.57,14.81
2555,94.64,93.06,14.36
2556,225.82,222.05,14.77
2557,223.94,220.21,13.08
2558,115.25,113.33,12.4
2559,112.44,110.57,12.09
2560,80.46,78.32,11.61
2561,8.01,7.87,11.4
2562,0,0,10.85
2563,0,0,10.99
2564,0,0,10.76
2565,0,0,10.42
2566,0,0,10.73
2567,0,0,10.96
2568,0,0,11.01
2569,0,0,10.83
2570,0,0,10.7
2571,0,0,10.39
2572,0,0,10.13
2573,26.24,25.8,9.91
2574,173.35,135.29,10.75
2575,328.6,232.55,12.15
2576,699.29,203.36,12.8
2577,860.64,238.4,13.07
2578,982.18,234.03,13.26
2579,945.68,309.74,13.63
2580,842.3,346.46,13.57
2581,809.79,249.77,13.62
2582,668.64,175.34,13.41
2583,450.29,128.33,13.03
2584,220.08,75.42,12.64
2585,29.38,28.87,12.13
2586,0,0,11.56
2587,0,0,10.72
2588,0,0,9.92
2589,0,0,9.01
2590,0,0,8.41
2591,0,0,8.76
2592,0,0,8.7
2593,0,0,8.52
2594,0,0,7.86
2595,0,0,7.37
2596,0,0,6.89
2597,55.4,33.23,6.66
2598,279.08,88.98,9.54
2599,529.78,126.3,11.47
2600,777.13,131.35,12.71
2601,946.87,155.18,13.91
2602,1069.92,146.83,15.03
2603,1083.8,166.1,15.92
2604,1049.04,145.7,16.5
2605,906.78,151.66,16.98
2606,709.8,138.01,16.82
2607,470.34,115.44,16.09
2608,224.22,74.05,15.32
2609,29.38,28.87,14.59
2610,0,0,13.82
2611,0,0,13.01
2612,0,0,11.89
2613,0,0,11.31
2614,0,0,11.14
2615,0,0,11
2616,0,0,10.87
2617,0,0,10.8
2618,0,0,10.77
2619,0,0,10.77
2620,0,0,10.77
2621,56.06,38.53,10.94
2622,259.08,105.46,12.59
2623,471.82,174.66,15.16
2624,707.11,188.5,17.02
2625,876.11,213.23,18.28
2626,935.5,276.78,19.11
2627,895.9,342.85,19.6
2628,711.51,403.62,20.08
2629,686.16,337.21,19.79
2630,107.76,105.96,19.81
2631,81.52,80.16,19.79
2632,165.74,122.15,19.33
2633,23.15,22.74,18.79
2634,0,0,18.08
2635,0,0,17.09
2636,0,0,16.22
2637,0,0,15.88
2638,0,0,15.73
2639,0,0,15.38
2640,0,0,14.78
2641,0,0,14.29
2642,0,0,13.79
2643,0,0,13.06
2644,0,0,13
2645,29.98,29.48,12.88
2646,63.72,62.65,14.5
2647,122.75,120.7,18.56
2648,350.4,297.36,19
2649,253.25,247.93,19.67
2650,416.43,373.05,20.23
2651,528.97,423.11,20.94
2652,457.95,390.24,21.43
2653,297.04,283.52,21.24
2654,386.32,300.6,21.35
2655,55.28,54.36,21.03
2656,47.79,46.99,20.38
2657,32.94,32.37,18.96
2658,0,0,17.86
2659,0,0,15.16
2660,0,0,14.22
2661,0,0,13.51
2662,0,0,13.37
2663,0,0,13.04
2664,0,0,12.64
2665,0,0,12.39
2666,0,0,12.34
2667,0,0,12.08
2668,0,0,11.84
2669,60.15,41.89,11.92
2670,256.43,114.2,12.82
2671,465.86,183.26,14.13
2672,538.73,308.67,15.51
2673,197.71,194.41,16.71
2674,328.94,315.75,17.03
2675,161.17,158.48,16.01
2676,407.65,367.11,16.46
2677,525.34,374.82,16.86
2678,185.53,182.43,16.53
2679,287.28,219.2,15.79
2680,141.8,121.34,15.69
2681,33.83,33.24,15.49
2682,0,0,14.92
2683,0,0,14.35
2684,0,0,13.95
2685,0,0,13.51
2686,0,0,13.06
2687,0,0,12.56
2688,0,0,12.04
2689,0,0,11.55
2690,0,0,11.22
2691,0,0,11.13
2692,0,0,10.74
2693,63.51,38.74,10.79
2694,283.02,92.51,12.1
2695,527.39,127.71,15.04
2696,776.16,124.58,16.89
2697,939.8,149.26,18.31
2698,1025.93,176.94,19.34
2699,1029.99,211.45,19.91
2700,979.65,205.65,20.1
2701,850.69,200.01,20.13
2702,634.68,212.92,19.94
2703,404.48,182.74,19.8
2704,187.92,118.38,19.5
2705,37.4,36.74,18.76
2706,0,0,17.53
2707,0,0,16.11
2708,0,0,15.36
2709,0,0,14.69
2710,0,0,14.31
2711,0,0,14.09
2712,0,0,13.81
2713,0,0,13.69
2714,0,0,13.51
2715,0,0,13.35
2716,0,0,13.15
2717,64.24,40.78,12.99
2718,231.11,139.06,14.11
2719,369.73,237.75,16.45
2720,630.06,271.13,18.17
2721,769.7,323.51,19.31
2722,858.47,352.36,19.82
2723,882,360.68,20.1
2724,853.35,338.62,19.91
2725,774.33,283.2,19.54
2726,596.86,247.8,19.03
2727,395.86,188.68,18.29
2728,195.88,111.37,17.32
2729,37.4,36.74,16.37
2730,0,0,15.62
2731,0,0,14.32
2732,0,0,13.37
2733,0,0,12.73
2734,0,0,12.46
2735,0,0,12.15
2736,0,0,11.85
2737,0,0,11.62
2738,0,0,11.15
2739,0,0,10.59
2740,0,0,11.45
2741,67.24,41.01,12.34
2742,290.21,90.99,12.76
2743,536.81,126.12,15.56
2744,767.37,142.55,16.46
2745,945.31,152.87,17.22
2746,1059.25,151.04,17.79
2747,1071.12,170.09,18.12
2748,1000.73,186.4,18.18
2749,893.77,154.45,18.03
2750,697.23,144.68,17.68
2751,456.11,127.6,17.16
2752,215.25,88.07,16.51
2753,35.62,34.99,15.69
2754,0,0,14.81
2755,0,0,13.96
2756,0,0,13.58
2757,0,0,13.05
2758,0,0,12.46
2759,0,0,12
2760,0,0,11.79
2761,0,0,11.54
2762,0,0,11.29
2763,0,0,11.02
2764,0,0,10.73
2765,67.86,52.21,10.79
2766,272.44,112.32,13.51
2767,472.37,192.52,16.01
2768,716.87,194.34,17.11
2769,860.61,245.92,17.81
2770,953.18,271.66,18.36
2771,972.76,283.89,18.81
2772,984.91,196.19,19.11
2773,889.48,150.9,19.19
2774,686,149.2,18.84
2775,453.64,125.29,18.3
2776,214.49,87.8,17.81
2777,37.4,36.74,17.06
2778,0,0,16.36
2779,0,0,15.84
2780,0,0,14.86
2781,0,0,14.27
2782,0,0,13.85
2783,0,0,13.45
2784,0,0,12.91
2785,0,0,12.53
2786,0,0,12.49
2787,0,0,12.8
2788,0,0,13
2789,69.31,54.11,12.9
2790,264.61,120.4,14.93
2791,488.89,175.44,17.1
2792,739.37,159.9,18.18
2793,893.06,196.22,18.92
2794,0,0,19.38
2795,1022.79,210.72,19.6
2796,988.88,179.14,19.67
2797,868.84,165.82,19.62
2798,566.67,269.84,19.34
2799,429.09,154.4,18.83
2800,210.59,92.3,18.17
2801,40.96,40.24,17.47
2802,0,0,16.67
2803,0,0,15.9
2804,0,0,15.21
2805,0,0,14.39
2806,0,0,13.98
2807,0,0,13.7
2808,0,0,13.29
2809,0,0,12.47
2810,0,0,12.29
2811,0,0,12.45
2812,0,0,13.15
2813,53.7,51.21,13.56
2814,199.24,152.22,14.14
2815,438.92,218.63,16.63
2816,620.68,283.29,17.78
2817,719.89,356.62,18.46
2818,464.5,400.71,18.74
2819,741.42,430.69,18.91
2820,802.32,373.18,18.89
2821,814.87,238.49,18.89
2822,612.56,233.42,18.63
2823,214.05,196.82,18.12
2824,114.07,108.61,17.49
2825,34.73,34.12,16.7
2826,0,0,15.83
2827,0,0,14.84
2828,0,0,14.84
2829,0,0,14.56
2830,0,0,14.18
2831,0,0,13.69
2832,0,0,13.55
2833,0,0,13.46
2834,0,0,13.47
2835,0,0,13.17
2836,0,0,13.07
2837,36.54,35.93,13.49
2838,59.03,58.05,14.03
2839,126.5,124.39,15.64
2840,177.09,174.14,16.61
2841,254.14,248.84,17.27
2842,337.14,324,17.38
2843,366.5,347.5,17.46
2844,478.32,403.43,17.28
2845,420.56,358.55,17.24
2846,217.64,212.02,17.3
2847,183.74,176.14,16.8
2848,66.53,65.42,16.45
2849,39.18,38.49,16.15
2850,0,0,15.6
2851,0,0,14.29
2852,0,0,13.25
2853,0,0,13.23
2854,0,0,13.41
2855,0,0,13.41
2856,0,0,12.97
2857,0,0,11.73
2858,0,0,12.39
2859,0,0,12.6
2860,0,0,12.84
2861,74.49,55.85,12.44
2862,282.21,108.44,13.46
2863,518.81,147.81,15.64
2864,744.09,158.9,17.07
2865,658.68,383.72,18.14
2866,743.66,416.37,18.66
2867,943.76,311.16,18.7
2868,980.35,195.64,18.76
2869,748.36,306.64,18.39
2870,481.06,310.01,18.1
2871,290.68,227.32,17.66
2872,140.87,126.66,16.9
2873,43.63,42.86,16.08
2874,0,0,15.49
2875,0,0,15.02
2876,0,0,14.36
2877,0,0,13.7
2878,0,0,13.71
2879,0,0,13.93
2880,0,0,13.7
2881,0,0,13.18
2882,0,0,12.95
2883,0,0,13.08
2884,0,0,13.15
2885,74.69,63.21,13.49
2886,207.23,158.43,14.18
2887,382.31,248.68,14.8
2888,670.91,252.05,15.77
2889,699.1,373.62,16.56
2890,775.81,408.39,17.05
2891,896.68,357.63,17.57
2892,739.86,408.77,17.81
2893,651.01,367.11,17.91
2894,656.4,188.66,17.55
2895,463.11,116.83,17.19
2896,224.21,75.82,16.63
2897,38.29,37.61,15.81
2898,0,0,15.05
2899,0,0,14.22
2900,0,0,14.28
2901,0,0,14.18
2902,0,0,13.68
2903,0,0,12.47
2904,0,0,12.54
2905,0,0,12.19
2906,0,0,11.72
2907,0,0,10.94
2908,0,0,10.43
2909,78.44,52.09,10.72
2910,289.82,102.25,13.42
2911,527.42,137.44,15.27
2912,754.8,149.18,16.31
2913,930.01,155.53,16.97
2914,1034.03,160.13,17.46
2915,1055.1,167.48,17.72
2916,1013.11,152.6,17.86
2917,905.95,122.08,17.8
2918,700.72,127.15,17.65
2919,464.19,111.71,17.29
2920,219.69,82.19,16.73
2921,40.07,39.36,16.02
2922,0,0,15.32
2923,0,0,14.11
2924,0,0,13.81
2925,0,0,13.54
2926,0,0,13.28
2927,0,0,13.41
2928,0,0,13.44
2929,0,0,13.15
2930,0,0,12.9
2931,0,0,12.73
2932,0,0,12.56
2933,72.81,65.37,12.56
2934,285.69,107.65,13.04
2935,511.58,154.48,14.93
2936,727.58,175.8,15.89
2937,902.9,178.71,16.64
2938,894.64,321.31,17.2
2939,962.05,280.58,17.65
2940,1004.68,153.26,17.95
2941,867.4,157.57,17.96
2942,687.27,135.76,17.73
2943,438.01,140.99,17.41
2944,216.47,84.87,17
2945,40.96,40.24,16.43
2946,0,0,15.77
2947,0,0,15.25
2948,0,0,14.41
2949,0,0,13.42
2950,0,0,12.71
2951,0,0,12.32
2952,0,0,12.04
2953,0,0,12.59
2954,0,0,12.8
2955,0,0,13.09
2956,0,0,12.76
2957,80.02,52.76,12.28
2958,290.82,98.94,15.32
2959,519.24,138.66,17.1
2960,739.07,154.42,18.2
2961,904.7,167.03,18.99
2962,989.16,196.47,19.29
2963,592.2,442.75,19.63
2964,694.95,414.65,19.71
2965,388.81,345.62,19.5
2966,566.66,267.51,19.03
2967,326.9,228.05,18.65
2968,204.66,111.41,18.36
2969,47.19,46.36,17.83
2970,0,0,17.33
2971,0,0,17.66
2972,0,0,17.37
2973,0,0,16.71
2974,0,0,16.14
2975,0,0,15.74
2976,0,0,15.34
2977,0,0,15.17
2978,0,0,15.06
2979,0,0,14.86
2980,0,0,14.62
2981,78.57,68.01,14.9
2982,58.09,57.13,16.84
2983,453.72,213.39,19.31
2984,498.7,332.23,21.25
2985,447.07,376,22.9
2986,723.3,417.99,24
2987,786.88,411.01,24.49
2988,840.65,336.5,24.52
2989,834.59,189.04,24.25
2990,323.95,287.56,24.29
2991,312.54,230.18,24.18
2992,213.88,91,23.4
2993,43.63,42.86,22.09
2994,0,0,20.97
2995,0,0,20.57
2996,0,0,20.19
2997,0,0,20.13
2998,0,0,19.99
2999,0,0,19.75
3000,0,0,19.38
3001,0,0,18.98
3002,0,0,18.46
3003,0,0,17.92
3004,0,0,17.44
3005,81.66,69.18,17.16
3006,207.3,160.71,17.54
3007,390.52,246.32,18.88
3008,541.49,322.32,19.4
3009,673.29,374.05,19.38
3010,249.24,245.09,18.03
3011,165.85,163.08,18.08
3012,76.83,75.55,17.92
3013,210.83,207.31,17.95
3014,270.93,255.8,18.29
3015,355.25,219.35,17.56
3016,208.53,107.9,16.56
3017,44.52,43.74,15.86
3018,0,0,15
3019,0,0,14.68
3020,0,0,14.79
3021,0,0,14.58
3022,0,0,14.4
3023,0,0,14.29
3024,0,0,14.18
3025,0,0,14.05
3026,0,0,13.96
3027,0,0,14.15
3028,0,0,14.19
3029,22.49,22.11,14.39
3030,154.24,141.96,14.97
3031,190.41,184.4,15.5
3032,120.87,118.86,15.93
3033,200.52,197.18,16.69
3034,155.54,152.95,16.2
3035,356.27,339.84,16.33
3036,336.98,323.07,16.45
3037,152.73,150.19,16.87
3038,83.39,82,16.66
3039,134.93,132.68,16.78
3040,154.11,134.36,16.46
3041,38.29,37.61,16
3042,0,0,15.59
3043,0,0,15.25
3044,0,0,14.69
3045,0,0,14.43
3046,0,0,14.45
3047,0,0,14.54
3048,0,0,14.46
3049,0,0,14.09
3050,0,0,13.93
3051,0,0,13.75
3052,0,0,13.44
3053,84.42,55.76,14
3054,289.71,105.47,14.57
3055,499.52,167.2,14.95
3056,709.62,187.8,15.54
3057,596.35,394.21,16.32
3058,957.13,229.44,17.12
3059,701.36,437.69,17.24
3060,559.12,424.77,16.71
3061,434.61,365.96,16.52
3062,488.31,307.85,15.89
3063,234.43,211.52,15.82
3064,178.47,139.4,15.43
3065,46.3,45.49,15.29
3066,0,0,14.58
3067,0,0,14.35
3068,0,0,13.31
3069,0,0,12.82
3070,0,0,12.86
3071,0,0,12.55
3072,0,0,12.47
3073,0,0,12.34
3074,0,0,12.51
3075,0,0,12.96
3076,0,0,12.89
3077,85.13,72.79,13.41
3078,196.75,162.27,14.03
3079,313.36,251.88,14.97
3080,394.03,324.47,15.84
3081,273.96,267.33,16.16
3082,315.61,306.18,16.42
3083,413.77,380.8,16.58
3084,204.27,200.86,16.55
3085,191.15,187.96,16.55
3086,89.02,87.53,16.01
3087,226.93,206.81,15.89
3088,157.83,136.95,15.88
3089,52.53,51.61,15.76
3090,0,0,15.31
3091,0,0,14.74
3092,0,0,13.61
3093,0,0,13.63
3094,0,0,13.87
3095,0,0,13.83
3096,0,0,13.78
3097,0,0,13.75
3098,0,0,13.62
3099,0,0,13.22
3100,0,0,12.02
3101,87.46,56.82,12.48
3102,295.59,102.12,13.61
3103,522.19,138.87,15.85
3104,737.36,153.6,16.79
3105,901.03,166.21,17.51
3106,1005.11,165.82,18.17
3107,1030.46,166.92,18.64
3108,993.78,147.05,18.72
3109,867.73,142.25,18.3
3110,677.62,134.64,18.1
3111,453.31,115.18,18.01
3112,219.39,84.96,17.85
3113,46.3,45.49,17.52
3114,0,0,16.75
3115,0,0,15.51
3116,0,0,14.87
3117,0,0,15.1
3118,0,0,14.86
3119,0,0,14.73
3120,0,0,14.62
3121,0,0,13.73
3122,0,0,13.64
3123,0,0,14.2
3124,0,0,14.32
3125,89.14,61.99,14.44
3126,284.24,124.43,15.13
3127,502.33,170.2,16.8
3128,715.76,187.97,17.56
3129,878.22,201.28,18.41
3130,986.31,194.22,19.24
3131,1004.04,205.53,19.82
3132,970.22,174.4,20.1
3133,847.18,165.13,20.08
3134,666.33,149.09,19.85
3135,448.8,121.57,19.1
3136,218.87,88.47,18.4
3137,48.97,48.11,17.73
3138,0,0,16.89
3139,0,0,15.96
3140,0,0,14.81
3141,0,0,14.21
3142,0,0,13.99
3143,0,0,13.89
3144,0,0,14.14
3145,0,0,14.79
3146,0,0,15.25
3147,0,0,15.5
3148,0,0,15.53
3149,89.05,56.15,15.43
3150,297.6,105.35,15.78
3151,525.39,142.22,17.41
3152,745.21,152.11,18.48
3153,914.16,159.64,19.52
3154,1019.29,159.19,20.4
3155,1049.88,153.05,20.94
3156,1012.7,133.2,21.07
3157,879.12,134.68,20.84
3158,681.26,138.06,20.39
3159,460.66,110.82,19.8
3160,224.96,80.53,19.16
3161,48.08,47.24,18.48
3162,0,0,17.7
3163,0,0,16.44
3164,0,0,15.35
3165,0,0,14.67
3166,0,0,14.8
3167,0,0,15.17
3168,0,0,15.07
3169,0,0,15.04
3170,0,0,15.09
3171,0,0,15.41
3172,0,0,15.7
3173,89.62,51.41,15.87
3174,302.4,98.53,16.76
3175,527.45,142.93,18.76
3176,746.1,151.85,19.68
3177,895.01,183.68,20.4
3178,981.4,212.01,20.86
3179,1011.11,205.05,20.99
3180,971.8,182.06,20.91
3181,848.91,170.64,20.77
3182,658.39,171.97,20.76
3183,454.11,121.02,20.59
3184,223.78,85.89,20.24
3185,48.08,47.24,19.65
3186,0,0,18.84
3187,0,0,17.37
3188,0,0,16.9
3189,0,0,17.16
3190,0,0,17.04
3191,0,0,16.83
3192,0,0,15.43
3193,0,0,14.9
3194,0,0,15.03
3195,0,0,15.61
3196,1.78,1.75,15.91
3197,91,50.82,16.64
3198,309.07,94.44,16.79
3199,535.58,133.01,19.35
3200,754.01,146.62,20.16
3201,924.08,153.05,20.52
3202,1030.24,151.51,20.89
3203,1060.73,145.36,21.24
3204,1022.18,123.47,21.52
3205,888.47,127.12,21.61
3206,688.45,131.65,21.48
3207,467.34,108.37,21.09
3208,228.93,77.16,20.61
3209,48.08,47.24,20.03
3210,0,0,19.14
3211,0,0,17.64
3212,0,0,16.47
3213,0,0,15.4
3214,0,0,15.65
3215,0,0,16.08
3216,0,0,16.28
3217,0,0,16.36
3218,0,0,15.48
3219,0,0,14.6
3220,1.78,1.75,14.59
3221,91.33,51.75,14.87
3222,308.1,96.1,16.89
3223,533.14,137.59,19.46
3224,741.08,160.27,20.12
3225,897.95,184.18,20.63
3226,989.79,202.36,21.13
3227,1019.38,194.34,21.64
3228,973.55,180.52,21.96
3229,851.76,170.13,22.13
3230,664.07,164.62,22.05
3231,456.01,119.57,21.82
3232,224.74,86.39,21.37
3233,48.97,48.11,20.7
3234,0,0,19.84
3235,0,0,18.72
3236,0,0,17.46
3237,0,0,16.79
3238,0,0,16.61
3239,0,0,16.19
3240,0,0,15.74
3241,0,0,15.68
3242,0,0,16.01
3243,0,0,16.15
3244,2.67,2.62,15.75
3245,92.17,52.46,15.43
3246,309.01,94.94,18.07
3247,534.03,133.47,19.92
3248,746.96,151.07,20.72
3249,919.56,152.51,21.12
3250,1019.24,157.16,21.38
3251,1049.69,151.05,21.66
3252,1012.33,130.24,21.81
3253,885.03,127.68,21.75
3254,689.17,128.23,21.54
3255,465.88,107.94,21.17
3256,228.24,80.5,20.65
3257,52.53,51.61,19.93
3258,0,0,18.96
3259,0,0,17.77
3260,0,0,17.12
3261,0,0,17.29
3262,0,0,17.13
3263,0,0,16.8
3264,0,0,16.87
3265,0,0,16.97
3266,0,0,16.81
3267,0,0,16.77
3268,3.56,3.5,16.76
3269,92.74,53.27,16.84
3270,309.31,94.72,17.15
3271,528.21,141.89,19.01
3272,738.17,160.72,20.04
3273,868.59,223.5,20.97
3274,973.73,219.9,21.74
3275,1008.66,202.89,22.26
3276,975.42,172.88,22.58
3277,847.72,169.58,22.75
3278,665.06,158.27,22.53
3279,455.84,121,22.29
3280,226.14,85.97,21.92
3281,49.86,48.99,21.3
3282,0,0,20.36
3283,0,0,18.96
3284,0,0,18.01
3285,0,0,17.4
3286,0,0,18.04
3287,0,0,18.08
3288,0,0,17.91
3289,0,0,17.79
3290,0,0,17.75
3291,0,0,17.77
3292,3.56,3.5,17.71
3293,92.91,56.54,17.67
3294,303.62,99.3,18.11
3295,529.69,131.05,19.3
3296,740.99,147.54,20.23
3297,902.94,158.04,21.02
3298,1006.44,157.64,21.61
3299,1030.62,158.74,22
3300,989.52,144.11,22.27
3301,860.26,144.32,22.41
3302,667.46,144.39,22.39
3303,450.42,121.81,22.07
3304,224.54,86.89,21.47
3305,52.53,51.61,20.65
3306,0,0,19.71
3307,0,0,18.89
3308,0,0,18.34
3309,0,0,18.65
3310,0,0,18.58
3311,0,0,18.49
3312,0,0,18.2
3313,0,0,17.71
3314,0,0,17.82
3315,0,0,18.34
3316,3.56,3.5,18.33
3317,94.37,59.26,18.42
3318,250.34,170.18,19.23
3319,473.02,214.95,20.51
3320,699.17,214.89,21.17
3321,884.64,192.07,21.7
3322,997.11,174.8,22.17
3323,1037.88,157.54,22.44
3324,985.53,155.13,22.48
3325,862.44,149.13,22.2
3326,679.51,136.37,21.72
3327,460.57,113.03,21.23
3328,229.17,80.92,20.71
3329,50.75,49.86,20.12
3330,0,0,19.43
3331,0,0,18.64
3332,0,0,17.95
3333,0,0,16.88
3334,0,0,16.8
3335,0,0,16.61
3336,0,0,16.26
3337,0,0,15.77
3338,0,0,15.6
3339,0,0,15.66
3340,5.34,5.25,15.56
3341,94.77,53.24,15.53
3342,315.9,92.06,18.41
3343,546.42,126.71,19.78
3344,759.01,145.17,20.78
3345,918.49,160.74,21.41
3346,1017.97,167.55,21.81
3347,1025.62,193.13,22.13
3348,990.85,165.15,22.23
3349,858.07,168.93,22.19
3350,677.72,151.73,21.95
3351,459.17,125.94,21.51
3352,230.7,86.08,20.9
3353,51.64,50.74,20.18
3354,0,0,19.38
3355,0,0,18.42
3356,0,0,18.04
3357,0,0,17.98
3358,0,0,17.62
3359,0,0,17.27
3360,0,0,16.97
3361,0,0,16.81
3362,0,0,16.59
3363,0,0,16.37
3364,6.23,6.12,16.26
3365,95.23,52.93,16.46
3366,315.22,94.63,17.1
3367,544.31,132.26,18.58
3368,762.07,143.95,19.63
3369,931.67,148.38,20.57
3370,1037.5,146.87,21.41
3371,1068.83,140.77,21.84
3372,1015.03,138.47,22.08
3373,892.84,128.67,22.27
3374,701.78,125.16,22.23
3375,473.88,107.74,22.18
3376,235.59,79.21,21.6
3377,50.75,49.86,20.71
3378,0,0,19.8
3379,0,0,18.29
3380,0,0,18.13
3381,0,0,17.95
3382,0,0,16.47
3383,0,0,15.97
3384,0,0,15.97
3385,0,0,16.65
3386,0,0,17.16
3387,0,0,17.23
3388,7.12,7,17.36
3389,95.16,56.27,17.7
3390,306.65,98.4,18.04
3391,533.65,131.11,20.75
3392,740.8,150.61,21.74
3393,896.33,167.23,22.53
3394,988.16,182.22,23
3395,1012.36,183.35,23.14
3396,951.51,197.86,23.41
3397,833.08,185.25,23.85
3398,656.09,171.64,24.11
3399,445.18,137.95,23.89
3400,226.41,96.35,23.32
3401,54.31,53.36,22.49
3402,0,0,21.5
3403,0,0,20.39
3404,0,0,19.15
3405,0,0,18.56
3406,0,0,18.67
3407,0,0,18.72
3408,0,0,19.44
3409,0,0,18.91
3410,0,0,17.26
3411,0,0,15.75
3412,6.23,6.12,15.24
3413,98.82,71.43,16.03
3414,293.26,122.69,20.07
3415,515.76,155.78,22.85
3416,722.06,173.99,23.99
3417,883.49,183.05,24.71
3418,984.26,181.96,25.48
3419,1008.47,184.13,26.08
3420,957.79,178.5,26.25
3421,843.83,163.22,26.17
3422,663,152.08,25.87
3423,448.22,131.18,25.66
3424,225.72,100.95,25.56
3425,58.77,57.73,25.11
3426,0,0,24.18
3427,0,0,22.29
3428,0,0,21.6
3429,0,0,21.04
3430,0,0,20.05
3431,0,0,19.23
3432,0,0,18.91
3433,0,0,18.76
3434,0,0,18.5
3435,0,0,18.19
3436,7.12,7,17.81
3437,100.91,75.37,18.47
3438,292.2,125.32,21.48
3439,511.99,159.37,24.19
3440,709.14,193.28,26.06
3441,841.93,242.05,27.19
3442,949.27,235.88,27.9
3443,983.99,221.16,28.4
3444,946.09,197.37,28.74
3445,828.98,185.78,28.95
3446,655.82,164.46,28.94
3447,442.22,143.25,28.7
3448,224.86,106.56,28.39
3449,58.77,57.73,27.79
3450,0,0,26.79
3451,0,0,25.43
3452,0,0,24.12
3453,0,0,22.76
3454,0,0,21.4
3455,0,0,20.19
3456,0,0,19.15
3457,0,0,18.53
3458,0,0,18.24
3459,0,0,18.15
3460,2.67,2.62,18.3
3461,97.74,87.65,19.58
3462,193.4,170.94,22.44
3463,476.73,209.96,25.38
3464,498.88,346.3,27.68
3465,230.5,226.66,29.31
3466,310.44,303.25,30.47
3467,472.51,417.35,31.05
3468,463.85,405.46,31.37
3469,198.65,195.33,31.51
3470,383.45,320.58,31.19
3471,402.03,206.06,30.82
3472,190.69,156.08,30.09
3473,66.78,65.61,28.83
3474,0,0,27.38
3475,0,0,25.24
3476,0,0,24.06
3477,0,0,23.17
3478,0,0,22.39
3479,0,0,21.13
3480,0,0,19.97
3481,0,0,19.57
3482,0,0,19.4
3483,0,0,19.9
3484,8.01,7.87,20.22
3485,101.68,83.2,20.72
3486,270.98,153.69,22.93
3487,393.51,260.58,24.67
3488,653.67,252.75,26.67
3489,783.15,301.41,27.99
3490,441.77,396.26,29.01
3491,237.06,233.11,29.88
3492,165.85,163.08,30.21
3493,619.57,376.33,29.87
3494,220.21,215.63,29.37
3495,208.09,198.14,28.87
3496,146.12,137.66,28.35
3497,45.41,44.61,27.84
3498,0,0,27.32
3499,0,0,26.08
3500,0,0,24.55
3501,0,0,23.85
3502,0,0,23
3503,0,0,22.59
3504,0,0,22.03
3505,0,0,21.03
3506,0,0,20.23
3507,0,0,19.71
3508,10.68,10.5,19.84
3509,30.92,30.41,21.06
3510,68.4,67.26,21.75
3511,255.6,235.48,23.28
3512,437.39,343.54,24.34
3513,203.33,199.94,25.95
3514,137.74,135.44,26.97
3515,552.21,443.75,27.75
3516,421.28,383.57,28.18
3517,572.27,389.82,28.4
3518,574.02,269.59,27.86
3519,94.64,93.06,27.01
3520,220.44,127.8,26.02
3521,56.98,55.98,24.67
3522,0,0,23.01
3523,0,0,21.15
3524,0,0,20.35
3525,0,0,19.77
3526,0,0,19.34
3527,0,0,18.93
3528,0,0,18.35
3529,0,0,17.55
3530,0,0,16.94
3531,0,0,16.95
3532,14.25,14,16.93
3533,96.29,62,17.72
3534,296.79,103.19,18.76
3535,505.76,150.95,19.94
3536,697.61,186.45,21.19
3537,133.99,131.76,21.92
3538,282.17,276.47,22.24
3539,424.07,388.96,22.32
3540,320.95,311.65,21.88
3541,301.3,290.52,20.89
3542,103.07,101.35,20.49
3543,106.82,105.04,19.13
3544,91.83,90.3,19.01
3545,70.34,69.11,18.96
3546,0,0,18.85
3547,0,0,18.27
3548,0,0,18.15
3549,0,0,17.9
3550,0,0,17.37
3551,0,0,16.94
3552,0,0,16.61
3553,0,0,16.41
3554,0,0,16.44
3555,0,0,16.45
3556,15.14,14.87,16.39
3557,98.17,65.74,16.86
3558,295.66,112.26,18.53
3559,516.43,142.18,20.95
3560,718.83,159.97,22.57
3561,875.02,174.76,23.81
3562,975.48,173.65,24.75
3563,1004.79,168.75,25.35
3564,961.32,160.26,25.8
3565,842.71,153.21,26.04
3566,667.87,141.37,26.01
3567,454.17,119.02,25.74
3568,233.19,85.15,25.27
3569,56.98,55.98,24.65
3570,0,0,23.66
3571,0,0,22.69
3572,0,0,21.58
3573,0,0,20.61
3574,0,0,19.91
3575,0,0,19.45
3576,0,0,19.17
3577,0,0,19
3578,0,0,18.95
3579,0,0,18.94
3580,16.03,15.75,19
3581,96.62,58.96,19.74
3582,296.13,114.84,21.86
3583,470.58,211.77,24.28
3584,728.75,150,26.27
3585,873.79,182.59,27.71
3586,984.19,167.46,28.52
3587,992.41,191.81,28.85
3588,955.14,171.17,29.06
3589,837.87,161.97,29.24
3590,667.9,144.13,29.49
3591,451.32,127.32,29.54
3592,231.94,94.34,29.14
3593,58.77,57.73,28.16
3594,0,0,27.14
3595,0,0,25.51
3596,0,0,24.05
3597,0,0,22.81
3598,0,0,21.45
3599,0,0,20.55
3600,0,0,20
3601,0,0,19.94
3602,0,0,20.46
3603,0,0,19.99
3604,12.47,12.25,18.33
3605,102.68,86.45,19.01
3606,294.38,110.14,22.66
3607,504.77,156.11,26.18
3608,697.86,185.91,28.03
3609,821.47,248.06,29.17
3610,946.47,208.36,30.03
3611,965.68,220.56,30.67
3612,878.59,274.38,31.22
3613,785.78,234.11,30.65
3614,537.29,297.76,29.13
3615,441.22,140.43,27.94
3616,224.24,123.34,27.1
3617,73.01,71.73,26.44
3618,0,0,25.84
3619,0,0,25.33
3620,0,0,23.91
3621,0,0,23.62
3622,0,0,23.14
3623,0,0,22.83
3624,0,0,22.57
3625,0,0,22.17
3626,0,0,21.86
3627,0,0,21.69
3628,14.25,14,20.63
3629,103.09,82.82,20.4
3630,284.38,132.64,23.67
3631,500.56,159.74,25.19
3632,700.41,179.91,26.42
3633,847.44,205.9,27.21
3634,950.29,200.21,27.74
3635,974.61,202.42,28.18
3636,932.85,188.8,28.44
3637,810.28,193.12,28.5
3638,644.02,171.81,28.31
3639,441.39,140.32,27.87
3640,229.53,101.94,27.12
3641,64.11,62.98,26.13
3642,0,0,25.07
3643,0,0,24.67
3644,0,0,23.83
3645,0,0,23.54
3646,0,0,23.69
3647,0,0,22.38
3648,0,0,20.48
3649,0,0,19.89
3650,0,0,19.66
3651,0,0,19.63
3652,16.03,15.75,19.82
3653,97.96,62.42,20.36
3654,298.13,111.48,23.68
3655,522.22,135.76,25.72
3656,728.1,153.45,26.81
3657,885.65,165.17,27.48
3658,987.32,166.02,28.04
3659,1013.75,168.21,28.46
3660,943.93,195.75,28.84
3661,821.21,199.93,29.12
3662,652.63,176.47,29.19
3663,446.63,147.55,28.97
3664,234.79,101.34,28.49
3665,62.33,61.23,27.66
3666,2.67,2.62,26.73
3667,0,0,26.09
3668,0,0,25.59
3669,0,0,24.01
3670,0,0,23
3671,0,0,22.15
3672,0,0,21.41
3673,0,0,21.01
3674,0,0,20.93
3675,0,0,20.57
3676,16.03,15.75,20.29
3677,103.57,82.03,20.73
3678,283,137.99,24.69
3679,503.99,159.41,27.3
3680,700.4,185.44,28.71
3681,847.33,213.51,29.88
3682,966.06,180.92,30.81
3683,969.43,220.15,30.91
3684,949.37,170.58,30.59
3685,829.94,169.31,30.24
3686,661.76,147.5,30.22
3687,453.16,124.1,30.26
3688,233.62,95.02,30.24
3689,65.89,64.73,29.94
3690,2.67,2.62,28.97
3691,0,0,25.94
3692,0,0,24.47
3693,0,0,23.38
3694,0,0,22.65
3695,0,0,24.37
3696,0,0,23.97
3697,0,0,21.98
3698,0,0,20.77
3699,0,0,20.71
3700,16.03,15.75,21.58
3701,101.56,75.86,22.64
3702,285.84,128.4,24.45
3703,499.6,159.27,27.03
3704,680.92,208.39,27.18
3705,850.07,197.53,27.91
3706,942.9,207.72,29.12
3707,978.3,191.97,30.66
3708,932.68,188.4,31.87
3709,815.01,184.89,32.86
3710,648.59,165.69,33.32
3711,441.25,144.7,32.78
3712,232.12,102.56,31.05
3713,66.78,65.61,29.31
3714,2.67,2.62,27.9
3715,0,0,26.18
3716,0,0,25.33
3717,0,0,25.22
3718,0,0,24.22
3719,0,0,23.45
3720,0,0,23.67
3721,0,0,23.99
3722,0,0,23.81
3723,0,0,24.56
3724,17.81,17.5,24.69
3725,101.47,77.21,24.98
3726,284.28,130.19,25.74
3727,501.06,155.34,28.28
3728,697.27,179.28,29.82
3729,852.92,189.48,30.94
3730,951.87,190.62,31.55
3731,982.25,182.81,31.98
3732,925.89,197.22,32.74
3733,814.17,184.77,33.37
3734,641.4,177.09,32.8
3735,443.44,140.86,31.07
3736,232.11,104.43,29.39
3737,56.25,53.63,28.17
3738,2.67,2.62,27.34
3739,0,0,25.89
3740,0,0,25.03
3741,0,0,23.84
3742,0,0,23.34
3743,0,0,22.19
3744,0,0,22.53
3745,0,0,22.72
3746,0,0,22.61
3747,0,0,22.29
3748,17.81,17.5,21.78
3749,69.54,68.07,22.06
3750,252.06,171.98,24.62
3751,487.95,174.12,25.92
3752,688.19,190.75,27.43
3753,851.98,190.34,28.15
3754,939.95,208.44,28.74
3755,939.07,252.19,29.09
3756,910.37,222.81,28.97
3757,809.82,193.47,28.76
3758,650.44,158.77,28.31
3759,447.5,133.28,27.88
3760,233.05,102.48,27.15
3761,61.03,58.2,26.04
3762,3.56,3.5,24.9
3763,0,0,23.57
3764,0,0,23.01
3765,0,0,22.26
3766,0,0,22.77
3767,0,0,22.6
3768,0,0,22.3
3769,0,0,21.95
3770,0,0,21.69
3771,0,0,21.51
3772,16.92,16.62,21.45
3773,102.63,78.75,21.76
3774,283.3,136.48,23.23
3775,497.03,166.42,24.36
3776,701.2,178.07,25.7
3777,863.83,181.37,26.71
3778,963.99,180.42,27.38
3779,989.5,181.64,27.84
3780,943.8,178.13,28.04
3781,838.69,157.06,27.89
3782,657.1,158.66,27.46
3783,462.25,117.14,26.99
3784,240.98,84.34,26.45
3785,49.25,45.52,25.73
3786,3.56,3.5,24.91
3787,0,0,24.05
3788,0,0,23.75
3789,0,0,22.83
3790,0,0,22.17
3791,0,0,21.98
3792,0,0,22
3793,0,0,22.17
3794,0,0,21.93
3795,0,0,21.91
3796,9.79,9.62,21.99
3797,93.97,55.74,22.66
3798,291.51,111.83,24.05
3799,527.07,114.98,25.44
3800,730.63,133.06,26.33
3801,885.77,145.42,26.9
3802,978.75,155.18,27.27
3803,1016.12,143.23,27.64
3804,964.14,148.01,27.96
3805,838.75,152.04,27.97
3806,580.2,268.23,27.73
3807,460.32,117.14,27.23
3808,231.9,126.27,26.63
3809,76.47,74.79,25.82
3810,3.56,3.5,24.95
3811,0,0,23.99
3812,0,0,23.51
3813,0,0,23.03
3814,0,0,22.69
3815,0,0,22.39
3816,0,0,21.05
3817,0,0,20.85
3818,0,0,21.22
3819,0,0,21.24
3820,8.9,8.75,20.76
3821,70.65,68.88,21.63
3822,179.4,164.46,23.13
3823,296.15,255.25,24.93
3824,523.78,334.55,25.64
3825,448,383.41,25.75
3826,704.77,421.12,25.85
3827,805.47,388.41,26.17
3828,501.11,419.7,26.09
3829,622.58,376.01,26.32
3830,561.94,279.93,26.35
3831,428.84,174.43,25.72
3832,237.84,91.95,24.74
3833,50.13,45.56,23.83
3834,6.23,6.12,23.01
3835,0,0,22.32
3836,0,0,21.78
3837,0,0,21.32
3838,0,0,21.05
3839,0,0,20.77
3840,0,0,20.62
3841,0,0,20.6
3842,0,0,20.54
3843,0,0,20.48
3844,18.7,18.37,20.27
3845,101.69,91.13,20.39
3846,150.55,144.53,20.76
3847,375.71,263.43,20.97
3848,593.94,295.91,20.51
3849,712.75,345.79,21.4
3850,722.12,414.78,22.29
3851,965.25,201.28,22.8
3852,921.13,196.69,23.14
3853,729.54,300.94,23.31
3854,660.08,145.01,23.22
3855,463.56,110.53,23.03
3856,239.23,90.94,22.69
3857,51.39,46.42,22.12
3858,6.23,6.12,21.56
3859,0,0,21.11
3860,0,0,20.76
3861,0,0,20.49
3862,0,0,20.29
3863,0,0,20.1
3864,0,0,19.97
3865,0,0,19.84
3866,0,0,19.73
3867,0,0,19.6
3868,18.7,18.37,19.41
3869,92.57,55.65,19.97
3870,293.84,99.41,21.45
3871,520.11,119.46,22.82
3872,716.36,140.61,23.66
3873,874.68,151.13,24.4
3874,967.53,161.95,24.94
3875,1005,151.08,25.23
3876,948.53,159.8,25.41
3877,831.52,158.73,25.5
3878,665.72,141.09,25.51
3879,458.48,120.78,25.38
3880,242.74,84.33,24.99
3881,51.97,46.61,24.3
3882,7.12,7,23.31
3883,0,0,22.1
3884,0,0,21.43
3885,0,0,20.81
3886,0,0,20.18
3887,0,0,19.52
3888,0,0,18.88
3889,0,0,18.64
3890,0,0,18.4
3891,0,0,17.88
3892,18.7,18.37,17.85
3893,94.6,61.73,18.42
3894,293.03,101.15,21.31
3895,515.91,126.97,22.88
3896,714.24,149.32,23.91
3897,871.33,160.02,24.82
3898,972.87,159.88,25.66
3899,1005.49,155.06,26.29
3900,959.69,152.75,26.51
3901,849.55,141.91,26.35
3902,674.01,136.2,26.12
3903,466.03,114.11,25.72
3904,244.76,85.08,25.14
3905,52.94,47.09,24.35
3906,8.01,7.87,23.37
3907,0,0,22.08
3908,0,0,21.39
3909,0,0,21.12
3910,0,0,20.82
3911,0,0,20.91
3912,0,0,20.72
3913,0,0,20.54
3914,0,0,19.7
3915,0,0,18.79
3916,18.7,18.37,18.12
3917,93.35,58.22,18.59
3918,294.26,102.79,22
3919,520.36,125.88,23.25
3920,720.18,148.26,24.33
3921,878.61,159.97,25.46
3922,976.44,165.88,26.43
3923,998.3,172.13,26.9
3924,963.3,157.71,27.01
3925,849.56,151.72,26.93
3926,680.83,135.15,26.67
3927,473.36,111.15,26.14
3928,248.15,83.01,25.43
3929,53.11,46.72,24.61
3930,8.01,7.87,23.73
3931,0,0,22.65
3932,0,0,21.87
3933,0,0,21.01
3934,0,0,21.4
3935,0,0,21.24
3936,0,0,20.98
3937,0,0,20.7
3938,0,0,20.51
3939,0,0,20.37
3940,18.7,18.37,20.23
3941,92.37,55.88,20.27
3942,297.45,95.22,21.92
3943,516.66,128.66,23.43
3944,725.76,139.39,24.81
3945,890.3,142.96,25.96
3946,985.65,153.75,26.59
3947,1018.33,147.9,26.78
3948,953.31,169.66,27.09
3949,849.21,151.68,27.45
3950,680.59,135.13,27.62
3951,472.09,113.94,27.44
3952,248.04,83.98,26.89
3953,53.55,46.72,25.93
3954,8.01,7.87,24.8
3955,0,0,23.46
3956,0,0,22.98
3957,0,0,22.6
3958,0,0,21.65
3959,0,0,21.9
3960,0,0,22.64
3961,0,0,22.3
3962,0,0,21.47
3963,0,0,19.98
3964,18.7,18.37,19.44
3965,92.22,58.3,19.9
3966,293.1,98.98,23.73
3967,520.43,120.05,25.15
3968,728.59,131.5,26.39
3969,889.63,137.91,27.13
3970,989.87,141.6,27.65
3971,1018.75,141.79,27.88
3972,972.88,140.58,27.91
3973,853.24,140.8,27.75
3974,677.71,135.13,27.58
3975,470.61,114.91,27.17
3976,247.42,86.8,26.55
3977,56.12,49.16,25.79
3978,8.9,8.75,25
3979,0,0,24
3980,0,0,23.29
3981,0,0,22.17
3982,0,0,21.56
3983,0,0,21.9
3984,0,0,21.8
3985,0,0,21.5
3986,0,0,20.8
3987,0,0,19.1
3988,19.59,19.24,18.44
3989,91.05,56.08,19.84
3990,289.5,102.72,23.3
3991,511.99,125.73,24.91
3992,649.71,242.21,26.04
3993,459.63,388.4,26.79
3994,749.87,406.83,27.06
3995,946.69,243.55,27.08
3996,842.98,319.29,27.19
3997,829.28,168.35,27.62
3998,641.3,193.64,27.31
3999,457.58,133.72,26.86
4000,244.75,95.29,26.39
4001,61.58,54.85,25.84
4002,7.12,7,25.24
4003,0,0,24.85
4004,0,0,24.18
4005,0,0,23.19
4006,0,0,22.5
4007,0,0,22
4008,0,0,21.48
4009,0,0,21.73
4010,0,0,22.14
4011,0,0,21.65
4012,18.7,18.37,21.07
4013,93.02,62.46,21.53
4014,287.31,103.65,24.61
4015,509.11,126.64,26.39
4016,713.21,141.19,27.59
4017,871.54,149.77,28.33
4018,970.46,154.59,28.78
4019,999.41,155.83,29.07
4020,950.16,159.54,29.09
4021,842.62,147.67,29.17
4022,666.54,144.76,29.04
4023,463.6,120.64,28.76
4024,245.71,90.74,28.15
4025,68.37,62.13,27.31
4026,10.68,10.5,26.21
4027,0,0,24.3
4028,0,0,23.93
4029,0,0,23.53
4030,0,0,22.98
4031,0,0,22.16
4032,0,0,21.71
4033,0,0,21.24
4034,0,0,20.8
4035,0,0,20.68
4036,9.79,9.62,20.74
4037,100.75,84.55,21.78
4038,272.65,140.54,23.33
4039,457.44,205.82,24
4040,697.74,157.7,24.86
4041,848.55,180.46,25.65
4042,954.56,171.6,26.41
4043,983.54,173.88,26.82
4044,940.4,170.49,26.64
4045,829.73,162.42,26.73
4046,667.41,144.76,26.41
4047,466.57,118.75,26.09
4048,247.32,89.77,25.61
4049,58.49,50.5,24.81
4050,12.47,12.25,23.87
4051,0,0,23.47
4052,0,0,23.04
4053,0,0,22.51
4054,0,0,22.04
4055,0,0,22.13
4056,0,0,22.06
4057,0,0,21.8
4058,0,0,21.21
4059,0,0,19.86
4060,18.7,18.37,19.37
4061,92.49,63.59,20.33
4062,287.24,100.73,22.98
4063,508.41,126.54,24.42
4064,709.97,145.01,25.59
4065,853.97,171.53,26.43
4066,961.24,165.58,26.97
4067,1001.03,155.8,26.81
4068,912.67,222.99,26.7
4069,831.56,161.43,25.99
4070,675.85,137.04,25.97
4071,446.21,161.91,25.88
4072,247.35,92.57,25.65
4073,69.78,62.92,25.03
4074,12.47,12.25,24.58
4075,0,0,23.97
4076,0,0,23.67
4077,0,0,22.99
4078,0,0,22.15
4079,0,0,21.74
4080,0,0,21.86
4081,0,0,22.13
4082,0,0,22.19
4083,0,0,22.08
4084,17.81,17.5,21.81
4085,94.23,67.71,22.01
4086,287.99,105.16,23.39
4087,507.66,130.27,24.47
4088,711.72,146.92,25.47
4089,871.12,159.65,26.36
4090,970.12,165.6,26.97
4091,999.19,166.87,27.4
4092,965.43,151.52,27.49
4093,848.39,151.59,27.69
4094,685.38,131.23,27.56
4095,476.82,111.18,27.21
4096,252.84,85.82,26.71
4097,58.83,49.69,26.01
4098,13.36,13.12,25.2
4099,0,0,24.05
4100,0,0,23.52
4101,0,0,22.98
4102,0,0,22.62
4103,0,0,21.84
4104,0,0,22.15
4105,0,0,22.43
4106,0,0,22.35
4107,0,0,21.83
4108,16.92,16.62,21.36
4109,100.1,82.21,22.11
4110,273.05,142.17,24.06
4111,487.53,169.04,25.68
4112,689.84,182.82,26.8
4113,852.15,187.35,27.77
4114,954.52,188.61,28.63
4115,983.61,190.93,29.06
4116,940.69,186.45,29.02
4117,832.25,176.18,28.89
4118,663.73,164.93,28.75
4119,459.29,146.81,28.57
4120,246.67,115.89,28.26
4121,73.33,66.21,27.79
4122,14.25,14,27.15
4123,0,0,25.67
4124,0,0,25.03
4125,0,0,24.47
4126,0,0,23.88
4127,0,0,22.16
4128,0,0,21.5
4129,0,0,21
4130,0,0,20.91
4131,0,0,20.63
4132,16.92,16.62,20.67
4133,98.59,79.83,21.66
4134,272.46,135.57,25.13
4135,485.18,164.32,27.87
4136,688.51,176.99,29.53
4137,850.89,179.41,30.35
4138,942.62,197.53,31.09
4139,971.73,199.88,31.82
4140,925.3,204.27,32.07
4141,818.62,192.83,31.69
4142,654.05,178.39,31.23
4143,454.56,150.69,30.69
4144,246.18,116.99,30.11
4145,71.54,63.8,29.38
4146,2.67,2.62,28.67
4147,0,0,28.14
4148,0,0,27.33
4149,0,0,26.2
4150,0,0,25.57
4151,0,0,24.74
4152,0,0,25.04
4153,0,0,24.93
4154,0,0,23.43
4155,0,0,23.36
4156,16.92,16.62,23.8
4157,99.24,82.72,23.03
4158,274.59,131.64,26.02
4159,487.23,160.51,28.75
4160,682.4,188.57,30.11
4161,843.45,196.19,30.92
4162,939.81,206.5,31.66
4163,973.84,199.9,32.09
4164,927.42,204.31,31.42
4165,820.68,191.88,30.35
4166,652.87,184.17,29.7
4167,450.95,161.99,29.61
4168,245.64,122.82,29.49
4169,75.04,67.59,28.87
4170,14.25,14,27.8
4171,0,0,26.2
4172,0,0,25.86
4173,0,0,25.78
4174,0,0,25.55
4175,0,0,24.85
4176,0,0,24.3
4177,0,0,23.83
4178,0,0,24.28
4179,0,0,25.56
4180,16.92,16.62,24.61
4181,94.94,74,25.1
4182,277.25,119.32,25.8
4183,490.15,148.23,27.57
4184,688.12,170.19,28.44
4185,847.03,180.39,29.54
4186,949.46,179.58,30.62
4187,978.67,180.9,31.16
4188,937.92,178.5,31.33
4189,833.2,162.49,31.55
4190,652.73,178.47,31.54
4191,461.39,133.94,31.17
4192,248.12,105.82,30.53
4193,71.06,62.47,29.67
4194,14.25,14,28.7
4195,0,0,27.93
4196,0,0,27.23
4197,0,0,26.06
4198,0,0,25.14
4199,0,0,24.59
4200,0,0,24.15
4201,0,0,23.62
4202,0,0,23.43
4203,0,0,23.31
4204,17.81,17.5,23.57
4205,98.61,88.01,23.61
4206,268.19,141.3,26.24
4207,490.96,148.21,28.08
4208,675.2,195.3,29.54
4209,839.68,196.19,30.65
4210,936.06,206.51,31.18
4211,976.06,190.95,31.38
4212,940.14,177.54,31.16
4213,823.83,185.11,31.02
4214,664.32,159.34,31.08
4215,461.62,138.64,31.12
4216,249.89,106.67,30.79
4217,72.38,63.7,29.97
4218,14.25,14,28.85
4219,0,0,28.46
4220,0,0,28.11
4221,0,0,27.48
4222,0,0,27.28
4223,0,0,27.23
4224,0,0,26.5
4225,0,0,26
4226,0,0,23.86
4227,0,0,22.87
4228,16.03,15.75,22.65
4229,95.34,76.55,23.75
4230,272.94,126.91,27.49
4231,490.1,148.22,31.1
4232,695.16,157.6,32.56
4233,852,171.53,33.34
4234,955.71,171.63,33.81
4235,986.04,172.95,34.21
4236,945.24,170.61,34.27
4237,832.21,169.46,34.35
4238,667.89,153.62,34.27
4239,462.01,138.71,33.98
4240,250.28,106.76,33.49
4241,73.47,64.53,32.92
4242,15.14,14.87,32.26
4243,0,0,31.43
4244,0,0,30.74
4245,0,0,29.88
4246,0,0,28.88
4247,0,0,28.18
4248,0,0,27.51
4249,0,0,26.46
4250,0,0,25.71
4251,0,0,24.91
4252,16.03,15.75,24.2
4253,92.18,70.36,24.79
4254,274.92,122.1,28.04
4255,495.98,138.74,31.79
4256,690.25,169.27,33.96
4257,850.46,178.5,35.53
4258,944.48,197.66,36.8
4259,974.83,200.04,37.26
4260,939.08,186.61,37.09
4261,831.97,177.38,36.76
4262,671.92,153.67,36.38
4263,469.16,130.27,35.83
4264,251.51,105.83,35.48
4265,72.84,63.48,35.04
4266,14.25,14,34.23
4267,0,0,32.84
4268,0,0,31.71
4269,0,0,29.83
4270,0,0,28.17
4271,0,0,27.13
4272,0,0,26.64
4273,0,0,26.2
4274,0,0,25.94
4275,0,0,25.7
4276,16.03,15.75,25.39
4277,92.69,73.29,25.81
4278,0,0,28.73
4279,0,0,31.74
4280,0,0,33.07
4281,852.53,171.61,33.57
4282,951.52,179.72,33.16
4283,981.93,181.06,32.59
4284,941.28,177.69,33.11
4285,829.54,177.43,33.69
4286,666.49,159.52,33.6
4287,464.48,138.82,32.92
4288,246.94,127.04,32.23
4289,75.26,66.24,31.13
4290,14.25,14,29.73
4291,0,0,28.61
4292,0,0,28.11
4293,0,0,27.32
4294,0,0,26.58
4295,0,0,25.65
4296,0,0,24.81
4297,0,0,24
4298,0,0,23.43
4299,0,0,23.25
4300,16.03,15.75,23.26
4301,0,0,23.79
4302,0,0,25.04
4303,0,0,26.46
4304,670.56,181.87,27.35
4305,800.77,237.14,28.06
4306,899.24,246.91,28.68
4307,943.65,227.8,29.14
4308,910.66,214.36,29.42
4309,806.75,200.92,29.48
4310,652.54,173.05,29.35
4311,457.03,144.65,28.82
4312,248.04,113.87,27.94
4313,74.69,65.35,26.93
4314,14.25,14,25.91
4315,0,0,24.86
4316,0,0,24.27
4317,0,0,23.97
4318,0,0,23.66
4319,0,0,23.38
4320,0,0,23.13
4321,0,0,22.98
4322,0,0,22.87
4323,0,0,22.74
4324,7.12,7,22.71
4325,93.44,86.53,23.11
4326,266.23,130.01,24.25
4327,488.73,138.87,26.13
4328,685.1,163.55,27.68
4329,846.39,171.68,28.8
4330,802.71,361.08,29.35
4331,960.15,209.1,29.74
4332,922.02,205.6,30.1
4333,808.51,208.83,30.35
4334,628.82,220.8,30.48
4335,426.1,204.9,30.28
4336,238.89,148.37,29.86
4337,86.25,80.05,29.21
4338,15.14,14.87,28.28
4339,0,0,27.7
4340,0,0,27.08
4341,0,0,26.42
4342,0,0,25.9
4343,0,0,25.44
4344,0,0,25
4345,0,0,24.5
4346,0,0,24.08
4347,0,0,23.98
4348,15.14,14.87,24.8
4349,44.04,43.3,25.53
4350,247.1,157.61,27.12
4351,431.42,217.77,29.17
4352,572.55,296.8,30.43
4353,814.21,216.9,31.5
4354,824.86,337.36,32.2
4355,949.68,220.05,32.63
4356,709.6,411.5,33.15
4357,765.61,266.55,33.73
4358,622.28,225.59,33.42
4359,201.91,195.34,31.99
4360,246.43,127.47,30.79
4361,84.75,77.58,30.65
4362,15.14,14.87,30.81
4363,0,0,29.34
4364,0,0,29.56
4365,0,0,29.44
4366,0,0,27.96
4367,0,0,27.88
4368,0,0,27.75
4369,0,0,27.67
4370,0,0,27.19
4371,0,0,26.53
4372,11.58,11.37,26.04
4373,94.55,82.95,26.04
4374,261.52,139.66,26.92
4375,479.18,157.87,28.25
4376,670.18,192.67,28.82
4377,829.35,203.36,29.4
4378,937.77,198.92,29.86
4379,974.25,192.34,30.44
4380,939.67,178.96,30.96
4381,833.55,169.88,31.04
4382,671.17,154.08,30.59
4383,467.52,133.58,29.84
4384,254.97,98.82,29.01
4385,71.52,60.27,28.09
4386,15.14,14.87,27.02
4387,0,0,25.76
4388,0,0,25.14
4389,0,0,24.55
4390,0,0,23.74
4391,0,0,23.12
4392,0,0,22.8
4393,0,0,23.4
4394,0,0,23.64
4395,0,0,23.48
4396,12.47,12.25,23.44
4397,85.94,64.2,23.65
4398,278.33,101.48,24.62
4399,496.46,131.37,26.06
4400,712.3,135.48,27.31
4401,874.82,145.08,28.43
4402,972.85,155.98,29.4
4403,989.93,181.46,30.16
4404,950.36,178.1,30.8
4405,821.1,209.22,31.18
4406,653.1,201.19,31.15
4407,450.58,180.61,30.81
4408,226.75,170.74,30.3
4409,74.73,73.02,29.68
4410,15.14,14.87,28.96
4411,0,0,26.64
4412,0,0,25.75
4413,0,0,25.11
4414,0,0,24.81
4415,0,0,25.01
4416,0,0,25.03
4417,0,0,25.76
4418,0,0,25.28
4419,0,0,25.02
4420,10.68,10.5,24.79
4421,92.06,79.05,24.83
4422,260.25,136.92,25.98
4423,472.86,165.55,27.38
4424,671.88,188,28.8
4425,846.63,170.97,29.34
4426,946.89,180.11,29.7
4427,984.47,172.45,30.32
4428,950.76,162.16,30.95
4429,838.61,161.21,30.99
4430,679.08,141.75,30.44
4431,472.42,124.43,29.76
4432,254.9,100.94,29.15
4433,74.82,63.89,28.59
4434,15.14,14.87,27.96
4435,0,0,26.73
4436,0,0,26.45
4437,0,0,26.35
4438,0,0,26.39
4439,0,0,26
4440,0,0,25.72
4441,0,0,25.45
4442,0,0,25.4
4443,0,0,24.56
4444,11.58,11.37,24.78
4445,88.66,72.11,25.53
4446,266.98,121.55,26.34
4447,484.14,145.76,28.33
4448,689.96,156.12,29.62
4449,848.33,171.07,30.41
4450,943.78,189.23,31.34
4451,970.56,201.63,32.54
4452,932.39,197.19,33.33
4453,832.32,178.06,33.48
4454,667.89,166.92,33.19
4455,466.8,143.26,32.68
4456,254.84,108.44,31.71
4457,75.05,63.92,30.3
4458,15.14,14.87,29.07
4459,0,0,27.83
4460,0,0,27.13
4461,0,0,26.62
4462,0,0,26.41
4463,0,0,25.84
4464,0,0,25.7
4465,0,0,26.02
4466,0,0,25.99
4467,0,0,25.95
4468,8.9,8.75,26
4469,87.53,71.36,26.19
4470,263.48,125.51,27.12
4471,479.05,150.58,29.23
4472,676.32,175.62,30.77
4473,840.38,180.07,32.05
4474,945.48,180.3,33
4475,983.18,173.65,33.37
4476,944.74,170.36,33.15
4477,838.47,162.41,32.7
4478,674.77,147.77,32.27
4479,465.12,143.43,31.74
4480,254.24,108.65,30.83
4481,77.22,66.6,29.88
4482,14.25,14,28.86
4483,0,0,27.86
4484,0,0,26.83
4485,0,0,26.32
4486,0,0,26.25
4487,0,0,25.86
4488,0,0,25.83
4489,0,0,26.65
4490,0,0,26.58
4491,0,0,26.57
4492,9.79,9.62,26.53
4493,88.38,74.6,26.57
4494,261.81,120.98,27.66
4495,474.37,150.7,30.32
4496,673.89,169.88,31.6
4497,803.09,231.06,32.57
4498,928.39,199.33,33.13
4499,976.02,173.71,33.56
4500,932.89,180.43,33.72
4501,828.03,170.39,32.79
4502,663.67,160.44,32.02
4503,461.84,143.62,32.52
4504,200.85,170.75,32.41
4505,88.38,83.14,31.32
4506,14.25,14,29.79
4507,0,0,28.33
4508,0,0,27.36
4509,0,0,26.34
4510,0,0,25.75
4511,0,0,25.31
4512,0,0,24.94
4513,0,0,24.59
4514,0,0,24.34
4515,0,0,24.16
4516,10.68,10.5,23.91
4517,76.22,52.41,24.31
4518,273.07,92.75,25.4
4519,501.97,110.9,26.64
4520,696.1,140.8,27.4
4521,812.84,224.47,28.07
4522,892.69,261.51,28.43
4523,988.04,164.8,28.27
4524,904.42,238.99,27.76
4525,674.03,359.7,28.08
4526,636.57,217.04,28
4527,456.16,162.52,27.7
4528,258.06,92.16,27.16
4529,80.72,71.11,26.46
4530,10.68,10.5,25.67
4531,0,0,24.74
4532,0,0,24.51
4533,0,0,24.29
4534,0,0,23.78
4535,0,0,23.6
4536,0,0,23.41
4537,0,0,23.2
4538,0,0,22.91
4539,0,0,22.57
4540,10.68,10.5,22.27
4541,81.33,62.07,22.41
4542,245.45,154.01,22.99
4543,427.09,221.98,24.3
4544,711.5,128.18,24.88
4545,868,146.62,25.35
4546,966.19,156.55,25.58
4547,990.28,173.03,26.15
4548,936.26,197.73,26.39
4549,858.37,144.98,26.63
4550,684.59,142.34,26.55
4551,460.18,162.6,26.24
4552,261.79,88.4,25.78
4553,64.93,49.7,25.14
4554,14.25,14,24.38
4555,0,0,23.6
4556,0,0,23.24
4557,0,0,22.62
4558,0,0,22.01
4559,0,0,21.15
4560,0,0,20.87
4561,0,0,20.77
4562,0,0,20.96
4563,0,0,21.85
4564,8.01,7.87,22.61
4565,77.76,56.72,22.6
4566,273.71,90.07,23.32
4567,449.74,195.2,24.25
4568,713.14,123.38,25.24
4569,880.51,130.72,26.17
4570,976.2,145.56,27.18
4571,1016.22,140.79,27.63
4572,976.33,138.71,27.76
4573,871.58,129.21,27.9
4574,705.22,118.21,27.47
4575,494.9,102.49,27.04
4576,264.18,83.89,26.44
4577,63.58,47.51,25.78
4578,12.47,12.25,25.08
4579,0,0,23.94
4580,0,0,23.52
4581,0,0,22.94
4582,0,0,22.36
4583,0,0,21.61
4584,0,0,21.69
4585,0,0,21.67
4586,0,0,21.73
4587,0,0,21.7
4588,8.01,7.87,21.61
4589,73.22,49.35,21.98
4590,272.95,91.07,23.29
4591,504.78,109.25,24.58
4592,712.47,128.4,25.6
4593,873.97,140.87,26.51
4594,979.41,144.68,27.17
4595,1024.41,132.78,27.55
4596,980.6,138.84,27.83
4597,856.97,149.22,27.89
4598,704.8,122.22,27.67
4599,494.52,104.5,27.36
4600,266.2,82.1,26.78
4601,64.63,49,26.12
4602,12.47,12.25,25.46
4603,0,0,24.64
4604,0,0,24.24
4605,0,0,23.63
4606,0,0,22.8
4607,0,0,22.1
4608,0,0,21.98
4609,0,0,22.07
4610,0,0,21.81
4611,0,0,21.33
4612,7.12,7,20.59
4613,72.75,49.49,20.52
4614,271.57,92.11,24.04
4615,499.82,112.25,25.98
4616,713.33,124.59,27.25
4617,866.32,145.99,28.22
4618,976.64,145.81,28.98
4619,1006.81,153.22,29.31
4620,973.02,145.02,29.43
4621,859.03,144.39,29.43
4622,689.52,138.89,29.28
4623,463.02,159.3,28.68
4624,262.14,88.83,27.86
4625,66.44,51.52,27.02
4626,12.47,12.25,26.21
4627,0,0,25.41
4628,0,0,25.03
4629,0,0,24.51
4630,0,0,23.71
4631,0,0,23.14
4632,0,0,23.72
4633,0,0,24.19
4634,0,0,24.34
4635,0,0,24.08
4636,6.23,6.12,23.84
4637,74.54,54.21,23.96
4638,267.96,95.11,25.03
4639,498.17,113.33,26.46
4640,699.7,136.51,27.03
4641,881.95,125.05,27.56
4642,984.85,134.78,28.12
4643,1025,127.93,28.6
4644,986.03,126.95,28.71
4645,875.29,124.61,28.59
4646,705.19,118.62,28.09
4647,488.44,111.42,27.69
4648,263.32,86.2,27.14
4649,65.84,50.62,26.37
4650,12.47,12.25,25.59
4651,0,0,24.84
4652,0,0,24.44
4653,0,0,23.76
4654,0,0,23.86
4655,0,0,23.29
4656,0,0,21.67
4657,0,0,21.02
4658,0,0,21.1
4659,0,0,21.74
4660,5.34,5.25,22.79
4661,70.3,46.31,22.82
4662,276.2,84.75,23.65
4663,503.33,112.46,24.94
4664,718.44,123.87,26.21
4665,877.68,140.27,27.23
4666,984.42,145.1,27.92
4667,1009.66,158.61,28.41
4668,980.84,144.32,28.67
4669,880.75,128.74,28.69
4670,699.03,133.36,28.52
4671,493.42,109.63,28.11
4672,263.62,89.03,27.35
4673,65.89,50.25,26.45
4674,11.58,11.37,25.53
4675,0,0,24.42
4676,0,0,23.84
4677,0,0,23.78
4678,0,0,23.59
4679,0,0,23.35
4680,0,0,23.06
4681,0,0,22.79
4682,0,0,22.52
4683,0,0,22.27
4684,4.45,4.37,22.08
4685,70.17,48.03,22.08
4686,271.97,87.77,22.94
4687,505.37,104.99,24.54
4688,704.74,132.87,25.82
4689,870.07,141.4,26.84
4690,966.7,158.39,27.69
4691,1006.95,153.66,28.33
4692,984.12,134.33,28.78
4693,869.7,135.88,29
4694,699.96,126.72,29.03
4695,494.14,106.05,28.76
4696,265.71,82.76,28.09
4697,65.35,49.84,27.05
4698,11.58,11.37,26.02
4699,0,0,24.96
4700,0,0,24.56
4701,0,0,24.07
4702,0,0,23.14
4703,0,0,23.18
4704,0,0,23.91
4705,0,0,23.16
4706,0,0,21.88
4707,0,0,22.21
4708,4.45,4.37,23.22
4709,70.24,49.49,23.13
4710,268.63,91.67,23.95
4711,498.44,113.72,25.79
4712,701.36,136.95,26.95
4713,853.88,164.59,27.95
4714,957.06,170.67,28.76
4715,987.27,184.2,29.36
4716,959.9,162.78,29.64
4717,862.65,146.02,29.6
4718,691.82,139.54,29.24
4719,488.85,114.7,28.64
4720,263.23,86.68,27.88
4721,66.24,51.14,27.03
4722,11.58,11.37,26.15
4723,0,0,25.66
4724,0,0,25.25
4725,0,0,24.8
4726,0,0,24.23
4727,0,0,23.6
4728,0,0,22.99
4729,0,0,22.59
4730,0,0,22.85
4731,0,0,23.26
4732,1.78,1.75,23.62
4733,71,52.03,23.84
4734,264.84,96.53,25.27
4735,497.68,112.93,26.94
4736,709.09,129.24,27.83
4737,876.86,136.7,28.63
4738,983.78,140.45,29.35
4739,1020.15,141.77,29.91
4740,981.32,139.7,30.37
4741,871.72,135.21,30.6
4742,702.75,127.04,30.37
4743,493.44,108.26,29.8
4744,263.41,86.82,29.08
4745,65.58,50.38,28.31
4746,10.68,10.5,27.41
4747,0,0,26.76
4748,0,0,26.11
4749,0,0,25.59
4750,0,0,24.79
4751,0,0,24.01
4752,0,0,23.89
4753,0,0,23.57
4754,0,0,23.13
4755,0,0,22.91
4756,1.78,1.75,22.59
4757,75.14,60.81,22.79
4758,255.47,112.79,25.61
4759,472.11,140.76,28
4760,688.76,142.17,29.07
4761,847.59,158.87,29.87
4762,962,153.77,30.5
4763,997.31,155.11,30.86
4764,954.83,159.04,30.92
4765,848.09,152.3,30.82
4766,679.91,144.77,30.4
4767,480.86,118.92,29.96
4768,256.5,97.45,29.64
4769,72.24,59.93,28.96
4770,8.9,8.75,28.09
4771,0,0,27.31
4772,0,0,27.06
4773,0,0,26.57
4774,0,0,26
4775,0,0,25.98
4776,0,0,26.42
4777,0,0,26.52
4778,0,0,26.37
4779,0,0,26.31
4780,0,0,26.04
4781,74.88,61.03,25.97
4782,257.31,103.56,26.78
4783,487.97,117.11,28.53
4784,695.67,134.49,29.33
4785,865.92,138,30.09
4786,962.61,153.94,30.51
4787,1004.07,149.19,30.98
4788,966.51,148.11,30.83
4789,853.5,147.51,30.76
4790,690.99,132.29,30.83
4791,483.43,116.25,30.64
4792,258.61,91.09,30.21
4793,68.93,55.47,29.53
4794,8.9,8.75,28.75
4795,0,0,27.95
4796,0,0,27.43
4797,0,0,27.38
4798,0,0,27.19
4799,0,0,26.83
4800,0,0,25.11
4801,0,0,24.11
4802,0,0,24.93
4803,0,0,25.35
4804,0,0,25.13
4805,70.61,53.95,24.87
4806,260.34,98.93,26.38
4807,493.26,113.44,28.12
4808,708.45,125.8,29.39
4809,854.75,158.28,30.29
4810,975.59,148.07,30.85
4811,1022.17,136.12,31.1
4812,978.33,141.21,31.09
4813,868.75,136.72,30.8
4814,696.21,131.49,30.55
4815,487.09,115.45,30
4816,261.41,89.24,29.51
4817,65,50.25,28.86
4818,8.9,8.75,28.02
4819,0,0,26.95
4820,0,0,26.43
4821,0,0,25.83
4822,0,0,25.8
4823,0,0,25.72
4824,0,0,25.48
4825,0,0,25.18
4826,0,0,24.94
4827,0,0,24.64
4828,0,0,24.45
4829,69.66,53.06,24.35
4830,261.72,98.99,25.49
4831,496.3,113.59,27.05
4832,704.43,132.9,28.27
4833,863.43,152.49,29.11
4834,980.47,147.26,29.96
4835,1016.94,148.59,30.44
4836,984.22,140.4,30.67
4837,869.63,141.92,30.71
4838,700.6,131.68,30.61
4839,492.3,112.74,30.28
4840,260.32,94.01,29.67
4841,65.75,51.36,28.86
4842,7.12,7,27.96
4843,0,0,26.91
4844,0,0,26.47
4845,0,0,25.78
4846,0,0,25.1
4847,0,0,24.45
4848,0,0,24.17
4849,0,0,24.21
4850,0,0,24.56
4851,0,0,24.74
4852,0,0,24.57
4853,68.16,50.79,24.53
4854,265.53,90.7,25.53
4855,497.62,113.77,27.41
4856,707.01,133.1,28.78
4857,871.19,147.68,29.8
4858,984.4,147.47,30.53
4859,1020.9,147.77,30.97
4860,982.09,145.68,31.2
4861,868.51,146.13,31.28
4862,699.58,135.79,31.1
4863,488.98,116.74,30.66
4864,262.69,90.38,30.03
4865,67.26,53.37,29.23
4866,7.12,7,28.38
4867,0,0,27.32
4868,0,0,26.8
4869,0,0,26.11
4870,0,0,25.33
4871,0,0,25.11
4872,0,0,25.71
4873,0,0,25.64
4874,0,0,25.27
4875,0,0,24.64
4876,0,0,24.25
4877,71.18,57.09,23.97
4878,259.88,103.05,26.08
4879,490.59,120.68,27.74
4880,703.88,136.26,29.19
4881,844.79,188.98,30.23
4882,964.7,172.09,30.91
4883,1001.19,174.5,31.29
4884,958.65,181.36,31.37
4885,846.95,179.27,31.14
4886,686.95,155.52,30.65
4887,483.7,126.41,29.94
4888,260.55,96.14,29.12
4889,68.04,54.69,28.32
4890,6.23,6.12,27.82
4891,0,0,27.38
4892,0,0,26.95
4893,0,0,26.63
4894,0,0,26.92
4895,0,0,26.65
4896,0,0,26.29
4897,0,0,25.86
4898,0,0,25.51
4899,0,0,25.03
4900,0,0,24.67
4901,70.26,56.2,24.82
4902,259.78,102.29,26.03
4903,491.99,120.88,27.77
4904,695.15,149.3,29.17
4905,870.85,152.14,30.17
4906,984.2,153,30.81
4907,1026.95,148.2,31.15
4908,988.05,146.1,31.34
4909,873.18,145.55,31.4
4910,703.83,135.22,31.2
4911,494.01,114.25,30.64
4912,263.73,87.93,30.04
4913,63.27,48.54,29.36
4914,4.45,4.37,28.65
4915,0,0,27.69
4916,0,0,27.21
4917,0,0,26.18
4918,0,0,25.82
4919,0,0,26.25
4920,0,0,26.56
4921,0,0,26.24
4922,0,0,26
4923,0,0,25.83
4924,0,0,25.72
4925,69.27,55.64,25.67
4926,257.11,102.57,26
4927,478.29,136.4,28.1
4928,689.98,150.48,29.12
4929,846.28,181.44,30.03
4930,977.89,154.19,30.78
4931,0,0,31.28
4932,966.51,165.59,31.62
4933,858.22,156.76,31.61
4934,688.08,150.11,31.38
4935,485.87,121.15,31
4936,259,93.84,30.47
4937,65.54,52.07,29.68
4938,4.45,4.37,28.76
4939,0,0,27.62
4940,0,0,26.99
4941,0,0,26.26
4942,0,0,25.61
4943,0,0,25.7
4944,0,0,26.13
4945,0,0,25.85
4946,0,0,25.55
4947,0,0,25.31
4948,0,0,25.1
4949,71.85,61.49,25.05
4950,257.86,95.34,25.74
4951,485.97,122.28,26.84
4952,695.47,141.83,28.09
4953,867.53,149.51,29.3
4954,970.57,160.51,30.15
4955,1012.35,155.73,30.59
4956,974.65,153.61,30.71
4957,861.08,152.97,30.65
4958,693.22,140.55,30.48
4959,481.48,123.3,30.18
4960,257.12,95.95,29.87
4961,67.96,55.9,29.34
4962,3.56,3.5,28.48
4963,0,0,27.51
4964,0,0,26.92
4965,0,0,26.21
4966,0,0,25.35
4967,0,0,24.71
4968,0,0,24.56
4969,0,0,24.93
4970,0,0,24.34
4971,0,0,23.52
4972,0,0,24.24
4973,71.05,60.06,25.94
4974,253.76,105.83,26.91
4975,474.98,139.72,28.66
4976,694.42,146.03,29.63
4977,856.25,165.88,30.35
4978,963.23,174.01,31.02
4979,1010.3,162.12,31.67
4980,972.64,159.96,32.21
4981,859.07,157.22,32.44
4982,692.27,144.7,32.18
4983,480.7,127.3,31.72
4984,256.5,97.98,31.12
4985,68.74,57.43,30.24
4986,0,0,29.13
4987,0,0,28.1
4988,0,0,27.39
4989,0,0,26.8
4990,0,0,26.39
4991,0,0,25.64
4992,0,0,25.61
4993,0,0,26.4
4994,0,0,26.25
4995,0,0,24.58
4996,0,0,22.96
4997,70.73,61.39,23.61
4998,249.35,111.75,25.72
4999,479.4,128.48,27.25
5000,701.01,134.37,28.33
5001,866.47,149.96,29.44
5002,974.82,155.86,30.4
5003,1011.42,156.17,31.07
5004,952.91,183.5,31.38
5005,865.01,149.42,31.45
5006,692,141,31.18
5007,484.82,118.97,30.74
5008,257.29,92.62,30.05
5009,63.68,51.2,29.08
5010,0,0,28.09
5011,0,0,27.78
5012,0,0,27.22
5013,0,0,26.67
5014,0,0,26.24
5015,0,0,25.84
5016,0,0,25.39
5017,0,0,24.82
5018,0,0,24.33
5019,0,0,23.83
5020,0,0,23.64
5021,66.4,53.54,24.02
5022,258.3,90.35,26.42
5023,491.15,115.28,28.03
5024,697.08,138.57,29.11
5025,870.63,144.11,29.96
5026,974.93,156.1,30.55
5027,1016.81,150.23,30.94
5028,973.81,155.3,31.06
5029,860.02,153.66,30.86
5030,698.39,133.37,30.45
5031,482.26,122.05,30.05
5032,257.94,89.1,29.55
5033,61.88,49.05,28.84
5034,0,0,27.96
5035,0,0,27.12
5036,0,0,26.72
5037,0,0,26.47
5038,0,0,26.12
5039,0,0,25.51
5040,0,0,25.42
5041,0,0,26.28
5042,0,0,25.96
5043,0,0,25.66
5044,0,0,25.4
5045,63.53,49.18,25.31
5046,260.5,88.63,26.19
5047,491.09,116.48,27.87
5048,702.08,138.85,29.2
5049,862.49,159.58,30.38
5050,976.14,161.5,31.22
5051,1012.77,162.85,31.68
5052,975.02,160.69,31.81
5053,870.22,148.91,31.78
5054,681.89,163.06,31.55
5055,477.56,130.84,31.18
5056,255.82,95.78,30.53
5057,62.55,50.64,29.55
5058,0,0,28.41
5059,0,0,27.52
5060,0,0,26.86
5061,0,0,26.25
5062,0,0,26.34
5063,0,0,26.52
5064,0,0,26.3
5065,0,0,26.02
5066,0,0,25.79
5067,0,0,25.62
5068,0,0,25.5
5069,62.56,48.79,25.5
5070,255.58,91.77,25.86
5071,483.01,122.5,27.29
5072,693.15,143.03,28.37
5073,857.38,160.8,29.27
5074,969.97,161.69,29.82
5075,1006.6,164.07,30.26
5076,979.37,149.64,30.37
5077,864.21,149.11,29.99
5078,690.87,141.72,29.41
5079,480.89,121.57,29.01
5080,223.36,150.28,28.51
5081,59.94,47.74,27.8
5082,0,0,27.08
5083,0,0,26.18
5084,0,0,25.78
5085,0,0,25.37
5086,0,0,25.41
5087,0,0,25.23
5088,0,0,25.02
5089,0,0,23.41
5090,0,0,23.18
5091,0,0,24.06
5092,0,0,24.26
5093,61.09,46.83,24.11
5094,257.87,90.06,24.98
5095,481.25,126.6,26.54
5096,679.26,165.04,27.76
5097,843.73,184.25,28.76
5098,960.51,176.27,29.54
5099,997.14,178.68,30.07
5100,970.15,162.17,30.17
5101,856.24,160.44,29.98
5102,691.89,142.96,29.93
5103,478.31,124.67,29.87
5104,256.12,89.7,29.34
5105,58.95,47.16,28.7
5106,0,0,27.84
5107,0,0,26.73
5108,0,0,26.16
5109,0,0,26.08
5110,0,0,25.91
5111,0,0,25.66
5112,0,0,25.44
5113,0,0,25.3
5114,0,0,25.17
5115,0,0,25.08
5116,0,0,25.02
5117,60.45,45.66,24.99
5118,258.35,90.26,25.7
5119,486.58,123.03,27.21
5120,707.42,136.67,28.25
5121,874.56,151.28,29.26
5122,984.36,157.17,30.07
5123,1027.45,153.35,30.57
5124,983.09,156.35,30.72
5125,871.76,149.67,30.63
5126,696.8,142.25,30.26
5127,474.63,136.33,29.74
5128,256.61,90.75,29.15
5129,58.64,47.12,28.43
5130,0,0,27.58
5131,0,0,26.39
5132,0,0,25.96
5133,0,0,25.31
5134,0,0,24.96
5135,0,0,25
5136,0,0,25.13
5137,0,0,24.86
5138,0,0,23.45
5139,0,0,22.45
5140,0,0,22.28
5141,60.11,46.5,22.58
5142,254.42,95.23,25.17
5143,481.21,129.07,27.83
5144,699.58,144.9,29.06
5145,860.02,167.77,30.07
5146,978.27,162.56,30.86
5147,1016.01,164.93,31.33
5148,977.05,162.75,31.43
5149,872.02,150.95,31.36
5150,703.58,135.6,31.2
5151,483.09,122.27,30.75
5152,255.35,90.08,30.04
5153,57.53,46.17,29.07
5154,0,0,28.01
5155,0,0,26.88
5156,0,0,26.47
5157,0,0,25.79
5158,0,0,25.76
5159,0,0,25.66
5160,0,0,25.75
5161,0,0,25.58
5162,0,0,25.33
5163,0,0,25.12
5164,0,0,23.99
5165,62.02,50.21,23
5166,251.89,95.53,25.32
5167,479.13,125.47,27.53
5168,678.35,165.9,28.92
5169,858.21,161.89,30.08
5170,966.75,169.94,30.81
5171,1008.86,166.16,31.27
5172,969.95,162.95,31.34
5173,860.93,157.22,31.19
5174,686.23,146.67,30.99
5175,473.6,128.27,30.48
5176,250.18,93.26,29.9
5177,58.26,48.26,29.12
5178,0,0,28.18
5179,0,0,28.14
5180,0,0,27.59
5181,0,0,26.78
5182,0,0,26.22
5183,0,0,26.37
5184,0,0,26.48
5185,0,0,26.19
5186,0,0,25.96
5187,0,0,25.79
5188,0,0,25.6
5189,59.24,46.02,25.41
5190,255.59,91.98,25.96
5191,488.53,122.9,27.88
5192,711.26,137.53,28.81
5193,884.1,147.04,29.53
5194,989.88,158.03,30.22
5195,1021.15,164.49,30.71
5196,988.48,157.2,30.96
5197,871.61,155.56,31.02
5198,703.01,139.11,30.97
5199,479.67,127.56,30.53
5200,253.23,90.53,29.82
5201,55.34,44.77,28.89
5202,0,0,27.88
5203,0,0,27.63
5204,0,0,27.19
5205,0,0,26.26
5206,0,0,25.78
5207,0,0,26.24
5208,0,0,26.26
5209,0,0,25.83
5210,0,0,24.66
5211,0,0,24.04
5212,0,0,24.22
5213,58.67,44.85,24.34
5214,258.96,90.29,25.64
5215,492.42,122.24,27.94
5216,708.57,143.85,28.91
5217,890.96,146.36,29.87
5218,991.42,162.5,30.78
5219,1018.22,179.33,31.58
5220,984.61,167.81,32.13
5221,863.59,176.13,31.99
5222,692.66,158.19,31.29
5223,474.96,139.28,30.37
5224,252.97,94.38,29.59
5225,55.92,46.31,28.68
5226,0,0,27.7
5227,0,0,27.47
5228,0,0,27.09
5229,0,0,26.69
5230,0,0,26.78
5231,0,0,26.59
5232,0,0,26.21
5233,0,0,25.85
5234,0,0,25.56
5235,0,0,25.37
5236,0,0,25.23
5237,61.09,52.98,25.17
5238,240.5,107.65,25.77
5239,463.37,141.64,26.9
5240,672.52,167.72,27.95
5241,831.82,192.95,29.02
5242,725.79,391.88,30.08
5243,972.27,208.87,30.74
5244,940.49,196.34,30.82
5245,833.3,185.12,30.66
5246,663.87,171.99,30.5
5247,463.49,132.86,30.01
5248,241.85,99.69,29.39
5249,57.82,50.15,28.66
5250,0,0,27.84
5251,0,0,26.71
5252,0,0,26.37
5253,0,0,26.15
5254,0,0,26.03
5255,0,0,26.06
5256,0,0,26.05
5257,0,0,25.94
5258,0,0,25.61
5259,0,0,25.57
5260,0,0,25.62
5261,60.62,54.27,25.41
5262,228.36,123.86,25.96
5263,465.28,141.98,26.97
5264,670.56,171.99,27.79
5265,839.87,185.29,29.11
5266,934.55,213.88,30.13
5267,970.14,217.38,30.71
5268,932.8,212.89,30.29
5269,812.66,220.23,30.66
5270,665.91,171.34,30.68
5271,465.17,133.12,30.05
5272,241.16,98.97,29.56
5273,56.55,48.96,28.93
5274,0,0,28.03
5275,0,0,27.03
5276,0,0,26.67
5277,0,0,26.54
5278,0,0,26.25
5279,0,0,25.96
5280,0,0,25.54
5281,0,0,25.05
5282,0,0,25.17
5283,0,0,25.37
5284,0,0,25.24
5285,57.79,47.15,25.19
5286,246.2,97.83,25.78
5287,470.01,134.61,26.33
5288,678.27,161.46,27
5289,859.17,159.25,28.28
5290,951.11,187.76,29.37
5291,314.76,305.27,29.83
5292,965.63,166.37,28.44
5293,471.27,374.22,28.07
5294,430.09,317.89,27.81
5295,463.16,132.43,27.48
5296,242,95.41,27.65
5297,59.67,54.02,27.66
5298,0,0,27.04
5299,0,0,26.3
5300,0,0,26.01
5301,0,0,25.66
5302,0,0,25.85
5303,0,0,25.84
5304,0,0,25.57
5305,0,0,25.29
5306,0,0,24.91
5307,0,0,24.16
5308,0,0,22.96
5309,58.62,50.66,23.76
5310,109.26,105.04,24.47
5311,153.74,150.22,25.9
5312,306.95,276.42,26.98
5313,91.83,90.3,27.69
5314,82.46,81.08,28.35
5315,473.17,403.69,28.2
5316,811.5,337.09,26.21
5317,809.88,213.83,26.24
5318,520.81,298.34,25.82
5319,417.34,189.02,25.09
5320,238.72,95.72,23.92
5321,53.57,46.93,24.26
5322,0,0,24.31
5323,0,0,24.54
5324,0,0,23.89
5325,0,0,23.61
5326,0,0,23.16
5327,0,0,22.99
5328,0,0,23.36
5329,0,0,23.96
5330,0,0,24.08
5331,0,0,24
5332,0,0,23.9
5333,58.12,51.76,23.74
5334,228.28,118.99,24.05
5335,455.55,152.41,25.07
5336,664.72,178.85,25.42
5337,848,171.03,25.53
5338,955.65,180.17,26.02
5339,985.47,191.81,26.48
5340,946.61,188.46,26.55
5341,837.74,178.34,26.71
5342,608.26,237.11,26.18
5343,446.39,154.83,26.43
5344,232.87,104.45,25.91
5345,52.62,46.67,25.58
5346,0,0,24.86
5347,0,0,25.28
5348,0,0,24.52
5349,0,0,23.44
5350,0,0,22.75
5351,0,0,22.56
5352,0,0,22.19
5353,0,0,22
5354,0,0,22.18
5355,0,0,22.58
5356,0,0,22.44
5357,15.93,15.66,21.86
5358,170.51,138.44,21.84
5359,480.17,125.95,24.76
5360,642.15,212.2,25.93
5361,865.19,160.27,25.4
5362,124.62,122.54,24.71
5363,77.77,76.47,25.09
5364,776.87,368.06,25.31
5365,857.67,159.51,25.97
5366,684.75,145.97,26.5
5367,461.92,132.3,26.75
5368,239.01,91.44,26.67
5369,50.2,44.1,26.33
5370,0,0,25.84
5371,0,0,25.07
5372,0,0,24.17
5373,0,0,23.51
5374,0,0,23.5
5375,0,0,23.49
5376,0,0,23.22
5377,0,0,22.89
5378,0,0,22.49
5379,0,0,22.18
5380,0,0,22.1
5381,56.19,48.35,22.22
5382,242.9,98.03,24.22
5383,472.52,131.06,25.95
5384,683.01,155.81,26.92
5385,865.92,156.45,27.97
5386,964.83,173.66,28.8
5387,970,218.06,29.22
5388,948.76,188.12,29.71
5389,834.06,186.06,29.84
5390,661.38,171.88,29.76
5391,452.05,144.02,29.52
5392,229.61,104.92,28.92
5393,51.3,46.36,28.27
5394,0,0,27.42
5395,0,0,26.29
5396,0,0,25.46
5397,0,0,24.68
5398,0,0,24.09
5399,0,0,24
5400,0,0,23.56
5401,0,0,22.94
5402,0,0,22.84
5403,0,0,22.87
5404,0,0,22.93
5405,55.17,45.87,22.59
5406,234.93,110.45,24.74
5407,470.76,134.3,26.04
5408,649.33,203.32,26.64
5409,859.77,166.02,27.27
5410,956.13,188.46,27.8
5411,991.71,191.88,27.94
5412,939.91,204.83,27.92
5413,734.52,299.02,27.96
5414,624.99,220.39,27.77
5415,444.67,152.84,27.3
5416,233.61,94.77,26.8
5417,49.08,44.33,26.26
5418,0,0,25.6
5419,0,0,24.99
5420,0,0,24.16
5421,0,0,24.03
5422,0,0,22.84
5423,0,0,22.41
5424,0,0,21.92
5425,0,0,21.6
5426,0,0,22.28
5427,0,0,21.8
5428,0,0,21.02
5429,54.17,47.37,21.75
5430,226.69,116.29,23.95
5431,447.25,164.13,27.47
5432,661.14,189.16,29.03
5433,809.3,233.62,30.23
5434,926.68,230.53,31.13
5435,967.25,226.99,31.64
5436,905.73,250.3,31.82
5437,759.81,276.36,31.8
5438,150.86,148.34,31.52
5439,47.79,46.99,31.01
5440,128.71,120.6,30.6
5441,49.57,45.88,30.17
5442,0,0,29.2
5443,0,0,28.39
5444,0,0,27.56
5445,0,0,27.09
5446,0,0,26.71
5447,0,0,26.29
5448,0,0,26.08
5449,0,0,26.15
5450,0,0,26.01
5451,0,0,25.83
5452,0,0,25.55
5453,16.87,16.58,25.63
5454,241.43,97.04,26.27
5455,464.09,138.76,28.53
5456,680.13,157.8,30.5
5457,842.82,180.87,32.11
5458,949.57,190.06,32.99
5459,972.01,210.91,33.16
5460,646.44,407.41,33.11
5461,798.71,225.72,33.44
5462,513.29,293.06,33.65
5463,259.84,219.28,33.42
5464,221.06,108.51,32.9
5465,48.65,45.46,31.96
5466,0,0,30.64
5467,0,0,28.79
5468,0,0,28.01
5469,0,0,27.45
5470,0,0,26.77
5471,0,0,25.99
5472,0,0,24.97
5473,0,0,24.78
5474,0,0,24.87
5475,0,0,24.28
5476,0,0,24.2
5477,51.42,45.19,24.33
5478,227.95,112.19,26.08
5479,400.29,199.85,29.74
5480,498.31,299.51,31.71
5481,531.42,371.15,33.2
5482,883.88,278.49,34.28
5483,946.46,249.74,34.93
5484,901.95,249.95,35.17
5485,560.48,370.03,34.8
5486,618.45,218.36,34.21
5487,428.89,163.98,33.48
5488,209.79,120.15,32.85
5489,47.91,45.25,32.34
5490,0,0,31.67
5491,0,0,31
5492,0,0,30.05
5493,0,0,28.9
5494,0,0,27.69
5495,0,0,27.03
5496,0,0,26.85
5497,0,0,27.08
5498,0,0,27.25
5499,0,0,27.41
5500,0,0,27.79
5501,51.12,45.62,28.06
5502,213.59,126.14,28.76
5503,402.68,203.05,31.41
5504,581.23,265.54,33.41
5505,799.84,251.52,35.39
5506,911.36,258.79,36.25
5507,950.93,258.48,36.92
5508,337,320.59,37.76
5509,683.05,334.5,38.18
5510,453.05,309.35,38.05
5511,412.07,184.65,37.31
5512,189.99,132.82,36.29
5513,45.47,42.97,34.9
5514,0,0,33.39
5515,0,0,31.83
5516,0,0,30.02
5517,0,0,28.73
5518,0,0,27.76
5519,0,0,26.78
5520,0,0,26.39
5521,0,0,25.88
5522,0,0,25.66
5523,0,0,25.61
5524,0,0,25.48
5525,50.36,44.74,25.36
5526,182.77,133.92,25.69
5527,386.65,207.14,26.58
5528,572.45,268.2,26.83
5529,781.93,261.14,27.71
5530,780.8,361.28,28.64
5531,905.99,298.51,29.37
5532,868.34,289.63,29.53
5533,811.49,213.15,29.34
5534,676.08,147.12,28.85
5535,462.57,118.92,28.1
5536,229,86.58,27.26
5537,40.57,38.05,26.46
5538,0,0,25.66
5539,0,0,25.55
5540,0,0,25.35
5541,0,0,25.14
5542,0,0,24.92
5543,0,0,24.77
5544,0,0,24.58
5545,0,0,24.28
5546,0,0,23.9
5547,0,0,23.49
5548,0,0,23.16
5549,49.77,42.17,23.18
5550,61.84,60.81,23.9
5551,480.11,127.74,24.93
5552,700.57,148.42,25.98
5553,858.12,180.62,26.85
5554,952.9,207.3,27.63
5555,999.7,193.15,28.01
5556,922.54,236.54,28.4
5557,848.23,170.31,28.46
5558,680.83,146.53,28.18
5559,450.41,134.64,27.73
5560,217.63,103.75,26.99
5561,38.12,35.98,26.25
5562,0,0,25.53
5563,0,0,24.92
5564,0,0,24.54
5565,0,0,24.23
5566,0,0,23.83
5567,0,0,23.26
5568,0,0,22.52
5569,0,0,21.9
5570,0,0,21.4
5571,0,0,20.96
5572,0,0,21.15
5573,49.4,36.82,21.52
5574,255.45,85.5,22.9
5575,489.1,124.31,25.28
5576,679.81,179.97,26.31
5577,873.25,166.67,27.19
5578,999.48,157.87,27.76
5579,1033.94,157.98,27.99
5580,973.11,172.52,27.94
5581,852.28,170.76,27.87
5582,671.52,159.89,27.68
5583,446.62,141.68,27.28
5584,228.07,86.08,26.74
5585,36.92,35.28,26.08
5586,0,0,25.43
5587,0,0,24.92
5588,0,0,24.67
5589,0,0,24.29
5590,0,0,23.53
5591,0,0,23.21
5592,0,0,22.25
5593,0,0,21.81
5594,0,0,22.73
5595,0,0,22.66
5596,0,0,22.47
5597,48.55,34.95,22.56
5598,254.77,85.84,22.87
5599,483.23,128.55,24.04
5600,712.46,142.17,25.53
5601,867.06,173.21,26.85
5602,975.57,181.23,27.61
5603,1016.08,176.2,27.71
5604,960.85,189.52,27.57
5605,783.83,254.63,27.46
5606,546.56,273.89,27.33
5607,348.85,214.63,26.96
5608,166.95,129.76,26.33
5609,40.07,39.36,25.27
5610,0,0,24.5
5611,0,0,24.78
5612,0,0,24.38
5613,0,0,23.93
5614,0,0,23.36
5615,0,0,23.59
5616,0,0,23.59
5617,0,0,23.55
5618,0,0,23.39
5619,0,0,23.27
5620,0,0,23.14
5621,48.12,35.45,22.99
5622,250.49,88.04,22.73
5623,484.99,123.98,24.13
5624,708.86,143.5,25.03
5625,877.89,158,25.77
5626,981.73,170.02,26.7
5627,1010.17,177.52,27.27
5628,971.77,168.98,27.35
5629,864.56,151.87,27.23
5630,671.75,149.48,27.12
5631,459.42,118.22,26.73
5632,215.76,93.23,26.19
5633,38.29,37.61,25.62
5634,0,0,25.04
5635,0,0,24.01
5636,0,0,23.89
5637,0,0,23.66
5638,0,0,23.53
5639,0,0,23.08
5640,0,0,22.54
5641,0,0,22.13
5642,0,0,21.98
5643,0,0,22.29
5644,0,0,21.69
5645,20.61,20.27,21.82
5646,227.81,107.72,23.04
5647,472.19,135.99,23.92
5648,693.5,153.89,24.6
5649,869.49,163.48,25.09
5650,960.86,191.19,25.33
5651,981.48,212.18,25.79
5652,932.45,214.73,26.88
5653,840.05,171.64,27.66
5654,591.65,234.49,27.75
5655,410.02,167.69,27.43
5656,207.61,100.99,26.93
5657,31.16,30.62,26.22
5658,0,0,25.41
5659,0,0,24.77
5660,0,0,24.13
5661,0,0,23.44
5662,0,0,22.86
5663,0,0,23.09
5664,0,0,22.91
5665,0,0,22.81
5666,0,0,22.61
5667,0,0,21.78
5668,0,0,20.91
5669,46.45,38.04,20.87
5670,194.67,126.25,22.83
5671,419,186.6,24.49
5672,680.53,174.5,25.51
5673,875.13,163.99,26.4
5674,960.15,200.04,26.8
5675,992.38,202.33,27.17
5676,972.68,169.74,27.32
5677,858.42,156.69,27.48
5678,669.68,150.19,27.64
5679,452.94,119.78,27.28
5680,215.89,84.36,26.67
5681,35.62,34.99,25.92
5682,0,0,25.15
5683,0,0,24.54
5684,0,0,23.96
5685,0,0,23.81
5686,0,0,23.09
5687,0,0,22.33
5688,0,0,22.32
5689,0,0,22.14
5690,0,0,21.68
5691,0,0,22.76
5692,0,0,22.96
5693,45.2,35.02,22.73
5694,236.79,99.22,22.77
5695,484.69,125.12,24.71
5696,696.32,154.75,25.86
5697,861.67,174.64,26.93
5698,969.2,183.69,27.88
5699,1007.64,177.53,28.09
5700,916.05,236.85,27.85
5701,358.63,319.97,27.66
5702,497.41,283.96,27.42
5703,360.8,198.97,27.41
5704,166.4,120.92,27.01
5705,34.73,34.12,26.42
5706,0,0,25.75
5707,0,0,24.8
5708,0,0,24.3
5709,0,0,23.95
5710,0,0,23.64
5711,0,0,23.53
5712,0,0,23.87
5713,0,0,23.69
5714,0,0,23.52
5715,0,0,23.33
5716,0,0,23.17
5717,45.31,35.16,23.05
5718,243.47,90.25,23.46
5719,483.14,125.47,24.89
5720,698.6,151.05,25.89
5721,881.26,156.37,26.86
5722,966.76,184.02,27.61
5723,967.71,228.78,28.33
5724,650.77,397.21,28.31
5725,846.48,162.48,26.75
5726,642.2,175.65,27.01
5727,436.06,129.98,26.86
5728,202.98,92.37,26.75
5729,32.94,32.37,26.39
5730,0,0,25.98
5731,0,0,25.45
5732,0,0,24.92
5733,0,0,24.47
5734,0,0,24.02
5735,0,0,23.67
5736,0,0,23.23
5737,0,0,22.83
5738,0,0,22.48
5739,0,0,22.18
5740,0,0,22.13
5741,42.4,35.19,23.67
5742,235.65,95.15,23.78
5743,466.21,139.37,25.76
5744,686.34,158.38,25.91
5745,851.38,183.6,25.66
5746,361.23,333.76,26.58
5747,1000.46,179.21,27.31
5748,938.11,199.81,27.7
5749,832,173.03,27.43
5750,649.1,160.06,27.33
5751,376.51,182.8,27.46
5752,119.63,106.99,27.36
5753,8.9,8.75,26.9
5754,0,0,26.06
5755,0,0,25.64
5756,0,0,24.68
5757,0,0,24.98
5758,0,0,24.86
5759,0,0,24.49
5760,0,0,22.87
5761,0,0,22.54
5762,0,0,23.04
5763,0,0,22.48
5764,0,0,22.18
5765,43.22,32.77,22.31
5766,245.68,91.01,23.26
5767,490.13,125.46,23.96
5768,716.08,143.91,25.3
5769,877.06,168.81,26.03
5770,991.12,171.43,26.81
5771,1023.26,172.57,27.42
5772,970,174.45,27.78
5773,849.45,165.45,27.71
5774,658.72,158.69,27.57
5775,442.8,123.01,27.24
5776,206.59,82.55,26.76
5777,29.38,28.87,26.02
5778,0,0,25.23
5779,0,0,24.51
5780,0,0,24.08
5781,0,0,23.55
5782,0,0,23.18
5783,0,0,22.66
5784,0,0,22.12
5785,0,0,22.18
5786,0,0,23.32
5787,0,0,22.72
5788,0,0,22.07
5789,42.98,33.01,21.99
5790,254,85.84,23.03
5791,490.82,126.91,24.56
5792,725.58,140.32,25.44
5793,898.02,154.68,26.41
5794,1008.45,160.26,27.16
5795,1046.7,154.93,27.87
5796,991.96,158.07,28.26
5797,858.76,161.84,28.34
5798,673.46,146.11,28.14
5799,443.15,121.42,27.77
5800,204.52,82.8,27.1
5801,27.6,27.12,26.2
5802,0,0,25.36
5803,0,0,24.81
5804,0,0,24.02
5805,0,0,23.62
5806,0,0,23.38
5807,0,0,22.14
5808,0,0,21.83
5809,0,0,21.69
5810,0,0,23.34
5811,0,0,23.62
5812,0,0,23.28
5813,41.2,33.63,23.07
5814,237.54,96.24,23.51
5815,478.68,132,25.61
5816,696.12,158.88,26.81
5817,766.17,280.43,28.03
5818,898.72,271.22,29.17
5819,874.72,324.16,30.03
5820,945.96,199.22,30.39
5821,800.94,218,29.84
5822,476.46,282.13,29.14
5823,183.34,170.18,28.48
5824,90.68,86.65,27.92
5825,22.26,21.87,27.36
5826,0,0,26.67
5827,0,0,26.16
5828,0,0,26.01
5829,0,0,25.71
5830,0,0,25.73
5831,0,0,25.59
5832,0,0,25.31
5833,0,0,25.15
5834,0,0,24.92
5835,0,0,24.74
5836,0,0,24.54
5837,40.15,31.82,24.4
5838,235.46,95.57,24.94
5839,466.91,142.04,25.61
5840,683.23,168.26,26.94
5841,708.64,312.08,27.74
5842,480.99,385.85,27.85
5843,999.06,184.02,27.89
5844,963.41,167.99,27.95
5845,794.83,215.15,27.6
5846,649.92,152.53,27.46
5847,430.14,120.9,27.27
5848,170.84,104.38,26.82
5849,24.04,23.62,26.14
5850,0,0,25.42
5851,0,0,24.75
5852,0,0,24.38
5853,0,0,24.03
5854,0,0,23.67
5855,0,0,23.18
5856,0,0,22.58
5857,0,0,21.93
5858,0,0,21.47
5859,0,0,21.28
5860,0,0,21.03
5861,36.51,26.84,21.09
5862,249.68,86.85,22.98
5863,492.33,124.13,25.01
5864,710.83,149.65,26.04
5865,874.46,173.62,27.17
5866,993.06,169.84,27.91
5867,641.42,413.67,28.52
5868,969.15,172.86,28.66
5869,840.64,170.1,28.38
5870,624.77,190.79,27.9
5871,436.98,118.48,27.38
5872,196.98,79.81,26.67
5873,22.26,21.87,25.94
5874,0,0,25.21
5875,0,0,24.92
5876,0,0,24.38
5877,0,0,23.85
5878,0,0,23.66
5879,0,0,23.33
5880,0,0,22.89
5881,0,0,22.88
5882,0,0,22.24
5883,0,0,21.47
5884,0,0,21.3
5885,32.03,27.29,21.33
5886,227.48,99.73,23.29
5887,455.23,150.36,26.17
5888,612.74,231.51,28.03
5889,769.41,268.09,29.53
5890,550.84,394.91,30.52
5891,592.05,408.1,31.04
5892,638.51,386.53,31.38
5893,783.77,220.8,31.48
5894,630.84,167.17,31.2
5895,320.43,192.53,30.95
5896,180.44,89.24,30.46
5897,18.7,18.37,29.67
5898,0,0,28.8
5899,0,0,28.3
5900,0,0,27.55
5901,0,0,26.84
5902,0,0,26.16
5903,0,0,25.57
5904,0,0,25.18
5905,0,0,24.88
5906,0,0,24.71
5907,0,0,24.58
5908,0,0,24.5
5909,13.12,12.9,24.51
5910,215.63,105.11,25.69
5911,463.95,141.17,27.33
5912,689.48,158.27,29.13
5913,853.19,181.33,30.82
5914,950.9,199.79,32
5915,1011.42,167.09,32.57
5916,956.39,170.14,32.7
5917,822.7,170.48,32.27
5918,631.9,162.55,31.45
5919,177.32,162.96,30.52
5920,121.33,100.97,29.88
5921,17.81,17.5,29.09
5922,0,0,27.96
5923,0,0,27.37
5924,0,0,26.48
5925,0,0,25.61
5926,0,0,24.68
5927,0,0,24.35
5928,0,0,24.05
5929,0,0,23.11
5930,0,0,22.38
5931,0,0,22.04
5932,0,0,21.79
5933,32.44,27.3,21.64
5934,228.32,98.58,23.23
5935,473.65,134.94,26.11
5936,699.48,153.76,27.48
5937,876.6,165.26,28.42
5938,982.73,170.83,29.17
5939,1017.76,166.55,29.51
5940,950.87,181.24,29.61
5941,827.34,171.07,29.44
5942,631.08,167.08,29.17
5943,400.67,141.23,28.85
5944,172.73,88.68,28.42
5945,16.03,15.75,27.69
5946,0,0,26.82
5947,0,0,26.68
5948,0,0,26.22
5949,0,0,25.57
5950,0,0,24.96
5951,0,0,25.44
5952,0,0,24.81
5953,0,0,24.32
5954,0,0,25.09
5955,0,0,24.91
5956,0,0,24.42
5957,28.98,25.49,22.77
5958,160.74,114.87,24.34
5959,0,0,26.03
5960,677.99,170.27,27.39
5961,844.89,189.4,28.4
5962,954.11,192.18,29.35
5963,975.89,202.78,30.09
5964,945.28,176.12,30.31
5965,816.47,171.2,30.06
5966,583.83,202.8,29.62
5967,391.92,140.32,29.04
5968,156.41,94.96,28.35
5969,13.36,13.12,27.77
5970,0,0,27.24
5971,0,0,26.98
5972,0,0,26.64
5973,0,0,26.38
5974,0,0,26.14
5975,0,0,25.81
5976,0,0,25.53
5977,0,0,25.18
5978,0,0,24.73
5979,0,0,24.33
5980,0,0,23.88
5981,29.52,25.24,23.5
5982,194.55,110.24,24.8
5983,445.76,151.58,27.01
5984,669.6,175.59,28.41
5985,834.12,195.84,29.67
5986,942.14,200.86,30.68
5987,969.71,203.04,31.29
5988,914.5,205.68,31.46
5989,799.41,184.86,31.5
5990,606.7,176.26,31.24
5991,387.47,140.55,31.06
5992,157.23,89.7,30.37
5993,11.58,11.37,29.26
5994,0,0,28.31
5995,0,0,27.97
5996,0,0,27.44
5997,0,0,26.88
5998,0,0,26.41
5999,0,0,25.55
6000,0,0,25.3
6001,0,0,25.07
6002,0,0,24.81
6003,0,0,24.53
6004,0,0,24.28
6005,30.56,23.42,24.19
6006,227.18,94.83,25.16
6007,471.28,132.05,27.38
6008,702.15,149.83,29.52
6009,858.57,176.83,31.37
6010,967.98,178.27,32.7
6011,995.46,179.31,33.61
6012,938.87,182.25,33.79
6013,793.11,196.69,33.67
6014,609.78,175.86,33.4
6015,380.16,145.5,33.07
6016,157.27,88.09,32.66
6017,8.01,7.87,31.92
6018,0,0,30.84
6019,0,0,29.42
6020,0,0,28.5
6021,0,0,27.7
6022,0,0,26.99
6023,0,0,26.5
6024,0,0,26.14
6025,0,0,25.87
6026,0,0,25.67
6027,0,0,25.49
6028,0,0,25.31
6029,25.4,22.19,25.2
6030,195.6,108.12,25.96
6031,383.35,188.76,28.7
6032,655.06,192.42,30.7
6033,810.67,226.29,32.22
6034,928.17,223.76,33.13
6035,967.64,211.45,33.12
6036,898.13,227.23,33.1
6037,794.75,190.94,32.78
6038,601.62,179.05,31.81
6039,360.26,155.43,30.57
6040,102.75,87.2,28.59
6041,5.34,5.25,27.96
6042,0,0,27.29
6043,0,0,26.58
6044,0,0,26.09
6045,0,0,25.78
6046,0,0,25.29
6047,0,0,25.48
6048,0,0,25.46
6049,0,0,25.34
6050,0,0,24.99
6051,0,0,24.37
6052,0,0,24.01
6053,27.68,21.35,23.75
6054,238.91,87.52,24.12
6055,486.15,125.3,25.98
6056,709.74,148.83,27.66
6057,877.36,166.38,29.1
6058,982.65,172.99,29.92
6059,1010.08,174.01,30.13
6060,863.81,269.76,30.05
6061,807.74,183.45,29.95
6062,639.81,144.84,29.66
6063,406.36,117.94,29.03
6064,169.42,74.14,28.1
6065,7.12,7,27.1
6066,0,0,26.22
6067,0,0,25.39
6068,0,0,24.92
6069,0,0,24.53
6070,0,0,24.72
6071,0,0,24.62
6072,0,0,24.47
6073,0,0,24.27
6074,0,0,23.94
6075,0,0,22.87
6076,0,0,22.45
6077,29.14,20.93,22.78
6078,249.24,84.51,23.46
6079,498.64,123.13,25.85
6080,721.16,148.61,27.09
6081,895.74,160.8,28.17
6082,1008.98,161.93,28.79
6083,1041.71,156.33,28.8
6084,980.94,159.56,28.55
6085,855.21,147.59,28.23
6086,647.04,143.45,27.93
6087,411.55,117.59,27.37
6088,172.97,70.78,26.57
6089,4.45,4.37,25.61
6090,0,0,24.92
6091,0,0,24.6
6092,0,0,24.27
6093,0,0,23.85
6094,0,0,23.44
6095,0,0,23.04
6096,0,0,22.75
6097,0,0,22.23
6098,0,0,21.62
6099,0,0,21.39
6100,0,0,21.4
6101,25.35,20.03,21.74
6102,233.22,92.83,22.11
6103,451.47,159.13,24.49
6104,724.24,144.82,25.6
6105,894.88,160.12,26.6
6106,1007,161.2,27.32
6107,1027.63,167.61,27.75
6108,973.46,165.37,27.96
6109,847.7,153.34,27.87
6110,656.23,134.66,27.57
6111,410.07,114.97,26.95
6112,166.62,71.86,26.1
6113,0,0,25.15
6114,0,0,24.35
6115,0,0,23.51
6116,0,0,23.04
6117,0,0,22.4
6118,0,0,21.88
6119,0,0,21.28
6120,0,0,20.68
6121,0,0,20.29
6122,0,0,20.57
6123,0,0,21.02
6124,0,0,20.69
6125,27,19.65,20.38
6126,249.77,85.37,20.72
6127,493.25,131.19,23.29
6128,721.98,155.02,24.49
6129,901.22,164.11,25.67
6130,1007.88,171.75,26.45
6131,1039.55,166.14,27.05
6132,978.56,169.32,27.38
6133,856.79,151.88,27.34
6134,658.59,136.3,27.18
6135,410.68,115.48,26.92
6136,168.41,68.48,26.33
6137,0,0,25.59
6138,0,0,25.03
6139,0,0,24.55
6140,0,0,24.13
6141,0,0,23.66
6142,0,0,23.17
6143,0,0,22.29
6144,0,0,21.97
6145,0,0,21.04
6146,0,0,20.3
6147,0,0,19.88
6148,0,0,19.54
6149,25.8,18.99,19.61
6150,247.7,84.68,21.38
6151,497.69,125.55,24.48
6152,719.89,152.15,26.35
6153,882.38,176.11,27.78
6154,999.33,173.09,29.04
6155,1018.68,179.45,30.02
6156,963.39,174.9,30.58
6157,837.7,160.59,30.85
6158,633.95,149.8,30.79
6159,388.08,130.07,30.41
6160,152.15,74.77,29.82
6161,0,0,29.02
6162,0,0,28.09
6163,0,0,26.77
6164,0,0,26.26
6165,0,0,25.43
6166,0,0,24.91
6167,0,0,24.47
6168,0,0,23.97
6169,0,0,23.51
6170,0,0,23.17
6171,0,0,22.92
6172,0,0,22.86
6173,20.27,17.03,22.95
6174,208.67,99.83,23.78
6175,447.01,155.23,26.16
6176,604.66,235.56,28.39
6177,837.84,209.53,30.03
6178,301.38,286.63,31.26
6179,989.32,195.61,31.86
6180,934.13,190.94,32.13
6181,800.12,183.61,32.24
6182,615.81,154.87,32.1
6183,366.6,137.3,31.77
6184,140.76,75.46,31.13
6185,0,0,30.1
6186,0,0,28.81
6187,0,0,27.89
6188,0,0,27
6189,0,0,26.14
6190,0,0,25.53
6191,0,0,24.9
6192,0,0,24.49
6193,0,0,24.34
6194,0,0,24.25
6195,0,0,24.1
6196,0,0,24.1
6197,19.55,16.14,23.95
6198,216.32,95.09,24.45
6199,462.58,141.39,26.36
6200,671.25,179.97,28.73
6201,842.24,197.33,30.55
6202,949.12,202.22,31.69
6203,979.26,195.75,32.47
6204,756.11,326.37,32.46
6205,774.54,202.21,31.95
6206,406.49,254.99,31.21
6207,356.7,138.18,29.88
6208,125.36,77.62,28.64
6209,0,0,27.38
6210,0,0,26.37
6211,0,0,26.78
6212,0,0,26.22
6213,0,0,25.94
6214,0,0,25.58
6215,0,0,25.3
6216,0,0,25.15
6217,0,0,24.75
6218,0,0,24.6
6219,0,0,24.39
6220,0,0,24.19
6221,4.69,4.61,24.08
6222,86.91,80.59,24.33
6223,411.47,172.32,25.26
6224,659.22,192.44,26.26
6225,814.81,226.44,27.63
6226,905.14,249.19,28.7
6227,1019.28,160.67,29.04
6228,966.67,152.98,29.28
6229,832.29,147.59,29.23
6230,626.24,139.36,28.96
6231,371.93,123.76,28.31
6232,137.59,70.37,27.33
6233,0,0,26.15
6234,0,0,25.28
6235,0,0,24.69
6236,0,0,24.49
6237,0,0,24.04
6238,0,0,23.29
6239,0,0,22.6
6240,0,0,22.07
6241,0,0,21.65
6242,0,0,21.4
6243,0,0,21.07
6244,0,0,20.71
6245,17.24,13.45,20.4
6246,245.88,86.28,20.63
6247,495.32,133.77,21.4
6248,715.21,170.32,22.33
6249,911,165.74,23.3
6250,1015.71,172.15,24.22
6251,1053.22,162.08,24.81
6252,986.72,164.19,25.1
6253,849.78,155.31,25.07
6254,649.15,138.6,24.66
6255,397.61,114.43,23.85
6256,149.99,65.76,23.03
6257,0,0,22.22
6258,0,0,21.58
6259,0,0,21.03
6260,0,0,20.5
6261,0,0,19.72
6262,0,0,18.87
6263,0,0,18.27
6264,0,0,17.75
6265,0,0,17.45
6266,0,0,17.23
6267,0,0,17.3
6268,0,0,17.73
6269,17.49,13.45,18.11
6270,239.45,85.27,18.7
6271,499.77,122.73,21.87
6272,724.91,150.41,23.92
6273,898.71,162.43,25.95
6274,984.81,185.16,27.72
6275,973.18,227.84,28.64
6276,851.73,278.4,28.87
6277,805.61,183.9,28.49
6278,612.21,157.97,27.83
6279,357.97,134.89,26.81
6280,128.13,69.51,25.72
6281,0,0,24.62
6282,0,0,23.8
6283,0,0,23.51
6284,0,0,22.96
6285,0,0,22.26
6286,0,0,21.53
6287,0,0,20.96
6288,0,0,21.43
6289,0,0,22.02
6290,0,0,21.44
6291,0,0,20.79
6292,0,0,19.99
6293,15.61,12.67,19.15
6294,239.2,86.68,20
6295,495.99,127.34,22.67
6296,717.74,155.04,24.03
6297,897.25,167.38,25.35
6298,999.71,173.77,26.22
6299,1016.52,179.01,26.74
6300,951.01,182.04,26.9
6301,816.77,169.62,26.64
6302,624.45,144.14,26.34
6303,378.26,118.62,25.79
6304,136.54,64.82,24.97
6305,0,0,24.04
6306,0,0,23.34
6307,0,0,23.02
6308,0,0,23.05
6309,0,0,22.72
6310,0,0,21.37
6311,0,0,20.16
6312,0,0,19.75
6313,0,0,19.57
6314,0,0,19.56
6315,0,0,19.61
6316,0,0,20.95
6317,13.99,10.86,21.32
6318,238.73,84.06,21.41
6319,494.9,124.55,22.33
6320,713.95,154.27,23.36
6321,891.55,163.16,24.46
6322,787.92,333.7,25.28
6323,849.76,316.81,25.79
6324,927.01,198.32,26.05
6325,749.88,224.86,25.66
6326,493.36,227.56,24.89
6327,292.36,155.54,24.63
6328,61.05,55.61,23.72
6329,0,0,22.82
6330,0,0,22.08
6331,0,0,21.71
6332,0,0,21.47
6333,0,0,21.39
6334,0,0,21.26
6335,0,0,20.91
6336,0,0,20.45
6337,0,0,20.05
6338,0,0,20.04
6339,0,0,19.81
6340,0,0,20.08
6341,15.72,10.77,19.65
6342,207.87,94.67,19.73
6343,197.32,169.71,21.44
6344,107.76,105.96,22.01
6345,251.64,241.14,22.39
6346,665.47,368.26,22.77
6347,390.24,340.01,23.15
6348,221.13,217.45,23.32
6349,204.7,200.05,22.56
6350,114.31,112.41,21.9
6351,48.72,47.91,21.05
6352,14.99,14.74,21.13
6353,0,0,20.75
6354,0,0,20.61
6355,0,0,20.21
6356,0,0,20.31
6357,0,0,20.36
6358,0,0,20.18
6359,0,0,19.86
6360,0,0,19.3
6361,0,0,18.7
6362,0,0,18.29
6363,0,0,18.13
6364,0,0,18.54
6365,10.09,8.22,18.35
6366,235.12,86.68,19.15
6367,502.55,125.99,20.58
6368,579.63,252.1,21.27
6369,780.46,270.32,21.7
6370,922.12,256.9,21.99
6371,787.12,354.81,22.02
6372,767.99,325.52,22
6373,825.57,160.55,21.87
6374,602.36,159.86,21.69
6375,341.64,135.91,21.39
6376,104.05,64.35,20.87
6377,0,0,20.2
6378,0,0,19.64
6379,0,0,19.18
6380,0,0,18.39
6381,0,0,17.37
6382,0,0,16.96
6383,0,0,17.49
6384,0,0,17.99
6385,0,0,17.37
6386,0,0,16.85
6387,0,0,16
6388,0,0,15.1
6389,8.43,8.29,14.47
6390,247.3,83.02,15.65
6391,491.62,135.62,19.35
6392,705.58,179.68,20.84
6393,709.62,311.69,22.14
6394,503.87,373.9,23.23
6395,620.4,390.77,23.75
6396,332.66,303.28,23.97
6397,356.47,295.61,23.97
6398,420.16,245.85,23.91
6399,239.73,158.63,23.58
6400,93.76,62.82,23.07
6401,0,0,22.44
6402,0,0,21.83
6403,0,0,21.51
6404,0,0,21.08
6405,0,0,20.84
6406,0,0,20.69
6407,0,0,20.59
6408,0,0,20.54
6409,0,0,20.59
6410,0,0,20.59
6411,0,0,20.6
6412,0,0,20.57
6413,7.5,7.37,20.53
6414,197.29,95.67,20.89
6415,437.18,159.36,22.16
6416,672.3,189.07,23.43
6417,879.71,172.67,24.85
6418,973.94,186.78,25.54
6419,1000.42,181.08,26.17
6420,926.81,190.61,26.35
6421,790.81,175.82,26.28
6422,551.24,186.17,26.05
6423,321.66,134.47,25.7
6424,104.91,58.69,25.01
6425,0,0,24.03
6426,0,0,23.27
6427,0,0,23.22
6428,0,0,22.89
6429,0,0,22.74
6430,0,0,22.69
6431,0,0,22.63
6432,0,0,22.57
6433,0,0,22.47
6434,0,0,22.51
6435,0,0,22.54
6436,0,0,22.65
6437,1.87,1.84,22.61
6438,16.87,16.58,22.74
6439,55.28,54.36,21.58
6440,78.71,77.4,21.92
6441,69.34,68.18,22.37
6442,140.55,138.21,23.03
6443,114.31,112.41,23.15
6444,240.83,234.28,23.52
6445,187.86,183.46,23.32
6446,204.88,187.64,23.15
6447,134.45,120.96,23.33
6448,80.6,55.88,23.45
6449,0,0,22.95
6450,0,0,22.26
6451,0,0,22.28
6452,0,0,22.04
6453,0,0,21.63
6454,0,0,21.23
6455,0,0,20.94
6456,0,0,20.64
6457,0,0,20.53
6458,0,0,20.57
6459,0,0,20.55
6460,0,0,20.43
6461,0.94,0.92,20.33
6462,228.94,82.88,20.45
6463,446.52,147.79,21.41
6464,652.69,195.3,22.27
6465,843.88,198.96,22.97
6466,672.2,356.49,23.8
6467,986.5,181.63,24.33
6468,937.36,169.57,24.55
6469,336.68,280.3,24.28
6470,241.76,207.36,23.84
6471,314.73,130.11,23.38
6472,101.98,53.61,22.82
6473,0,0,21.9
6474,0,0,20.96
6475,0,0,21.14
6476,0,0,20.67
6477,0,0,20.27
6478,0,0,20
6479,0,0,19.76
6480,0,0,19.5
6481,0,0,19.25
6482,0,0,19.19
6483,0,0,19.02
6484,0,0,18.9
6485,0.94,0.92,18.77
6486,226.67,84.14,19.23
6487,374.15,179.32,20.76
6488,547.66,251.44,21.66
6489,807.44,235.47,22.51
6490,842.13,293.33,23.01
6491,742.15,352.15,23.2
6492,545.63,353.59,23.27
6493,433.8,302.79,23.03
6494,519.43,195.76,23.03
6495,248.62,144.91,23.01
6496,100.23,51.97,22.62
6497,0,0,21.78
6498,0,0,20.93
6499,0,0,20.36
6500,0,0,19.95
6501,0,0,19.65
6502,0,0,19.47
6503,0,0,19.45
6504,0,0,19.37
6505,0,0,19.19
6506,0,0,18.83
6507,0,0,18.82
6508,0,0,18.94
6509,0,0,19.1
6510,224.09,82.32,19.03
6511,457.57,141.3,20.58
6512,673.52,179.52,21.75
6513,837.56,203.1,22.71
6514,941.4,210.14,23.54
6515,979.71,188.17,24.23
6516,910.72,190.01,24.64
6517,659.39,258.03,25.07
6518,550.56,170.03,24.9
6519,326.5,118.32,24.55
6520,95.05,50.91,23.96
6521,0,0,23.01
6522,0,0,21.93
6523,0,0,21.69
6524,0,0,21.12
6525,0,0,20.7
6526,0,0,20.37
6527,0,0,20.07
6528,0,0,19.93
6529,0,0,19.77
6530,0,0,19.69
6531,0,0,19.69
6532,0,0,19.79
6533,0,0,19.86
6534,224.79,80.79,20.3
6535,469,131.94,22.14
6536,705.49,153.02,23.52
6537,864.57,173.57,24.93
6538,509.9,358.04,26.06
6539,853.87,292.17,26.86
6540,584.07,345.59,27.34
6541,350.07,279.68,27.31
6542,270.45,214.21,26.6
6543,289.7,129.5,26.28
6544,74.01,48.14,25.74
6545,0,0,25.01
6546,0,0,24.24
6547,0,0,21.83
6548,0,0,20.93
6549,0,0,20.42
6550,0,0,19.8
6551,0,0,19.38
6552,0,0,19.62
6553,0,0,19.81
6554,0,0,19.8
6555,0,0,20.03
6556,0,0,19.23
6557,0,0,19
6558,134.01,88.29,19.96
6559,358.04,175.05,21.51
6560,689.85,158.37,22.55
6561,831.24,199.47,23.29
6562,946.88,190.09,23.83
6563,476.66,355.39,23.35
6564,822.36,254.87,22.62
6565,508.52,292.29,22.25
6566,420.95,217.14,22.04
6567,333.53,104.66,21.54
6568,83.4,46.75,20.91
6569,0,0,20.2
6570,0,0,19.65
6571,0,0,19.56
6572,0,0,19.38
6573,0,0,19.28
6574,0,0,19.2
6575,0,0,19.17
6576,0,0,19.09
6577,0,0,18.98
6578,0,0,18.78
6579,0,0,18.68
6580,0,0,18.52
6581,0,0,18.28
6582,233.24,78.37,18.78
6583,485.71,124.29,20.38
6584,731.35,141.62,21.33
6585,882,167.42,22.14
6586,980.72,174.83,22.74
6587,1004.66,171.24,23.08
6588,926.57,177.73,23.37
6589,791.72,159.95,23.14
6590,587.69,137.56,22.94
6591,345.98,100.88,22.55
6592,92.56,44.4,22.01
6593,0,0,21.39
6594,0,0,20.51
6595,0,0,20.55
6596,0,0,20.31
6597,0,0,18.26
6598,0,0,17.46
6599,0,0,17.25
6600,0,0,17.2
6601,0,0,17.06
6602,0,0,16.95
6603,0,0,16.79
6604,0,0,16.61
6605,0,0,16.58
6606,235.99,77,17.43
6607,401.99,167.16,20.94
6608,728.47,143.2,22.48
6609,891.49,164.91,23.2
6610,977.37,182.23,23.48
6611,1019.34,160.58,23.54
6612,928.61,177.27,23.27
6613,692.98,237.06,23.01
6614,406.48,221.09,22.6
6615,306.79,119.06,22.18
6616,67.16,41.93,21.72
6617,0,0,21.11
6618,0,0,20.57
6619,0,0,19.9
6620,0,0,19.15
6621,0,0,18.69
6622,0,0,18.25
6623,0,0,18.98
6624,0,0,20.03
6625,0,0,19.87
6626,0,0,19.73
6627,0,0,18.46
6628,0,0,17.51
6629,0,0,17
6630,224.1,78.47,17.31
6631,473.54,130.1,20.05
6632,705.97,153,21.2
6633,837.53,205,22.28
6634,945.46,204.33,23.09
6635,969.19,198.66,23.52
6636,897.16,198.1,23.47
6637,736.75,200.56,23.29
6638,498.54,188.75,22.77
6639,273.07,126.13,22.48
6640,58.19,38.48,21.68
6641,0,0,21.15
6642,0,0,20.86
6643,0,0,20.46
6644,0,0,19.73
6645,0,0,19.21
6646,0,0,18.57
6647,0,0,18.07
6648,0,0,17.77
6649,0,0,17.94
6650,0,0,18.36
6651,0,0,19.12
6652,0,0,19.46
6653,0,0,19.28
6654,233.49,75.64,19.32
6655,501.75,120.28,19.98
6656,733.57,143.41,21.2
6657,908.44,156.16,22
6658,1013.81,155.3,22.69
6659,1023.78,160.65,23.21
6660,955.45,157.37,23.51
6661,803.35,150.82,23.49
6662,590.32,135.18,23.14
6663,341.08,98.2,22.51
6664,76.05,39.09,21.76
6665,0,0,20.97
6666,0,0,20.27
6667,0,0,19.36
6668,0,0,19.59
6669,0,0,20.54
6670,0,0,20.31
6671,0,0,20.04
6672,0,0,19.77
6673,0,0,19.56
6674,0,0,18.68
6675,0,0,18.16
6676,0,0,18.07
6677,0,0,17.92
6678,235.89,75.32,17.69
6679,495.98,122.77,18.48
6680,720.21,151.47,20.18
6681,885.74,173.39,21.34
6682,953.74,210.6,22.21
6683,984.63,198.36,22.71
6684,884.17,222.28,22.95
6685,781.98,168.87,23.02
6686,567.66,150.11,22.9
6687,279.89,122.18,22.35
6688,51.86,32.37,21.59
6689,0,0,20.76
6690,0,0,20.05
6691,0,0,19.17
6692,0,0,18.38
6693,0,0,18.77
6694,0,0,19.13
6695,0,0,18.2
6696,0,0,18.24
6697,0,0,18.03
6698,0,0,17.82
6699,0,0,17.55
6700,0,0,17.73
6701,0,0,17.61
6702,223.23,76.72,17.64
6703,487.53,122.76,19.23
6704,715.32,147.13,20.44
6705,887.16,159.93,21.38
6706,985.21,166.06,22.1
6707,1006.71,162.33,22.56
6708,933.29,163.57,22.77
6709,782.02,155.73,22.73
6710,574.64,134.49,22.53
6711,319.92,101.11,22.05
6712,58.15,30.67,21.47
6713,0,0,20.83
6714,0,0,20.25
6715,0,0,19.52
6716,0,0,18.69
6717,0,0,18.46
6718,0,0,18.13
6719,0,0,17.68
6720,0,0,17.25
6721,0,0,16.98
6722,0,0,16.8
6723,0,0,16.77
6724,0,0,16.66
6725,0,0,16.65
6726,205.93,77.45,16.74
6727,476.87,123.71,19.23
6728,702.48,150.5,20.57
6729,877.11,161.22,21.64
6730,883.46,245.64,22.58
6731,890.55,253.64,23.31
6732,862.23,216.73,23.67
6733,696.78,213.47,24.04
6734,529.75,158.61,23.66
6735,290.25,109.51,23.15
6736,27.6,27.12,22.38
6737,0,0,21.72
6738,0,0,21.22
6739,0,0,20.87
6740,0,0,20.37
6741,0,0,19.9
6742,0,0,19.23
6743,0,0,18.92
6744,0,0,18.97
6745,0,0,19.12
6746,0,0,19.19
6747,0,0,19.25
6748,0,0,19.32
6749,0,0,19.38
6750,46.85,46.07,19.66
6751,315.67,167.59,21.01
6752,631.66,187.88,22.54
6753,794.42,213.13,23.53
6754,896.98,216.07,24.14
6755,883.37,240.69,24.27
6756,352.83,294.13,23.81
6757,150.86,148.34,23.72
6758,172.92,158.93,23.18
6759,27.17,26.72,23.03
6760,18.7,18.37,22.77
6761,0,0,22.41
6762,0,0,21.93
6763,0,0,20.77
6764,0,0,21.1
6765,0,0,21.17
6766,0,0,21.19
6767,0,0,21.16
6768,0,0,20.81
6769,0,0,20.14
6770,0,0,19.59
6771,0,0,19.11
6772,0,0,19
6773,0,0,19.06
6774,21.55,21.19,19.28
6775,27.17,26.72,19.64
6776,85.27,83.85,20.43
6777,89.95,88.45,21.2
6778,928.1,191.02,21.91
6779,961.97,174.06,22.62
6780,888.39,172.74,23.37
6781,745.64,159.24,24.09
6782,465.84,179.48,24.22
6783,286.75,101.18,23.69
6784,22.26,21.87,22.86
6785,0,0,22.33
6786,0,0,21.68
6787,0,0,21.4
6788,0,0,21.48
6789,0,0,21.22
6790,0,0,20.89
6791,0,0,20.61
6792,0,0,20.23
6793,0,0,19.64
6794,0,0,18.56
6795,0,0,17.96
6796,0,0,19
6797,0,0,19.51
6798,173.62,77.91,19.53
6799,444.5,135.13,20.09
6800,677.48,162.31,20.98
6801,842.48,181.14,21.67
6802,943.46,183.07,22.3
6803,0,0,22.71
6804,876.14,191.26,23
6805,717.33,188.7,23.06
6806,458.71,181.43,22.95
6807,241.07,113.87,22.61
6808,19.59,19.24,21.93
6809,0,0,21.17
6810,0,0,20.59
6811,0,0,19.88
6812,0,0,19.49
6813,0,0,19.17
6814,0,0,18.92
6815,0,0,18.69
6816,0,0,18.56
6817,0,0,18.38
6818,0,0,18.11
6819,0,0,18
6820,0,0,17.93
6821,0,0,18.12
6822,171.76,76.12,18.15
6823,435.19,133.79,20.32
6824,661.62,166.41,21.48
6825,810.85,197.07,22.51
6826,874.49,232.23,23.22
6827,0,0,23.53
6828,836.03,214.43,23.44
6829,204.68,194.32,23.27
6830,153.34,143.66,22.88
6831,127.75,101.24,22.37
6832,15.14,14.87,21.89
6833,0,0,21.06
6834,0,0,20.77
6835,0,0,19.77
6836,0,0,19.64
6837,0,0,19.64
6838,0,0,19.95
6839,0,0,20.01
6840,0,0,20.14
6841,0,0,20.17
6842,0,0,20.06
6843,0,0,20.09
6844,0,0,20.11
6845,0,0,19.98
6846,17.8,17.51,19.91
6847,27.17,26.72,20.95
6848,42.17,41.46,21.88
6849,116.19,114.25,22.97
6850,97.45,95.82,22.93
6851,65.59,64.5,22.61
6852,183.65,180.59,23.12
6853,158.35,155.71,23.17
6854,198.66,169.51,22.98
6855,168.35,108.34,22.45
6856,15.14,14.87,21.82
6857,0,0,20.89
6858,0,0,20.24
6859,0,0,19.61
6860,0,0,18.89
6861,0,0,18.46
6862,0,0,18.1
6863,0,0,17.83
6864,0,0,17.64
6865,0,0,17.42
6866,0,0,17.43
6867,0,0,17.6
6868,0,0,17.8
6869,0,0,17.71
6870,45.25,42.6,17.92
6871,149.36,131.25,18.86
6872,217.92,195.26,19.6
6873,550.69,300.09,19.97
6874,869.54,237.68,20.6
6875,852.06,259.24,20.93
6876,843.85,208.45,21.1
6877,687.71,197.5,20.95
6878,472.15,167.33,20.76
6879,194.24,109.4,20.38
6880,1.78,1.75,20.07
6881,0,0,19.61
6882,0,0,19.23
6883,0,0,19.25
6884,0,0,18.95
6885,0,0,18.88
6886,0,0,18.74
6887,0,0,18.5
6888,0,0,18.14
6889,0,0,18.12
6890,0,0,18.12
6891,0,0,17.75
6892,0,0,17.6
6893,0,0,17.42
6894,105.22,68.74,17.44
6895,306.74,161.34,18.83
6896,139.61,137.29,19.77
6897,534.42,298.43,20.43
6898,791.47,280.3,21.11
6899,794.73,286.7,21.52
6900,254.33,237.5,21.64
6901,492.63,262.11,21.6
6902,427.87,179.7,21.31
6903,225.54,105.45,20.97
6904,12.47,12.25,20.38
6905,0,0,19.74
6906,0,0,18.97
6907,0,0,19.53
6908,0,0,19.33
6909,0,0,19.11
6910,0,0,18.08
6911,0,0,17.47
6912,0,0,17.89
6913,0,0,18.23
6914,0,0,17.94
6915,0,0,17.49
6916,0,0,15.69
6917,0,0,15.57
6918,191.74,70.34,16.11
6919,469.6,122.33,17.45
6920,706.62,144.96,19.38
6921,867.59,165.52,20.9
6922,956.02,177.27,21.89
6923,938.91,204.84,22.51
6924,862.9,201.94,22.72
6925,703.06,193.47,22.54
6926,509.3,152.85,22.21
6927,168.36,105.7,21.77
6928,11.58,11.37,21.14
6929,0,0,20.44
6930,0,0,19.84
6931,0,0,19.39
6932,0,0,18.73
6933,0,0,18.08
6934,0,0,17.75
6935,0,0,17.37
6936,0,0,17.04
6937,0,0,17.04
6938,0,0,17.2
6939,0,0,17.29
6940,0,0,17.45
6941,0,0,17.54
6942,182.37,70.72,16.63
6943,458.76,124.37,18.58
6944,689.65,152.9,20.14
6945,851.64,174.86,21.29
6946,957.58,171.93,22.1
6947,963.62,177.22,22.58
6948,893.18,172.71,22.66
6949,727.38,170.92,22.35
6950,526.36,138.19,21.98
6951,230.39,103.26,21.45
6952,9.79,9.62,20.86
6953,0,0,20.23
6954,0,0,19.03
6955,0,0,18.88
6956,0,0,19.49
6957,0,0,19.66
6958,0,0,18.93
6959,0,0,19.08
6960,0,0,18.86
6961,0,0,18.11
6962,0,0,17.72
6963,0,0,16.93
6964,0,0,16.09
6965,0,0,15.69
6966,165.09,69.89,15.41
6967,451.74,125.55,17.36
6968,680.52,155.3,18.65
6969,847.32,174.05,20.06
6970,853.04,251.38,21.03
6971,914.81,216.34,21.49
6972,874.29,183.02,21.74
6973,734.85,161.61,21.77
6974,522.62,138.62,21.61
6975,265.22,93.71,21.21
6976,8.01,7.87,20.51
6977,0,0,19.74
6978,0,0,18.99
6979,0,0,17.85
6980,0,0,17.45
6981,0,0,17.28
6982,0,0,17.43
6983,0,0,18.3
6984,0,0,18.3
6985,0,0,18.24
6986,0,0,18.23
6987,0,0,18.2
6988,0,0,18.22
6989,0,0,18.23
6990,158.07,69.36,18.29
6991,434.89,133.7,18.36
6992,690.69,149.48,19.76
6993,855.18,169.15,20.47
6994,967.96,163.9,21.19
6995,966.91,173.81,21.72
6996,918.37,152.19,22.02
6997,761.29,145.95,22.01
6998,530.02,131.86,21.75
6999,270.75,89.6,21.17
7000,6.23,6.12,20.38
7001,0,0,19.65
7002,0,0,18.78
7003,0,0,18.53
7004,0,0,18.98
7005,0,0,18.84
7006,0,0,18.68
7007,0,0,18.57
7008,0,0,18.46
7009,0,0,18.33
7010,0,0,18.34
7011,0,0,18.25
7012,0,0,18.18
7013,0,0,18.15
7014,164.99,67.79,18.15
7015,446.84,124.11,17.6
7016,687.18,149.9,18.7
7017,861.79,162.87,20.05
7018,942.49,176.68,21.16
7019,961.17,174.16,21.82
7020,900.33,160.53,22.07
7021,744.34,151.68,22.02
7022,497.63,146.99,21.72
7023,268.46,87.86,21.16
7024,4.45,4.37,20.43
7025,0,0,19.75
7026,0,0,19.22
7027,0,0,18.59
7028,0,0,18.1
7029,0,0,17.58
7030,0,0,16.99
7031,0,0,16.63
7032,0,0,16.49
7033,0,0,16.9
7034,0,0,17.08
7035,0,0,15.85
7036,0,0,15.38
7037,0,0,15.66
7038,156.48,66.03,15.92
7039,428.74,129.9,17.58
7040,664.91,159.71,19.7
7041,815.6,190.61,21.31
7042,906.38,202.71,22.35
7043,894.49,221.69,23.06
7044,826.22,209.89,23.41
7045,726.94,157.27,23.43
7046,521.62,130.33,23.17
7047,264.12,85.88,22.6
7048,2.67,2.62,21.89
7049,0,0,20.89
7050,0,0,19.37
7051,0,0,18.87
7052,0,0,17.92
7053,0,0,17.89
7054,0,0,17.43
7055,0,0,16.91
7056,0,0,16.6
7057,0,0,16.59
7058,0,0,16.65
7059,0,0,16.43
7060,0,0,16.18
7061,0,0,15.63
7062,166.55,64.86,16.21
7063,454.19,117.9,18.2
7064,684.47,147.41,20.71
7065,841.38,169.07,22.02
7066,953.7,165.05,23.04
7067,951.25,173.71,23.76
7068,884.69,164.67,24.06
7069,735.27,151.29,24.13
7070,509.92,132.44,23.93
7071,259.36,87.15,23.35
7072,0,0,22.37
7073,0,0,21.26
7074,0,0,20.01
7075,0,0,18.88
7076,0,0,18.01
7077,0,0,17.37
7078,0,0,16.89
7079,0,0,16.41
7080,0,0,16.29
7081,0,0,16
7082,0,0,16.58
7083,0,0,16.72
7084,0,0,15.38
7085,0,0,15.03
7086,150.79,63.09,15.21
7087,435.95,123.93,17.58
7088,664.31,155.08,20.85
7089,836.52,169.43,22.62
7090,934.87,173.31,23.76
7091,946.84,174.12,24.33
7092,873.36,167.13,24.54
7093,724.6,154.91,24.41
7094,512.85,128.73,23.9
7095,251.79,85.87,23.14
7096,0,0,22.32
7097,0,0,21.5
7098,0,0,20.51
7099,0,0,19.4
7100,0,0,18.41
7101,0,0,17.6
7102,0,0,16.97
7103,0,0,16.59
7104,0,0,16.13
7105,0,0,15.84
7106,0,0,15.83
7107,0,0,15.81
7108,0,0,15.8
7109,0,0,15.88
7110,162.73,63.28,15.46
7111,455.25,120.58,18.18
7112,688.73,150.27,21.53
7113,858.67,167.75,23.37
7114,931.48,195.65,24.58
7115,933.93,203.03,25.22
7116,890.45,171.19,25.44
7117,721.99,169.73,25.41
7118,516.14,133.24,25.11
7119,253.76,86.8,24.4
7120,0,0,23.35
7121,0,0,22.29
7122,0,0,21.04
7123,0,0,19.69
7124,0,0,19.11
7125,0,0,19.04
7126,0,0,18.88
7127,0,0,18.6
7128,0,0,18.19
7129,0,0,17.73
7130,0,0,17.28
7131,0,0,16.87
7132,0,0,16.76
7133,0,0,16.87
7134,148.91,61.76,16.86
7135,446.92,122.88,18.11
7136,685.01,150.7,23.07
7137,859.72,164.78,24.9
7138,955.24,171.99,25.87
7139,965.54,172.7,26.29
7140,872.01,181.72,26.18
7141,722.33,163.34,25.76
7142,497.74,140.49,25.17
7143,241.72,87.11,24.41
7144,0,0,23.51
7145,0,0,22.27
7146,0,0,21.92
7147,0,0,21.2
7148,0,0,21.3
7149,0,0,21.53
7150,0,0,21.44
7151,0,0,20.53
7152,0,0,19.3
7153,0,0,18.95
7154,0,0,19.26
7155,0,0,20.86
7156,0,0,21.21
7157,0,0,21.56
7158,138.97,59.7,21.1
7159,424.12,127.12,20.42
7160,661.05,156.89,23.23
7161,834.06,173.7,24.54
7162,918.92,188.99,25.35
7163,936.23,182.81,25.7
7164,863.92,175.86,25.94
7165,710.08,164.38,25.95
7166,500.44,133.36,25.58
7167,234.23,84.67,24.77
7168,0,0,23.67
7169,0,0,22.6
7170,0,0,21.03
7171,0,0,20.25
7172,0,0,19.79
7173,0,0,19.22
7174,0,0,19.07
7175,0,0,19.99
7176,0,0,21.4
7177,0,0,21.24
7178,0,0,20.57
7179,0,0,19.28
7180,0,0,18.83
7181,0,0,18.44
7182,131.56,58,18.55
7183,395.33,131.42,19.34
7184,618.48,177.44,24.01
7185,749.25,221.71,26.46
7186,857.22,226.7,27.33
7187,859.9,233.71,27.53
7188,777.75,228.47,26.96
7189,665.38,186.03,26.21
7190,460.5,146.23,25.46
7191,207.43,84.93,24.61
7192,0,0,23.62
7193,0,0,22.49
7194,0,0,21.48
7195,0,0,21.12
7196,0,0,21.37
7197,0,0,21.53
7198,0,0,21.8
7199,0,0,21.88
7200,0,0,21.97
7201,0,0,22.14
7202,0,0,21.93
7203,0,0,21.83
7204,0,0,21.72
7205,0,0,21.6
7206,117.38,55.18,21.15
7207,398.41,127.97,20.11
7208,635.46,163.36,22.83
7209,805.2,184.01,24.11
7210,902.81,188.12,25.05
7211,913.43,190.08,25.51
7212,847.86,175,25.38
7213,700.81,160.33,24.82
7214,471.81,137.93,24.08
7215,209.42,82.66,23.24
7216,0,0,22.39
7217,0,0,21.33
7218,0,0,21.13
7219,0,0,19.91
7220,0,0,20.16
7221,0,0,19.86
7222,0,0,19.52
7223,0,0,19.42
7224,0,0,19.13
7225,0,0,18.7
7226,0,0,17.3
7227,0,0,16.4
7228,0,0,16.41
7229,0,0,16.58
7230,124.14,54.72,16.8
7231,416.43,122.61,17.64
7232,638.23,164.32,19.58
7233,808.6,183.74,20.7
7234,914.49,182.19,21.47
7235,923.69,182.85,22.09
7236,870.61,164.77,22.47
7237,702.88,158.77,22.53
7238,495.9,126.85,22.19
7239,224.56,81.02,21.56
7240,0,0,20.68
7241,0,0,20
7242,0,0,19.39
7243,0,0,19.07
7244,0,0,18.46
7245,0,0,17.97
7246,0,0,18.47
7247,0,0,18.61
7248,0,0,18.49
7249,0,0,18.33
7250,0,0,17.97
7251,0,0,17.74
7252,0,0,17.57
7253,0,0,17.44
7254,133.48,53.59,17.01
7255,428.95,118.72,16.53
7256,655.97,156.91,19.02
7257,840.43,164.46,19.99
7258,927.87,176.23,20.92
7259,944.65,172.34,21.45
7260,870.3,166.65,21.7
7261,714.33,155.42,21.68
7262,499.74,125.5,21.41
7263,225.88,79.65,20.87
7264,0,0,20.02
7265,0,0,19.31
7266,0,0,18.39
7267,0,0,17.21
7268,0,0,16.74
7269,0,0,17.01
7270,0,0,17.45
7271,0,0,17.95
7272,0,0,17.64
7273,0,0,17.34
7274,0,0,17.13
7275,0,0,16.86
7276,0,0,16.56
7277,0,0,16.3
7278,134.39,52.13,16.16
7279,437.42,114.23,16.87
7280,668.72,147.54,18.81
7281,832.77,167.15,19.99
7282,926.2,176.8,20.9
7283,929.12,182.05,21.58
7284,868.6,167.21,21.9
7285,710.9,154.64,21.93
7286,501.2,125.13,21.65
7287,232.01,76.59,21.13
7288,0,0,20.33
7289,0,0,19.48
7290,0,0,18.35
7291,0,0,17.21
7292,0,0,16.43
7293,0,0,16.31
7294,0,0,16.33
7295,0,0,16.91
7296,0,0,17.58
7297,0,0,17.44
7298,0,0,17.24
7299,0,0,15.24
7300,0,0,13.68
7301,0,0,13.29
7302,128.34,49.56,13.46
7303,431.08,108.13,15.74
7304,663.57,135.27,18.73
7305,835.07,146.47,20.26
7306,926.97,153.49,21.3
7307,930.18,157.71,22.04
7308,851.06,156.83,22.46
7309,692.1,151.53,22.51
7310,457.6,133.56,22.19
7311,218.62,75.51,21.53
7312,0,0,20.68
7313,0,0,19.89
7314,0,0,19.02
7315,0,0,19.35
7316,0,0,19.24
7317,0,0,18.97
7318,0,0,18.64
7319,0,0,18.29
7320,0,0,17.16
7321,0,0,16.68
7322,0,0,16.42
7323,0,0,15.11
7324,0,0,15.06
7325,0,0,14.75
7326,136.72,49.22,15.07
7327,430.29,107.53,16.48
7328,661.63,134.53,19.03
7329,822.14,155.23,20.49
7330,897.82,175.14,21.52
7331,922.3,162.94,22.3
7332,828.81,174.65,22.63
7333,665.88,167.05,22.44
7334,451.33,134.75,21.94
7335,218.6,72.73,21.27
7336,0,0,20.57
7337,0,0,19.91
7338,0,0,19.18
7339,0,0,17.85
7340,0,0,17.52
7341,0,0,18.57
7342,0,0,18.72
7343,0,0,18.54
7344,0,0,18.26
7345,0,0,16.72
7346,0,0,15.87
7347,0,0,15.45
7348,0,0,15.41
7349,0,0,14.98
7350,116.71,45.55,15.02
7351,404.09,112.96,16.9
7352,630.29,149.06,18.32
7353,784.62,176.95,19.66
7354,865.82,194.53,20.81
7355,853.13,210.29,21.71
7356,742.82,222.4,22.27
7357,633.76,178.94,22.45
7358,430.06,138.8,22.2
7359,205.58,72.75,21.52
7360,0,0,20.73
7361,0,0,20.01
7362,0,0,19.17
7363,0,0,18.44
7364,0,0,18.03
7365,0,0,18.03
7366,0,0,18.13
7367,0,0,18.13
7368,0,0,17.99
7369,0,0,17.84
7370,0,0,17.84
7371,0,0,17.98
7372,0,0,18.11
7373,0,0,18.42
7374,66.48,36.04,18.68
7375,321.38,128.23,19.65
7376,458.32,201.87,21.14
7377,187.33,177.78,22.1
7378,52.47,51.6,22.96
7379,71.21,70.02,23.52
7380,57.16,56.2,23.72
7381,112.44,110.57,23.52
7382,58.09,57.13,22.99
7383,29.98,29.48,22.45
7384,0,0,21.65
7385,0,0,20.21
7386,0,0,18.66
7387,0,0,19.59
7388,0,0,19.03
7389,0,0,17.89
7390,0,0,16.97
7391,0,0,16.89
7392,0,0,15.82
7393,0,0,15.42
7394,0,0,15.22
7395,0,0,13.92
7396,0,0,13.52
7397,0,0,13.72
7398,92.67,37.08,13.43
7399,225.87,127.13,13.83
7400,567.93,175.35,14.73
7401,622.23,246.69,15.15
7402,710.73,268.23,15.53
7403,201.29,194.82,15.94
7404,370.94,264.01,16.39
7405,36.54,35.93,16.51
7406,262.96,153.87,16.21
7407,57.92,49.99,15.14
7408,0,0,14.97
7409,0,0,14.84
7410,0,0,13.76
7411,0,0,14.22
7412,0,0,13.71
7413,0,0,13.31
7414,0,0,13.37
7415,0,0,13.65
7416,0,0,14.05
7417,0,0,14.86
7418,0,0,15.42
7419,0,0,15.65
7420,0,0,15.29
7421,0,0,15.14
7422,32.2,24.65,14.91
7423,68.4,67.26,15.97
7424,268.63,189.79,16.44
7425,145.24,142.81,17.12
7426,113.38,111.49,17.72
7427,358.85,274.55,17.81
7428,127.43,125.31,18.01
7429,62.78,61.73,18.12
7430,40.29,39.62,17.94
7431,31.86,31.33,17.77
7432,0,0,17.37
7433,0,0,16.85
7434,0,0,16.36
7435,0,0,16.52
7436,0,0,16.31
7437,0,0,16.26
7438,0,0,16.09
7439,0,0,15.99
7440,0,0,15.87
7441,0,0,15.66
7442,0,0,15.8
7443,0,0,15.74
7444,0,0,15.69
7445,0,0,15.43
7446,109.55,34.85,15.21
7447,163.51,114.18,16.32
7448,597.83,158.73,17.51
7449,686.71,222.23,18.22
7450,821.3,216.43,18.67
7451,816.46,227.49,19
7452,771.91,201.28,19.24
7453,674.24,150.4,19.23
7454,439.44,129.81,18.94
7455,185.47,68.85,18.52
7456,0,0,17.92
7457,0,0,17.28
7458,0,0,17.4
7459,0,0,17.1
7460,0,0,16.85
7461,0,0,16.65
7462,0,0,16.46
7463,0,0,16.21
7464,0,0,15.97
7465,0,0,15.79
7466,0,0,15.59
7467,0,0,15.42
7468,0,0,15.09
7469,0,0,12.92
7470,110.59,32.86,12.04
7471,406.14,105.73,13.83
7472,632.51,140.25,16.47
7473,783.02,169.11,17.96
7474,866.05,186.89,18.82
7475,868.54,193.17,19.38
7476,798.4,182.5,19.72
7477,680.51,146.52,19.78
7478,416.92,135.95,19.56
7479,172.4,68.5,19.02
7480,0,0,18.28
7481,0,0,17.53
7482,0,0,16.81
7483,0,0,16.27
7484,0,0,15.84
7485,0,0,15.16
7486,0,0,14.89
7487,0,0,14.65
7488,0,0,13.89
7489,0,0,13.13
7490,0,0,12.84
7491,0,0,12.85
7492,0,0,12.99
7493,0,0,13.03
7494,99.81,30.87,13.05
7495,391.13,106.1,14.34
7496,614.14,146.95,16.4
7497,763.32,179.41,18.56
7498,867.29,181.41,19.72
7499,841,207.45,20.47
7500,799.53,177.09,20.82
7501,663.05,154.47,20.93
7502,451.98,121.67,20.66
7503,197.54,65.99,20.1
7504,0,0,19.35
7505,0,0,18.5
7506,0,0,17.5
7507,0,0,16.58
7508,0,0,15.97
7509,0,0,15.6
7510,0,0,15.13
7511,0,0,14.93
7512,0,0,14.88
7513,0,0,14.7
7514,0,0,14.39
7515,0,0,14.23
7516,0,0,14.33
7517,0,0,14.51
7518,66.16,27.84,14.06
7519,293.57,120.48,16.2
7520,549.52,171.14,18.4
7521,714.43,199.75,19.4
7522,648.23,272.97,20.12
7523,771.26,239.99,20.55
7524,489.65,266.33,20.8
7525,483.01,212.23,20.85
7526,270.13,146.62,20.51
7527,88.09,55.85,19.9
7528,0,0,19.07
7529,0,0,18.36
7530,0,0,17.86
7531,0,0,17.31
7532,0,0,16.85
7533,0,0,16.44
7534,0,0,16.02
7535,0,0,15.78
7536,0,0,15.68
7537,0,0,15.5
7538,0,0,15.31
7539,0,0,15.24
7540,0,0,15.08
7541,0,0,15.09
7542,75.66,26.76,14.93
7543,347.85,112.05,15.59
7544,224.34,172.12,17.37
7545,215.7,193.7,18.52
7546,600.97,278.16,19.38
7547,367.68,269.99,19.85
7548,788.36,177.49,20.04
7549,629.6,166.15,19.99
7550,451.08,116.67,19.63
7551,191.55,62.71,19.17
7552,0,0,18.48
7553,0,0,17.79
7554,0,0,16.96
7555,0,0,16.51
7556,0,0,16.58
7557,0,0,15.69
7558,0,0,16.04
7559,0,0,16.35
7560,0,0,16.77
7561,0,0,16.66
7562,0,0,16.52
7563,0,0,16.46
7564,0,0,16.21
7565,0,0,16
7566,28.75,19.18,15.39
7567,123.09,95.18,15.14
7568,221.96,169.41,16.97
7569,347.98,237.89,17.71
7570,418.78,275.02,18.13
7571,315.92,252.53,18.25
7572,150.86,148.34,18.46
7573,112.44,110.57,18.29
7574,108.2,98.82,17.8
7575,51.74,42.86,17.25
7576,0,0,16.71
7577,0,0,16.34
7578,0,0,16.1
7579,0,0,15.93
7580,0,0,15.69
7581,0,0,15.23
7582,0,0,15
7583,0,0,14.69
7584,0,0,14.17
7585,0,0,13.98
7586,0,0,13.62
7587,0,0,14.29
7588,0,0,14.25
7589,0,0,14.15
7590,72.6,23.54,14
7591,373.86,103.34,13.21
7592,576.22,152.38,15.87
7593,722.08,188.29,17.04
7594,845.1,178.61,17.91
7595,804.03,214.02,18.66
7596,239.15,208.86,19.07
7597,219.2,179.51,19.28
7598,369.86,136.23,19.13
7599,113.3,56.96,18.65
7600,0,0,17.73
7601,0,0,16.72
7602,0,0,15.86
7603,0,0,15.86
7604,0,0,15.58
7605,0,0,15.45
7606,0,0,15.71
7607,0,0,15.74
7608,0,0,15.67
7609,0,0,15.36
7610,0,0,15.38
7611,0,0,15.39
7612,0,0,15.35
7613,0,0,15.39
7614,21.44,16.03,15.33
7615,178.48,107.01,15.57
7616,348.83,188.77,16.59
7617,284.41,220.12,17.75
7618,451.53,276.25,18.44
7619,735.76,245.48,19.03
7620,454.88,258.98,19.45
7621,549.66,191.52,19.64
7622,448.7,113.18,19.58
7623,181.75,59.27,19.02
7624,0,0,18.05
7625,0,0,17.16
7626,0,0,15.96
7627,0,0,16.08
7628,0,0,16.83
7629,0,0,16.46
7630,0,0,16.04
7631,0,0,15.68
7632,0,0,15.17
7633,0,0,15.03
7634,0,0,15.08
7635,0,0,14.18
7636,0,0,13.39
7637,0,0,13.06
7638,57.88,19.47,12.9
7639,216.07,111.77,14
7640,520.56,171.22,17.32
7641,758.74,166.85,18.75
7642,858,173.17,19.8
7643,831.87,199.67,20.62
7644,723.59,211.26,21.2
7645,482.12,206.52,21.36
7646,338.44,140.27,21.11
7647,124.64,57.45,20.46
7648,0,0,19.48
7649,0,0,18.4
7650,0,0,17.64
7651,0,0,17.83
7652,0,0,17.58
7653,0,0,17.37
7654,0,0,17.33
7655,0,0,17.46
7656,0,0,17.53
7657,0,0,17.6
7658,0,0,17.59
7659,0,0,17.52
7660,0,0,17.29
7661,0,0,16.97
7662,45.9,16.71,16.76
7663,281.92,111.7,17.32
7664,421.52,183.32,18.69
7665,288.77,218.57,19.79
7666,421,269.48,20.32
7667,675.28,258.97,20.92
7668,584.53,247.61,21.27
7669,590.91,173.52,21.07
7670,398.36,126.8,20.69
7671,192.94,56.86,20.06
7672,0,0,19.14
7673,0,0,18.4
7674,0,0,17.97
7675,0,0,17.91
7676,0,0,17.63
7677,0,0,17.1
7678,0,0,16.66
7679,0,0,16.57
7680,0,0,16.39
7681,0,0,16.22
7682,0,0,16.33
7683,0,0,16.57
7684,0,0,16.45
7685,0,0,16.42
7686,26.21,13.64,16.33
7687,34.67,34.09,16.67
7688,91.83,90.3,17.42
7689,327,224.65,18.45
7690,798.95,192.31,19.07
7691,450.53,272.74,19.62
7692,263.84,215.83,19.67
7693,282.76,193.68,19.88
7694,143.88,113.79,19.54
7695,117.61,53.87,19.27
7696,0,0,18.57
7697,0,0,17.6
7698,0,0,17.26
7699,0,0,17.42
7700,0,0,17.1
7701,0,0,16.85
7702,0,0,16.75
7703,0,0,16.78
7704,0,0,16.76
7705,0,0,16.85
7706,0,0,17.02
7707,0,0,17.21
7708,0,0,17.28
7709,0,0,17.41
7710,33.17,13.1,17.49
7711,70.11,64.29,17.92
7712,304.9,176.87,18.79
7713,704.15,180.23,19.3
7714,357.3,254.08,19.64
7715,296.95,238.84,20.2
7716,332.69,236.15,20.59
7717,187.55,161.43,20.47
7718,271.47,135.35,20.14
7719,108.34,52.58,19.64
7720,0,0,19.06
7721,0,0,18.53
7722,0,0,18.01
7723,0,0,17.98
7724,0,0,17.87
7725,0,0,17.59
7726,0,0,17.32
7727,0,0,17.15
7728,0,0,17.02
7729,0,0,16.81
7730,0,0,16.6
7731,0,0,16.36
7732,0,0,16.17
7733,0,0,16.44
7734,26.27,11.81,17.04
7735,87.19,73.95,17.88
7736,102.13,100.43,18.83
7737,112.44,110.57,19.71
7738,121.81,119.78,19.85
7739,332.28,249.99,19.76
7740,331.35,236.09,19.67
7741,119.16,115.39,19.01
7742,47.79,46.99,18.35
7743,46.59,36.65,17.6
7744,0,0,16.9
7745,0,0,16.49
7746,0,0,16.26
7747,0,0,16.39
7748,0,0,15.96
7749,0,0,15.57
7750,0,0,15.33
7751,0,0,14.91
7752,0,0,14.65
7753,0,0,14.61
7754,0,0,14.54
7755,0,0,14.27
7756,0,0,14.12
7757,0,0,13.95
7758,1.87,1.84,13.72
7759,32.8,32.25,13.44
7760,80.58,79.24,13.39
7761,101.2,99.51,13.17
7762,133.05,130.84,13.05
7763,168.71,164.22,13.27
7764,215.18,192.87,14.27
7765,71.21,70.02,14.55
7766,193.25,125.2,13.86
7767,136.82,53.7,13.25
7768,0,0,12.99
7769,0,0,12.82
7770,0,0,12.31
7771,0,0,12.55
7772,0,0,12.15
7773,0,0,12.31
7774,0,0,12.21
7775,0,0,12
7776,0,0,11.92
7777,0,0,12.21
7778,0,0,11.87
7779,0,0,11.68
7780,0,0,11.64
7781,0,0,11.81
7782,7.5,7.37,12.37
7783,343.31,97.94,13.44
7784,581.58,138.29,14.48
7785,658.81,203.6,15.08
7786,286.07,231.99,15.5
7787,656.91,260.35,16.24
7788,561.37,247.75,16.76
7789,309.94,196.93,16.82
7790,311.24,134.52,16.74
7791,120.89,52.43,16.56
7792,0,0,15.86
7793,0,0,15.56
7794,0,0,15.09
7795,0,0,14.99
7796,0,0,14.84
7797,0,0,14.85
7798,0,0,15
7799,0,0,15.37
7800,0,0,15.74
7801,0,0,15.93
7802,0,0,15.89
7803,0,0,15.81
7804,0,0,15.7
7805,0,0,15.61
7806,7.5,7.37,15.45
7807,47.79,46.99,15.58
7808,29.05,28.56,15.64
7809,139.79,135.68,13.94
7810,82.46,81.08,13.31
7811,655.3,255.42,13.95
7812,151.89,147.64,14.05
7813,118.26,114.48,14.24
7814,386.31,124.62,13.79
7815,60.04,39.73,13.91
7816,0,0,13.35
7817,0,0,13.48
7818,0,0,13.37
7819,0,0,12.97
7820,0,0,12.73
7821,0,0,12.45
7822,0,0,11.9
7823,0,0,12.14
7824,0,0,11.87
7825,0,0,11.85
7826,0,0,12.2
7827,0,0,12.42
7828,0,0,12.76
7829,0,0,13.1
7830,3.75,3.69,12.98
7831,72.58,63.91,14.29
7832,399.97,173.64,14.92
7833,573.35,218.78,15.33
7834,173.58,167.25,15.3
7835,127.43,125.31,15.92
7836,69.34,68.18,16.13
7837,159.31,143.93,15.63
7838,20.61,20.27,15.94
7839,31,27.21,15.83
7840,0,0,15.66
7841,0,0,15.34
7842,0,0,15.36
7843,0,0,15.41
7844,0,0,15.45
7845,0,0,15.35
7846,0,0,14.93
7847,0,0,14.41
7848,0,0,14.11
7849,0,0,13.81
7850,0,0,13.64
7851,0,0,13.67
7852,0,0,13.78
7853,0,0,14.22
7854,4.45,4.37,14.35
7855,327.57,95.5,15.45
7856,536.79,148.31,16.04
7857,656.02,199.31,16.64
7858,780.98,202.14,17.08
7859,687.11,247.61,17.35
7860,738.9,189.14,17.3
7861,442.43,199.49,17.05
7862,303.16,133.23,16.66
7863,139.68,50.85,16.1
7864,0,0,15.45
7865,0,0,15.07
7866,0,0,14.88
7867,0,0,14.65
7868,0,0,14.47
7869,0,0,14.33
7870,0,0,14.21
7871,0,0,13.97
7872,0,0,13.32
7873,0,0,13
7874,0,0,12.55
7875,0,0,12.44
7876,0,0,12.58
7877,0,0,13.01
7878,0,0,11.72
7879,325.91,93.41,12.3
7880,538.57,145.41,14.62
7881,549.91,222.97,15.79
7882,798.83,189.49,16.3
7883,836.41,178.1,16.56
7884,769.98,168.56,16.87
7885,552.07,179.32,17.03
7886,99.91,89.84,17.02
7887,141.66,51.45,16.78
7888,0,0,15.98
7889,0,0,15.15
7890,0,0,15
7891,0,0,12.44
7892,0,0,12.12
7893,0,0,12.46
7894,0,0,13.25
7895,0,0,13.55
7896,0,0,13.82
7897,0,0,13.79
7898,0,0,13.98
7899,0,0,14.17
7900,0,0,14.32
7901,0,0,14.35
7902,0,0,13.81
7903,45.91,45.15,13.73
7904,89.02,87.53,14.04
7905,124.62,122.54,14.54
7906,196.85,183.14,14.99
7907,251.67,214.83,15.39
7908,190.55,175.15,15.61
7909,126.08,120.29,15.87
7910,99.04,88.93,15.15
7911,59.81,38.24,13.87
7912,0,0,13.36
7913,0,0,13.02
7914,0,0,12.67
7915,0,0,12.94
7916,0,0,12.97
7917,0,0,12.82
7918,0,0,12.91
7919,0,0,13.34
7920,0,0,13.37
7921,0,0,13.19
7922,0,0,13.91
7923,0,0,13.79
7924,0,0,13.43
7925,0,0,13.52
7926,0,0,13.52
7927,47.79,46.99,13.22
7928,82.46,81.08,13.64
7929,94.64,93.06,13.97
7930,50.6,49.75,13.98
7931,75.9,74.63,14.08
7932,83.39,82,13.98
7933,65.59,64.5,13.85
7934,133.69,103.78,13.69
7935,30.32,26.34,13.41
7936,0,0,13.17
7937,0,0,13.08
7938,0,0,13
7939,0,0,13.33
7940,0,0,13.1
7941,0,0,12.88
7942,0,0,12.63
7943,0,0,12.67
7944,0,0,12.55
7945,0,0,11.97
7946,0,0,11.86
7947,0,0,10.8
7948,0,0,12.02
7949,0,0,12.73
7950,0,0,12.66
7951,112.66,76.3,12.52
7952,283.16,162.8,13.1
7953,158.51,148.54,13.68
7954,56.22,55.28,14.21
7955,56.22,55.28,14.55
7956,119,117.02,14.78
7957,129.9,124.01,14.91
7958,88.44,82.68,14.78
7959,12.18,11.98,14.39
7960,0,0,13.97
7961,0,0,13.4
7962,0,0,12.88
7963,0,0,12.54
7964,0,0,12.3
7965,0,0,12.02
7966,0,0,11.61
7967,0,0,11.57
7968,0,0,11.73
7969,0,0,11.88
7970,0,0,12.05
7971,0,0,11.91
7972,0,0,11.94
7973,0,0,12.1
7974,0,0,12.07
7975,42.17,41.46,11.93
7976,54.35,53.44,11.84
7977,72.15,70.95,11.88
7978,50.6,49.75,12.07
7979,42.17,41.46,12.35
7980,64.65,63.58,12.21
7981,119.29,115.43,12.35
7982,23.43,23.03,12.25
7983,15.93,15.66,11.91
7984,0,0,11.46
7985,0,0,11.1
7986,0,0,10.93
7987,0,0,10.49
7988,0,0,10.46
7989,0,0,10.14
7990,0,0,10.14
7991,0,0,9.98
7992,0,0,9.81
7993,0,0,10
7994,0,0,10.09
7995,0,0,9.7
7996,0,0,9.72
7997,0,0,9.82
7998,0,0,9.69
7999,92.25,68.94,10.35
8000,131.86,117.32,11.87
8001,195.17,169.73,12.39
8002,335.53,238.19,13.07
8003,520.48,262.57,13.48
8004,465.38,241.42,13.66
8005,609.83,152.73,13.29
8006,133.43,103.04,12.95
8007,13.12,12.9,12.48
8008,0,0,11.86
8009,0,0,11.38
8010,0,0,11.34
8011,0,0,11.19
8012,0,0,11.03
8013,0,0,11.1
8014,0,0,11
8015,0,0,11.02
8016,0,0,11.21
8017,0,0,11.33
8018,0,0,11.34
8019,0,0,11.38
8020,0,0,11.3
8021,0,0,11.34
8022,0,0,10.73
8023,30.92,30.41,10.97
8024,384.3,162.72,11.98
8025,689.63,168.96,12.83
8026,113.38,111.49,13.54
8027,556.46,258.61,14.03
8028,768.12,160.49,14.38
8029,260.77,179.24,14.48
8030,418.66,110.86,14.3
8031,133.47,43.46,13.96
8032,0,0,13.3
8033,0,0,12.74
8034,0,0,13.28
8035,0,0,13.32
8036,0,0,11.74
8037,0,0,11.01
8038,0,0,10.61
8039,0,0,10.25
8040,0,0,10
8041,0,0,9.97
8042,0,0,9.7
8043,0,0,9.71
8044,0,0,9.81
8045,0,0,9.65
8046,0,0,9.78
8047,267.8,87.28,11.14
8048,491.95,144.19,13.5
8049,423.47,218.85,14.71
8050,161.54,155.29,15.47
8051,187.37,175.47,15.9
8052,194.23,174.93,16.11
8053,174.22,148.63,15.77
8054,79.4,75.88,15.59
8055,66.1,35.44,15.09
8056,0,0,14.72
8057,0,0,14.5
8058,0,0,14.34
8059,0,0,14.22
8060,0,0,14.19
8061,0,0,14.2
8062,0,0,14.23
8063,0,0,14.23
8064,0,0,14.15
8065,0,0,14.11
8066,0,0,14.17
8067,0,0,14
8068,0,0,13.99
8069,0,0,14.1
8070,0,0,14.26
8071,12.18,11.98,14.69
8072,44.98,44.23,15.42
8073,306.16,203.75,16.4
8074,218.77,191.93,17.15
8075,297.97,227.9,17.76
8076,708.66,186.23,17.86
8077,536.38,174.43,18.08
8078,295.86,126,18.22
8079,121.37,41.01,17.28
8080,0,0,16.7
8081,0,0,16.7
8082,0,0,16.2
8083,0,0,14.5
8084,0,0,14.87
8085,0,0,15.06
8086,0,0,15
8087,0,0,14.78
8088,0,0,14.22
8089,0,0,13.7
8090,0,0,13.48
8091,0,0,13.21
8092,0,0,12.9
8093,0,0,12.3
8094,0,0,11.94
8095,262.83,86.47,12.28
8096,532.4,133.4,14.37
8097,730.78,146.46,16.42
8098,810.43,171.66,17.57
8099,806.77,187.16,18.1
8100,290.2,215.37,18.21
8101,32.8,32.25,18.03
8102,310.25,128.39,17.13
8103,110.36,40.81,16.73
8104,0,0,15.95
8105,0,0,15.08
8106,0,0,14.08
8107,0,0,14.01
8108,0,0,12.56
8109,0,0,11.5
8110,0,0,11.12
8111,0,0,11.34
8112,0,0,11.33
8113,0,0,11.24
8114,0,0,11.2
8115,0,0,11.04
8116,0,0,10.85
8117,0,0,10.73
8118,0,0,10.63
8119,293.25,85.16,11.2
8120,533.71,136.72,13.39
8121,743.83,143.85,15.78
8122,834.14,160.6,16.86
8123,853.92,162.52,17.48
8124,646.65,219.84,17.75
8125,637.52,145.24,17.75
8126,446.48,108.3,17.52
8127,131.65,42.28,16.85
8128,0,0,15.7
8129,0,0,14.16
8130,0,0,12.94
8131,0,0,12.14
8132,0,0,11.59
8133,0,0,11.28
8134,0,0,11.3
8135,0,0,11.52
8136,0,0,11.73
8137,0,0,11.88
8138,0,0,11.89
8139,0,0,11.83
8140,0,0,11.79
8141,0,0,11.81
8142,0,0,11.93
8143,279.45,83.77,12.82
8144,468.06,146.89,14.1
8145,532.99,209.71,15.64
8146,113.38,111.49,16.63
8147,279.88,221.98,17.22
8148,156,149.79,17.38
8149,140.22,130.22,17.53
8150,66.53,65.42,17.48
8151,5.62,5.53,17.17
8152,0,0,16.56
8153,0,0,15.93
8154,0,0,15.48
8155,0,0,14.96
8156,0,0,14.42
8157,0,0,13.88
8158,0,0,13.34
8159,0,0,13.18
8160,0,0,13.2
8161,0,0,13.03
8162,0,0,12.77
8163,0,0,12.45
8164,0,0,12.14
8165,0,0,11.91
8166,0,0,11.62
8167,118.82,69.27,11.64
8168,280.89,152.01,13.25
8169,464.2,213.24,15.25
8170,557.9,243.52,16.35
8171,685.22,230.53,16.84
8172,639.82,212.76,16.89
8173,574.42,163.28,16.73
8174,383.37,117.78,16.42
8175,98.65,39.46,15.78
8176,0,0,14.95
8177,0,0,14.24
8178,0,0,13.5
8179,0,0,13.17
8180,0,0,12.01
8181,0,0,11.39
8182,0,0,11.22
8183,0,0,11.35
8184,0,0,10.59
8185,0,0,9.9
8186,0,0,9.83
8187,0,0,10
8188,0,0,10.23
8189,0,0,10.23
8190,0,0,10.28
8191,274.47,80.22,10.71
8192,542.42,121.62,12.62
8193,721.01,141.86,14.96
8194,818.07,153.67,16.14
8195,865.57,143.71,16.9
8196,310.2,218,17.27
8197,468.51,187.37,17.56
8198,427.73,106.69,17.24
8199,98.97,39.52,16.81
8200,0,0,15.92
8201,0,0,14.76
8202,0,0,14.23
8203,0,0,14.34
8204,0,0,14.28
8205,0,0,14.42
8206,0,0,14.46
8207,0,0,14.5
8208,0,0,14.63
8209,0,0,14.69
8210,0,0,14.72
8211,0,0,14.71
8212,0,0,14.73
8213,0,0,14.62
8214,0,0,14.58
8215,39.35,38.7,15.69
8216,69.34,68.18,16.52
8217,64.65,63.58,17.36
8218,84.33,82.92,18.04
8219,39.35,38.7,18.1
8220,36.54,35.93,18.34
8221,51.54,50.68,18.17
8222,17.8,17.51,18.07
8223,26.82,22.5,17.75
8224,0,0,17.1
8225,0,0,16.41
8226,0,0,15.94
8227,0,0,15.89
8228,0,0,15.78
8229,0,0,15.85
8230,0,0,15.97
8231,0,0,16.02
8232,0,0,16.05
8233,0,0,16.03
8234,0,0,16.03
8235,0,0,15.97
8236,0,0,15.94
8237,0,0,16
8238,0,0,16.04
8239,14.99,14.74,16.66
8240,48.72,47.91,16.86
8241,44.04,43.3,17.36
8242,73.09,71.87,17.62
8243,65.59,64.5,17.02
8244,80.58,79.24,16.82
8245,109.98,106.22,17.1
8246,104.26,89.01,16.57
8247,4.69,4.61,15.92
8248,0,0,15.39
8249,0,0,14.89
8250,0,0,14.95
8251,0,0,14.62
8252,0,0,14.24
8253,0,0,14.19
8254,0,0,13.77
8255,0,0,13.68
8256,0,0,13.18
8257,0,0,13.5
8258,0,0,13.16
8259,0,0,12.69
8260,0,0,12.54
8261,0,0,12.48
8262,0,0,12.42
8263,192.53,77.21,12.96
8264,510.1,127.68,13.38
8265,136.62,130.49,13.98
8266,525.92,243.74,14.42
8267,616.12,243.27,14.73
8268,774.24,152.94,15.01
8269,571.61,164.79,15
8270,247.57,123.91,14.77
8271,40.47,28.14,14.35
8272,0,0,13.93
8273,0,0,13.72
8274,0,0,13.46
8275,0,0,13.63
8276,0,0,13.74
8277,0,0,13.67
8278,0,0,13.74
8279,0,0,13.82
8280,0,0,13.67
8281,0,0,13.43
8282,0,0,13.38
8283,0,0,12.97
8284,0,0,13.06
8285,0,0,12.88
8286,0,0,12.74
8287,8.43,8.29,13.62
8288,29.05,28.56,14.19
8289,92.76,91.22,14.25
8290,74.02,72.79,13.58
8291,50.6,49.75,12.7
8292,69.34,68.18,12.54
8293,565.23,161.73,12.63
8294,372.9,117.99,12.77
8295,102.91,39.02,12.68
8296,0,0,12.37
8297,0,0,11.96
8298,0,0,11.8
8299,0,0,11.74
8300,0,0,11.23
8301,0,0,11.3
8302,0,0,11.13
8303,0,0,11.42
8304,0,0,11.87
8305,0,0,11.8
8306,0,0,11.93
8307,0,0,12.07
8308,0,0,12.46
8309,0,0,13.03
8310,0,0,13.75
8311,136.06,66.98,14.66
8312,123.46,105.98,15.55
8313,257.26,183.34,16.17
8314,139.85,135.68,16.68
8315,786.39,171.1,16.96
8316,573.27,219.57,17.41
8317,447.72,183.82,17.55
8318,320.96,123.26,17.65
8319,84.9,36.87,17.3
8320,0,0,16.81
8321,0,0,16.44
8322,0,0,16.33
8323,0,0,16.36
8324,0,0,16.24
8325,0,0,16.14
8326,0,0,16.02
8327,0,0,15.85
8328,0,0,15.83
8329,0,0,15.86
8330,0,0,16.12
8331,0,0,16.15
8332,0,0,16.02
8333,0,0,16.09
8334,0,0,16.22
8335,139.94,66.89,16.44
8336,139.07,112.42,16.88
8337,576.64,184.78,17.82
8338,618.53,223.09,18.62
8339,327.25,229.86,19.32
8340,635.98,205.52,19.62
8341,202.14,157.94,19.74
8342,90.52,82.21,19.83
8343,137.39,42,19.49
8344,0,0,18.79
8345,0,0,18.07
8346,0,0,17.37
8347,0,0,17.48
8348,0,0,16.95
8349,0,0,16.52
8350,0,0,16.04
8351,0,0,15.6
8352,0,0,15.07
8353,0,0,14.64
8354,0,0,14.3
8355,0,0,14.12
8356,0,0,14.06
8357,0,0,14.14
8358,0,0,13.94
8359,8.43,8.29,14.3
8360,111.62,98.65,15.71
8361,558.66,189.65,17.89
8362,642.62,218.57,19.68
8363,673.04,222.87,20.65
8364,749.72,156.78,21.24
8365,637.59,131.88,21.47
8366,359.16,119.66,21.3
8367,36.98,28.62,20.57
8368,0,0,19.35
8369,0,0,18.36
8370,0,0,17.82
8371,0,0,18.24
8372,0,0,18.43
8373,0,0,18.6
8374,0,0,18.68
8375,0,0,18.83
8376,0,0,19.03
8377,0,0,19.02
8378,0,0,19
8379,0,0,18.67
8380,0,0,17.89
8381,0,0,16.63
8382,0,0,16.25
8383,135.67,64.59,15.31
8384,286.43,143.58,16.74
8385,520,195.79,18.61
8386,750.37,176.4,20.15
8387,710.14,209.93,20.91
8388,696.57,185.09,21.47
8389,377.61,188.24,21.45
8390,170.57,111.07,20.51
8391,47.79,31.56,18.91
8392,0,0,17.08
8393,0,0,15.88
8394,0,0,15.4
8395,0,0,15.29
8396,0,0,14.66
8397,0,0,14.36
8398,0,0,14.04
8399,0,0,13.4
8400,0,0,12.72
8401,0,0,12.32
8402,0,0,12.03
8403,0,0,11.89
8404,0,0,11.51
8405,0,0,11.33
8406,0,0,11.22
8407,164.04,68.72,11.62
8408,464.52,134.79,13.58
8409,562.09,191.69,15.28
8410,807.27,152.2,16.12
8411,775.63,188.6,16.7
8412,568.73,226.64,16.84
8413,542.47,174.64,16.68
8414,241.01,123.68,16.36
8415,64.17,36.21,15.88
8416,0,0,15.13
8417,0,0,14.17
8418,0,0,13.92
8419,0,0,13.78
8420,0,0,13.69
8421,0,0,13.39
8422,0,0,13.1
8423,0,0,12.78
8424,0,0,12.37
8425,0,0,12.32
8426,0,0,13.07
8427,0,0,13.1
8428,0,0,12.52
8429,0,0,12.24
8430,0,0,11.65
8431,249.52,71.84,12.2
8432,515.15,118.42,12.42
8433,710.94,135.55,14.39
8434,821.95,143.74,15.03
8435,850.31,147.07,15.46
8436,800.54,139.08,15.55
8437,648.58,134.15,15.46
8438,457.79,103.11,15.26
8439,169.64,44.47,14.86
8440,0,0,14.27
8441,0,0,13.16
8442,0,0,12.55
8443,0,0,13.24
8444,0,0,13.07
8445,0,0,13.12
8446,0,0,12.98
8447,0,0,12.78
8448,0,0,12.43
8449,0,0,12.15
8450,0,0,12.19
8451,0,0,12.17
8452,0,0,12.05
8453,0,0,11.51
8454,0,0,10.52
8455,234.63,72.65,10.42
8456,519.17,119.12,11.96
8457,710.08,139.85,13.48
8458,825.73,146.9,14.55
8459,834.91,157,15.09
8460,798.76,144.5,15.24
8461,690.06,122.09,15.14
8462,421.1,115,14.86
8463,48.53,32.52,14.31
8464,0,0,13.63
8465,0,0,12.75
8466,0,0,12.44
8467,0,0,11.83
8468,0,0,11.61
8469,0,0,11.91
8470,0,0,12.58
8471,0,0,12.51
8472,0,0,12.18
8473,0,0,11.89
8474,0,0,11.55
8475,0,0,11.16
8476,0,0,10.19
8477,0,0,9.78
8478,0,0,9.77
8479,251.99,71.56,9.67
8480,525.02,117.16,11.35
8481,701.82,144.84,12.07
8482,830.89,145.97,12.9
8483,846.73,153.8,13.44
8484,792.71,149.54,13.84
8485,689.87,122.01,14.05
8486,466.06,105.09,14.03
8487,187.08,51.92,13.66
8488,0,0,12.96
8489,0,0,11.84
8490,0,0,10.92
8491,0,0,10.44
8492,0,0,10.83
8493,0,0,10.59
8494,0,0,10.58
8495,0,0,10.74
8496,0,0,10.64
8497,0,0,10.4
8498,0,0,10.4
8499,0,0,9.86
8500,0,0,8.99
8501,0,0,8.76
8502,0,0,8.28
8503,252.19,70.51,8.04
8504,524.6,115.92,10.36
8505,696.66,143.15,12.1
8506,825.27,145.64,12.95
8507,849.9,151.29,13.44
8508,790.09,150.67,13.77
8509,661.71,133.68,13.91
8510,468.85,103.79,13.93
8511,185.59,51.43,13.57
8512,0,0,12.78
8513,0,0,12.34
8514,0,0,12.41
8515,0,0,12.81
8516,0,0,12.67
8517,0,0,12.47
8518,0,0,11.8
8519,0,0,11.47
8520,0,0,11.39
8521,0,0,10.77
8522,0,0,9.74
8523,0,0,9.13
8524,0,0,9.21
8525,0,0,9.55
8526,0,0,9.92
8527,230.83,68.98,10.03
8528,495.82,118.65,12.25
8529,674.73,146.76,14.06
8530,790.75,154.12,14.82
8531,569.93,245,15.6
8532,741.18,169.15,16
8533,435.86,191.06,15.9
8534,120.1,97.81,15.67
8535,95.05,45.21,15.26
8536,0,0,14.59
8537,0,0,13.79
8538,0,0,13.32
8539,0,0,13.03
8540,0,0,13.02
8541,0,0,12.42
8542,0,0,12.04
8543,0,0,11.53
8544,0,0,11.24
8545,0,0,11.44
8546,0,0,11.8
8547,0,0,12.06
8548,0,0,12.37
8549,0,0,12.45
8550,0,0,12.4
8551,199.22,68.11,12.92
8552,292.8,140.78,13.77
8553,599.41,174.86,14.93
8554,205.44,179.84,15.75
8555,278.21,215.58,16.32
8556,160.13,151.94,16.28
8557,93.7,92.14,16.51
8558,61.84,60.81,16.4
8559,15.93,15.66,15.88
8560,0,0,15.39
8561,0,0,15.21
8562,0,0,14.9
8563,0,0,14.34
8564,0,0,14.06
8565,0,0,13.8
8566,0,0,13.66
8567,0,0,13.61
8568,0,0,13.46
8569,0,0,13.46
8570,0,0,13.46
8571,0,0,13.34
8572,0,0,13.35
8573,0,0,13.28
8574,0,0,13.29
8575,83.5,50.87,13.77
8576,414.83,135.79,14.51
8577,296.56,189.53,15.9
8578,744.54,179.1,16.72
8579,627.25,236.15,17.28
8580,635.2,211.06,17.84
8581,370.49,191.4,18.05
8582,152.4,109.47,17.81
8583,136.88,50.77,17.17
8584,0,0,16.31
8585,0,0,15.16
8586,0,0,13.99
8587,0,0,13.5
8588,0,0,12.74
8589,0,0,12.34
8590,0,0,11.83
8591,0,0,11.64
8592,0,0,11.58
8593,0,0,12.19
8594,0,0,13.23
8595,0,0,13.59
8596,0,0,13.42
8597,0,0,12.64
8598,0,0,12.28
8599,250.66,68.53,12.6
8600,518.39,114.52,14.06
8601,702.89,138.47,16.95
8602,836.12,139.45,18.28
8603,856.56,147.47,18.75
8604,805.14,144.57,18.77
8605,667.49,133.57,18.57
8606,468.96,107.08,18.14
8607,203.27,55.51,17.53
8608,0,0,16.64
8609,0,0,15.05
8610,0,0,14.09
8611,0,0,13.53
8612,0,0,12.96
8613,0,0,12.19
8614,0,0,11.48
8615,0,0,11.04
8616,0,0,10.66
8617,0,0,10.5
8618,0,0,10.35
8619,0,0,10.36
8620,0,0,10.32
8621,0,0,10.19
8622,0,0,10.17
8623,260.77,67.25,9.73
8624,522.3,113.6,12.26
8625,715.05,136.7,15.03
8626,836.83,142.29,16.91
8627,851.59,153.95,18.37
8628,830.33,134.96,19.19
8629,691,128.31,19.47
8630,471.55,108.45,19.19
8631,209.46,56,18.42
8632,0,0,16.95
8633,0,0,15.97
8634,0,0,14.14
8635,0,0,12.79
8636,0,0,11.67
8637,0,0,11.38
8638,0,0,11.18
8639,0,0,11.09
8640,0,0,10.99
8641,0,0,10.76
8642,0,0,10.41
8643,0,0,10.29
8644,0,0,10.27
8645,0,0,10.31
8646,0,0,10.41
8647,244.25,67.99,10.76
8648,521.54,115.04,12.3
8649,692.11,145.86,16.37
8650,790.39,167.45,18.22
8651,870.51,144.03,19.2
8652,813.93,143.52,19.51
8653,682.99,133.04,19.37
8654,474.95,108.49,18.98
8655,208.65,56.9,18.15
8656,0,0,17
8657,0,0,16.39
8658,0,0,14.74
8659,0,0,14.01
8660,0,0,13.25
8661,0,0,12.33
8662,0,0,11.39
8663,0,0,11.02
8664,0,0,11.16
8665,0,0,11.71
8666,0,0,12.98
8667,0,0,13.2
8668,0,0,13.17
8669,0,0,13.07
8670,0,0,12.94
8671,240.74,67.63,12.64
8672,518.98,114.83,12.23
8673,706.04,140.15,14.39
8674,834.71,144.83,15.51
8675,863.35,150.4,16.19
8676,831.26,137.53,16.54
8677,683.1,134.19,16.61
8678,484.17,107.71,16.39
8679,214.36,57.27,15.81
8680,0,0,14.93
8681,0,0,13.37
8682,0,0,12.77
8683,0,0,11.83
8684,0,0,11.34
8685,0,0,10.99
8686,0,0,10.7
8687,0,0,10.46
8688,0,0,10.25
8689,0,0,9.49
8690,0,0,8.87
8691,0,0,8.44
8692,0,0,8.3
8693,0,0,8.31
8694,0,0,8.33
8695,248.01,67.4,8.94
8696,517.87,116.17,11.39
8697,721.13,135.73,14.5
8698,769.57,185.03,15.95
8699,734.26,221.75,16.87
8700,742.26,188.61,17.41
8701,666.49,146.1,17.6
8702,478.37,112.3,17.42
8703,202.6,57.95,16.71
8704,0,0,15.59
8705,0,0,13.86
8706,0,0,12.51
8707,0,0,12.05
8708,0,0,11.66
8709,0,0,11.32
8710,0,0,11.09
8711,0,0,10.93
8712,0,0,10.73
8713,0,0,10.55
8714,0,0,10.52
8715,0,0,10.62
8716,0,0,10.48
8717,0,0,10.39
8718,0,0,10.21
8719,215.09,66.67,10.56
8720,505.21,117.65,12.61
8721,690.61,145.61,14.94
8722,819.8,151.89,16.34
8723,826.2,171.7,17.14
8724,350.24,229.55,17.57
8725,647.75,152,17.64
8726,478.79,111.97,17.21
8727,232.88,58.86,16.48
8728,0,0,15.53
8729,0,0,14.17
8730,0,0,12.48
8731,0,0,11.5
8732,0,0,10.93
8733,0,0,10.52
8734,0,0,10.08
8735,0,0,9.82
8736,0,0,9.88
8737,0,0,10.16
8738,0,0,10.06
8739,0,0,9.73
8740,0,0,9.55
8741,0,0,9.78
8742,0,0,9.97
8743,246.8,65.95,9.53
8744,492.81,114.9,11.71
8745,673.09,146.66,14.71
8746,801.44,153.11,15.66
8747,830.21,158.47,16.27
8748,808.1,143.68,16.58
8749,653,142.96,16.51
8750,432.66,120.87,16.24
8751,206.83,59,15.71
8752,0,0,14.88
8753,0,0,13.98
8754,0,0,13.33
8755,0,0,13.48
8756,0,0,13.79
8757,0,0,13.55
8758,0,0,12.75
8759,0,0,11.57