Latitude (decimal degrees):	38.111
Longitude (decimal degrees):	13.352
Elevation (m):	39
Radiation database:	PVGIS-SARAH3


Slope: 32 deg. (optimum)
Azimuth: -2 deg. (optimum)
time,Gb(i),Gd(i),Gr(i),H_sun,T2m,WS10m,Int
20220101:0010,0.0,0.0,0.0,0.0,10.85,1.31,0.0
20220101:0110,0.0,0.0,0.0,0.0,11.33,1.17,0.0
20220101:0210,0.0,0.0,0.0,0.0,11.21,1.1,0.0
20220101:0310,0.0,0.0,0.0,0.0,10.42,1.31,0.0
20220101:0410,0.0,0.0,0.0,0.0,10.13,1.38,0.0
20220101:0510,0.0,0.0,0.0,0.0,10.01,1.45,0.0
20220101:0610,0.0,0.0,0.0,0.0,9.97,1.59,0.0
20220101:0710,14.35,42.44,0.73,6.95,9.56,1.45,0.0
20220101:0810,4.58,85.49,1.47,15.72,11.19,1.31,0.0
20220101:0910,9.88,138.91,2.41,22.71,11.87,1.1,0.0
20220101:1010,24.12,186.67,3.3,27.28,12.68,1.03,0.0
20220101:1110,3.63,162.69,2.78,28.88,13.24,1.72,0.0
20220101:1210,0.0,126.23,2.14,27.28,13.1,2.14,0.0
20220101:1310,1.93,117.28,2.0,22.7,13.1,1.93,0.0
20220101:1410,0.0,61.73,1.05,15.71,12.82,1.93,0.0
20220101:1510,3.35,29.96,0.52,6.94,12.41,1.93,0.0
20220101:1610,0.0,0.0,0.0,0.0,11.8,1.45,0.0
20220101:1710,0.0,0.0,0.0,0.0,11.54,1.03,0.0
20220101:1810,0.0,0.0,0.0,0.0,10.91,0.83,0.0
20220101:1910,0.0,0.0,0.0,0.0,10.33,1.1,0.0
20220101:2010,0.0,0.0,0.0,0.0,10.18,1.03,0.0
20220101:2110,0.0,0.0,0.0,0.0,10.07,1.45,0.0
20220101:2210,0.0,0.0,0.0,0.0,9.86,1.93,0.0
20220101:2310,0.0,0.0,0.0,0.0,10.12,1.66,0.0
20220102:0010,0.0,0.0,0.0,0.0,10.16,1.72,0.0
20220102:0110,0.0,0.0,0.0,0.0,10.1,1.86,0.0
20220102:0210,0.0,0.0,0.0,0.0,10.14,1.86,0.0
20220102:0310,0.0,0.0,0.0,0.0,10.05,1.66,0.0
20220102:0410,0.0,0.0,0.0,0.0,10.16,1.52,0.0
20220102:0510,0.0,0.0,0.0,0.0,9.89,1.38,0.0
20220102:0610,0.0,0.0,0.0,0.0,9.78,1.31,0.0
20220102:0710,32.24,49.16,0.86,6.94,9.91,1.66,0.0
20220102:0810,27.45,110.39,1.97,15.73,10.75,1.79,0.0
20220102:0910,23.68,157.27,2.78,22.74,11.53,1.86,0.0
20220102:1010,0.0,134.52,2.28,27.34,12.09,1.66,0.0
20220102:1110,5.44,170.36,2.92,28.97,12.76,1.31,0.0
20220102:1210,7.33,161.44,2.78,27.38,13.22,1.24,0.0
20220102:1310,79.04,186.21,3.53,22.82,13.45,1.66,0.0
20220102:1410,4.39,85.44,1.47,15.84,13.2,2.21,0.0
20220102:1510,9.91,39.56,0.69,7.07,12.52,2.28,0.0
20220102:1610,0.0,0.0,0.0,0.0,11.67,1.93,0.0
20220102:1710,0.0,0.0,0.0,0.0,11.04,1.72,0.0
20220102:1810,0.0,0.0,0.0,0.0,10.28,1.66,0.0
20220102:1910,0.0,0.0,0.0,0.0,9.87,1.66,0.0
20220102:2010,0.0,0.0,0.0,0.0,9.76,1.52,0.0
20220102:2110,0.0,0.0,0.0,0.0,9.69,1.38,0.0
20220102:2210,0.0,0.0,0.0,0.0,9.63,1.52,0.0
20220102:2310,0.0,0.0,0.0,0.0,9.42,1.52,0.0
20220103:0010,0.0,0.0,0.0,0.0,9.4,1.59,0.0
20220103:0110,0.0,0.0,0.0,0.0,9.22,1.86,0.0
20220103:0210,0.0,0.0,0.0,0.0,9.35,1.79,0.0
20220103:0310,0.0,0.0,0.0,0.0,9.23,1.1,0.0
20220103:0410,0.0,0.0,0.0,0.0,9.15,0.69,0.0
20220103:0510,0.0,0.0,0.0,0.0,8.65,0.97,0.0
20220103:0610,0.0,0.0,0.0,0.0,8.83,1.52,0.0
20220103:0710,35.75,50.98,0.89,6.94,8.87,1.17,0.0
20220103:0810,191.77,142.19,3.09,15.75,9.57,1.31,0.0
20220103:0910,512.05,151.2,5.67,22.78,10.31,0.83,0.0
20220103:1010,573.11,180.73,6.84,27.41,11.23,0.28,0.0
20220103:1110,763.52,124.45,7.88,29.06,12.17,0.83,0.0
20220103:1210,681.94,135.64,7.25,27.5,12.74,2.07,0.0
20220103:1310,568.82,125.26,5.92,22.95,12.76,1.66,0.0
20220103:1410,353.63,114.91,3.73,15.98,12.73,1.31,0.0
20220103:1510,179.17,60.6,1.42,7.21,12.48,0.97,0.0
20220103:1610,0.0,0.0,0.0,0.0,12.03,0.41,0.0
20220103:1710,0.0,0.0,0.0,0.0,11.07,0.76,0.0
20220103:1810,0.0,0.0,0.0,0.0,11.4,0.34,0.0
20220103:1910,0.0,0.0,0.0,0.0,11.1,0.62,0.0
20220103:2010,0.0,0.0,0.0,0.0,10.96,0.55,0.0
20220103:2110,0.0,0.0,0.0,0.0,8.48,1.66,0.0
20220103:2210,0.0,0.0,0.0,0.0,8.41,1.72,0.0
20220103:2310,0.0,0.0,0.0,0.0,9.15,1.38,0.0
20220104:0010,0.0,0.0,0.0,0.0,8.79,1.38,0.0
20220104:0110,0.0,0.0,0.0,0.0,8.96,1.17,0.0
20220104:0210,0.0,0.0,0.0,0.0,9.03,1.31,0.0
20220104:0310,0.0,0.0,0.0,0.0,8.19,2.34,0.0
20220104:0410,0.0,0.0,0.0,0.0,8.38,2.55,0.0
20220104:0510,0.0,0.0,0.0,0.0,8.59,2.48,0.0
20220104:0610,0.0,0.0,0.0,0.0,8.33,2.34,0.0
20220104:0710,156.85,65.38,1.31,6.94,8.78,2.55,0.0
20220104:0810,375.78,116.27,3.75,15.77,10.25,2.41,0.0
20220104:0910,520.79,148.96,5.72,22.83,11.89,2.21,0.0
20220104:1010,606.99,168.12,6.97,27.48,13.29,2.07,0.0
20220104:1110,765.47,122.8,7.89,29.16,14.51,1.93,0.0
20220104:1210,674.75,137.79,7.23,27.62,15.43,1.66,0.0
20220104:1310,553.52,131.11,5.89,23.08,15.82,1.31,0.0
20220104:1410,377.78,109.64,3.84,16.12,15.81,1.24,0.0
20220104:1510,202.27,58.07,1.5,7.35,15.27,1.24,0.0
20220104:1610,0.0,0.0,0.0,0.0,14.19,1.72,0.0
20220104:1710,0.0,0.0,0.0,0.0,12.79,2.14,0.0
20220104:1810,0.0,0.0,0.0,0.0,11.82,2.55,0.0
20220104:1910,0.0,0.0,0.0,0.0,11.46,2.83,0.0
20220104:2010,0.0,0.0,0.0,0.0,11.06,2.97,0.0
20220104:2110,0.0,0.0,0.0,0.0,10.73,3.03,0.0
20220104:2210,0.0,0.0,0.0,0.0,10.43,3.17,0.0
20220104:2310,0.0,0.0,0.0,0.0,10.27,3.24,0.0
20220105:0010,0.0,0.0,0.0,0.0,10.15,3.31,0.0
20220105:0110,0.0,0.0,0.0,0.0,10.04,3.31,0.0
20220105:0210,0.0,0.0,0.0,0.0,9.95,3.38,0.0
20220105:0310,0.0,0.0,0.0,0.0,9.9,3.52,0.0
20220105:0410,0.0,0.0,0.0,0.0,9.92,3.72,0.0
20220105:0510,0.0,0.0,0.0,0.0,10.01,3.93,0.0
20220105:0610,0.0,0.0,0.0,0.0,10.13,4.14,0.0
20220105:0710,188.24,63.86,1.39,6.95,10.33,3.86,0.0
20220105:0810,386.12,115.79,3.81,15.8,11.89,3.86,0.0
20220105:0910,533.31,148.52,5.81,22.88,14.27,3.79,0.0
20220105:1010,657.19,154.76,7.22,27.56,15.95,3.86,0.0
20220105:1110,792.51,117.93,8.08,29.27,16.76,3.86,0.0
20220105:1210,678.4,143.64,7.34,27.75,17.18,3.93,0.0
20220105:1310,515.33,150.66,5.84,23.22,17.19,4.28,0.0
20220105:1410,390.79,110.54,3.95,16.26,16.79,4.07,0.0
20220105:1510,205.63,61.34,1.56,7.5,16.11,3.93,0.0
20220105:1610,0.0,0.0,0.0,0.0,14.9,4.07,0.0
20220105:1710,0.0,0.0,0.0,0.0,13.77,3.86,0.0
20220105:1810,0.0,0.0,0.0,0.0,12.92,3.59,0.0
20220105:1910,0.0,0.0,0.0,0.0,12.5,3.93,0.0
20220105:2010,0.0,0.0,0.0,0.0,12.09,3.59,0.0
20220105:2110,0.0,0.0,0.0,0.0,11.73,3.38,0.0
20220105:2210,0.0,0.0,0.0,0.0,11.37,3.38,0.0
20220105:2310,0.0,0.0,0.0,0.0,10.96,3.24,0.0
20220106:0010,0.0,0.0,0.0,0.0,10.68,3.1,0.0
20220106:0110,0.0,0.0,0.0,0.0,10.36,2.83,0.0
20220106:0210,0.0,0.0,0.0,0.0,10.18,2.55,0.0
20220106:0310,0.0,0.0,0.0,0.0,9.97,2.28,0.0
20220106:0410,0.0,0.0,0.0,0.0,9.84,2.21,0.0
20220106:0510,0.0,0.0,0.0,0.0,9.8,2.14,0.0
20220106:0610,0.0,0.0,0.0,0.0,9.83,2.07,0.0
20220106:0710,7.07,35.28,0.61,6.97,9.94,1.86,0.0
20220106:0810,24.91,108.87,1.94,15.84,10.85,1.79,0.0
20220106:0910,219.04,203.72,4.5,22.94,11.69,1.93,0.0
20220106:1010,246.09,243.88,5.45,27.65,12.27,2.14,0.0
20220106:1110,5.39,168.49,2.89,29.38,12.73,2.34,0.0
20220106:1210,3.63,149.77,2.56,27.88,12.62,2.9,0.0
20220106:1310,26.62,163.26,2.91,23.37,12.36,3.03,0.0
20220106:1410,0.0,57.13,0.97,16.41,11.66,3.31,0.0
20220106:1510,62.33,59.61,1.11,7.65,11.32,2.62,0.0
20220106:1610,0.0,0.0,0.0,0.0,10.86,1.86,0.0
20220106:1710,0.0,0.0,0.0,0.0,10.38,1.86,0.0
20220106:1810,0.0,0.0,0.0,0.0,9.67,2.0,0.0
20220106:1910,0.0,0.0,0.0,0.0,9.08,1.31,0.0
20220106:2010,0.0,0.0,0.0,0.0,9.21,1.03,0.0
20220106:2110,0.0,0.0,0.0,0.0,9.3,0.97,0.0
20220106:2210,0.0,0.0,0.0,0.0,8.58,1.1,0.0
20220106:2310,0.0,0.0,0.0,0.0,7.99,1.38,0.0
20220107:0010,0.0,0.0,0.0,0.0,7.52,1.52,0.0
20220107:0110,0.0,0.0,0.0,0.0,7.38,1.59,0.0
20220107:0210,0.0,0.0,0.0,0.0,7.71,1.52,0.0
20220107:0310,0.0,0.0,0.0,0.0,7.83,1.45,0.0
20220107:0410,0.0,0.0,0.0,0.0,7.91,1.45,0.0
20220107:0510,0.0,0.0,0.0,0.0,8.07,1.66,0.0
20220107:0610,0.0,0.0,0.0,0.0,8.16,1.52,0.0
20220107:0710,10.55,40.7,0.7,6.99,8.63,1.72,0.0
20220107:0810,60.94,124.91,2.33,15.88,9.53,1.72,0.0
20220107:0910,9.75,138.85,2.41,23.01,10.02,2.07,0.0
20220107:1010,3.66,155.33,2.66,27.75,10.36,2.34,0.0
20220107:1110,0.0,79.24,1.34,29.51,10.64,2.28,0.0
20220107:1210,0.0,101.35,1.72,28.02,10.46,1.79,0.0
20220107:1310,1.89,121.88,2.08,23.52,10.44,1.86,0.0
20220107:1410,0.0,42.38,0.72,16.57,10.33,2.0,0.0
20220107:1510,0.0,15.66,0.27,7.81,10.18,2.28,0.0
20220107:1610,0.0,0.0,0.0,0.0,10.1,2.55,0.0
20220107:1710,0.0,0.0,0.0,0.0,10.01,3.1,0.0
20220107:1810,0.0,0.0,0.0,0.0,9.98,3.59,0.0
20220107:1910,0.0,0.0,0.0,0.0,9.74,3.31,0.0
20220107:2010,0.0,0.0,0.0,0.0,9.69,3.31,0.0
20220107:2110,0.0,0.0,0.0,0.0,9.79,3.24,0.0
20220107:2210,0.0,0.0,0.0,0.0,9.6,3.31,0.0
20220107:2310,0.0,0.0,0.0,0.0,9.25,3.31,0.0
20220108:0010,0.0,0.0,0.0,0.0,9.06,3.79,0.0
20220108:0110,0.0,0.0,0.0,0.0,8.94,4.14,0.0
20220108:0210,0.0,0.0,0.0,0.0,8.88,4.62,0.0
20220108:0310,0.0,0.0,0.0,0.0,8.5,4.69,0.0
20220108:0410,0.0,0.0,0.0,0.0,8.08,4.9,0.0
20220108:0510,0.0,0.0,0.0,0.0,8.22,5.17,0.0
20220108:0610,0.0,0.0,0.0,0.0,8.3,5.1,0.0
20220108:0710,13.99,43.3,0.75,7.02,8.27,4.41,0.0
20220108:0810,26.99,112.12,2.0,15.93,8.94,4.07,0.0
20220108:0910,0.0,72.79,1.23,23.09,9.75,4.34,0.0
20220108:1010,0.0,42.38,0.72,27.85,10.4,4.9,0.0
20220108:1110,16.08,190.59,3.33,29.63,10.72,5.72,0.0
20220108:1210,5.41,158.34,2.72,28.17,10.4,6.28,0.0
20220108:1310,0.0,106.88,1.81,23.68,10.54,6.34,0.0
20220108:1410,392.31,109.04,4.02,16.73,10.35,6.41,0.0
20220108:1510,69.53,63.92,1.2,7.97,10.15,6.14,0.0
20220108:1610,0.0,0.0,0.0,0.0,9.63,6.07,0.0
20220108:1710,0.0,0.0,0.0,0.0,9.32,6.07,0.0
20220108:1810,0.0,0.0,0.0,0.0,9.16,5.86,0.0
20220108:1910,0.0,0.0,0.0,0.0,9.16,5.38,0.0
20220108:2010,0.0,0.0,0.0,0.0,9.12,5.03,0.0
20220108:2110,0.0,0.0,0.0,0.0,9.23,4.76,0.0
20220108:2210,0.0,0.0,0.0,0.0,9.28,4.55,0.0
20220108:2310,0.0,0.0,0.0,0.0,9.28,4.9,0.0
20220109:0010,0.0,0.0,0.0,0.0,9.2,5.1,0.0
20220109:0110,0.0,0.0,0.0,0.0,9.03,4.48,0.0
20220109:0210,0.0,0.0,0.0,0.0,8.79,4.14,0.0
20220109:0310,0.0,0.0,0.0,0.0,8.6,3.72,0.0
20220109:0410,0.0,0.0,0.0,0.0,8.59,3.72,0.0
20220109:0510,0.0,0.0,0.0,0.0,8.84,3.59,0.0
20220109:0610,0.0,0.0,0.0,0.0,9.01,3.38,0.0
20220109:0710,93.8,62.93,1.16,7.05,9.15,3.31,0.0
20220109:0810,371.83,117.81,3.8,15.99,9.93,3.17,0.0
20220109:0910,91.11,192.5,3.69,23.17,10.4,4.14,0.0
20220109:1010,143.91,242.29,4.86,27.96,10.77,5.1,0.0
20220109:1110,0.0,80.16,1.36,29.77,11.65,6.07,0.0
20220109:1210,120.38,240.17,4.72,28.33,12.31,6.55,0.0
20220109:1310,0.0,55.28,0.94,23.85,12.34,6.9,0.0
20220109:1410,59.0,132.47,2.48,16.9,12.23,7.31,0.0
20220109:1510,220.29,63.82,1.73,8.13,12.18,8.07,0.0
20220109:1610,0.0,0.0,0.0,0.0,11.07,9.1,0.0
20220109:1710,0.0,0.0,0.0,0.0,9.69,7.31,0.0
20220109:1810,0.0,0.0,0.0,0.0,9.25,6.07,0.0
20220109:1910,0.0,0.0,0.0,0.0,10.58,8.0,0.0
20220109:2010,0.0,0.0,0.0,0.0,10.22,7.93,0.0
20220109:2110,0.0,0.0,0.0,0.0,9.85,8.07,0.0
20220109:2210,0.0,0.0,0.0,0.0,8.98,7.03,0.0
20220109:2310,0.0,0.0,0.0,0.0,8.35,6.28,0.0
20220110:0010,0.0,0.0,0.0,0.0,7.28,6.55,0.0
20220110:0110,0.0,0.0,0.0,0.0,7.37,5.52,0.0
20220110:0210,0.0,0.0,0.0,0.0,7.55,5.17,0.0
20220110:0310,0.0,0.0,0.0,0.0,7.61,5.66,0.0
20220110:0410,0.0,0.0,0.0,0.0,7.32,6.62,0.0
20220110:0510,0.0,0.0,0.0,0.0,7.37,6.69,0.0
20220110:0610,0.0,0.0,0.0,0.0,7.13,7.93,0.0
20220110:0710,0.0,16.58,0.28,7.09,6.58,7.86,0.0
20220110:0810,0.0,64.5,1.09,16.05,6.81,6.76,0.0
20220110:0910,3.86,129.57,2.22,23.26,6.99,6.41,0.0
20220110:1010,14.53,181.15,3.16,28.08,7.54,6.28,0.0
20220110:1110,0.0,83.85,1.42,29.92,8.12,6.97,0.0
20220110:1210,0.0,87.53,1.48,28.49,8.2,6.76,0.0
20220110:1310,0.0,57.13,0.97,24.02,8.29,6.69,0.0
20220110:1410,0.0,22.11,0.38,17.07,8.45,6.28,0.0
20220110:1510,172.94,69.2,1.63,8.3,8.35,6.21,0.0
20220110:1610,0.0,0.0,0.0,0.0,7.9,6.76,0.0
20220110:1710,0.0,0.0,0.0,0.0,7.69,6.48,0.0
20220110:1810,0.0,0.0,0.0,0.0,7.59,6.48,0.0
20220110:1910,0.0,0.0,0.0,0.0,8.1,5.1,0.0
20220110:2010,0.0,0.0,0.0,0.0,8.23,5.24,0.0
20220110:2110,0.0,0.0,0.0,0.0,8.21,6.0,0.0
20220110:2210,0.0,0.0,0.0,0.0,8.11,5.93,0.0
20220110:2310,0.0,0.0,0.0,0.0,7.89,5.72,0.0
20220111:0010,0.0,0.0,0.0,0.0,7.4,6.55,0.0
20220111:0110,0.0,0.0,0.0,0.0,7.09,6.69,0.0
20220111:0210,0.0,0.0,0.0,0.0,7.27,6.69,0.0
20220111:0310,0.0,0.0,0.0,0.0,7.99,6.76,0.0
20220111:0410,0.0,0.0,0.0,0.0,8.1,7.86,0.0
20220111:0510,0.0,0.0,0.0,0.0,8.11,7.52,0.0
20220111:0610,0.0,0.0,0.0,0.0,8.39,7.24,0.0
20220111:0710,37.63,52.14,0.92,7.14,9.03,6.55,0.0
20220111:0810,204.29,143.12,3.22,16.12,9.29,6.76,0.0
20220111:0910,9.63,140.66,2.44,23.36,9.54,7.52,0.0
20220111:1010,0.0,70.02,1.19,28.21,9.64,6.97,0.0
20220111:1110,0.0,92.14,1.56,30.07,9.77,6.14,0.0
20220111:1210,5.35,161.09,2.77,28.66,10.02,6.0,0.0
20220111:1310,3.73,131.36,2.25,24.19,10.06,6.62,0.0
20220111:1410,0.0,43.3,0.73,17.25,9.68,6.62,0.0
20220111:1510,0.0,18.43,0.31,8.47,9.47,6.0,0.0
20220111:1610,0.0,0.0,0.0,0.0,9.34,5.72,0.0
20220111:1710,0.0,0.0,0.0,0.0,9.43,5.59,0.0
20220111:1810,0.0,0.0,0.0,0.0,9.68,5.45,0.0
20220111:1910,0.0,0.0,0.0,0.0,9.89,5.03,0.0
20220111:2010,0.0,0.0,0.0,0.0,9.78,4.55,0.0
20220111:2110,0.0,0.0,0.0,0.0,9.89,4.62,0.0
20220111:2210,0.0,0.0,0.0,0.0,9.82,4.55,0.0
20220111:2310,0.0,0.0,0.0,0.0,9.78,4.48,0.0
20220112:0010,0.0,0.0,0.0,0.0,9.65,4.21,0.0
20220112:0110,0.0,0.0,0.0,0.0,9.23,3.66,0.0
20220112:0210,0.0,0.0,0.0,0.0,8.94,3.1,0.0
20220112:0310,0.0,0.0,0.0,0.0,8.74,2.41,0.0
20220112:0410,0.0,0.0,0.0,0.0,8.01,1.79,0.0
20220112:0510,0.0,0.0,0.0,0.0,7.24,1.59,0.0
20220112:0610,0.0,0.0,0.0,0.0,6.97,1.59,0.0
20220112:0710,105.13,64.71,1.22,7.19,9.19,0.62,0.0
20220112:0810,0.0,76.47,1.3,16.2,8.62,1.03,0.0
20220112:0910,0.0,83.85,1.42,23.46,10.78,2.0,0.0
20220112:1010,0.0,117.02,1.98,28.34,10.76,3.03,0.0
20220112:1110,0.0,123.47,2.09,30.22,10.47,3.86,0.0
20220112:1210,3.56,156.2,2.67,28.83,9.88,4.0,0.0
20220112:1310,0.0,58.05,0.98,24.38,9.39,3.66,0.0
20220112:1410,0.0,36.86,0.63,17.43,9.09,3.38,0.0
20220112:1510,0.0,34.09,0.58,8.65,8.66,2.9,0.0
20220112:1610,0.0,0.0,0.0,0.0,8.3,2.55,0.0
20220112:1710,0.0,0.0,0.0,0.0,7.82,2.07,0.0
20220112:1810,0.0,0.0,0.0,0.0,7.43,2.14,0.0
20220112:1910,0.0,0.0,0.0,0.0,7.18,2.14,0.0
20220112:2010,0.0,0.0,0.0,0.0,6.88,1.86,0.0
20220112:2110,0.0,0.0,0.0,0.0,6.38,1.31,0.0
20220112:2210,0.0,0.0,0.0,0.0,6.27,0.97,0.0
20220112:2310,0.0,0.0,0.0,0.0,6.06,1.1,0.0
20220113:0010,0.0,0.0,0.0,0.0,6.78,0.83,0.0
20220113:0110,0.0,0.0,0.0,0.0,7.68,0.48,0.0
20220113:0210,0.0,0.0,0.0,0.0,7.88,0.41,0.0
20220113:0310,0.0,0.0,0.0,0.0,7.94,0.34,0.0
20220113:0410,0.0,0.0,0.0,0.0,8.17,0.21,0.0
20220113:0510,0.0,0.0,0.0,0.0,8.12,0.76,0.0
20220113:0610,0.0,0.0,0.0,0.0,6.91,1.31,0.0
20220113:0710,3.36,36.5,0.63,7.25,8.33,3.31,0.0
20220113:0810,0.0,59.89,1.02,16.28,9.42,3.45,0.0
20220113:0910,1.91,123.73,2.11,23.57,10.33,3.59,0.0
20220113:1010,23.38,193.82,3.42,28.48,11.0,3.93,0.0
20220113:1110,117.85,253.07,4.95,30.39,11.27,4.07,0.0
20220113:1210,0.0,48.83,0.83,29.01,11.38,4.14,0.0
20220113:1310,0.0,117.94,2.0,24.56,11.29,4.21,0.0
20220113:1410,90.25,145.07,2.84,17.62,11.03,4.28,0.0
20220113:1510,39.16,64.11,1.17,8.83,10.62,4.07,0.0
20220113:1610,0.0,0.0,0.0,0.0,10.1,3.72,0.0
20220113:1710,0.0,0.0,0.0,0.0,9.62,3.24,0.0
20220113:1810,0.0,0.0,0.0,0.0,9.34,2.9,0.0
20220113:1910,0.0,0.0,0.0,0.0,8.96,2.48,0.0
20220113:2010,0.0,0.0,0.0,0.0,8.39,2.14,0.0
20220113:2110,0.0,0.0,0.0,0.0,7.47,1.93,0.0
20220113:2210,0.0,0.0,0.0,0.0,7.06,1.72,0.0
20220113:2310,0.0,0.0,0.0,0.0,6.95,1.59,0.0
20220114:0010,0.0,0.0,0.0,0.0,7.12,1.52,0.0
20220114:0110,0.0,0.0,0.0,0.0,6.73,1.59,0.0
20220114:0210,0.0,0.0,0.0,0.0,5.95,1.79,0.0
20220114:0310,0.0,0.0,0.0,0.0,5.8,1.86,0.0
20220114:0410,0.0,0.0,0.0,0.0,7.39,1.45,0.0
20220114:0510,0.0,0.0,0.0,0.0,8.57,1.17,0.0
20220114:0610,0.0,0.0,0.0,0.0,8.6,1.1,0.0
20220114:0710,202.9,63.96,1.52,7.32,6.63,1.59,0.0
20220114:0810,376.18,121.18,3.94,16.37,7.64,2.07,0.0
20220114:0910,544.29,149.51,6.06,23.69,10.03,3.38,0.0
20220114:1010,741.76,127.86,7.8,28.63,10.39,3.72,0.0
20220114:1110,816.75,116.29,8.48,30.56,10.59,3.24,0.0
20220114:1210,746.3,128.07,7.95,29.2,10.66,2.55,0.0
20220114:1310,492.31,171.59,6.13,24.76,10.65,2.21,0.0
20220114:1410,478.64,96.31,4.63,17.81,10.53,2.55,0.0
20220114:1510,250.58,65.35,2.02,9.02,10.1,2.83,0.0
20220114:1610,0.0,0.0,0.0,0.0,9.51,2.55,0.0
20220114:1710,0.0,0.0,0.0,0.0,8.92,2.41,0.0
20220114:1810,0.0,0.0,0.0,0.0,8.4,2.41,0.0
20220114:1910,0.0,0.0,0.0,0.0,7.13,1.72,0.0
20220114:2010,0.0,0.0,0.0,0.0,6.63,1.66,0.0
20220114:2110,0.0,0.0,0.0,0.0,6.42,1.79,0.0
20220114:2210,0.0,0.0,0.0,0.0,6.07,2.0,0.0
20220114:2310,0.0,0.0,0.0,0.0,5.98,2.14,0.0
20220115:0010,0.0,0.0,0.0,0.0,6.13,2.34,0.0
20220115:0110,0.0,0.0,0.0,0.0,6.55,2.62,0.0
20220115:0210,0.0,0.0,0.0,0.0,7.15,2.69,0.0
20220115:0310,0.0,0.0,0.0,0.0,7.16,2.69,0.0
20220115:0410,0.0,0.0,0.0,0.0,7.3,2.62,0.0
20220115:0510,0.0,0.0,0.0,0.0,7.11,2.41,0.0
20220115:0610,0.0,0.0,0.0,0.0,6.68,2.07,0.0
20220115:0710,105.31,66.72,1.27,7.39,6.26,1.79,0.0
20220115:0810,289.27,137.7,3.64,16.47,8.24,1.66,0.0
20220115:0910,555.27,141.27,6.08,23.82,10.23,2.0,0.0
20220115:1010,676.52,149.7,7.53,28.78,10.93,2.21,0.0
20220115:1110,742.16,142.86,8.17,30.74,11.42,2.34,0.0
20220115:1210,706.42,139.86,7.78,29.4,11.7,2.55,0.0
20220115:1310,418.62,190.4,5.84,24.96,11.84,2.69,0.0
20220115:1410,38.42,132.61,2.42,18.0,11.75,2.62,0.0
20220115:1510,89.46,75.71,1.5,9.21,11.43,2.28,0.0
20220115:1610,0.0,0.0,0.0,0.0,10.98,1.86,0.0
20220115:1710,0.0,0.0,0.0,0.0,10.27,1.72,0.0
20220115:1810,0.0,0.0,0.0,0.0,9.35,1.52,0.0
20220115:1910,0.0,0.0,0.0,0.0,9.98,0.9,0.0
20220115:2010,0.0,0.0,0.0,0.0,9.91,1.1,0.0
20220115:2110,0.0,0.0,0.0,0.0,10.02,1.1,0.0
20220115:2210,0.0,0.0,0.0,0.0,10.35,1.03,0.0
20220115:2310,0.0,0.0,0.0,0.0,10.21,0.97,0.0
20220116:0010,0.0,0.0,0.0,0.0,10.16,0.97,0.0
20220116:0110,0.0,0.0,0.0,0.0,10.17,1.03,0.0
20220116:0210,0.0,0.0,0.0,0.0,9.84,1.17,0.0
20220116:0310,0.0,0.0,0.0,0.0,9.01,1.17,0.0
20220116:0410,0.0,0.0,0.0,0.0,8.56,1.31,0.0
20220116:0510,0.0,0.0,0.0,0.0,8.35,1.31,0.0
20220116:0610,0.0,0.0,0.0,0.0,8.17,1.38,0.0
20220116:0710,52.07,57.95,1.05,7.47,9.32,0.97,0.0
20220116:0810,134.06,144.95,2.97,16.57,9.03,0.9,0.0
20220116:0910,90.57,198.61,3.81,23.95,11.16,0.9,0.0
20220116:1010,195.6,253.83,5.39,28.94,12.14,1.38,0.0
20220116:1110,541.04,220.15,7.47,30.93,12.8,1.72,0.0
20220116:1210,516.27,212.16,7.13,29.6,13.14,1.93,0.0
20220116:1310,92.76,207.82,4.02,25.16,13.26,2.14,0.0
20220116:1410,40.15,134.78,2.47,18.2,13.07,2.28,0.0
20220116:1510,64.05,73.72,1.41,9.4,12.65,2.28,0.0
20220116:1610,0.0,0.0,0.0,0.0,12.0,1.86,0.0
20220116:1710,0.0,0.0,0.0,0.0,11.33,1.72,0.0
20220116:1810,0.0,0.0,0.0,0.0,10.48,1.79,0.0
20220116:1910,0.0,0.0,0.0,0.0,9.58,1.59,0.0
20220116:2010,0.0,0.0,0.0,0.0,9.16,1.52,0.0
20220116:2110,0.0,0.0,0.0,0.0,8.72,1.45,0.0
20220116:2210,0.0,0.0,0.0,0.0,8.28,1.52,0.0
20220116:2310,0.0,0.0,0.0,0.0,8.3,1.45,0.0
20220117:0010,0.0,0.0,0.0,0.0,8.24,1.38,0.0
20220117:0110,0.0,0.0,0.0,0.0,8.39,1.24,0.0
20220117:0210,0.0,0.0,0.0,0.0,8.61,1.1,0.0
20220117:0310,0.0,0.0,0.0,0.0,8.4,1.1,0.0
20220117:0410,0.0,0.0,0.0,0.0,8.25,1.1,0.0
20220117:0510,0.0,0.0,0.0,0.0,8.07,1.1,0.0
20220117:0610,0.0,0.0,0.0,0.0,7.56,1.31,0.0
20220117:0710,51.46,58.8,1.06,7.55,8.03,1.1,0.0
20220117:0810,60.18,132.0,2.47,16.68,9.28,1.17,0.0
20220117:0910,379.41,195.93,5.52,24.08,10.55,1.31,0.0
20220117:1010,733.23,129.12,7.83,29.11,11.41,1.79,0.0
20220117:1110,757.28,138.51,8.31,31.12,12.03,2.0,0.0
20220117:1210,622.15,177.79,7.58,29.8,12.66,2.69,0.0
20220117:1310,432.5,189.56,5.98,25.37,12.83,3.52,0.0
20220117:1410,57.79,143.96,2.7,18.41,12.38,4.14,0.0
20220117:1510,241.72,70.19,2.11,9.59,11.71,3.72,0.0
20220117:1610,0.0,0.0,0.0,0.0,11.15,3.1,0.0
20220117:1710,0.0,0.0,0.0,0.0,10.61,2.9,0.0
20220117:1810,0.0,0.0,0.0,0.0,10.3,2.9,0.0
20220117:1910,0.0,0.0,0.0,0.0,10.34,2.9,0.0
20220117:2010,0.0,0.0,0.0,0.0,10.17,3.24,0.0
20220117:2110,0.0,0.0,0.0,0.0,10.14,3.31,0.0
20220117:2210,0.0,0.0,0.0,0.0,10.21,3.1,0.0
20220117:2310,0.0,0.0,0.0,0.0,9.91,2.97,0.0
20220118:0010,0.0,0.0,0.0,0.0,9.76,2.97,0.0
20220118:0110,0.0,0.0,0.0,0.0,9.73,2.83,0.0
20220118:0210,0.0,0.0,0.0,0.0,9.67,2.62,0.0
20220118:0310,0.0,0.0,0.0,0.0,9.53,2.48,0.0
20220118:0410,0.0,0.0,0.0,0.0,9.26,2.28,0.0
20220118:0510,0.0,0.0,0.0,0.0,8.96,2.07,0.0
20220118:0610,0.0,0.0,0.0,0.0,8.14,1.86,0.0
20220118:0710,12.71,44.73,0.78,7.64,8.42,1.52,0.0
20220118:0810,10.68,104.11,1.81,16.79,10.02,1.52,0.0
20220118:0910,615.06,120.84,6.39,24.23,11.57,2.07,0.0
20220118:1010,716.12,135.01,7.78,29.28,12.09,2.34,0.0
20220118:1110,471.2,242.52,7.27,31.32,12.39,2.41,0.0
20220118:1210,589.98,190.69,7.5,30.01,12.59,2.34,0.0
20220118:1310,550.86,152.51,6.47,25.58,12.65,2.14,0.0
20220118:1410,437.12,110.16,4.61,18.62,12.44,2.21,0.0
20220118:1510,194.01,78.38,2.0,9.79,12.03,2.28,0.0
20220118:1610,0.0,0.0,0.0,0.0,11.5,2.0,0.0
20220118:1710,0.0,0.0,0.0,0.0,10.81,1.59,0.0
20220118:1810,0.0,0.0,0.0,0.0,9.79,1.24,0.0
20220118:1910,0.0,0.0,0.0,0.0,10.72,0.9,0.0
20220118:2010,0.0,0.0,0.0,0.0,10.97,0.34,0.0
20220118:2110,0.0,0.0,0.0,0.0,10.83,0.07,0.0
20220118:2210,0.0,0.0,0.0,0.0,10.64,0.07,0.0
20220118:2310,0.0,0.0,0.0,0.0,10.42,0.07,0.0
20220119:0010,0.0,0.0,0.0,0.0,10.28,0.34,0.0
20220119:0110,0.0,0.0,0.0,0.0,10.21,0.48,0.0
20220119:0210,0.0,0.0,0.0,0.0,10.09,0.55,0.0
20220119:0310,0.0,0.0,0.0,0.0,9.95,0.62,0.0
20220119:0410,0.0,0.0,0.0,0.0,9.8,0.62,0.0
20220119:0510,0.0,0.0,0.0,0.0,9.68,0.69,0.0
20220119:0610,0.0,0.0,0.0,0.0,9.54,0.83,0.0
20220119:0710,200.72,64.86,1.59,7.74,8.61,1.24,0.0
20220119:0810,422.25,107.1,4.19,16.91,8.79,1.1,0.0
20220119:0910,619.53,119.2,6.44,24.38,11.24,0.97,0.0
20220119:1010,677.98,150.81,7.67,29.46,11.99,0.9,0.0
20220119:1110,568.97,213.55,7.69,31.52,12.54,0.83,0.0
20220119:1210,499.28,219.99,7.17,30.23,12.87,0.83,0.0
20220119:1310,105.65,214.7,4.22,25.8,13.0,1.66,0.0
20220119:1410,58.89,146.81,2.77,18.83,12.61,2.07,0.0
20220119:1510,71.32,79.68,1.55,10.0,12.09,1.93,0.0
20220119:1610,0.0,0.0,0.0,0.0,11.57,1.59,0.0
20220119:1710,0.0,0.0,0.0,0.0,10.95,1.31,0.0
20220119:1810,0.0,0.0,0.0,0.0,9.92,1.1,0.0
20220119:1910,0.0,0.0,0.0,0.0,10.27,0.9,0.0
20220119:2010,0.0,0.0,0.0,0.0,10.03,0.97,0.0
20220119:2110,0.0,0.0,0.0,0.0,9.76,1.03,0.0
20220119:2210,0.0,0.0,0.0,0.0,8.87,1.31,0.0
20220119:2310,0.0,0.0,0.0,0.0,7.91,1.66,0.0
20220120:0010,0.0,0.0,0.0,0.0,7.42,1.86,0.0
20220120:0110,0.0,0.0,0.0,0.0,7.19,2.0,0.0
20220120:0210,0.0,0.0,0.0,0.0,7.05,2.0,0.0
20220120:0310,0.0,0.0,0.0,0.0,7.01,2.07,0.0
20220120:0410,0.0,0.0,0.0,0.0,7.11,2.14,0.0
20220120:0510,0.0,0.0,0.0,0.0,6.47,2.21,0.0
20220120:0610,0.0,0.0,0.0,0.0,6.28,2.41,0.0
20220120:0710,207.35,65.3,1.64,7.84,7.34,2.83,0.0
20220120:0810,417.3,107.66,4.19,17.04,8.58,2.97,0.0
20220120:0910,618.31,120.16,6.47,24.54,9.85,2.83,0.0
20220120:1010,683.8,150.73,7.75,29.65,11.15,2.9,0.0
20220120:1110,126.67,266.5,5.27,31.73,12.32,3.59,0.0
20220120:1210,503.92,221.18,7.25,30.45,12.71,3.31,0.0
20220120:1310,99.74,215.35,4.2,26.03,12.8,3.45,0.0
20220120:1410,395.46,127.88,4.58,19.04,12.79,3.66,0.0
20220120:1510,130.41,85.62,1.86,10.2,12.39,3.38,0.0
20220120:1610,0.0,0.0,0.0,0.0,11.64,2.97,0.0
20220120:1710,0.0,0.0,0.0,0.0,10.79,2.55,0.0
20220120:1810,0.0,0.0,0.0,0.0,10.08,2.55,0.0
20220120:1910,0.0,0.0,0.0,0.0,9.77,2.83,0.0
20220120:2010,0.0,0.0,0.0,0.0,9.37,2.83,0.0
20220120:2110,0.0,0.0,0.0,0.0,9.07,2.76,0.0
20220120:2210,0.0,0.0,0.0,0.0,8.9,2.83,0.0
20220120:2310,0.0,0.0,0.0,0.0,8.62,3.03,0.0
20220121:0010,0.0,0.0,0.0,0.0,8.63,3.17,0.0
20220121:0110,0.0,0.0,0.0,0.0,8.74,3.1,0.0
20220121:0210,0.0,0.0,0.0,0.0,8.76,3.03,0.0
20220121:0310,0.0,0.0,0.0,0.0,8.9,3.1,0.0
20220121:0410,0.0,0.0,0.0,0.0,8.92,3.17,0.0
20220121:0510,0.0,0.0,0.0,0.0,9.04,3.1,0.0
20220121:0610,0.0,0.0,0.0,0.0,9.21,3.1,0.0
20220121:0710,3.05,38.25,0.66,7.95,9.24,2.97,0.0
20220121:0810,10.47,104.95,1.83,17.17,9.9,3.59,0.0
20220121:0910,333.36,207.2,5.44,24.7,10.68,4.9,0.0
20220121:1010,59.2,230.27,4.25,29.84,11.24,5.66,0.0
20220121:1110,0.0,99.51,1.69,31.95,11.54,5.79,0.0
20220121:1210,61.63,236.08,4.38,30.68,11.78,6.14,0.0
20220121:1310,0.0,94.9,1.61,26.25,11.69,6.07,0.0
20220121:1410,228.11,163.25,3.95,19.26,11.42,5.59,0.0
20220121:1510,0.0,35.01,0.59,10.41,10.97,5.38,0.0
20220121:1610,0.0,0.0,0.0,0.0,10.33,5.03,0.0
20220121:1710,0.0,0.0,0.0,0.0,9.67,4.55,0.0
20220121:1810,0.0,0.0,0.0,0.0,9.43,4.28,0.0
20220121:1910,0.0,0.0,0.0,0.0,9.5,4.14,0.0
20220121:2010,0.0,0.0,0.0,0.0,9.31,3.93,0.0
20220121:2110,0.0,0.0,0.0,0.0,9.17,3.66,0.0
20220121:2210,0.0,0.0,0.0,0.0,9.01,3.45,0.0
20220121:2310,0.0,0.0,0.0,0.0,8.9,3.38,0.0
20220122:0010,0.0,0.0,0.0,0.0,8.87,3.24,0.0
20220122:0110,0.0,0.0,0.0,0.0,8.84,3.24,0.0
20220122:0210,0.0,0.0,0.0,0.0,8.82,3.31,0.0
20220122:0310,0.0,0.0,0.0,0.0,8.55,3.17,0.0
20220122:0410,0.0,0.0,0.0,0.0,8.3,2.62,0.0
20220122:0510,0.0,0.0,0.0,0.0,7.54,1.66,0.0
20220122:0610,0.0,0.0,0.0,0.0,7.44,0.97,0.0
20220122:0710,3.01,40.1,0.69,8.06,7.52,2.34,0.0
20220122:0810,0.0,53.44,0.91,17.31,8.79,3.1,0.0
20220122:0910,27.48,174.39,3.11,24.87,9.58,3.79,0.0
20220122:1010,0.0,132.68,2.25,30.04,10.01,3.93,0.0
20220122:1110,0.0,100.43,1.7,32.17,10.12,4.07,0.0
20220122:1210,466.91,235.62,7.2,30.92,10.13,4.34,0.0
20220122:1310,627.11,128.82,6.95,26.49,9.95,3.59,0.0
20220122:1410,502.55,96.2,5.08,19.49,9.76,2.28,0.0
20220122:1510,250.52,75.08,2.36,10.62,9.49,2.07,0.0
20220122:1610,0.0,0.0,0.0,0.0,8.97,2.21,0.0
20220122:1710,0.0,0.0,0.0,0.0,8.15,2.76,0.0
20220122:1810,0.0,0.0,0.0,0.0,7.57,3.03,0.0
20220122:1910,0.0,0.0,0.0,0.0,7.29,3.17,0.0
20220122:2010,0.0,0.0,0.0,0.0,7.02,2.9,0.0
20220122:2110,0.0,0.0,0.0,0.0,6.74,2.76,0.0
20220122:2210,0.0,0.0,0.0,0.0,6.52,2.76,0.0
20220122:2310,0.0,0.0,0.0,0.0,6.54,2.97,0.0
20220123:0010,0.0,0.0,0.0,0.0,6.47,2.83,0.0
20220123:0110,0.0,0.0,0.0,0.0,6.21,2.14,0.0
20220123:0210,0.0,0.0,0.0,0.0,7.11,1.45,0.0
20220123:0310,0.0,0.0,0.0,0.0,8.42,1.1,0.0
20220123:0410,0.0,0.0,0.0,0.0,7.79,1.31,0.0
20220123:0510,0.0,0.0,0.0,0.0,5.76,2.0,0.0
20220123:0610,0.0,0.0,0.0,0.0,6.16,2.55,0.0
20220123:0710,121.61,72.35,1.47,8.18,6.11,2.14,0.0
20220123:0810,154.72,153.63,3.27,17.46,8.6,2.62,0.0
20220123:0910,293.39,215.53,5.33,25.05,9.54,2.97,0.0
20220123:1010,29.33,211.41,3.77,30.25,10.09,3.17,0.0
20220123:1110,723.08,161.8,8.48,32.4,10.47,3.24,0.0
20220123:1210,469.79,237.82,7.28,31.16,10.46,3.1,0.0
20220123:1310,614.84,134.56,6.95,26.72,10.55,3.1,0.0
20220123:1410,494.83,101.06,5.11,19.72,10.31,2.97,0.0
20220123:1510,258.72,75.21,2.44,10.83,9.88,2.69,0.0
20220123:1610,0.0,0.0,0.0,0.0,9.33,2.0,0.0
20220123:1710,0.0,0.0,0.0,0.0,7.97,1.66,0.0
20220123:1810,0.0,0.0,0.0,0.0,7.32,1.45,0.0
20220123:1910,0.0,0.0,0.0,0.0,6.99,1.45,0.0
20220123:2010,0.0,0.0,0.0,0.0,8.22,1.17,0.0
20220123:2110,0.0,0.0,0.0,0.0,8.61,0.76,0.0
20220123:2210,0.0,0.0,0.0,0.0,8.42,0.41,0.0
20220123:2310,0.0,0.0,0.0,0.0,8.21,0.41,0.0
20220124:0010,0.0,0.0,0.0,0.0,8.04,0.69,0.0
20220124:0110,0.0,0.0,0.0,0.0,8.05,1.03,0.0
20220124:0210,0.0,0.0,0.0,0.0,7.03,1.31,0.0
20220124:0310,0.0,0.0,0.0,0.0,5.65,1.66,0.0
20220124:0410,0.0,0.0,0.0,0.0,5.63,1.79,0.0
20220124:0510,0.0,0.0,0.0,0.0,5.46,2.0,0.0
20220124:0610,0.0,0.0,0.0,0.0,5.63,2.55,0.0
20220124:0710,35.07,59.68,1.08,8.31,6.13,2.83,0.0
20220124:0810,81.9,144.46,2.8,17.61,8.27,2.76,0.0
20220124:0910,0.0,57.13,0.97,25.23,9.24,3.45,0.0
20220124:1010,54.95,231.11,4.25,30.46,9.81,3.59,0.0
20220124:1110,0.0,58.97,1.0,32.64,10.36,4.48,0.0
20220124:1210,0.0,70.02,1.19,31.4,10.44,5.17,0.0
20220124:1310,0.0,74.63,1.27,26.97,10.25,5.66,0.0
20220124:1410,26.44,139.2,2.5,19.95,9.83,5.38,0.0
20220124:1510,143.94,91.75,2.08,11.05,9.36,5.17,0.0
20220124:1610,0.0,0.0,0.0,0.0,8.71,4.69,0.0
20220124:1710,0.0,0.0,0.0,0.0,8.25,4.48,0.0
20220124:1810,0.0,0.0,0.0,0.0,7.97,5.03,0.0
20220124:1910,0.0,0.0,0.0,0.0,8.07,5.86,0.0
20220124:2010,0.0,0.0,0.0,0.0,7.79,6.0,0.0
20220124:2110,0.0,0.0,0.0,0.0,7.47,6.0,0.0
20220124:2210,0.0,0.0,0.0,0.0,7.18,6.07,0.0
20220124:2310,0.0,0.0,0.0,0.0,6.81,5.93,0.0
20220125:0010,0.0,0.0,0.0,0.0,6.39,5.66,0.0
20220125:0110,0.0,0.0,0.0,0.0,5.97,5.31,0.0
20220125:0210,0.0,0.0,0.0,0.0,5.51,4.97,0.0
20220125:0310,0.0,0.0,0.0,0.0,5.14,4.76,0.0
20220125:0410,0.0,0.0,0.0,0.0,4.83,4.55,0.0
20220125:0510,0.0,0.0,0.0,0.0,4.6,4.34,0.0
20220125:0610,0.0,0.0,0.0,0.0,4.44,4.21,0.0
20220125:0710,195.71,72.15,1.77,8.44,5.66,4.21,0.0
20220125:0810,444.99,107.54,4.52,17.77,6.25,4.21,0.0
20220125:0910,652.41,119.91,6.91,25.42,6.86,4.28,0.0
20220125:1010,777.53,126.37,8.45,30.68,7.25,3.93,0.0
20220125:1110,778.43,148.63,8.89,32.88,7.59,3.66,0.0
20220125:1210,747.45,144.22,8.53,31.66,7.71,3.31,0.0
20220125:1310,670.19,122.5,7.36,27.21,7.7,3.03,0.0
20220125:1410,520.79,98.56,5.36,20.18,7.57,2.83,0.0
20220125:1510,283.59,74.71,2.64,11.27,7.25,2.48,0.0
20220125:1610,0.0,0.0,0.0,0.0,6.8,2.07,0.0
20220125:1710,0.0,0.0,0.0,0.0,6.07,1.93,0.0
20220125:1810,0.0,0.0,0.0,0.0,4.91,1.86,0.0
20220125:1910,0.0,0.0,0.0,0.0,3.96,2.0,0.0
20220125:2010,0.0,0.0,0.0,0.0,3.39,2.07,0.0
20220125:2110,0.0,0.0,0.0,0.0,3.09,2.14,0.0
20220125:2210,0.0,0.0,0.0,0.0,2.92,2.21,0.0
20220125:2310,0.0,0.0,0.0,0.0,3.08,2.14,0.0
20220126:0010,0.0,0.0,0.0,0.0,3.28,1.93,0.0
20220126:0110,0.0,0.0,0.0,0.0,3.64,1.79,0.0
20220126:0210,0.0,0.0,0.0,0.0,4.12,1.72,0.0
20220126:0310,0.0,0.0,0.0,0.0,4.35,1.66,0.0
20220126:0410,0.0,0.0,0.0,0.0,4.35,1.72,0.0
20220126:0510,0.0,0.0,0.0,0.0,5.12,1.52,0.0
20220126:0610,0.0,0.0,0.0,0.0,6.95,0.97,0.0
20220126:0710,175.69,73.01,1.72,8.58,6.7,1.24,0.0
20220126:0810,159.27,159.01,3.41,17.94,6.95,1.03,0.0
20220126:0910,491.0,176.83,6.31,25.61,9.13,1.31,0.0
20220126:1010,539.06,218.64,7.56,30.91,9.89,1.79,0.0
20220126:1110,726.47,168.63,8.7,33.13,10.52,2.28,0.0
20220126:1210,723.71,152.05,8.45,31.91,10.85,2.28,0.0
20220126:1310,609.5,146.4,7.16,27.46,11.26,2.41,0.0
20220126:1410,473.92,113.67,5.2,20.42,11.36,2.69,0.0
20220126:1510,272.53,77.37,2.64,11.49,11.06,2.97,0.0
20220126:1610,0.0,0.0,0.0,0.0,10.41,2.76,0.0
20220126:1710,0.0,0.0,0.0,0.0,9.58,2.48,0.0
20220126:1810,0.0,0.0,0.0,0.0,8.6,2.07,0.0
20220126:1910,0.0,0.0,0.0,0.0,7.64,1.38,0.0
20220126:2010,0.0,0.0,0.0,0.0,7.9,1.24,0.0
20220126:2110,0.0,0.0,0.0,0.0,7.58,1.24,0.0
20220126:2210,0.0,0.0,0.0,0.0,7.3,1.31,0.0
20220126:2310,0.0,0.0,0.0,0.0,7.07,1.24,0.0
20220127:0010,0.0,0.0,0.0,0.0,6.36,1.31,0.0
20220127:0110,0.0,0.0,0.0,0.0,5.73,1.45,0.0
20220127:0210,0.0,0.0,0.0,0.0,5.57,1.45,0.0
20220127:0310,0.0,0.0,0.0,0.0,5.42,1.45,0.0
20220127:0410,0.0,0.0,0.0,0.0,5.14,1.59,0.0
20220127:0510,0.0,0.0,0.0,0.0,5.0,1.79,0.0
20220127:0610,0.0,0.0,0.0,0.0,5.38,2.14,0.0
20220127:0710,223.15,68.2,1.89,8.72,5.92,2.0,0.0
20220127:0810,406.02,117.55,4.42,18.11,8.53,2.0,0.0
20220127:0910,10.69,159.22,2.77,25.81,10.28,1.86,0.0
20220127:1010,0.0,77.4,1.31,31.14,11.36,2.14,0.0
20220127:1110,0.0,89.37,1.52,33.38,12.01,2.62,0.0
20220127:1210,0.0,82.92,1.41,32.17,12.24,2.76,0.0
20220127:1310,0.0,61.73,1.05,27.72,12.21,2.97,0.0
20220127:1410,0.0,40.54,0.69,20.66,11.93,2.9,0.0
20220127:1510,97.03,95.89,1.98,11.72,11.61,2.48,0.0
20220127:1610,0.0,0.0,0.0,0.0,11.2,2.0,0.0
20220127:1710,0.0,0.0,0.0,0.0,10.31,1.38,0.0
20220127:1810,0.0,0.0,0.0,0.0,10.09,0.76,0.0
20220127:1910,0.0,0.0,0.0,0.0,8.89,1.17,0.0
20220127:2010,0.0,0.0,0.0,0.0,9.17,1.1,0.0
20220127:2110,0.0,0.0,0.0,0.0,8.75,1.17,0.0
20220127:2210,0.0,0.0,0.0,0.0,7.86,1.31,0.0
20220127:2310,0.0,0.0,0.0,0.0,7.27,1.38,0.0
20220128:0010,0.0,0.0,0.0,0.0,7.02,1.45,0.0
20220128:0110,0.0,0.0,0.0,0.0,6.49,1.52,0.0
20220128:0210,0.0,0.0,0.0,0.0,5.89,1.66,0.0
20220128:0310,0.0,0.0,0.0,0.0,5.39,1.93,0.0
20220128:0410,0.0,0.0,0.0,0.0,4.97,2.07,0.0
20220128:0510,0.0,0.0,0.0,0.0,4.65,2.14,0.0
20220128:0610,0.0,0.0,0.0,0.0,4.69,2.34,0.0
20220128:0710,238.81,66.15,1.97,8.87,5.0,2.07,0.0
20220128:0810,454.33,103.49,4.64,18.28,7.74,2.0,0.0
20220128:0910,644.69,117.8,6.94,26.02,9.72,2.21,0.0
20220128:1010,718.88,144.4,8.27,31.37,10.55,2.76,0.0
20220128:1110,99.02,272.57,5.25,33.64,11.04,3.31,0.0
20220128:1210,16.55,209.89,3.67,32.44,11.56,3.86,0.0
20220128:1310,71.47,221.34,4.19,27.98,11.69,4.07,0.0
20220128:1410,3.66,114.76,1.97,20.9,11.41,4.21,0.0
20220128:1510,0.0,30.41,0.52,11.94,11.08,4.0,0.0
20220128:1610,0.0,0.87,0.02,1.71,10.69,3.31,0.0
20220128:1710,0.0,0.0,0.0,0.0,10.44,2.9,0.0
20220128:1810,0.0,0.0,0.0,0.0,10.16,2.55,0.0
20220128:1910,0.0,0.0,0.0,0.0,10.29,2.69,0.0
20220128:2010,0.0,0.0,0.0,0.0,9.97,3.17,0.0
20220128:2110,0.0,0.0,0.0,0.0,9.7,3.52,0.0
20220128:2210,0.0,0.0,0.0,0.0,9.77,3.86,0.0
20220128:2310,0.0,0.0,0.0,0.0,9.82,4.83,0.0
20220129:0010,0.0,0.0,0.0,0.0,9.59,5.72,0.0
20220129:0110,0.0,0.0,0.0,0.0,8.94,6.48,0.0
20220129:0210,0.0,0.0,0.0,0.0,8.58,5.66,0.0
20220129:0310,0.0,0.0,0.0,0.0,8.7,5.17,0.0
20220129:0410,0.0,0.0,0.0,0.0,8.56,5.93,0.0
20220129:0510,0.0,0.0,0.0,0.0,8.54,6.0,0.0
20220129:0610,0.0,0.0,0.0,0.0,8.43,6.0,0.0
20220129:0710,224.16,68.57,1.95,9.02,8.91,6.14,0.0
20220129:0810,320.73,145.32,4.23,18.46,9.39,6.48,0.0
20220129:0910,503.52,174.75,6.48,26.23,9.81,6.9,0.0
20220129:1010,110.55,263.14,5.14,31.62,10.1,7.1,0.0
20220129:1110,96.9,274.94,5.28,33.9,10.28,7.24,0.0
20220129:1210,701.29,165.32,8.53,32.71,10.29,7.38,0.0
20220129:1310,676.6,121.9,7.58,28.24,10.0,7.45,0.0
20220129:1410,382.83,148.46,5.03,21.15,9.54,7.38,0.0
20220129:1510,287.11,77.96,2.84,12.17,9.17,7.24,0.0
20220129:1610,0.0,4.37,0.08,1.92,8.81,6.97,0.0
20220129:1710,0.0,0.0,0.0,0.0,8.61,6.48,0.0
20220129:1810,0.0,0.0,0.0,0.0,8.61,6.0,0.0
20220129:1910,0.0,0.0,0.0,0.0,9.13,5.93,0.0
20220129:2010,0.0,0.0,0.0,0.0,9.21,5.45,0.0
20220129:2110,0.0,0.0,0.0,0.0,9.18,5.17,0.0
20220129:2210,0.0,0.0,0.0,0.0,9.16,4.9,0.0
20220129:2310,0.0,0.0,0.0,0.0,9.1,4.48,0.0
20220130:0010,0.0,0.0,0.0,0.0,8.95,3.93,0.0
20220130:0110,0.0,0.0,0.0,0.0,8.82,3.66,0.0
20220130:0210,0.0,0.0,0.0,0.0,8.69,3.45,0.0
20220130:0310,0.0,0.0,0.0,0.0,8.37,2.9,0.0
20220130:0410,0.0,0.0,0.0,0.0,7.26,2.21,0.0
20220130:0510,0.0,0.0,0.0,0.0,6.46,2.0,0.0
20220130:0610,0.0,0.0,0.0,0.0,5.92,2.14,0.0
20220130:0710,228.48,68.4,2.0,9.18,6.18,2.41,0.0
20220130:0810,454.66,105.29,4.73,18.65,9.14,2.55,0.0
20220130:0910,652.71,117.17,7.08,26.45,10.85,3.1,0.0
20220130:1010,748.17,136.49,8.52,31.87,11.72,3.38,0.0
20220130:1110,728.88,169.0,8.89,34.17,12.51,3.31,0.0
20220130:1210,686.22,171.79,8.52,32.98,13.14,3.45,0.0
20220130:1310,613.71,146.76,7.36,28.51,13.48,3.79,0.0
20220130:1410,500.34,108.54,5.52,21.4,13.45,4.0,0.0
20220130:1510,272.2,81.57,2.83,12.4,12.94,3.72,0.0
20220130:1610,0.0,5.25,0.09,2.14,12.1,2.97,0.0
20220130:1710,0.0,0.0,0.0,0.0,11.04,2.83,0.0
20220130:1810,0.0,0.0,0.0,0.0,10.51,3.17,0.0
20220130:1910,0.0,0.0,0.0,0.0,10.73,3.79,0.0
20220130:2010,0.0,0.0,0.0,0.0,10.62,3.52,0.0
20220130:2110,0.0,0.0,0.0,0.0,10.57,3.17,0.0
20220130:2210,0.0,0.0,0.0,0.0,10.58,2.97,0.0
20220130:2310,0.0,0.0,0.0,0.0,10.71,2.97,0.0
20220131:0010,0.0,0.0,0.0,0.0,10.41,3.03,0.0
20220131:0110,0.0,0.0,0.0,0.0,10.24,2.9,0.0
20220131:0210,0.0,0.0,0.0,0.0,9.97,2.76,0.0
20220131:0310,0.0,0.0,0.0,0.0,9.89,2.69,0.0
20220131:0410,0.0,0.0,0.0,0.0,9.86,2.76,0.0
20220131:0510,0.0,0.0,0.0,0.0,9.66,2.83,0.0
20220131:0610,0.0,0.0,0.0,0.0,9.57,2.9,0.0
20220131:0710,2.61,46.47,0.8,9.35,9.67,2.48,0.0
20220131:0810,0.0,73.71,1.25,18.84,10.71,2.76,0.0
20220131:0910,0.0,87.53,1.48,26.68,11.78,3.72,0.0
20220131:1010,111.06,263.75,5.17,32.12,12.59,5.03,0.0
20220131:1110,27.64,235.76,4.19,34.45,13.15,5.52,0.0
20220131:1210,127.08,275.69,5.5,33.26,13.22,5.79,0.0
20220131:1310,210.58,246.2,5.52,28.78,13.22,6.07,0.0
20220131:1410,462.4,121.94,5.41,21.65,13.34,7.03,0.0
20220131:1510,302.42,76.33,3.0,12.63,13.13,6.76,0.0
20220131:1610,0.0,7.0,0.13,2.35,12.58,7.31,0.0
20220131:1710,0.0,0.0,0.0,0.0,11.95,6.69,0.0
20220131:1810,0.0,0.0,0.0,0.0,11.42,6.55,0.0
20220131:1910,0.0,0.0,0.0,0.0,11.39,6.62,0.0
20220131:2010,0.0,0.0,0.0,0.0,11.1,6.0,0.0
20220131:2110,0.0,0.0,0.0,0.0,10.92,6.55,0.0
20220131:2210,0.0,0.0,0.0,0.0,10.64,6.97,0.0
20220131:2310,0.0,0.0,0.0,0.0,10.33,7.1,0.0
20220201:0010,0.0,0.0,0.0,0.0,10.17,7.03,0.0
20220201:0110,0.0,0.0,0.0,0.0,10.09,7.66,0.0
20220201:0210,0.0,0.0,0.0,0.0,9.45,8.76,0.0
20220201:0310,0.0,0.0,0.0,0.0,8.85,8.28,0.0
20220201:0410,0.0,0.0,0.0,0.0,8.45,7.86,0.0
20220201:0510,0.0,0.0,0.0,0.0,8.29,8.62,0.0
20220201:0610,0.0,0.0,0.0,0.0,7.86,9.03,0.0
20220201:0710,107.93,79.48,1.66,9.52,7.78,7.31,0.0
20220201:0810,1.92,97.0,1.66,19.04,8.48,6.41,0.0
20220201:0910,604.93,140.12,7.02,26.9,8.63,6.97,0.0
20220201:1010,0.0,62.65,1.06,32.38,9.47,7.38,0.0
20220201:1110,156.94,291.12,5.97,34.73,9.72,8.28,0.0
20220201:1210,0.0,129.91,2.2,33.55,10.37,8.41,0.0
20220201:1310,166.12,247.48,5.25,29.05,10.53,8.62,0.0
20220201:1410,371.9,155.36,5.14,21.9,10.62,8.9,0.0
20220201:1510,98.69,103.93,2.19,12.87,10.34,8.69,0.0
20220201:1610,0.0,8.75,0.16,2.57,9.91,8.28,0.0
20220201:1710,0.0,0.0,0.0,0.0,9.82,8.41,0.0
20220201:1810,0.0,0.0,0.0,0.0,9.91,8.14,0.0
20220201:1910,0.0,0.0,0.0,0.0,9.71,7.59,0.0
20220201:2010,0.0,0.0,0.0,0.0,9.61,7.72,0.0
20220201:2110,0.0,0.0,0.0,0.0,9.49,7.31,0.0
20220201:2210,0.0,0.0,0.0,0.0,9.31,6.76,0.0
20220201:2310,0.0,0.0,0.0,0.0,9.15,6.76,0.0
20220202:0010,0.0,0.0,0.0,0.0,9.07,6.69,0.0
20220202:0110,0.0,0.0,0.0,0.0,9.07,6.55,0.0
20220202:0210,0.0,0.0,0.0,0.0,9.11,6.28,0.0
20220202:0310,0.0,0.0,0.0,0.0,9.14,6.07,0.0
20220202:0410,0.0,0.0,0.0,0.0,9.19,5.86,0.0
20220202:0510,0.0,0.0,0.0,0.0,9.23,5.66,0.0
20220202:0610,0.0,0.0,0.0,0.0,9.35,5.72,0.0
20220202:0710,209.74,76.21,2.08,9.7,9.76,6.0,0.0
20220202:0810,426.03,119.83,4.8,19.25,10.57,5.38,0.0
20220202:0910,650.94,126.91,7.3,27.14,11.37,6.07,0.0
20220202:1010,772.44,136.08,8.86,32.65,11.98,5.66,0.0
20220202:1110,0.0,0.0,0.0,0.0,12.52,5.31,0.0
20220202:1210,651.32,195.13,8.61,33.84,12.85,5.24,0.0
20220202:1310,625.77,151.05,7.64,29.33,12.92,5.38,0.0
20220202:1410,518.22,110.6,5.81,22.16,12.7,5.24,0.0
20220202:1510,281.6,87.45,3.06,13.1,12.3,4.69,0.0
20220202:1610,0.0,10.5,0.19,2.78,11.71,3.66,0.0
20220202:1710,0.0,0.0,0.0,0.0,11.0,3.1,0.0
20220202:1810,0.0,0.0,0.0,0.0,10.43,2.69,0.0
20220202:1910,0.0,0.0,0.0,0.0,10.11,2.76,0.0
20220202:2010,0.0,0.0,0.0,0.0,9.93,2.76,0.0
20220202:2110,0.0,0.0,0.0,0.0,9.63,2.55,0.0
20220202:2210,0.0,0.0,0.0,0.0,9.56,2.69,0.0
20220202:2310,0.0,0.0,0.0,0.0,10.02,3.31,0.0
20220203:0010,0.0,0.0,0.0,0.0,10.24,3.17,0.0
20220203:0110,0.0,0.0,0.0,0.0,10.31,3.03,0.0
20220203:0210,0.0,0.0,0.0,0.0,9.84,2.76,0.0
20220203:0310,0.0,0.0,0.0,0.0,9.26,2.48,0.0
20220203:0410,0.0,0.0,0.0,0.0,8.63,2.55,0.0
20220203:0510,0.0,0.0,0.0,0.0,8.39,2.97,0.0
20220203:0610,0.0,0.0,0.0,0.0,8.92,3.72,0.0
20220203:0710,218.65,76.65,2.16,9.88,9.78,3.79,0.0
20220203:0810,461.92,112.14,5.02,19.46,11.23,3.1,0.0
20220203:0910,640.0,134.16,7.33,27.38,12.37,3.24,0.0
20220203:1010,758.49,144.57,8.88,32.92,12.77,3.45,0.0
20220203:1110,725.51,182.38,9.19,35.3,12.89,3.79,0.0
20220203:1210,670.32,190.6,8.77,34.13,12.82,3.38,0.0
20220203:1310,667.9,137.96,7.91,29.61,12.71,2.48,0.0
20220203:1410,521.02,112.95,5.91,22.42,12.61,1.72,0.0
20220203:1510,283.84,88.3,3.13,13.34,12.39,1.31,0.0
20220203:1610,0.0,11.37,0.2,3.0,11.89,1.17,0.0
20220203:1710,0.0,0.0,0.0,0.0,10.14,1.38,0.0
20220203:1810,0.0,0.0,0.0,0.0,8.59,1.79,0.0
20220203:1910,0.0,0.0,0.0,0.0,7.7,2.0,0.0
20220203:2010,0.0,0.0,0.0,0.0,7.09,2.34,0.0
20220203:2110,0.0,0.0,0.0,0.0,6.86,2.55,0.0
20220203:2210,0.0,0.0,0.0,0.0,6.89,2.76,0.0
20220203:2310,0.0,0.0,0.0,0.0,7.15,3.1,0.0
20220204:0010,0.0,0.0,0.0,0.0,7.21,3.03,0.0
20220204:0110,0.0,0.0,0.0,0.0,6.98,2.9,0.0
20220204:0210,0.0,0.0,0.0,0.0,7.06,3.1,0.0
20220204:0310,0.0,0.0,0.0,0.0,7.34,3.31,0.0
20220204:0410,0.0,0.0,0.0,0.0,7.7,3.38,0.0
20220204:0510,0.0,0.0,0.0,0.0,7.98,3.52,0.0
20220204:0610,0.0,0.0,0.0,0.0,8.22,3.79,0.0
20220204:0710,219.86,77.53,2.2,10.07,9.01,4.14,0.0
20220204:0810,456.0,115.31,5.05,19.67,10.68,4.21,0.0
20220204:0910,605.39,146.56,7.22,27.63,12.63,4.48,0.0
20220204:1010,202.79,287.27,6.2,33.19,14.26,4.76,0.0
20220204:1110,339.38,300.13,7.48,35.6,15.44,4.69,0.0
20220204:1210,215.33,296.14,6.48,34.43,16.11,4.48,0.0
20220204:1310,559.43,184.49,7.55,29.89,16.35,4.28,0.0
20220204:1410,383.73,160.81,5.41,22.68,16.27,4.0,0.0
20220204:1510,247.74,98.71,3.05,13.58,15.75,3.72,0.0
20220204:1610,0.0,13.12,0.23,3.22,14.65,3.72,0.0
20220204:1710,0.0,0.0,0.0,0.0,13.1,3.93,0.0
20220204:1810,0.0,0.0,0.0,0.0,11.99,4.28,0.0
20220204:1910,0.0,0.0,0.0,0.0,11.48,4.48,0.0
20220204:2010,0.0,0.0,0.0,0.0,11.11,4.83,0.0
20220204:2110,0.0,0.0,0.0,0.0,10.86,4.9,0.0
20220204:2210,0.0,0.0,0.0,0.0,10.64,4.62,0.0
20220204:2310,0.0,0.0,0.0,0.0,10.42,4.41,0.0
20220205:0010,0.0,0.0,0.0,0.0,10.11,4.21,0.0
20220205:0110,0.0,0.0,0.0,0.0,9.87,4.14,0.0
20220205:0210,0.0,0.0,0.0,0.0,9.75,4.14,0.0
20220205:0310,0.0,0.0,0.0,0.0,9.72,4.07,0.0
20220205:0410,0.0,0.0,0.0,0.0,9.62,3.93,0.0
20220205:0510,0.0,0.0,0.0,0.0,9.46,3.72,0.0
20220205:0610,0.0,0.0,0.0,0.0,9.22,3.59,0.0
20220205:0710,52.84,77.6,1.48,10.26,9.76,3.1,0.0
20220205:0810,179.68,169.25,3.84,19.89,11.34,2.76,0.0
20220205:0910,375.72,217.16,6.27,27.88,13.36,2.62,0.0
20220205:1010,734.1,150.21,8.81,33.47,14.72,2.48,0.0
20220205:1110,697.43,189.6,9.11,35.9,15.62,2.41,0.0
20220205:1210,671.1,185.2,8.8,34.73,16.0,2.34,0.0
20220205:1310,628.94,149.16,7.78,30.17,15.94,2.55,0.0
20220205:1410,483.52,122.77,5.8,22.94,15.44,2.55,0.0
20220205:1510,256.31,93.44,3.08,13.82,14.64,2.21,0.0
20220205:1610,0.0,9.62,0.17,3.44,13.6,1.66,0.0
20220205:1710,0.0,0.0,0.0,0.0,12.56,1.24,0.0
20220205:1810,0.0,0.0,0.0,0.0,11.34,1.17,0.0
20220205:1910,0.0,0.0,0.0,0.0,11.44,0.83,0.0
20220205:2010,0.0,0.0,0.0,0.0,11.62,0.76,0.0
20220205:2110,0.0,0.0,0.0,0.0,11.41,0.62,0.0
20220205:2210,0.0,0.0,0.0,0.0,11.15,0.76,0.0
20220205:2310,0.0,0.0,0.0,0.0,10.78,0.9,0.0
20220206:0010,0.0,0.0,0.0,0.0,9.77,1.1,0.0
20220206:0110,0.0,0.0,0.0,0.0,9.45,1.1,0.0
20220206:0210,0.0,0.0,0.0,0.0,8.44,1.17,0.0
20220206:0310,0.0,0.0,0.0,0.0,7.98,1.31,0.0
20220206:0410,0.0,0.0,0.0,0.0,7.75,1.66,0.0
20220206:0510,0.0,0.0,0.0,0.0,7.79,1.93,0.0
20220206:0610,0.0,0.0,0.0,0.0,7.69,2.0,0.0
20220206:0710,188.9,80.38,2.14,10.46,7.89,2.0,0.0
20220206:0810,416.76,121.72,4.91,20.12,9.9,1.59,0.0
20220206:0910,572.48,152.28,7.09,28.14,11.96,0.97,0.0
20220206:1010,709.2,157.6,8.72,33.76,13.36,0.34,0.0
20220206:1110,630.73,216.04,8.88,36.2,14.15,0.48,0.0
20220206:1210,605.94,210.32,8.56,35.03,14.49,1.17,0.0
20220206:1310,510.68,195.11,7.34,30.46,14.52,1.59,0.0
20220206:1410,430.31,140.47,5.61,23.2,14.17,1.79,0.0
20220206:1510,245.03,96.75,3.08,14.06,13.53,1.66,0.0
20220206:1610,0.0,15.75,0.28,3.66,12.87,1.17,0.0
20220206:1710,0.0,0.0,0.0,0.0,12.15,0.9,0.0
20220206:1810,0.0,0.0,0.0,0.0,11.48,1.17,0.0
20220206:1910,0.0,0.0,0.0,0.0,10.64,1.45,0.0
20220206:2010,0.0,0.0,0.0,0.0,10.12,1.79,0.0
20220206:2110,0.0,0.0,0.0,0.0,9.93,2.07,0.0
20220206:2210,0.0,0.0,0.0,0.0,10.11,2.41,0.0
20220206:2310,0.0,0.0,0.0,0.0,10.11,2.9,0.0
20220207:0010,0.0,0.0,0.0,0.0,9.87,3.1,0.0
20220207:0110,0.0,0.0,0.0,0.0,9.64,3.24,0.0
20220207:0210,0.0,0.0,0.0,0.0,9.69,3.31,0.0
20220207:0310,0.0,0.0,0.0,0.0,9.81,3.59,0.0
20220207:0410,0.0,0.0,0.0,0.0,9.67,4.0,0.0
20220207:0510,0.0,0.0,0.0,0.0,9.41,4.07,0.0
20220207:0610,0.0,0.0,0.0,0.0,9.31,4.41,0.0
20220207:0710,222.87,78.47,2.33,10.66,9.81,4.9,0.0
20220207:0810,443.97,117.81,5.11,20.35,10.67,6.48,0.0
20220207:0910,598.69,148.1,7.31,28.4,11.74,7.52,0.0
20220207:1010,413.27,267.16,7.58,34.05,12.25,7.45,0.0
20220207:1110,596.05,236.2,8.86,36.51,12.6,7.86,0.0
20220207:1210,254.25,298.03,6.86,35.34,12.92,8.14,0.0
20220207:1310,0.0,120.7,2.05,30.75,13.18,8.41,0.0
20220207:1410,0.0,93.06,1.58,23.47,13.35,8.34,0.0
20220207:1510,0.0,36.86,0.63,14.3,13.09,8.07,0.0
20220207:1610,0.0,12.25,0.22,3.88,12.53,7.38,0.0
20220207:1710,0.0,0.0,0.0,0.0,12.14,6.62,0.0
20220207:1810,0.0,0.0,0.0,0.0,11.87,6.34,0.0
20220207:1910,0.0,0.0,0.0,0.0,12.16,5.79,0.0
20220207:2010,0.0,0.0,0.0,0.0,12.14,5.31,0.0
20220207:2110,0.0,0.0,0.0,0.0,11.73,5.86,0.0
20220207:2210,0.0,0.0,0.0,0.0,11.02,6.0,0.0
20220207:2310,0.0,0.0,0.0,0.0,10.55,6.07,0.0
20220208:0010,0.0,0.0,0.0,0.0,10.21,6.14,0.0
20220208:0110,0.0,0.0,0.0,0.0,9.87,6.41,0.0
20220208:0210,0.0,0.0,0.0,0.0,9.5,6.62,0.0
20220208:0310,0.0,0.0,0.0,0.0,9.29,6.83,0.0
20220208:0410,0.0,0.0,0.0,0.0,9.21,7.03,0.0
20220208:0510,0.0,0.0,0.0,0.0,9.12,7.24,0.0
20220208:0610,0.0,0.0,0.0,0.0,9.02,7.31,0.0
20220208:0710,239.66,79.76,2.47,10.87,9.34,7.45,0.0
20220208:0810,452.62,120.64,5.25,20.58,9.73,7.66,0.0
20220208:0910,645.98,139.61,7.67,28.66,10.13,7.72,0.0
20220208:1010,774.32,147.81,9.3,34.35,10.47,7.66,0.0
20220208:1110,692.78,209.36,9.44,36.83,10.67,7.52,0.0
20220208:1210,735.18,174.2,9.39,35.65,10.72,7.24,0.0
20220208:1310,712.84,130.27,8.47,31.05,10.7,6.9,0.0
20220208:1410,532.23,117.19,6.28,23.74,10.58,6.69,0.0
20220208:1510,311.14,89.83,3.53,14.54,10.33,6.48,0.0
20220208:1610,0.0,19.24,0.34,4.1,9.93,5.86,0.0
20220208:1710,0.0,0.0,0.0,0.0,9.44,5.31,0.0
20220208:1810,0.0,0.0,0.0,0.0,9.26,5.1,0.0
20220208:1910,0.0,0.0,0.0,0.0,9.35,5.72,0.0
20220208:2010,0.0,0.0,0.0,0.0,9.37,5.72,0.0
20220208:2110,0.0,0.0,0.0,0.0,9.32,5.38,0.0
20220208:2210,0.0,0.0,0.0,0.0,9.29,5.03,0.0
20220208:2310,0.0,0.0,0.0,0.0,9.28,4.69,0.0
20220209:0010,0.0,0.0,0.0,0.0,9.22,4.34,0.0
20220209:0110,0.0,0.0,0.0,0.0,9.19,3.93,0.0
20220209:0210,0.0,0.0,0.0,0.0,9.1,3.52,0.0
20220209:0310,0.0,0.0,0.0,0.0,8.85,2.97,0.0
20220209:0410,0.0,0.0,0.0,0.0,8.32,2.69,0.0
20220209:0510,0.0,0.0,0.0,0.0,7.47,2.48,0.0
20220209:0610,0.0,0.0,0.0,0.0,7.2,1.93,0.0
20220209:0710,237.88,80.17,2.5,11.09,7.02,2.0,0.0
20220209:0810,461.05,117.75,5.33,20.82,10.44,1.93,0.0
20220209:0910,633.51,142.25,7.64,28.94,11.63,2.62,0.0
20220209:1010,788.92,139.64,9.39,34.65,12.17,2.62,0.0
20220209:1110,758.96,177.66,9.72,37.15,12.55,2.62,0.0
20220209:1210,731.18,173.22,9.39,35.97,12.75,2.48,0.0
20220209:1310,708.42,130.77,8.48,31.34,12.8,2.41,0.0
20220209:1410,534.61,116.64,6.34,24.01,12.65,2.14,0.0
20220209:1510,308.98,90.23,3.56,14.78,12.31,1.66,0.0
20220209:1610,0.0,18.37,0.33,4.32,11.77,0.97,0.0
20220209:1710,0.0,0.0,0.0,0.0,10.91,0.48,0.0
20220209:1810,0.0,0.0,0.0,0.0,10.85,0.41,0.0
20220209:1910,0.0,0.0,0.0,0.0,10.55,0.9,0.0
20220209:2010,0.0,0.0,0.0,0.0,10.39,1.03,0.0
20220209:2110,0.0,0.0,0.0,0.0,9.56,1.24,0.0
20220209:2210,0.0,0.0,0.0,0.0,9.04,1.38,0.0
20220209:2310,0.0,0.0,0.0,0.0,9.73,1.17,0.0
20220210:0010,0.0,0.0,0.0,0.0,9.88,0.9,0.0
20220210:0110,0.0,0.0,0.0,0.0,9.96,0.55,0.0
20220210:0210,0.0,0.0,0.0,0.0,10.08,0.34,0.0
20220210:0310,0.0,0.0,0.0,0.0,10.13,0.21,0.0
20220210:0410,0.0,0.0,0.0,0.0,10.1,0.21,0.0
20220210:0510,0.0,0.0,0.0,0.0,10.01,0.28,0.0
20220210:0610,0.0,0.0,0.0,0.0,9.9,0.41,0.0
20220210:0710,251.55,77.96,2.59,11.3,9.85,0.9,0.0
20220210:0810,471.06,116.39,5.44,21.07,9.79,0.97,0.0
20220210:0910,647.26,138.29,7.77,29.21,12.19,1.24,0.0
20220210:1010,804.87,135.66,9.55,34.95,13.11,1.52,0.0
20220210:1110,778.09,170.1,9.86,37.47,13.73,1.72,0.0
20220210:1210,762.69,161.06,9.59,36.29,14.08,1.86,0.0
20220210:1310,722.89,126.74,8.63,31.64,14.15,2.0,0.0
20220210:1410,546.82,113.94,6.47,24.28,13.97,2.14,0.0
20220210:1510,312.44,91.16,3.64,15.03,13.52,2.0,0.0
20220210:1610,0.0,20.12,0.36,4.55,12.77,1.66,0.0
20220210:1710,0.0,0.0,0.0,0.0,11.74,1.52,0.0
20220210:1810,0.0,0.0,0.0,0.0,10.04,1.45,0.0
20220210:1910,0.0,0.0,0.0,0.0,8.97,1.72,0.0
20220210:2010,0.0,0.0,0.0,0.0,8.38,1.79,0.0
20220210:2110,0.0,0.0,0.0,0.0,7.87,1.79,0.0
20220210:2210,0.0,0.0,0.0,0.0,7.41,1.79,0.0
20220210:2310,0.0,0.0,0.0,0.0,7.19,1.79,0.0
20220211:0010,0.0,0.0,0.0,0.0,6.91,1.79,0.0
20220211:0110,0.0,0.0,0.0,0.0,6.59,1.86,0.0
20220211:0210,0.0,0.0,0.0,0.0,6.3,1.93,0.0
20220211:0310,0.0,0.0,0.0,0.0,6.33,1.93,0.0
20220211:0410,0.0,0.0,0.0,0.0,6.68,1.79,0.0
20220211:0510,0.0,0.0,0.0,0.0,7.31,1.66,0.0
20220211:0610,0.0,0.0,0.0,0.0,7.74,1.52,0.0
20220211:0710,249.53,79.84,2.64,11.53,9.08,1.17,0.0
20220211:0810,475.58,117.4,5.53,21.32,10.27,0.83,0.0
20220211:0910,652.68,139.31,7.88,29.49,13.15,0.83,0.0
20220211:1010,801.89,139.03,9.61,35.27,13.93,0.83,0.0
20220211:1110,798.52,163.88,10.03,37.79,14.48,0.9,0.0
20220211:1210,790.76,152.51,9.81,36.61,14.76,1.31,0.0
20220211:1310,729.35,126.43,8.73,31.94,14.74,1.72,0.0
20220211:1410,524.5,124.15,6.44,24.55,14.41,1.86,0.0
20220211:1510,313.96,91.91,3.7,15.27,13.87,1.72,0.0
20220211:1610,0.0,20.12,0.36,4.77,13.17,1.38,0.0
20220211:1710,0.0,0.0,0.0,0.0,12.36,1.1,0.0
20220211:1810,0.0,0.0,0.0,0.0,11.16,1.03,0.0
20220211:1910,0.0,0.0,0.0,0.0,11.65,0.9,0.0
20220211:2010,0.0,0.0,0.0,0.0,11.23,0.69,0.0
20220211:2110,0.0,0.0,0.0,0.0,10.92,0.55,0.0
20220211:2210,0.0,0.0,0.0,0.0,10.7,0.48,0.0
20220211:2310,0.0,0.0,0.0,0.0,10.51,0.62,0.0
20220212:0010,0.0,0.0,0.0,0.0,10.21,0.76,0.0
20220212:0110,0.0,0.0,0.0,0.0,9.9,0.83,0.0
20220212:0210,0.0,0.0,0.0,0.0,9.63,0.69,0.0
20220212:0310,0.0,0.0,0.0,0.0,9.43,0.76,0.0
20220212:0410,0.0,0.0,0.0,0.0,9.22,0.97,0.0
20220212:0510,0.0,0.0,0.0,0.0,8.89,1.17,0.0
20220212:0610,0.0,0.0,0.0,0.0,8.44,1.24,0.0
20220212:0710,224.05,84.53,2.58,11.76,7.97,1.31,0.0
20220212:0810,460.85,121.05,5.5,21.57,9.91,0.83,0.0
20220212:0910,535.72,184.4,7.42,29.78,12.06,0.34,0.0
20220212:1010,718.23,172.82,9.27,35.58,12.91,1.45,0.0
20220212:1110,780.52,170.19,9.98,38.13,13.19,2.41,0.0
20220212:1210,737.56,174.12,9.61,36.93,13.18,2.83,0.0
20220212:1310,678.26,146.1,8.53,32.24,12.93,2.9,0.0
20220212:1410,246.39,204.1,5.19,24.82,12.56,2.9,0.0
20220212:1510,119.65,126.59,2.83,15.51,12.04,2.76,0.0
20220212:1610,0.0,26.24,0.47,4.99,11.46,2.28,0.0
20220212:1710,0.0,0.0,0.0,0.0,10.82,1.86,0.0
20220212:1810,0.0,0.0,0.0,0.0,10.25,1.59,0.0
20220212:1910,0.0,0.0,0.0,0.0,9.43,1.17,0.0
20220212:2010,0.0,0.0,0.0,0.0,9.99,0.97,0.0
20220212:2110,0.0,0.0,0.0,0.0,10.1,0.9,0.0
20220212:2210,0.0,0.0,0.0,0.0,9.86,0.9,0.0
20220212:2310,0.0,0.0,0.0,0.0,9.51,0.83,0.0
20220213:0010,0.0,0.0,0.0,0.0,9.17,0.83,0.0
20220213:0110,0.0,0.0,0.0,0.0,8.49,0.97,0.0
20220213:0210,0.0,0.0,0.0,0.0,7.74,1.17,0.0
20220213:0310,0.0,0.0,0.0,0.0,7.5,1.17,0.0
20220213:0410,0.0,0.0,0.0,0.0,7.52,1.17,0.0
20220213:0510,0.0,0.0,0.0,0.0,7.42,1.24,0.0
20220213:0610,0.0,0.0,0.0,0.0,7.02,1.45,0.0
20220213:0710,226.66,84.02,2.63,11.99,6.94,1.79,0.0
20220213:0810,441.17,125.5,5.44,21.83,9.48,1.38,0.0
20220213:0910,623.24,146.89,7.8,30.07,11.56,0.83,0.0
20220213:1010,766.6,149.55,9.5,35.9,12.67,0.69,0.0
20220213:1110,756.59,178.63,9.91,38.46,13.58,0.41,0.0
20220213:1210,575.56,239.62,8.95,37.26,14.07,0.21,0.0
20220213:1310,606.19,173.53,8.23,32.55,14.1,1.24,0.0
20220213:1410,395.61,167.6,5.94,25.09,13.78,1.72,0.0
20220213:1510,186.18,121.59,3.22,15.76,13.23,1.52,0.0
20220213:1610,0.0,23.62,0.42,5.21,12.61,1.1,0.0
20220213:1710,0.0,0.0,0.0,0.0,11.95,0.97,0.0
20220213:1810,0.0,0.0,0.0,0.0,10.98,0.83,0.0
20220213:1910,0.0,0.0,0.0,0.0,10.34,1.03,0.0
20220213:2010,0.0,0.0,0.0,0.0,9.86,1.24,0.0
20220213:2110,0.0,0.0,0.0,0.0,9.39,1.38,0.0
20220213:2210,0.0,0.0,0.0,0.0,9.02,1.45,0.0
20220213:2310,0.0,0.0,0.0,0.0,8.6,1.52,0.0
20220214:0010,0.0,0.0,0.0,0.0,7.88,1.86,0.0
20220214:0110,0.0,0.0,0.0,0.0,7.81,2.21,0.0
20220214:0210,0.0,0.0,0.0,0.0,7.7,2.34,0.0
20220214:0310,0.0,0.0,0.0,0.0,7.8,2.41,0.0
20220214:0410,0.0,0.0,0.0,0.0,8.01,2.55,0.0
20220214:0510,0.0,0.0,0.0,0.0,8.16,2.55,0.0
20220214:0610,0.0,0.0,0.0,0.0,8.25,2.55,0.0
20220214:0710,233.27,85.37,2.72,12.22,8.01,2.76,0.0
20220214:0810,129.79,184.35,3.92,22.1,9.97,2.62,0.0
20220214:0910,322.24,243.16,6.48,30.37,12.09,2.83,0.0
20220214:1010,527.59,246.65,8.53,36.22,13.34,3.17,0.0
20220214:1110,285.6,320.49,7.61,38.8,14.15,2.97,0.0
20220214:1210,211.44,312.72,6.89,37.59,14.62,2.9,0.0
20220214:1310,237.6,273.34,6.41,32.85,14.64,2.76,0.0
20220214:1410,403.67,166.4,6.03,25.37,14.46,2.55,0.0
20220214:1510,226.31,115.39,3.45,16.01,14.01,2.48,0.0
20220214:1610,51.47,34.05,0.8,5.44,13.39,2.48,0.0
20220214:1710,0.0,0.0,0.0,0.0,12.44,2.48,0.0
20220214:1810,0.0,0.0,0.0,0.0,11.68,2.48,0.0
20220214:1910,0.0,0.0,0.0,0.0,11.5,2.55,0.0
20220214:2010,0.0,0.0,0.0,0.0,11.01,2.62,0.0
20220214:2110,0.0,0.0,0.0,0.0,10.42,2.76,0.0
20220214:2210,0.0,0.0,0.0,0.0,9.93,2.97,0.0
20220214:2310,0.0,0.0,0.0,0.0,9.69,3.24,0.0
20220215:0010,0.0,0.0,0.0,0.0,9.65,3.31,0.0
20220215:0110,0.0,0.0,0.0,0.0,9.55,3.17,0.0
20220215:0210,0.0,0.0,0.0,0.0,9.56,3.45,0.0
20220215:0310,0.0,0.0,0.0,0.0,9.5,3.79,0.0
20220215:0410,0.0,0.0,0.0,0.0,9.56,3.79,0.0
20220215:0510,0.0,0.0,0.0,0.0,9.72,3.52,0.0
20220215:0610,0.0,1.84,0.03,1.56,9.84,3.17,0.0
20220215:0710,81.23,97.68,2.03,12.47,10.36,3.24,0.0
20220215:0810,179.38,184.79,4.28,22.37,12.19,2.97,0.0
20220215:0910,149.79,254.41,5.36,30.67,13.66,2.62,0.0
20220215:1010,74.72,278.77,5.28,36.55,14.38,2.0,0.0
20220215:1110,4.51,217.09,3.72,39.14,14.78,1.59,0.0
20220215:1210,0.0,51.6,0.88,37.93,13.63,2.48,0.0
20220215:1310,0.0,76.47,1.3,33.16,12.24,2.9,0.0
20220215:1410,0.0,48.83,0.83,25.64,12.03,2.97,0.0
20220215:1510,0.0,19.35,0.33,16.25,11.79,2.97,0.0
20220215:1610,0.0,4.61,0.08,5.66,11.27,3.17,0.0
20220215:1710,0.0,0.0,0.0,0.0,10.86,3.17,0.0
20220215:1810,0.0,0.0,0.0,0.0,10.32,2.83,0.0
20220215:1910,0.0,0.0,0.0,0.0,9.75,1.72,0.0
20220215:2010,0.0,0.0,0.0,0.0,9.25,1.59,0.0
20220215:2110,0.0,0.0,0.0,0.0,9.15,1.59,0.0
20220215:2210,0.0,0.0,0.0,0.0,8.88,1.79,0.0
20220215:2310,0.0,0.0,0.0,0.0,8.27,2.14,0.0
20220216:0010,0.0,0.0,0.0,0.0,7.91,2.55,0.0
20220216:0110,0.0,0.0,0.0,0.0,7.78,2.97,0.0
20220216:0210,0.0,0.0,0.0,0.0,7.96,3.38,0.0
20220216:0310,0.0,0.0,0.0,0.0,8.09,3.72,0.0
20220216:0410,0.0,0.0,0.0,0.0,8.14,3.93,0.0
20220216:0510,0.0,0.0,0.0,0.0,7.97,3.66,0.0
20220216:0610,0.0,3.69,0.06,1.79,7.74,3.59,0.0
20220216:0710,233.77,87.88,2.83,12.71,8.37,3.59,0.0
20220216:0810,0.0,93.06,1.58,22.64,9.15,3.79,0.0
20220216:0910,40.72,225.02,4.11,30.97,9.92,4.28,0.0
20220216:1010,216.82,308.12,6.84,36.88,10.58,4.55,0.0
20220216:1110,647.32,232.35,9.67,39.49,10.99,4.69,0.0
20220216:1210,265.88,316.27,7.42,38.26,10.98,4.83,0.0
20220216:1310,702.5,138.1,8.88,33.47,10.87,4.69,0.0
20220216:1410,224.6,212.74,5.25,25.92,10.81,4.83,0.0
20220216:1510,227.72,120.27,3.59,16.5,10.51,5.03,0.0
20220216:1610,83.22,40.87,1.0,5.88,10.06,5.31,0.0
20220216:1710,0.0,0.0,0.0,0.0,9.75,5.31,0.0
20220216:1810,0.0,0.0,0.0,0.0,9.69,4.62,0.0
20220216:1910,0.0,0.0,0.0,0.0,9.58,4.14,0.0
20220216:2010,0.0,0.0,0.0,0.0,9.49,4.0,0.0
20220216:2110,0.0,0.0,0.0,0.0,9.45,3.79,0.0
20220216:2210,0.0,0.0,0.0,0.0,9.35,3.66,0.0
20220216:2310,0.0,0.0,0.0,0.0,9.34,3.1,0.0
20220217:0010,0.0,0.0,0.0,0.0,9.17,2.9,0.0
20220217:0110,0.0,0.0,0.0,0.0,8.79,2.69,0.0
20220217:0210,0.0,0.0,0.0,0.0,8.3,2.34,0.0
20220217:0310,0.0,0.0,0.0,0.0,7.87,2.28,0.0
20220217:0410,0.0,0.0,0.0,0.0,7.24,2.0,0.0
20220217:0510,0.0,0.0,0.0,0.0,7.21,1.79,0.0
20220217:0610,0.0,4.61,0.08,2.02,7.09,1.66,0.0
20220217:0710,98.31,105.29,2.27,12.96,7.72,1.72,0.0
20220217:0810,435.42,133.93,5.67,22.92,10.7,1.86,0.0
20220217:0910,658.09,140.83,8.25,31.28,11.55,2.41,0.0
20220217:1010,529.17,254.03,8.77,37.22,12.07,2.48,0.0
20220217:1110,587.34,258.06,9.48,39.83,12.72,2.07,0.0
20220217:1210,784.34,157.54,10.13,38.6,13.29,1.93,0.0
20220217:1310,621.43,175.51,8.59,33.78,13.62,2.14,0.0
20220217:1410,476.86,145.32,6.55,26.2,13.62,2.83,0.0
20220217:1510,330.66,92.93,4.11,16.74,13.22,2.34,0.0
20220217:1610,97.51,42.22,1.11,6.1,12.65,1.45,0.0
20220217:1710,0.0,0.0,0.0,0.0,11.78,0.48,0.0
20220217:1810,0.0,0.0,0.0,0.0,11.59,0.41,0.0
20220217:1910,0.0,0.0,0.0,0.0,11.16,0.41,0.0
20220217:2010,0.0,0.0,0.0,0.0,10.43,1.03,0.0
20220217:2110,0.0,0.0,0.0,0.0,8.18,1.72,0.0
20220217:2210,0.0,0.0,0.0,0.0,7.3,1.86,0.0
20220217:2310,0.0,0.0,0.0,0.0,7.13,1.79,0.0
20220218:0010,0.0,0.0,0.0,0.0,7.76,1.52,0.0
20220218:0110,0.0,0.0,0.0,0.0,7.92,1.45,0.0
20220218:0210,0.0,0.0,0.0,0.0,7.8,1.45,0.0
20220218:0310,0.0,0.0,0.0,0.0,8.24,1.45,0.0
20220218:0410,0.0,0.0,0.0,0.0,6.82,1.93,0.0
20220218:0510,0.0,0.0,0.0,0.0,6.47,2.14,0.0
20220218:0610,0.0,7.37,0.13,2.25,6.85,1.79,0.0
20220218:0710,261.22,85.09,3.06,13.22,8.78,1.38,0.0
20220218:0810,479.28,119.21,5.92,23.2,12.1,1.31,0.0
20220218:0910,652.15,141.11,8.25,31.59,13.45,1.24,0.0
20220218:1010,680.55,193.13,9.45,37.56,14.08,1.1,0.0
20220218:1110,829.7,151.56,10.56,40.19,14.62,1.31,0.0
20220218:1210,861.28,123.16,10.55,38.94,14.93,1.38,0.0
20220218:1310,729.75,126.22,9.11,34.09,15.18,1.24,0.0
20220218:1410,533.47,122.53,6.84,26.47,15.33,1.1,0.0
20220218:1510,330.1,92.16,4.14,16.99,15.11,1.38,0.0
20220218:1610,96.73,44.1,1.16,6.33,14.44,1.38,0.0
20220218:1710,0.0,0.0,0.0,0.0,13.46,1.31,0.0
20220218:1810,0.0,0.0,0.0,0.0,11.92,1.31,0.0
20220218:1910,0.0,0.0,0.0,0.0,11.84,1.03,0.0
20220218:2010,0.0,0.0,0.0,0.0,11.13,1.17,0.0
20220218:2110,0.0,0.0,0.0,0.0,9.36,1.72,0.0
20220218:2210,0.0,0.0,0.0,0.0,8.5,2.0,0.0
20220218:2310,0.0,0.0,0.0,0.0,8.15,2.21,0.0
20220219:0010,0.0,0.0,0.0,0.0,8.11,2.34,0.0
20220219:0110,0.0,0.0,0.0,0.0,8.03,2.34,0.0
20220219:0210,0.0,0.0,0.0,0.0,7.94,2.34,0.0
20220219:0310,0.0,0.0,0.0,0.0,7.93,2.41,0.0
20220219:0410,0.0,0.0,0.0,0.0,8.1,2.48,0.0
20220219:0510,0.0,0.0,0.0,0.0,8.39,2.55,0.0
20220219:0610,0.0,8.29,0.14,2.49,8.31,2.76,0.0
20220219:0710,264.75,84.59,3.13,13.47,9.91,2.83,0.0
20220219:0810,471.72,123.27,5.95,23.48,11.93,2.9,0.0
20220219:0910,632.45,151.11,8.23,31.9,13.62,2.62,0.0
20220219:1010,541.03,251.17,8.92,37.9,15.21,2.28,0.0
20220219:1110,613.42,250.34,9.72,40.54,16.3,1.86,0.0
20220219:1210,508.35,273.54,9.03,39.29,17.01,1.38,0.0
20220219:1310,224.41,284.49,6.58,34.4,17.32,1.72,0.0
20220219:1410,101.27,216.87,4.42,26.75,17.08,2.07,0.0
20220219:1510,23.3,117.92,2.16,17.23,16.63,2.34,0.0
20220219:1610,27.43,42.39,0.83,6.55,15.75,2.69,0.0
20220219:1710,0.0,0.0,0.0,0.0,14.71,3.03,0.0
20220219:1810,0.0,0.0,0.0,0.0,13.88,3.38,0.0
20220219:1910,0.0,0.0,0.0,0.0,13.5,3.52,0.0
20220219:2010,0.0,0.0,0.0,0.0,13.07,3.66,0.0
20220219:2110,0.0,0.0,0.0,0.0,12.73,3.72,0.0
20220219:2210,0.0,0.0,0.0,0.0,12.78,3.79,0.0
20220219:2310,0.0,0.0,0.0,0.0,12.66,3.72,0.0
20220220:0010,0.0,0.0,0.0,0.0,12.25,3.72,0.0
20220220:0110,0.0,0.0,0.0,0.0,11.88,3.93,0.0
20220220:0210,0.0,0.0,0.0,0.0,11.8,4.07,0.0
20220220:0310,0.0,0.0,0.0,0.0,11.63,4.0,0.0
20220220:0410,0.0,0.0,0.0,0.0,11.54,3.59,0.0
20220220:0510,0.0,0.0,0.0,0.0,11.32,3.17,0.0
20220220:0610,0.0,7.37,0.13,2.73,10.97,2.97,0.0
20220220:0710,22.5,92.22,1.69,13.74,11.86,2.62,0.0
20220220:0810,226.48,190.16,4.83,23.77,13.3,2.34,0.0
20220220:0910,333.94,249.5,6.86,32.22,14.89,2.55,0.0
20220220:1010,171.91,311.28,6.61,38.25,15.61,2.21,0.0
20220220:1110,414.07,307.34,8.69,40.9,16.03,2.48,0.0
20220220:1210,749.57,169.29,10.08,39.63,15.95,3.03,0.0
20220220:1310,162.48,282.48,6.06,34.72,15.53,3.24,0.0
20220220:1410,156.82,219.39,4.91,27.03,15.02,3.17,0.0
20220220:1510,60.86,132.57,2.66,17.48,14.41,3.17,0.0
20220220:1610,24.39,42.7,0.83,6.77,13.7,2.9,0.0
20220220:1710,0.0,0.0,0.0,0.0,13.11,2.41,0.0
20220220:1810,0.0,0.0,0.0,0.0,12.56,2.14,0.0
20220220:1910,0.0,0.0,0.0,0.0,12.07,1.93,0.0
20220220:2010,0.0,0.0,0.0,0.0,11.76,2.07,0.0
20220220:2110,0.0,0.0,0.0,0.0,11.61,2.21,0.0
20220220:2210,0.0,0.0,0.0,0.0,11.43,2.07,0.0
20220220:2310,0.0,0.0,0.0,0.0,11.25,1.93,0.0
20220221:0010,0.0,0.0,0.0,0.0,11.16,2.21,0.0
20220221:0110,0.0,0.0,0.0,0.0,10.81,2.48,0.0
20220221:0210,0.0,0.0,0.0,0.0,10.37,2.62,0.0
20220221:0310,0.0,0.0,0.0,0.0,10.04,2.62,0.0
20220221:0410,0.0,0.0,0.0,0.0,9.67,2.62,0.0
20220221:0510,0.0,0.0,0.0,0.0,9.37,2.69,0.0
20220221:0610,0.0,10.14,0.17,2.98,9.35,2.76,0.0
20220221:0710,180.95,106.53,2.89,14.0,10.15,2.83,0.0
20220221:0810,49.7,180.58,3.41,24.06,11.48,4.48,0.0
20220221:0910,368.07,248.69,7.17,32.55,12.39,5.38,0.0
20220221:1010,534.89,258.47,9.05,38.6,13.18,5.72,0.0
20220221:1110,797.5,171.48,10.64,41.26,13.54,6.28,0.0
20220221:1210,572.53,254.69,9.47,39.98,13.83,6.83,0.0
20220221:1310,641.53,170.12,8.92,35.03,13.75,7.1,0.0
20220221:1410,213.03,222.22,5.42,27.3,13.79,7.17,0.0
20220221:1510,11.38,111.28,1.97,17.72,13.34,6.48,0.0
20220221:1610,27.98,46.15,0.91,6.99,12.78,5.79,0.0
20220221:1710,0.0,0.0,0.0,0.0,12.07,6.34,0.0
20220221:1810,0.0,0.0,0.0,0.0,11.44,6.21,0.0
20220221:1910,0.0,0.0,0.0,0.0,11.54,6.14,0.0
20220221:2010,0.0,0.0,0.0,0.0,11.47,6.34,0.0
20220221:2110,0.0,0.0,0.0,0.0,11.44,6.62,0.0
20220221:2210,0.0,0.0,0.0,0.0,11.4,7.38,0.0
20220221:2310,0.0,0.0,0.0,0.0,11.34,8.14,0.0
20220222:0010,0.0,0.0,0.0,0.0,11.03,8.28,0.0
20220222:0110,0.0,0.0,0.0,0.0,10.73,7.45,0.0
20220222:0210,0.0,0.0,0.0,0.0,10.46,7.1,0.0
20220222:0310,0.0,0.0,0.0,0.0,10.2,7.1,0.0
20220222:0410,0.0,0.0,0.0,0.0,10.15,7.38,0.0
20220222:0510,0.0,0.0,0.0,0.0,10.19,7.79,0.0
20220222:0610,3.71,13.05,0.23,3.23,10.1,7.59,0.0
20220222:0710,56.37,109.51,2.17,14.27,9.45,7.72,0.0
20220222:0810,410.01,152.11,5.91,24.36,10.73,7.72,0.0
20220222:0910,464.94,225.13,7.75,32.87,12.17,9.1,0.0
20220222:1010,11.72,237.45,4.13,38.95,12.93,9.86,0.0
20220222:1110,551.5,280.23,9.66,41.63,13.09,10.28,0.0
20220222:1210,487.03,287.42,9.14,40.33,13.11,9.86,0.0
20220222:1310,685.75,152.88,9.2,35.35,12.95,9.72,0.0
20220222:1410,445.31,165.42,6.73,27.58,12.85,9.72,0.0
20220222:1510,323.06,100.57,4.36,17.97,12.53,9.1,0.0
20220222:1610,112.93,47.47,1.41,7.21,11.97,8.62,0.0
20220222:1710,0.0,0.0,0.0,0.0,11.58,7.72,0.0
20220222:1810,0.0,0.0,0.0,0.0,11.46,7.72,0.0
20220222:1910,0.0,0.0,0.0,0.0,11.5,6.41,0.0
20220222:2010,0.0,0.0,0.0,0.0,11.49,6.41,0.0
20220222:2110,0.0,0.0,0.0,0.0,11.44,5.93,0.0
20220222:2210,0.0,0.0,0.0,0.0,11.28,6.0,0.0
20220222:2310,0.0,0.0,0.0,0.0,11.05,6.48,0.0
20220223:0010,0.0,0.0,0.0,0.0,10.83,6.97,0.0
20220223:0110,0.0,0.0,0.0,0.0,10.61,6.83,0.0
20220223:0210,0.0,0.0,0.0,0.0,10.45,6.69,0.0
20220223:0310,0.0,0.0,0.0,0.0,10.32,6.55,0.0
20220223:0410,0.0,0.0,0.0,0.0,10.2,6.28,0.0
20220223:0510,0.0,0.0,0.0,0.0,10.12,6.0,0.0
20220223:0610,13.86,17.28,0.34,3.49,10.09,5.93,0.0
20220223:0710,291.96,86.54,3.53,14.55,10.33,6.55,0.0
20220223:0810,511.95,120.3,6.48,24.66,10.86,6.83,0.0
20220223:0910,596.39,182.96,8.48,33.2,11.34,6.55,0.0
20220223:1010,706.57,201.2,10.06,39.31,11.8,6.48,0.0
20220223:1110,668.05,244.39,10.36,41.99,12.12,6.41,0.0
20220223:1210,902.61,119.23,11.22,40.68,12.29,6.21,0.0
20220223:1310,713.48,148.51,9.48,35.66,12.46,5.93,0.0
20220223:1410,549.06,129.24,7.33,27.86,12.53,5.59,0.0
20220223:1510,327.34,102.79,4.47,18.21,12.45,5.1,0.0
20220223:1610,113.89,49.54,1.47,7.43,12.09,4.34,0.0
20220223:1710,0.0,0.0,0.0,0.0,11.45,3.59,0.0
20220223:1810,0.0,0.0,0.0,0.0,10.99,3.17,0.0
20220223:1910,0.0,0.0,0.0,0.0,10.66,2.48,0.0
20220223:2010,0.0,0.0,0.0,0.0,9.82,2.07,0.0
20220223:2110,0.0,0.0,0.0,0.0,9.37,1.59,0.0
20220223:2210,0.0,0.0,0.0,0.0,10.86,1.1,0.0
20220223:2310,0.0,0.0,0.0,0.0,11.25,0.9,0.0
20220224:0010,0.0,0.0,0.0,0.0,10.95,0.97,0.0
20220224:0110,0.0,0.0,0.0,0.0,10.89,0.9,0.0
20220224:0210,0.0,0.0,0.0,0.0,10.86,0.62,0.0
20220224:0310,0.0,0.0,0.0,0.0,10.79,0.28,0.0
20220224:0410,0.0,0.0,0.0,0.0,10.77,0.07,0.0
20220224:0510,0.0,0.0,0.0,0.0,10.72,0.21,0.0
20220224:0610,16.24,19.3,0.39,3.75,10.59,0.34,0.0
20220224:0710,296.47,87.45,3.63,14.82,9.38,1.1,0.0
20220224:0810,509.03,122.01,6.53,24.96,11.36,1.66,0.0
20220224:0910,690.47,141.66,8.95,33.53,12.36,2.0,0.0
20220224:1010,782.25,166.58,10.45,39.67,13.12,1.93,0.0
20220224:1110,939.46,120.54,11.67,42.36,13.82,1.59,0.0
20220224:1210,893.41,125.0,11.25,41.03,14.3,1.31,0.0
20220224:1310,668.79,170.94,9.36,35.98,14.55,1.38,0.0
20220224:1410,558.2,126.51,7.44,28.13,14.49,1.52,0.0
20220224:1510,320.52,105.35,4.48,18.45,14.11,1.31,0.0
20220224:1610,102.92,51.32,1.45,7.65,13.48,1.31,0.0
20220224:1710,0.0,0.0,0.0,0.0,12.69,1.45,0.0
20220224:1810,0.0,0.0,0.0,0.0,11.18,1.24,0.0
20220224:1910,0.0,0.0,0.0,0.0,10.51,1.31,0.0
20220224:2010,0.0,0.0,0.0,0.0,9.49,1.59,0.0
20220224:2110,0.0,0.0,0.0,0.0,8.58,1.86,0.0
20220224:2210,0.0,0.0,0.0,0.0,7.9,1.86,0.0
20220224:2310,0.0,0.0,0.0,0.0,7.11,2.14,0.0
20220225:0010,0.0,0.0,0.0,0.0,6.81,2.21,0.0
20220225:0110,0.0,0.0,0.0,0.0,6.71,1.93,0.0
20220225:0210,0.0,0.0,0.0,0.0,6.2,2.07,0.0
20220225:0310,0.0,0.0,0.0,0.0,6.04,2.14,0.0
20220225:0410,0.0,0.0,0.0,0.0,6.04,2.07,0.0
20220225:0510,0.0,0.0,0.0,0.0,5.99,1.93,0.0
20220225:0610,15.28,21.14,0.42,4.01,6.34,1.72,0.0
20220225:0710,283.45,89.46,3.59,15.1,7.93,1.17,0.0
20220225:0810,507.71,121.16,6.56,25.26,10.88,1.17,0.0
20220225:0910,547.27,201.16,8.34,33.87,12.15,1.03,0.0
20220225:1010,674.12,213.63,10.0,40.03,13.01,0.21,0.0
20220225:1110,878.9,144.13,11.38,42.74,13.63,0.69,0.0
20220225:1210,892.81,120.52,11.25,41.39,14.07,1.1,0.0
20220225:1310,734.94,136.64,9.67,36.3,14.19,1.72,0.0
20220225:1410,518.83,138.8,7.25,28.41,13.93,2.14,0.0
20220225:1510,323.16,103.61,4.53,18.7,13.48,2.0,0.0
20220225:1610,113.72,50.77,1.55,7.86,12.88,1.93,0.0
20220225:1710,0.0,0.0,0.0,0.0,11.96,1.66,0.0
20220225:1810,0.0,0.0,0.0,0.0,10.9,1.17,0.0
20220225:1910,0.0,0.0,0.0,0.0,10.84,0.48,0.0
20220225:2010,0.0,0.0,0.0,0.0,10.5,0.83,0.0
20220225:2110,0.0,0.0,0.0,0.0,10.23,0.9,0.0
20220225:2210,0.0,0.0,0.0,0.0,8.65,1.38,0.0
20220225:2310,0.0,0.0,0.0,0.0,7.47,2.07,0.0
20220226:0010,0.0,0.0,0.0,0.0,7.11,2.07,0.0
20220226:0110,0.0,0.0,0.0,0.0,7.09,2.28,0.0
20220226:0210,0.0,0.0,0.0,0.0,7.63,2.55,0.0
20220226:0310,0.0,0.0,0.0,0.0,8.17,2.76,0.0
20220226:0410,0.0,0.0,0.0,0.0,8.7,3.03,0.0
20220226:0510,0.0,0.0,0.0,0.0,8.8,3.31,0.0
20220226:0610,8.66,21.69,0.41,4.27,8.94,3.24,0.0
20220226:0710,17.14,100.32,1.81,15.39,9.91,3.1,0.0
20220226:0810,82.87,204.56,4.08,25.57,11.14,4.07,0.0
20220226:0910,1.47,169.69,2.89,34.21,12.11,4.83,0.0
20220226:1010,211.98,330.42,7.34,40.4,12.6,5.59,0.0
20220226:1110,28.34,287.85,5.13,43.11,12.87,6.0,0.0
20220226:1210,43.83,293.99,5.36,41.74,13.04,6.14,0.0
20220226:1310,0.0,97.67,1.66,36.61,13.15,7.1,0.0
20220226:1410,0.0,68.18,1.16,28.69,11.52,7.66,0.0
20220226:1510,0.0,43.3,0.73,18.94,10.16,7.38,0.0
20220226:1610,0.0,30.41,0.52,8.08,9.38,7.03,0.0
20220226:1710,0.0,0.0,0.0,0.0,8.61,7.31,0.0
20220226:1810,0.0,0.0,0.0,0.0,8.15,7.31,0.0
20220226:1910,0.0,0.0,0.0,0.0,8.14,7.03,0.0
20220226:2010,0.0,0.0,0.0,0.0,8.03,7.72,0.0
20220226:2110,0.0,0.0,0.0,0.0,7.98,7.93,0.0
20220226:2210,0.0,0.0,0.0,0.0,7.86,8.21,0.0
20220226:2310,0.0,0.0,0.0,0.0,7.71,8.14,0.0
20220227:0010,0.0,0.0,0.0,0.0,7.7,8.14,0.0
20220227:0110,0.0,0.0,0.0,0.0,7.98,8.14,0.0
20220227:0210,0.0,0.0,0.0,0.0,8.33,8.0,0.0
20220227:0310,0.0,0.0,0.0,0.0,8.37,7.38,0.0
20220227:0410,0.0,0.0,0.0,0.0,8.44,6.83,0.0
20220227:0510,0.0,0.0,0.0,0.0,8.36,6.0,0.0
20220227:0610,0.0,3.69,0.06,4.54,8.39,5.24,0.0
20220227:0710,6.76,90.3,1.58,15.67,8.63,4.76,0.0
20220227:0810,1.52,130.08,2.22,25.89,9.28,6.0,0.0
20220227:0910,0.0,76.47,1.3,34.55,9.77,6.14,0.0
20220227:1010,0.0,74.63,1.27,40.77,10.19,6.28,0.0
20220227:1110,0.0,188.88,3.2,43.49,10.13,6.48,0.0
20220227:1210,0.0,57.13,0.97,42.1,10.18,6.97,0.0
20220227:1310,0.0,100.43,1.7,36.93,10.07,7.17,0.0
20220227:1410,17.33,190.34,3.38,28.96,9.91,7.03,0.0
20220227:1510,62.31,149.0,3.0,19.18,9.69,6.69,0.0
20220227:1610,0.0,28.56,0.48,8.3,9.24,6.41,0.0
20220227:1710,0.0,0.0,0.0,0.0,8.68,5.86,0.0
20220227:1810,0.0,0.0,0.0,0.0,8.23,5.24,0.0
20220227:1910,0.0,0.0,0.0,0.0,8.33,5.24,0.0
20220227:2010,0.0,0.0,0.0,0.0,8.18,4.9,0.0
20220227:2110,0.0,0.0,0.0,0.0,8.06,4.76,0.0
20220227:2210,0.0,0.0,0.0,0.0,8.03,4.48,0.0
20220227:2310,0.0,0.0,0.0,0.0,8.01,4.34,0.0
20220228:0010,0.0,0.0,0.0,0.0,7.96,4.62,0.0
20220228:0110,0.0,0.0,0.0,0.0,8.19,4.76,0.0
20220228:0210,0.0,0.0,0.0,0.0,8.21,4.41,0.0
20220228:0310,0.0,0.0,0.0,0.0,8.02,3.93,0.0
20220228:0410,0.0,0.0,0.0,0.0,7.89,3.52,0.0
20220228:0510,0.0,0.0,0.0,0.0,7.68,3.24,0.0
20220228:0610,28.59,28.63,0.63,4.81,7.5,3.03,0.0
20220228:0710,0.0,68.18,1.16,15.96,7.82,3.31,0.0
20220228:0810,48.27,195.6,3.69,26.2,8.4,3.45,0.0
20220228:0910,130.19,283.71,5.86,34.9,9.48,3.79,0.0
20220228:1010,160.05,332.5,6.97,41.14,10.11,3.72,0.0
20220228:1110,0.0,96.75,1.64,43.87,10.16,3.31,0.0
20220228:1210,2.8,220.52,3.77,42.46,10.32,3.17,0.0
20220228:1310,167.43,304.49,6.58,37.25,10.61,2.9,0.0
20220228:1410,199.21,237.71,5.7,29.24,10.6,3.03,0.0
20220228:1510,202.94,144.15,4.11,19.42,10.4,3.31,0.0
20220228:1610,89.37,58.08,1.56,8.51,9.95,3.38,0.0
20220228:1710,0.0,0.0,0.0,0.0,9.39,3.1,0.0
20220228:1810,0.0,0.0,0.0,0.0,8.96,2.83,0.0
20220228:1910,0.0,0.0,0.0,0.0,8.59,2.07,0.0
20220228:2010,0.0,0.0,0.0,0.0,7.93,2.28,0.0
20220228:2110,0.0,0.0,0.0,0.0,7.33,2.28,0.0
20220228:2210,0.0,0.0,0.0,0.0,6.78,2.07,0.0
20220228:2310,0.0,0.0,0.0,0.0,6.92,1.52,0.0
20220301:0010,0.0,0.0,0.0,0.0,7.73,1.24,0.0
20220301:0110,0.0,0.0,0.0,0.0,8.2,1.1,0.0
20220301:0210,0.0,0.0,0.0,0.0,7.97,1.17,0.0
20220301:0310,0.0,0.0,0.0,0.0,6.41,1.52,0.0
20220301:0410,0.0,0.0,0.0,0.0,5.02,2.07,0.0
20220301:0510,0.0,0.0,0.0,0.0,5.1,2.21,0.0
20220301:0610,22.29,29.12,0.61,5.09,4.99,1.93,0.0
20220301:0710,0.0,74.63,1.27,16.25,6.39,1.45,0.0
20220301:0810,0.0,119.78,2.03,26.52,8.92,2.28,0.0
20220301:0910,218.45,291.02,6.73,35.24,9.74,3.38,0.0
20220301:1010,178.87,338.11,7.23,41.51,9.75,4.28,0.0
20220301:1110,0.0,59.89,1.02,44.25,9.22,4.48,0.0
20220301:1210,0.0,58.05,0.98,42.82,8.96,4.28,0.0
20220301:1310,0.0,54.36,0.92,37.56,8.74,4.97,0.0
20220301:1410,0.0,53.44,0.91,29.51,7.81,6.0,0.0
20220301:1510,0.0,40.54,0.69,19.66,7.17,6.0,0.0
20220301:1610,3.49,42.8,0.75,8.72,7.02,5.52,0.0
20220301:1710,0.0,0.0,0.0,0.0,6.71,5.59,0.0
20220301:1810,0.0,0.0,0.0,0.0,6.61,6.0,0.0
20220301:1910,0.0,0.0,0.0,0.0,6.66,6.48,0.0
20220301:2010,0.0,0.0,0.0,0.0,6.81,6.34,0.0
20220301:2110,0.0,0.0,0.0,0.0,6.89,6.07,0.0
20220301:2210,0.0,0.0,0.0,0.0,6.78,5.52,0.0
20220301:2310,0.0,0.0,0.0,0.0,6.77,4.69,0.0
20220302:0010,0.0,0.0,0.0,0.0,6.84,4.21,0.0
20220302:0110,0.0,0.0,0.0,0.0,6.94,3.86,0.0
20220302:0210,0.0,0.0,0.0,0.0,6.99,3.45,0.0
20220302:0310,0.0,0.0,0.0,0.0,6.91,3.17,0.0
20220302:0410,0.0,0.0,0.0,0.0,6.82,3.52,0.0
20220302:0510,0.0,0.0,0.0,0.0,6.79,3.59,0.0
20220302:0610,2.37,25.01,0.44,5.37,6.73,3.45,0.0
20220302:0710,61.58,128.13,2.59,16.55,7.26,3.45,0.0
20220302:0810,0.0,96.75,1.64,26.84,8.02,4.41,0.0
20220302:0910,0.0,78.32,1.33,35.59,8.62,4.62,0.0
20220302:1010,0.0,133.6,2.27,41.89,8.65,4.55,0.0
20220302:1110,0.0,124.39,2.11,44.63,8.98,4.28,0.0
20220302:1210,184.04,350.43,7.53,43.18,9.08,3.66,0.0
20220302:1310,205.75,310.52,7.05,37.88,9.45,3.45,0.0
20220302:1410,29.66,209.69,3.81,29.78,9.39,2.97,0.0
20220302:1510,32.37,142.96,2.69,19.89,9.31,2.76,0.0
20220302:1610,93.75,61.06,1.69,8.94,9.07,2.34,0.0
20220302:1710,0.0,0.0,0.0,0.0,8.74,1.93,0.0
20220302:1810,0.0,0.0,0.0,0.0,8.17,1.59,0.0
20220302:1910,0.0,0.0,0.0,0.0,6.75,1.59,0.0
20220302:2010,0.0,0.0,0.0,0.0,6.06,1.59,0.0
20220302:2110,0.0,0.0,0.0,0.0,5.87,1.52,0.0
20220302:2210,0.0,0.0,0.0,0.0,6.16,1.45,0.0
20220302:2310,0.0,0.0,0.0,0.0,5.56,1.52,0.0
20220303:0010,0.0,0.0,0.0,0.0,4.58,1.72,0.0
20220303:0110,0.0,0.0,0.0,0.0,4.69,1.66,0.0
20220303:0210,0.0,0.0,0.0,0.0,4.58,1.59,0.0
20220303:0310,0.0,0.0,0.0,0.0,4.95,1.45,0.0
20220303:0410,0.0,0.0,0.0,0.0,4.87,1.38,0.0
20220303:0510,0.0,0.0,0.0,0.0,4.22,1.59,0.0
20220303:0610,74.76,32.13,0.98,5.65,3.98,1.66,0.0
20220303:0710,7.99,100.59,1.77,16.85,5.66,1.31,0.0
20220303:0810,260.35,211.72,5.75,27.16,8.68,1.52,0.0
20220303:0910,571.8,201.85,8.89,35.95,9.52,1.79,0.0
20220303:1010,689.48,217.32,10.52,42.27,10.51,1.79,0.0
20220303:1110,761.79,208.97,11.28,45.02,11.39,1.79,0.0
20220303:1210,4.13,237.27,4.06,43.54,12.11,1.31,0.0
20220303:1310,0.0,87.53,1.48,38.2,12.13,0.76,0.0
20220303:1410,12.62,190.51,3.34,30.06,11.82,1.1,0.0
20220303:1510,0.0,58.97,1.0,20.13,11.4,1.31,0.0
20220303:1610,26.65,61.06,1.22,9.15,10.98,1.1,0.0
20220303:1710,0.0,0.0,0.0,0.0,10.55,1.17,0.0
20220303:1810,0.0,0.0,0.0,0.0,9.79,1.31,0.0
20220303:1910,0.0,0.0,0.0,0.0,8.93,1.17,0.0
20220303:2010,0.0,0.0,0.0,0.0,8.33,1.31,0.0
20220303:2110,0.0,0.0,0.0,0.0,8.29,1.72,0.0
20220303:2210,0.0,0.0,0.0,0.0,8.57,2.14,0.0
20220303:2310,0.0,0.0,0.0,0.0,8.51,2.28,0.0
20220304:0010,0.0,0.0,0.0,0.0,8.14,2.21,0.0
20220304:0110,0.0,0.0,0.0,0.0,7.88,2.28,0.0
20220304:0210,0.0,0.0,0.0,0.0,7.39,2.21,0.0
20220304:0310,0.0,0.0,0.0,0.0,7.33,1.93,0.0
20220304:0410,0.0,0.0,0.0,0.0,6.67,1.79,0.0
20220304:0510,0.0,0.0,0.0,0.0,6.1,1.72,0.0
20220304:0610,69.57,40.53,1.02,5.93,5.56,1.79,0.0
20220304:0710,252.45,108.68,3.89,17.15,7.78,1.59,0.0
20220304:0810,418.67,165.61,6.63,27.49,10.71,1.86,0.0
20220304:0910,611.88,181.89,9.09,36.3,11.45,2.28,0.0
20220304:1010,796.51,164.38,11.03,42.65,12.12,2.21,0.0
20220304:1110,867.66,156.15,11.81,45.4,12.51,2.21,0.0
20220304:1210,876.19,135.6,11.67,43.9,12.74,2.28,0.0
20220304:1310,568.77,217.08,9.33,38.52,12.77,2.55,0.0
20220304:1410,489.89,156.85,7.53,30.33,12.44,2.55,0.0
20220304:1510,195.9,149.8,4.25,20.37,12.01,2.34,0.0
20220304:1610,37.46,64.43,1.36,9.36,11.42,1.72,0.0
20220304:1710,0.0,0.0,0.0,0.0,10.84,1.17,0.0
20220304:1810,0.0,0.0,0.0,0.0,10.06,0.76,0.0
20220304:1910,0.0,0.0,0.0,0.0,9.43,1.1,0.0
20220304:2010,0.0,0.0,0.0,0.0,8.87,1.31,0.0
20220304:2110,0.0,0.0,0.0,0.0,8.22,1.45,0.0
20220304:2210,0.0,0.0,0.0,0.0,7.42,1.79,0.0
20220304:2310,0.0,0.0,0.0,0.0,7.36,2.0,0.0
20220305:0010,0.0,0.0,0.0,0.0,7.25,2.28,0.0
20220305:0110,0.0,0.0,0.0,0.0,7.58,2.62,0.0
20220305:0210,0.0,0.0,0.0,0.0,8.42,2.9,0.0
20220305:0310,0.0,0.0,0.0,0.0,8.65,2.97,0.0
20220305:0410,0.0,0.0,0.0,0.0,8.8,2.97,0.0
20220305:0510,0.0,0.0,0.0,0.0,8.66,3.31,0.0
20220305:0610,48.07,42.55,0.95,6.22,8.8,3.24,0.0
20220305:0710,26.47,121.0,2.25,17.45,9.48,3.24,0.0
20220305:0810,17.36,182.05,3.23,27.81,10.27,3.79,0.0
20220305:0910,500.15,232.43,8.67,36.66,10.88,4.21,0.0
20220305:1010,282.42,342.45,8.31,43.03,11.26,4.69,0.0
20220305:1110,732.05,223.99,11.27,45.79,11.36,5.1,0.0
20220305:1210,235.59,352.86,8.09,44.26,11.43,5.66,0.0
20220305:1310,553.13,226.94,9.34,38.83,11.3,6.14,0.0
20220305:1410,145.08,247.19,5.47,30.6,10.79,6.14,0.0
20220305:1510,0.0,51.6,0.88,20.6,10.18,5.86,0.0
20220305:1610,7.97,54.45,0.98,9.57,9.33,5.38,0.0
20220305:1710,0.0,0.0,0.0,0.0,8.37,4.69,0.0
20220305:1810,0.0,0.0,0.0,0.0,7.51,3.93,0.0
20220305:1910,0.0,0.0,0.0,0.0,8.24,3.79,0.0
20220305:2010,0.0,0.0,0.0,0.0,8.15,4.0,0.0
20220305:2110,0.0,0.0,0.0,0.0,8.13,4.07,0.0
20220305:2210,0.0,0.0,0.0,0.0,8.16,4.28,0.0
20220305:2310,0.0,0.0,0.0,0.0,8.05,4.34,0.0
20220306:0010,0.0,0.0,0.0,0.0,7.9,4.41,0.0
20220306:0110,0.0,0.0,0.0,0.0,7.78,4.34,0.0
20220306:0210,0.0,0.0,0.0,0.0,7.8,4.34,0.0
20220306:0310,0.0,0.0,0.0,0.0,7.84,4.41,0.0
20220306:0410,0.0,0.0,0.0,0.0,7.99,4.62,0.0
20220306:0510,0.0,0.0,0.0,0.0,7.95,4.76,0.0
20220306:0610,4.03,31.86,0.56,6.51,7.75,4.55,0.0
20220306:0710,19.99,118.99,2.17,17.76,8.28,4.0,0.0
20220306:0810,294.22,211.57,6.16,28.14,9.05,4.9,0.0
20220306:0910,508.16,234.68,8.83,37.02,9.81,5.24,0.0
20220306:1010,715.23,211.78,10.88,43.42,10.28,5.31,0.0
20220306:1110,891.32,153.32,12.16,46.18,10.59,5.17,0.0
20220306:1210,470.05,315.94,9.84,44.62,10.88,5.17,0.0
20220306:1310,238.97,315.5,7.52,39.15,10.74,5.03,0.0
20220306:1410,281.22,235.61,6.59,30.87,10.46,4.83,0.0
20220306:1510,4.23,117.5,2.03,20.83,10.15,4.41,0.0
20220306:1610,0.0,41.46,0.7,9.78,9.63,3.93,0.0
20220306:1710,0.0,0.0,0.0,0.0,9.06,3.24,0.0
20220306:1810,0.0,0.0,0.0,0.0,8.54,2.76,0.0
20220306:1910,0.0,0.0,0.0,0.0,8.59,2.76,0.0
20220306:2010,0.0,0.0,0.0,0.0,8.39,2.48,0.0
20220306:2110,0.0,0.0,0.0,0.0,8.01,2.34,0.0
20220306:2210,0.0,0.0,0.0,0.0,7.78,2.34,0.0
20220306:2310,0.0,0.0,0.0,0.0,7.39,2.48,0.0
20220307:0010,0.0,0.0,0.0,0.0,6.98,2.62,0.0
20220307:0110,0.0,0.0,0.0,0.0,6.7,2.76,0.0
20220307:0210,0.0,0.0,0.0,0.0,6.47,2.83,0.0
20220307:0310,0.0,0.0,0.0,0.0,6.26,2.69,0.0
20220307:0410,0.0,0.0,0.0,0.0,5.9,2.48,0.0
20220307:0510,0.0,0.0,0.0,0.0,5.23,2.28,0.0
20220307:0610,79.64,45.87,1.23,6.8,4.77,2.14,0.0
20220307:0710,259.59,115.44,4.17,18.06,7.36,2.07,0.0
20220307:0810,474.09,151.72,7.14,28.47,8.97,2.69,0.0
20220307:0910,677.94,162.52,9.7,37.38,9.68,3.03,0.0
20220307:1010,541.01,286.06,10.09,43.8,10.5,3.59,0.0
20220307:1110,846.19,174.65,11.98,46.57,10.7,3.79,0.0
20220307:1210,380.0,340.84,9.34,44.98,10.91,4.14,0.0
20220307:1310,683.04,172.91,10.13,39.46,10.71,4.21,0.0
20220307:1410,426.31,191.4,7.47,31.13,10.29,4.07,0.0
20220307:1510,209.46,152.94,4.52,21.06,9.79,3.79,0.0
20220307:1610,59.54,70.74,1.67,9.99,9.24,3.38,0.0
20220307:1710,0.0,0.0,0.0,0.0,8.67,2.83,0.0
20220307:1810,0.0,0.0,0.0,0.0,8.17,2.41,0.0
20220307:1910,0.0,0.0,0.0,0.0,8.14,2.28,0.0
20220307:2010,0.0,0.0,0.0,0.0,7.63,2.21,0.0
20220307:2110,0.0,0.0,0.0,0.0,7.18,2.21,0.0
20220307:2210,0.0,0.0,0.0,0.0,6.51,2.14,0.0
20220307:2310,0.0,0.0,0.0,0.0,6.06,2.21,0.0
20220308:0010,0.0,0.0,0.0,0.0,5.92,2.48,0.0
20220308:0110,0.0,0.0,0.0,0.0,6.2,2.83,0.0
20220308:0210,0.0,0.0,0.0,0.0,6.34,2.9,0.0
20220308:0310,0.0,0.0,0.0,0.0,6.59,3.03,0.0
20220308:0410,0.0,0.0,0.0,0.0,6.78,3.38,0.0
20220308:0510,0.0,0.0,0.0,0.0,6.89,3.66,0.0
20220308:0610,52.56,49.44,1.14,7.09,7.05,3.79,0.0
20220308:0710,280.37,110.52,4.34,18.37,7.81,4.07,0.0
20220308:0810,235.87,228.97,5.94,28.81,8.68,4.83,0.0
20220308:0910,0.0,114.25,1.94,37.74,9.31,4.83,0.0
20220308:1010,512.34,299.54,10.03,44.19,9.67,4.48,0.0
20220308:1110,552.73,309.42,10.67,46.96,9.96,4.55,0.0
20220308:1210,383.37,342.75,9.44,45.35,10.06,4.9,0.0
20220308:1310,709.95,162.59,10.34,39.78,9.97,5.24,0.0
20220308:1410,396.24,205.32,7.39,31.4,9.94,5.93,0.0
20220308:1510,327.6,115.07,5.22,21.29,9.52,6.55,0.0
20220308:1610,77.75,71.66,1.86,10.19,8.56,6.21,0.0
20220308:1710,0.0,0.0,0.0,0.0,7.23,5.31,0.0
20220308:1810,0.0,0.0,0.0,0.0,6.55,5.31,0.0
20220308:1910,0.0,0.0,0.0,0.0,6.68,4.83,0.0
20220308:2010,0.0,0.0,0.0,0.0,6.68,4.83,0.0
20220308:2110,0.0,0.0,0.0,0.0,6.71,4.83,0.0
20220308:2210,0.0,0.0,0.0,0.0,6.63,5.24,0.0
20220308:2310,0.0,0.0,0.0,0.0,6.58,5.31,0.0
20220309:0010,0.0,0.0,0.0,0.0,6.4,5.17,0.0
20220309:0110,0.0,0.0,0.0,0.0,6.33,5.17,0.0
20220309:0210,0.0,0.0,0.0,0.0,6.28,5.17,0.0
20220309:0310,0.0,0.0,0.0,0.0,6.16,5.1,0.0
20220309:0410,0.0,0.0,0.0,0.0,6.11,5.1,0.0
20220309:0510,0.0,0.0,0.0,0.0,6.27,5.24,0.0
20220309:0610,0.0,27.64,0.47,7.39,6.3,5.45,0.0
20220309:0710,5.92,106.68,1.86,18.68,7.09,5.93,0.0
20220309:0810,0.0,78.32,1.33,29.14,7.74,6.76,0.0
20220309:0910,73.8,291.17,5.59,38.11,8.23,6.76,0.0
20220309:1010,8.09,256.18,4.42,44.58,8.57,6.41,0.0
20220309:1110,49.51,332.28,6.09,47.36,8.91,6.07,0.0
20220309:1210,8.0,262.61,4.53,45.71,9.27,5.86,0.0
20220309:1310,0.0,186.12,3.16,40.09,9.22,5.59,0.0
20220309:1410,0.0,151.11,2.56,31.67,9.26,5.45,0.0
20220309:1510,13.68,138.05,2.47,21.52,9.15,5.31,0.0
20220309:1610,7.32,59.83,1.08,10.4,8.84,5.03,0.0
20220309:1710,0.0,0.0,0.0,0.0,8.56,4.34,0.0
20220309:1810,0.0,0.0,0.0,0.0,8.35,3.93,0.0
20220309:1910,0.0,0.0,0.0,0.0,7.86,3.93,0.0
20220309:2010,0.0,0.0,0.0,0.0,7.78,3.72,0.0
20220309:2110,0.0,0.0,0.0,0.0,7.67,3.38,0.0
20220309:2210,0.0,0.0,0.0,0.0,7.32,2.83,0.0
20220309:2310,0.0,0.0,0.0,0.0,6.8,2.55,0.0
20220310:0010,0.0,0.0,0.0,0.0,5.93,2.21,0.0
20220310:0110,0.0,0.0,0.0,0.0,5.45,2.0,0.0
20220310:0210,0.0,0.0,0.0,0.0,5.26,1.86,0.0
20220310:0310,0.0,0.0,0.0,0.0,5.36,1.79,0.0
20220310:0410,0.0,0.0,0.0,0.0,5.63,1.72,0.0
20220310:0510,0.0,0.0,0.0,0.0,6.19,1.59,0.0
20220310:0610,95.08,50.45,1.5,7.68,6.58,1.38,0.0
20220310:0710,282.42,113.92,4.5,19.0,7.08,1.93,0.0
20220310:0810,518.64,140.02,7.61,29.48,9.74,2.34,0.0
20220310:0910,730.75,144.3,10.22,38.47,10.57,2.62,0.0
20220310:1010,846.15,156.38,11.83,44.97,11.28,2.69,0.0
20220310:1110,951.83,129.16,12.78,47.75,11.84,2.76,0.0
20220310:1210,846.35,161.12,12.02,46.07,12.15,2.9,0.0
20220310:1310,704.45,165.96,10.44,40.4,12.31,3.1,0.0
20220310:1410,541.37,145.2,8.23,31.93,12.25,3.24,0.0
20220310:1510,330.56,115.21,5.34,21.75,11.84,3.31,0.0
20220310:1610,133.52,62.13,2.3,10.6,11.26,3.1,0.0
20220310:1710,0.0,0.0,0.0,0.0,10.51,2.48,0.0
20220310:1810,0.0,0.0,0.0,0.0,9.8,1.79,0.0
20220310:1910,0.0,0.0,0.0,0.0,8.65,1.86,0.0
20220310:2010,0.0,0.0,0.0,0.0,8.45,1.17,0.0
20220310:2110,0.0,0.0,0.0,0.0,9.49,0.55,0.0
20220310:2210,0.0,0.0,0.0,0.0,9.3,0.21,0.0
20220310:2310,0.0,0.0,0.0,0.0,9.01,0.34,0.0
20220311:0010,0.0,0.0,0.0,0.0,8.74,0.28,0.0
20220311:0110,0.0,0.0,0.0,0.0,8.54,0.55,0.0
20220311:0210,0.0,0.0,0.0,0.0,8.36,0.97,0.0
20220311:0310,0.0,0.0,0.0,0.0,6.68,1.45,0.0
20220311:0410,0.0,0.0,0.0,0.0,5.06,1.79,0.0
20220311:0510,0.0,0.0,0.0,0.0,4.56,2.0,0.0
20220311:0610,93.98,51.97,1.55,7.98,4.67,2.0,0.0
20220311:0710,215.47,135.65,4.2,19.31,7.26,1.72,0.0
20220311:0810,384.95,195.78,7.02,29.81,10.13,1.86,0.0
20220311:0910,307.81,302.78,8.0,38.84,11.23,1.79,0.0
20220311:1010,744.3,204.92,11.38,45.36,11.98,2.0,0.0
20220311:1110,929.82,140.52,12.73,48.15,12.49,2.76,0.0
20220311:1210,739.04,213.74,11.55,46.44,12.71,3.31,0.0
20220311:1310,733.41,153.25,10.66,40.71,12.64,3.72,0.0
20220311:1410,540.24,145.72,8.28,32.19,12.39,3.79,0.0
20220311:1510,325.95,116.63,5.36,21.98,12.04,3.86,0.0
20220311:1610,125.27,64.29,2.28,10.81,11.39,4.28,0.0
20220311:1710,0.0,0.0,0.0,0.0,10.54,3.86,0.0
20220311:1810,0.0,0.0,0.0,0.0,9.84,3.45,0.0
20220311:1910,0.0,0.0,0.0,0.0,9.39,3.17,0.0
20220311:2010,0.0,0.0,0.0,0.0,9.02,2.97,0.0
20220311:2110,0.0,0.0,0.0,0.0,8.66,2.83,0.0
20220311:2210,0.0,0.0,0.0,0.0,8.23,2.48,0.0
20220311:2310,0.0,0.0,0.0,0.0,7.66,2.07,0.0
20220312:0010,0.0,0.0,0.0,0.0,7.15,1.79,0.0
20220312:0110,0.0,0.0,0.0,0.0,6.51,1.93,0.0
20220312:0210,0.0,0.0,0.0,0.0,6.43,2.0,0.0
20220312:0310,0.0,0.0,0.0,0.0,6.51,2.14,0.0
20220312:0410,0.0,0.0,0.0,0.0,6.95,2.34,0.0
20220312:0510,0.0,0.0,0.0,0.0,7.19,2.48,0.0
20220312:0610,19.92,52.58,1.03,8.28,7.46,2.62,0.0
20220312:0710,270.15,117.25,4.52,19.62,9.1,2.48,0.0
20220312:0810,449.12,165.31,7.31,30.15,10.73,2.55,0.0
20220312:0910,448.22,260.96,8.84,39.21,11.67,2.34,0.0
20220312:1010,57.05,324.03,6.03,45.76,12.47,2.83,0.0
20220312:1110,97.52,359.65,7.02,48.54,12.94,2.97,0.0
20220312:1210,2.63,239.83,4.09,46.8,13.03,3.38,0.0
20220312:1310,0.0,170.46,2.89,41.02,12.62,3.66,0.0
20220312:1410,0.0,136.36,2.31,32.45,12.04,3.52,0.0
20220312:1510,0.0,58.97,1.0,22.2,11.63,3.38,0.0
20220312:1610,0.0,25.8,0.44,11.01,11.38,3.03,0.0
20220312:1710,0.0,0.0,0.0,0.0,11.24,2.9,0.0
20220312:1810,0.0,0.0,0.0,0.0,10.74,3.66,0.0
20220312:1910,0.0,0.0,0.0,0.0,10.24,3.79,0.0
20220312:2010,0.0,0.0,0.0,0.0,9.67,3.93,0.0
20220312:2110,0.0,0.0,0.0,0.0,9.2,4.07,0.0
20220312:2210,0.0,0.0,0.0,0.0,8.73,4.0,0.0
20220312:2310,0.0,0.0,0.0,0.0,8.34,4.0,0.0
20220313:0010,0.0,0.0,0.0,0.0,8.27,4.07,0.0
20220313:0110,0.0,0.0,0.0,0.0,8.03,4.14,0.0
20220313:0210,0.0,0.0,0.0,0.0,7.88,4.28,0.0
20220313:0310,0.0,0.0,0.0,0.0,7.76,4.48,0.0
20220313:0410,0.0,0.0,0.0,0.0,7.67,4.62,0.0
20220313:0510,0.0,0.0,0.0,0.0,7.65,4.76,0.0
20220313:0610,0.0,8.29,0.14,8.59,7.71,4.83,0.0
20220313:0710,0.0,53.44,0.91,19.94,7.7,4.55,0.0
20220313:0810,0.0,117.02,1.98,30.49,8.12,4.69,0.0
20220313:0910,5.34,219.88,3.78,39.58,8.71,4.83,0.0
20220313:1010,72.6,333.67,6.34,46.15,9.48,5.17,0.0
20220313:1110,0.0,169.53,2.88,48.94,10.29,5.24,0.0
20220313:1210,10.45,272.09,4.72,47.16,10.47,4.97,0.0
20220313:1310,66.51,302.14,5.77,41.33,10.78,5.1,0.0
20220313:1410,288.6,235.53,6.89,32.71,11.28,5.17,0.0
20220313:1510,3.95,122.02,2.11,22.43,11.45,4.83,0.0
20220313:1610,10.83,68.49,1.27,11.21,11.27,3.93,0.0
20220313:1710,0.0,0.0,0.0,0.0,10.83,3.17,0.0
20220313:1810,0.0,0.0,0.0,0.0,10.31,2.97,0.0
20220313:1910,0.0,0.0,0.0,0.0,10.05,2.62,0.0
20220313:2010,0.0,0.0,0.0,0.0,9.54,2.62,0.0
20220313:2110,0.0,0.0,0.0,0.0,9.22,2.62,0.0
20220313:2210,0.0,0.0,0.0,0.0,8.79,2.55,0.0
20220313:2310,0.0,0.0,0.0,0.0,8.39,2.28,0.0
20220314:0010,0.0,0.0,0.0,0.0,7.97,2.07,0.0
20220314:0110,0.0,0.0,0.0,0.0,7.81,1.86,0.0
20220314:0210,0.0,0.0,0.0,0.0,7.76,1.66,0.0
20220314:0310,0.0,0.0,0.0,0.0,7.36,1.66,0.0
20220314:0410,0.0,0.0,0.0,0.0,6.96,1.72,0.0
20220314:0510,0.0,0.0,0.0,0.0,6.52,1.79,0.0
20220314:0610,100.67,55.32,1.75,8.89,6.58,1.93,0.0
20220314:0710,268.28,121.43,4.64,20.26,9.93,1.45,0.0
20220314:0810,509.86,142.73,7.77,30.83,12.13,1.66,0.0
20220314:0910,697.54,155.08,10.22,39.95,13.1,1.79,0.0
20220314:1010,862.69,142.3,12.08,46.55,13.96,2.41,0.0
20220314:1110,910.78,142.11,12.72,49.33,14.55,3.1,0.0
20220314:1210,781.07,182.79,11.78,47.52,14.49,3.59,0.0
20220314:1310,662.68,179.45,10.36,41.64,14.25,3.79,0.0
20220314:1410,509.7,152.92,8.19,32.97,13.77,3.79,0.0
20220314:1510,337.37,110.94,5.55,22.65,13.48,3.59,0.0
20220314:1610,120.93,66.85,2.38,11.41,13.03,3.24,0.0
20220314:1710,0.0,0.0,0.0,0.0,12.48,2.69,0.0
20220314:1810,0.0,0.0,0.0,0.0,12.02,2.34,0.0
20220314:1910,0.0,0.0,0.0,0.0,11.47,1.72,0.0
20220314:2010,0.0,0.0,0.0,0.0,10.59,1.52,0.0
20220314:2110,0.0,0.0,0.0,0.0,9.84,2.07,0.0
20220314:2210,0.0,0.0,0.0,0.0,9.49,2.41,0.0
20220314:2310,0.0,0.0,0.0,0.0,9.17,2.48,0.0
20220315:0010,0.0,0.0,0.0,0.0,8.73,2.62,0.0
20220315:0110,0.0,0.0,0.0,0.0,8.28,2.69,0.0
20220315:0210,0.0,0.0,0.0,0.0,7.95,2.76,0.0
20220315:0310,0.0,0.0,0.0,0.0,7.67,2.62,0.0
20220315:0410,0.0,0.0,0.0,0.0,7.37,2.62,0.0
20220315:0510,0.0,0.0,0.0,0.0,7.09,2.55,0.0
20220315:0610,105.81,56.34,1.84,9.19,7.11,2.55,0.0
20220315:0710,319.23,105.8,5.0,20.58,9.86,2.0,0.0
20220315:0810,475.31,158.98,7.66,31.18,12.17,1.93,0.0
20220315:0910,504.93,244.54,9.34,40.32,13.43,2.0,0.0
20220315:1010,509.46,302.81,10.34,46.94,14.41,2.14,0.0
20220315:1110,636.22,275.81,11.42,49.73,15.14,2.21,0.0
20220315:1210,398.26,342.1,9.81,47.88,15.61,2.14,0.0
20220315:1310,464.25,269.33,9.42,41.95,15.66,2.41,0.0
20220315:1410,279.52,243.0,6.97,33.23,15.57,2.55,0.0
20220315:1510,33.54,163.59,3.11,22.87,15.15,2.55,0.0
20220315:1610,80.87,77.61,2.14,11.61,14.45,2.48,0.0
20220315:1710,0.0,0.0,0.0,0.0,13.52,2.07,0.0
20220315:1810,0.0,0.0,0.0,0.0,12.62,1.86,0.0
20220315:1910,0.0,0.0,0.0,0.0,11.69,2.28,0.0
20220315:2010,0.0,0.0,0.0,0.0,11.11,2.34,0.0
20220315:2110,0.0,0.0,0.0,0.0,10.52,2.28,0.0
20220315:2210,0.0,0.0,0.0,0.0,9.93,2.28,0.0
20220315:2310,0.0,0.0,0.0,0.0,9.41,2.34,0.0
20220316:0010,0.0,0.0,0.0,0.0,8.86,2.41,0.0
20220316:0110,0.0,0.0,0.0,0.0,8.38,2.48,0.0
20220316:0210,0.0,0.0,0.0,0.0,8.25,2.62,0.0
20220316:0310,0.0,0.0,0.0,0.0,8.11,2.76,0.0
20220316:0410,0.0,0.0,0.0,0.0,7.86,2.48,0.0
20220316:0510,0.0,0.0,0.0,0.0,7.73,2.07,0.0
20220316:0610,73.32,64.32,1.7,9.5,7.75,1.93,0.0
20220316:0710,194.12,148.6,4.36,20.9,10.27,1.86,0.0
20220316:0810,220.64,243.22,6.23,31.52,12.17,2.0,0.0
20220316:0910,267.39,312.42,7.89,40.69,13.4,2.21,0.0
20220316:1010,383.38,342.27,9.63,47.34,14.43,2.0,0.0
20220316:1110,394.08,359.23,10.05,50.13,15.11,1.93,0.0
20220316:1210,324.21,359.15,9.33,48.24,15.48,2.48,0.0
20220316:1310,237.24,326.95,7.91,42.25,15.5,3.03,0.0
20220316:1410,159.92,262.31,6.05,33.48,15.11,3.38,0.0
20220316:1510,139.29,174.18,4.38,23.09,14.6,3.24,0.0
20220316:1610,6.4,66.97,1.2,11.8,13.93,3.03,0.0
20220316:1710,0.0,0.0,0.0,0.0,13.14,2.83,0.0
20220316:1810,0.0,0.0,0.0,0.0,12.38,2.41,0.0
20220316:1910,0.0,0.0,0.0,0.0,11.76,2.62,0.0
20220316:2010,0.0,0.0,0.0,0.0,11.31,2.76,0.0
20220316:2110,0.0,0.0,0.0,0.0,10.91,2.69,0.0
20220316:2210,0.0,0.0,0.0,0.0,10.59,2.62,0.0
20220316:2310,0.0,0.0,0.0,0.0,10.3,2.55,0.0
20220317:0010,0.0,0.0,0.0,0.0,10.0,2.28,0.0
20220317:0110,0.0,0.0,0.0,0.0,9.66,2.07,0.0
20220317:0210,0.0,0.0,0.0,0.0,9.31,2.14,0.0
20220317:0310,0.0,0.0,0.0,0.0,8.87,2.21,0.0
20220317:0410,0.0,0.0,0.0,0.0,8.61,2.0,0.0
20220317:0510,0.0,0.0,0.0,0.0,8.11,1.72,0.0
20220317:0610,108.15,59.82,1.98,9.8,8.21,1.79,0.0
20220317:0710,119.02,165.22,3.91,21.22,11.07,2.0,0.0
20220317:0810,124.04,254.31,5.48,31.86,13.1,1.66,0.0
20220317:0910,681.56,171.66,10.42,41.06,14.27,1.1,0.0
20220317:1010,422.81,339.62,10.03,47.74,15.14,0.9,0.0
20220317:1110,466.74,347.25,10.67,50.53,15.82,1.72,0.0
20220317:1210,15.36,292.03,5.11,48.6,16.02,2.0,0.0
20220317:1310,343.06,313.22,8.83,42.56,16.11,2.21,0.0
20220317:1410,0.0,64.5,1.09,33.74,15.71,2.97,0.0
20220317:1510,0.0,93.06,1.58,23.3,14.77,3.66,0.0
20220317:1610,81.75,81.05,2.25,12.0,13.73,3.79,0.0
20220317:1710,0.0,0.0,0.0,0.0,13.22,2.83,0.0
20220317:1810,0.0,0.0,0.0,0.0,12.75,2.07,0.0
20220317:1910,0.0,0.0,0.0,0.0,12.47,1.79,0.0
20220317:2010,0.0,0.0,0.0,0.0,11.75,2.07,0.0
20220317:2110,0.0,0.0,0.0,0.0,10.79,2.14,0.0
20220317:2210,0.0,0.0,0.0,0.0,10.11,2.28,0.0
20220317:2310,0.0,0.0,0.0,0.0,9.75,2.41,0.0
20220318:0010,0.0,0.0,0.0,0.0,9.38,2.14,0.0
20220318:0110,0.0,0.0,0.0,0.0,8.48,1.86,0.0
20220318:0210,0.0,0.0,0.0,0.0,8.57,2.14,0.0
20220318:0310,0.0,0.0,0.0,0.0,9.08,2.28,0.0
20220318:0410,0.0,0.0,0.0,0.0,8.81,2.48,0.0
20220318:0510,0.0,0.0,0.0,0.0,8.87,2.62,0.0
20220318:0610,62.87,69.46,1.73,10.11,8.96,2.34,0.0
20220318:0710,202.1,150.33,4.53,21.54,11.66,2.28,0.0
20220318:0810,387.82,199.76,7.41,32.2,13.29,3.1,0.0
20220318:0910,607.71,202.42,10.05,41.43,14.25,3.38,0.0
20220318:1010,545.46,292.66,10.72,48.14,15.21,3.31,0.0
20220318:1110,426.09,354.08,10.38,50.92,15.81,3.52,0.0
20220318:1210,105.72,363.83,7.22,48.96,15.83,3.59,0.0
20220318:1310,388.1,296.11,9.09,42.86,15.52,3.52,0.0
20220318:1410,90.88,261.64,5.36,33.99,15.26,3.45,0.0
20220318:1510,110.35,179.12,4.19,23.52,14.78,3.17,0.0
20220318:1610,28.42,82.26,1.7,12.19,14.36,2.76,0.0
20220318:1710,0.0,0.0,0.0,0.0,13.72,2.41,0.0
20220318:1810,0.0,0.0,0.0,0.0,13.05,2.21,0.0
20220318:1910,0.0,0.0,0.0,0.0,12.81,2.55,0.0
20220318:2010,0.0,0.0,0.0,0.0,12.46,2.28,0.0
20220318:2110,0.0,0.0,0.0,0.0,12.08,1.72,0.0
20220318:2210,0.0,0.0,0.0,0.0,11.83,1.66,0.0
20220318:2310,0.0,0.0,0.0,0.0,11.53,1.72,0.0
20220319:0010,0.0,0.0,0.0,0.0,11.59,2.0,0.0
20220319:0110,0.0,0.0,0.0,0.0,11.3,2.76,0.0
20220319:0210,0.0,0.0,0.0,0.0,11.16,3.17,0.0
20220319:0310,0.0,0.0,0.0,0.0,11.05,3.24,0.0
20220319:0410,0.0,0.0,0.0,0.0,11.0,3.38,0.0
20220319:0510,0.0,0.0,0.0,0.0,11.0,3.45,0.0
20220319:0610,2.8,52.8,0.92,10.42,11.12,3.66,0.0
20220319:0710,6.62,124.16,2.17,21.86,11.71,3.72,0.0
20220319:0810,39.03,229.87,4.28,32.55,12.55,4.34,0.0
20220319:0910,23.19,270.04,4.81,41.8,12.88,4.9,0.0
20220319:1010,3.84,251.93,4.31,48.54,13.2,5.03,0.0
20220319:1110,0.0,160.32,2.72,51.32,13.35,5.17,0.0
20220319:1210,0.0,117.94,2.0,49.32,13.47,4.97,0.0
20220319:1310,0.0,94.9,1.61,43.16,13.2,5.24,0.0
20220319:1410,0.0,93.98,1.59,34.24,12.44,5.52,0.0
20220319:1510,0.0,85.69,1.45,23.73,12.01,5.45,0.0
20220319:1610,0.0,46.07,0.78,12.39,11.54,5.31,0.0
20220319:1710,0.0,0.0,0.0,0.0,10.96,4.83,0.0
20220319:1810,0.0,0.0,0.0,0.0,10.52,4.55,0.0
20220319:1910,0.0,0.0,0.0,0.0,10.28,3.59,0.0
20220319:2010,0.0,0.0,0.0,0.0,10.0,3.38,0.0
20220319:2110,0.0,0.0,0.0,0.0,9.64,3.03,0.0
20220319:2210,0.0,0.0,0.0,0.0,9.37,2.9,0.0
20220319:2310,0.0,0.0,0.0,0.0,9.1,2.76,0.0
20220320:0010,0.0,0.0,0.0,0.0,9.03,2.69,0.0
20220320:0110,0.0,0.0,0.0,0.0,8.95,2.48,0.0
20220320:0210,0.0,0.0,0.0,0.0,8.87,2.41,0.0
20220320:0310,0.0,0.0,0.0,0.0,8.72,2.28,0.0
20220320:0410,0.0,0.0,0.0,0.0,8.53,2.28,0.0
20220320:0510,0.0,0.0,0.0,0.0,8.36,2.21,0.0
20220320:0610,0.0,43.3,0.73,10.73,8.39,2.0,0.0
20220320:0710,0.0,83.85,1.42,22.18,9.83,2.48,0.0
20220320:0810,6.46,189.57,3.28,32.89,10.52,2.41,0.0
20220320:0910,15.37,259.78,4.56,42.18,10.84,2.55,0.0
20220320:1010,17.83,297.86,5.23,48.93,11.19,2.41,0.0
20220320:1110,27.88,326.82,5.83,51.72,11.35,2.21,0.0
20220320:1210,257.3,378.5,9.03,49.68,11.1,2.21,0.0
20220320:1310,412.73,294.07,9.41,43.46,11.16,2.34,0.0
20220320:1410,291.47,246.77,7.31,34.48,11.08,2.48,0.0
20220320:1510,22.16,162.8,3.0,23.94,10.7,2.55,0.0
20220320:1610,28.63,85.83,1.78,12.58,10.05,2.14,0.0
20220320:1710,0.0,0.0,0.0,0.0,9.76,1.72,0.0
20220320:1810,0.0,0.0,0.0,0.0,9.21,1.1,0.0
20220320:1910,0.0,0.0,0.0,0.0,8.37,1.79,0.0
20220320:2010,0.0,0.0,0.0,0.0,7.66,1.66,0.0
20220320:2110,0.0,0.0,0.0,0.0,7.29,1.79,0.0
20220320:2210,0.0,0.0,0.0,0.0,6.68,1.86,0.0
20220320:2310,0.0,0.0,0.0,0.0,6.37,1.86,0.0
20220321:0010,0.0,0.0,0.0,0.0,7.15,1.86,0.0
20220321:0110,0.0,0.0,0.0,0.0,6.54,1.72,0.0
20220321:0210,0.0,0.0,0.0,0.0,6.61,1.31,0.0
20220321:0310,0.0,0.0,0.0,0.0,7.28,1.03,0.0
20220321:0410,0.0,0.0,0.0,0.0,7.19,0.97,0.0
20220321:0510,0.0,0.0,0.0,0.0,7.33,0.9,0.0
20220321:0610,115.35,65.8,2.28,11.04,7.47,0.76,0.0
20220321:0710,327.2,115.01,5.5,22.5,8.61,0.28,0.0
20220321:0810,431.11,194.23,7.94,33.23,9.44,1.52,0.0
20220321:0910,303.24,322.29,8.55,42.55,9.72,2.83,0.0
20220321:1010,172.36,380.55,8.17,49.33,9.7,3.1,0.0
20220321:1110,288.84,393.55,9.61,52.12,10.08,3.17,0.0
20220321:1210,463.13,337.54,10.66,50.03,9.76,3.31,0.0
20220321:1310,149.73,341.63,7.33,43.75,9.85,3.45,0.0
20220321:1410,325.44,241.02,7.64,34.73,9.88,3.79,0.0
20220321:1510,239.04,157.67,5.38,24.16,9.62,3.72,0.0
20220321:1610,53.95,90.06,2.16,12.77,9.31,3.66,0.0
20220321:1710,0.0,0.0,0.0,0.0,8.83,3.38,0.0
20220321:1810,0.0,0.0,0.0,0.0,8.44,3.03,0.0
20220321:1910,0.0,0.0,0.0,0.0,8.61,3.45,0.0
20220321:2010,0.0,0.0,0.0,0.0,8.44,2.97,0.0
20220321:2110,0.0,0.0,0.0,0.0,8.12,2.55,0.0
20220321:2210,0.0,0.0,0.0,0.0,7.54,2.28,0.0
20220321:2310,0.0,0.0,0.0,0.0,6.72,2.07,0.0
20220322:0010,0.0,0.0,0.0,0.0,5.99,1.72,0.0
20220322:0110,0.0,0.0,0.0,0.0,6.11,1.45,0.0
20220322:0210,0.0,0.0,0.0,0.0,6.28,1.31,0.0
20220322:0310,0.0,0.0,0.0,0.0,6.27,1.31,0.0
20220322:0410,0.0,0.0,0.0,0.0,6.4,1.31,0.0
20220322:0510,0.0,0.0,0.0,0.0,5.98,1.38,0.0
20220322:0610,32.88,79.53,1.67,11.34,5.24,1.52,0.0
20220322:0710,321.45,121.98,5.58,22.82,8.69,2.21,0.0
20220322:0810,526.32,157.02,8.56,33.57,9.69,2.83,0.0
20220322:0910,644.95,204.04,10.7,42.92,10.25,3.24,0.0
20220322:1010,776.86,206.11,12.38,49.73,10.65,3.52,0.0
20220322:1110,740.67,248.82,12.59,52.51,10.85,3.59,0.0
20220322:1210,749.41,222.18,12.38,50.39,10.87,3.45,0.0
20220322:1310,725.99,164.54,11.34,44.05,10.83,3.31,0.0
20220322:1410,465.93,190.03,8.58,34.97,10.74,3.38,0.0
20220322:1510,288.84,141.41,5.77,24.36,10.43,3.03,0.0
20220322:1610,129.14,72.24,2.83,12.96,9.97,2.55,0.0
20220322:1710,0.0,0.0,0.0,0.0,9.46,1.86,0.0
20220322:1810,0.0,0.0,0.0,0.0,8.65,1.45,0.0
20220322:1910,0.0,0.0,0.0,0.0,7.6,1.24,0.0
20220322:2010,0.0,0.0,0.0,0.0,8.94,0.83,0.0
20220322:2110,0.0,0.0,0.0,0.0,8.74,0.62,0.0
20220322:2210,0.0,0.0,0.0,0.0,8.61,0.69,0.0
20220322:2310,0.0,0.0,0.0,0.0,8.54,0.69,0.0
20220323:0010,0.0,0.0,0.0,0.0,8.46,0.55,0.0
20220323:0110,0.0,0.0,0.0,0.0,8.31,0.41,0.0
20220323:0210,0.0,0.0,0.0,0.0,8.12,0.69,0.0
20220323:0310,0.0,0.0,0.0,0.0,7.97,0.83,0.0
20220323:0410,0.0,0.0,0.0,0.0,7.89,0.83,0.0
20220323:0510,0.0,0.0,0.0,0.0,7.96,0.83,0.0
20220323:0610,136.81,65.2,2.58,11.65,8.29,0.83,0.0
20220323:0710,360.41,108.62,5.89,23.14,9.14,1.03,0.0
20220323:0810,540.51,151.23,8.7,33.92,11.11,1.93,0.0
20220323:0910,660.34,198.35,10.86,43.29,11.76,2.48,0.0
20220323:1010,735.43,229.07,12.25,50.13,12.33,2.62,0.0
20220323:1110,758.45,242.17,12.77,52.91,12.76,2.62,0.0
20220323:1210,642.63,274.78,11.89,50.74,13.07,2.41,0.0
20220323:1310,717.17,169.47,11.36,44.34,13.21,2.07,0.0
20220323:1410,554.51,146.37,9.09,35.21,13.19,2.14,0.0
20220323:1510,342.53,118.63,6.14,24.57,12.98,2.28,0.0
20220323:1610,136.08,70.08,2.92,13.15,12.42,2.21,0.0
20220323:1710,0.0,0.0,0.0,0.0,11.64,1.66,0.0
20220323:1810,0.0,0.0,0.0,0.0,10.36,1.17,0.0
20220323:1910,0.0,0.0,0.0,0.0,10.84,0.9,0.0
20220323:2010,0.0,0.0,0.0,0.0,10.72,0.69,0.0
20220323:2110,0.0,0.0,0.0,0.0,10.35,0.97,0.0
20220323:2210,0.0,0.0,0.0,0.0,9.95,1.1,0.0
20220323:2310,0.0,0.0,0.0,0.0,9.55,1.17,0.0
20220324:0010,0.0,0.0,0.0,0.0,9.36,1.17,0.0
20220324:0110,0.0,0.0,0.0,0.0,9.18,1.17,0.0
20220324:0210,0.0,0.0,0.0,0.0,8.34,1.31,0.0
20220324:0310,0.0,0.0,0.0,0.0,7.26,1.52,0.0
20220324:0410,0.0,0.0,0.0,0.0,6.67,1.59,0.0
20220324:0510,0.0,0.0,0.0,0.0,6.29,1.72,0.0
20220324:0610,130.53,68.53,2.59,11.96,6.52,1.66,0.0
20220324:0710,363.34,108.13,5.97,23.46,10.38,1.24,0.0
20220324:0810,559.57,143.3,8.88,34.26,13.15,0.9,0.0
20220324:0910,714.44,170.97,11.19,43.66,14.1,0.62,0.0
20220324:1010,864.28,162.21,12.95,50.53,14.76,0.83,0.0
20220324:1110,880.54,176.67,13.41,53.31,15.21,1.38,0.0
20220324:1210,796.65,197.48,12.72,51.09,15.47,2.07,0.0
20220324:1310,715.82,170.02,11.41,44.63,15.49,2.62,0.0
20220324:1410,514.54,166.76,8.94,35.45,15.12,2.9,0.0
20220324:1510,324.04,127.07,6.08,24.78,14.67,2.76,0.0
20220324:1610,134.96,70.61,2.95,13.33,13.9,2.34,0.0
20220324:1710,0.0,0.0,0.0,0.0,13.01,1.59,0.0
20220324:1810,0.0,0.0,0.0,0.0,11.7,1.03,0.0
20220324:1910,0.0,0.0,0.0,0.0,10.83,1.03,0.0
20220324:2010,0.0,0.0,0.0,0.0,11.33,0.9,0.0
20220324:2110,0.0,0.0,0.0,0.0,10.94,0.76,0.0
20220324:2210,0.0,0.0,0.0,0.0,10.53,0.9,0.0
20220324:2310,0.0,0.0,0.0,0.0,10.12,1.1,0.0
20220325:0010,0.0,0.0,0.0,0.0,8.77,1.31,0.0
20220325:0110,0.0,0.0,0.0,0.0,7.71,1.45,0.0
20220325:0210,0.0,0.0,0.0,0.0,7.06,1.59,0.0
20220325:0310,0.0,0.0,0.0,0.0,7.25,1.52,0.0
20220325:0410,0.0,0.0,0.0,0.0,7.57,1.45,0.0
20220325:0510,0.0,0.0,0.0,0.0,7.11,1.52,0.0
20220325:0610,138.21,67.41,2.7,12.27,6.91,1.52,0.0
20220325:0710,370.0,106.67,6.08,23.78,10.81,1.17,0.0
20220325:0810,553.41,147.06,8.91,34.6,13.08,1.52,0.0
20220325:0910,701.89,178.02,11.19,44.03,14.04,1.66,0.0
20220325:1010,796.75,196.87,12.66,50.92,14.8,1.52,0.0
20220325:1110,786.11,227.21,13.0,53.7,15.36,1.52,0.0
20220325:1210,695.6,249.51,12.27,51.45,15.67,1.93,0.0
20220325:1310,554.49,250.8,10.63,44.92,15.64,2.55,0.0
20220325:1410,448.55,198.21,8.63,35.69,15.32,2.76,0.0
20220325:1510,261.17,155.04,5.75,24.98,14.9,2.69,0.0
20220325:1610,107.54,81.93,2.8,13.52,14.24,2.62,0.0
20220325:1710,0.0,3.5,0.06,1.76,13.5,2.34,0.0
20220325:1810,0.0,0.0,0.0,0.0,12.69,2.14,0.0
20220325:1910,0.0,0.0,0.0,0.0,11.99,2.28,0.0
20220325:2010,0.0,0.0,0.0,0.0,11.48,2.41,0.0
20220325:2110,0.0,0.0,0.0,0.0,11.07,2.41,0.0
20220325:2210,0.0,0.0,0.0,0.0,10.61,2.34,0.0
20220325:2310,0.0,0.0,0.0,0.0,9.86,2.28,0.0
20220326:0010,0.0,0.0,0.0,0.0,9.16,2.28,0.0
20220326:0110,0.0,0.0,0.0,0.0,8.63,2.28,0.0
20220326:0210,0.0,0.0,0.0,0.0,8.07,2.21,0.0
20220326:0310,0.0,0.0,0.0,0.0,7.63,2.28,0.0
20220326:0410,0.0,0.0,0.0,0.0,7.56,2.41,0.0
20220326:0510,0.0,0.0,0.0,0.0,7.18,2.28,0.0
20220326:0610,4.9,69.54,1.23,12.58,7.82,2.07,0.0
20220326:0710,1.24,123.57,2.11,24.1,11.45,2.55,0.0
20220326:0810,227.13,267.47,6.94,34.94,13.68,2.28,0.0
20220326:0910,451.4,288.55,9.84,44.4,14.57,2.14,0.0
20220326:1010,557.92,306.81,11.41,51.32,15.51,2.41,0.0
20220326:1110,77.63,381.43,7.28,54.1,16.59,2.48,0.0
20220326:1210,84.55,374.0,7.23,51.79,17.34,3.03,0.0
20220326:1310,261.21,342.67,8.64,45.21,17.13,3.66,0.0
20220326:1410,98.25,278.27,5.8,35.93,16.25,3.72,0.0
20220326:1510,43.15,184.32,3.63,25.18,15.71,3.93,0.0
20220326:1610,7.56,81.63,1.48,13.7,15.12,3.79,0.0
20220326:1710,0.0,0.87,0.02,1.94,14.35,3.38,0.0
20220326:1810,0.0,0.0,0.0,0.0,13.54,2.9,0.0
20220326:1910,0.0,0.0,0.0,0.0,13.51,2.83,0.0
20220326:2010,0.0,0.0,0.0,0.0,13.1,2.97,0.0
20220326:2110,0.0,0.0,0.0,0.0,12.78,3.03,0.0
20220326:2210,0.0,0.0,0.0,0.0,12.12,3.1,0.0
20220326:2310,0.0,0.0,0.0,0.0,11.61,3.24,0.0
20220327:0010,0.0,0.0,0.0,0.0,11.31,3.31,0.0
20220327:0110,0.0,0.0,0.0,0.0,11.2,3.45,0.0
20220327:0210,0.0,0.0,0.0,0.0,11.05,3.59,0.0
20220327:0310,0.0,0.0,0.0,0.0,11.13,3.72,0.0
20220327:0410,0.0,0.0,0.0,0.0,11.14,3.93,0.0
20220327:0510,0.0,0.0,0.0,0.0,11.16,3.86,0.0
20220327:0610,30.1,88.84,1.84,12.88,11.63,3.66,0.0
20220327:0710,176.79,176.2,4.92,24.42,13.45,2.97,0.0
20220327:0810,308.31,245.25,7.53,35.28,15.29,3.52,0.0
20220327:0910,539.09,248.58,10.33,44.77,16.56,4.28,0.0
20220327:1010,623.01,274.28,11.75,51.72,17.41,4.28,0.0
20220327:1110,457.56,359.07,11.11,54.49,18.03,4.21,0.0
20220327:1210,621.99,273.02,11.81,52.14,18.42,4.07,0.0
20220327:1310,504.0,263.68,10.3,45.49,18.48,3.93,0.0
20220327:1410,342.88,234.87,7.97,36.16,17.77,3.86,0.0
20220327:1510,171.08,181.05,5.11,25.38,16.89,3.72,0.0
20220327:1610,60.58,94.87,2.42,13.89,16.22,3.17,0.0
20220327:1710,0.0,4.37,0.08,2.12,15.4,2.62,0.0
20220327:1810,0.0,0.0,0.0,0.0,14.35,2.21,0.0
20220327:1910,0.0,0.0,0.0,0.0,13.36,1.38,0.0
20220327:2010,0.0,0.0,0.0,0.0,12.46,1.31,0.0
20220327:2110,0.0,0.0,0.0,0.0,11.85,1.03,0.0
20220327:2210,0.0,0.0,0.0,0.0,11.97,0.9,0.0
20220327:2310,0.0,0.0,0.0,0.0,11.01,1.1,0.0
20220328:0010,0.0,0.0,0.0,0.0,11.26,0.9,0.0
20220328:0110,0.0,0.0,0.0,0.0,11.09,0.83,0.0
20220328:0210,0.0,0.0,0.0,0.0,11.05,0.83,0.0
20220328:0310,0.0,0.0,0.0,0.0,10.98,0.9,0.0
20220328:0410,0.0,0.0,0.0,0.0,10.68,0.97,0.0
20220328:0510,0.0,0.0,0.0,0.0,9.99,1.17,0.0
20220328:0610,47.4,92.31,2.11,13.19,9.85,1.24,0.0
20220328:0710,169.16,179.03,4.91,24.73,13.03,1.31,0.0
20220328:0810,286.76,253.06,7.44,35.62,14.52,0.97,0.0
20220328:0910,462.66,280.56,9.94,45.14,15.14,0.9,0.0
20220328:1010,558.83,301.12,11.42,52.11,15.71,1.38,0.0
20220328:1110,523.88,334.46,11.55,54.88,15.99,2.14,0.0
20220328:1210,581.46,290.64,11.63,52.49,15.87,2.55,0.0
20220328:1310,449.69,284.91,10.0,45.77,14.62,2.14,0.0
20220328:1410,296.96,250.36,7.69,36.39,14.7,1.59,0.0
20220328:1510,191.37,175.25,5.3,25.58,14.66,1.45,0.0
20220328:1610,61.73,94.68,2.45,14.07,14.31,1.59,0.0
20220328:1710,0.0,5.25,0.09,2.29,13.66,1.17,0.0
20220328:1810,0.0,0.0,0.0,0.0,12.97,0.69,0.0
20220328:1910,0.0,0.0,0.0,0.0,12.09,0.41,0.0
20220328:2010,0.0,0.0,0.0,0.0,12.0,0.34,0.0
20220328:2110,0.0,0.0,0.0,0.0,11.69,0.48,0.0
20220328:2210,0.0,0.0,0.0,0.0,11.26,0.76,0.0
20220328:2310,0.0,0.0,0.0,0.0,10.64,0.97,0.0
20220329:0010,0.0,0.0,0.0,0.0,10.25,1.1,0.0
20220329:0110,0.0,0.0,0.0,0.0,9.96,1.1,0.0
20220329:0210,0.0,0.0,0.0,0.0,9.65,1.17,0.0
20220329:0310,0.0,0.0,0.0,0.0,8.85,1.38,0.0
20220329:0410,0.0,0.0,0.0,0.0,8.04,1.66,0.0
20220329:0510,0.0,1.84,0.03,1.71,8.05,1.86,0.0
20220329:0610,80.51,91.13,2.5,13.49,9.47,1.93,0.0
20220329:0710,115.83,191.03,4.52,25.05,11.61,2.07,0.0
20220329:0810,362.92,230.73,8.02,35.95,12.99,2.21,0.0
20220329:0910,520.11,259.18,10.34,45.51,14.12,1.66,0.0
20220329:1010,574.54,297.24,11.59,52.5,15.13,0.83,0.0
20220329:1110,627.3,294.68,12.23,55.27,15.92,0.83,0.0
20220329:1210,502.65,325.25,11.23,52.83,16.45,0.9,0.0
20220329:1310,216.51,347.31,8.28,46.05,16.69,1.52,0.0
20220329:1410,313.92,246.1,7.86,36.62,16.3,2.69,0.0
20220329:1510,80.66,195.38,4.28,25.78,15.83,2.55,0.0
20220329:1610,18.54,93.42,1.84,14.25,15.53,2.34,0.0
20220329:1710,0.0,5.25,0.09,2.47,14.82,2.28,0.0
20220329:1810,0.0,0.0,0.0,0.0,13.93,2.28,0.0
20220329:1910,0.0,0.0,0.0,0.0,13.25,2.55,0.0
20220329:2010,0.0,0.0,0.0,0.0,12.71,2.69,0.0
20220329:2110,0.0,0.0,0.0,0.0,12.45,3.03,0.0
20220329:2210,0.0,0.0,0.0,0.0,12.21,3.17,0.0
20220329:2310,0.0,0.0,0.0,0.0,11.96,3.45,0.0
20220330:0010,0.0,0.0,0.0,0.0,11.87,3.93,0.0
20220330:0110,0.0,0.0,0.0,0.0,12.09,3.86,0.0
20220330:0210,0.0,0.0,0.0,0.0,12.32,3.52,0.0
20220330:0310,0.0,0.0,0.0,0.0,12.49,3.86,0.0
20220330:0410,0.0,0.0,0.0,0.0,12.77,4.62,0.0
20220330:0510,0.0,0.92,0.02,2.01,12.75,4.62,0.0
20220330:0610,0.0,46.07,0.78,13.8,13.14,4.69,0.0
20220330:0710,3.59,135.75,2.34,25.37,14.9,5.45,0.0
20220330:0810,3.63,191.97,3.3,36.29,16.2,6.34,0.0
20220330:0910,1.21,219.39,3.73,45.87,17.13,6.9,0.0
20220330:1010,15.79,307.58,5.39,52.9,17.18,5.52,0.0
20220330:1110,19.36,326.42,5.75,55.66,17.49,4.41,0.0
20220330:1210,33.68,336.43,6.08,53.17,18.87,4.07,0.0
20220330:1310,2.38,231.47,3.95,46.33,19.99,4.41,0.0
20220330:1410,1.17,182.52,3.11,36.85,20.45,5.03,0.0
20220330:1510,12.39,162.32,2.91,25.98,20.22,5.03,0.0
20220330:1610,11.16,89.15,1.67,14.43,19.47,5.45,0.0
20220330:1710,0.0,6.12,0.11,2.65,18.47,5.17,0.0
20220330:1810,0.0,0.0,0.0,0.0,17.68,5.59,0.0
20220330:1910,0.0,0.0,0.0,0.0,17.4,10.14,0.0
20220330:2010,0.0,0.0,0.0,0.0,16.83,10.07,0.0
20220330:2110,0.0,0.0,0.0,0.0,16.18,9.1,0.0
20220330:2210,0.0,0.0,0.0,0.0,15.94,8.07,0.0
20220330:2310,0.0,0.0,0.0,0.0,16.25,7.72,0.0
20220331:0010,0.0,0.0,0.0,0.0,16.72,6.9,0.0
20220331:0110,0.0,0.0,0.0,0.0,17.1,6.0,0.0
20220331:0210,0.0,0.0,0.0,0.0,17.1,4.48,0.0
20220331:0310,0.0,0.0,0.0,0.0,16.22,3.66,0.0
20220331:0410,0.0,0.0,0.0,0.0,15.49,3.52,0.0
20220331:0510,0.48,6.33,0.13,2.31,15.42,3.86,0.0
20220331:0610,0.0,23.03,0.39,14.1,15.49,3.72,0.0
20220331:0710,0.0,71.87,1.22,25.68,16.05,3.86,0.0
20220331:0810,0.0,53.44,0.91,36.62,16.47,2.97,0.0
20220331:0910,0.0,87.53,1.48,46.24,17.12,2.69,0.0
20220331:1010,0.0,222.97,3.78,53.29,17.53,3.03,0.0
20220331:1110,386.79,375.98,10.69,56.05,17.23,2.62,0.0
20220331:1210,119.72,384.3,7.83,53.51,17.25,3.03,0.0
20220331:1310,26.05,294.85,5.3,46.61,17.12,4.0,0.0
20220331:1410,13.94,228.92,4.05,37.08,17.09,4.14,0.0
20220331:1510,29.04,180.55,3.42,26.17,16.97,3.93,0.0
20220331:1610,107.91,80.6,2.97,14.61,16.3,3.38,0.0
20220331:1710,0.0,7.87,0.14,2.83,15.56,2.83,0.0
20220331:1810,0.0,0.0,0.0,0.0,14.71,3.03,0.0
20220331:1910,0.0,0.0,0.0,0.0,13.89,2.21,0.0
20220331:2010,0.0,0.0,0.0,0.0,13.44,2.76,0.0
20220331:2110,0.0,0.0,0.0,0.0,13.13,3.24,0.0
20220331:2210,0.0,0.0,0.0,0.0,12.75,3.45,0.0
20220331:2310,0.0,0.0,0.0,0.0,12.63,3.93,0.0
20220401:0010,0.0,0.0,0.0,0.0,12.42,4.48,0.0
20220401:0110,0.0,0.0,0.0,0.0,12.16,4.76,0.0
20220401:0210,0.0,0.0,0.0,0.0,11.93,4.62,0.0
20220401:0310,0.0,0.0,0.0,0.0,11.73,4.41,0.0
20220401:0410,0.0,0.0,0.0,0.0,11.75,4.62,0.0
20220401:0510,0.0,1.84,0.03,2.61,11.55,4.9,0.0
20220401:0610,13.41,91.43,1.72,14.4,11.44,4.9,0.0
20220401:0710,105.91,196.8,4.55,25.99,12.23,4.55,0.0
20220401:0810,248.74,270.82,7.39,36.95,13.38,5.66,0.0
20220401:0910,129.88,350.7,7.36,46.6,13.7,6.69,0.0
20220401:1010,245.47,393.86,9.36,53.68,13.85,6.76,0.0
20220401:1110,0.0,129.91,2.2,56.44,14.56,6.69,0.0
20220401:1210,288.42,388.12,9.8,53.85,15.07,7.03,0.0
20220401:1310,437.09,293.3,10.13,46.88,15.09,6.76,0.0
20220401:1410,519.42,154.81,9.23,37.3,14.41,7.03,0.0
20220401:1510,191.61,178.57,5.47,26.37,14.01,6.34,0.0
20220401:1610,115.17,80.49,3.11,14.79,13.4,6.0,0.0
20220401:1710,0.0,10.5,0.19,3.0,12.95,5.45,0.0
20220401:1810,0.0,0.0,0.0,0.0,12.39,5.24,0.0
20220401:1910,0.0,0.0,0.0,0.0,12.08,6.14,0.0
20220401:2010,0.0,0.0,0.0,0.0,12.07,6.41,0.0
20220401:2110,0.0,0.0,0.0,0.0,11.4,6.97,0.0
20220401:2210,0.0,0.0,0.0,0.0,10.79,6.97,0.0
20220401:2310,0.0,0.0,0.0,0.0,10.31,7.03,0.0
20220402:0010,0.0,0.0,0.0,0.0,9.88,6.83,0.0
20220402:0110,0.0,0.0,0.0,0.0,9.32,6.21,0.0
20220402:0210,0.0,0.0,0.0,0.0,8.98,5.86,0.0
20220402:0310,0.0,0.0,0.0,0.0,8.7,5.52,0.0
20220402:0410,0.0,0.0,0.0,0.0,8.47,5.03,0.0
20220402:0510,0.0,6.45,0.11,2.91,8.23,4.9,0.0
20220402:0610,154.28,75.82,3.33,14.7,8.39,4.62,0.0
20220402:0710,247.49,168.7,5.83,26.3,9.55,5.31,0.0
20220402:0810,501.67,180.45,9.14,37.28,10.51,6.55,0.0
20220402:0910,737.13,164.32,11.88,46.96,11.37,6.34,0.0
20220402:1010,771.44,210.67,12.97,54.07,10.75,6.83,0.0
20220402:1110,83.61,395.49,7.63,56.83,11.48,6.69,0.0
20220402:1210,1.19,258.09,4.39,54.18,12.4,6.76,0.0
20220402:1310,437.25,299.09,10.25,47.15,12.45,7.03,0.0
20220402:1410,0.0,86.61,1.47,37.52,12.21,7.72,0.0
20220402:1510,1.1,130.91,2.23,26.56,11.72,8.0,0.0
20220402:1610,131.9,75.71,3.33,14.97,10.76,7.59,0.0
20220402:1710,0.0,3.5,0.06,3.18,9.86,6.76,0.0
20220402:1810,0.0,0.0,0.0,0.0,9.6,6.76,0.0
20220402:1910,0.0,0.0,0.0,0.0,9.2,6.28,0.0
20220402:2010,0.0,0.0,0.0,0.0,9.06,6.62,0.0
20220402:2110,0.0,0.0,0.0,0.0,8.82,6.83,0.0
20220402:2210,0.0,0.0,0.0,0.0,8.42,6.83,0.0
20220402:2310,0.0,0.0,0.0,0.0,8.15,6.41,0.0
20220403:0010,0.0,0.0,0.0,0.0,7.98,6.21,0.0
20220403:0110,0.0,0.0,0.0,0.0,7.98,6.21,0.0
20220403:0210,0.0,0.0,0.0,0.0,8.07,6.07,0.0
20220403:0310,0.0,0.0,0.0,0.0,8.25,5.79,0.0
20220403:0410,0.0,0.0,0.0,0.0,8.38,5.24,0.0
20220403:0510,0.0,4.61,0.08,3.21,8.53,4.76,0.0
20220403:0610,113.1,92.52,3.06,15.0,8.85,4.21,0.0
20220403:0710,294.19,152.26,6.2,26.61,9.75,5.52,0.0
20220403:0810,485.74,188.97,9.11,37.61,10.67,5.93,0.0
20220403:0910,328.66,339.52,9.47,47.31,11.59,5.79,0.0
20220403:1010,663.08,267.69,12.47,54.45,12.3,5.17,0.0
20220403:1110,393.67,391.64,11.09,57.21,12.69,4.48,0.0
20220403:1210,520.9,327.94,11.69,54.52,13.01,4.14,0.0
20220403:1310,458.41,291.66,10.44,47.42,13.38,4.07,0.0
20220403:1410,156.24,290.55,6.78,37.74,13.15,4.0,0.0
20220403:1510,22.88,182.6,3.39,26.75,12.34,3.66,0.0
20220403:1610,0.0,59.89,1.02,15.14,11.55,2.9,0.0
20220403:1710,0.0,7.87,0.14,3.35,10.96,2.07,0.0
20220403:1810,0.0,0.0,0.0,0.0,10.49,1.52,0.0
20220403:1910,0.0,0.0,0.0,0.0,9.76,1.45,0.0
20220403:2010,0.0,0.0,0.0,0.0,9.25,1.59,0.0
20220403:2110,0.0,0.0,0.0,0.0,9.19,2.07,0.0
20220403:2210,0.0,0.0,0.0,0.0,9.2,2.34,0.0
20220403:2310,0.0,0.0,0.0,0.0,9.17,2.34,0.0
20220404:0010,0.0,0.0,0.0,0.0,9.01,2.14,0.0
20220404:0110,0.0,0.0,0.0,0.0,8.52,2.07,0.0
20220404:0210,0.0,0.0,0.0,0.0,8.44,2.28,0.0
20220404:0310,0.0,0.0,0.0,0.0,8.55,2.48,0.0
20220404:0410,0.0,0.0,0.0,0.0,8.83,2.83,0.0
20220404:0510,0.0,3.69,0.06,3.51,9.14,3.1,0.0
20220404:0610,0.0,63.58,1.08,15.3,9.78,3.52,0.0
20220404:0710,21.84,178.1,3.28,26.91,10.46,3.72,0.0
20220404:0810,117.5,288.2,6.22,37.94,11.17,4.28,0.0
20220404:0910,343.67,328.11,9.5,47.67,11.87,4.21,0.0
20220404:1010,250.53,396.28,9.52,54.84,12.33,4.55,0.0
20220404:1110,261.72,410.4,9.89,57.59,12.58,4.9,0.0
20220404:1210,170.51,398.23,8.67,54.85,12.65,5.1,0.0
20220404:1310,369.11,316.42,9.75,47.69,12.23,5.1,0.0
20220404:1410,14.74,235.39,4.17,37.96,12.18,5.17,0.0
20220404:1510,2.16,139.27,2.39,26.93,11.66,4.76,0.0
20220404:1610,4.71,84.04,1.5,15.32,11.24,4.21,0.0
20220404:1710,0.0,1.75,0.03,3.53,10.99,3.59,0.0
20220404:1810,0.0,0.0,0.0,0.0,10.74,3.1,0.0
20220404:1910,0.0,0.0,0.0,0.0,10.92,2.76,0.0
20220404:2010,0.0,0.0,0.0,0.0,10.81,2.69,0.0
20220404:2110,0.0,0.0,0.0,0.0,10.57,2.55,0.0
20220404:2210,0.0,0.0,0.0,0.0,10.49,2.41,0.0
20220404:2310,0.0,0.0,0.0,0.0,10.44,2.41,0.0
20220405:0010,0.0,0.0,0.0,0.0,10.34,2.48,0.0
20220405:0110,0.0,0.0,0.0,0.0,10.3,2.62,0.0
20220405:0210,0.0,0.0,0.0,0.0,10.12,2.21,0.0
20220405:0310,0.0,0.0,0.0,0.0,9.78,2.07,0.0
20220405:0410,0.0,0.0,0.0,0.0,9.56,2.21,0.0
20220405:0510,0.0,10.14,0.17,3.8,9.47,2.14,0.0
20220405:0610,83.76,103.71,2.89,15.59,10.36,2.07,0.0
20220405:0710,205.31,184.51,5.64,27.22,11.72,2.55,0.0
20220405:0810,348.17,245.47,8.31,38.26,12.6,2.34,0.0
20220405:0910,507.14,271.24,10.66,48.02,13.42,1.79,0.0
20220405:1010,633.66,273.61,12.28,55.22,14.4,1.59,0.0
20220405:1110,582.56,316.72,12.31,57.97,15.32,1.59,0.0
20220405:1210,626.38,273.29,12.28,55.18,15.72,2.83,0.0
20220405:1310,505.92,263.92,10.7,47.95,15.21,3.45,0.0
20220405:1410,349.36,234.75,8.38,38.17,14.84,3.52,0.0
20220405:1510,199.35,177.39,5.67,27.12,14.26,3.31,0.0
20220405:1610,65.95,101.39,2.78,15.49,13.79,2.83,0.0
20220405:1710,0.0,16.62,0.3,3.7,13.22,2.07,0.0
20220405:1810,0.0,0.0,0.0,0.0,12.71,1.52,0.0
20220405:1910,0.0,0.0,0.0,0.0,12.16,1.38,0.0
20220405:2010,0.0,0.0,0.0,0.0,11.28,1.38,0.0
20220405:2110,0.0,0.0,0.0,0.0,10.71,1.38,0.0
20220405:2210,0.0,0.0,0.0,0.0,10.24,1.45,0.0
20220405:2310,0.0,0.0,0.0,0.0,9.85,1.52,0.0
20220406:0010,0.0,0.0,0.0,0.0,10.29,1.17,0.0
20220406:0110,0.0,0.0,0.0,0.0,10.64,0.97,0.0
20220406:0210,0.0,0.0,0.0,0.0,10.3,1.03,0.0
20220406:0310,0.0,0.0,0.0,0.0,8.81,1.45,0.0
20220406:0410,0.0,0.0,0.0,0.0,8.48,1.72,0.0
20220406:0510,0.0,13.82,0.23,4.09,8.55,1.86,0.0
20220406:0610,54.47,110.06,2.61,15.88,10.25,1.79,0.0
20220406:0710,183.4,192.37,5.52,27.52,12.96,1.72,0.0
20220406:0810,341.57,248.58,8.31,38.58,15.17,1.52,0.0
20220406:0910,464.84,290.13,10.45,48.37,16.66,1.31,0.0
20220406:1010,570.9,302.81,11.97,55.6,17.79,1.72,0.0
20220406:1110,569.55,321.68,12.27,58.35,18.61,1.86,0.0
20220406:1210,637.64,266.79,12.38,55.5,19.21,1.59,0.0
20220406:1310,568.99,233.52,11.11,48.21,19.4,1.31,0.0
20220406:1410,379.81,221.58,8.61,38.39,19.17,0.62,0.0
20220406:1510,221.15,169.25,5.88,27.31,18.6,0.62,0.0
20220406:1610,12.82,99.1,1.89,15.66,17.6,1.38,0.0
20220406:1710,0.0,14.0,0.25,3.88,16.33,1.52,0.0
20220406:1810,0.0,0.0,0.0,0.0,15.14,1.52,0.0
20220406:1910,0.0,0.0,0.0,0.0,13.81,1.52,0.0
20220406:2010,0.0,0.0,0.0,0.0,13.56,2.21,0.0
20220406:2110,0.0,0.0,0.0,0.0,13.54,3.24,0.0
20220406:2210,0.0,0.0,0.0,0.0,13.22,3.93,0.0
20220406:2310,0.0,0.0,0.0,0.0,13.01,4.69,0.0
20220407:0010,0.0,0.0,0.0,0.0,12.75,5.17,0.0
20220407:0110,0.0,0.0,0.0,0.0,12.9,6.0,0.0
20220407:0210,0.0,0.0,0.0,0.0,12.58,6.76,0.0
20220407:0310,0.0,0.0,0.0,0.0,12.3,7.17,0.0
20220407:0410,0.0,0.0,0.0,0.0,12.1,7.45,0.0
20220407:0510,0.0,2.76,0.05,4.38,11.71,6.76,0.0
20220407:0610,0.0,36.86,0.63,16.17,11.71,5.72,0.0
20220407:0710,14.61,177.29,3.19,27.82,12.33,6.14,0.0
20220407:0810,9.24,227.5,3.97,38.9,12.81,6.14,0.0
20220407:0910,128.52,361.68,7.59,48.72,13.34,5.86,0.0
20220407:1010,709.12,242.14,12.88,55.98,14.0,5.93,0.0
20220407:1110,736.75,247.66,13.34,58.73,14.44,6.21,0.0
20220407:1210,713.82,232.53,12.91,55.83,15.03,7.17,0.0
20220407:1310,600.58,222.52,11.41,48.47,15.36,7.31,0.0
20220407:1410,436.65,198.86,9.06,38.6,15.35,6.55,0.0
20220407:1510,299.56,135.8,6.5,27.49,15.59,6.9,0.0
20220407:1610,116.52,83.11,3.38,15.84,15.28,6.62,0.0
20220407:1710,0.0,18.37,0.33,4.05,14.68,6.14,0.0
20220407:1810,0.0,0.0,0.0,0.0,13.84,5.66,0.0
20220407:1910,0.0,0.0,0.0,0.0,13.27,5.45,0.0
20220407:2010,0.0,0.0,0.0,0.0,12.8,4.97,0.0
20220407:2110,0.0,0.0,0.0,0.0,12.38,4.55,0.0
20220407:2210,0.0,0.0,0.0,0.0,12.06,4.21,0.0
20220407:2310,0.0,0.0,0.0,0.0,11.77,4.0,0.0
20220408:0010,0.0,0.0,0.0,0.0,11.8,4.0,0.0
20220408:0110,0.0,0.0,0.0,0.0,11.71,3.86,0.0
20220408:0210,0.0,0.0,0.0,0.0,11.45,3.79,0.0
20220408:0310,0.0,0.0,0.0,0.0,11.23,3.93,0.0
20220408:0410,0.0,0.0,0.0,0.0,11.02,4.0,0.0
20220408:0510,8.24,18.2,0.69,4.67,10.8,4.0,0.0
20220408:0610,169.89,79.89,3.83,16.46,11.65,3.72,0.0
20220408:0710,394.96,114.36,7.19,28.11,13.71,3.79,0.0
20220408:0810,579.13,149.17,9.98,39.22,15.56,3.79,0.0
20220408:0910,750.11,162.77,12.34,49.07,17.28,3.66,0.0
20220408:1010,859.02,169.5,13.84,56.36,18.74,3.31,0.0
20220408:1110,868.81,182.43,14.19,59.1,19.49,3.52,0.0
20220408:1210,881.81,151.08,14.02,56.15,19.44,4.21,0.0
20220408:1310,748.01,150.98,12.39,48.73,19.26,4.41,0.0
20220408:1410,534.93,152.95,9.77,38.81,19.19,4.14,0.0
20220408:1510,347.45,116.14,6.94,27.67,18.99,3.66,0.0
20220408:1610,139.88,74.42,3.67,16.01,18.38,3.03,0.0
20220408:1710,0.0,19.24,0.34,4.22,17.36,2.48,0.0
20220408:1810,0.0,0.0,0.0,0.0,16.11,2.34,0.0
20220408:1910,0.0,0.0,0.0,0.0,15.03,3.1,0.0
20220408:2010,0.0,0.0,0.0,0.0,14.12,3.38,0.0
20220408:2110,0.0,0.0,0.0,0.0,13.48,3.52,0.0
20220408:2210,0.0,0.0,0.0,0.0,13.07,3.66,0.0
20220408:2310,0.0,0.0,0.0,0.0,12.85,4.0,0.0
20220409:0010,0.0,0.0,0.0,0.0,12.71,4.21,0.0
20220409:0110,0.0,0.0,0.0,0.0,12.6,4.48,0.0
20220409:0210,0.0,0.0,0.0,0.0,12.52,4.55,0.0
20220409:0310,0.0,0.0,0.0,0.0,12.47,4.48,0.0
20220409:0410,0.0,0.0,0.0,0.0,12.42,4.28,0.0
20220409:0510,9.04,19.32,0.75,4.96,12.32,4.34,0.0
20220409:0610,156.87,86.09,3.77,16.74,13.08,4.34,0.0
20220409:0710,316.84,150.2,6.7,28.41,15.01,4.55,0.0
20220409:0810,562.3,156.95,9.92,39.53,16.48,4.69,0.0
20220409:0910,706.17,183.33,12.11,49.41,17.61,5.45,0.0
20220409:1010,76.71,390.4,7.5,56.73,18.44,5.72,0.0
20220409:1110,55.67,389.6,7.25,59.48,19.16,5.72,0.0
20220409:1210,187.58,411.53,9.16,56.47,19.4,5.66,0.0
20220409:1310,253.83,357.18,9.11,48.98,19.23,5.79,0.0
20220409:1410,487.84,175.56,9.5,39.01,18.8,5.72,0.0
20220409:1510,293.87,140.8,6.58,27.85,18.26,5.38,0.0
20220409:1610,126.58,79.64,3.56,16.18,17.7,4.97,0.0
20220409:1710,0.0,20.12,0.36,4.39,16.55,4.83,0.0
20220409:1810,0.0,0.0,0.0,0.0,15.16,4.34,0.0
20220409:1910,0.0,0.0,0.0,0.0,14.61,4.14,0.0
20220409:2010,0.0,0.0,0.0,0.0,13.81,4.07,0.0
20220409:2110,0.0,0.0,0.0,0.0,13.44,4.14,0.0
20220409:2210,0.0,0.0,0.0,0.0,13.33,4.55,0.0
20220409:2310,0.0,0.0,0.0,0.0,13.03,4.83,0.0
20220410:0010,0.0,0.0,0.0,0.0,12.63,4.55,0.0
20220410:0110,0.0,0.0,0.0,0.0,12.04,4.97,0.0
20220410:0210,0.0,0.0,0.0,0.0,11.54,5.72,0.0
20220410:0310,0.0,0.0,0.0,0.0,11.14,5.86,0.0
20220410:0410,0.0,0.0,0.0,0.0,10.86,5.79,0.0
20220410:0510,0.43,19.15,0.34,5.24,10.73,5.93,0.0
20220410:0610,145.17,94.23,3.75,17.03,11.27,5.72,0.0
20220410:0710,272.83,175.42,6.53,28.7,12.11,6.76,0.0
20220410:0810,516.11,186.33,9.78,39.84,13.08,7.38,0.0
20220410:0910,666.1,212.35,12.05,49.75,13.79,7.31,0.0
20220410:1010,791.7,210.35,13.64,57.1,14.31,7.52,0.0
20220410:1110,487.49,372.48,12.16,59.85,14.31,7.59,0.0
20220410:1210,577.57,311.71,12.44,56.78,14.05,7.45,0.0
20220410:1310,656.42,202.44,12.0,49.23,13.75,7.1,0.0
20220410:1410,557.36,143.98,10.05,39.22,13.51,6.83,0.0
20220410:1510,362.72,110.4,7.17,28.03,13.08,6.48,0.0
20220410:1610,144.86,73.66,3.83,16.35,12.44,5.93,0.0
20220410:1710,0.0,20.12,0.36,4.56,11.7,5.17,0.0
20220410:1810,0.0,0.0,0.0,0.0,10.96,4.62,0.0
20220410:1910,0.0,0.0,0.0,0.0,10.58,3.52,0.0
20220410:2010,0.0,0.0,0.0,0.0,10.25,2.97,0.0
20220410:2110,0.0,0.0,0.0,0.0,9.87,2.34,0.0
20220410:2210,0.0,0.0,0.0,0.0,9.3,2.07,0.0
20220410:2310,0.0,0.0,0.0,0.0,8.75,1.45,0.0
20220411:0010,0.0,0.0,0.0,0.0,10.5,0.62,0.0
20220411:0110,0.0,0.0,0.0,0.0,10.36,0.62,0.0
20220411:0210,0.0,0.0,0.0,0.0,10.18,0.9,0.0
20220411:0310,0.0,0.0,0.0,0.0,9.93,1.03,0.0
20220411:0410,0.0,0.0,0.0,0.0,9.56,1.1,0.0
20220411:0510,11.89,19.93,0.91,5.52,8.88,1.24,0.0
20220411:0610,168.4,86.65,4.02,17.31,8.48,1.45,0.0
20220411:0710,387.87,123.39,7.36,28.98,11.6,1.93,0.0
20220411:0810,609.52,140.83,10.42,40.14,12.57,2.55,0.0
20220411:0910,796.21,145.62,12.88,50.09,13.44,2.9,0.0
20220411:1010,896.82,155.42,14.31,57.47,14.15,3.03,0.0
20220411:1110,906.64,168.42,14.66,60.21,14.63,3.03,0.0
20220411:1210,859.33,166.15,14.09,57.1,14.9,3.03,0.0
20220411:1310,718.5,168.78,12.41,49.48,14.93,2.9,0.0
20220411:1410,543.36,151.74,10.02,39.42,14.79,2.97,0.0
20220411:1510,312.92,135.38,6.86,28.21,14.5,3.1,0.0
20220411:1610,127.56,81.73,3.69,16.52,13.98,3.17,0.0
20220411:1710,0.0,20.99,0.38,4.74,13.21,2.97,0.0
20220411:1810,0.0,0.0,0.0,0.0,12.41,2.76,0.0
20220411:1910,0.0,0.0,0.0,0.0,11.78,2.62,0.0
20220411:2010,0.0,0.0,0.0,0.0,11.33,2.34,0.0
20220411:2110,0.0,0.0,0.0,0.0,10.69,1.93,0.0
20220411:2210,0.0,0.0,0.0,0.0,9.86,1.59,0.0
20220411:2310,0.0,0.0,0.0,0.0,9.34,1.52,0.0
20220412:0010,0.0,0.0,0.0,0.0,8.7,1.59,0.0
20220412:0110,0.0,0.0,0.0,0.0,8.26,1.72,0.0
20220412:0210,0.0,0.0,0.0,0.0,7.95,1.79,0.0
20220412:0310,0.0,0.0,0.0,0.0,7.64,1.79,0.0
20220412:0410,0.0,0.0,0.0,0.0,7.09,1.86,0.0
20220412:0510,9.71,29.22,0.89,5.8,6.67,2.14,0.0
20220412:0610,158.83,89.95,3.95,17.58,9.24,2.21,0.0
20220412:0710,390.69,120.88,7.41,29.27,12.11,2.07,0.0
20220412:0810,545.61,170.13,10.03,40.45,13.82,1.86,0.0
20220412:0910,625.93,232.55,11.91,50.42,15.18,1.59,0.0
20220412:1010,660.13,277.45,12.98,57.84,16.22,1.72,0.0
20220412:1110,630.3,310.24,13.11,60.58,16.86,2.48,0.0
20220412:1210,729.63,232.67,13.36,57.41,17.14,2.97,0.0
20220412:1310,638.1,208.37,11.94,49.72,17.14,3.17,0.0
20220412:1410,537.11,151.12,9.97,39.62,16.85,3.24,0.0
20220412:1510,229.38,174.04,6.27,28.39,16.3,3.17,0.0
20220412:1610,87.89,101.78,3.33,16.68,15.55,3.1,0.0
20220412:1710,0.0,21.87,0.39,4.91,14.81,2.83,0.0
20220412:1810,0.0,0.0,0.0,0.0,14.06,2.41,0.0
20220412:1910,0.0,0.0,0.0,0.0,13.5,2.07,0.0
20220412:2010,0.0,0.0,0.0,0.0,12.82,1.86,0.0
20220412:2110,0.0,0.0,0.0,0.0,11.94,1.79,0.0
20220412:2210,0.0,0.0,0.0,0.0,11.08,1.93,0.0
20220412:2310,0.0,0.0,0.0,0.0,10.43,2.07,0.0
20220413:0010,0.0,0.0,0.0,0.0,10.06,2.0,0.0
20220413:0110,0.0,0.0,0.0,0.0,9.7,2.0,0.0
20220413:0210,0.0,0.0,0.0,0.0,9.56,1.86,0.0
20220413:0310,0.0,0.0,0.0,0.0,9.13,1.86,0.0
20220413:0410,0.0,0.0,0.0,0.0,8.52,1.93,0.0
20220413:0510,13.84,28.39,1.05,6.08,8.17,2.0,0.0
20220413:0610,173.75,86.01,4.16,17.86,9.93,1.59,0.0
20220413:0710,391.34,121.49,7.47,29.55,13.48,1.03,0.0
20220413:0810,514.84,187.9,9.92,40.75,15.21,0.14,0.0
20220413:0910,35.25,332.6,6.06,50.75,16.37,0.97,0.0
20220413:1010,925.05,137.08,14.55,58.2,17.08,1.59,0.0
20220413:1110,933.75,150.13,14.88,60.94,17.45,2.07,0.0
20220413:1210,861.34,160.87,14.16,57.72,17.46,2.14,0.0
20220413:1310,402.7,318.7,10.5,49.97,17.42,2.41,0.0
20220413:1410,34.46,274.0,5.09,39.82,17.13,2.9,0.0
20220413:1510,183.35,192.96,5.92,28.56,16.65,2.97,0.0
20220413:1610,118.49,86.62,3.67,16.85,16.15,2.9,0.0
20220413:1710,0.0,25.37,0.45,5.08,15.61,2.48,0.0
20220413:1810,0.0,0.0,0.0,0.0,14.93,1.86,0.0
20220413:1910,0.0,0.0,0.0,0.0,14.03,1.17,0.0
20220413:2010,0.0,0.0,0.0,0.0,13.05,1.24,0.0
20220413:2110,0.0,0.0,0.0,0.0,12.34,1.52,0.0
20220413:2210,0.0,0.0,0.0,0.0,11.8,1.79,0.0
20220413:2310,0.0,0.0,0.0,0.0,11.25,1.93,0.0
20220414:0010,0.0,0.0,0.0,0.0,10.8,1.93,0.0
20220414:0110,0.0,0.0,0.0,0.0,10.29,2.0,0.0
20220414:0210,0.0,0.0,0.0,0.0,10.12,1.86,0.0
20220414:0310,0.0,0.0,0.0,0.0,9.87,1.72,0.0
20220414:0410,0.0,0.0,0.0,0.0,9.58,1.72,0.0
20220414:0510,0.83,28.41,0.52,6.35,9.76,1.72,0.0
20220414:0610,16.34,119.75,2.28,18.13,11.64,1.72,0.0
20220414:0710,158.52,216.95,5.77,29.83,13.79,1.72,0.0
20220414:0810,375.28,250.86,9.05,41.04,15.84,2.07,0.0
20220414:0910,384.99,333.85,10.39,51.08,17.42,2.14,0.0
20220414:1010,341.67,397.75,10.84,58.56,18.65,2.48,0.0
20220414:1110,454.83,379.11,11.98,61.3,19.4,2.76,0.0
20220414:1210,211.93,414.78,9.58,58.02,19.66,3.03,0.0
20220414:1310,29.9,321.65,5.83,50.21,19.53,3.17,0.0
20220414:1410,6.43,225.29,3.91,40.02,19.24,3.1,0.0
20220414:1510,0.0,80.16,1.36,28.74,18.79,3.03,0.0
20220414:1610,0.0,27.64,0.47,17.02,18.03,2.69,0.0
20220414:1710,0.0,16.62,0.3,5.25,17.19,2.07,0.0
20220414:1810,0.0,0.0,0.0,0.0,16.4,1.66,0.0
20220414:1910,0.0,0.0,0.0,0.0,16.17,1.72,0.0
20220414:2010,0.0,0.0,0.0,0.0,15.16,1.52,0.0
20220414:2110,0.0,0.0,0.0,0.0,14.34,1.66,0.0
20220414:2210,0.0,0.0,0.0,0.0,13.86,2.07,0.0
20220414:2310,0.0,0.0,0.0,0.0,13.11,2.07,0.0
20220415:0010,0.0,0.0,0.0,0.0,12.17,1.79,0.0
20220415:0110,0.0,0.0,0.0,0.0,11.58,1.52,0.0
20220415:0210,0.0,0.0,0.0,0.0,11.37,1.52,0.0
20220415:0310,0.0,0.0,0.0,0.0,11.01,2.07,0.0
20220415:0410,0.0,0.0,0.0,0.0,11.04,1.93,0.0
20220415:0510,0.83,29.33,0.53,6.62,11.84,1.31,0.0
20220415:0610,0.0,58.05,0.98,18.4,11.76,1.66,0.0
20220415:0710,1.06,150.25,2.56,30.1,16.48,0.9,0.0
20220415:0810,0.0,155.71,2.64,41.34,18.11,1.1,0.0
20220415:0910,37.21,337.35,6.17,51.4,19.13,1.79,0.0
20220415:1010,77.14,400.16,7.7,58.92,19.63,2.55,0.0
20220415:1110,3.4,294.2,5.03,61.66,19.67,2.62,0.0
20220415:1210,44.91,374.11,6.89,58.32,19.73,1.93,0.0
20220415:1310,24.26,316.44,5.67,50.45,20.16,1.38,0.0
20220415:1410,1.07,188.03,3.2,40.21,20.47,1.79,0.0
20220415:1510,7.94,172.76,3.05,28.91,20.26,2.0,0.0
20220415:1610,0.0,76.47,1.3,17.18,19.54,1.79,0.0
20220415:1710,0.0,20.12,0.36,5.41,18.76,1.59,0.0
20220415:1810,0.0,0.0,0.0,0.0,18.04,1.59,0.0
20220415:1910,0.0,0.0,0.0,0.0,15.94,1.66,0.0
20220415:2010,0.0,0.0,0.0,0.0,15.21,1.72,0.0
20220415:2110,0.0,0.0,0.0,0.0,14.98,1.59,0.0
20220415:2210,0.0,0.0,0.0,0.0,14.79,1.17,0.0
20220415:2310,0.0,0.0,0.0,0.0,13.95,1.59,0.0
20220416:0010,0.0,0.0,0.0,0.0,13.94,1.38,0.0
20220416:0110,0.0,0.0,0.0,0.0,13.39,1.79,0.0
20220416:0210,0.0,0.0,0.0,0.0,12.99,1.59,0.0
20220416:0310,0.0,0.0,0.0,0.0,12.02,1.45,0.0
20220416:0410,0.0,0.0,0.0,0.0,13.08,0.76,0.0
20220416:0510,0.0,12.9,0.22,6.89,13.15,0.34,0.0
20220416:0610,0.0,30.41,0.52,18.66,12.84,0.55,0.0
20220416:0710,0.0,64.5,1.09,30.37,14.55,0.55,0.0
20220416:0810,15.44,255.65,4.53,41.62,15.09,0.83,0.0
20220416:0910,94.31,368.63,7.39,51.72,15.47,1.24,0.0
20220416:1010,0.0,249.69,4.23,59.27,16.49,1.59,0.0
20220416:1110,0.0,231.27,3.92,62.01,17.08,2.0,0.0
20220416:1210,509.95,330.52,12.08,58.62,17.18,3.03,0.0
20220416:1310,607.0,213.9,11.78,50.68,17.02,3.03,0.0
20220416:1410,440.85,194.59,9.44,40.41,16.52,2.55,0.0
20220416:1510,234.59,168.59,6.39,29.08,16.17,2.28,0.0
20220416:1610,108.56,90.29,3.64,17.34,15.73,2.14,0.0
20220416:1710,0.0,17.5,0.31,5.58,14.93,1.59,0.0
20220416:1810,0.0,0.0,0.0,0.0,14.14,0.83,0.0
20220416:1910,0.0,0.0,0.0,0.0,13.5,0.69,0.0
20220416:2010,0.0,0.0,0.0,0.0,13.43,0.76,0.0
20220416:2110,0.0,0.0,0.0,0.0,13.41,0.83,0.0
20220416:2210,0.0,0.0,0.0,0.0,12.77,1.1,0.0
20220416:2310,0.0,0.0,0.0,0.0,12.99,0.9,0.0
20220417:0010,0.0,0.0,0.0,0.0,13.53,0.21,0.0
20220417:0110,0.0,0.0,0.0,0.0,13.5,0.69,0.0
20220417:0210,0.0,0.0,0.0,0.0,13.24,0.76,0.0
20220417:0310,0.0,0.0,0.0,0.0,12.98,0.97,0.0
20220417:0410,0.0,0.0,0.0,0.0,12.17,1.17,0.0
20220417:0510,15.6,34.22,1.23,7.15,9.93,1.59,0.0
20220417:0610,141.13,104.31,4.05,18.92,12.24,2.55,0.0
20220417:0710,0.0,103.19,1.75,30.64,13.87,2.21,0.0
20220417:0810,174.47,309.96,7.45,41.91,14.89,3.38,0.0
20220417:0910,153.18,378.56,8.28,52.03,15.18,4.62,0.0
20220417:1010,0.0,110.57,1.88,59.62,14.81,3.59,0.0
20220417:1110,0.0,93.06,1.58,62.37,14.36,3.66,0.0
20220417:1210,0.0,222.05,3.77,58.92,14.77,4.28,0.0
20220417:1310,0.0,220.21,3.73,50.91,13.08,4.55,0.0
20220417:1410,0.0,113.33,1.92,40.6,12.4,4.14,0.0
20220417:1510,0.0,110.57,1.88,29.25,12.09,4.48,0.0
20220417:1610,0.79,78.32,1.34,17.51,11.61,4.48,0.0
20220417:1710,0.0,7.87,0.14,5.75,11.4,5.52,0.0
20220417:1810,0.0,0.0,0.0,0.0,10.85,6.48,0.0
20220417:1910,0.0,0.0,0.0,0.0,10.99,4.69,0.0
20220417:2010,0.0,0.0,0.0,0.0,10.76,5.52,0.0
20220417:2110,0.0,0.0,0.0,0.0,10.42,5.45,0.0
20220417:2210,0.0,0.0,0.0,0.0,10.73,5.45,0.0
20220417:2310,0.0,0.0,0.0,0.0,10.96,4.69,0.0
20220418:0010,0.0,0.0,0.0,0.0,11.01,4.28,0.0
20220418:0110,0.0,0.0,0.0,0.0,10.83,3.86,0.0
20220418:0210,0.0,0.0,0.0,0.0,10.7,3.59,0.0
20220418:0310,0.0,0.0,0.0,0.0,10.39,3.24,0.0
20220418:0410,0.0,0.0,0.0,0.0,10.13,2.9,0.0
20220418:0510,0.0,25.8,0.44,7.41,9.91,2.55,0.0
20220418:0610,35.2,135.29,2.86,19.18,10.75,2.62,0.0
20220418:0710,90.88,232.55,5.17,30.9,12.15,2.76,0.0
20220418:0810,485.96,203.36,9.97,42.19,12.8,3.72,0.0
20220418:0910,610.2,238.4,12.05,52.34,13.07,4.28,0.0
20220418:1010,734.54,234.03,13.61,59.97,13.26,4.21,0.0
20220418:1110,622.69,309.74,13.25,62.71,13.63,4.21,0.0
20220418:1210,483.79,346.46,12.05,59.21,13.57,4.07,0.0
20220418:1310,548.43,249.77,11.59,51.15,13.62,4.07,0.0
20220418:1410,483.46,175.34,9.84,40.79,13.41,4.0,0.0
20220418:1510,314.88,128.33,7.08,29.42,13.03,3.79,0.0
20220418:1610,140.57,75.42,4.09,17.67,12.64,3.45,0.0
20220418:1710,0.0,28.87,0.52,5.92,12.13,2.9,0.0
20220418:1810,0.0,0.0,0.0,0.0,11.56,2.21,0.0
20220418:1910,0.0,0.0,0.0,0.0,10.72,1.45,0.0
20220418:2010,0.0,0.0,0.0,0.0,9.92,1.24,0.0
20220418:2110,0.0,0.0,0.0,0.0,9.01,1.52,0.0
20220418:2210,0.0,0.0,0.0,0.0,8.41,1.93,0.0
20220418:2310,0.0,0.0,0.0,0.0,8.76,2.14,0.0
20220419:0010,0.0,0.0,0.0,0.0,8.7,2.14,0.0
20220419:0110,0.0,0.0,0.0,0.0,8.52,2.07,0.0
20220419:0210,0.0,0.0,0.0,0.0,7.86,1.93,0.0
20220419:0310,0.0,0.0,0.0,0.0,7.37,1.79,0.0
20220419:0410,0.0,0.0,0.0,0.0,6.89,1.72,0.0
20220419:0510,20.73,33.23,1.44,7.67,6.66,1.72,0.0
20220419:0610,185.51,88.98,4.59,19.43,9.54,1.66,0.0
20220419:0710,395.62,126.3,7.86,31.16,11.47,1.59,0.0
20220419:0810,634.75,131.35,11.03,42.47,12.71,1.66,0.0
20220419:0910,778.51,155.18,13.19,52.65,13.91,1.59,0.0
20220419:1010,908.31,146.83,14.78,60.31,15.03,1.45,0.0
20220419:1110,902.7,166.1,15.0,63.06,15.92,1.31,0.0
20220419:1210,888.7,145.7,14.64,59.5,16.5,0.97,0.0
20220419:1310,742.21,151.66,12.91,51.37,16.98,0.9,0.0
20220419:1410,561.32,138.01,10.47,40.98,16.82,0.83,0.0
20220419:1510,347.46,115.44,7.44,29.59,16.09,1.52,0.0
20220419:1610,145.95,74.05,4.22,17.83,15.32,1.59,0.0
20220419:1710,0.0,28.87,0.52,6.09,14.59,1.59,0.0
20220419:1810,0.0,0.0,0.0,0.0,13.82,1.79,0.0
20220419:1910,0.0,0.0,0.0,0.0,13.01,1.52,0.0
20220419:2010,0.0,0.0,0.0,0.0,11.89,1.79,0.0
20220419:2110,0.0,0.0,0.0,0.0,11.31,2.21,0.0
20220419:2210,0.0,0.0,0.0,0.0,11.14,2.55,0.0
20220419:2310,0.0,0.0,0.0,0.0,11.0,2.9,0.0
20220420:0010,0.0,0.0,0.0,0.0,10.87,3.17,0.0
20220420:0110,0.0,0.0,0.0,0.0,10.8,3.24,0.0
20220420:0210,0.0,0.0,0.0,0.0,10.77,3.31,0.0
20220420:0310,0.0,0.0,0.0,0.0,10.77,3.31,0.0
20220420:0410,0.0,0.0,0.0,0.0,10.77,3.24,0.0
20220420:0510,16.18,38.53,1.34,7.92,10.94,3.17,0.0
20220420:0610,149.33,105.46,4.28,19.68,12.59,3.03,0.0
20220420:0710,290.07,174.66,7.09,31.42,15.16,2.69,0.0
20220420:0810,508.47,188.5,10.14,42.74,17.02,2.76,0.0
20220420:0910,650.57,213.23,12.31,52.95,18.28,3.1,0.0
20220420:1010,645.59,276.78,13.13,60.65,19.11,3.1,0.0
20220420:1110,540.31,342.85,12.73,63.4,19.6,2.69,0.0
20220420:1210,297.31,403.62,10.58,59.79,20.08,2.62,0.0
20220420:1310,338.79,337.21,10.16,51.6,19.79,3.86,0.0
20220420:1410,0.0,105.96,1.8,41.16,19.81,3.72,0.0
20220420:1510,0.0,80.16,1.36,29.75,19.79,3.52,0.0
20220420:1610,40.68,122.15,2.91,17.99,19.33,3.72,0.0
20220420:1710,0.0,22.74,0.41,6.25,18.79,3.45,0.0
20220420:1810,0.0,0.0,0.0,0.0,18.08,2.62,0.0
20220420:1910,0.0,0.0,0.0,0.0,17.09,2.76,0.0
20220420:2010,0.0,0.0,0.0,0.0,16.22,3.24,0.0
20220420:2110,0.0,0.0,0.0,0.0,15.88,3.79,0.0
20220420:2210,0.0,0.0,0.0,0.0,15.73,4.14,0.0
20220420:2310,0.0,0.0,0.0,0.0,15.38,3.59,0.0
20220421:0010,0.0,0.0,0.0,0.0,14.78,2.83,0.0
20220421:0110,0.0,0.0,0.0,0.0,14.29,2.34,0.0
20220421:0210,0.0,0.0,0.0,0.0,13.79,2.0,0.0
20220421:0310,0.0,0.0,0.0,0.0,13.06,2.21,0.0
20220421:0410,0.0,0.0,0.0,0.0,13.0,2.41,0.0
20220421:0510,0.0,29.48,0.5,8.17,12.88,1.93,0.0
20220421:0610,0.0,62.65,1.06,19.93,14.5,2.69,0.0
20220421:0710,0.0,120.7,2.05,31.67,18.56,5.86,0.0
20220421:0810,47.38,297.36,5.66,43.0,19.0,6.69,0.0
20220421:0910,1.1,247.93,4.22,53.25,19.67,6.9,0.0
20220421:1010,36.6,373.05,6.78,60.99,20.23,6.21,0.0
20220421:1110,97.48,423.11,8.38,63.74,20.94,5.38,0.0
20220421:1210,60.34,390.24,7.38,60.07,21.43,5.52,0.0
20220421:1310,8.6,283.52,4.92,51.82,21.24,5.31,0.0
20220421:1410,79.53,300.6,6.19,41.34,21.35,5.59,0.0
20220421:1510,0.0,54.36,0.92,29.92,21.03,4.9,0.0
20220421:1610,0.0,46.99,0.8,18.15,20.38,4.76,0.0
20220421:1710,0.0,32.37,0.58,6.42,18.96,5.17,0.0
20220421:1810,0.0,0.0,0.0,0.0,17.86,4.83,0.0
20220421:1910,0.0,0.0,0.0,0.0,15.16,3.86,0.0
20220421:2010,0.0,0.0,0.0,0.0,14.22,3.86,0.0
20220421:2110,0.0,0.0,0.0,0.0,13.51,3.86,0.0
20220421:2210,0.0,0.0,0.0,0.0,13.37,3.24,0.0
20220421:2310,0.0,0.0,0.0,0.0,13.04,2.9,0.0
20220422:0010,0.0,0.0,0.0,0.0,12.64,3.1,0.0
20220422:0110,0.0,0.0,0.0,0.0,12.39,3.59,0.0
20220422:0210,0.0,0.0,0.0,0.0,12.34,4.21,0.0
20220422:0310,0.0,0.0,0.0,0.0,12.08,4.21,0.0
20220422:0410,0.0,0.0,0.0,0.0,11.84,4.28,0.0
20220422:0510,16.82,41.89,1.44,8.42,11.92,4.28,0.0
20220422:0610,137.94,114.2,4.28,20.17,12.82,4.34,0.0
20220422:0710,275.52,183.26,7.08,31.92,14.13,5.45,0.0
20220422:0810,221.91,308.67,8.14,43.27,15.51,6.83,0.0
20220422:0910,0.0,194.41,3.3,53.54,16.71,7.52,0.0
20220422:1010,7.74,315.75,5.45,61.32,17.03,8.14,0.0
20220422:1110,0.0,158.48,2.69,64.08,16.01,8.07,0.0
20220422:1210,33.88,367.11,6.66,60.35,16.46,8.69,0.0
20220422:1310,142.31,374.82,8.2,52.04,16.86,7.66,0.0
20220422:1410,0.0,182.43,3.09,41.53,16.53,7.45,0.0
20220422:1510,63.38,219.2,4.7,30.08,15.79,6.69,0.0
20220422:1610,18.02,121.34,2.44,18.31,15.69,6.55,0.0
20220422:1710,0.0,33.24,0.59,6.58,15.49,5.72,0.0
20220422:1810,0.0,0.0,0.0,0.0,14.92,5.17,0.0
20220422:1910,0.0,0.0,0.0,0.0,14.35,4.28,0.0
20220422:2010,0.0,0.0,0.0,0.0,13.95,3.72,0.0
20220422:2110,0.0,0.0,0.0,0.0,13.51,3.1,0.0
20220422:2210,0.0,0.0,0.0,0.0,13.06,2.48,0.0
20220422:2310,0.0,0.0,0.0,0.0,12.56,2.07,0.0
20220423:0010,0.0,0.0,0.0,0.0,12.04,1.86,0.0
20220423:0110,0.0,0.0,0.0,0.0,11.55,1.86,0.0
20220423:0210,0.0,0.0,0.0,0.0,11.22,1.86,0.0
20220423:0310,0.0,0.0,0.0,0.0,11.13,2.14,0.0
20220423:0410,0.0,0.0,0.0,0.0,10.74,2.55,0.0
20220423:0510,23.12,38.74,1.66,8.66,10.79,2.83,0.0
20220423:0610,185.72,92.51,4.78,20.41,12.1,2.69,0.0
20220423:0710,391.7,127.71,7.98,32.16,15.04,1.93,0.0
20220423:0810,640.37,124.58,11.2,43.53,16.89,1.52,0.0
20220423:0910,777.26,149.26,13.28,53.83,18.31,1.31,0.0
20220423:1010,834.6,176.94,14.39,61.64,19.34,1.31,0.0
20220423:1110,804.05,211.45,14.48,64.41,19.91,0.62,0.0
20220423:1210,760.09,205.65,13.91,60.63,20.1,0.9,0.0
20220423:1310,638.35,200.01,12.33,52.26,20.13,2.28,0.0
20220423:1410,412.18,212.92,9.58,41.71,19.94,3.45,0.0
20220423:1510,215.21,182.74,6.53,30.24,19.8,3.59,0.0
20220423:1610,66.12,118.38,3.42,18.47,19.5,2.97,0.0
20220423:1710,0.0,36.74,0.66,6.75,18.76,2.62,0.0
20220423:1810,0.0,0.0,0.0,0.0,17.53,2.69,0.0
20220423:1910,0.0,0.0,0.0,0.0,16.11,2.9,0.0
20220423:2010,0.0,0.0,0.0,0.0,15.36,2.83,0.0
20220423:2110,0.0,0.0,0.0,0.0,14.69,3.31,0.0
20220423:2210,0.0,0.0,0.0,0.0,14.31,3.79,0.0
20220423:2310,0.0,0.0,0.0,0.0,14.09,3.93,0.0
20220424:0010,0.0,0.0,0.0,0.0,13.81,3.72,0.0
20220424:0110,0.0,0.0,0.0,0.0,13.69,3.59,0.0
20220424:0210,0.0,0.0,0.0,0.0,13.51,3.31,0.0
20220424:0310,0.0,0.0,0.0,0.0,13.35,3.17,0.0
20220424:0410,0.0,0.0,0.0,0.0,13.15,3.1,0.0
20220424:0510,21.81,40.78,1.64,8.9,12.99,2.97,0.0
20220424:0610,88.17,139.06,3.88,20.65,14.11,2.83,0.0
20220424:0710,126.15,237.75,5.83,32.4,16.45,3.24,0.0
20220424:0810,349.6,271.13,9.33,43.78,18.17,2.76,0.0
20220424:0910,435.0,323.51,11.19,54.12,19.31,2.76,0.0
20220424:1010,493.73,352.36,12.38,61.97,19.82,2.83,0.0
20220424:1110,508.6,360.68,12.72,64.74,20.1,3.45,0.0
20220424:1210,502.36,338.62,12.38,60.9,19.91,3.72,0.0
20220424:1310,479.76,283.2,11.38,52.47,19.54,3.38,0.0
20220424:1410,339.97,247.8,9.09,41.88,19.03,3.24,0.0
20220424:1510,200.76,188.68,6.42,30.4,18.29,2.97,0.0
20220424:1610,80.88,111.37,3.64,18.63,17.32,2.21,0.0
20220424:1710,0.0,36.74,0.66,6.91,16.37,1.03,0.0
20220424:1810,0.0,0.0,0.0,0.0,15.62,0.21,0.0
20220424:1910,0.0,0.0,0.0,0.0,14.32,1.31,0.0
20220424:2010,0.0,0.0,0.0,0.0,13.37,1.66,0.0
20220424:2110,0.0,0.0,0.0,0.0,12.73,2.0,0.0
20220424:2210,0.0,0.0,0.0,0.0,12.46,2.34,0.0
20220424:2310,0.0,0.0,0.0,0.0,12.15,2.41,0.0
20220425:0010,0.0,0.0,0.0,0.0,11.85,2.41,0.0
20220425:0110,0.0,0.0,0.0,0.0,11.62,2.34,0.0
20220425:0210,0.0,0.0,0.0,0.0,11.15,2.14,0.0
20220425:0310,0.0,0.0,0.0,0.0,10.59,1.86,0.0
20220425:0410,0.0,0.0,0.0,0.0,11.45,1.45,0.0
20220425:0510,24.47,41.01,1.77,9.13,12.34,1.17,0.0
20220425:0610,194.26,90.99,4.97,20.88,12.76,0.83,0.0
20220425:0710,402.49,126.12,8.2,32.63,15.56,0.83,0.0
20220425:0810,613.65,142.55,11.17,44.03,16.46,0.9,0.0
20220425:0910,778.98,152.87,13.45,54.4,17.22,1.31,0.0
20220425:1010,893.27,151.04,14.94,62.29,17.79,1.86,0.0
20220425:1110,885.91,170.09,15.13,65.06,18.12,2.28,0.0
20220425:1210,800.05,186.4,14.28,61.17,18.18,2.62,0.0
20220425:1310,726.31,154.45,13.02,52.68,18.03,2.83,0.0
20220425:1410,541.99,144.68,10.56,42.06,17.68,2.83,0.0
20220425:1510,321.05,127.6,7.45,30.56,17.16,2.76,0.0
20220425:1610,122.99,88.07,4.19,18.78,16.51,2.55,0.0
20220425:1710,0.0,34.99,0.63,7.08,15.69,2.28,0.0
20220425:1810,0.0,0.0,0.0,0.0,14.81,1.93,0.0
20220425:1910,0.0,0.0,0.0,0.0,13.96,1.79,0.0
20220425:2010,0.0,0.0,0.0,0.0,13.58,1.79,0.0
20220425:2110,0.0,0.0,0.0,0.0,13.05,1.79,0.0
20220425:2210,0.0,0.0,0.0,0.0,12.46,1.66,0.0
20220425:2310,0.0,0.0,0.0,0.0,12.0,1.66,0.0
20220426:0010,0.0,0.0,0.0,0.0,11.79,1.52,0.0
20220426:0110,0.0,0.0,0.0,0.0,11.54,1.52,0.0
20220426:0210,0.0,0.0,0.0,0.0,11.29,1.52,0.0
20220426:0310,0.0,0.0,0.0,0.0,11.02,1.59,0.0
20220426:0410,0.0,0.0,0.0,0.0,10.73,1.66,0.0
20220426:0510,14.13,52.21,1.52,9.36,10.79,1.72,0.0
20220426:0610,155.47,112.32,4.66,21.1,13.51,1.72,0.0
20220426:0710,272.56,192.52,7.3,32.86,16.01,2.0,0.0
20220426:0810,512.01,194.34,10.52,44.27,17.11,2.48,0.0
20220426:0910,602.32,245.92,12.38,54.67,17.81,2.83,0.0
20220426:1010,667.92,271.66,13.59,62.6,18.36,2.9,0.0
20220426:1110,674.98,283.89,13.89,65.38,18.81,2.76,0.0
20220426:1210,774.6,196.19,14.11,61.44,19.11,2.76,0.0
20220426:1310,725.58,150.9,13.0,52.89,19.19,2.83,0.0
20220426:1410,526.35,149.2,10.44,42.23,18.84,2.9,0.0
20220426:1510,320.9,125.29,7.45,30.72,18.3,2.69,0.0
20220426:1610,122.49,87.8,4.2,18.94,17.81,2.41,0.0
20220426:1710,0.0,36.74,0.66,7.24,17.06,2.07,0.0
20220426:1810,0.0,0.0,0.0,0.0,16.36,1.79,0.0
20220426:1910,0.0,0.0,0.0,0.0,15.84,1.59,0.0
20220426:2010,0.0,0.0,0.0,0.0,14.86,1.38,0.0
20220426:2110,0.0,0.0,0.0,0.0,14.27,1.31,0.0
20220426:2210,0.0,0.0,0.0,0.0,13.85,1.31,0.0
20220426:2310,0.0,0.0,0.0,0.0,13.45,1.45,0.0
20220427:0010,0.0,0.0,0.0,0.0,12.91,1.59,0.0
20220427:0110,0.0,0.0,0.0,0.0,12.53,1.66,0.0
20220427:0210,0.0,0.0,0.0,0.0,12.49,1.59,0.0
20220427:0310,0.0,0.0,0.0,0.0,12.8,1.52,0.0
20220427:0410,0.0,0.0,0.0,0.0,13.0,1.45,0.0
20220427:0510,13.67,54.11,1.53,9.59,12.9,1.45,0.0
20220427:0610,139.68,120.4,4.53,21.32,14.93,1.1,0.0
20220427:0710,305.89,175.44,7.56,33.09,17.1,1.79,0.0
20220427:0810,568.61,159.9,10.86,44.51,18.18,2.0,0.0
20220427:0910,684.01,196.22,12.83,54.94,18.92,2.34,0.0
20220427:1010,0.0,0.0,0.0,0.0,19.38,2.76,0.0
20220427:1110,797.51,210.72,14.56,65.7,19.6,2.9,0.0
20220427:1210,795.53,179.14,14.2,61.7,19.67,3.03,0.0
20220427:1310,690.27,165.82,12.75,53.1,19.62,3.1,0.0
20220427:1410,288.06,269.84,8.77,42.41,19.34,3.17,0.0
20220427:1510,267.63,154.4,7.06,30.88,18.83,3.24,0.0
20220427:1610,114.16,92.3,4.13,19.09,18.17,2.9,0.0
20220427:1710,0.0,40.24,0.72,7.4,17.47,2.21,0.0
20220427:1810,0.0,0.0,0.0,0.0,16.67,1.72,0.0
20220427:1910,0.0,0.0,0.0,0.0,15.9,1.93,0.0
20220427:2010,0.0,0.0,0.0,0.0,15.21,1.79,0.0
20220427:2110,0.0,0.0,0.0,0.0,14.39,1.59,0.0
20220427:2210,0.0,0.0,0.0,0.0,13.98,1.52,0.0
20220427:2310,0.0,0.0,0.0,0.0,13.7,1.38,0.0
20220428:0010,0.0,0.0,0.0,0.0,13.29,1.38,0.0
20220428:0110,0.0,0.0,0.0,0.0,12.47,1.66,0.0
20220428:0210,0.0,0.0,0.0,0.0,12.29,1.59,0.0
20220428:0310,0.0,0.0,0.0,0.0,12.45,1.45,0.0
20220428:0410,0.0,0.0,0.0,0.0,13.15,1.17,0.0
20220428:0510,1.55,51.21,0.94,9.81,13.56,0.97,0.0
20220428:0610,43.66,152.22,3.36,21.54,14.14,0.83,0.0
20220428:0710,213.42,218.63,6.88,33.31,16.63,0.76,0.0
20220428:0810,328.06,283.29,9.33,44.75,17.78,1.38,0.0
20220428:0910,352.56,356.62,10.7,55.2,18.46,2.07,0.0
20220428:1010,56.28,400.71,7.52,63.21,18.74,2.69,0.0
20220428:1110,299.57,430.69,11.16,66.02,18.91,2.83,0.0
20220428:1210,417.27,373.18,11.88,61.96,18.89,2.83,0.0
20220428:1310,564.33,238.49,12.05,53.3,18.89,2.76,0.0
20220428:1410,369.69,233.42,9.44,42.58,18.63,2.76,0.0
20220428:1510,13.67,196.82,3.56,31.03,18.12,2.62,0.0
20220428:1610,3.53,108.61,1.92,19.25,17.49,2.28,0.0
20220428:1710,0.0,34.12,0.61,7.56,16.7,1.79,0.0
20220428:1810,0.0,0.0,0.0,0.0,15.83,1.31,0.0
20220428:1910,0.0,0.0,0.0,0.0,14.84,0.62,0.0
20220428:2010,0.0,0.0,0.0,0.0,14.84,0.34,0.0
20220428:2110,0.0,0.0,0.0,0.0,14.56,0.55,0.0
20220428:2210,0.0,0.0,0.0,0.0,14.18,0.83,0.0
20220428:2310,0.0,0.0,0.0,0.0,13.69,0.97,0.0
20220429:0010,0.0,0.0,0.0,0.0,13.55,0.9,0.0
20220429:0110,0.0,0.0,0.0,0.0,13.46,0.83,0.0
20220429:0210,0.0,0.0,0.0,0.0,13.47,0.76,0.0
20220429:0310,0.0,0.0,0.0,0.0,13.17,0.9,0.0
20220429:0410,0.0,0.0,0.0,0.0,13.07,0.97,0.0
20220429:0510,0.0,35.93,0.61,10.03,13.49,0.62,0.0
20220429:0610,0.0,58.05,0.98,21.75,14.03,0.55,0.0
20220429:0710,0.0,124.39,2.11,33.52,15.64,0.62,0.0
20220429:0810,0.0,174.14,2.95,44.98,16.61,1.31,0.0
20220429:0910,1.07,248.84,4.23,55.46,17.27,2.0,0.0
20220429:1010,7.55,324.0,5.59,63.51,17.38,2.62,0.0
20220429:1110,12.94,347.5,6.06,66.33,17.46,2.76,0.0
20220429:1210,67.18,403.43,7.72,62.22,17.28,2.48,0.0
20220429:1310,55.18,358.55,6.83,53.5,17.24,2.28,0.0
20220429:1410,1.99,212.02,3.63,42.74,17.3,2.41,0.0
20220429:1510,4.53,176.14,3.06,31.19,16.8,2.14,0.0
20220429:1610,0.0,65.42,1.11,19.4,16.45,1.31,0.0
20220429:1710,0.0,38.49,0.69,7.72,16.15,1.24,0.0
20220429:1810,0.0,0.0,0.0,0.0,15.6,1.38,0.0
20220429:1910,0.0,0.0,0.0,0.0,14.29,1.31,0.0
20220429:2010,0.0,0.0,0.0,0.0,13.25,1.03,0.0
20220429:2110,0.0,0.0,0.0,0.0,13.23,0.9,0.0
20220429:2210,0.0,0.0,0.0,0.0,13.41,0.83,0.0
20220429:2310,0.0,0.0,0.0,0.0,13.41,0.28,0.0
20220430:0010,0.0,0.0,0.0,0.0,12.97,0.9,0.0
20220430:0110,0.0,0.0,0.0,0.0,11.73,1.38,0.0
20220430:0210,0.0,0.0,0.0,0.0,12.39,1.17,0.0
20220430:0310,0.0,0.0,0.0,0.0,12.6,1.03,0.0
20220430:0410,0.0,0.0,0.0,0.0,12.84,0.97,0.0
20220430:0510,16.92,55.85,1.72,10.24,12.44,1.1,0.0
20220430:0610,168.84,108.44,4.94,21.96,13.46,1.24,0.0
20220430:0710,362.89,147.81,8.11,33.73,15.64,1.1,0.0
20220430:0810,574.14,158.9,11.05,45.2,17.07,1.1,0.0
20220430:0910,264.96,383.72,10.0,55.72,18.14,1.79,0.0
20220430:1010,316.11,416.37,11.17,63.81,18.66,2.97,0.0
20220430:1110,618.92,311.16,13.67,66.63,18.7,3.45,0.0
20220430:1210,770.49,195.64,14.22,62.47,18.76,3.38,0.0
20220430:1310,430.49,306.64,11.23,53.7,18.39,3.17,0.0
20220430:1410,163.41,310.01,7.64,42.91,18.1,2.9,0.0
20220430:1510,58.53,227.32,4.83,31.34,17.66,2.97,0.0
20220430:1610,11.8,126.66,2.42,19.55,16.9,2.9,0.0
20220430:1710,0.0,42.86,0.77,7.88,16.08,2.07,0.0
20220430:1810,0.0,0.0,0.0,0.0,15.49,1.1,0.0
20220430:1910,0.0,0.0,0.0,0.0,15.02,1.17,0.0
20220430:2010,0.0,0.0,0.0,0.0,14.36,1.17,0.0
20220430:2110,0.0,0.0,0.0,0.0,13.7,0.97,0.0
20220430:2210,0.0,0.0,0.0,0.0,13.71,0.9,0.0
20220430:2310,0.0,0.0,0.0,0.0,13.93,0.62,0.0
20220501:0010,0.0,0.0,0.0,0.0,13.7,0.62,0.0
20220501:0110,0.0,0.0,0.0,0.0,13.18,0.97,0.0
20220501:0210,0.0,0.0,0.0,0.0,12.95,1.1,0.0
20220501:0310,0.0,0.0,0.0,0.0,13.08,0.83,0.0
20220501:0410,0.0,0.0,0.0,0.0,13.15,0.76,0.0
20220501:0510,9.94,63.21,1.53,10.45,13.49,0.48,0.0
20220501:0610,45.28,158.43,3.52,22.16,14.18,0.41,0.0
20220501:0710,127.51,248.68,6.13,33.94,14.8,1.31,0.0
20220501:0810,408.78,252.05,10.08,45.42,15.77,2.0,0.0
20220501:0910,314.95,373.62,10.53,55.96,16.56,2.28,0.0
20220501:1010,355.83,408.39,11.59,64.1,17.05,2.34,0.0
20220501:1110,525.93,357.63,13.13,66.93,17.57,2.48,0.0
20220501:1210,319.9,408.77,11.19,62.72,17.81,2.69,0.0
20220501:1310,273.89,367.11,10.0,53.9,17.91,2.97,0.0
20220501:1410,457.56,188.66,10.19,43.08,17.55,3.17,0.0
20220501:1510,338.46,116.83,7.81,31.49,17.19,3.17,0.0
20220501:1610,143.75,75.82,4.64,19.7,16.63,2.9,0.0
20220501:1710,0.0,37.61,0.67,8.04,15.81,2.0,0.0
20220501:1810,0.0,0.0,0.0,0.0,15.05,0.97,0.0
20220501:1910,0.0,0.0,0.0,0.0,14.22,0.97,0.0
20220501:2010,0.0,0.0,0.0,0.0,14.28,0.48,0.0
20220501:2110,0.0,0.0,0.0,0.0,14.18,0.48,0.0
20220501:2210,0.0,0.0,0.0,0.0,13.68,0.97,0.0
20220501:2310,0.0,0.0,0.0,0.0,12.47,1.24,0.0
20220502:0010,0.0,0.0,0.0,0.0,12.54,1.17,0.0
20220502:0110,0.0,0.0,0.0,0.0,12.19,1.17,0.0
20220502:0210,0.0,0.0,0.0,0.0,11.72,1.24,0.0
20220502:0310,0.0,0.0,0.0,0.0,10.94,1.38,0.0
20220502:0410,0.0,0.0,0.0,0.0,10.43,1.52,0.0
20220502:0510,24.35,52.09,2.0,10.65,10.72,1.45,0.0
20220502:0610,182.42,102.25,5.14,22.36,13.42,0.83,0.0
20220502:0710,381.66,137.44,8.31,34.14,15.27,0.41,0.0
20220502:0810,594.34,149.18,11.28,45.64,16.31,1.45,0.0
20220502:0910,760.93,155.53,13.55,56.21,16.97,2.07,0.0
20220502:1010,858.99,160.13,14.91,64.38,17.46,2.41,0.0
20220502:1110,872.4,167.48,15.22,67.23,17.72,2.76,0.0
20220502:1210,845.74,152.6,14.77,62.97,17.86,2.97,0.0
20220502:1310,770.35,122.08,13.52,54.09,17.8,3.17,0.0
20220502:1410,562.65,127.15,10.92,43.24,17.65,3.03,0.0
20220502:1510,344.6,111.71,7.88,31.64,17.29,2.76,0.0
20220502:1610,132.97,82.19,4.53,19.85,16.73,2.28,0.0
20220502:1710,0.0,39.36,0.7,8.2,16.02,1.59,0.0
20220502:1810,0.0,0.0,0.0,0.0,15.32,0.9,0.0
20220502:1910,0.0,0.0,0.0,0.0,14.11,0.97,0.0
20220502:2010,0.0,0.0,0.0,0.0,13.81,0.83,0.0
20220502:2110,0.0,0.0,0.0,0.0,13.54,0.97,0.0
20220502:2210,0.0,0.0,0.0,0.0,13.28,1.03,0.0
20220502:2310,0.0,0.0,0.0,0.0,13.41,0.9,0.0
20220503:0010,0.0,0.0,0.0,0.0,13.44,0.69,0.0
20220503:0110,0.0,0.0,0.0,0.0,13.15,0.69,0.0
20220503:0210,0.0,0.0,0.0,0.0,12.9,0.69,0.0
20220503:0310,0.0,0.0,0.0,0.0,12.73,0.62,0.0
20220503:0410,0.0,0.0,0.0,0.0,12.56,0.55,0.0
20220503:0510,6.05,65.37,1.39,10.85,12.56,0.69,0.0
20220503:0610,172.96,107.65,5.08,22.55,13.04,0.62,0.0
20220503:0710,349.0,154.48,8.09,34.33,14.93,1.45,0.0
20220503:0810,540.85,175.8,10.92,45.84,15.89,2.14,0.0
20220503:0910,710.99,178.71,13.2,56.44,16.64,2.55,0.0
20220503:1010,560.23,321.31,13.09,64.66,17.2,2.62,0.0
20220503:1110,667.48,280.58,14.0,67.53,17.65,2.62,0.0
20220503:1210,836.74,153.26,14.69,63.21,17.95,3.03,0.0
20220503:1310,696.84,157.57,12.98,54.28,17.96,3.17,0.0
20220503:1410,540.76,135.76,10.75,43.4,17.73,3.17,0.0
20220503:1510,289.6,140.99,7.42,31.79,17.41,2.83,0.0
20220503:1610,127.13,84.87,4.47,20.0,17.0,2.41,0.0
20220503:1710,0.0,40.24,0.72,8.36,16.43,2.0,0.0
20220503:1810,0.0,0.0,0.0,0.0,15.77,1.59,0.0
20220503:1910,0.0,0.0,0.0,0.0,15.25,1.45,0.0
20220503:2010,0.0,0.0,0.0,0.0,14.41,1.38,0.0
20220503:2110,0.0,0.0,0.0,0.0,13.42,1.45,0.0
20220503:2210,0.0,0.0,0.0,0.0,12.71,1.59,0.0
20220503:2310,0.0,0.0,0.0,0.0,12.32,1.72,0.0
20220504:0010,0.0,0.0,0.0,0.0,12.04,1.66,0.0
20220504:0110,0.0,0.0,0.0,0.0,12.59,1.31,0.0
20220504:0210,0.0,0.0,0.0,0.0,12.8,1.17,0.0
20220504:0310,0.0,0.0,0.0,0.0,13.09,1.1,0.0
20220504:0410,0.0,0.0,0.0,0.0,12.76,1.17,0.0
20220504:0510,25.2,52.76,2.06,11.05,12.28,1.31,0.0
20220504:0610,186.67,98.94,5.22,22.74,15.32,1.38,0.0
20220504:0710,372.33,138.66,8.25,34.53,17.1,0.9,0.0
20220504:0810,573.52,154.42,11.13,46.05,18.2,1.24,0.0
20220504:0910,724.41,167.03,13.27,56.67,18.99,1.79,0.0
20220504:1010,778.32,196.47,14.36,64.94,19.29,2.34,0.0
20220504:1110,140.1,442.75,9.34,67.82,19.63,2.41,0.0
20220504:1210,269.65,414.65,10.66,63.45,19.71,2.41,0.0
20220504:1310,36.82,345.62,6.38,54.47,19.5,2.48,0.0
20220504:1410,290.22,267.51,8.94,43.56,19.03,2.48,0.0
20220504:1510,93.38,228.05,5.47,31.94,18.65,2.41,0.0
20220504:1610,89.21,111.41,4.05,20.15,18.36,2.14,0.0
20220504:1710,0.0,46.36,0.83,8.52,17.83,1.93,0.0
20220504:1810,0.0,0.0,0.0,0.0,17.33,1.86,0.0
20220504:1910,0.0,0.0,0.0,0.0,17.66,2.76,0.0
20220504:2010,0.0,0.0,0.0,0.0,17.37,2.48,0.0
20220504:2110,0.0,0.0,0.0,0.0,16.71,2.28,0.0
20220504:2210,0.0,0.0,0.0,0.0,16.14,2.48,0.0
20220504:2310,0.0,0.0,0.0,0.0,15.74,2.55,0.0
20220505:0010,0.0,0.0,0.0,0.0,15.34,2.55,0.0
20220505:0110,0.0,0.0,0.0,0.0,15.17,2.76,0.0
20220505:0210,0.0,0.0,0.0,0.0,15.06,2.9,0.0
20220505:0310,0.0,0.0,0.0,0.0,14.86,2.76,0.0
20220505:0410,0.0,0.0,0.0,0.0,14.62,2.69,0.0
20220505:0510,8.98,68.01,1.58,11.24,14.9,2.69,0.0
20220505:0610,0.0,57.13,0.97,22.93,16.84,2.55,0.0
20220505:0710,233.08,213.39,7.25,34.71,19.31,2.55,0.0
20220505:0810,158.61,332.23,7.86,46.24,21.25,3.38,0.0
20220505:0910,63.84,376.0,7.23,56.9,22.9,4.55,0.0
20220505:1010,294.3,417.99,11.0,65.21,24.0,5.31,0.0
20220505:1110,364.03,411.01,11.84,68.1,24.49,5.31,0.0
20220505:1210,491.62,336.5,12.53,63.69,24.52,5.1,0.0
20220505:1310,632.97,189.04,12.58,54.65,24.25,4.9,0.0
20220505:1410,31.04,287.56,5.34,43.72,24.29,5.38,0.0
20220505:1510,77.12,230.18,5.23,32.09,24.18,6.34,0.0
20220505:1610,118.46,91.0,4.42,20.3,23.4,6.55,0.0
20220505:1710,0.0,42.86,0.77,8.67,22.09,6.97,0.0
20220505:1810,0.0,0.0,0.0,0.0,20.97,6.97,0.0
20220505:1910,0.0,0.0,0.0,0.0,20.57,8.9,0.0
20220505:2010,0.0,0.0,0.0,0.0,20.19,8.55,0.0
20220505:2110,0.0,0.0,0.0,0.0,20.13,8.34,0.0
20220505:2210,0.0,0.0,0.0,0.0,19.99,8.48,0.0
20220505:2310,0.0,0.0,0.0,0.0,19.75,8.69,0.0
20220506:0010,0.0,0.0,0.0,0.0,19.38,8.41,0.0
20220506:0110,0.0,0.0,0.0,0.0,18.98,8.14,0.0
20220506:0210,0.0,0.0,0.0,0.0,18.46,7.79,0.0
20220506:0310,0.0,0.0,0.0,0.0,17.92,7.45,0.0
20220506:0410,0.0,0.0,0.0,0.0,17.44,7.1,0.0
20220506:0510,10.78,69.18,1.69,11.42,17.16,6.55,0.0
20220506:0610,43.04,160.71,3.55,23.1,17.54,5.38,0.0
20220506:0710,137.89,246.32,6.31,34.89,18.88,5.72,0.0
20220506:0810,210.71,322.32,8.45,46.44,19.4,4.34,0.0
20220506:0910,288.95,374.05,10.28,57.12,19.38,3.1,0.0
20220506:1010,0.0,245.09,4.16,65.47,18.03,2.48,0.0
20220506:1110,0.0,163.08,2.77,68.38,18.08,2.97,0.0
20220506:1210,0.0,75.55,1.28,63.92,17.92,2.07,0.0
20220506:1310,0.0,207.31,3.52,54.84,17.95,1.86,0.0
20220506:1410,10.63,255.8,4.5,43.87,18.29,1.79,0.0
20220506:1510,129.91,219.35,5.98,32.23,17.56,1.45,0.0
20220506:1610,96.42,107.9,4.2,20.45,16.56,1.38,0.0
20220506:1710,0.0,43.74,0.78,8.83,15.86,1.17,0.0
20220506:1810,0.0,0.0,0.0,0.0,15.0,1.31,0.0
20220506:1910,0.0,0.0,0.0,0.0,14.68,1.52,0.0
20220506:2010,0.0,0.0,0.0,0.0,14.79,2.07,0.0
20220506:2110,0.0,0.0,0.0,0.0,14.58,2.28,0.0
20220506:2210,0.0,0.0,0.0,0.0,14.4,2.41,0.0
20220506:2310,0.0,0.0,0.0,0.0,14.29,2.48,0.0
20220507:0010,0.0,0.0,0.0,0.0,14.18,2.62,0.0
20220507:0110,0.0,0.0,0.0,0.0,14.05,2.69,0.0
20220507:0210,0.0,0.0,0.0,0.0,13.96,2.62,0.0
20220507:0310,0.0,0.0,0.0,0.0,14.15,2.55,0.0
20220507:0410,0.0,0.0,0.0,0.0,14.19,2.48,0.0
20220507:0510,0.0,22.11,0.38,11.6,14.39,2.41,0.0
20220507:0610,9.69,141.96,2.59,23.28,14.97,2.69,0.0
20220507:0710,2.84,184.4,3.17,35.07,15.5,2.34,0.0
20220507:0810,0.0,118.86,2.02,46.62,15.93,2.14,0.0
20220507:0910,0.0,197.18,3.34,57.33,16.69,2.28,0.0
20220507:1010,0.0,152.95,2.59,65.73,16.2,2.28,0.0
20220507:1110,10.52,339.84,5.91,68.66,16.33,2.62,0.0
20220507:1210,8.32,323.07,5.59,64.15,16.45,2.97,0.0
20220507:1310,0.0,150.19,2.55,55.02,16.87,2.83,0.0
20220507:1410,0.0,82.0,1.39,44.03,16.66,2.83,0.0
20220507:1510,0.0,132.68,2.25,32.38,16.78,2.83,0.0
20220507:1610,17.04,134.36,2.7,20.59,16.46,2.62,0.0
20220507:1710,0.0,37.61,0.67,8.98,16.0,2.14,0.0
20220507:1810,0.0,0.0,0.0,0.0,15.59,1.59,0.0
20220507:1910,0.0,0.0,0.0,0.0,15.25,1.45,0.0
20220507:2010,0.0,0.0,0.0,0.0,14.69,1.52,0.0
20220507:2110,0.0,0.0,0.0,0.0,14.43,1.52,0.0
20220507:2210,0.0,0.0,0.0,0.0,14.45,1.45,0.0
20220507:2310,0.0,0.0,0.0,0.0,14.54,1.24,0.0
20220508:0010,0.0,0.0,0.0,0.0,14.46,1.03,0.0
20220508:0110,0.0,0.0,0.0,0.0,14.09,0.9,0.0
20220508:0210,0.0,0.0,0.0,0.0,13.93,0.83,0.0
20220508:0310,0.0,0.0,0.0,0.0,13.75,1.03,0.0
20220508:0410,0.0,0.0,0.0,0.0,13.44,1.03,0.0
20220508:0510,26.46,55.76,2.2,11.78,14.0,0.97,0.0
20220508:0610,178.96,105.47,5.28,23.45,14.57,0.97,0.0
20220508:0710,324.28,167.2,8.05,35.24,14.95,1.03,0.0
20220508:0810,510.99,187.8,10.83,46.8,15.54,0.76,0.0
20220508:0910,192.83,394.21,9.31,57.54,16.32,0.76,0.0
20220508:1010,713.63,229.44,14.06,65.98,17.12,1.24,0.0
20220508:1110,252.85,437.69,10.81,68.93,17.24,2.28,0.0
20220508:1210,125.44,424.77,8.91,64.38,16.71,2.62,0.0
20220508:1310,61.57,365.96,7.08,55.19,16.52,2.48,0.0
20220508:1410,172.6,307.85,7.86,44.18,15.89,2.69,0.0
20220508:1510,18.99,211.52,3.92,32.52,15.82,2.21,0.0
20220508:1610,35.8,139.4,3.27,20.74,15.43,1.59,0.0
20220508:1710,0.0,45.49,0.81,9.13,15.29,1.03,0.0
20220508:1810,0.0,0.0,0.0,0.0,14.58,0.83,0.0
20220508:1910,0.0,0.0,0.0,0.0,14.35,0.97,0.0
20220508:2010,0.0,0.0,0.0,0.0,13.31,1.31,0.0
20220508:2110,0.0,0.0,0.0,0.0,12.82,1.24,0.0
20220508:2210,0.0,0.0,0.0,0.0,12.86,1.1,0.0
20220508:2310,0.0,0.0,0.0,0.0,12.55,1.24,0.0
20220509:0010,0.0,0.0,0.0,0.0,12.47,1.24,0.0
20220509:0110,0.0,0.0,0.0,0.0,12.34,1.31,0.0
20220509:0210,0.0,0.0,0.0,0.0,12.51,1.38,0.0
20220509:0310,0.0,0.0,0.0,0.0,12.96,1.31,0.0
20220509:0410,0.0,0.0,0.0,0.0,12.89,1.1,0.0
20220509:0510,10.59,72.79,1.75,11.95,13.41,0.62,0.0
20220509:0610,31.12,162.27,3.36,23.61,14.03,0.62,0.0
20220509:0710,56.32,251.88,5.16,35.4,14.97,1.17,0.0
20220509:0810,63.15,324.47,6.41,46.98,15.84,1.45,0.0
20220509:0910,2.07,267.33,4.56,57.74,16.16,1.86,0.0
20220509:1010,4.19,306.18,5.25,66.23,16.42,2.83,0.0
20220509:1110,26.16,380.8,6.81,69.2,16.58,3.59,0.0
20220509:1210,0.0,200.86,3.41,64.6,16.55,3.17,0.0
20220509:1310,0.0,187.96,3.19,55.37,16.55,2.14,0.0
20220509:1410,0.0,87.53,1.48,44.33,16.01,1.17,0.0
20220509:1510,16.33,206.81,3.8,32.66,15.89,1.1,0.0
20220509:1610,18.1,136.95,2.78,20.88,15.88,1.17,0.0
20220509:1710,0.0,51.61,0.92,9.29,15.76,1.03,0.0
20220509:1810,0.0,0.0,0.0,0.0,15.31,1.45,0.0
20220509:1910,0.0,0.0,0.0,0.0,14.74,1.31,0.0
20220509:2010,0.0,0.0,0.0,0.0,13.61,1.24,0.0
20220509:2110,0.0,0.0,0.0,0.0,13.63,0.97,0.0
20220509:2210,0.0,0.0,0.0,0.0,13.87,0.76,0.0
20220509:2310,0.0,0.0,0.0,0.0,13.83,0.76,0.0
20220510:0010,0.0,0.0,0.0,0.0,13.78,0.76,0.0
20220510:0110,0.0,0.0,0.0,0.0,13.75,0.55,0.0
20220510:0210,0.0,0.0,0.0,0.0,13.62,0.41,0.0
20220510:0310,0.0,0.0,0.0,0.0,13.22,0.69,0.0
20220510:0410,0.0,0.0,0.0,0.0,12.02,0.9,0.0
20220510:0510,28.31,56.82,2.33,12.11,12.48,0.9,0.0
20220510:0610,188.01,102.12,5.45,23.77,13.61,0.83,0.0
20220510:0710,374.83,138.87,8.48,35.56,15.85,0.97,0.0
20220510:0810,572.45,153.6,11.31,47.15,16.79,1.45,0.0
20220510:0910,721.38,166.21,13.44,57.94,17.51,1.59,0.0
20220510:1010,824.48,165.82,14.81,66.47,18.17,1.93,0.0
20220510:1110,848.35,166.92,15.19,69.46,18.64,2.83,0.0
20220510:1210,831.92,147.05,14.81,64.82,18.72,3.52,0.0
20220510:1310,712.21,142.25,13.27,55.54,18.3,2.9,0.0
20220510:1410,532.12,134.64,10.86,44.48,18.1,1.86,0.0
20220510:1510,330.18,115.18,7.95,32.8,18.01,1.45,0.0
20220510:1610,129.71,84.96,4.72,21.02,17.85,1.24,0.0
20220510:1710,0.0,45.49,0.81,9.44,17.52,1.24,0.0
20220510:1810,0.0,0.0,0.0,0.0,16.75,1.45,0.0
20220510:1910,0.0,0.0,0.0,0.0,15.51,1.24,0.0
20220510:2010,0.0,0.0,0.0,0.0,14.87,0.76,0.0
20220510:2110,0.0,0.0,0.0,0.0,15.1,0.48,0.0
20220510:2210,0.0,0.0,0.0,0.0,14.86,0.41,0.0
20220510:2310,0.0,0.0,0.0,0.0,14.73,0.55,0.0
20220511:0010,0.0,0.0,0.0,0.0,14.62,0.97,0.0
20220511:0110,0.0,0.0,0.0,0.0,13.73,1.17,0.0
20220511:0210,0.0,0.0,0.0,0.0,13.64,1.17,0.0
20220511:0310,0.0,0.0,0.0,0.0,14.2,0.97,0.0
20220511:0410,0.0,0.0,0.0,0.0,14.32,0.83,0.0
20220511:0510,24.88,61.99,2.27,12.28,14.44,0.55,0.0
20220511:0610,154.62,124.43,5.19,23.92,15.13,0.14,0.0
20220511:0710,323.96,170.2,8.17,35.71,16.8,1.45,0.0
20220511:0810,516.78,187.97,11.02,47.31,17.56,1.38,0.0
20220511:0910,663.8,201.28,13.14,58.13,18.41,1.31,0.0
20220511:1010,777.5,194.22,14.58,66.7,19.24,1.52,0.0
20220511:1110,783.66,205.53,14.84,69.72,19.82,1.86,0.0
20220511:1210,781.32,174.4,14.5,65.03,20.1,2.28,0.0
20220511:1310,669.07,165.13,12.98,55.71,20.08,2.62,0.0
20220511:1410,506.54,149.09,10.7,44.63,19.85,3.1,0.0
20220511:1510,319.33,121.57,7.89,32.94,19.1,3.17,0.0
20220511:1610,125.69,88.47,4.7,21.16,18.4,2.62,0.0
20220511:1710,0.0,48.11,0.86,9.58,17.73,2.0,0.0
20220511:1810,0.0,0.0,0.0,0.0,16.89,1.38,0.0
20220511:1910,0.0,0.0,0.0,0.0,15.96,1.24,0.0
20220511:2010,0.0,0.0,0.0,0.0,14.81,1.31,0.0
20220511:2110,0.0,0.0,0.0,0.0,14.21,1.24,0.0
20220511:2210,0.0,0.0,0.0,0.0,13.99,1.31,0.0
20220511:2310,0.0,0.0,0.0,0.0,13.89,1.31,0.0
20220512:0010,0.0,0.0,0.0,0.0,14.14,1.31,0.0
20220512:0110,0.0,0.0,0.0,0.0,14.79,1.03,0.0
20220512:0210,0.0,0.0,0.0,0.0,15.25,0.48,0.0
20220512:0310,0.0,0.0,0.0,0.0,15.5,0.14,0.0
20220512:0410,0.0,0.0,0.0,0.0,15.53,0.48,0.0
20220512:0510,30.46,56.15,2.44,12.43,15.43,0.62,0.0
20220512:0610,186.72,105.35,5.53,24.07,15.78,0.76,0.0
20220512:0710,374.58,142.22,8.59,35.86,17.41,1.1,0.0
20220512:0810,581.6,152.11,11.5,47.47,18.48,1.24,0.0
20220512:0910,740.81,159.64,13.7,58.31,19.52,1.24,0.0
20220512:1010,845.0,159.19,15.09,66.93,20.4,1.45,0.0
20220512:1110,881.28,153.05,15.55,69.97,20.94,1.86,0.0
20220512:1210,864.33,133.2,15.17,65.24,21.07,2.28,0.0
20220512:1310,730.92,134.68,13.52,55.88,20.84,2.76,0.0
20220512:1410,532.22,138.06,10.98,44.77,20.39,2.83,0.0
20220512:1510,341.69,110.82,8.16,33.08,19.8,2.62,0.0
20220512:1610,139.5,80.53,4.94,21.3,19.16,2.14,0.0
20220512:1710,0.0,47.24,0.84,9.73,18.48,1.59,0.0
20220512:1810,0.0,0.0,0.0,0.0,17.7,1.03,0.0
20220512:1910,0.0,0.0,0.0,0.0,16.44,1.03,0.0
20220512:2010,0.0,0.0,0.0,0.0,15.35,1.24,0.0
20220512:2110,0.0,0.0,0.0,0.0,14.67,1.31,0.0
20220512:2210,0.0,0.0,0.0,0.0,14.8,1.17,0.0
20220512:2310,0.0,0.0,0.0,0.0,15.17,1.03,0.0
20220513:0010,0.0,0.0,0.0,0.0,15.07,1.03,0.0
20220513:0110,0.0,0.0,0.0,0.0,15.04,1.03,0.0
20220513:0210,0.0,0.0,0.0,0.0,15.09,1.1,0.0
20220513:0310,0.0,0.0,0.0,0.0,15.41,1.03,0.0
20220513:0410,0.0,0.0,0.0,0.0,15.7,0.97,0.0
20220513:0510,35.6,51.41,2.61,12.58,15.87,0.9,0.0
20220513:0610,198.19,98.53,5.67,24.22,16.76,0.55,0.0
20220513:0710,375.87,142.93,8.66,36.01,18.76,1.17,0.0
20220513:0810,582.71,151.85,11.55,47.63,19.68,1.1,0.0
20220513:0910,697.88,183.68,13.45,58.49,20.4,1.45,0.0
20220513:1010,754.81,212.01,14.58,67.15,20.86,2.21,0.0
20220513:1110,791.04,205.05,15.02,70.22,20.99,2.55,0.0
20220513:1210,775.14,182.06,14.59,65.45,20.91,2.62,0.0
20220513:1310,665.19,170.64,13.08,56.04,20.77,2.34,0.0
20220513:1410,475.8,171.97,10.63,44.91,20.76,2.14,0.0
20220513:1510,325.05,121.02,8.05,33.22,20.59,1.93,0.0
20220513:1610,133.0,85.89,4.89,21.44,20.24,1.66,0.0
20220513:1710,0.0,47.24,0.84,9.88,19.65,1.31,0.0
20220513:1810,0.0,0.0,0.0,0.0,18.84,0.97,0.0
20220513:1910,0.0,0.0,0.0,0.0,17.37,1.03,0.0
20220513:2010,0.0,0.0,0.0,0.0,16.9,0.97,0.0
20220513:2110,0.0,0.0,0.0,0.0,17.16,0.69,0.0
20220513:2210,0.0,0.0,0.0,0.0,17.04,0.69,0.0
20220513:2310,0.0,0.0,0.0,0.0,16.83,1.03,0.0
20220514:0010,0.0,0.0,0.0,0.0,15.43,1.38,0.0
20220514:0110,0.0,0.0,0.0,0.0,14.9,1.45,0.0
20220514:0210,0.0,0.0,0.0,0.0,15.03,1.45,0.0
20220514:0310,0.0,0.0,0.0,0.0,15.61,1.24,0.0
20220514:0410,0.0,1.75,0.03,1.53,15.91,1.1,0.0
20220514:0510,37.48,50.82,2.7,12.73,16.64,0.9,0.0
20220514:0610,208.79,94.44,5.84,24.36,16.79,0.34,0.0
20220514:0710,393.74,133.01,8.83,36.14,19.35,0.55,0.0
20220514:0810,595.68,146.62,11.7,47.77,20.16,1.59,0.0
20220514:0910,757.12,153.05,13.92,58.66,20.52,2.07,0.0
20220514:1010,863.4,151.51,15.33,67.37,20.89,2.14,0.0
20220514:1110,899.59,145.36,15.78,70.46,21.24,2.07,0.0
20220514:1210,883.31,123.47,15.39,65.65,21.52,2.07,0.0
20220514:1310,747.61,127.12,13.73,56.2,21.61,2.28,0.0
20220514:1410,545.62,131.65,11.17,45.06,21.48,2.41,0.0
20220514:1510,350.62,108.37,8.34,33.35,21.09,2.14,0.0
20220514:1610,146.66,77.16,5.11,21.58,20.61,1.66,0.0
20220514:1710,0.0,47.24,0.84,10.03,20.03,1.24,0.0
20220514:1810,0.0,0.0,0.0,0.0,19.14,0.97,0.0
20220514:1910,0.0,0.0,0.0,0.0,17.64,1.45,0.0
20220514:2010,0.0,0.0,0.0,0.0,16.47,1.72,0.0
20220514:2110,0.0,0.0,0.0,0.0,15.4,1.66,0.0
20220514:2210,0.0,0.0,0.0,0.0,15.65,1.31,0.0
20220514:2310,0.0,0.0,0.0,0.0,16.08,1.17,0.0
20220515:0010,0.0,0.0,0.0,0.0,16.28,1.1,0.0
20220515:0110,0.0,0.0,0.0,0.0,16.36,1.1,0.0
20220515:0210,0.0,0.0,0.0,0.0,15.48,1.24,0.0
20220515:0310,0.0,0.0,0.0,0.0,14.6,1.45,0.0
20220515:0410,0.0,1.75,0.03,1.68,14.59,1.45,0.0
20220515:0510,36.88,51.75,2.7,12.87,14.87,1.31,0.0
20220515:0610,206.16,96.1,5.84,24.49,16.89,0.83,0.0
20220515:0710,386.75,137.59,8.81,36.28,19.46,1.17,0.0
20220515:0810,569.28,160.27,11.53,47.91,20.12,1.86,0.0
20220515:0910,700.21,184.18,13.56,58.83,20.63,2.28,0.0
20220515:1010,772.67,202.36,14.77,67.58,21.13,2.48,0.0
20220515:1110,809.83,194.34,15.2,70.7,21.64,2.55,0.0
20220515:1210,778.34,180.52,14.69,65.85,21.96,2.55,0.0
20220515:1310,668.45,170.13,13.19,56.36,22.13,2.69,0.0
20220515:1410,488.66,164.62,10.78,45.2,22.05,2.62,0.0
20220515:1510,328.29,119.57,8.14,33.49,21.82,2.41,0.0
20220515:1610,133.4,86.39,4.95,21.71,21.37,2.07,0.0
20220515:1710,0.0,48.11,0.86,10.17,20.7,1.72,0.0
20220515:1810,0.0,0.0,0.0,0.0,19.84,1.45,0.0
20220515:1910,0.0,0.0,0.0,0.0,18.72,1.52,0.0
20220515:2010,0.0,0.0,0.0,0.0,17.46,1.38,0.0
20220515:2110,0.0,0.0,0.0,0.0,16.79,1.31,0.0
20220515:2210,0.0,0.0,0.0,0.0,16.61,1.24,0.0
20220515:2310,0.0,0.0,0.0,0.0,16.19,1.24,0.0
20220516:0010,0.0,0.0,0.0,0.0,15.74,1.31,0.0
20220516:0110,0.0,0.0,0.0,0.0,15.68,1.31,0.0
20220516:0210,0.0,0.0,0.0,0.0,16.01,1.17,0.0
20220516:0310,0.0,0.0,0.0,0.0,16.15,1.24,0.0
20220516:0410,0.0,2.62,0.05,1.83,15.75,1.31,0.0
20220516:0510,36.97,52.46,2.73,13.0,15.43,1.38,0.0
20220516:0610,208.18,94.94,5.89,24.62,18.07,0.97,0.0
20220516:0710,391.7,133.47,8.86,36.4,19.92,1.31,0.0
20220516:0810,584.24,151.07,11.66,48.05,20.72,2.07,0.0
20220516:0910,753.12,152.51,13.92,58.99,21.12,2.62,0.0
20220516:1010,846.85,157.16,15.23,67.78,21.38,2.76,0.0
20220516:1110,882.95,151.05,15.69,70.93,21.66,2.76,0.0
20220516:1210,866.77,130.24,15.31,66.04,21.81,2.76,0.0
20220516:1310,743.59,127.68,13.75,56.52,21.75,2.83,0.0
20220516:1410,549.69,128.23,11.25,45.33,21.54,2.69,0.0
20220516:1510,349.56,107.94,8.38,33.62,21.17,2.34,0.0
20220516:1610,142.63,80.5,5.11,21.85,20.65,1.93,0.0
20220516:1710,0.0,51.61,0.92,10.31,19.93,1.59,0.0
20220516:1810,0.0,0.0,0.0,0.0,18.96,1.17,0.0
20220516:1910,0.0,0.0,0.0,0.0,17.77,1.03,0.0
20220516:2010,0.0,0.0,0.0,0.0,17.12,0.83,0.0
20220516:2110,0.0,0.0,0.0,0.0,17.29,0.9,0.0
20220516:2210,0.0,0.0,0.0,0.0,17.13,0.97,0.0
20220516:2310,0.0,0.0,0.0,0.0,16.8,1.1,0.0
20220517:0010,0.0,0.0,0.0,0.0,16.87,1.1,0.0
20220517:0110,0.0,0.0,0.0,0.0,16.97,0.97,0.0
20220517:0210,0.0,0.0,0.0,0.0,16.81,0.83,0.0
20220517:0310,0.0,0.0,0.0,0.0,16.77,0.55,0.0
20220517:0410,0.0,3.5,0.06,1.97,16.76,0.41,0.0
20220517:0510,36.71,53.27,2.75,13.13,16.84,0.55,0.0
20220517:0610,208.66,94.72,5.92,24.74,17.15,0.69,0.0
20220517:0710,377.54,141.89,8.78,36.53,19.01,1.1,0.0
20220517:0810,565.91,160.72,11.55,48.18,20.04,1.66,0.0
20220517:0910,631.9,223.5,13.19,59.14,20.97,2.0,0.0
20220517:1010,739.24,219.9,14.59,67.98,21.74,2.14,0.0
20220517:1110,790.66,202.89,15.11,71.16,22.26,2.14,0.0
20220517:1210,787.75,172.88,14.78,66.23,22.58,2.21,0.0
20220517:1310,664.94,169.58,13.19,56.67,22.75,2.34,0.0
20220517:1410,495.94,158.27,10.86,45.47,22.53,2.28,0.0
20220517:1510,326.65,121.0,8.19,33.75,22.29,2.0,0.0
20220517:1610,135.13,85.97,5.03,21.98,21.92,1.86,0.0
20220517:1710,0.0,48.99,0.88,10.45,21.3,1.72,0.0
20220517:1810,0.0,0.0,0.0,0.0,20.36,1.52,0.0
20220517:1910,0.0,0.0,0.0,0.0,18.96,1.59,0.0
20220517:2010,0.0,0.0,0.0,0.0,18.01,1.38,0.0
20220517:2110,0.0,0.0,0.0,0.0,17.4,1.03,0.0
20220517:2210,0.0,0.0,0.0,0.0,18.04,0.83,0.0
20220517:2310,0.0,0.0,0.0,0.0,18.08,0.83,0.0
20220518:0010,0.0,0.0,0.0,0.0,17.91,0.83,0.0
20220518:0110,0.0,0.0,0.0,0.0,17.79,0.76,0.0
20220518:0210,0.0,0.0,0.0,0.0,17.75,0.55,0.0
20220518:0310,0.0,0.0,0.0,0.0,17.77,0.48,0.0
20220518:0410,0.0,3.5,0.06,2.11,17.71,0.48,0.0
20220518:0510,33.7,56.54,2.67,13.26,17.67,0.76,0.0
20220518:0610,198.51,99.3,5.81,24.86,18.11,1.03,0.0
20220518:0710,389.8,131.05,8.84,36.64,19.3,1.79,0.0
20220518:0810,581.83,147.54,11.63,48.31,20.23,2.21,0.0
20220518:0910,731.17,158.04,13.73,59.29,21.02,2.48,0.0
20220518:1010,833.69,157.64,15.11,68.17,21.61,2.62,0.0
20220518:1110,856.41,158.74,15.47,71.38,22.0,2.62,0.0
20220518:1210,830.37,144.11,15.03,66.42,22.27,2.48,0.0
20220518:1310,702.52,144.32,13.42,56.82,22.41,2.28,0.0
20220518:1410,512.13,144.39,10.94,45.6,22.39,2.21,0.0
20220518:1510,320.51,121.81,8.11,33.88,22.07,2.21,0.0
20220518:1610,132.65,86.89,5.0,22.11,21.47,2.0,0.0
20220518:1710,0.0,51.61,0.92,10.59,20.65,1.66,0.0
20220518:1810,0.0,0.0,0.0,0.0,19.71,1.03,0.0
20220518:1910,0.0,0.0,0.0,0.0,18.89,0.69,0.0
20220518:2010,0.0,0.0,0.0,0.0,18.34,0.76,0.0
20220518:2110,0.0,0.0,0.0,0.0,18.65,0.55,0.0
20220518:2210,0.0,0.0,0.0,0.0,18.58,0.28,0.0
20220518:2310,0.0,0.0,0.0,0.0,18.49,0.48,0.0
20220519:0010,0.0,0.0,0.0,0.0,18.2,0.83,0.0
20220519:0110,0.0,0.0,0.0,0.0,17.71,0.97,0.0
20220519:0210,0.0,0.0,0.0,0.0,17.82,0.83,0.0
20220519:0310,0.0,0.0,0.0,0.0,18.34,0.55,0.0
20220519:0410,0.0,3.5,0.06,2.24,18.33,0.21,0.0
20220519:0510,32.43,59.26,2.67,13.38,18.42,0.21,0.0
20220519:0610,75.69,170.18,4.47,24.97,19.23,0.9,0.0
20220519:0710,250.23,214.95,7.84,36.75,20.51,1.66,0.0
20220519:0810,473.3,214.89,10.98,48.42,21.17,2.14,0.0
20220519:0910,679.09,192.07,13.48,59.43,21.7,2.41,0.0
20220519:1010,807.31,174.8,15.0,68.36,22.17,2.69,0.0
20220519:1110,864.73,157.54,15.61,71.6,22.44,2.97,0.0
20220519:1210,815.4,155.13,15.0,66.61,22.48,3.24,0.0
20220519:1310,699.82,149.13,13.48,56.97,22.2,3.72,0.0
20220519:1410,531.97,136.37,11.17,45.73,21.72,3.79,0.0
20220519:1510,339.2,113.03,8.34,34.0,21.23,3.59,0.0
20220519:1610,143.06,80.92,5.19,22.24,20.71,3.1,0.0
20220519:1710,0.0,49.86,0.89,10.73,20.12,2.48,0.0
20220519:1810,0.0,0.0,0.0,0.0,19.43,1.66,0.0
20220519:1910,0.0,0.0,0.0,0.0,18.64,1.93,0.0
20220519:2010,0.0,0.0,0.0,0.0,17.95,1.66,0.0
20220519:2110,0.0,0.0,0.0,0.0,16.88,1.17,0.0
20220519:2210,0.0,0.0,0.0,0.0,16.8,1.03,0.0
20220519:2310,0.0,0.0,0.0,0.0,16.61,1.1,0.0
20220520:0010,0.0,0.0,0.0,0.0,16.26,1.24,0.0
20220520:0110,0.0,0.0,0.0,0.0,15.77,1.38,0.0
20220520:0210,0.0,0.0,0.0,0.0,15.6,1.31,0.0
20220520:0310,0.0,0.0,0.0,0.0,15.66,1.24,0.0
20220520:0410,0.0,5.25,0.09,2.36,15.56,1.31,0.0
20220520:0510,38.64,53.24,2.89,13.49,15.53,1.31,0.0
20220520:0610,217.71,92.06,6.14,25.08,18.41,1.03,0.0
20220520:0710,410.53,126.71,9.19,36.86,19.78,1.24,0.0
20220520:0810,601.88,145.17,11.97,48.54,20.78,1.72,0.0
20220520:0910,743.72,160.74,14.03,59.56,21.41,2.41,0.0
20220520:1010,835.07,167.55,15.34,68.53,21.81,2.9,0.0
20220520:1110,817.04,193.13,15.45,71.81,22.13,3.17,0.0
20220520:1210,810.59,165.15,15.11,66.78,22.23,3.31,0.0
20220520:1310,675.7,168.93,13.44,57.12,22.19,3.31,0.0
20220520:1410,514.83,151.73,11.16,45.86,21.95,3.31,0.0
20220520:1510,324.91,125.94,8.31,34.13,21.51,2.97,0.0
20220520:1610,139.41,86.08,5.2,22.37,20.9,2.48,0.0
20220520:1710,0.0,50.74,0.91,10.86,20.18,1.93,0.0
20220520:1810,0.0,0.0,0.0,0.0,19.38,1.38,0.0
20220520:1910,0.0,0.0,0.0,0.0,18.42,0.83,0.0
20220520:2010,0.0,0.0,0.0,0.0,18.04,0.69,0.0
20220520:2110,0.0,0.0,0.0,0.0,17.98,0.55,0.0
20220520:2210,0.0,0.0,0.0,0.0,17.62,0.41,0.0
20220520:2310,0.0,0.0,0.0,0.0,17.27,0.41,0.0
20220521:0010,0.0,0.0,0.0,0.0,16.97,0.55,0.0
20220521:0110,0.0,0.0,0.0,0.0,16.81,0.69,0.0
20220521:0210,0.0,0.0,0.0,0.0,16.59,0.9,0.0
20220521:0310,0.0,0.0,0.0,0.0,16.37,0.9,0.0
20220521:0410,0.0,6.12,0.11,2.49,16.26,0.69,0.0
20220521:0510,39.36,52.93,2.94,13.6,16.46,0.76,0.0
20220521:0610,214.45,94.63,6.14,25.18,17.1,0.69,0.0
20220521:0710,402.88,132.26,9.17,36.96,18.58,0.76,0.0
20220521:0810,606.07,143.95,12.05,48.65,19.63,0.9,0.0
20220521:0910,769.03,148.38,14.27,59.69,20.57,1.17,0.0
20220521:1010,874.96,146.87,15.67,68.71,21.41,1.72,0.0
20220521:1110,911.92,140.77,16.14,72.01,21.84,2.21,0.0
20220521:1210,861.05,138.47,15.52,66.96,22.08,2.14,0.0
20220521:1310,750.13,128.67,14.03,57.26,22.27,1.93,0.0
20220521:1410,565.01,125.16,11.61,45.99,22.23,1.79,0.0
20220521:1510,357.49,107.74,8.66,34.25,22.18,1.93,0.0
20220521:1610,150.98,79.21,5.41,22.49,21.6,2.0,0.0
20220521:1710,0.0,49.86,0.89,11.0,20.71,1.59,0.0
20220521:1810,0.0,0.0,0.0,0.0,19.8,1.17,0.0
20220521:1910,0.0,0.0,0.0,0.0,18.29,1.31,0.0
20220521:2010,0.0,0.0,0.0,0.0,18.13,0.62,0.0
20220521:2110,0.0,0.0,0.0,0.0,17.95,0.69,0.0
20220521:2210,0.0,0.0,0.0,0.0,16.47,1.17,0.0
20220521:2310,0.0,0.0,0.0,0.0,15.97,1.31,0.0
20220522:0010,0.0,0.0,0.0,0.0,15.97,1.31,0.0
20220522:0110,0.0,0.0,0.0,0.0,16.65,1.17,0.0
20220522:0210,0.0,0.0,0.0,0.0,17.16,1.03,0.0
20220522:0310,0.0,0.0,0.0,0.0,17.23,0.9,0.0
20220522:0410,0.0,7.0,0.13,2.6,17.36,0.62,0.0
20220522:0510,36.05,56.27,2.84,13.71,17.7,0.55,0.0
20220522:0610,202.28,98.4,5.97,25.28,18.04,0.48,0.0
20220522:0710,393.53,131.11,9.02,37.06,20.75,0.69,0.0
20220522:0810,578.46,150.61,11.73,48.75,21.74,1.1,0.0
20220522:0910,715.35,167.23,13.75,59.82,22.53,1.72,0.0
20220522:1010,791.0,182.22,14.95,68.87,23.0,2.41,0.0
20220522:1110,813.69,183.35,15.31,72.21,23.14,2.62,0.0
20220522:1210,739.09,197.86,14.56,67.13,23.41,2.41,0.0
20220522:1310,634.74,185.25,13.09,57.4,23.85,2.28,0.0
20220522:1410,473.62,171.64,10.83,46.12,24.11,2.21,0.0
20220522:1510,299.17,137.95,8.06,34.37,23.89,2.28,0.0
20220522:1610,125.04,96.35,5.03,22.62,23.32,2.14,0.0
20220522:1710,0.0,53.36,0.95,11.13,22.49,1.79,0.0
20220522:1810,0.0,0.0,0.0,0.0,21.5,1.38,0.0
20220522:1910,0.0,0.0,0.0,0.0,20.39,1.45,0.0
20220522:2010,0.0,0.0,0.0,0.0,19.15,1.38,0.0
20220522:2110,0.0,0.0,0.0,0.0,18.56,1.24,0.0
20220522:2210,0.0,0.0,0.0,0.0,18.67,1.17,0.0
20220522:2310,0.0,0.0,0.0,0.0,18.72,1.17,0.0
20220523:0010,0.0,0.0,0.0,0.0,19.44,0.97,0.0
20220523:0110,0.0,0.0,0.0,0.0,18.91,1.03,0.0
20220523:0210,0.0,0.0,0.0,0.0,17.26,1.52,0.0
20220523:0310,0.0,0.0,0.0,0.0,15.75,1.93,0.0
20220523:0410,0.0,6.12,0.11,2.71,15.24,2.07,0.0
20220523:0510,24.84,71.43,2.55,13.81,16.03,2.0,0.0
20220523:0610,164.96,122.69,5.61,25.37,20.07,1.59,0.0
20220523:0710,351.27,155.78,8.7,37.15,22.85,0.62,0.0
20220523:0810,536.61,173.99,11.45,48.84,23.99,1.03,0.0
20220523:0910,686.86,183.05,13.58,59.93,24.71,1.31,0.0
20220523:1010,787.38,181.96,14.92,69.03,25.48,1.24,0.0
20220523:1110,809.06,184.13,15.28,72.41,26.08,1.52,0.0
20220523:1210,764.59,178.5,14.69,67.3,26.25,1.93,0.0
20220523:1310,667.32,163.22,13.3,57.54,26.17,2.07,0.0
20220523:1410,499.93,152.08,10.98,46.24,25.87,1.93,0.0
20220523:1510,308.88,131.18,8.16,34.49,25.66,1.66,0.0
20220523:1610,119.78,100.95,4.98,22.74,25.56,1.52,0.0
20220523:1710,0.0,57.73,1.03,11.26,25.11,1.38,0.0
20220523:1810,0.0,0.0,0.0,0.0,24.18,1.31,0.0
20220523:1910,0.0,0.0,0.0,0.0,22.29,2.14,0.0
20220523:2010,0.0,0.0,0.0,0.0,21.6,2.14,0.0
20220523:2110,0.0,0.0,0.0,0.0,21.04,1.93,0.0
20220523:2210,0.0,0.0,0.0,0.0,20.05,1.86,0.0
20220523:2310,0.0,0.0,0.0,0.0,19.23,1.93,0.0
20220524:0010,0.0,0.0,0.0,0.0,18.91,2.34,0.0
20220524:0110,0.0,0.0,0.0,0.0,18.76,2.76,0.0
20220524:0210,0.0,0.0,0.0,0.0,18.5,2.9,0.0
20220524:0310,0.0,0.0,0.0,0.0,18.19,2.76,0.0
20220524:0410,0.0,7.0,0.13,2.82,17.81,2.55,0.0
20220524:0510,23.01,75.37,2.53,13.9,18.47,2.41,0.0
20220524:0610,161.28,125.32,5.59,25.46,21.48,2.21,0.0
20220524:0710,343.96,159.37,8.66,37.23,24.19,1.72,0.0
20220524:0810,504.59,193.28,11.27,48.93,26.06,1.1,0.0
20220524:0910,586.92,242.05,12.97,60.04,27.19,0.9,0.0
20220524:1010,698.97,235.88,14.42,69.18,27.9,1.38,0.0
20220524:1110,747.89,221.16,14.94,72.6,28.4,1.93,0.0
20220524:1210,734.18,197.37,14.53,67.46,28.74,2.28,0.0
20220524:1310,630.12,185.78,13.08,57.67,28.95,2.55,0.0
20220524:1410,480.49,164.46,10.88,46.36,28.94,2.9,0.0
20220524:1510,290.94,143.25,8.03,34.61,28.7,3.17,0.0
20220524:1610,113.38,106.56,4.92,22.86,28.39,3.24,0.0
20220524:1710,0.0,57.73,1.03,11.39,27.79,2.97,0.0
20220524:1810,0.0,0.0,0.0,0.0,26.79,2.76,0.0
20220524:1910,0.0,0.0,0.0,0.0,25.43,2.83,0.0
20220524:2010,0.0,0.0,0.0,0.0,24.12,3.17,0.0
20220524:2110,0.0,0.0,0.0,0.0,22.76,3.24,0.0
20220524:2210,0.0,0.0,0.0,0.0,21.4,3.1,0.0
20220524:2310,0.0,0.0,0.0,0.0,20.19,2.9,0.0
20220525:0010,0.0,0.0,0.0,0.0,19.15,2.76,0.0
20220525:0110,0.0,0.0,0.0,0.0,18.53,2.83,0.0
20220525:0210,0.0,0.0,0.0,0.0,18.24,2.97,0.0
20220525:0310,0.0,0.0,0.0,0.0,18.15,3.17,0.0
20220525:0410,0.0,2.62,0.05,2.92,18.3,3.38,0.0
20220525:0510,8.15,87.65,1.94,13.99,19.58,3.45,0.0
20220525:0610,19.15,170.94,3.31,25.54,22.44,3.38,0.0
20220525:0710,258.75,209.96,8.02,37.31,25.38,3.17,0.0
20220525:0810,144.51,346.3,8.08,49.02,27.68,3.38,0.0
20220525:0910,0.0,226.66,3.84,60.15,29.31,3.66,0.0
20220525:1010,2.02,303.25,5.17,69.33,30.47,4.0,0.0
20220525:1110,47.41,417.35,7.75,72.78,31.05,4.62,0.0
20220525:1210,50.78,405.46,7.61,67.62,31.37,4.48,0.0
20220525:1310,0.0,195.33,3.31,57.81,31.51,3.93,0.0
20220525:1410,56.51,320.58,6.36,46.48,31.19,3.03,0.0
20220525:1510,188.85,206.06,7.13,34.73,30.82,2.34,0.0
20220525:1610,31.1,156.08,3.52,22.98,30.09,1.1,0.0
20220525:1710,0.0,65.61,1.17,11.51,28.83,1.45,0.0
20220525:1810,0.0,0.0,0.0,0.0,27.38,2.0,0.0
20220525:1910,0.0,0.0,0.0,0.0,25.24,1.86,0.0
20220525:2010,0.0,0.0,0.0,0.0,24.06,2.48,0.0
20220525:2110,0.0,0.0,0.0,0.0,23.17,3.03,0.0
20220525:2210,0.0,0.0,0.0,0.0,22.39,2.48,0.0
20220525:2310,0.0,0.0,0.0,0.0,21.13,2.41,0.0
20220526:0010,0.0,0.0,0.0,0.0,19.97,2.34,0.0
20220526:0110,0.0,0.0,0.0,0.0,19.57,2.0,0.0
20220526:0210,0.0,0.0,0.0,0.0,19.4,2.14,0.0
20220526:0310,0.0,0.0,0.0,0.0,19.9,2.41,0.0
20220526:0410,0.0,7.87,0.14,3.01,20.22,2.62,0.0
20220526:0510,16.17,83.2,2.31,14.07,20.72,2.55,0.0
20220526:0610,112.24,153.69,5.05,25.62,22.93,2.0,0.0
20220526:0710,126.35,260.58,6.58,37.39,24.67,1.03,0.0
20220526:0810,390.5,252.75,10.42,49.1,26.67,1.31,0.0
20220526:0910,469.61,301.41,12.14,60.25,27.99,1.93,0.0
20220526:1010,38.24,396.26,7.27,69.46,29.01,2.34,0.0
20220526:1110,0.0,233.11,3.95,72.96,29.88,2.83,0.0
20220526:1210,0.0,163.08,2.77,67.78,30.21,3.45,0.0
20220526:1310,233.32,376.33,9.92,57.93,29.87,3.86,0.0
20220526:1410,0.91,215.63,3.67,46.6,29.37,3.79,0.0
20220526:1510,6.47,198.14,3.48,34.84,28.87,3.45,0.0
20220526:1610,5.96,137.66,2.5,23.1,28.35,2.83,0.0
20220526:1710,0.0,44.61,0.8,11.64,27.84,1.93,0.0
20220526:1810,0.0,0.0,0.0,0.0,27.32,1.86,0.0
20220526:1910,0.0,0.0,0.0,0.0,26.08,1.17,0.0
20220526:2010,0.0,0.0,0.0,0.0,24.55,1.31,0.0
20220526:2110,0.0,0.0,0.0,0.0,23.85,1.17,0.0
20220526:2210,0.0,0.0,0.0,0.0,23.0,1.66,0.0
20220526:2310,0.0,0.0,0.0,0.0,22.59,1.66,0.0
20220527:0010,0.0,0.0,0.0,0.0,22.03,1.79,0.0
20220527:0110,0.0,0.0,0.0,0.0,21.03,2.0,0.0
20220527:0210,0.0,0.0,0.0,0.0,20.23,2.14,0.0
20220527:0310,0.0,0.0,0.0,0.0,19.71,2.0,0.0
20220527:0410,0.0,10.5,0.19,3.1,19.84,1.59,0.0
20220527:0510,0.0,30.41,0.52,14.15,21.06,1.03,0.0
20220527:0610,0.0,67.26,1.14,25.69,21.75,0.14,0.0
20220527:0710,15.86,235.48,4.27,37.46,23.28,0.69,0.0
20220527:0810,86.69,343.54,7.16,49.18,24.34,0.55,0.0
20220527:0910,0.0,199.94,3.39,60.34,25.95,1.66,0.0
20220527:1010,0.0,135.44,2.3,69.6,26.97,1.72,0.0
20220527:1110,99.52,443.75,8.94,73.13,27.75,1.17,0.0
20220527:1210,30.76,383.57,6.95,67.93,28.18,1.59,0.0
20220527:1310,173.22,389.82,9.23,58.06,28.4,1.59,0.0
20220527:1410,294.95,269.59,9.48,46.71,27.86,1.31,0.0
20220527:1510,0.0,93.06,1.58,34.96,27.01,1.45,0.0
20220527:1610,88.01,127.8,4.63,23.21,26.02,2.28,0.0
20220527:1710,0.0,55.98,1.0,11.76,24.67,3.17,0.0
20220527:1810,0.0,0.0,0.0,0.0,23.01,3.38,0.0
20220527:1910,0.0,0.0,0.0,0.0,21.15,3.1,0.0
20220527:2010,0.0,0.0,0.0,0.0,20.35,3.03,0.0
20220527:2110,0.0,0.0,0.0,0.0,19.77,2.69,0.0
20220527:2210,0.0,0.0,0.0,0.0,19.34,2.34,0.0
20220527:2310,0.0,0.0,0.0,0.0,18.93,1.59,0.0
20220528:0010,0.0,0.0,0.0,0.0,18.35,0.69,0.0
20220528:0110,0.0,0.0,0.0,0.0,17.55,0.97,0.0
20220528:0210,0.0,0.0,0.0,0.0,16.94,1.38,0.0
20220528:0310,0.0,0.0,0.0,0.0,16.95,1.86,0.0
20220528:0410,0.0,14.0,0.25,3.19,16.93,2.0,0.0
20220528:0510,31.49,62.0,2.8,14.23,17.72,2.14,0.0
20220528:0610,187.74,103.19,5.86,25.76,18.76,2.34,0.0
20220528:0710,346.16,150.95,8.64,37.52,19.94,3.45,0.0
20220528:0810,499.99,186.45,11.17,49.25,21.19,3.31,0.0
20220528:0910,0.0,131.76,2.23,60.42,21.92,2.28,0.0
20220528:1010,1.0,276.47,4.7,69.72,22.24,1.59,0.0
20220528:1110,28.1,388.96,7.0,73.29,22.32,1.1,0.0
20220528:1210,3.96,311.65,5.34,68.08,21.88,0.76,0.0
20220528:1310,5.76,290.52,5.02,58.18,20.89,0.62,0.0
20220528:1410,0.0,101.35,1.72,46.83,20.49,0.62,0.0
20220528:1510,0.0,105.04,1.78,35.07,19.13,0.28,0.0
20220528:1610,0.0,90.3,1.53,23.33,19.01,1.03,0.0
20220528:1710,0.0,69.11,1.23,11.88,18.96,0.97,0.0
20220528:1810,0.0,0.0,0.0,0.0,18.85,0.14,0.0
20220528:1910,0.0,0.0,0.0,0.0,18.27,1.38,0.0
20220528:2010,0.0,0.0,0.0,0.0,18.15,1.03,0.0
20220528:2110,0.0,0.0,0.0,0.0,17.9,1.31,0.0
20220528:2210,0.0,0.0,0.0,0.0,17.37,1.66,0.0
20220528:2310,0.0,0.0,0.0,0.0,16.94,2.07,0.0
20220529:0010,0.0,0.0,0.0,0.0,16.61,2.07,0.0
20220529:0110,0.0,0.0,0.0,0.0,16.41,2.28,0.0
20220529:0210,0.0,0.0,0.0,0.0,16.44,2.41,0.0
20220529:0310,0.0,0.0,0.0,0.0,16.45,2.55,0.0
20220529:0410,0.0,14.87,0.27,3.27,16.39,2.76,0.0
20220529:0510,29.65,65.74,2.78,14.3,16.86,2.97,0.0
20220529:0610,177.59,112.26,5.81,25.82,18.53,2.97,0.0
20220529:0710,365.39,142.18,8.86,37.58,20.95,2.62,0.0
20220529:0810,547.31,159.97,11.55,49.31,22.57,2.34,0.0
20220529:0910,686.67,174.76,13.59,60.5,23.81,2.0,0.0
20220529:1010,786.9,173.65,14.94,69.84,24.75,2.41,0.0
20220529:1110,820.67,168.75,15.38,73.45,25.35,2.97,0.0
20220529:1210,786.17,160.26,14.89,68.22,25.8,3.66,0.0
20220529:1310,676.08,153.21,13.42,58.31,26.04,4.14,0.0
20220529:1410,515.29,141.37,11.2,46.94,26.01,4.34,0.0
20220529:1510,326.75,119.02,8.41,35.17,25.74,4.55,0.0
20220529:1610,142.65,85.15,5.39,23.44,25.27,4.55,0.0
20220529:1710,0.0,55.98,1.0,12.0,24.65,4.34,0.0
20220529:1810,0.0,0.0,0.0,0.0,23.66,3.66,0.0
20220529:1910,0.0,0.0,0.0,0.0,22.69,3.52,0.0
20220529:2010,0.0,0.0,0.0,0.0,21.58,3.38,0.0
20220529:2110,0.0,0.0,0.0,0.0,20.61,3.45,0.0
20220529:2210,0.0,0.0,0.0,0.0,19.91,3.79,0.0
20220529:2310,0.0,0.0,0.0,0.0,19.45,4.07,0.0
20220530:0010,0.0,0.0,0.0,0.0,19.17,4.21,0.0
20220530:0110,0.0,0.0,0.0,0.0,19.0,4.34,0.0
20220530:0210,0.0,0.0,0.0,0.0,18.95,4.21,0.0
20220530:0310,0.0,0.0,0.0,0.0,18.94,4.0,0.0
20220530:0410,0.0,15.75,0.28,3.34,19.0,3.86,0.0
20220530:0510,34.71,58.96,2.95,14.36,19.74,3.93,0.0
20220530:0610,175.47,114.84,5.83,25.87,21.86,3.72,0.0
20220530:0710,250.82,211.77,7.98,37.64,24.28,3.86,0.0
20220530:0810,567.02,150.0,11.73,49.37,26.27,3.45,0.0
20220530:0910,677.6,182.59,13.59,60.58,27.71,2.83,0.0
20220530:1010,801.64,167.46,15.09,69.95,28.52,2.48,0.0
20220530:1110,785.4,191.81,15.2,73.61,28.85,2.48,0.0
20220530:1210,769.16,171.17,14.81,68.36,29.06,2.83,0.0
20220530:1310,662.54,161.97,13.36,58.42,29.24,2.62,0.0
20220530:1410,512.56,144.13,11.22,47.05,29.49,2.34,0.0
20220530:1510,315.66,127.32,8.34,35.28,29.54,2.21,0.0
20220530:1610,132.31,94.34,5.28,23.55,29.14,2.07,0.0
20220530:1710,0.0,57.73,1.03,12.11,28.16,1.86,0.0
20220530:1810,0.0,0.0,0.0,0.0,27.14,1.52,0.0
20220530:1910,0.0,0.0,0.0,0.0,25.51,2.07,0.0
20220530:2010,0.0,0.0,0.0,0.0,24.05,2.14,0.0
20220530:2110,0.0,0.0,0.0,0.0,22.81,2.28,0.0
20220530:2210,0.0,0.0,0.0,0.0,21.45,2.48,0.0
20220530:2310,0.0,0.0,0.0,0.0,20.55,2.9,0.0
20220531:0010,0.0,0.0,0.0,0.0,20.0,3.03,0.0
20220531:0110,0.0,0.0,0.0,0.0,19.94,2.48,0.0
20220531:0210,0.0,0.0,0.0,0.0,20.46,1.66,0.0
20220531:0310,0.0,0.0,0.0,0.0,19.99,1.52,0.0
20220531:0410,0.0,12.25,0.22,3.41,18.33,2.0,0.0
20220531:0510,13.95,86.45,2.28,14.42,19.01,1.86,0.0
20220531:0610,178.41,110.14,5.83,25.93,22.66,1.31,0.0
20220531:0710,339.99,156.11,8.67,37.69,26.18,2.14,0.0
20220531:0810,500.72,185.91,11.23,49.42,28.03,1.45,0.0
20220531:0910,560.61,248.06,12.8,60.65,29.17,0.83,0.0
20220531:1010,723.57,208.36,14.53,70.06,30.03,0.83,0.0
20220531:1110,730.31,220.56,14.81,73.75,30.67,1.03,0.0
20220531:1210,590.57,274.38,13.64,68.49,31.22,0.83,0.0
20220531:1310,539.15,234.11,12.52,58.54,30.65,1.86,0.0
20220531:1410,230.62,297.76,8.91,47.15,29.13,2.34,0.0
20220531:1510,292.66,140.43,8.13,35.38,27.94,1.79,0.0
20220531:1610,96.1,123.34,4.8,23.65,27.1,1.24,0.0
20220531:1710,0.0,71.73,1.28,12.22,26.44,0.83,0.0
20220531:1810,0.0,0.0,0.0,0.0,25.84,0.76,0.0
20220531:1910,0.0,0.0,0.0,0.0,25.33,0.76,0.0
20220531:2010,0.0,0.0,0.0,0.0,23.91,1.31,0.0
20220531:2110,0.0,0.0,0.0,0.0,23.62,0.55,0.0
20220531:2210,0.0,0.0,0.0,0.0,23.14,0.48,0.0
20220531:2310,0.0,0.0,0.0,0.0,22.83,0.55,0.0
20220601:0010,0.0,0.0,0.0,0.0,22.57,0.34,0.0
20220601:0110,0.0,0.0,0.0,0.0,22.17,0.28,0.0
20220601:0210,0.0,0.0,0.0,0.0,21.86,0.62,0.0
20220601:0310,0.0,0.0,0.0,0.0,21.69,0.97,0.0
20220601:0410,0.0,14.0,0.25,3.47,20.63,1.24,0.0
20220601:0510,17.82,82.82,2.45,14.47,20.4,1.31,0.0
20220601:0610,146.23,132.64,5.52,25.97,23.67,1.1,0.0
20220601:0710,332.2,159.74,8.61,37.73,25.19,0.62,0.0
20220601:0810,509.2,179.91,11.3,49.47,26.42,1.31,0.0
20220601:0910,628.33,205.9,13.22,60.71,27.21,1.93,0.0
20220601:1010,735.47,200.21,14.61,70.16,27.74,2.41,0.0
20220601:1110,757.22,202.42,14.97,73.9,28.18,2.69,0.0
20220601:1210,729.55,188.8,14.5,68.62,28.44,2.76,0.0
20220601:1310,604.22,193.12,12.94,58.65,28.5,2.76,0.0
20220601:1410,461.39,171.81,10.81,47.26,28.31,2.9,0.0
20220601:1510,292.93,140.32,8.14,35.49,27.87,2.97,0.0
20220601:1610,122.44,101.94,5.16,23.76,27.12,2.83,0.0
20220601:1710,0.0,62.98,1.13,12.33,26.13,2.34,0.0
20220601:1810,0.0,0.0,0.0,0.0,25.07,1.59,0.0
20220601:1910,0.0,0.0,0.0,0.0,24.67,1.59,0.0
20220601:2010,0.0,0.0,0.0,0.0,23.83,1.1,0.0
20220601:2110,0.0,0.0,0.0,0.0,23.54,0.83,0.0
20220601:2210,0.0,0.0,0.0,0.0,23.69,0.48,0.0
20220601:2310,0.0,0.0,0.0,0.0,22.38,1.1,0.0
20220602:0010,0.0,0.0,0.0,0.0,20.48,1.66,0.0
20220602:0110,0.0,0.0,0.0,0.0,19.89,1.79,0.0
20220602:0210,0.0,0.0,0.0,0.0,19.66,1.79,0.0
20220602:0310,0.0,0.0,0.0,0.0,19.63,1.66,0.0
20220602:0410,0.0,15.75,0.28,3.53,19.82,1.52,0.0
20220602:0510,32.59,62.42,2.95,14.52,20.36,1.52,0.0
20220602:0610,180.71,111.48,5.94,26.02,23.68,1.38,0.0
20220602:0710,377.41,135.76,9.05,37.77,25.72,1.31,0.0
20220602:0810,562.87,153.45,11.78,49.51,26.81,2.14,0.0
20220602:0910,706.64,165.17,13.84,60.77,27.48,2.69,0.0
20220602:1010,806.1,166.02,15.2,70.25,28.04,3.03,0.0
20220602:1110,829.94,168.21,15.59,74.03,28.46,3.1,0.0
20220602:1210,733.49,195.75,14.69,68.75,28.84,3.17,0.0
20220602:1310,608.15,199.93,13.13,58.76,29.12,3.1,0.0
20220602:1410,465.18,176.47,10.97,47.36,29.19,2.9,0.0
20220602:1510,290.85,147.55,8.23,35.59,28.97,2.69,0.0
20220602:1610,128.14,101.34,5.31,23.86,28.49,2.34,0.0
20220602:1710,0.0,61.23,1.09,12.44,27.66,2.0,0.0
20220602:1810,0.0,2.62,0.05,1.57,26.73,1.66,0.0
20220602:1910,0.0,0.0,0.0,0.0,26.09,0.62,0.0
20220602:2010,0.0,0.0,0.0,0.0,25.59,0.69,0.0
20220602:2110,0.0,0.0,0.0,0.0,24.01,1.31,0.0
20220602:2210,0.0,0.0,0.0,0.0,23.0,1.52,0.0
20220602:2310,0.0,0.0,0.0,0.0,22.15,1.66,0.0
20220603:0010,0.0,0.0,0.0,0.0,21.41,2.0,0.0
20220603:0110,0.0,0.0,0.0,0.0,21.01,2.0,0.0
20220603:0210,0.0,0.0,0.0,0.0,20.93,1.79,0.0
20220603:0310,0.0,0.0,0.0,0.0,20.57,1.66,0.0
20220603:0410,0.0,15.75,0.28,3.59,20.29,1.72,0.0
20220603:0510,19.02,82.03,2.53,14.56,20.73,1.66,0.0
20220603:0610,139.52,137.99,5.48,26.05,24.69,1.17,0.0
20220603:0710,335.87,159.41,8.7,37.81,27.3,0.9,0.0
20220603:0810,503.63,185.44,11.33,49.55,28.71,1.59,0.0
20220603:0910,620.57,213.51,13.25,60.82,29.88,1.72,0.0
20220603:1010,770.24,180.92,14.89,70.33,30.81,1.45,0.0
20220603:1110,734.36,220.15,14.92,74.16,30.91,2.41,0.0
20220603:1210,763.99,170.58,14.8,68.87,30.59,2.69,0.0
20220603:1310,647.33,169.31,13.3,58.86,30.24,2.34,0.0
20220603:1410,503.08,147.5,11.17,47.45,30.22,2.14,0.0
20220603:1510,320.63,124.1,8.44,35.68,30.26,2.14,0.0
20220603:1610,133.26,95.02,5.34,23.96,30.24,1.86,0.0
20220603:1710,0.0,64.73,1.16,12.54,29.94,0.97,0.0
20220603:1810,0.0,2.62,0.05,1.68,28.97,0.41,0.0
20220603:1910,0.0,0.0,0.0,0.0,25.94,2.21,0.0
20220603:2010,0.0,0.0,0.0,0.0,24.47,1.1,0.0
20220603:2110,0.0,0.0,0.0,0.0,23.38,1.45,0.0
20220603:2210,0.0,0.0,0.0,0.0,22.65,1.66,0.0
20220603:2310,0.0,0.0,0.0,0.0,24.37,0.76,0.0
20220604:0010,0.0,0.0,0.0,0.0,23.97,0.76,0.0
20220604:0110,0.0,0.0,0.0,0.0,21.98,1.38,0.0
20220604:0210,0.0,0.0,0.0,0.0,20.77,1.86,0.0
20220604:0310,0.0,0.0,0.0,0.0,20.71,2.0,0.0
20220604:0410,0.0,15.75,0.28,3.63,21.58,1.59,0.0
20220604:0510,23.03,75.86,2.67,14.6,22.64,1.03,0.0
20220604:0610,151.83,128.4,5.61,26.09,24.45,0.48,0.0
20220604:0710,331.69,159.27,8.64,37.84,27.03,2.62,0.0
20220604:0810,461.52,208.39,11.02,49.59,27.18,2.28,0.0
20220604:0910,639.22,197.53,13.31,60.87,27.91,1.38,0.0
20220604:1010,720.63,207.72,14.55,70.41,29.12,1.31,0.0
20220604:1110,771.25,191.97,15.08,74.28,30.66,3.03,0.0
20220604:1210,729.73,188.4,14.55,68.99,31.87,3.66,0.0
20220604:1310,617.06,184.89,13.06,58.97,32.86,3.17,0.0
20220604:1410,471.97,165.69,10.94,47.55,33.32,1.59,0.0
20220604:1510,288.39,144.7,8.16,35.78,32.78,2.07,0.0
20220604:1610,124.32,102.56,5.23,24.06,31.05,2.41,0.0
20220604:1710,0.0,65.61,1.17,12.64,29.31,1.79,0.0
20220604:1810,0.0,2.62,0.05,1.79,27.9,1.31,0.0
20220604:1910,0.0,0.0,0.0,0.0,26.18,1.31,0.0
20220604:2010,0.0,0.0,0.0,0.0,25.33,0.69,0.0
20220604:2110,0.0,0.0,0.0,0.0,25.22,0.55,0.0
20220604:2210,0.0,0.0,0.0,0.0,24.22,1.1,0.0
20220604:2310,0.0,0.0,0.0,0.0,23.45,1.52,0.0
20220605:0010,0.0,0.0,0.0,0.0,23.67,1.38,0.0
20220605:0110,0.0,0.0,0.0,0.0,23.99,1.24,0.0
20220605:0210,0.0,0.0,0.0,0.0,23.81,1.24,0.0
20220605:0310,0.0,0.0,0.0,0.0,24.56,0.97,0.0
20220605:0410,0.0,17.5,0.31,3.68,24.69,0.76,0.0
20220605:0510,21.63,77.21,2.63,14.64,24.98,0.76,0.0
20220605:0610,148.51,130.19,5.58,26.12,25.74,0.41,0.0
20220605:0710,337.03,155.34,8.69,37.87,28.28,1.24,0.0
20220605:0810,506.68,179.28,11.31,49.62,29.82,1.03,0.0
20220605:0910,650.06,189.48,13.38,60.91,30.94,0.48,0.0
20220605:1010,746.54,190.62,14.7,70.48,31.55,1.72,0.0
20220605:1110,784.28,182.81,15.16,74.39,31.98,2.55,0.0
20220605:1210,714.22,197.22,14.45,69.1,32.74,2.55,0.0
20220605:1310,616.34,184.77,13.06,59.07,33.37,1.59,0.0
20220605:1410,453.49,177.09,10.81,47.64,32.8,1.59,0.0
20220605:1510,294.36,140.86,8.22,35.87,31.07,3.17,0.0
20220605:1610,122.46,104.43,5.22,24.15,29.39,3.52,0.0
20220605:1710,0.27,53.63,2.36,12.74,28.17,2.28,0.0
20220605:1810,0.0,2.62,0.05,1.89,27.34,0.62,0.0
20220605:1910,0.0,0.0,0.0,0.0,25.89,1.17,0.0
20220605:2010,0.0,0.0,0.0,0.0,25.03,1.1,0.0
20220605:2110,0.0,0.0,0.0,0.0,23.84,1.38,0.0
20220605:2210,0.0,0.0,0.0,0.0,23.34,0.83,0.0
20220605:2310,0.0,0.0,0.0,0.0,22.19,1.31,0.0
20220606:0010,0.0,0.0,0.0,0.0,22.53,2.28,0.0
20220606:0110,0.0,0.0,0.0,0.0,22.72,2.69,0.0
20220606:0210,0.0,0.0,0.0,0.0,22.61,3.03,0.0
20220606:0310,0.0,0.0,0.0,0.0,22.29,2.76,0.0
20220606:0410,0.0,17.5,0.31,3.71,21.78,2.28,0.0
20220606:0510,0.29,68.07,1.17,14.67,22.06,1.72,0.0
20220606:0610,75.43,171.98,4.64,26.14,24.62,1.17,0.0
20220606:0710,305.39,174.12,8.44,37.89,25.92,1.24,0.0
20220606:0810,486.27,190.75,11.17,49.64,27.43,1.24,0.0
20220606:0910,648.27,190.34,13.38,60.94,28.15,1.66,0.0
20220606:1010,716.98,208.44,14.53,70.55,28.74,2.0,0.0
20220606:1110,672.37,252.19,14.5,74.5,29.09,3.24,0.0
20220606:1210,673.34,222.81,14.22,69.21,28.97,3.52,0.0
20220606:1310,603.34,193.47,13.0,59.16,28.76,3.31,0.0
20220606:1410,480.67,158.77,11.0,47.74,28.31,2.76,0.0
20220606:1510,305.89,133.28,8.33,35.96,27.88,2.34,0.0
20220606:1610,125.3,102.48,5.27,24.24,27.15,2.48,0.0
20220606:1710,0.52,58.2,2.31,12.84,26.04,2.07,0.0
20220606:1810,0.0,3.5,0.06,1.99,24.9,1.31,0.0
20220606:1910,0.0,0.0,0.0,0.0,23.57,0.41,0.0
20220606:2010,0.0,0.0,0.0,0.0,23.01,0.48,0.0
20220606:2110,0.0,0.0,0.0,0.0,22.26,0.97,0.0
20220606:2210,0.0,0.0,0.0,0.0,22.77,0.55,0.0
20220606:2310,0.0,0.0,0.0,0.0,22.6,0.48,0.0
20220607:0010,0.0,0.0,0.0,0.0,22.3,0.48,0.0
20220607:0110,0.0,0.0,0.0,0.0,21.95,0.41,0.0
20220607:0210,0.0,0.0,0.0,0.0,21.69,0.41,0.0
20220607:0310,0.0,0.0,0.0,0.0,21.51,0.21,0.0
20220607:0410,0.0,16.62,0.3,3.75,21.45,0.48,0.0
20220607:0510,21.23,78.75,2.66,14.69,21.76,0.41,0.0
20220607:0610,141.28,136.48,5.55,26.16,23.23,0.41,0.0
20220607:0710,321.98,166.42,8.63,37.9,24.36,1.03,0.0
20220607:0810,511.72,178.07,11.41,49.66,25.7,1.66,0.0
20220607:0910,668.88,181.37,13.58,60.97,26.71,1.86,0.0
20220607:1010,768.65,180.42,14.92,70.61,27.38,2.07,0.0
20220607:1110,792.57,181.64,15.3,74.61,27.84,2.34,0.0
20220607:1210,750.9,178.13,14.77,69.31,28.04,2.83,0.0
20220607:1310,668.13,157.06,13.5,59.26,27.89,3.1,0.0
20220607:1410,487.31,158.66,11.13,47.82,27.46,2.9,0.0
20220607:1510,336.44,117.14,8.67,36.05,26.99,2.48,0.0
20220607:1610,150.99,84.34,5.66,24.33,26.45,2.07,0.0
20220607:1710,1.12,45.52,2.61,12.93,25.73,1.52,0.0
20220607:1810,0.0,3.5,0.06,2.09,24.91,0.9,0.0
20220607:1910,0.0,0.0,0.0,0.0,24.05,0.55,0.0
20220607:2010,0.0,0.0,0.0,0.0,23.75,0.48,0.0
20220607:2110,0.0,0.0,0.0,0.0,22.83,1.17,0.0
20220607:2210,0.0,0.0,0.0,0.0,22.17,1.31,0.0
20220607:2310,0.0,0.0,0.0,0.0,21.98,1.24,0.0
20220608:0010,0.0,0.0,0.0,0.0,22.0,1.24,0.0
20220608:0110,0.0,0.0,0.0,0.0,22.17,1.1,0.0
20220608:0210,0.0,0.0,0.0,0.0,21.93,1.17,0.0
20220608:0310,0.0,0.0,0.0,0.0,21.91,1.17,0.0
20220608:0410,0.0,9.62,0.17,3.77,21.99,1.1,0.0
20220608:0510,35.14,55.74,3.09,14.71,22.66,0.9,0.0
20220608:0610,173.81,111.83,5.88,26.17,24.05,0.14,0.0
20220608:0710,402.82,114.98,9.27,37.92,25.44,0.69,0.0
20220608:0810,585.63,133.06,11.94,49.67,26.33,1.52,0.0
20220608:0910,726.4,145.42,13.95,61.0,26.9,2.14,0.0
20220608:1010,808.4,155.18,15.17,70.66,27.27,2.28,0.0
20220608:1110,857.16,143.23,15.73,74.7,27.64,2.34,0.0
20220608:1210,801.02,148.01,15.11,69.41,27.96,2.55,0.0
20220608:1310,673.2,152.04,13.52,59.35,27.97,2.97,0.0
20220608:1410,302.27,268.23,9.7,47.91,27.73,3.1,0.0
20220608:1510,334.54,117.14,8.64,36.13,27.23,2.97,0.0
20220608:1610,100.63,126.27,5.0,24.42,26.63,2.55,0.0
20220608:1710,0.18,74.79,1.5,13.02,25.82,1.93,0.0
20220608:1810,0.0,3.5,0.06,2.18,24.95,1.03,0.0
20220608:1910,0.0,0.0,0.0,0.0,23.99,1.17,0.0
20220608:2010,0.0,0.0,0.0,0.0,23.51,0.41,0.0
20220608:2110,0.0,0.0,0.0,0.0,23.03,1.17,0.0
20220608:2210,0.0,0.0,0.0,0.0,22.69,0.28,0.0
20220608:2310,0.0,0.0,0.0,0.0,22.39,0.21,0.0
20220609:0010,0.0,0.0,0.0,0.0,21.05,0.97,0.0
20220609:0110,0.0,0.0,0.0,0.0,20.85,1.72,0.0
20220609:0210,0.0,0.0,0.0,0.0,21.22,2.28,0.0
20220609:0310,0.0,0.0,0.0,0.0,21.24,2.34,0.0
20220609:0410,0.0,8.75,0.16,3.8,20.76,1.86,0.0
20220609:0510,0.57,68.88,1.2,14.73,21.63,1.93,0.0
20220609:0610,11.88,164.46,3.06,26.18,23.13,2.69,0.0
20220609:0710,35.93,255.25,4.97,37.92,24.93,4.48,0.0
20220609:0810,180.68,334.55,8.55,49.68,25.64,5.66,0.0
20220609:0910,57.24,383.41,7.36,61.02,25.75,5.45,0.0
20220609:1010,272.51,421.12,11.14,70.71,25.85,5.03,0.0
20220609:1110,404.48,388.41,12.58,74.79,26.17,4.97,0.0
20220609:1210,73.2,419.7,8.2,69.51,26.09,4.97,0.0
20220609:1310,236.51,376.01,10.06,59.43,26.32,5.17,0.0
20220609:1410,272.61,279.93,9.39,47.99,26.35,5.59,0.0
20220609:1510,246.55,174.43,7.86,36.21,25.72,6.07,0.0
20220609:1610,140.39,91.95,5.5,24.5,24.74,6.48,0.0
20220609:1710,1.93,45.56,2.64,13.1,23.83,6.14,0.0
20220609:1810,0.0,6.12,0.11,2.27,23.01,5.38,0.0
20220609:1910,0.0,0.0,0.0,0.0,22.32,4.55,0.0
20220609:2010,0.0,0.0,0.0,0.0,21.78,4.21,0.0
20220609:2110,0.0,0.0,0.0,0.0,21.32,4.21,0.0
20220609:2210,0.0,0.0,0.0,0.0,21.05,4.41,0.0
20220609:2310,0.0,0.0,0.0,0.0,20.77,4.9,0.0
20220610:0010,0.0,0.0,0.0,0.0,20.62,5.45,0.0
20220610:0110,0.0,0.0,0.0,0.0,20.6,5.86,0.0
20220610:0210,0.0,0.0,0.0,0.0,20.54,5.93,0.0
20220610:0310,0.0,0.0,0.0,0.0,20.48,5.79,0.0
20220610:0410,0.0,18.37,0.33,3.81,20.27,5.72,0.0
20220610:0510,8.47,91.13,2.09,14.74,20.39,6.0,0.0
20220610:0610,3.48,144.53,2.53,26.19,20.76,6.62,0.0
20220610:0710,105.92,263.43,6.36,37.93,20.97,7.59,0.0
20220610:0810,288.37,295.91,9.66,49.69,20.51,6.69,0.0
20220610:0910,355.68,345.79,11.28,61.03,21.4,5.72,0.0
20220610:1010,295.95,414.78,11.39,70.75,22.29,5.93,0.0
20220610:1110,749.02,201.28,14.95,74.87,22.8,6.14,0.0
20220610:1210,710.01,196.69,14.44,69.6,23.14,5.86,0.0
20220610:1310,416.88,300.94,11.72,59.52,23.31,5.79,0.0
20220610:1410,503.85,145.01,11.22,48.07,23.22,5.59,0.0
20220610:1510,344.29,110.53,8.73,36.29,23.03,5.52,0.0
20220610:1610,142.73,90.94,5.55,24.58,22.69,5.31,0.0
20220610:1710,2.32,46.42,2.66,13.19,22.12,4.76,0.0
20220610:1810,0.0,6.12,0.11,2.36,21.56,4.0,0.0
20220610:1910,0.0,0.0,0.0,0.0,21.11,3.86,0.0
20220610:2010,0.0,0.0,0.0,0.0,20.76,3.31,0.0
20220610:2110,0.0,0.0,0.0,0.0,20.49,2.97,0.0
20220610:2210,0.0,0.0,0.0,0.0,20.29,2.62,0.0
20220610:2310,0.0,0.0,0.0,0.0,20.1,2.62,0.0
20220611:0010,0.0,0.0,0.0,0.0,19.97,2.55,0.0
20220611:0110,0.0,0.0,0.0,0.0,19.84,2.55,0.0
20220611:0210,0.0,0.0,0.0,0.0,19.73,2.34,0.0
20220611:0310,0.0,0.0,0.0,0.0,19.6,2.14,0.0
20220611:0410,0.0,18.37,0.33,3.83,19.41,1.93,0.0
20220611:0510,33.84,55.65,3.08,14.74,19.97,1.66,0.0
20220611:0610,188.4,99.41,6.03,26.19,21.45,1.93,0.0
20220611:0710,391.48,119.46,9.17,37.93,22.82,3.03,0.0
20220611:0810,564.01,140.61,11.73,49.69,23.66,3.24,0.0
20220611:0910,709.75,151.13,13.81,61.04,24.4,3.52,0.0
20220611:1010,790.55,161.95,15.03,70.78,24.94,3.66,0.0
20220611:1110,838.33,151.08,15.59,74.95,25.23,3.72,0.0
20220611:1210,773.84,159.8,14.89,69.68,25.41,3.59,0.0
20220611:1310,659.38,158.73,13.42,59.6,25.5,3.45,0.0
20220611:1410,513.29,141.09,11.33,48.15,25.51,3.1,0.0
20220611:1510,329.1,120.78,8.61,36.37,25.38,2.83,0.0
20220611:1610,152.71,84.33,5.7,24.66,24.99,2.41,0.0
20220611:1710,2.7,46.61,2.66,13.27,24.3,2.07,0.0
20220611:1810,0.0,7.0,0.13,2.44,23.31,1.66,0.0
20220611:1910,0.0,0.0,0.0,0.0,22.1,1.52,0.0
20220611:2010,0.0,0.0,0.0,0.0,21.43,1.66,0.0
20220611:2110,0.0,0.0,0.0,0.0,20.81,1.72,0.0
20220611:2210,0.0,0.0,0.0,0.0,20.18,1.66,0.0
20220611:2310,0.0,0.0,0.0,0.0,19.52,1.72,0.0
20220612:0010,0.0,0.0,0.0,0.0,18.88,1.52,0.0
20220612:0110,0.0,0.0,0.0,0.0,18.64,1.17,0.0
20220612:0210,0.0,0.0,0.0,0.0,18.4,1.17,0.0
20220612:0310,0.0,0.0,0.0,0.0,17.88,1.38,0.0
20220612:0410,0.0,18.37,0.33,3.84,17.85,1.38,0.0
20220612:0510,29.9,61.73,2.97,14.75,18.42,1.24,0.0
20220612:0610,185.86,101.15,6.02,26.19,21.31,1.31,0.0
20220612:0710,379.85,126.97,9.09,37.92,22.88,1.72,0.0
20220612:0810,553.22,149.32,11.7,49.69,23.91,2.28,0.0
20220612:0910,697.54,160.02,13.77,61.05,24.82,2.41,0.0
20220612:1010,797.86,159.88,15.13,70.81,25.66,2.48,0.0
20220612:1110,834.82,155.06,15.61,75.02,26.29,2.69,0.0
20220612:1210,791.86,152.75,15.08,69.76,26.51,3.03,0.0
20220612:1310,693.91,141.91,13.73,59.67,26.35,3.03,0.0
20220612:1410,526.33,136.2,11.48,48.22,26.12,2.9,0.0
20220612:1510,343.14,114.11,8.78,36.44,25.72,2.76,0.0
20220612:1610,153.93,85.08,5.75,24.73,25.14,2.62,0.0
20220612:1710,3.14,47.09,2.7,13.34,24.35,2.34,0.0
20220612:1810,0.0,7.87,0.14,2.52,23.37,1.66,0.0
20220612:1910,0.0,0.0,0.0,0.0,22.08,1.17,0.0
20220612:2010,0.0,0.0,0.0,0.0,21.39,0.69,0.0
20220612:2110,0.0,0.0,0.0,0.0,21.12,0.55,0.0
20220612:2210,0.0,0.0,0.0,0.0,20.82,0.76,0.0
20220612:2310,0.0,0.0,0.0,0.0,20.91,0.76,0.0
20220613:0010,0.0,0.0,0.0,0.0,20.72,0.28,0.0
20220613:0110,0.0,0.0,0.0,0.0,20.54,0.69,0.0
20220613:0210,0.0,0.0,0.0,0.0,19.7,1.1,0.0
20220613:0310,0.0,0.0,0.0,0.0,18.79,1.31,0.0
20220613:0410,0.0,18.37,0.33,3.84,18.12,1.52,0.0
20220613:0510,32.07,58.22,3.06,14.74,18.59,1.59,0.0
20220613:0610,185.42,102.79,6.05,26.18,22.0,1.72,0.0
20220613:0710,385.29,125.88,9.19,37.91,23.25,2.62,0.0
20220613:0810,560.11,148.26,11.81,49.68,24.33,2.62,0.0
20220613:0910,704.75,159.97,13.89,61.05,25.46,2.69,0.0
20220613:1010,795.38,165.88,15.19,70.83,26.43,3.17,0.0
20220613:1110,810.66,172.13,15.5,75.08,26.9,3.45,0.0
20220613:1210,790.45,157.71,15.14,69.84,27.01,3.24,0.0
20220613:1310,684.1,151.72,13.73,59.74,26.93,3.03,0.0
20220613:1410,534.07,135.15,11.61,48.29,26.67,3.03,0.0
20220613:1510,353.27,111.15,8.94,36.51,26.14,2.9,0.0
20220613:1610,159.28,83.01,5.86,24.8,25.43,2.55,0.0
20220613:1710,3.63,46.72,2.75,13.41,24.61,2.07,0.0
20220613:1810,0.0,7.87,0.14,2.59,23.73,1.59,0.0
20220613:1910,0.0,0.0,0.0,0.0,22.65,0.83,0.0
20220613:2010,0.0,0.0,0.0,0.0,21.87,0.97,0.0
20220613:2110,0.0,0.0,0.0,0.0,21.01,1.03,0.0
20220613:2210,0.0,0.0,0.0,0.0,21.4,0.83,0.0
20220613:2310,0.0,0.0,0.0,0.0,21.24,0.76,0.0
20220614:0010,0.0,0.0,0.0,0.0,20.98,0.69,0.0
20220614:0110,0.0,0.0,0.0,0.0,20.7,0.62,0.0
20220614:0210,0.0,0.0,0.0,0.0,20.51,0.55,0.0
20220614:0310,0.0,0.0,0.0,0.0,20.37,0.76,0.0
20220614:0410,0.0,18.37,0.33,3.84,20.23,0.97,0.0
20220614:0510,33.37,55.88,3.13,14.73,20.27,0.9,0.0
20220614:0610,196.05,95.22,6.17,26.17,21.92,0.62,0.0
20220614:0710,378.87,128.66,9.13,37.9,23.43,1.1,0.0
20220614:0810,574.45,139.39,11.92,49.67,24.81,1.24,0.0
20220614:0910,733.25,142.96,14.09,61.04,25.96,1.86,0.0
20220614:1010,816.56,153.75,15.34,70.85,26.59,2.9,0.0
20220614:1110,854.6,147.9,15.83,75.13,26.78,3.17,0.0
20220614:1210,768.67,169.66,14.98,69.91,27.09,2.97,0.0
20220614:1310,683.8,151.68,13.73,59.81,27.45,2.9,0.0
20220614:1410,533.85,135.13,11.61,48.36,27.62,2.9,0.0
20220614:1510,349.24,113.94,8.91,36.58,27.44,2.9,0.0
20220614:1610,158.21,83.98,5.84,24.87,26.89,2.97,0.0
20220614:1710,4.06,46.72,2.77,13.48,25.93,2.83,0.0
20220614:1810,0.0,7.87,0.14,2.66,24.8,2.21,0.0
20220614:1910,0.0,0.0,0.0,0.0,23.46,2.0,0.0
20220614:2010,0.0,0.0,0.0,0.0,22.98,1.86,0.0
20220614:2110,0.0,0.0,0.0,0.0,22.6,1.72,0.0
20220614:2210,0.0,0.0,0.0,0.0,21.65,1.38,0.0
20220614:2310,0.0,0.0,0.0,0.0,21.9,1.03,0.0
20220615:0010,0.0,0.0,0.0,0.0,22.64,0.83,0.0
20220615:0110,0.0,0.0,0.0,0.0,22.3,0.76,0.0
20220615:0210,0.0,0.0,0.0,0.0,21.47,0.97,0.0
20220615:0310,0.0,0.0,0.0,0.0,19.98,1.38,0.0
20220615:0410,0.0,18.37,0.33,3.83,19.44,1.52,0.0
20220615:0510,30.88,58.3,3.03,14.72,19.9,1.45,0.0
20220615:0610,188.06,98.98,6.06,26.16,23.73,1.03,0.0
20220615:0710,391.16,120.05,9.22,37.89,25.15,1.45,0.0
20220615:0810,585.1,131.5,11.98,49.65,26.39,1.79,0.0
20220615:0910,737.63,137.91,14.09,61.03,27.13,2.21,0.0
20220615:1010,832.86,141.6,15.42,70.86,27.65,2.62,0.0
20220615:1110,861.11,141.79,15.84,75.18,27.88,2.97,0.0
20220615:1210,816.98,140.58,15.31,69.98,27.91,3.31,0.0
20220615:1310,698.63,140.8,13.81,59.88,27.75,3.24,0.0
20220615:1410,531.02,135.13,11.56,48.42,27.58,3.17,0.0
20220615:1510,346.83,114.91,8.88,36.65,27.17,3.03,0.0
20220615:1610,154.82,86.8,5.8,24.94,26.55,2.76,0.0
20220615:1710,4.24,49.16,2.72,13.55,25.79,2.21,0.0
20220615:1810,0.0,8.75,0.16,2.73,25.0,1.52,0.0
20220615:1910,0.0,0.0,0.0,0.0,24.0,1.59,0.0
20220615:2010,0.0,0.0,0.0,0.0,23.29,1.24,0.0
20220615:2110,0.0,0.0,0.0,0.0,22.17,1.03,0.0
20220615:2210,0.0,0.0,0.0,0.0,21.56,1.1,0.0
20220615:2310,0.0,0.0,0.0,0.0,21.9,0.97,0.0
20220616:0010,0.0,0.0,0.0,0.0,21.8,0.9,0.0
20220616:0110,0.0,0.0,0.0,0.0,21.5,0.9,0.0
20220616:0210,0.0,0.0,0.0,0.0,20.8,1.03,0.0
20220616:0310,0.0,0.0,0.0,0.0,19.1,1.45,0.0
20220616:0410,0.0,19.24,0.34,3.82,18.44,1.72,0.0
20220616:0510,31.89,56.08,3.08,14.71,19.84,1.38,0.0
20220616:0610,180.81,102.72,5.97,26.14,23.3,0.69,0.0
20220616:0710,377.19,125.73,9.06,37.86,24.91,0.69,0.0
20220616:0810,396.89,242.21,10.61,49.63,26.04,1.59,0.0
20220616:0910,63.69,388.4,7.55,61.02,26.79,2.28,0.0
20220616:1010,331.23,406.83,11.81,70.86,27.06,2.9,0.0
20220616:1110,688.43,243.55,14.7,75.22,27.08,2.83,0.0
20220616:1210,510.44,319.29,13.25,70.04,27.19,2.62,0.0
20220616:1310,647.52,168.35,13.41,59.94,27.62,3.1,0.0
20220616:1410,436.8,193.64,10.86,48.49,27.31,3.38,0.0
20220616:1510,315.29,133.72,8.56,36.71,26.86,3.24,0.0
20220616:1610,143.82,95.29,5.64,25.0,26.39,2.9,0.0
20220616:1710,4.11,54.85,2.63,13.61,25.84,2.34,0.0
20220616:1810,0.0,7.0,0.13,2.79,25.24,1.45,0.0
20220616:1910,0.0,0.0,0.0,0.0,24.85,1.38,0.0
20220616:2010,0.0,0.0,0.0,0.0,24.18,1.1,0.0
20220616:2110,0.0,0.0,0.0,0.0,23.19,1.03,0.0
20220616:2210,0.0,0.0,0.0,0.0,22.5,1.1,0.0
20220616:2310,0.0,0.0,0.0,0.0,22.0,1.17,0.0
20220617:0010,0.0,0.0,0.0,0.0,21.48,1.38,0.0
20220617:0110,0.0,0.0,0.0,0.0,21.73,1.31,0.0
20220617:0210,0.0,0.0,0.0,0.0,22.14,1.17,0.0
20220617:0310,0.0,0.0,0.0,0.0,21.65,1.17,0.0
20220617:0410,0.0,18.37,0.33,3.8,21.07,1.31,0.0
20220617:0510,27.62,62.46,2.94,14.69,21.53,1.17,0.0
20220617:0610,177.73,103.65,5.92,26.11,24.61,0.62,0.0
20220617:0710,373.45,126.64,9.02,37.84,26.39,0.83,0.0
20220617:0810,560.29,141.19,11.73,49.61,27.59,0.97,0.0
20220617:0910,707.95,149.77,13.81,61.0,28.33,1.93,0.0
20220617:1010,800.74,154.59,15.13,70.86,28.78,2.62,0.0
20220617:1110,828.03,155.83,15.55,75.26,29.07,2.9,0.0
20220617:1210,775.67,159.54,14.95,70.09,29.09,2.76,0.0
20220617:1310,681.31,147.67,13.64,60.0,29.17,2.62,0.0
20220617:1410,510.42,144.76,11.36,48.54,29.04,2.48,0.0
20220617:1510,334.24,120.64,8.72,36.76,28.76,2.48,0.0
20220617:1610,149.27,90.74,5.7,25.06,28.15,2.21,0.0
20220617:1710,3.74,62.13,2.5,13.67,27.31,2.0,0.0
20220617:1810,0.0,10.5,0.19,2.85,26.21,1.79,0.0
20220617:1910,0.0,0.0,0.0,0.0,24.3,2.14,0.0
20220617:2010,0.0,0.0,0.0,0.0,23.93,1.72,0.0
20220617:2110,0.0,0.0,0.0,0.0,23.53,1.52,0.0
20220617:2210,0.0,0.0,0.0,0.0,22.98,1.31,0.0
20220617:2310,0.0,0.0,0.0,0.0,22.16,1.45,0.0
20220618:0010,0.0,0.0,0.0,0.0,21.71,2.0,0.0
20220618:0110,0.0,0.0,0.0,0.0,21.24,2.07,0.0
20220618:0210,0.0,0.0,0.0,0.0,20.8,1.93,0.0
20220618:0310,0.0,0.0,0.0,0.0,20.68,1.72,0.0
20220618:0410,0.0,9.62,0.17,3.78,20.74,1.17,0.0
20220618:0510,13.79,84.55,2.41,14.66,21.78,0.9,0.0
20220618:0610,126.73,140.54,5.38,26.09,23.33,1.66,0.0
20220618:0710,243.68,205.82,7.94,37.81,24.0,2.41,0.0
20220618:0810,528.57,157.7,11.47,49.58,24.86,2.41,0.0
20220618:0910,654.65,180.46,13.44,60.98,25.65,2.34,0.0
20220618:1010,768.09,171.6,14.88,70.85,26.41,2.83,0.0
20220618:1110,794.36,173.88,15.3,75.28,26.82,3.59,0.0
20220618:1210,755.11,170.49,14.8,70.14,26.64,3.79,0.0
20220618:1310,653.89,162.42,13.42,60.05,26.73,3.72,0.0
20220618:1410,511.28,144.76,11.38,48.6,26.41,3.66,0.0
20220618:1510,339.04,118.75,8.78,36.82,26.09,3.66,0.0
20220618:1610,151.8,89.77,5.75,25.11,25.61,3.52,0.0
20220618:1710,5.27,50.5,2.72,13.72,24.81,3.31,0.0
20220618:1810,0.0,12.25,0.22,2.9,23.87,2.69,0.0
20220618:1910,0.0,0.0,0.0,0.0,23.47,1.93,0.0
20220618:2010,0.0,0.0,0.0,0.0,23.04,1.52,0.0
20220618:2110,0.0,0.0,0.0,0.0,22.51,1.17,0.0
20220618:2210,0.0,0.0,0.0,0.0,22.04,0.9,0.0
20220618:2310,0.0,0.0,0.0,0.0,22.13,0.62,0.0
20220619:0010,0.0,0.0,0.0,0.0,22.06,0.28,0.0
20220619:0110,0.0,0.0,0.0,0.0,21.8,0.41,0.0
20220619:0210,0.0,0.0,0.0,0.0,21.21,0.9,0.0
20220619:0310,0.0,0.0,0.0,0.0,19.86,1.31,0.0
20220619:0410,0.0,18.37,0.33,3.76,19.37,1.45,0.0
20220619:0510,26.01,63.59,2.89,14.63,20.33,1.52,0.0
20220619:0610,180.56,100.73,5.95,26.06,22.98,1.52,0.0
20220619:0710,372.86,126.54,9.02,37.78,24.42,1.24,0.0
20220619:0810,553.28,145.01,11.69,49.55,25.59,1.1,0.0
20220619:0910,668.91,171.53,13.53,60.95,26.43,1.38,0.0
20220619:1010,780.68,165.58,14.98,70.83,26.97,2.14,0.0
20220619:1110,829.65,155.8,15.58,75.3,26.81,2.83,0.0
20220619:1210,675.34,222.99,14.34,70.19,26.7,2.9,0.0
20220619:1310,656.68,161.43,13.45,60.1,25.99,3.1,0.0
20220619:1410,527.28,137.04,11.53,48.65,25.97,2.83,0.0
20220619:1510,276.05,161.91,8.25,36.87,25.88,2.48,0.0
20220619:1610,149.07,92.57,5.72,25.16,25.65,2.21,0.0
20220619:1710,4.33,62.92,2.53,13.77,25.03,1.72,0.0
20220619:1810,0.0,12.25,0.22,2.95,24.58,1.45,0.0
20220619:1910,0.0,0.0,0.0,0.0,23.97,1.17,0.0
20220619:2010,0.0,0.0,0.0,0.0,23.67,1.17,0.0
20220619:2110,0.0,0.0,0.0,0.0,22.99,1.1,0.0
20220619:2210,0.0,0.0,0.0,0.0,22.15,1.24,0.0
20220619:2310,0.0,0.0,0.0,0.0,21.74,1.31,0.0
20220620:0010,0.0,0.0,0.0,0.0,21.86,1.17,0.0
20220620:0110,0.0,0.0,0.0,0.0,22.13,1.03,0.0
20220620:0210,0.0,0.0,0.0,0.0,22.19,0.9,0.0
20220620:0310,0.0,0.0,0.0,0.0,22.08,0.83,0.0
20220620:0410,0.0,17.5,0.31,3.73,21.81,0.76,0.0
20220620:0510,23.7,67.71,2.83,14.6,22.01,0.55,0.0
20220620:0610,176.88,105.16,5.95,26.02,23.39,0.28,0.0
20220620:0710,368.4,130.27,9.0,37.74,24.47,0.76,0.0
20220620:0810,553.07,146.92,11.72,49.52,25.47,1.03,0.0
20220620:0910,697.66,159.65,13.81,60.92,26.36,1.79,0.0
20220620:1010,789.39,165.6,15.13,70.82,26.97,2.55,0.0
20220620:1110,816.77,166.87,15.55,75.32,27.4,3.03,0.0
20220620:1210,798.7,151.52,15.2,70.23,27.49,3.17,0.0
20220620:1310,683.07,151.59,13.73,60.15,27.69,3.31,0.0
20220620:1410,542.45,131.23,11.7,48.7,27.56,3.31,0.0
20220620:1510,356.64,111.18,9.0,36.92,27.21,2.97,0.0
20220620:1610,161.1,85.82,5.92,25.21,26.71,2.55,0.0
20220620:1710,6.33,49.69,2.81,13.82,26.01,2.14,0.0
20220620:1810,0.0,13.12,0.23,2.99,25.2,1.59,0.0
20220620:1910,0.0,0.0,0.0,0.0,24.05,1.17,0.0
20220620:2010,0.0,0.0,0.0,0.0,23.52,1.31,0.0
20220620:2110,0.0,0.0,0.0,0.0,22.98,0.97,0.0
20220620:2210,0.0,0.0,0.0,0.0,22.62,1.03,0.0
20220620:2310,0.0,0.0,0.0,0.0,21.84,1.31,0.0
20220621:0010,0.0,0.0,0.0,0.0,22.15,1.17,0.0
20220621:0110,0.0,0.0,0.0,0.0,22.43,1.03,0.0
20220621:0210,0.0,0.0,0.0,0.0,22.35,0.97,0.0
20220621:0310,0.0,0.0,0.0,0.0,21.83,1.17,0.0
20220621:0410,0.0,16.62,0.3,3.69,21.36,1.31,0.0
20220621:0510,15.38,82.21,2.52,14.56,22.11,0.97,0.0
20220621:0610,125.49,142.17,5.39,25.98,24.06,0.69,0.0
20220621:0710,309.93,169.04,8.56,37.71,25.68,0.28,0.0
20220621:0810,495.69,182.82,11.33,49.48,26.8,0.83,0.0
20220621:0910,651.3,187.35,13.5,60.88,27.77,1.1,0.0
20220621:1010,751.03,188.61,14.88,70.79,28.63,1.86,0.0
20220621:1110,777.39,190.93,15.3,75.32,29.06,2.69,0.0
20220621:1210,739.45,186.45,14.8,70.26,29.02,3.03,0.0
20220621:1310,642.62,176.18,13.45,60.19,28.89,3.03,0.0
20220621:1410,487.51,164.93,11.28,48.74,28.75,2.9,0.0
20220621:1510,303.93,146.81,8.55,36.96,28.57,2.69,0.0
20220621:1610,125.31,115.89,5.47,25.25,28.26,2.34,0.0
20220621:1710,4.6,66.21,2.52,13.86,27.79,1.66,0.0
20220621:1810,0.0,14.0,0.25,3.03,27.15,0.76,0.0
20220621:1910,0.0,0.0,0.0,0.0,25.67,1.86,0.0
20220621:2010,0.0,0.0,0.0,0.0,25.03,2.28,0.0
20220621:2110,0.0,0.0,0.0,0.0,24.47,1.72,0.0
20220621:2210,0.0,0.0,0.0,0.0,23.88,0.9,0.0
20220621:2310,0.0,0.0,0.0,0.0,22.16,1.59,0.0
20220622:0010,0.0,0.0,0.0,0.0,21.5,1.72,0.0
20220622:0110,0.0,0.0,0.0,0.0,21.0,1.79,0.0
20220622:0210,0.0,0.0,0.0,0.0,20.91,1.79,0.0
20220622:0310,0.0,0.0,0.0,0.0,20.63,2.28,0.0
20220622:0410,0.0,16.62,0.3,3.66,20.67,2.41,0.0
20220622:0510,16.21,79.83,2.55,14.52,21.66,2.28,0.0
20220622:0610,131.47,135.57,5.42,25.94,25.13,2.28,0.0
20220622:0710,312.33,164.32,8.53,37.66,27.87,1.86,0.0
20220622:0810,500.21,176.99,11.31,49.44,29.53,0.69,0.0
20220622:0910,657.99,179.41,13.48,60.84,30.35,0.97,0.0
20220622:1010,730.4,197.53,14.69,70.76,31.09,1.52,0.0
20220622:1110,756.75,199.88,15.11,75.32,31.82,1.66,0.0
20220622:1210,706.48,204.27,14.55,70.29,32.07,2.28,0.0
20220622:1310,612.57,192.83,13.22,60.23,31.69,2.07,0.0
20220622:1410,464.56,178.39,11.09,48.78,31.23,1.79,0.0
20220622:1510,295.43,150.69,8.44,37.0,30.69,1.93,0.0
20220622:1610,123.75,116.99,5.44,25.29,30.11,2.28,0.0
20220622:1710,5.18,63.8,2.56,13.9,29.38,2.14,0.0
20220622:1810,0.0,2.62,0.05,3.07,28.67,1.52,0.0
20220622:1910,0.0,0.0,0.0,0.0,28.14,0.62,0.0
20220622:2010,0.0,0.0,0.0,0.0,27.33,1.03,0.0
20220622:2110,0.0,0.0,0.0,0.0,26.2,1.45,0.0
20220622:2210,0.0,0.0,0.0,0.0,25.57,2.14,0.0
20220622:2310,0.0,0.0,0.0,0.0,24.74,1.93,0.0
20220623:0010,0.0,0.0,0.0,0.0,25.04,1.31,0.0
20220623:0110,0.0,0.0,0.0,0.0,24.93,1.17,0.0
20220623:0210,0.0,0.0,0.0,0.0,23.43,1.52,0.0
20220623:0310,0.0,0.0,0.0,0.0,23.36,1.38,0.0
20220623:0410,0.0,16.62,0.3,3.61,23.8,1.17,0.0
20220623:0510,14.06,82.72,2.45,14.48,23.03,1.17,0.0
20220623:0610,137.45,131.64,5.5,25.9,26.02,1.66,0.0
20220623:0710,318.14,160.51,8.58,37.62,28.75,0.83,0.0
20220623:0810,482.63,188.57,11.2,49.39,30.11,0.41,0.0
20220623:0910,633.91,196.19,13.36,60.8,30.92,0.83,0.0
20220623:1010,718.66,206.5,14.64,70.72,31.66,1.1,0.0
20220623:1110,758.8,199.9,15.14,75.32,32.09,2.28,0.0
20220623:1210,708.54,204.31,14.58,70.31,31.42,3.24,0.0
20220623:1310,615.55,191.88,13.25,60.26,30.35,3.24,0.0
20220623:1410,457.64,184.17,11.06,48.82,29.7,2.48,0.0
20220623:1510,280.63,161.99,8.33,37.04,29.61,2.62,0.0
20220623:1610,117.46,122.82,5.36,25.33,29.49,2.9,0.0
20220623:1710,4.95,67.59,2.5,13.93,28.87,2.62,0.0
20220623:1810,0.0,14.0,0.25,3.1,27.8,1.72,0.0
20220623:1910,0.0,0.0,0.0,0.0,26.2,1.38,0.0
20220623:2010,0.0,0.0,0.0,0.0,25.86,1.66,0.0
20220623:2110,0.0,0.0,0.0,0.0,25.78,2.21,0.0
20220623:2210,0.0,0.0,0.0,0.0,25.55,2.55,0.0
20220623:2310,0.0,0.0,0.0,0.0,24.85,2.34,0.0
20220624:0010,0.0,0.0,0.0,0.0,24.3,2.21,0.0
20220624:0110,0.0,0.0,0.0,0.0,23.83,2.07,0.0
20220624:0210,0.0,0.0,0.0,0.0,24.28,1.45,0.0
20220624:0310,0.0,0.0,0.0,0.0,25.56,0.41,0.0
20220624:0410,0.0,16.62,0.3,3.57,24.61,1.17,0.0
20220624:0510,18.31,74.0,2.63,14.43,25.1,0.48,0.0
20220624:0610,152.28,119.32,5.64,25.85,25.8,1.03,0.0
20220624:0710,333.26,148.23,8.66,37.57,27.57,2.0,0.0
20220624:0810,506.62,170.19,11.31,49.34,28.44,1.31,0.0
20220624:0910,653.22,180.39,13.42,60.75,29.54,0.9,0.0
20220624:1010,755.09,179.58,14.8,70.68,30.62,1.52,0.0
20220624:1110,782.55,180.9,15.22,75.3,31.16,2.28,0.0
20220624:1210,744.67,178.5,14.75,70.33,31.33,2.55,0.0
20220624:1310,657.24,162.49,13.47,60.29,31.55,2.62,0.0
20220624:1410,463.19,178.47,11.06,48.85,31.54,2.48,0.0
20220624:1510,318.84,133.94,8.61,37.07,31.17,2.55,0.0
20220624:1610,136.72,105.82,5.58,25.36,30.53,2.28,0.0
20220624:1710,5.97,62.47,2.61,13.96,29.67,1.86,0.0
20220624:1810,0.0,14.0,0.25,3.13,28.7,1.24,0.0
20220624:1910,0.0,0.0,0.0,0.0,27.93,1.52,0.0
20220624:2010,0.0,0.0,0.0,0.0,27.23,0.97,0.0
20220624:2110,0.0,0.0,0.0,0.0,26.06,1.52,0.0
20220624:2210,0.0,0.0,0.0,0.0,25.14,1.93,0.0
20220624:2310,0.0,0.0,0.0,0.0,24.59,2.0,0.0
20220625:0010,0.0,0.0,0.0,0.0,24.15,2.0,0.0
20220625:0110,0.0,0.0,0.0,0.0,23.62,1.79,0.0
20220625:0210,0.0,0.0,0.0,0.0,23.43,1.59,0.0
20220625:0310,0.0,0.0,0.0,0.0,23.31,1.38,0.0
20220625:0410,0.0,17.5,0.31,3.52,23.57,1.31,0.0
20220625:0510,8.45,88.01,2.14,14.38,23.61,1.45,0.0
20220625:0610,121.6,141.3,5.3,25.79,26.24,1.79,0.0
20220625:0710,334.07,148.21,8.67,37.52,28.08,1.52,0.0
20220625:0810,468.82,195.3,11.08,49.29,29.54,1.72,0.0
20220625:0910,630.19,196.19,13.3,60.7,30.65,1.93,0.0
20220625:1010,714.97,206.51,14.58,70.64,31.18,2.41,0.0
20220625:1110,769.95,190.95,15.17,75.28,31.38,2.9,0.0
20220625:1210,747.81,177.54,14.78,70.34,31.16,3.03,0.0
20220625:1310,625.42,185.11,13.3,60.32,31.02,2.97,0.0
20220625:1410,493.7,159.34,11.28,48.88,31.08,2.83,0.0
20220625:1510,314.38,138.64,8.59,37.1,31.12,2.55,0.0
20220625:1610,137.61,106.67,5.61,25.39,30.79,2.07,0.0
20220625:1710,6.08,63.7,2.59,13.99,29.97,1.86,0.0
20220625:1810,0.0,14.0,0.25,3.15,28.85,1.72,0.0
20220625:1910,0.0,0.0,0.0,0.0,28.46,1.59,0.0
20220625:2010,0.0,0.0,0.0,0.0,28.11,1.79,0.0
20220625:2110,0.0,0.0,0.0,0.0,27.48,1.59,0.0
20220625:2210,0.0,0.0,0.0,0.0,27.28,0.9,0.0
20220625:2310,0.0,0.0,0.0,0.0,27.23,0.48,0.0
20220626:0010,0.0,0.0,0.0,0.0,26.5,0.69,0.0
20220626:0110,0.0,0.0,0.0,0.0,26.0,0.97,0.0
20220626:0210,0.0,0.0,0.0,0.0,23.86,1.59,0.0
20220626:0310,0.0,0.0,0.0,0.0,22.87,2.0,0.0
20220626:0410,0.0,15.75,0.28,3.46,22.65,2.14,0.0
20220626:0510,16.25,76.55,2.55,14.32,23.75,1.93,0.0
20220626:0610,140.53,126.91,5.5,25.74,27.49,1.24,0.0
20220626:0710,333.23,148.22,8.66,37.46,31.1,1.1,0.0
20220626:0810,526.12,157.6,11.44,49.23,32.56,0.69,0.0
20220626:0910,666.96,171.53,13.5,60.65,33.34,0.28,0.0
20220626:1010,769.19,171.63,14.89,70.58,33.81,1.66,0.0
20220626:1110,797.76,172.95,15.33,75.25,34.21,2.69,0.0
20220626:1210,759.77,170.61,14.86,70.35,34.27,2.97,0.0
20220626:1310,649.31,169.46,13.44,60.34,34.35,3.03,0.0
20220626:1410,502.92,153.62,11.34,48.9,34.27,3.1,0.0
20220626:1510,314.71,138.71,8.59,37.13,33.98,3.1,0.0
20220626:1610,137.92,106.76,5.61,25.41,33.49,3.17,0.0
20220626:1710,6.33,64.53,2.61,14.01,32.92,2.97,0.0
20220626:1810,0.0,14.87,0.27,3.17,32.26,2.62,0.0
20220626:1910,0.0,0.0,0.0,0.0,31.43,2.48,0.0
20220626:2010,0.0,0.0,0.0,0.0,30.74,2.76,0.0
20220626:2110,0.0,0.0,0.0,0.0,29.88,3.03,0.0
20220626:2210,0.0,0.0,0.0,0.0,28.88,3.24,0.0
20220626:2310,0.0,0.0,0.0,0.0,28.18,3.45,0.0
20220627:0010,0.0,0.0,0.0,0.0,27.51,3.38,0.0
20220627:0110,0.0,0.0,0.0,0.0,26.46,3.03,0.0
20220627:0210,0.0,0.0,0.0,0.0,25.71,2.62,0.0
20220627:0310,0.0,0.0,0.0,0.0,24.91,2.55,0.0
20220627:0410,0.0,15.75,0.28,3.4,24.2,2.76,0.0
20220627:0510,19.15,70.36,2.67,14.26,24.79,2.62,0.0
20220627:0610,147.25,122.1,5.58,25.68,28.04,2.07,0.0
20220627:0710,348.46,138.74,8.78,37.4,31.79,2.41,0.0
20220627:0810,509.64,169.27,11.34,49.17,33.96,2.41,0.0
20220627:0910,658.49,178.5,13.47,60.59,35.53,2.41,0.0
20220627:1010,732.11,197.66,14.7,70.53,36.8,2.28,0.0
20220627:1110,759.64,200.04,15.14,75.22,37.26,1.38,0.0
20220627:1210,737.72,186.61,14.75,70.35,37.09,0.62,0.0
20220627:1310,641.17,177.38,13.42,60.35,36.76,1.38,0.0
20220627:1410,506.85,153.67,11.41,48.93,36.38,2.48,0.0
20220627:1510,330.14,130.27,8.75,37.15,35.83,2.9,0.0
20220627:1610,140.04,105.83,5.64,25.43,35.48,2.9,0.0
20220627:1710,6.73,63.48,2.63,14.03,35.04,2.76,0.0
20220627:1810,0.0,14.0,0.25,3.18,34.23,2.55,0.0
20220627:1910,0.0,0.0,0.0,0.0,32.84,2.28,0.0
20220627:2010,0.0,0.0,0.0,0.0,31.71,2.07,0.0
20220627:2110,0.0,0.0,0.0,0.0,29.83,1.79,0.0
20220627:2210,0.0,0.0,0.0,0.0,28.17,1.86,0.0
20220627:2310,0.0,0.0,0.0,0.0,27.13,2.28,0.0
20220628:0010,0.0,0.0,0.0,0.0,26.64,2.69,0.0
20220628:0110,0.0,0.0,0.0,0.0,26.2,3.03,0.0
20220628:0210,0.0,0.0,0.0,0.0,25.94,3.24,0.0
20220628:0310,0.0,0.0,0.0,0.0,25.7,3.31,0.0
20220628:0410,0.0,15.75,0.28,3.34,25.39,3.1,0.0
20220628:0510,16.84,73.29,2.56,14.2,25.81,2.69,0.0
20220628:0610,0.0,0.0,0.0,0.0,28.73,1.93,0.0
20220628:0710,0.0,0.0,0.0,0.0,31.74,0.48,0.0
20220628:0810,0.0,0.0,0.0,0.0,33.07,0.69,0.0
20220628:0910,667.42,171.61,13.5,60.52,33.57,1.93,0.0
20220628:1010,756.99,179.72,14.81,70.46,33.16,3.03,0.0
20220628:1110,785.61,181.06,15.25,75.17,32.59,2.34,0.0
20220628:1210,748.81,177.69,14.78,70.34,33.11,1.59,0.0
20220628:1310,638.73,177.43,13.38,60.36,33.69,1.45,0.0
20220628:1410,495.67,159.52,11.3,48.94,33.6,1.59,0.0
20220628:1510,317.04,138.82,8.63,37.17,32.92,1.52,0.0
20220628:1610,114.59,127.04,5.31,25.45,32.23,1.45,0.0
20220628:1710,6.46,66.24,2.56,14.04,31.13,1.79,0.0
20220628:1810,0.0,14.0,0.25,3.19,29.73,1.93,0.0
20220628:1910,0.0,0.0,0.0,0.0,28.61,0.83,0.0
20220628:2010,0.0,0.0,0.0,0.0,28.11,2.07,0.0
20220628:2110,0.0,0.0,0.0,0.0,27.32,2.0,0.0
20220628:2210,0.0,0.0,0.0,0.0,26.58,1.59,0.0
20220628:2310,0.0,0.0,0.0,0.0,25.65,1.66,0.0
20220629:0010,0.0,0.0,0.0,0.0,24.81,2.0,0.0
20220629:0110,0.0,0.0,0.0,0.0,24.0,1.52,0.0
20220629:0210,0.0,0.0,0.0,0.0,23.43,1.38,0.0
20220629:0310,0.0,0.0,0.0,0.0,23.25,1.93,0.0
20220629:0410,0.0,15.75,0.28,3.27,23.26,1.24,0.0
20220629:0510,0.0,0.0,0.0,0.0,23.79,0.48,0.0
20220629:0610,0.0,0.0,0.0,0.0,25.04,0.83,0.0
20220629:0710,0.0,0.0,0.0,0.0,26.46,1.59,0.0
20220629:0810,477.69,181.87,11.0,49.05,27.35,2.21,0.0
20220629:0910,550.97,237.14,12.66,60.46,28.06,2.76,0.0
20220629:1010,638.34,246.91,13.98,70.4,28.68,2.9,0.0
20220629:1110,701.21,227.8,14.64,75.12,29.14,3.03,0.0
20220629:1210,682.02,214.36,14.28,70.33,29.42,3.24,0.0
20220629:1310,592.84,200.92,12.98,60.37,29.48,3.24,0.0
20220629:1410,468.46,173.05,11.03,48.95,29.35,3.24,0.0
20220629:1510,303.93,144.65,8.45,37.18,28.82,3.24,0.0
20220629:1610,128.72,113.87,5.45,25.46,27.94,3.1,0.0
20220629:1710,6.77,65.35,2.56,14.05,26.93,2.69,0.0
20220629:1810,0.0,14.0,0.25,3.19,25.91,2.28,0.0
20220629:1910,0.0,0.0,0.0,0.0,24.86,2.34,0.0
20220629:2010,0.0,0.0,0.0,0.0,24.27,2.48,0.0
20220629:2110,0.0,0.0,0.0,0.0,23.97,2.41,0.0
20220629:2210,0.0,0.0,0.0,0.0,23.66,2.21,0.0
20220629:2310,0.0,0.0,0.0,0.0,23.38,1.93,0.0
20220630:0010,0.0,0.0,0.0,0.0,23.13,1.79,0.0
20220630:0110,0.0,0.0,0.0,0.0,22.98,2.07,0.0
20220630:0210,0.0,0.0,0.0,0.0,22.87,2.41,0.0
20220630:0310,0.0,0.0,0.0,0.0,22.74,2.28,0.0
20220630:0410,0.0,7.0,0.13,3.2,22.71,2.21,0.0
20220630:0510,5.04,86.53,1.88,14.07,23.11,3.1,0.0
20220630:0610,130.89,130.01,5.33,25.48,24.25,3.24,0.0
20220630:0710,341.21,138.87,8.64,37.21,26.13,2.21,0.0
20220630:0810,510.3,163.55,11.25,48.98,27.68,2.28,0.0
20220630:0910,661.33,171.68,13.39,60.39,28.8,3.24,0.0
20220630:1010,429.08,361.08,12.55,70.32,29.35,3.59,0.0
20220630:1110,736.16,209.1,14.89,75.07,29.74,3.45,0.0
20220630:1210,701.96,205.6,14.45,70.31,30.1,3.38,0.0
20220630:1310,586.68,208.83,13.0,60.37,30.35,3.31,0.0
20220630:1410,397.46,220.8,10.56,48.96,30.48,3.1,0.0
20220630:1510,213.53,204.9,7.67,37.19,30.28,2.83,0.0
20220630:1610,85.64,148.37,4.88,25.47,29.86,2.55,0.0
20220630:1710,3.99,80.05,2.2,14.05,29.21,2.0,0.0
20220630:1810,0.0,14.87,0.27,3.19,28.28,1.79,0.0
20220630:1910,0.0,0.0,0.0,0.0,27.7,1.38,0.0
20220630:2010,0.0,0.0,0.0,0.0,27.08,1.79,0.0
20220630:2110,0.0,0.0,0.0,0.0,26.42,2.07,0.0
20220630:2210,0.0,0.0,0.0,0.0,25.9,1.93,0.0
20220630:2310,0.0,0.0,0.0,0.0,25.44,1.72,0.0
20220701:0010,0.0,0.0,0.0,0.0,25.0,1.59,0.0
20220701:0110,0.0,0.0,0.0,0.0,24.5,1.59,0.0
20220701:0210,0.0,0.0,0.0,0.0,24.08,1.66,0.0
20220701:0310,0.0,0.0,0.0,0.0,23.98,1.38,0.0
20220701:0410,0.0,14.87,0.27,3.13,24.8,1.1,0.0
20220701:0510,0.0,43.3,0.73,13.99,25.53,0.62,0.0
20220701:0610,84.79,157.61,4.7,25.41,27.12,0.76,0.0
20220701:0710,206.2,217.77,7.45,37.14,29.17,2.0,0.0
20220701:0810,266.41,296.8,9.34,48.91,30.43,2.48,0.0
20220701:0910,584.45,216.9,12.86,60.31,31.5,2.55,0.0
20220701:1010,474.64,337.36,12.86,70.25,32.2,2.62,0.0
20220701:1110,714.92,220.05,14.72,75.0,32.63,2.41,0.0
20220701:1210,286.84,411.5,11.27,70.29,33.15,1.86,0.0
20220701:1310,486.78,266.55,12.28,60.37,33.73,0.9,0.0
20220701:1410,386.26,225.59,10.44,48.97,33.42,2.97,0.0
20220701:1510,3.19,195.34,3.38,37.2,31.99,2.9,0.0
20220701:1610,113.7,127.47,5.27,25.47,30.79,1.66,0.0
20220701:1710,4.86,77.58,2.31,14.05,30.65,1.59,0.0
20220701:1810,0.0,14.87,0.27,3.18,30.81,1.38,0.0
20220701:1910,0.0,0.0,0.0,0.0,29.34,2.41,0.0
20220701:2010,0.0,0.0,0.0,0.0,29.56,1.93,0.0
20220701:2110,0.0,0.0,0.0,0.0,29.44,0.76,0.0
20220701:2210,0.0,0.0,0.0,0.0,27.96,1.93,0.0
20220701:2310,0.0,0.0,0.0,0.0,27.88,0.83,0.0
20220702:0010,0.0,0.0,0.0,0.0,27.75,0.76,0.0
20220702:0110,0.0,0.0,0.0,0.0,27.67,0.83,0.0
20220702:0210,0.0,0.0,0.0,0.0,27.19,0.41,0.0
20220702:0310,0.0,0.0,0.0,0.0,26.53,0.41,0.0
20220702:0410,0.0,11.37,0.2,3.05,26.04,0.14,0.0
20220702:0510,9.41,82.95,2.19,13.92,26.04,0.41,0.0
20220702:0610,116.7,139.66,5.16,25.34,26.92,1.45,0.0
20220702:0710,312.89,157.87,8.42,37.06,28.25,1.93,0.0
20220702:0810,466.54,192.67,10.97,48.83,28.82,2.34,0.0
20220702:0910,612.89,203.36,13.09,60.24,29.4,2.76,0.0
20220702:1010,724.28,198.92,14.56,70.17,29.86,2.69,0.0
20220702:1110,766.82,192.34,15.09,74.93,30.44,2.48,0.0
20220702:1210,745.99,178.96,14.72,70.26,30.96,2.69,0.0
20220702:1310,650.26,169.88,13.41,60.36,31.04,3.1,0.0
20220702:1410,505.75,154.08,11.34,48.97,30.59,3.24,0.0
20220702:1510,325.28,133.58,8.66,37.2,29.84,2.97,0.0
20220702:1610,150.41,98.82,5.73,25.47,29.01,2.55,0.0
20220702:1710,8.56,60.27,2.69,14.05,28.09,2.14,0.0
20220702:1810,0.0,14.87,0.27,3.17,27.02,1.66,0.0
20220702:1910,0.0,0.0,0.0,0.0,25.76,1.24,0.0
20220702:2010,0.0,0.0,0.0,0.0,25.14,1.45,0.0
20220702:2110,0.0,0.0,0.0,0.0,24.55,1.38,0.0
20220702:2210,0.0,0.0,0.0,0.0,23.74,1.31,0.0
20220702:2310,0.0,0.0,0.0,0.0,23.12,1.24,0.0
20220703:0010,0.0,0.0,0.0,0.0,22.8,1.17,0.0
20220703:0110,0.0,0.0,0.0,0.0,23.4,0.97,0.0
20220703:0210,0.0,0.0,0.0,0.0,23.64,0.76,0.0
20220703:0310,0.0,0.0,0.0,0.0,23.48,0.62,0.0
20220703:0410,0.0,12.25,0.22,2.97,23.44,0.62,0.0
20220703:0510,19.08,64.2,2.66,13.84,23.65,0.48,0.0
20220703:0610,171.06,101.48,5.78,25.26,24.62,1.1,0.0
20220703:0710,356.3,131.37,8.78,36.99,26.06,1.66,0.0
20220703:0810,565.11,135.48,11.7,48.76,27.31,1.86,0.0
20220703:0910,715.91,145.08,13.83,60.16,28.43,2.14,0.0
20220703:1010,801.76,155.98,15.11,70.08,29.4,2.34,0.0
20220703:1110,793.14,181.46,15.33,74.86,30.16,2.34,0.0
20220703:1210,757.38,178.1,14.88,70.22,30.8,2.55,0.0
20220703:1310,598.72,209.22,13.17,60.35,31.18,2.76,0.0
20220703:1410,440.94,201.19,10.97,48.96,31.15,2.83,0.0
20220703:1510,261.78,180.61,8.19,37.19,30.81,2.62,0.0
20220703:1610,51.71,170.74,4.31,25.46,30.3,2.28,0.0
20220703:1710,0.39,73.02,1.31,14.04,29.68,2.07,0.0
20220703:1810,0.0,14.87,0.27,3.15,28.96,1.59,0.0
20220703:1910,0.0,0.0,0.0,0.0,26.64,2.34,0.0
20220703:2010,0.0,0.0,0.0,0.0,25.75,1.93,0.0
20220703:2110,0.0,0.0,0.0,0.0,25.11,0.9,0.0
20220703:2210,0.0,0.0,0.0,0.0,24.81,1.66,0.0
20220703:2310,0.0,0.0,0.0,0.0,25.01,2.76,0.0
20220704:0010,0.0,0.0,0.0,0.0,25.03,2.07,0.0
20220704:0110,0.0,0.0,0.0,0.0,25.76,0.34,0.0
20220704:0210,0.0,0.0,0.0,0.0,25.28,0.62,0.0
20220704:0310,0.0,0.0,0.0,0.0,25.02,0.34,0.0
20220704:0410,0.0,10.5,0.19,2.88,24.79,0.48,0.0
20220704:0510,10.76,79.05,2.25,13.76,24.83,0.48,0.0
20220704:0610,118.19,136.92,5.14,25.18,25.98,0.48,0.0
20220704:0710,299.03,165.55,8.28,36.91,27.38,0.69,0.0
20220704:0810,472.89,188.0,10.98,48.68,28.8,2.0,0.0
20220704:0910,662.3,170.97,13.36,60.07,29.34,3.31,0.0
20220704:1010,752.09,180.11,14.69,69.99,29.7,2.9,0.0
20220704:1110,796.79,172.45,15.23,74.77,30.32,2.34,0.0
20220704:1210,773.73,162.16,14.88,70.18,30.95,2.62,0.0
20220704:1310,663.94,161.21,13.47,60.33,30.99,3.38,0.0
20220704:1410,525.86,141.75,11.47,48.95,30.44,3.72,0.0
20220704:1510,339.24,124.43,8.75,37.19,29.76,3.38,0.0
20220704:1610,148.27,100.94,5.69,25.45,29.15,2.62,0.0
20220704:1710,8.3,63.89,2.63,14.02,28.59,2.07,0.0
20220704:1810,0.0,14.87,0.27,3.13,27.96,1.59,0.0
20220704:1910,0.0,0.0,0.0,0.0,26.73,1.79,0.0
20220704:2010,0.0,0.0,0.0,0.0,26.45,1.45,0.0
20220704:2110,0.0,0.0,0.0,0.0,26.35,0.62,0.0
20220704:2210,0.0,0.0,0.0,0.0,26.39,0.62,0.0
20220704:2310,0.0,0.0,0.0,0.0,26.0,0.62,0.0
20220705:0010,0.0,0.0,0.0,0.0,25.72,0.0,0.0
20220705:0110,0.0,0.0,0.0,0.0,25.45,0.55,0.0
20220705:0210,0.0,0.0,0.0,0.0,25.4,0.97,0.0
20220705:0310,0.0,0.0,0.0,0.0,24.56,1.24,0.0
20220705:0410,0.0,11.37,0.2,2.79,24.78,1.1,0.0
20220705:0510,14.13,72.11,2.42,13.67,25.53,0.55,0.0
20220705:0610,140.04,121.55,5.39,25.1,26.34,0.55,0.0
20220705:0710,329.87,145.76,8.52,36.83,28.33,1.45,0.0
20220705:0810,522.54,156.12,11.3,48.6,29.62,1.66,0.0
20220705:0910,663.88,171.07,13.38,59.99,30.41,1.86,0.0
20220705:1010,739.93,189.23,14.63,69.89,31.34,1.52,0.0
20220705:1110,753.93,201.63,15.0,74.68,32.54,1.38,0.0
20220705:1210,720.64,197.19,14.56,70.13,33.33,2.07,0.0
20220705:1310,640.91,178.06,13.34,60.31,33.48,2.41,0.0
20220705:1410,489.74,166.92,11.23,48.94,33.19,2.41,0.0
20220705:1510,314.96,143.26,8.58,37.17,32.68,2.34,0.0
20220705:1610,140.78,108.44,5.61,25.44,31.71,2.69,0.0
20220705:1710,8.5,63.92,2.63,14.0,30.3,2.28,0.0
20220705:1810,0.0,14.87,0.27,3.1,29.07,0.97,0.0
20220705:1910,0.0,0.0,0.0,0.0,27.83,0.62,0.0
20220705:2010,0.0,0.0,0.0,0.0,27.13,0.9,0.0
20220705:2110,0.0,0.0,0.0,0.0,26.62,0.9,0.0
20220705:2210,0.0,0.0,0.0,0.0,26.41,0.55,0.0
20220705:2310,0.0,0.0,0.0,0.0,25.84,1.03,0.0
20220706:0010,0.0,0.0,0.0,0.0,25.7,1.03,0.0
20220706:0110,0.0,0.0,0.0,0.0,26.02,0.83,0.0
20220706:0210,0.0,0.0,0.0,0.0,25.99,0.9,0.0
20220706:0310,0.0,0.0,0.0,0.0,25.95,0.9,0.0
20220706:0410,0.0,8.75,0.16,2.7,26.0,0.62,0.0
20220706:0510,13.78,71.36,2.39,13.58,26.19,0.48,0.0
20220706:0610,132.69,125.51,5.28,25.01,27.12,0.21,0.0
20220706:0710,320.06,150.58,8.41,36.74,29.23,0.07,0.0
20220706:0810,489.65,175.62,11.05,48.51,30.77,0.76,0.0
20220706:0910,647.08,180.07,13.23,59.9,32.05,1.31,0.0
20220706:1010,750.54,180.3,14.64,69.79,33.0,1.72,0.0
20220706:1110,794.34,173.65,15.19,74.59,33.37,2.55,0.0
20220706:1210,759.63,170.36,14.75,70.08,33.15,3.24,0.0
20220706:1310,662.62,162.41,13.44,60.28,32.7,3.1,0.0
20220706:1410,515.64,147.77,11.36,48.92,32.27,2.97,0.0
20220706:1510,313.16,143.43,8.53,37.16,31.74,3.1,0.0
20220706:1610,140.01,108.65,5.58,25.42,30.83,2.9,0.0
20220706:1710,8.06,66.6,2.56,13.98,29.88,2.21,0.0
20220706:1810,0.0,14.0,0.25,3.07,28.86,1.66,0.0
20220706:1910,0.0,0.0,0.0,0.0,27.86,2.14,0.0
20220706:2010,0.0,0.0,0.0,0.0,26.83,1.93,0.0
20220706:2110,0.0,0.0,0.0,0.0,26.32,2.0,0.0
20220706:2210,0.0,0.0,0.0,0.0,26.25,2.07,0.0
20220706:2310,0.0,0.0,0.0,0.0,25.86,1.72,0.0
20220707:0010,0.0,0.0,0.0,0.0,25.83,1.1,0.0
20220707:0110,0.0,0.0,0.0,0.0,26.65,0.48,0.0
20220707:0210,0.0,0.0,0.0,0.0,26.58,0.55,0.0
20220707:0310,0.0,0.0,0.0,0.0,26.57,0.83,0.0
20220707:0410,0.0,9.62,0.17,2.6,26.53,0.62,0.0
20220707:0510,11.51,74.6,2.27,13.49,26.57,0.83,0.0
20220707:0610,135.57,120.98,5.27,24.92,27.66,1.45,0.0
20220707:0710,315.36,150.7,8.31,36.66,30.32,1.66,0.0
20220707:0810,493.01,169.88,11.0,48.42,31.6,1.72,0.0
20220707:0910,559.4,231.06,12.63,59.8,32.57,1.86,0.0
20220707:1010,714.7,199.33,14.36,69.69,33.13,1.93,0.0
20220707:1110,787.24,173.71,15.06,74.48,33.56,1.86,0.0
20220707:1210,737.91,180.43,14.55,70.02,33.72,3.03,0.0
20220707:1310,644.39,170.39,13.25,60.25,32.79,3.72,0.0
20220707:1410,492.09,160.44,11.14,48.9,32.02,1.86,0.0
20220707:1510,309.76,143.62,8.45,37.14,32.52,2.07,0.0
20220707:1610,26.49,170.75,3.61,25.4,32.41,1.66,0.0
20220707:1710,3.25,83.14,1.98,13.95,31.32,2.07,0.0
20220707:1810,0.0,14.0,0.25,3.03,29.79,2.48,0.0
20220707:1910,0.0,0.0,0.0,0.0,28.33,2.48,0.0
20220707:2010,0.0,0.0,0.0,0.0,27.36,3.45,0.0
20220707:2110,0.0,0.0,0.0,0.0,26.34,2.97,0.0
20220707:2210,0.0,0.0,0.0,0.0,25.75,1.72,0.0
20220707:2310,0.0,0.0,0.0,0.0,25.31,0.9,0.0
20220708:0010,0.0,0.0,0.0,0.0,24.94,1.59,0.0
20220708:0110,0.0,0.0,0.0,0.0,24.59,1.86,0.0
20220708:0210,0.0,0.0,0.0,0.0,24.34,1.86,0.0
20220708:0310,0.0,0.0,0.0,0.0,24.16,1.79,0.0
20220708:0410,0.0,10.5,0.19,2.5,23.91,1.79,0.0
20220708:0510,21.12,52.41,2.69,13.4,24.31,1.86,0.0
20220708:0610,174.64,92.75,5.69,24.83,25.4,2.07,0.0
20220708:0710,382.2,110.9,8.88,36.57,26.64,3.03,0.0
20220708:0810,543.92,140.8,11.38,48.33,27.4,3.31,0.0
20220708:0910,575.61,224.47,12.77,59.71,28.07,3.79,0.0
20220708:1010,617.38,261.51,13.8,69.58,28.43,4.83,0.0
20220708:1110,808.0,164.8,15.23,74.37,28.27,5.17,0.0
20220708:1210,651.35,238.99,14.08,69.95,27.76,5.03,0.0
20220708:1310,303.53,359.7,10.8,60.21,28.08,5.17,0.0
20220708:1410,408.92,217.04,10.61,48.87,28.0,5.38,0.0
20220708:1510,285.36,162.52,8.28,37.11,27.7,5.52,0.0
20220708:1610,160.12,92.16,5.78,25.37,27.16,5.59,0.0
20220708:1710,7.18,71.11,2.44,13.91,26.46,5.59,0.0
20220708:1810,0.0,10.5,0.19,2.99,25.67,5.03,0.0
20220708:1910,0.0,0.0,0.0,0.0,24.74,4.07,0.0
20220708:2010,0.0,0.0,0.0,0.0,24.51,3.86,0.0
20220708:2110,0.0,0.0,0.0,0.0,24.29,3.59,0.0
20220708:2210,0.0,0.0,0.0,0.0,23.78,3.66,0.0
20220708:2310,0.0,0.0,0.0,0.0,23.6,4.14,0.0
20220709:0010,0.0,0.0,0.0,0.0,23.41,3.93,0.0
20220709:0110,0.0,0.0,0.0,0.0,23.2,3.86,0.0
20220709:0210,0.0,0.0,0.0,0.0,22.91,4.62,0.0
20220709:0310,0.0,0.0,0.0,0.0,22.57,5.24,0.0
20220709:0410,0.0,10.5,0.19,2.4,22.27,5.59,0.0
20220709:0510,16.74,62.07,2.52,13.3,22.41,5.59,0.0
20220709:0610,86.77,154.01,4.67,24.74,22.99,6.34,0.0
20220709:0710,197.78,221.98,7.33,36.48,24.3,5.38,0.0
20220709:0810,571.7,128.18,11.63,48.24,24.88,4.76,0.0
20220709:0910,707.74,146.62,13.64,59.61,25.35,4.41,0.0
20220709:1010,794.72,156.55,14.92,69.46,25.58,4.14,0.0
20220709:1110,802.0,173.03,15.25,74.26,26.15,4.28,0.0
20220709:1210,723.97,197.73,14.56,69.88,26.39,4.21,0.0
20220709:1310,699.67,144.98,13.72,60.16,26.63,4.41,0.0
20220709:1410,530.77,142.34,11.48,48.84,26.55,4.48,0.0
20220709:1510,289.23,162.6,8.34,37.08,26.24,4.41,0.0
20220709:1610,167.5,88.4,5.89,25.34,25.78,4.14,0.0
20220709:1710,12.37,49.7,2.86,13.87,25.14,3.66,0.0
20220709:1810,0.0,14.0,0.25,2.94,24.38,2.69,0.0
20220709:1910,0.0,0.0,0.0,0.0,23.6,1.79,0.0
20220709:2010,0.0,0.0,0.0,0.0,23.24,1.17,0.0
20220709:2110,0.0,0.0,0.0,0.0,22.62,0.76,0.0
20220709:2210,0.0,0.0,0.0,0.0,22.01,0.97,0.0
20220709:2310,0.0,0.0,0.0,0.0,21.15,1.38,0.0
20220710:0010,0.0,0.0,0.0,0.0,20.87,1.52,0.0
20220710:0110,0.0,0.0,0.0,0.0,20.77,1.52,0.0
20220710:0210,0.0,0.0,0.0,0.0,20.96,1.45,0.0
20220710:0310,0.0,0.0,0.0,0.0,21.85,1.1,0.0
20220710:0410,0.0,7.87,0.14,2.3,22.61,0.76,0.0
20220710:0510,18.46,56.72,2.58,13.2,22.6,0.41,0.0
20220710:0610,177.94,90.07,5.7,24.65,23.32,0.28,0.0
20220710:0710,246.77,195.2,7.77,36.38,24.25,0.83,0.0
20220710:0810,578.12,123.38,11.64,48.15,25.24,1.17,0.0
20220710:0910,735.96,130.72,13.83,59.51,26.17,1.59,0.0
20220710:1010,815.58,145.56,15.06,69.34,27.18,2.21,0.0
20220710:1110,859.79,140.79,15.64,74.14,27.63,2.9,0.0
20220710:1210,822.43,138.71,15.19,69.8,27.76,3.59,0.0
20220710:1310,728.45,129.21,13.92,60.11,27.9,3.93,0.0
20220710:1410,575.17,118.21,11.84,48.8,27.47,4.21,0.0
20220710:1510,383.27,102.49,9.14,37.04,27.04,3.93,0.0
20220710:1610,174.33,83.89,5.97,25.3,26.44,3.38,0.0
20220710:1710,13.16,47.51,2.91,13.83,25.78,2.69,0.0
20220710:1810,0.0,12.25,0.22,2.89,25.08,2.07,0.0
20220710:1910,0.0,0.0,0.0,0.0,23.94,1.66,0.0
20220710:2010,0.0,0.0,0.0,0.0,23.52,1.03,0.0
20220710:2110,0.0,0.0,0.0,0.0,22.94,0.83,0.0
20220710:2210,0.0,0.0,0.0,0.0,22.36,0.97,0.0
20220710:2310,0.0,0.0,0.0,0.0,21.61,1.38,0.0
20220711:0010,0.0,0.0,0.0,0.0,21.69,1.86,0.0
20220711:0110,0.0,0.0,0.0,0.0,21.67,2.34,0.0
20220711:0210,0.0,0.0,0.0,0.0,21.73,2.48,0.0
20220711:0310,0.0,0.0,0.0,0.0,21.7,2.34,0.0
20220711:0410,0.0,7.87,0.14,2.19,21.61,2.14,0.0
20220711:0510,21.19,49.35,2.69,13.1,21.98,1.86,0.0
20220711:0610,176.21,91.07,5.67,24.55,23.29,1.86,0.0
20220711:0710,386.63,109.25,8.89,36.29,24.58,2.07,0.0
20220711:0810,572.46,128.4,11.61,48.05,25.6,2.21,0.0
20220711:0910,719.41,140.87,13.7,59.4,26.51,2.69,0.0
20220711:1010,819.64,144.68,15.09,69.22,27.17,3.03,0.0
20220711:1110,875.88,132.78,15.75,74.01,27.55,3.31,0.0
20220711:1210,826.53,138.84,15.23,69.71,27.83,3.66,0.0
20220711:1310,694.1,149.22,13.66,60.06,27.89,3.93,0.0
20220711:1410,570.77,122.22,11.81,48.76,27.67,3.93,0.0
20220711:1510,380.92,104.5,9.11,37.0,27.36,3.79,0.0
20220711:1610,178.09,82.1,6.02,25.26,26.78,3.52,0.0
20220711:1710,12.79,49.0,2.84,13.78,26.12,2.97,0.0
20220711:1810,0.0,12.25,0.22,2.83,25.46,2.28,0.0
20220711:1910,0.0,0.0,0.0,0.0,24.64,2.07,0.0
20220711:2010,0.0,0.0,0.0,0.0,24.24,1.59,0.0
20220711:2110,0.0,0.0,0.0,0.0,23.63,1.38,0.0
20220711:2210,0.0,0.0,0.0,0.0,22.8,1.45,0.0
20220711:2310,0.0,0.0,0.0,0.0,22.1,1.38,0.0
20220712:0010,0.0,0.0,0.0,0.0,21.98,1.24,0.0
20220712:0110,0.0,0.0,0.0,0.0,22.07,1.1,0.0
20220712:0210,0.0,0.0,0.0,0.0,21.81,1.1,0.0
20220712:0310,0.0,0.0,0.0,0.0,21.33,1.24,0.0
20220712:0410,0.0,7.0,0.13,2.08,20.59,1.38,0.0
20220712:0510,20.61,49.49,2.66,12.99,20.52,1.52,0.0
20220712:0610,173.83,92.11,5.63,24.45,24.04,1.45,0.0
20220712:0710,378.79,112.25,8.78,36.19,25.98,0.62,0.0
20220712:0810,577.13,124.59,11.61,47.95,27.25,0.34,0.0
20220712:0910,706.77,145.99,13.56,59.29,28.22,1.31,0.0
20220712:1010,815.79,145.81,15.03,69.09,28.98,2.21,0.0
20220712:1110,838.13,153.22,15.45,73.87,29.31,2.9,0.0
20220712:1210,812.9,145.02,15.09,69.62,29.43,3.17,0.0
20220712:1310,700.96,144.39,13.67,60.0,29.43,3.59,0.0
20220712:1410,539.11,138.89,11.52,48.71,29.28,3.93,0.0
20220712:1510,295.36,159.3,8.36,36.96,28.68,4.07,0.0
20220712:1610,167.46,88.83,5.84,25.21,27.86,3.72,0.0
20220712:1710,12.16,51.52,2.77,13.73,27.02,2.97,0.0
20220712:1810,0.0,12.25,0.22,2.77,26.21,2.14,0.0
20220712:1910,0.0,0.0,0.0,0.0,25.41,1.52,0.0
20220712:2010,0.0,0.0,0.0,0.0,25.03,1.52,0.0
20220712:2110,0.0,0.0,0.0,0.0,24.51,1.45,0.0
20220712:2210,0.0,0.0,0.0,0.0,23.71,1.45,0.0
20220712:2310,0.0,0.0,0.0,0.0,23.14,1.31,0.0
20220713:0010,0.0,0.0,0.0,0.0,23.72,1.1,0.0
20220713:0110,0.0,0.0,0.0,0.0,24.19,0.97,0.0
20220713:0210,0.0,0.0,0.0,0.0,24.34,0.97,0.0
20220713:0310,0.0,0.0,0.0,0.0,24.08,0.97,0.0
20220713:0410,0.0,6.12,0.11,1.96,23.84,0.83,0.0
20220713:0510,17.81,54.21,2.52,12.89,23.96,0.69,0.0
20220713:0610,167.34,95.11,5.52,24.35,25.03,0.55,0.0
20220713:0710,376.1,113.33,8.73,36.09,26.46,1.93,0.0
20220713:0810,551.84,136.51,11.36,47.85,27.03,2.28,0.0
20220713:0910,743.1,125.05,13.8,59.18,27.56,2.34,0.0
20220713:1010,834.93,134.78,15.14,68.96,28.12,2.41,0.0
20220713:1110,881.35,127.93,15.72,73.73,28.6,2.83,0.0
20220713:1210,843.8,126.95,15.28,69.52,28.71,3.31,0.0
20220713:1310,736.75,124.61,13.92,59.93,28.59,3.72,0.0
20220713:1410,574.78,118.62,11.78,48.65,28.09,3.66,0.0
20220713:1510,368.08,111.42,8.94,36.91,27.69,3.52,0.0
20220713:1610,171.25,86.2,5.88,25.16,27.14,3.24,0.0
20220713:1710,12.45,50.62,2.77,13.67,26.37,2.69,0.0
20220713:1810,0.0,12.25,0.22,2.7,25.59,2.14,0.0
20220713:1910,0.0,0.0,0.0,0.0,24.84,1.72,0.0
20220713:2010,0.0,0.0,0.0,0.0,24.44,1.31,0.0
20220713:2110,0.0,0.0,0.0,0.0,23.76,0.97,0.0
20220713:2210,0.0,0.0,0.0,0.0,23.86,0.76,0.0
20220713:2310,0.0,0.0,0.0,0.0,23.29,0.97,0.0
20220714:0010,0.0,0.0,0.0,0.0,21.67,1.45,0.0
20220714:0110,0.0,0.0,0.0,0.0,21.02,1.66,0.0
20220714:0210,0.0,0.0,0.0,0.0,21.1,1.45,0.0
20220714:0310,0.0,0.0,0.0,0.0,21.74,1.17,0.0
20220714:0410,0.0,5.25,0.09,1.85,22.79,0.9,0.0
20220714:0510,21.3,46.31,2.69,12.78,22.82,0.69,0.0
20220714:0610,185.7,84.75,5.75,24.24,23.65,0.55,0.0
20220714:0710,382.06,112.46,8.81,35.99,24.94,1.1,0.0
20220714:0810,582.91,123.87,11.66,47.74,26.21,1.59,0.0
20220714:0910,723.7,140.27,13.7,59.07,27.23,2.21,0.0
20220714:1010,824.21,145.1,15.11,68.83,27.92,2.55,0.0
20220714:1110,835.59,158.61,15.45,73.58,28.41,2.83,0.0
20220714:1210,821.35,144.32,15.17,69.41,28.67,3.24,0.0
20220714:1310,738.02,128.74,13.98,59.86,28.69,3.72,0.0
20220714:1410,554.04,133.36,11.64,48.6,28.52,3.72,0.0
20220714:1510,374.78,109.63,9.02,36.85,28.11,3.79,0.0
20220714:1610,168.75,89.03,5.84,25.1,27.35,3.52,0.0
20220714:1710,12.85,50.25,2.8,13.6,26.45,3.03,0.0
20220714:1810,0.0,11.37,0.2,2.62,25.53,2.28,0.0
20220714:1910,0.0,0.0,0.0,0.0,24.42,1.38,0.0
20220714:2010,0.0,0.0,0.0,0.0,23.84,0.76,0.0
20220714:2110,0.0,0.0,0.0,0.0,23.78,0.41,0.0
20220714:2210,0.0,0.0,0.0,0.0,23.59,0.34,0.0
20220714:2310,0.0,0.0,0.0,0.0,23.35,0.55,0.0
20220715:0010,0.0,0.0,0.0,0.0,23.06,0.83,0.0
20220715:0110,0.0,0.0,0.0,0.0,22.79,0.83,0.0
20220715:0210,0.0,0.0,0.0,0.0,22.52,0.83,0.0
20220715:0310,0.0,0.0,0.0,0.0,22.27,0.83,0.0
20220715:0410,0.0,4.37,0.08,1.73,22.08,0.83,0.0
20220715:0510,19.56,48.03,2.58,12.67,22.08,0.62,0.0
20220715:0610,178.58,87.77,5.63,24.14,22.94,0.41,0.0
20220715:0710,391.54,104.99,8.84,35.89,24.54,1.17,0.0
20220715:0810,560.47,132.87,11.41,47.64,25.82,1.66,0.0
20220715:0910,715.1,141.4,13.56,58.95,26.84,2.34,0.0
20220715:1010,793.5,158.39,14.81,68.69,27.69,2.62,0.0
20220715:1110,837.9,153.66,15.39,73.43,28.33,2.9,0.0
20220715:1210,834.59,134.33,15.2,69.3,28.78,3.17,0.0
20220715:1310,720.04,135.88,13.78,59.78,29.0,3.31,0.0
20220715:1410,561.6,126.72,11.64,48.53,29.03,3.45,0.0
20220715:1510,379.07,106.05,9.02,36.79,28.76,3.59,0.0
20220715:1610,177.03,82.76,5.92,25.04,28.09,3.59,0.0
20220715:1710,12.76,49.84,2.75,13.53,27.05,3.24,0.0
20220715:1810,0.0,11.37,0.2,2.54,26.02,2.69,0.0
20220715:1910,0.0,0.0,0.0,0.0,24.96,2.14,0.0
20220715:2010,0.0,0.0,0.0,0.0,24.56,1.72,0.0
20220715:2110,0.0,0.0,0.0,0.0,24.07,1.45,0.0
20220715:2210,0.0,0.0,0.0,0.0,23.14,1.17,0.0
20220715:2310,0.0,0.0,0.0,0.0,23.18,0.97,0.0
20220716:0010,0.0,0.0,0.0,0.0,23.91,0.83,0.0
20220716:0110,0.0,0.0,0.0,0.0,23.16,0.97,0.0
20220716:0210,0.0,0.0,0.0,0.0,21.88,1.31,0.0
20220716:0310,0.0,0.0,0.0,0.0,22.21,1.24,0.0
20220716:0410,0.0,4.37,0.08,1.61,23.22,0.9,0.0
20220716:0510,18.24,49.49,2.5,12.55,23.13,0.62,0.0
20220716:0610,171.45,91.67,5.52,24.03,23.95,0.9,0.0
20220716:0710,376.03,113.72,8.69,35.78,25.79,1.72,0.0
20220716:0810,553.08,136.95,11.33,47.53,26.95,2.07,0.0
20220716:0910,676.01,164.59,13.28,58.83,27.95,2.41,0.0
20220716:1010,771.75,170.67,14.64,68.54,28.76,2.69,0.0
20220716:1110,788.0,184.2,15.06,73.27,29.36,2.9,0.0
20220716:1210,782.32,162.78,14.8,69.18,29.64,3.17,0.0
20220716:1310,702.99,146.02,13.64,59.7,29.6,3.52,0.0
20220716:1410,540.81,139.54,11.47,48.46,29.24,3.66,0.0
20220716:1510,365.27,114.7,8.88,36.73,28.64,3.59,0.0
20220716:1610,170.73,86.68,5.81,24.97,27.88,3.24,0.0
20220716:1710,12.4,51.14,2.7,13.46,27.03,2.69,0.0
20220716:1810,0.0,11.37,0.2,2.46,26.15,2.21,0.0
20220716:1910,0.0,0.0,0.0,0.0,25.66,1.86,0.0
20220716:2010,0.0,0.0,0.0,0.0,25.25,1.66,0.0
20220716:2110,0.0,0.0,0.0,0.0,24.8,1.52,0.0
20220716:2210,0.0,0.0,0.0,0.0,24.23,1.66,0.0
20220716:2310,0.0,0.0,0.0,0.0,23.6,1.66,0.0
20220717:0010,0.0,0.0,0.0,0.0,22.99,1.59,0.0
20220717:0110,0.0,0.0,0.0,0.0,22.59,1.52,0.0
20220717:0210,0.0,0.0,0.0,0.0,22.85,1.24,0.0
20220717:0310,0.0,0.0,0.0,0.0,23.26,1.1,0.0
20220717:0410,0.0,1.75,0.03,1.48,23.62,0.97,0.0
20220717:0510,16.56,52.03,2.41,12.44,23.84,0.83,0.0
20220717:0610,162.92,96.53,5.39,23.92,25.27,0.9,0.0
20220717:0710,376.1,112.93,8.66,35.67,26.94,2.0,0.0
20220717:0810,568.41,129.24,11.44,47.42,27.83,2.48,0.0
20220717:0910,726.54,136.7,13.63,58.71,28.63,2.76,0.0
20220717:1010,828.3,140.45,15.03,68.4,29.35,2.97,0.0
20220717:1110,862.83,141.77,15.55,73.1,29.91,3.1,0.0
20220717:1210,826.51,139.7,15.11,69.05,30.37,3.17,0.0
20220717:1310,722.75,135.21,13.77,59.61,30.6,3.31,0.0
20220717:1410,564.07,127.04,11.64,48.39,30.37,3.45,0.0
20220717:1510,376.22,108.26,8.95,36.66,29.8,3.52,0.0
20220717:1610,170.79,86.82,5.8,24.9,29.08,3.1,0.0
20220717:1710,12.52,50.38,2.69,13.38,28.31,2.62,0.0
20220717:1810,0.0,10.5,0.19,2.37,27.41,2.0,0.0
20220717:1910,0.0,0.0,0.0,0.0,26.76,1.86,0.0
20220717:2010,0.0,0.0,0.0,0.0,26.11,1.86,0.0
20220717:2110,0.0,0.0,0.0,0.0,25.59,1.66,0.0
20220717:2210,0.0,0.0,0.0,0.0,24.79,1.45,0.0
20220717:2310,0.0,0.0,0.0,0.0,24.01,1.31,0.0
20220718:0010,0.0,0.0,0.0,0.0,23.89,1.24,0.0
20220718:0110,0.0,0.0,0.0,0.0,23.57,1.24,0.0
20220718:0210,0.0,0.0,0.0,0.0,23.13,1.31,0.0
20220718:0310,0.0,0.0,0.0,0.0,22.91,1.31,0.0
20220718:0410,0.0,1.75,0.03,1.35,22.59,1.38,0.0
20220718:0510,12.16,60.81,2.17,12.32,22.79,1.31,0.0
20220718:0610,137.61,112.79,5.08,23.81,25.61,1.1,0.0
20220718:0710,323.21,140.76,8.14,35.57,28.0,0.9,0.0
20220718:0810,535.51,142.17,11.08,47.31,29.07,1.38,0.0
20220718:0910,675.58,158.87,13.14,58.59,29.87,1.79,0.0
20220718:1010,793.56,153.77,14.67,68.25,30.5,2.21,0.0
20220718:1110,827.02,155.11,15.17,72.93,30.86,2.62,0.0
20220718:1210,781.12,159.04,14.67,68.92,30.92,2.97,0.0
20220718:1310,682.43,152.3,13.36,59.51,30.82,2.97,0.0
20220718:1410,523.92,144.77,11.22,48.31,30.4,2.76,0.0
20220718:1510,353.26,118.92,8.67,36.58,29.96,2.48,0.0
20220718:1610,153.52,97.45,5.53,24.82,29.64,2.34,0.0
20220718:1710,9.84,59.93,2.47,13.3,28.96,2.34,0.0
20220718:1810,0.0,8.75,0.16,2.27,28.09,1.86,0.0
20220718:1910,0.0,0.0,0.0,0.0,27.31,1.24,0.0
20220718:2010,0.0,0.0,0.0,0.0,27.06,1.1,0.0
20220718:2110,0.0,0.0,0.0,0.0,26.57,1.1,0.0
20220718:2210,0.0,0.0,0.0,0.0,26.0,1.1,0.0
20220718:2310,0.0,0.0,0.0,0.0,25.98,1.24,0.0
20220719:0010,0.0,0.0,0.0,0.0,26.42,0.97,0.0
20220719:0110,0.0,0.0,0.0,0.0,26.52,0.69,0.0
20220719:0210,0.0,0.0,0.0,0.0,26.37,0.62,0.0
20220719:0310,0.0,0.0,0.0,0.0,26.31,0.62,0.0
20220719:0410,0.0,0.0,0.0,0.0,26.04,0.55,0.0
20220719:0510,11.71,61.03,2.14,12.2,25.97,0.48,0.0
20220719:0610,148.6,103.56,5.16,23.7,26.78,0.28,0.0
20220719:0710,362.42,117.11,8.44,35.45,28.53,0.69,0.0
20220719:0810,550.01,134.49,11.17,47.19,29.33,1.1,0.0
20220719:0910,714.52,138.0,13.41,58.46,30.09,1.66,0.0
20220719:1010,794.01,153.94,14.66,68.09,30.51,2.21,0.0
20220719:1110,839.63,149.19,15.25,72.75,30.98,2.62,0.0
20220719:1210,803.56,148.11,14.83,68.78,30.83,2.62,0.0
20220719:1310,692.57,147.51,13.42,59.41,30.76,2.41,0.0
20220719:1410,547.31,132.29,11.39,48.22,30.83,2.34,0.0
20220719:1510,358.47,116.25,8.7,36.5,30.64,2.34,0.0
20220719:1610,161.91,91.09,5.61,24.73,30.21,2.34,0.0
20220719:1710,10.93,55.47,2.53,13.21,29.53,2.0,0.0
20220719:1810,0.0,8.75,0.16,2.17,28.75,1.52,0.0
20220719:1910,0.0,0.0,0.0,0.0,27.95,1.24,0.0
20220719:2010,0.0,0.0,0.0,0.0,27.43,0.76,0.0
20220719:2110,0.0,0.0,0.0,0.0,27.38,0.48,0.0
20220719:2210,0.0,0.0,0.0,0.0,27.19,0.41,0.0
20220719:2310,0.0,0.0,0.0,0.0,26.83,0.62,0.0
20220720:0010,0.0,0.0,0.0,0.0,25.11,1.24,0.0
20220720:0110,0.0,0.0,0.0,0.0,24.11,1.45,0.0
20220720:0210,0.0,0.0,0.0,0.0,24.93,1.03,0.0
20220720:0310,0.0,0.0,0.0,0.0,25.35,0.97,0.0
20220720:0410,0.0,0.0,0.0,0.0,25.13,1.03,0.0
20220720:0510,14.39,53.95,2.27,12.08,24.87,1.03,0.0
20220720:0610,156.17,98.93,5.23,23.58,26.38,0.76,0.0
20220720:0710,371.31,113.44,8.52,35.34,28.12,0.62,0.0
20220720:0810,571.29,125.8,11.36,47.08,29.39,1.24,0.0
20220720:0910,683.26,158.28,13.2,58.33,30.29,1.79,0.0
20220720:1010,812.69,148.07,14.83,67.93,30.85,2.55,0.0
20220720:1110,870.56,136.12,15.5,72.57,31.1,3.1,0.0
20220720:1210,822.13,141.21,14.98,68.63,31.09,3.59,0.0
20220720:1310,718.39,136.72,13.64,59.3,30.8,3.66,0.0
20220720:1410,553.26,131.49,11.45,48.13,30.55,3.59,0.0
20220720:1510,362.9,115.45,8.75,36.42,30.0,3.24,0.0
20220720:1610,166.49,89.24,5.67,24.65,29.51,2.83,0.0
20220720:1710,12.15,50.25,2.59,13.11,28.86,2.34,0.0
20220720:1810,0.0,8.75,0.16,2.07,28.02,1.79,0.0
20220720:1910,0.0,0.0,0.0,0.0,26.95,1.45,0.0
20220720:2010,0.0,0.0,0.0,0.0,26.43,1.03,0.0
20220720:2110,0.0,0.0,0.0,0.0,25.83,0.83,0.0
20220720:2210,0.0,0.0,0.0,0.0,25.8,0.69,0.0
20220720:2310,0.0,0.0,0.0,0.0,25.72,0.69,0.0
20220721:0010,0.0,0.0,0.0,0.0,25.48,0.55,0.0
20220721:0110,0.0,0.0,0.0,0.0,25.18,0.41,0.0
20220721:0210,0.0,0.0,0.0,0.0,24.94,0.41,0.0
20220721:0310,0.0,0.0,0.0,0.0,24.64,0.41,0.0
20220721:0410,0.0,0.0,0.0,0.0,24.45,0.34,0.0
20220721:0510,14.35,53.06,2.25,11.96,24.35,0.41,0.0
20220721:0610,157.48,98.99,5.25,23.47,25.49,0.41,0.0
20220721:0710,374.16,113.59,8.55,35.23,27.05,1.1,0.0
20220721:0810,560.27,132.9,11.27,46.96,28.27,1.66,0.0
20220721:0910,697.63,152.49,13.31,58.2,29.11,2.0,0.0
20220721:1010,818.34,147.26,14.88,67.77,29.96,2.48,0.0
20220721:1110,852.96,148.59,15.39,72.38,30.44,2.97,0.0
20220721:1210,828.78,140.4,15.05,68.48,30.67,3.24,0.0
20220721:1310,714.08,141.92,13.63,59.19,30.71,3.45,0.0
20220721:1410,557.42,131.68,11.5,48.04,30.61,3.59,0.0
20220721:1510,370.72,112.74,8.83,36.33,30.28,3.45,0.0
20220721:1610,160.71,94.01,5.59,24.55,29.67,3.24,0.0
20220721:1710,11.83,51.36,2.56,13.01,28.86,2.83,0.0
20220721:1810,0.0,7.0,0.13,1.95,27.96,2.21,0.0
20220721:1910,0.0,0.0,0.0,0.0,26.91,1.52,0.0
20220721:2010,0.0,0.0,0.0,0.0,26.47,1.1,0.0
20220721:2110,0.0,0.0,0.0,0.0,25.78,1.03,0.0
20220721:2210,0.0,0.0,0.0,0.0,25.1,1.1,0.0
20220721:2310,0.0,0.0,0.0,0.0,24.45,1.17,0.0
20220722:0010,0.0,0.0,0.0,0.0,24.17,1.24,0.0
20220722:0110,0.0,0.0,0.0,0.0,24.21,1.17,0.0
20220722:0210,0.0,0.0,0.0,0.0,24.56,1.03,0.0
20220722:0310,0.0,0.0,0.0,0.0,24.74,0.97,0.0
20220722:0410,0.0,0.0,0.0,0.0,24.57,0.9,0.0
20220722:0510,15.09,50.79,2.28,11.83,24.53,0.9,0.0
20220722:0610,169.47,90.7,5.36,23.35,25.53,0.69,0.0
20220722:0710,375.31,113.77,8.55,35.11,27.41,1.1,0.0
20220722:0810,562.63,133.1,11.28,46.84,28.78,1.66,0.0
20220722:0910,710.11,147.68,13.41,58.06,29.8,2.14,0.0
20220722:1010,822.02,147.47,14.91,67.6,30.53,2.69,0.0
20220722:1110,857.7,147.77,15.42,72.18,30.97,3.03,0.0
20220722:1210,821.42,145.68,14.98,68.32,31.2,3.24,0.0
20220722:1310,708.81,146.13,13.58,59.07,31.28,3.38,0.0
20220722:1410,552.34,135.79,11.45,47.94,31.1,3.45,0.0
20220722:1510,363.51,116.74,8.73,36.23,30.66,3.38,0.0
20220722:1610,166.65,90.38,5.66,24.46,30.03,2.97,0.0
20220722:1710,11.36,53.37,2.53,12.9,29.23,2.48,0.0
20220722:1810,0.0,7.0,0.13,1.84,28.38,1.86,0.0
20220722:1910,0.0,0.0,0.0,0.0,27.32,1.59,0.0
20220722:2010,0.0,0.0,0.0,0.0,26.8,1.31,0.0
20220722:2110,0.0,0.0,0.0,0.0,26.11,1.1,0.0
20220722:2210,0.0,0.0,0.0,0.0,25.33,1.1,0.0
20220722:2310,0.0,0.0,0.0,0.0,25.11,1.1,0.0
20220723:0010,0.0,0.0,0.0,0.0,25.71,0.9,0.0
20220723:0110,0.0,0.0,0.0,0.0,25.64,0.76,0.0
20220723:0210,0.0,0.0,0.0,0.0,25.27,0.83,0.0
20220723:0310,0.0,0.0,0.0,0.0,24.64,0.97,0.0
20220723:0410,0.0,0.0,0.0,0.0,24.25,1.03,0.0
20220723:0510,11.97,57.09,2.11,11.7,23.97,1.03,0.0
20220723:0610,151.68,103.05,5.16,23.23,26.08,0.9,0.0
20220723:0710,361.52,120.68,8.39,35.0,27.74,0.97,0.0
20220723:0810,556.41,136.26,11.2,46.72,29.19,1.31,0.0
20220723:0910,642.84,188.98,12.97,57.92,30.23,1.86,0.0
20220723:1010,778.04,172.09,14.58,67.43,30.91,2.48,0.0
20220723:1110,811.59,174.5,15.09,71.98,31.29,2.97,0.0
20220723:1210,762.69,181.36,14.59,68.16,31.37,3.52,0.0
20220723:1310,654.48,179.27,13.2,58.94,31.14,3.93,0.0
20220723:1410,520.22,155.52,11.2,47.83,30.65,4.34,0.0
20220723:1510,348.69,126.41,8.59,36.13,29.94,4.07,0.0
20220723:1610,158.87,96.14,5.55,24.35,29.12,3.17,0.0
20220723:1710,10.87,54.69,2.48,12.79,28.32,2.34,0.0
20220723:1810,0.0,6.12,0.11,1.71,27.82,1.66,0.0
20220723:1910,0.0,0.0,0.0,0.0,27.38,1.24,0.0
20220723:2010,0.0,0.0,0.0,0.0,26.95,0.9,0.0
20220723:2110,0.0,0.0,0.0,0.0,26.63,0.69,0.0
20220723:2210,0.0,0.0,0.0,0.0,26.92,0.55,0.0
20220723:2310,0.0,0.0,0.0,0.0,26.65,0.28,0.0
20220724:0010,0.0,0.0,0.0,0.0,26.29,0.41,0.0
20220724:0110,0.0,0.0,0.0,0.0,25.86,0.55,0.0
20220724:0210,0.0,0.0,0.0,0.0,25.51,0.69,0.0
20220724:0310,0.0,0.0,0.0,0.0,25.03,0.83,0.0
20220724:0410,0.0,0.0,0.0,0.0,24.67,1.03,0.0
20220724:0510,11.96,56.2,2.09,11.58,24.82,0.97,0.0
20220724:0610,152.35,102.29,5.14,23.11,26.03,0.41,0.0
20220724:0710,362.72,120.88,8.39,34.88,27.77,0.69,0.0
20220724:0810,534.82,149.3,11.03,46.6,29.17,1.38,0.0
20220724:0910,705.37,152.14,13.34,57.78,30.17,2.21,0.0
20220724:1010,816.36,153.0,14.84,67.25,30.81,2.69,0.0
20220724:1110,863.3,148.2,15.45,71.78,31.15,2.97,0.0
20220724:1210,826.93,146.1,15.02,67.98,31.34,3.1,0.0
20220724:1310,714.04,145.55,13.59,58.81,31.4,3.1,0.0
20220724:1410,557.14,135.22,11.47,47.72,31.2,3.17,0.0
20220724:1510,370.98,114.25,8.78,36.02,30.64,2.9,0.0
20220724:1610,170.14,87.93,5.66,24.24,30.04,2.41,0.0
20220724:1710,12.18,48.54,2.55,12.68,29.36,1.79,0.0
20220724:1810,0.0,4.37,0.08,1.59,28.65,1.38,0.0
20220724:1910,0.0,0.0,0.0,0.0,27.69,1.31,0.0
20220724:2010,0.0,0.0,0.0,0.0,27.21,1.17,0.0
20220724:2110,0.0,0.0,0.0,0.0,26.18,1.1,0.0
20220724:2210,0.0,0.0,0.0,0.0,25.82,1.03,0.0
20220724:2310,0.0,0.0,0.0,0.0,26.25,0.97,0.0
20220725:0010,0.0,0.0,0.0,0.0,26.56,0.9,0.0
20220725:0110,0.0,0.0,0.0,0.0,26.24,0.83,0.0
20220725:0210,0.0,0.0,0.0,0.0,26.0,0.76,0.0
20220725:0310,0.0,0.0,0.0,0.0,25.83,0.69,0.0
20220725:0410,0.0,0.0,0.0,0.0,25.72,0.69,0.0
20220725:0510,11.58,55.64,2.05,11.45,25.67,0.76,0.0
20220725:0610,149.48,102.57,5.06,22.99,26.0,0.97,0.0
20220725:0710,333.78,136.4,8.11,34.76,28.1,1.31,0.0
20220725:0810,528.58,150.48,10.92,46.47,29.12,1.66,0.0
20220725:0910,651.9,181.44,12.94,57.64,30.03,2.0,0.0
20220725:1010,808.98,154.19,14.72,67.07,30.78,2.28,0.0
20220725:1110,0.0,0.0,0.0,0.0,31.28,2.48,0.0
20220725:1210,786.26,165.59,14.66,67.81,31.62,2.76,0.0
20220725:1310,688.14,156.76,13.33,58.67,31.61,2.9,0.0
20220725:1410,526.79,150.11,11.17,47.6,31.38,2.83,0.0
20220725:1510,356.13,121.15,8.59,35.91,31.0,2.55,0.0
20220725:1610,159.67,93.84,5.48,24.13,30.47,2.21,0.0
20220725:1710,11.02,52.07,2.45,12.56,29.68,1.79,0.0
20220725:1810,0.0,4.37,0.08,1.45,28.76,1.31,0.0
20220725:1910,0.0,0.0,0.0,0.0,27.62,1.03,0.0
20220725:2010,0.0,0.0,0.0,0.0,26.99,0.9,0.0
20220725:2110,0.0,0.0,0.0,0.0,26.26,0.83,0.0
20220725:2210,0.0,0.0,0.0,0.0,25.61,0.97,0.0
20220725:2310,0.0,0.0,0.0,0.0,25.7,0.97,0.0
20220726:0010,0.0,0.0,0.0,0.0,26.13,0.55,0.0
20220726:0110,0.0,0.0,0.0,0.0,25.85,0.55,0.0
20220726:0210,0.0,0.0,0.0,0.0,25.55,0.69,0.0
20220726:0310,0.0,0.0,0.0,0.0,25.31,0.69,0.0
20220726:0410,0.0,0.0,0.0,0.0,25.1,0.62,0.0
20220726:0510,8.5,61.49,1.86,11.32,25.05,0.55,0.0
20220726:0610,157.43,95.34,5.09,22.86,25.74,0.76,0.0
20220726:0710,355.46,122.28,8.23,34.64,26.84,1.03,0.0
20220726:0810,542.66,141.83,10.98,46.34,28.09,1.24,0.0
20220726:0910,704.78,149.51,13.23,57.5,29.3,1.86,0.0
20220726:1010,795.48,160.51,14.58,66.89,30.15,2.55,0.0
20220726:1110,841.44,155.73,15.17,71.35,30.59,2.83,0.0
20220726:1210,806.29,153.61,14.75,67.62,30.71,3.03,0.0
20220726:1310,694.76,152.97,13.34,58.53,30.65,3.03,0.0
20220726:1410,541.43,140.55,11.23,47.47,30.48,2.76,0.0
20220726:1510,349.7,123.3,8.48,35.79,30.18,2.21,0.0
20220726:1610,155.76,95.95,5.41,24.01,29.87,1.79,0.0
20220726:1710,9.71,55.9,2.34,12.43,29.34,1.59,0.0
20220726:1810,0.0,3.5,0.06,1.32,28.48,1.31,0.0
20220726:1910,0.0,0.0,0.0,0.0,27.51,1.31,0.0
20220726:2010,0.0,0.0,0.0,0.0,26.92,1.31,0.0
20220726:2110,0.0,0.0,0.0,0.0,26.21,1.31,0.0
20220726:2210,0.0,0.0,0.0,0.0,25.35,1.31,0.0
20220726:2310,0.0,0.0,0.0,0.0,24.71,1.31,0.0
20220727:0010,0.0,0.0,0.0,0.0,24.56,1.38,0.0
20220727:0110,0.0,0.0,0.0,0.0,24.93,1.24,0.0
20220727:0210,0.0,0.0,0.0,0.0,24.34,1.38,0.0
20220727:0310,0.0,0.0,0.0,0.0,23.52,1.66,0.0
20220727:0410,0.0,0.0,0.0,0.0,24.24,1.45,0.0
20220727:0510,9.1,60.06,1.89,11.18,25.94,0.83,0.0
20220727:0610,142.99,105.83,4.94,22.74,26.91,0.48,0.0
20220727:0710,327.26,139.72,8.0,34.51,28.66,1.1,0.0
20220727:0810,537.46,146.03,10.94,46.22,29.63,1.93,0.0
20220727:0910,677.34,165.88,13.03,57.35,30.35,2.07,0.0
20220727:1010,774.79,174.01,14.44,66.7,31.02,2.07,0.0
20220727:1110,833.08,162.12,15.11,71.13,31.67,2.14,0.0
20220727:1210,797.99,159.96,14.69,67.43,32.21,2.41,0.0
20220727:1310,688.57,157.22,13.28,58.38,32.44,2.83,0.0
20220727:1410,536.38,144.7,11.19,47.34,32.18,3.03,0.0
20220727:1510,344.96,127.3,8.44,35.67,31.72,3.03,0.0
20220727:1610,153.16,97.98,5.36,23.89,31.12,2.97,0.0
20220727:1710,9.04,57.43,2.28,12.3,30.24,2.76,0.0
20220727:1810,0.0,0.0,0.0,0.0,29.13,2.69,0.0
20220727:1910,0.0,0.0,0.0,0.0,28.1,2.55,0.0
20220727:2010,0.0,0.0,0.0,0.0,27.39,2.48,0.0
20220727:2110,0.0,0.0,0.0,0.0,26.8,2.14,0.0
20220727:2210,0.0,0.0,0.0,0.0,26.39,1.72,0.0
20220727:2310,0.0,0.0,0.0,0.0,25.64,1.31,0.0
20220728:0010,0.0,0.0,0.0,0.0,25.61,0.97,0.0
20220728:0110,0.0,0.0,0.0,0.0,26.4,0.69,0.0
20220728:0210,0.0,0.0,0.0,0.0,26.25,0.07,0.0
20220728:0310,0.0,0.0,0.0,0.0,24.58,1.03,0.0
20220728:0410,0.0,0.0,0.0,0.0,22.96,1.86,0.0
20220728:0510,7.58,61.39,1.77,11.05,23.61,2.21,0.0
20220728:0610,132.81,111.75,4.8,22.61,25.72,2.55,0.0
20220728:0710,342.86,128.48,8.06,34.39,27.25,2.69,0.0
20220728:0810,555.62,134.37,11.02,46.08,28.33,2.34,0.0
20220728:0910,703.35,149.96,13.16,57.2,29.44,2.21,0.0
20220728:1010,804.38,155.86,14.58,66.51,30.4,2.34,0.0
20220728:1110,840.16,156.17,15.09,70.9,31.07,2.69,0.0
20220728:1210,755.05,183.5,14.36,67.23,31.38,2.97,0.0
20220728:1310,702.25,149.42,13.34,58.22,31.45,3.1,0.0
20220728:1410,539.84,141.0,11.16,47.21,31.18,3.24,0.0
20220728:1510,357.35,118.97,8.5,35.54,30.74,3.31,0.0
20220728:1610,159.27,92.62,5.39,23.76,30.05,3.17,0.0
20220728:1710,10.16,51.2,2.33,12.16,29.08,2.76,0.0
20220728:1810,0.0,0.0,0.0,0.0,28.09,2.07,0.0
20220728:1910,0.0,0.0,0.0,0.0,27.78,1.93,0.0
20220728:2010,0.0,0.0,0.0,0.0,27.22,1.79,0.0
20220728:2110,0.0,0.0,0.0,0.0,26.67,1.86,0.0
20220728:2210,0.0,0.0,0.0,0.0,26.24,2.07,0.0
20220728:2310,0.0,0.0,0.0,0.0,25.84,1.93,0.0
20220729:0010,0.0,0.0,0.0,0.0,25.39,1.79,0.0
20220729:0110,0.0,0.0,0.0,0.0,24.82,1.72,0.0
20220729:0210,0.0,0.0,0.0,0.0,24.33,1.72,0.0
20220729:0310,0.0,0.0,0.0,0.0,23.83,1.66,0.0
20220729:0410,0.0,0.0,0.0,0.0,23.64,1.45,0.0
20220729:0510,10.93,53.54,1.94,10.91,24.02,1.24,0.0
20220729:0610,162.89,90.35,5.06,22.48,26.42,1.1,0.0
20220729:0710,367.63,115.28,8.25,34.26,28.03,1.38,0.0
20220729:0810,547.59,138.57,10.92,45.95,29.11,1.86,0.0
20220729:0910,713.34,144.11,13.19,57.04,29.96,2.41,0.0
20220729:1010,804.29,156.1,14.55,66.32,30.55,2.76,0.0
20220729:1110,851.44,150.23,15.14,70.67,30.94,3.17,0.0
20220729:1210,803.86,155.3,14.64,67.03,31.06,3.66,0.0
20220729:1310,693.12,153.66,13.23,58.06,30.86,3.93,0.0
20220729:1410,553.78,133.37,11.23,47.07,30.45,3.79,0.0
20220729:1510,351.78,122.05,8.42,35.41,30.05,3.45,0.0
20220729:1610,163.43,89.1,5.41,23.62,29.55,3.1,0.0
20220729:1710,10.48,49.05,2.34,12.02,28.84,2.76,0.0
20220729:1810,0.0,0.0,0.0,0.0,27.96,2.34,0.0
20220729:1910,0.0,0.0,0.0,0.0,27.12,2.41,0.0
20220729:2010,0.0,0.0,0.0,0.0,26.72,2.07,0.0
20220729:2110,0.0,0.0,0.0,0.0,26.47,1.66,0.0
20220729:2210,0.0,0.0,0.0,0.0,26.12,1.52,0.0
20220729:2310,0.0,0.0,0.0,0.0,25.51,1.45,0.0
20220730:0010,0.0,0.0,0.0,0.0,25.42,1.03,0.0
20220730:0110,0.0,0.0,0.0,0.0,26.28,0.62,0.0
20220730:0210,0.0,0.0,0.0,0.0,25.96,0.76,0.0
20220730:0310,0.0,0.0,0.0,0.0,25.66,0.76,0.0
20220730:0410,0.0,0.0,0.0,0.0,25.4,0.76,0.0
20220730:0510,12.36,49.18,1.98,10.78,25.31,0.62,0.0
20220730:0610,166.78,88.63,5.09,22.35,26.19,0.21,0.0
20220730:0710,366.39,116.48,8.22,34.14,27.87,0.83,0.0
20220730:0810,552.26,138.85,10.97,45.82,29.2,0.76,0.0
20220730:0910,689.88,159.58,13.03,56.89,30.38,1.31,0.0
20220730:1010,800.1,161.5,14.53,66.12,31.22,2.0,0.0
20220730:1110,834.88,162.85,15.05,70.43,31.68,2.55,0.0
20220730:1210,799.71,160.69,14.63,66.82,31.81,2.83,0.0
20220730:1310,707.95,148.91,13.36,57.89,31.78,2.97,0.0
20220730:1410,507.91,163.06,10.92,46.92,31.55,2.76,0.0
20220730:1510,338.42,130.84,8.3,35.27,31.18,2.48,0.0
20220730:1610,154.74,95.78,5.3,23.48,30.53,2.28,0.0
20220730:1710,9.64,50.64,2.27,11.87,29.55,2.14,0.0
20220730:1810,0.0,0.0,0.0,0.0,28.41,1.79,0.0
20220730:1910,0.0,0.0,0.0,0.0,27.52,1.79,0.0
20220730:2010,0.0,0.0,0.0,0.0,26.86,1.03,0.0
20220730:2110,0.0,0.0,0.0,0.0,26.25,0.97,0.0
20220730:2210,0.0,0.0,0.0,0.0,26.34,0.9,0.0
20220730:2310,0.0,0.0,0.0,0.0,26.52,0.34,0.0
20220731:0010,0.0,0.0,0.0,0.0,26.3,0.21,0.0
20220731:0110,0.0,0.0,0.0,0.0,26.02,0.48,0.0
20220731:0210,0.0,0.0,0.0,0.0,25.79,0.48,0.0
20220731:0310,0.0,0.0,0.0,0.0,25.62,0.21,0.0
20220731:0410,0.0,0.0,0.0,0.0,25.5,0.28,0.0
20220731:0510,11.85,48.79,1.92,10.64,25.5,0.28,0.0
20220731:0610,158.86,91.77,4.95,22.23,25.86,0.55,0.0
20220731:0710,352.46,122.5,8.05,34.01,27.29,0.83,0.0
20220731:0810,539.33,143.03,10.8,45.68,28.37,1.38,0.0
20220731:0910,683.66,160.8,12.92,56.73,29.27,2.0,0.0
20220731:1010,793.87,161.69,14.41,65.92,29.82,2.62,0.0
20220731:1110,827.61,164.07,14.92,70.19,30.26,3.31,0.0
20220731:1210,815.07,149.64,14.66,66.6,30.37,3.93,0.0
20220731:1310,701.86,149.11,13.23,57.71,29.99,4.28,0.0
20220731:1410,538.11,141.72,11.05,46.77,29.41,3.86,0.0
20220731:1510,350.98,121.57,8.34,35.13,29.01,3.31,0.0
20220731:1610,68.89,150.28,4.19,23.34,28.51,2.83,0.0
20220731:1710,9.93,47.74,2.27,11.72,27.8,2.21,0.0
20220731:1810,0.0,0.0,0.0,0.0,27.08,1.72,0.0
20220731:1910,0.0,0.0,0.0,0.0,26.18,1.1,0.0
20220731:2010,0.0,0.0,0.0,0.0,25.78,0.69,0.0
20220731:2110,0.0,0.0,0.0,0.0,25.37,0.48,0.0
20220731:2210,0.0,0.0,0.0,0.0,25.41,0.28,0.0
20220731:2310,0.0,0.0,0.0,0.0,25.23,0.07,0.0
20220801:0010,0.0,0.0,0.0,0.0,25.02,0.41,0.0
20220801:0110,0.0,0.0,0.0,0.0,23.41,1.17,0.0
20220801:0210,0.0,0.0,0.0,0.0,23.18,1.31,0.0
20220801:0310,0.0,0.0,0.0,0.0,24.06,0.97,0.0
20220801:0410,0.0,0.0,0.0,0.0,24.26,0.76,0.0
20220801:0510,12.34,46.83,1.92,10.5,24.11,0.76,0.0
20220801:0610,162.83,90.06,4.98,22.09,24.98,0.62,0.0
20220801:0710,346.66,126.6,7.98,33.88,26.54,1.1,0.0
20220801:0810,503.68,165.04,10.55,45.55,27.76,1.79,0.0
20220801:0910,646.79,184.25,12.69,56.57,28.76,2.41,0.0
20220801:1010,770.0,176.27,14.23,65.71,29.54,2.9,0.0
20220801:1110,803.71,178.68,14.75,69.94,30.07,3.38,0.0
20220801:1210,793.5,162.17,14.48,66.38,30.17,3.79,0.0
20220801:1310,682.72,160.44,13.08,57.53,29.98,3.79,0.0
20220801:1410,537.9,142.96,11.03,46.61,29.93,3.45,0.0
20220801:1510,345.38,124.67,8.27,34.98,29.87,3.24,0.0
20220801:1610,161.12,89.7,5.3,23.19,29.34,2.76,0.0
20220801:1710,9.57,47.16,2.22,11.56,28.7,2.34,0.0
20220801:1810,0.0,0.0,0.0,0.0,27.84,1.72,0.0
20220801:1910,0.0,0.0,0.0,0.0,26.73,1.24,0.0
20220801:2010,0.0,0.0,0.0,0.0,26.16,0.62,0.0
20220801:2110,0.0,0.0,0.0,0.0,26.08,0.28,0.0
20220801:2210,0.0,0.0,0.0,0.0,25.91,0.34,0.0
20220801:2310,0.0,0.0,0.0,0.0,25.66,0.69,0.0
20220802:0010,0.0,0.0,0.0,0.0,25.44,0.76,0.0
20220802:0110,0.0,0.0,0.0,0.0,25.3,0.55,0.0
20220802:0210,0.0,0.0,0.0,0.0,25.17,0.28,0.0
20220802:0310,0.0,0.0,0.0,0.0,25.08,0.0,0.0
20220802:0410,0.0,0.0,0.0,0.0,25.02,0.28,0.0
20220802:0510,12.85,45.66,1.94,10.36,24.99,0.55,0.0
20220802:0610,163.11,90.26,4.97,21.96,25.7,0.28,0.0
20220802:0710,355.51,123.03,8.05,33.75,27.21,1.45,0.0
20220802:0810,559.8,136.67,10.95,45.41,28.25,1.45,0.0
20220802:0910,710.17,151.28,13.11,56.41,29.26,1.86,0.0
20220802:1010,812.64,157.17,14.55,65.5,30.07,2.55,0.0
20220802:1110,858.95,153.35,15.16,69.69,30.57,3.24,0.0
20220802:1210,812.1,156.35,14.64,66.15,30.72,3.72,0.0
20220802:1310,708.82,149.67,13.28,57.34,30.63,4.0,0.0
20220802:1410,543.47,142.25,11.08,46.45,30.26,4.14,0.0
20220802:1510,330.15,136.33,8.16,34.82,29.74,3.86,0.0
20220802:1610,160.58,90.75,5.28,23.03,29.15,3.17,0.0
20220802:1710,9.32,47.12,2.2,11.4,28.43,2.41,0.0
20220802:1810,0.0,0.0,0.0,0.0,27.58,1.72,0.0
20220802:1910,0.0,0.0,0.0,0.0,26.39,1.38,0.0
20220802:2010,0.0,0.0,0.0,0.0,25.96,1.1,0.0
20220802:2110,0.0,0.0,0.0,0.0,25.31,0.9,0.0
20220802:2210,0.0,0.0,0.0,0.0,24.96,0.83,0.0
20220802:2310,0.0,0.0,0.0,0.0,25.0,0.83,0.0
20220803:0010,0.0,0.0,0.0,0.0,25.13,0.83,0.0
20220803:0110,0.0,0.0,0.0,0.0,24.86,0.9,0.0
20220803:0210,0.0,0.0,0.0,0.0,23.45,1.24,0.0
20220803:0310,0.0,0.0,0.0,0.0,22.45,1.66,0.0
20220803:0410,0.0,0.0,0.0,0.0,22.28,1.79,0.0
20220803:0510,11.77,46.5,1.84,10.22,22.58,1.66,0.0
20220803:0610,154.35,95.23,4.84,21.83,25.17,1.38,0.0
20220803:0710,344.22,129.07,7.92,33.62,27.83,0.83,0.0
20220803:0810,543.89,144.9,10.8,45.27,29.06,1.24,0.0
20220803:0910,679.4,167.77,12.86,56.24,30.07,1.59,0.0
20220803:1010,801.29,162.56,14.42,65.29,30.86,2.14,0.0
20220803:1110,836.12,164.93,14.95,69.43,31.33,2.76,0.0
20220803:1210,799.78,162.75,14.52,65.92,31.43,3.24,0.0
20220803:1310,707.83,150.95,13.25,57.15,31.36,3.45,0.0
20220803:1410,556.82,135.6,11.16,46.28,31.2,3.59,0.0
20220803:1510,352.52,122.27,8.3,34.66,30.75,3.45,0.0
20220803:1610,160.04,90.08,5.23,22.87,30.04,3.17,0.0
20220803:1710,9.17,46.17,2.19,11.23,29.07,2.62,0.0
20220803:1810,0.0,0.0,0.0,0.0,28.01,1.86,0.0
20220803:1910,0.0,0.0,0.0,0.0,26.88,1.66,0.0
20220803:2010,0.0,0.0,0.0,0.0,26.47,1.24,0.0
20220803:2110,0.0,0.0,0.0,0.0,25.79,0.83,0.0
20220803:2210,0.0,0.0,0.0,0.0,25.76,0.69,0.0
20220803:2310,0.0,0.0,0.0,0.0,25.66,0.83,0.0
20220804:0010,0.0,0.0,0.0,0.0,25.75,0.83,0.0
20220804:0110,0.0,0.0,0.0,0.0,25.58,0.69,0.0
20220804:0210,0.0,0.0,0.0,0.0,25.33,0.62,0.0
20220804:0310,0.0,0.0,0.0,0.0,25.12,0.9,0.0
20220804:0410,0.0,0.0,0.0,0.0,23.99,1.1,0.0
20220804:0510,10.06,50.21,1.75,10.08,23.0,1.31,0.0
20220804:0610,151.59,95.53,4.77,21.7,25.32,1.38,0.0
20220804:0710,345.8,125.47,7.86,33.48,27.53,1.38,0.0
20220804:0810,502.01,165.9,10.44,45.12,28.92,1.52,0.0
20220804:0910,683.53,161.89,12.8,56.08,30.08,1.93,0.0
20220804:1010,782.59,169.94,14.22,65.07,30.81,2.34,0.0
20220804:1110,827.88,166.16,14.81,69.17,31.27,2.83,0.0
20220804:1210,792.63,162.95,14.38,65.68,31.34,3.1,0.0
20220804:1310,690.66,157.22,13.05,56.95,31.19,3.38,0.0
20220804:1410,528.72,146.67,10.84,46.1,30.99,3.79,0.0
20220804:1510,337.23,128.27,8.09,34.5,30.48,3.31,0.0
20220804:1610,151.84,93.26,5.08,22.71,29.9,2.76,0.0
20220804:1710,7.94,48.26,2.06,11.06,29.12,2.34,0.0
20220804:1810,0.0,0.0,0.0,0.0,28.18,1.86,0.0
20220804:1910,0.0,0.0,0.0,0.0,28.14,1.1,0.0
20220804:2010,0.0,0.0,0.0,0.0,27.59,1.03,0.0
20220804:2110,0.0,0.0,0.0,0.0,26.78,1.03,0.0
20220804:2210,0.0,0.0,0.0,0.0,26.22,0.9,0.0
20220804:2310,0.0,0.0,0.0,0.0,26.37,0.76,0.0
20220805:0010,0.0,0.0,0.0,0.0,26.48,0.62,0.0
20220805:0110,0.0,0.0,0.0,0.0,26.19,0.48,0.0
20220805:0210,0.0,0.0,0.0,0.0,25.96,0.55,0.0
20220805:0310,0.0,0.0,0.0,0.0,25.79,0.55,0.0
20220805:0410,0.0,0.0,0.0,0.0,25.6,0.55,0.0
20220805:0510,11.44,46.02,1.78,9.93,25.41,0.62,0.0
20220805:0610,158.79,91.98,4.83,21.56,25.96,0.34,0.0
20220805:0710,357.64,122.9,7.98,33.35,27.88,1.17,0.0
20220805:0810,562.82,137.53,10.91,44.98,28.81,1.79,0.0
20220805:0910,723.92,147.04,13.14,55.9,29.53,2.07,0.0
20220805:1010,817.33,158.03,14.52,64.85,30.22,2.28,0.0
20220805:1110,841.7,164.49,14.95,68.9,30.71,2.48,0.0
20220805:1210,816.67,157.2,14.61,65.43,30.96,2.76,0.0
20220805:1310,702.87,155.56,13.17,56.75,31.02,2.9,0.0
20220805:1410,552.82,139.11,11.08,45.92,30.97,3.24,0.0
20220805:1510,343.94,127.56,8.17,34.33,30.53,3.31,0.0
20220805:1610,157.56,90.53,5.14,22.54,29.82,3.24,0.0
20220805:1710,8.46,44.77,2.11,10.88,28.89,2.83,0.0
20220805:1810,0.0,0.0,0.0,0.0,27.88,2.28,0.0
20220805:1910,0.0,0.0,0.0,0.0,27.63,1.52,0.0
20220805:2010,0.0,0.0,0.0,0.0,27.19,1.31,0.0
20220805:2110,0.0,0.0,0.0,0.0,26.26,1.24,0.0
20220805:2210,0.0,0.0,0.0,0.0,25.78,1.1,0.0
20220805:2310,0.0,0.0,0.0,0.0,26.24,0.9,0.0
20220806:0010,0.0,0.0,0.0,0.0,26.26,0.76,0.0
20220806:0110,0.0,0.0,0.0,0.0,25.83,0.9,0.0
20220806:0210,0.0,0.0,0.0,0.0,24.66,1.17,0.0
20220806:0310,0.0,0.0,0.0,0.0,24.04,1.31,0.0
20220806:0410,0.0,0.0,0.0,0.0,24.22,1.24,0.0
20220806:0510,12.02,44.85,1.8,9.79,24.34,1.1,0.0
20220806:0610,163.79,90.29,4.88,21.43,25.64,0.69,0.0
20220806:0710,362.16,122.24,8.02,33.22,27.94,1.1,0.0
20220806:0810,553.88,143.85,10.83,44.83,28.91,1.45,0.0
20220806:0910,731.4,146.36,13.2,55.73,29.87,1.52,0.0
20220806:1010,814.42,162.5,14.5,64.63,30.78,1.59,0.0
20220806:1110,824.02,179.33,14.88,68.63,31.58,1.86,0.0
20220806:1210,802.29,167.81,14.52,65.18,32.13,2.55,0.0
20220806:1310,674.44,176.13,13.02,56.54,31.99,3.38,0.0
20220806:1410,523.59,158.19,10.88,45.74,31.29,3.66,0.0
20220806:1510,327.64,139.28,8.05,34.15,30.37,3.31,0.0
20220806:1610,153.5,94.38,5.09,22.36,29.59,2.83,0.0
20220806:1710,7.58,46.31,2.03,10.7,28.68,2.28,0.0
20220806:1810,0.0,0.0,0.0,0.0,27.7,1.45,0.0
20220806:1910,0.0,0.0,0.0,0.0,27.47,0.76,0.0
20220806:2010,0.0,0.0,0.0,0.0,27.09,0.69,0.0
20220806:2110,0.0,0.0,0.0,0.0,26.69,0.76,0.0
20220806:2210,0.0,0.0,0.0,0.0,26.78,0.62,0.0
20220806:2310,0.0,0.0,0.0,0.0,26.59,0.48,0.0
20220807:0010,0.0,0.0,0.0,0.0,26.21,0.83,0.0
20220807:0110,0.0,0.0,0.0,0.0,25.85,0.9,0.0
20220807:0210,0.0,0.0,0.0,0.0,25.56,0.83,0.0
20220807:0310,0.0,0.0,0.0,0.0,25.37,0.76,0.0
20220807:0410,0.0,0.0,0.0,0.0,25.23,0.69,0.0
20220807:0510,6.64,52.98,1.47,9.65,25.17,0.41,0.0
20220807:0610,128.43,107.65,4.42,21.29,25.77,0.14,0.0
20220807:0710,314.23,141.64,7.5,33.08,26.9,1.03,0.0
20220807:0810,494.55,167.72,10.25,44.69,27.95,1.1,0.0
20220807:0910,626.56,192.95,12.31,55.56,29.02,1.24,0.0
20220807:1010,322.93,391.88,10.98,64.4,30.08,1.72,0.0
20220807:1110,749.2,208.87,14.19,68.36,30.74,2.41,0.0
20220807:1210,730.31,196.34,13.84,64.92,30.82,3.1,0.0
20220807:1310,635.64,185.12,12.53,56.32,30.66,3.31,0.0
20220807:1410,481.48,171.99,10.39,45.55,30.5,3.17,0.0
20220807:1510,322.81,132.86,7.83,33.97,30.01,3.03,0.0
20220807:1610,137.37,99.69,4.8,22.18,29.39,2.48,0.0
20220807:1710,5.83,50.15,1.84,10.52,28.66,2.0,0.0
20220807:1810,0.0,0.0,0.0,0.0,27.84,1.86,0.0
20220807:1910,0.0,0.0,0.0,0.0,26.71,1.1,0.0
20220807:2010,0.0,0.0,0.0,0.0,26.37,0.48,0.0
20220807:2110,0.0,0.0,0.0,0.0,26.15,0.41,0.0
20220807:2210,0.0,0.0,0.0,0.0,26.03,0.55,0.0
20220807:2310,0.0,0.0,0.0,0.0,26.06,0.55,0.0
20220808:0010,0.0,0.0,0.0,0.0,26.05,0.34,0.0
20220808:0110,0.0,0.0,0.0,0.0,25.94,0.34,0.0
20220808:0210,0.0,0.0,0.0,0.0,25.61,0.76,0.0
20220808:0310,0.0,0.0,0.0,0.0,25.57,0.76,0.0
20220808:0410,0.0,0.0,0.0,0.0,25.62,0.69,0.0
20220808:0510,5.01,54.27,1.34,9.5,25.41,0.76,0.0
20220808:0610,100.39,123.86,4.11,21.15,25.96,0.69,0.0
20220808:0710,315.81,141.98,7.5,32.94,26.97,2.07,0.0
20220808:0810,488.38,171.99,10.19,44.54,27.79,1.24,0.0
20220808:0910,642.19,185.29,12.39,55.38,29.11,1.24,0.0
20220808:1010,707.05,213.88,13.63,64.17,30.13,2.0,0.0
20220808:1110,738.64,217.38,14.13,68.08,30.71,2.69,0.0
20220808:1210,706.2,212.89,13.7,64.66,30.29,2.83,0.0
20220808:1310,580.23,220.23,12.2,56.1,30.66,3.03,0.0
20220808:1410,484.18,171.34,10.39,45.35,30.68,3.45,0.0
20220808:1510,324.22,133.12,7.83,33.78,30.05,2.97,0.0
20220808:1610,137.43,98.97,4.77,21.99,29.56,2.21,0.0
20220808:1710,5.75,48.96,1.84,10.32,28.93,2.07,0.0
20220808:1810,0.0,0.0,0.0,0.0,28.03,1.72,0.0
20220808:1910,0.0,0.0,0.0,0.0,27.03,0.97,0.0
20220808:2010,0.0,0.0,0.0,0.0,26.67,0.41,0.0
20220808:2110,0.0,0.0,0.0,0.0,26.54,0.28,0.0
20220808:2210,0.0,0.0,0.0,0.0,26.25,0.41,0.0
20220808:2310,0.0,0.0,0.0,0.0,25.96,0.55,0.0
20220809:0010,0.0,0.0,0.0,0.0,25.54,0.9,0.0
20220809:0110,0.0,0.0,0.0,0.0,25.05,0.97,0.0
20220809:0210,0.0,0.0,0.0,0.0,25.17,0.83,0.0
20220809:0310,0.0,0.0,0.0,0.0,25.37,0.55,0.0
20220809:0410,0.0,0.0,0.0,0.0,25.24,0.41,0.0
20220809:0510,9.1,47.15,1.55,9.35,25.19,0.48,0.0
20220809:0610,143.85,97.83,4.52,21.01,25.78,1.03,0.0
20220809:0710,327.85,134.61,7.55,32.8,26.33,1.86,0.0
20220809:0810,506.55,161.46,10.27,44.39,27.0,1.17,0.0
20220809:0910,687.29,159.25,12.63,55.2,28.28,1.03,0.0
20220809:1010,749.54,187.76,13.81,63.94,29.37,1.93,0.0
20220809:1110,4.25,305.27,5.23,67.79,29.83,2.76,0.0
20220809:1210,785.13,166.37,14.13,64.39,28.44,3.17,0.0
20220809:1310,89.47,374.22,7.58,55.87,28.07,2.69,0.0
20220809:1410,105.25,317.89,6.94,45.15,27.81,0.83,0.0
20220809:1510,322.96,132.43,7.77,33.59,27.48,0.83,0.0
20220809:1610,141.81,95.41,4.78,21.8,27.65,0.28,0.0
20220809:1710,4.0,54.02,1.66,10.13,27.66,1.24,0.0
20220809:1810,0.0,0.0,0.0,0.0,27.04,1.45,0.0
20220809:1910,0.0,0.0,0.0,0.0,26.3,1.38,0.0
20220809:2010,0.0,0.0,0.0,0.0,26.01,1.31,0.0
20220809:2110,0.0,0.0,0.0,0.0,25.66,0.76,0.0
20220809:2210,0.0,0.0,0.0,0.0,25.85,0.34,0.0
20220809:2310,0.0,0.0,0.0,0.0,25.84,0.0,0.0
20220810:0010,0.0,0.0,0.0,0.0,25.57,0.48,0.0
20220810:0110,0.0,0.0,0.0,0.0,25.29,0.48,0.0
20220810:0210,0.0,0.0,0.0,0.0,24.91,0.55,0.0
20220810:0310,0.0,0.0,0.0,0.0,24.16,0.9,0.0
20220810:0410,0.0,0.0,0.0,0.0,22.96,1.24,0.0
20220810:0510,6.56,50.66,1.39,9.21,23.76,0.83,0.0
20220810:0610,2.39,105.04,1.83,20.88,24.47,0.34,0.0
20220810:0710,0.95,150.22,2.56,32.66,25.9,0.97,0.0
20220810:0810,25.48,276.42,5.05,44.24,26.98,0.76,0.0
20220810:0910,0.0,90.3,1.53,55.02,27.69,0.76,0.0
20220810:1010,0.0,81.08,1.38,63.7,28.35,1.66,0.0
20220810:1110,61.83,403.69,7.66,67.51,28.2,2.48,0.0
20220810:1210,462.36,337.09,12.05,64.12,26.21,1.72,0.0
20220810:1310,583.96,213.83,12.09,55.64,26.24,1.24,0.0
20220810:1410,214.25,298.34,8.22,44.94,25.82,1.17,0.0
20220810:1510,221.4,189.02,6.92,33.39,25.09,1.66,0.0
20220810:1610,138.31,95.72,4.69,21.61,23.92,0.97,0.0
20220810:1710,4.91,46.93,1.73,9.92,24.26,1.1,0.0
20220810:1810,0.0,0.0,0.0,0.0,24.31,0.83,0.0
20220810:1910,0.0,0.0,0.0,0.0,24.54,0.97,0.0
20220810:2010,0.0,0.0,0.0,0.0,23.89,1.03,0.0
20220810:2110,0.0,0.0,0.0,0.0,23.61,1.59,0.0
20220810:2210,0.0,0.0,0.0,0.0,23.16,1.59,0.0
20220810:2310,0.0,0.0,0.0,0.0,22.99,1.17,0.0
20220811:0010,0.0,0.0,0.0,0.0,23.36,0.97,0.0
20220811:0110,0.0,0.0,0.0,0.0,23.96,0.83,0.0
20220811:0210,0.0,0.0,0.0,0.0,24.08,0.62,0.0
20220811:0310,0.0,0.0,0.0,0.0,24.0,0.28,0.0
20220811:0410,0.0,0.0,0.0,0.0,23.9,0.69,0.0
20220811:0510,5.08,51.76,1.28,9.06,23.74,0.69,0.0
20220811:0610,105.23,118.99,4.06,20.74,24.05,1.17,0.0
20220811:0710,295.89,152.41,7.25,32.52,25.07,1.1,0.0
20220811:0810,475.87,178.85,10.0,44.08,25.42,2.48,0.0
20220811:0910,664.58,171.03,12.39,54.83,25.53,2.07,0.0
20220811:1010,761.68,180.17,13.8,63.46,26.02,1.93,0.0
20220811:1110,779.45,191.81,14.22,67.21,26.48,2.41,0.0
20220811:1210,744.37,188.46,13.78,63.84,26.55,2.48,0.0
20220811:1310,646.95,178.34,12.45,55.4,26.71,2.69,0.0
20220811:1410,361.72,237.11,9.44,44.73,26.18,2.14,0.0
20220811:1510,284.15,154.83,7.41,33.19,26.43,1.86,0.0
20220811:1610,123.92,104.45,4.5,21.41,25.91,1.38,0.0
20220811:1710,4.3,46.67,1.66,9.72,25.58,0.9,0.0
20220811:1810,0.0,0.0,0.0,0.0,24.86,0.34,0.0
20220811:1910,0.0,0.0,0.0,0.0,25.28,0.21,0.0
20220811:2010,0.0,0.0,0.0,0.0,24.52,2.0,0.0
20220811:2110,0.0,0.0,0.0,0.0,23.44,3.17,0.0
20220811:2210,0.0,0.0,0.0,0.0,22.75,1.03,0.0
20220811:2310,0.0,0.0,0.0,0.0,22.56,1.45,0.0
20220812:0010,0.0,0.0,0.0,0.0,22.19,1.45,0.0
20220812:0110,0.0,0.0,0.0,0.0,22.0,1.24,0.0
20220812:0210,0.0,0.0,0.0,0.0,22.18,1.17,0.0
20220812:0310,0.0,0.0,0.0,0.0,22.58,0.97,0.0
20220812:0410,0.0,0.0,0.0,0.0,22.44,0.97,0.0
20220812:0510,0.0,15.66,0.27,8.91,21.86,1.17,0.0
20220812:0610,29.16,138.44,2.91,20.6,21.84,2.55,0.0
20220812:0710,346.6,125.95,7.61,32.38,24.76,1.66,0.0
20220812:0810,420.3,212.2,9.66,43.93,25.93,2.55,0.0
20220812:0910,692.32,160.27,12.59,54.64,25.4,3.93,0.0
20220812:1010,0.0,122.54,2.08,63.22,24.71,2.76,0.0
20220812:1110,0.0,76.47,1.3,66.92,25.09,1.86,0.0
20220812:1210,397.24,368.06,11.58,63.56,25.31,1.45,0.0
20220812:1310,685.45,159.51,12.7,55.15,25.97,1.45,0.0
20220812:1410,528.23,145.97,10.55,44.51,26.5,2.48,0.0
20220812:1510,321.96,132.3,7.66,32.99,26.75,3.17,0.0
20220812:1610,142.89,91.44,4.67,21.2,26.67,3.17,0.0
20220812:1710,4.41,44.1,1.69,9.51,26.33,2.9,0.0
20220812:1810,0.0,0.0,0.0,0.0,25.84,2.0,0.0
20220812:1910,0.0,0.0,0.0,0.0,25.07,0.83,0.0
20220812:2010,0.0,0.0,0.0,0.0,24.17,1.03,0.0
20220812:2110,0.0,0.0,0.0,0.0,23.51,1.59,0.0
20220812:2210,0.0,0.0,0.0,0.0,23.5,2.14,0.0
20220812:2310,0.0,0.0,0.0,0.0,23.49,2.28,0.0
20220813:0010,0.0,0.0,0.0,0.0,23.22,2.14,0.0
20220813:0110,0.0,0.0,0.0,0.0,22.89,2.0,0.0
20220813:0210,0.0,0.0,0.0,0.0,22.49,1.86,0.0
20220813:0310,0.0,0.0,0.0,0.0,22.18,1.79,0.0
20220813:0410,0.0,0.0,0.0,0.0,22.1,1.86,0.0
20220813:0510,6.53,48.35,1.31,8.76,22.22,1.79,0.0
20220813:0610,140.53,98.03,4.34,20.46,24.22,1.79,0.0
20220813:0710,334.0,131.06,7.45,32.24,25.95,2.34,0.0
20220813:0810,517.01,155.81,10.19,43.77,26.92,2.48,0.0
20220813:0910,696.91,156.45,12.56,54.45,27.97,2.55,0.0
20220813:1010,777.32,173.66,13.84,62.97,28.8,2.69,0.0
20220813:1110,737.99,218.06,13.94,66.62,29.22,2.48,0.0
20220813:1210,746.9,188.12,13.73,63.27,29.71,2.34,0.0
20220813:1310,635.67,186.06,12.33,54.9,29.84,2.55,0.0
20220813:1410,479.34,171.88,10.16,44.28,29.76,2.62,0.0
20220813:1510,300.58,144.02,7.45,32.77,29.52,2.9,0.0
20220813:1610,120.3,104.92,4.39,20.99,28.92,2.69,0.0
20220813:1710,3.38,46.36,1.56,9.29,28.27,1.72,0.0
20220813:1810,0.0,0.0,0.0,0.0,27.42,1.31,0.0
20220813:1910,0.0,0.0,0.0,0.0,26.29,1.52,0.0
20220813:2010,0.0,0.0,0.0,0.0,25.46,1.45,0.0
20220813:2110,0.0,0.0,0.0,0.0,24.68,1.17,0.0
20220813:2210,0.0,0.0,0.0,0.0,24.09,1.1,0.0
20220813:2310,0.0,0.0,0.0,0.0,24.0,0.97,0.0
20220814:0010,0.0,0.0,0.0,0.0,23.56,1.03,0.0
20220814:0110,0.0,0.0,0.0,0.0,22.94,1.24,0.0
20220814:0210,0.0,0.0,0.0,0.0,22.84,1.17,0.0
20220814:0310,0.0,0.0,0.0,0.0,22.87,1.03,0.0
20220814:0410,0.0,0.0,0.0,0.0,22.93,0.97,0.0
20220814:0510,7.93,45.87,1.36,8.62,22.59,1.1,0.0
20220814:0610,120.33,110.45,4.14,20.31,24.74,1.24,0.0
20220814:0710,329.07,134.3,7.39,32.1,26.04,2.9,0.0
20220814:0810,436.32,203.32,9.69,43.61,26.64,2.83,0.0
20220814:0910,681.3,166.02,12.44,54.26,27.27,2.76,0.0
20220814:1010,753.98,188.46,13.69,62.72,27.8,3.72,0.0
20220814:1110,785.64,191.88,14.19,66.31,27.94,3.93,0.0
20220814:1210,721.5,204.83,13.58,62.97,27.92,3.17,0.0
20220814:1310,424.54,299.02,10.97,54.65,27.96,2.76,0.0
20220814:1410,395.01,220.39,9.59,44.05,27.77,2.76,0.0
20220814:1510,284.53,152.84,7.3,32.56,27.3,2.48,0.0
20220814:1610,134.34,94.77,4.5,20.78,26.8,2.07,0.0
20220814:1710,3.2,44.33,1.55,9.07,26.26,1.72,0.0
20220814:1810,0.0,0.0,0.0,0.0,25.6,1.38,0.0
20220814:1910,0.0,0.0,0.0,0.0,24.99,1.66,0.0
20220814:2010,0.0,0.0,0.0,0.0,24.16,1.03,0.0
20220814:2110,0.0,0.0,0.0,0.0,24.03,0.9,0.0
20220814:2210,0.0,0.0,0.0,0.0,22.84,1.31,0.0
20220814:2310,0.0,0.0,0.0,0.0,22.41,1.45,0.0
20220815:0010,0.0,0.0,0.0,0.0,21.92,1.59,0.0
20220815:0110,0.0,0.0,0.0,0.0,21.6,1.66,0.0
20220815:0210,0.0,0.0,0.0,0.0,22.28,1.38,0.0
20220815:0310,0.0,0.0,0.0,0.0,21.8,1.45,0.0
20220815:0410,0.0,0.0,0.0,0.0,21.02,1.93,0.0
20220815:0510,5.6,47.37,1.2,8.47,21.75,2.34,0.0
20220815:0610,106.45,116.29,3.95,20.17,23.95,1.93,0.0
20220815:0710,276.12,164.13,7.0,31.95,27.47,1.31,0.0
20220815:0810,462.17,189.16,9.81,43.45,29.03,1.52,0.0
20220815:0910,563.95,233.62,11.73,54.07,30.23,1.79,0.0
20220815:1010,682.89,230.53,13.27,62.46,31.13,1.31,0.0
20220815:1110,726.44,226.99,13.83,66.0,31.64,0.48,0.0
20220815:1210,642.34,250.3,13.09,62.67,31.82,0.34,0.0
20220815:1310,472.19,276.36,11.27,54.39,31.8,0.97,0.0
20220815:1410,0.0,148.34,2.52,43.82,31.52,1.66,0.0
20220815:1510,0.0,46.99,0.8,32.34,31.01,2.14,0.0
20220815:1610,5.94,120.6,2.17,20.56,30.6,2.48,0.0
20220815:1710,2.29,45.88,1.41,8.85,30.17,2.9,0.0
20220815:1810,0.0,0.0,0.0,0.0,29.2,3.17,0.0
20220815:1910,0.0,0.0,0.0,0.0,28.39,3.31,0.0
20220815:2010,0.0,0.0,0.0,0.0,27.56,3.03,0.0
20220815:2110,0.0,0.0,0.0,0.0,27.09,3.31,0.0
20220815:2210,0.0,0.0,0.0,0.0,26.71,3.45,0.0
20220815:2310,0.0,0.0,0.0,0.0,26.29,3.86,0.0
20220816:0010,0.0,0.0,0.0,0.0,26.08,4.62,0.0
20220816:0110,0.0,0.0,0.0,0.0,26.15,4.97,0.0
20220816:0210,0.0,0.0,0.0,0.0,26.01,4.55,0.0
20220816:0310,0.0,0.0,0.0,0.0,25.83,4.14,0.0
20220816:0410,0.0,0.0,0.0,0.0,25.55,4.28,0.0
20220816:0510,0.0,16.58,0.28,8.32,25.63,4.28,0.0
20220816:0610,140.16,97.04,4.23,20.03,26.27,4.14,0.0
20220816:0710,318.11,138.76,7.22,31.81,28.53,3.45,0.0
20220816:0810,512.3,157.8,10.03,43.29,30.5,2.97,0.0
20220816:0910,649.83,180.87,12.13,53.87,32.11,2.34,0.0
20220816:1010,746.0,190.06,13.52,62.21,32.99,1.72,0.0
20220816:1110,747.25,210.91,13.84,65.69,33.16,1.72,0.0
20220816:1210,229.16,407.41,9.88,62.37,33.11,1.31,0.0
20220816:1310,561.25,225.72,11.73,54.12,33.44,1.38,0.0
20220816:1410,212.23,293.06,8.0,43.58,33.65,1.38,0.0
20220816:1510,36.27,219.28,4.3,32.11,33.42,1.17,0.0
20220816:1610,108.41,108.51,4.14,20.34,32.9,0.9,0.0
20220816:1710,1.85,45.46,1.34,8.62,31.96,0.9,0.0
20220816:1810,0.0,0.0,0.0,0.0,30.64,0.83,0.0
20220816:1910,0.0,0.0,0.0,0.0,28.79,0.97,0.0
20220816:2010,0.0,0.0,0.0,0.0,28.01,1.1,0.0
20220816:2110,0.0,0.0,0.0,0.0,27.45,1.24,0.0
20220816:2210,0.0,0.0,0.0,0.0,26.77,1.1,0.0
20220816:2310,0.0,0.0,0.0,0.0,25.99,1.17,0.0
20220817:0010,0.0,0.0,0.0,0.0,24.97,1.24,0.0
20220817:0110,0.0,0.0,0.0,0.0,24.78,2.21,0.0
20220817:0210,0.0,0.0,0.0,0.0,24.87,2.41,0.0
20220817:0310,0.0,0.0,0.0,0.0,24.28,1.93,0.0
20220817:0410,0.0,0.0,0.0,0.0,24.2,2.21,0.0
20220817:0510,5.11,45.19,1.11,8.17,24.33,2.28,0.0
20220817:0610,111.82,112.19,3.94,19.88,26.08,1.66,0.0
20220817:0710,194.18,199.85,6.27,31.66,29.74,1.59,0.0
20220817:0810,191.14,299.51,7.66,43.13,31.71,1.24,0.0
20220817:0910,152.02,371.15,8.25,53.67,33.2,1.52,0.0
20220817:1010,592.73,278.49,12.66,61.94,34.28,2.34,0.0
20220817:1110,683.23,249.74,13.48,65.37,34.93,2.07,0.0
20220817:1210,639.04,249.95,12.97,62.06,35.17,1.86,0.0
20220817:1310,181.77,370.03,8.69,53.85,34.8,2.48,0.0
20220817:1410,390.68,218.36,9.41,43.34,34.21,3.24,0.0
20220817:1510,257.96,163.98,6.95,31.88,33.48,3.59,0.0
20220817:1610,85.8,120.15,3.84,20.11,32.85,3.45,0.0
20220817:1710,1.39,45.25,1.27,8.39,32.34,3.17,0.0
20220817:1810,0.0,0.0,0.0,0.0,31.67,3.03,0.0
20220817:1910,0.0,0.0,0.0,0.0,31.0,2.34,0.0
20220817:2010,0.0,0.0,0.0,0.0,30.05,2.48,0.0
20220817:2110,0.0,0.0,0.0,0.0,28.9,2.14,0.0
20220817:2210,0.0,0.0,0.0,0.0,27.69,2.14,0.0
20220817:2310,0.0,0.0,0.0,0.0,27.03,2.76,0.0
20220818:0010,0.0,0.0,0.0,0.0,26.85,3.38,0.0
20220818:0110,0.0,0.0,0.0,0.0,27.08,3.86,0.0
20220818:0210,0.0,0.0,0.0,0.0,27.25,4.21,0.0
20220818:0310,0.0,0.0,0.0,0.0,27.41,4.55,0.0
20220818:0410,0.0,0.0,0.0,0.0,27.79,4.55,0.0
20220818:0510,4.44,45.62,1.06,8.01,28.06,4.28,0.0
20220818:0610,83.81,126.14,3.64,19.74,28.76,4.0,0.0
20220818:0710,193.35,203.05,6.28,31.51,31.41,5.31,0.0
20220818:0810,307.0,265.54,8.69,42.96,33.41,6.0,0.0
20220818:0910,536.8,251.52,11.52,53.47,35.39,5.72,0.0
20220818:1010,639.6,258.79,12.97,61.68,36.25,4.97,0.0
20220818:1110,678.94,258.48,13.52,65.05,36.92,4.28,0.0
20220818:1210,10.83,320.59,5.58,61.75,37.76,4.14,0.0
20220818:1310,338.33,334.5,10.22,53.58,38.18,4.28,0.0
20220818:1410,136.54,309.35,7.16,43.09,38.05,4.0,0.0
20220818:1510,220.77,184.65,6.66,31.64,37.31,3.1,0.0
20220818:1610,53.8,132.82,3.38,19.88,36.29,2.0,0.0
20220818:1710,1.24,42.97,1.27,8.15,34.9,1.59,0.0
20220818:1810,0.0,0.0,0.0,0.0,33.39,2.07,0.0
20220818:1910,0.0,0.0,0.0,0.0,31.83,1.93,0.0
20220818:2010,0.0,0.0,0.0,0.0,30.02,2.14,0.0
20220818:2110,0.0,0.0,0.0,0.0,28.73,2.14,0.0
20220818:2210,0.0,0.0,0.0,0.0,27.76,2.28,0.0
20220818:2310,0.0,0.0,0.0,0.0,26.78,1.93,0.0
20220819:0010,0.0,0.0,0.0,0.0,26.39,2.21,0.0
20220819:0110,0.0,0.0,0.0,0.0,25.88,2.76,0.0
20220819:0210,0.0,0.0,0.0,0.0,25.66,2.97,0.0
20220819:0310,0.0,0.0,0.0,0.0,25.61,2.9,0.0
20220819:0410,0.0,0.0,0.0,0.0,25.48,2.62,0.0
20220819:0510,4.58,44.74,1.05,7.86,25.36,2.41,0.0
20220819:0610,45.77,133.92,3.08,19.6,25.69,3.03,0.0
20220819:0710,173.47,207.14,6.03,31.36,26.58,2.34,0.0
20220819:0810,295.7,268.2,8.55,42.79,26.83,2.14,0.0
20220819:0910,509.55,261.14,11.25,53.26,27.71,2.28,0.0
20220819:1010,408.14,361.28,11.38,61.41,28.64,2.62,0.0
20220819:1110,594.56,298.51,12.92,64.73,29.37,3.52,0.0
20220819:1210,566.22,289.63,12.48,61.43,29.53,4.62,0.0
20220819:1310,586.55,213.15,11.8,53.3,29.34,5.45,0.0
20220819:1410,518.81,147.12,10.16,42.83,28.85,5.79,0.0
20220819:1510,336.2,118.92,7.45,31.4,28.1,5.79,0.0
20220819:1610,138.08,86.58,4.33,19.64,27.26,5.31,0.0
20220819:1710,1.21,38.05,1.31,7.91,26.46,4.41,0.0
20220819:1810,0.0,0.0,0.0,0.0,25.66,3.72,0.0
20220819:1910,0.0,0.0,0.0,0.0,25.55,4.0,0.0
20220819:2010,0.0,0.0,0.0,0.0,25.35,3.52,0.0
20220819:2110,0.0,0.0,0.0,0.0,25.14,3.03,0.0
20220819:2210,0.0,0.0,0.0,0.0,24.92,3.31,0.0
20220819:2310,0.0,0.0,0.0,0.0,24.77,3.66,0.0
20220820:0010,0.0,0.0,0.0,0.0,24.58,3.72,0.0
20220820:0110,0.0,0.0,0.0,0.0,24.28,3.72,0.0
20220820:0210,0.0,0.0,0.0,0.0,23.9,3.86,0.0
20220820:0310,0.0,0.0,0.0,0.0,23.49,3.86,0.0
20220820:0410,0.0,0.0,0.0,0.0,23.16,3.79,0.0
20220820:0510,6.5,42.17,1.11,7.71,23.18,3.52,0.0
20220820:0610,0.0,60.81,1.03,19.45,23.9,4.62,0.0
20220820:0710,345.06,127.74,7.31,31.21,24.93,4.34,0.0
20220820:0810,541.99,148.42,10.16,42.63,25.98,4.62,0.0
20220820:0910,665.33,180.62,12.17,53.05,26.85,4.69,0.0
20220820:1010,732.2,207.3,13.41,61.14,27.63,4.69,0.0
20220820:1110,792.5,193.15,14.05,64.4,28.01,4.9,0.0
20220820:1210,672.87,236.54,13.13,61.11,28.4,5.17,0.0
20220820:1310,665.66,170.31,12.25,53.01,28.46,5.31,0.0
20220820:1410,524.11,146.53,10.19,42.58,28.18,5.38,0.0
20220820:1510,308.55,134.64,7.22,31.16,27.73,5.31,0.0
20220820:1610,109.86,103.75,4.02,19.4,26.99,4.83,0.0
20220820:1710,0.85,35.98,1.3,7.66,26.25,4.21,0.0
20220820:1810,0.0,0.0,0.0,0.0,25.53,3.38,0.0
20220820:1910,0.0,0.0,0.0,0.0,24.92,3.03,0.0
20220820:2010,0.0,0.0,0.0,0.0,24.54,2.97,0.0
20220820:2110,0.0,0.0,0.0,0.0,24.23,2.34,0.0
20220820:2210,0.0,0.0,0.0,0.0,23.83,1.86,0.0
20220820:2310,0.0,0.0,0.0,0.0,23.26,1.66,0.0
20220821:0010,0.0,0.0,0.0,0.0,22.52,1.59,0.0
20220821:0110,0.0,0.0,0.0,0.0,21.9,1.66,0.0
20220821:0210,0.0,0.0,0.0,0.0,21.4,1.66,0.0
20220821:0310,0.0,0.0,0.0,0.0,20.96,1.52,0.0
20220821:0410,0.0,0.0,0.0,0.0,21.15,1.24,0.0
20220821:0510,11.29,36.82,1.28,7.56,21.52,1.03,0.0
20220821:0610,165.61,85.5,4.34,19.3,22.9,0.9,0.0
20220821:0710,357.38,124.31,7.41,31.06,25.28,1.79,0.0
20220821:0810,489.99,179.97,9.84,42.46,26.31,2.28,0.0
20220821:0910,694.25,166.67,12.33,52.84,27.19,2.9,0.0
20220821:1010,827.64,157.87,13.97,60.87,27.76,3.45,0.0
20220821:1110,861.5,157.98,14.45,64.07,27.99,3.79,0.0
20220821:1210,786.85,172.52,13.73,60.79,27.94,3.72,0.0
20220821:1310,669.25,170.76,12.27,52.72,27.87,3.72,0.0
20220821:1410,501.62,159.89,10.02,42.31,27.68,3.86,0.0
20220821:1510,297.81,141.68,7.13,30.91,27.28,4.0,0.0
20220821:1610,137.73,86.08,4.27,19.15,26.74,3.93,0.0
20220821:1710,0.39,35.28,1.25,7.41,26.08,3.52,0.0
20220821:1810,0.0,0.0,0.0,0.0,25.43,3.03,0.0
20220821:1910,0.0,0.0,0.0,0.0,24.92,2.07,0.0
20220821:2010,0.0,0.0,0.0,0.0,24.67,1.86,0.0
20220821:2110,0.0,0.0,0.0,0.0,24.29,1.59,0.0
20220821:2210,0.0,0.0,0.0,0.0,23.53,0.97,0.0
20220821:2310,0.0,0.0,0.0,0.0,23.21,0.83,0.0
20220822:0010,0.0,0.0,0.0,0.0,22.25,1.17,0.0
20220822:0110,0.0,0.0,0.0,0.0,21.81,1.24,0.0
20220822:0210,0.0,0.0,0.0,0.0,22.73,0.83,0.0
20220822:0310,0.0,0.0,0.0,0.0,22.66,0.62,0.0
20220822:0410,0.0,0.0,0.0,0.0,22.47,0.76,0.0
20220822:0510,12.32,34.95,1.28,7.41,22.56,0.62,0.0
20220822:0610,164.64,85.84,4.3,19.16,22.87,0.48,0.0
20220822:0710,347.39,128.55,7.28,30.91,24.04,1.1,0.0
20220822:0810,560.06,142.17,10.23,42.28,25.53,0.62,0.0
20220822:0910,681.64,173.21,12.2,52.63,26.85,1.24,0.0
20220822:1010,780.73,181.23,13.61,60.59,27.61,2.07,0.0
20220822:1110,825.71,176.2,14.17,63.74,27.71,2.62,0.0
20220822:1210,757.79,189.52,13.53,60.46,27.57,2.9,0.0
20220822:1310,517.85,254.63,11.34,52.42,27.46,3.17,0.0
20220822:1410,264.35,273.89,8.31,42.05,27.33,3.24,0.0
20220822:1510,128.61,214.63,5.61,30.66,26.96,3.24,0.0
20220822:1610,34.29,129.76,2.89,18.9,26.33,3.52,0.0
20220822:1710,0.0,39.36,0.7,7.16,25.27,2.9,0.0
20220822:1810,0.0,0.0,0.0,0.0,24.5,1.38,0.0
20220822:1910,0.0,0.0,0.0,0.0,24.78,1.38,0.0
20220822:2010,0.0,0.0,0.0,0.0,24.38,1.38,0.0
20220822:2110,0.0,0.0,0.0,0.0,23.93,1.45,0.0
20220822:2210,0.0,0.0,0.0,0.0,23.36,1.1,0.0
20220822:2310,0.0,0.0,0.0,0.0,23.59,0.76,0.0
20220823:0010,0.0,0.0,0.0,0.0,23.59,0.69,0.0
20220823:0110,0.0,0.0,0.0,0.0,23.55,0.14,0.0
20220823:0210,0.0,0.0,0.0,0.0,23.39,0.28,0.0
20220823:0310,0.0,0.0,0.0,0.0,23.27,0.34,0.0
20220823:0410,0.0,0.0,0.0,0.0,23.14,0.62,0.0
20220823:0510,11.45,35.45,1.22,7.25,22.99,0.83,0.0
20220823:0610,158.26,88.04,4.19,19.01,22.73,1.17,0.0
20220823:0710,353.75,123.98,7.27,30.75,24.13,1.45,0.0
20220823:0810,555.21,143.5,10.14,42.11,25.03,1.45,0.0
20220823:0910,707.59,158.0,12.3,52.41,25.77,1.59,0.0
20220823:1010,798.06,170.02,13.64,60.31,26.7,1.86,0.0
20220823:1110,818.61,177.52,14.05,63.4,27.27,2.41,0.0
20220823:1210,789.17,168.98,13.63,60.13,27.35,2.9,0.0
20220823:1310,700.35,151.87,12.34,52.13,27.23,3.1,0.0
20220823:1410,512.33,149.48,9.94,41.77,27.12,3.17,0.0
20220823:1510,333.93,118.22,7.27,30.4,26.73,2.83,0.0
20220823:1610,118.58,93.23,3.95,18.65,26.19,2.07,0.0
20220823:1710,0.0,37.61,0.67,6.9,25.62,1.52,0.0
20220823:1810,0.0,0.0,0.0,0.0,25.04,1.1,0.0
20220823:1910,0.0,0.0,0.0,0.0,24.01,0.76,0.0
20220823:2010,0.0,0.0,0.0,0.0,23.89,0.97,0.0
20220823:2110,0.0,0.0,0.0,0.0,23.66,1.52,0.0
20220823:2210,0.0,0.0,0.0,0.0,23.53,1.72,0.0
20220823:2310,0.0,0.0,0.0,0.0,23.08,1.59,0.0
20220824:0010,0.0,0.0,0.0,0.0,22.54,1.45,0.0
20220824:0110,0.0,0.0,0.0,0.0,22.13,1.24,0.0
20220824:0210,0.0,0.0,0.0,0.0,21.98,1.03,0.0
20220824:0310,0.0,0.0,0.0,0.0,22.29,0.83,0.0
20220824:0410,0.0,0.0,0.0,0.0,21.69,1.03,0.0
20220824:0510,0.0,20.27,0.34,7.1,21.82,1.31,0.0
20220824:0610,116.32,107.72,3.77,18.86,23.04,1.59,0.0
20220824:0710,329.15,135.99,7.05,30.6,23.92,1.59,0.0
20220824:0810,529.72,153.89,9.89,41.93,24.6,1.52,0.0
20220824:0910,693.87,163.48,12.14,52.19,25.09,2.14,0.0
20220824:1010,756.33,191.19,13.33,60.03,25.33,2.21,0.0
20220824:1110,755.67,212.18,13.64,63.06,25.79,1.79,0.0
20220824:1210,704.64,214.73,13.08,59.79,26.88,2.0,0.0
20220824:1310,656.44,171.64,11.97,51.82,27.66,2.9,0.0
20220824:1410,348.33,234.49,8.83,41.5,27.75,3.72,0.0
20220824:1510,235.86,167.69,6.47,30.14,27.43,4.14,0.0
20220824:1610,102.87,100.99,3.75,18.39,26.93,4.07,0.0
20220824:1710,0.0,30.62,0.55,6.64,26.22,3.52,0.0
20220824:1810,0.0,0.0,0.0,0.0,25.41,2.55,0.0
20220824:1910,0.0,0.0,0.0,0.0,24.77,1.72,0.0
20220824:2010,0.0,0.0,0.0,0.0,24.13,1.1,0.0
20220824:2110,0.0,0.0,0.0,0.0,23.44,0.9,0.0
20220824:2210,0.0,0.0,0.0,0.0,22.86,0.83,0.0
20220824:2310,0.0,0.0,0.0,0.0,23.09,0.28,0.0
20220825:0010,0.0,0.0,0.0,0.0,22.91,0.55,0.0
20220825:0110,0.0,0.0,0.0,0.0,22.81,0.62,0.0
20220825:0210,0.0,0.0,0.0,0.0,22.61,0.76,0.0
20220825:0310,0.0,0.0,0.0,0.0,21.78,1.1,0.0
20220825:0410,0.0,0.0,0.0,0.0,20.91,1.45,0.0
20220825:0510,7.4,38.04,1.02,6.95,20.87,1.59,0.0
20220825:0610,65.22,126.25,3.2,18.71,22.83,1.66,0.0
20220825:0710,226.09,186.6,6.31,30.44,24.49,1.38,0.0
20220825:0810,496.34,174.5,9.69,41.76,25.51,1.79,0.0
20220825:0910,698.97,163.99,12.17,51.97,26.4,2.69,0.0
20220825:1010,746.83,200.04,13.28,59.74,26.8,3.24,0.0
20220825:1110,776.31,202.33,13.73,62.72,27.17,3.03,0.0
20220825:1210,789.39,169.74,13.55,59.45,27.32,2.69,0.0
20220825:1310,689.55,156.69,12.17,51.51,27.48,2.83,0.0
20220825:1410,509.66,150.19,9.83,41.22,27.64,3.38,0.0
20220825:1510,326.06,119.78,7.09,29.87,27.28,3.52,0.0
20220825:1610,127.6,84.36,3.94,18.13,26.67,3.24,0.0
20220825:1710,0.0,34.99,0.63,6.38,25.92,2.83,0.0
20220825:1810,0.0,0.0,0.0,0.0,25.15,2.14,0.0
20220825:1910,0.0,0.0,0.0,0.0,24.54,1.31,0.0
20220825:2010,0.0,0.0,0.0,0.0,23.96,0.83,0.0
20220825:2110,0.0,0.0,0.0,0.0,23.81,0.55,0.0
20220825:2210,0.0,0.0,0.0,0.0,23.09,0.83,0.0
20220825:2310,0.0,0.0,0.0,0.0,22.33,1.38,0.0
20220826:0010,0.0,0.0,0.0,0.0,22.32,1.79,0.0
20220826:0110,0.0,0.0,0.0,0.0,22.14,1.79,0.0
20220826:0210,0.0,0.0,0.0,0.0,21.68,1.45,0.0
20220826:0310,0.0,0.0,0.0,0.0,22.76,0.9,0.0
20220826:0410,0.0,0.0,0.0,0.0,22.96,0.34,0.0
20220826:0510,9.15,35.02,1.03,6.79,22.73,0.55,0.0
20220826:0610,133.71,99.22,3.86,18.56,22.77,0.69,0.0
20220826:0710,352.42,125.12,7.14,30.29,24.71,0.21,0.0
20220826:0810,531.72,154.75,9.84,41.58,25.86,0.21,0.0
20220826:0910,675.08,174.64,11.95,51.75,26.93,0.9,0.0
20220826:1010,772.17,183.69,13.34,59.45,27.88,1.93,0.0
20220826:1110,816.24,177.53,13.88,62.37,28.09,2.34,0.0
20220826:1210,666.4,236.85,12.8,59.1,27.85,2.41,0.0
20220826:1310,32.81,319.97,5.84,51.2,27.66,2.21,0.0
20220826:1410,205.87,283.96,7.58,40.93,27.42,2.07,0.0
20220826:1510,156.13,198.97,5.7,29.61,27.41,2.0,0.0
20220826:1610,42.61,120.92,2.88,17.87,27.01,1.86,0.0
20220826:1710,0.0,34.12,0.61,6.11,26.42,1.59,0.0
20220826:1810,0.0,0.0,0.0,0.0,25.75,1.45,0.0
20220826:1910,0.0,0.0,0.0,0.0,24.8,1.59,0.0
20220826:2010,0.0,0.0,0.0,0.0,24.3,1.17,0.0
20220826:2110,0.0,0.0,0.0,0.0,23.95,0.97,0.0
20220826:2210,0.0,0.0,0.0,0.0,23.64,1.03,0.0
20220826:2310,0.0,0.0,0.0,0.0,23.53,0.97,0.0
20220827:0010,0.0,0.0,0.0,0.0,23.87,0.41,0.0
20220827:0110,0.0,0.0,0.0,0.0,23.69,0.28,0.0
20220827:0210,0.0,0.0,0.0,0.0,23.52,0.62,0.0
20220827:0310,0.0,0.0,0.0,0.0,23.33,0.55,0.0
20220827:0410,0.0,0.0,0.0,0.0,23.17,0.34,0.0
20220827:0510,9.13,35.16,1.02,6.64,23.05,0.28,0.0
20220827:0610,149.28,90.25,3.94,18.41,23.46,0.21,0.0
20220827:0710,350.59,125.47,7.08,30.13,24.89,0.9,0.0
20220827:0810,537.72,151.05,9.83,41.39,25.89,1.1,0.0
20220827:0910,712.73,156.37,12.16,51.52,26.86,1.31,0.0
20220827:1010,769.47,184.02,13.27,59.16,27.61,1.72,0.0
20220827:1110,725.58,228.78,13.34,62.03,28.33,2.34,0.0
20220827:1210,243.85,397.21,9.72,58.76,28.31,2.97,0.0
20220827:1310,672.08,162.48,11.92,50.89,26.75,2.83,0.0
20220827:1410,457.18,175.65,9.38,40.65,27.01,2.07,0.0
20220827:1510,299.31,129.98,6.77,29.33,26.86,1.52,0.0
20220827:1610,106.99,92.37,3.63,17.6,26.75,1.17,0.0
20220827:1710,0.0,32.37,0.58,5.84,26.39,0.97,0.0
20220827:1810,0.0,0.0,0.0,0.0,25.98,1.1,0.0
20220827:1910,0.0,0.0,0.0,0.0,25.45,0.97,0.0
20220827:2010,0.0,0.0,0.0,0.0,24.92,0.97,0.0
20220827:2110,0.0,0.0,0.0,0.0,24.47,1.31,0.0
20220827:2210,0.0,0.0,0.0,0.0,24.02,1.52,0.0
20220827:2310,0.0,0.0,0.0,0.0,23.67,1.59,0.0
20220828:0010,0.0,0.0,0.0,0.0,23.23,1.59,0.0
20220828:0110,0.0,0.0,0.0,0.0,22.83,1.45,0.0
20220828:0210,0.0,0.0,0.0,0.0,22.48,1.31,0.0
20220828:0310,0.0,0.0,0.0,0.0,22.18,1.45,0.0
20220828:0410,0.0,0.0,0.0,0.0,22.13,1.24,0.0
20220828:0510,6.34,35.19,0.88,6.49,23.67,0.69,0.0
20220828:0610,136.72,95.15,3.78,18.26,23.78,0.28,0.0
20220828:0710,320.03,139.37,6.81,29.97,25.76,0.83,0.0
20220828:0810,518.33,158.38,9.63,41.21,25.91,1.17,0.0
20220828:0910,656.04,183.6,11.73,51.3,25.66,1.86,0.0
20220828:1010,21.55,333.76,5.92,58.86,26.58,2.97,0.0
20220828:1110,807.57,179.21,13.69,61.67,27.31,1.45,0.0
20220828:1210,725.33,199.81,12.97,58.4,27.7,0.55,0.0
20220828:1310,647.28,173.03,11.69,50.57,27.43,0.55,0.0
20220828:1410,479.62,160.06,9.42,40.35,27.33,0.21,0.0
20220828:1510,187.83,182.8,5.88,29.06,27.46,0.9,0.0
20220828:1610,10.63,106.99,2.02,17.33,27.36,1.45,0.0
20220828:1710,0.0,8.75,0.16,5.56,26.9,1.86,0.0
20220828:1810,0.0,0.0,0.0,0.0,26.06,2.28,0.0
20220828:1910,0.0,0.0,0.0,0.0,25.64,1.03,0.0
20220828:2010,0.0,0.0,0.0,0.0,24.68,0.97,0.0
20220828:2110,0.0,0.0,0.0,0.0,24.98,0.21,0.0
20220828:2210,0.0,0.0,0.0,0.0,24.86,0.55,0.0
20220828:2310,0.0,0.0,0.0,0.0,24.49,0.76,0.0
20220829:0010,0.0,0.0,0.0,0.0,22.87,1.38,0.0
20220829:0110,0.0,0.0,0.0,0.0,22.54,1.1,0.0
20220829:0210,0.0,0.0,0.0,0.0,23.04,0.83,0.0
20220829:0310,0.0,0.0,0.0,0.0,22.48,0.9,0.0
20220829:0410,0.0,0.0,0.0,0.0,22.18,0.97,0.0
20220829:0510,9.5,32.77,0.95,6.33,22.31,0.9,0.0
20220829:0610,150.76,91.01,3.91,18.11,23.26,0.83,0.0
20220829:0710,357.58,125.46,7.09,29.81,23.96,0.76,0.0
20220829:0810,562.2,143.91,9.97,41.03,25.3,1.79,0.0
20220829:0910,696.23,168.81,12.02,51.07,26.03,1.59,0.0
20220829:1010,806.21,171.43,13.48,58.56,26.81,1.52,0.0
20220829:1110,836.75,172.57,13.94,61.32,27.42,1.93,0.0
20220829:1210,782.22,174.45,13.33,58.05,27.78,2.41,0.0
20220829:1310,672.12,165.45,11.88,50.24,27.71,2.76,0.0
20220829:1410,490.52,158.69,9.52,40.06,27.57,2.69,0.0
20220829:1510,312.99,123.01,6.8,28.78,27.24,2.34,0.0
20220829:1610,120.36,82.55,3.67,17.05,26.76,2.0,0.0
20220829:1710,0.0,28.87,0.52,5.28,26.02,1.86,0.0
20220829:1810,0.0,0.0,0.0,0.0,25.23,1.72,0.0
20220829:1910,0.0,0.0,0.0,0.0,24.51,1.72,0.0
20220829:2010,0.0,0.0,0.0,0.0,24.08,1.66,0.0
20220829:2110,0.0,0.0,0.0,0.0,23.55,1.59,0.0
20220829:2210,0.0,0.0,0.0,0.0,23.18,1.38,0.0
20220829:2310,0.0,0.0,0.0,0.0,22.66,1.31,0.0
20220830:0010,0.0,0.0,0.0,0.0,22.12,1.31,0.0
20220830:0110,0.0,0.0,0.0,0.0,22.18,1.17,0.0
20220830:0210,0.0,0.0,0.0,0.0,23.32,0.83,0.0
20220830:0310,0.0,0.0,0.0,0.0,22.72,0.97,0.0
20220830:0410,0.0,0.0,0.0,0.0,22.07,1.17,0.0
20220830:0510,9.04,33.01,0.92,6.18,21.99,1.17,0.0
20220830:0610,164.16,85.84,4.0,17.96,23.03,1.1,0.0
20220830:0710,356.85,126.91,7.06,29.65,24.56,1.17,0.0
20220830:0810,575.21,140.32,10.05,40.84,25.44,1.17,0.0
20220830:0910,731.11,154.68,12.23,50.83,26.41,1.31,0.0
20220830:1010,834.53,160.26,13.66,58.26,27.16,1.52,0.0
20220830:1110,877.58,154.93,14.19,60.96,27.87,1.86,0.0
20220830:1210,820.33,158.07,13.56,57.69,28.26,2.48,0.0
20220830:1310,684.97,161.84,11.95,49.92,28.34,2.76,0.0
20220830:1410,517.69,146.11,9.67,39.76,28.14,2.76,0.0
20220830:1510,314.97,121.42,6.77,28.49,27.77,2.62,0.0
20220830:1610,118.11,82.8,3.61,16.78,27.1,2.41,0.0
20220830:1710,0.0,27.12,0.48,5.0,26.2,2.07,0.0
20220830:1810,0.0,0.0,0.0,0.0,25.36,1.66,0.0
20220830:1910,0.0,0.0,0.0,0.0,24.81,1.17,0.0
20220830:2010,0.0,0.0,0.0,0.0,24.02,1.1,0.0
20220830:2110,0.0,0.0,0.0,0.0,23.62,0.97,0.0
20220830:2210,0.0,0.0,0.0,0.0,23.38,0.97,0.0
20220830:2310,0.0,0.0,0.0,0.0,22.14,1.59,0.0
20220831:0010,0.0,0.0,0.0,0.0,21.83,1.79,0.0
20220831:0110,0.0,0.0,0.0,0.0,21.69,1.66,0.0
20220831:0210,0.0,0.0,0.0,0.0,23.34,0.97,0.0
20220831:0310,0.0,0.0,0.0,0.0,23.62,0.41,0.0
20220831:0410,0.0,0.0,0.0,0.0,23.28,0.55,0.0
20220831:0510,6.74,33.63,0.83,6.02,23.07,0.9,0.0
20220831:0610,137.58,96.24,3.72,17.8,23.51,0.76,0.0
20220831:0710,339.83,132.0,6.86,29.48,25.61,1.1,0.0
20220831:0810,527.62,158.88,9.63,40.65,26.81,1.45,0.0
20220831:0910,475.08,280.43,10.66,50.6,28.03,1.45,0.0
20220831:1010,615.19,271.22,12.31,57.96,29.17,1.1,0.0
20220831:1110,538.42,324.16,12.14,60.6,30.03,0.9,0.0
20220831:1210,733.81,199.22,12.94,57.33,30.39,2.07,0.0
20220831:1310,571.75,218.0,11.19,49.59,29.84,2.62,0.0
20220831:1410,187.12,282.13,7.2,39.46,29.14,2.41,0.0
20220831:1510,10.13,170.18,3.03,28.21,28.48,1.93,0.0
20220831:1610,2.52,86.65,1.52,16.5,27.92,1.59,0.0
20220831:1710,0.0,21.87,0.39,4.72,27.36,1.52,0.0
20220831:1810,0.0,0.0,0.0,0.0,26.67,1.45,0.0
20220831:1910,0.0,0.0,0.0,0.0,26.16,0.55,0.0
20220831:2010,0.0,0.0,0.0,0.0,26.01,0.34,0.0
20220831:2110,0.0,0.0,0.0,0.0,25.71,1.59,0.0
20220831:2210,0.0,0.0,0.0,0.0,25.73,2.69,0.0
20220831:2310,0.0,0.0,0.0,0.0,25.59,1.93,0.0
20220901:0010,0.0,0.0,0.0,0.0,25.31,1.93,0.0
20220901:0110,0.0,0.0,0.0,0.0,25.15,2.34,0.0
20220901:0210,0.0,0.0,0.0,0.0,24.92,1.93,0.0
20220901:0310,0.0,0.0,0.0,0.0,24.74,2.14,0.0
20220901:0410,0.0,0.0,0.0,0.0,24.54,2.34,0.0
20220901:0510,7.51,31.82,0.81,5.86,24.4,2.34,0.0
20220901:0610,136.23,95.57,3.66,17.65,24.94,2.9,0.0
20220901:0710,318.2,142.04,6.67,29.32,25.61,2.41,0.0
20220901:0810,505.54,168.26,9.42,40.46,26.94,2.69,0.0
20220901:0910,386.57,312.08,9.98,50.36,27.74,4.28,0.0
20220901:1010,87.58,385.85,7.56,57.65,27.85,5.24,0.0
20220901:1110,801.55,184.02,13.48,60.24,27.89,5.72,0.0
20220901:1210,782.33,167.99,13.09,56.97,27.95,6.21,0.0
20220901:1310,568.61,215.15,11.06,49.25,27.6,6.28,0.0
20220901:1410,488.12,152.53,9.27,39.15,27.46,6.07,0.0
20220901:1510,302.74,120.9,6.5,27.92,27.27,5.79,0.0
20220901:1610,63.54,104.38,2.92,16.21,26.82,5.38,0.0
20220901:1710,0.0,23.62,0.42,4.43,26.14,4.69,0.0
20220901:1810,0.0,0.0,0.0,0.0,25.42,3.79,0.0
20220901:1910,0.0,0.0,0.0,0.0,24.75,3.17,0.0
20220901:2010,0.0,0.0,0.0,0.0,24.38,2.76,0.0
20220901:2110,0.0,0.0,0.0,0.0,24.03,2.34,0.0
20220901:2210,0.0,0.0,0.0,0.0,23.67,2.0,0.0
20220901:2310,0.0,0.0,0.0,0.0,23.18,1.72,0.0
20220902:0010,0.0,0.0,0.0,0.0,22.58,1.52,0.0
20220902:0110,0.0,0.0,0.0,0.0,21.93,1.38,0.0
20220902:0210,0.0,0.0,0.0,0.0,21.47,1.52,0.0
20220902:0310,0.0,0.0,0.0,0.0,21.28,1.59,0.0
20220902:0410,0.0,0.0,0.0,0.0,21.03,1.52,0.0
20220902:0510,8.84,26.84,0.83,5.71,21.09,1.45,0.0
20220902:0610,159.0,86.85,3.83,17.5,22.98,1.17,0.0
20220902:0710,361.25,124.13,6.95,29.15,25.01,1.66,0.0
20220902:0810,551.46,149.65,9.72,40.27,26.04,1.86,0.0
20220902:0910,689.04,173.62,11.8,50.12,27.17,2.48,0.0
20220902:1010,809.91,169.84,13.31,57.34,27.91,2.83,0.0
20220902:1110,218.2,413.67,9.55,59.87,28.52,3.31,0.0
20220902:1210,783.17,172.86,13.13,56.6,28.66,3.66,0.0
20220902:1310,658.96,170.1,11.58,48.92,28.38,3.66,0.0
20220902:1410,425.06,190.79,8.92,38.84,27.9,3.17,0.0
20220902:1510,311.93,118.48,6.56,27.62,27.38,2.62,0.0
20220902:1610,113.77,79.81,3.41,15.93,26.67,2.14,0.0
20220902:1710,0.0,21.87,0.39,4.15,25.94,1.72,0.0
20220902:1810,0.0,0.0,0.0,0.0,25.21,1.45,0.0
20220902:1910,0.0,0.0,0.0,0.0,24.92,1.66,0.0
20220902:2010,0.0,0.0,0.0,0.0,24.38,1.59,0.0
20220902:2110,0.0,0.0,0.0,0.0,23.85,1.66,0.0
20220902:2210,0.0,0.0,0.0,0.0,23.66,2.21,0.0
20220902:2310,0.0,0.0,0.0,0.0,23.33,2.0,0.0
20220903:0010,0.0,0.0,0.0,0.0,22.89,1.24,0.0
20220903:0110,0.0,0.0,0.0,0.0,22.88,1.1,0.0
20220903:0210,0.0,0.0,0.0,0.0,22.24,1.24,0.0
20220903:0310,0.0,0.0,0.0,0.0,21.47,1.59,0.0
20220903:0410,0.0,0.0,0.0,0.0,21.3,1.79,0.0
20220903:0510,4.11,27.29,0.63,5.55,21.33,1.93,0.0
20220903:0610,124.26,99.73,3.48,17.34,23.29,1.79,0.0
20220903:0710,298.42,150.36,6.45,28.99,26.17,2.07,0.0
20220903:0810,372.68,231.51,8.55,40.07,28.03,2.0,0.0
20220903:0910,490.76,268.09,10.56,49.87,29.53,1.59,0.0
20220903:1010,147.54,394.91,8.39,57.03,30.52,1.17,0.0
20220903:1110,175.02,408.1,8.94,59.51,31.04,0.97,0.0
20220903:1210,242.57,386.53,9.41,56.23,31.38,1.1,0.0
20220903:1310,552.13,220.8,10.84,48.58,31.48,0.83,0.0
20220903:1410,454.73,167.17,8.94,38.53,31.2,0.83,0.0
20220903:1510,122.93,192.53,4.97,27.33,30.95,1.03,0.0
20220903:1610,88.12,89.24,3.08,15.64,30.46,1.72,0.0
20220903:1710,0.0,18.37,0.33,3.85,29.67,1.79,0.0
20220903:1810,0.0,0.0,0.0,0.0,28.8,1.45,0.0
20220903:1910,0.0,0.0,0.0,0.0,28.3,1.72,0.0
20220903:2010,0.0,0.0,0.0,0.0,27.55,2.07,0.0
20220903:2110,0.0,0.0,0.0,0.0,26.84,2.41,0.0
20220903:2210,0.0,0.0,0.0,0.0,26.16,2.41,0.0
20220903:2310,0.0,0.0,0.0,0.0,25.57,2.48,0.0
20220904:0010,0.0,0.0,0.0,0.0,25.18,2.62,0.0
20220904:0110,0.0,0.0,0.0,0.0,24.88,2.55,0.0
20220904:0210,0.0,0.0,0.0,0.0,24.71,2.48,0.0
20220904:0310,0.0,0.0,0.0,0.0,24.58,2.41,0.0
20220904:0410,0.0,0.0,0.0,0.0,24.5,2.62,0.0
20220904:0510,0.0,12.9,0.22,5.39,24.51,2.97,0.0
20220904:0610,107.23,105.11,3.3,17.18,25.69,3.24,0.0
20220904:0710,316.26,141.17,6.52,28.82,27.33,2.28,0.0
20220904:0810,521.85,158.27,9.36,39.87,29.13,1.79,0.0
20220904:0910,660.42,181.33,11.44,49.62,30.82,1.45,0.0
20220904:1010,738.41,199.79,12.7,56.71,32.0,1.52,0.0
20220904:1110,830.85,167.09,13.48,59.14,32.57,2.28,0.0
20220904:1210,773.39,170.14,12.86,55.86,32.7,3.1,0.0
20220904:1310,640.97,170.48,11.25,48.23,32.27,3.59,0.0
20220904:1410,460.45,162.55,8.91,38.21,31.45,3.59,0.0
20220904:1510,11.44,162.96,2.92,27.03,30.52,2.69,0.0
20220904:1610,18.33,100.97,2.03,15.34,29.88,1.86,0.0
20220904:1710,0.0,17.5,0.31,3.56,29.09,1.66,0.0
20220904:1810,0.0,0.0,0.0,0.0,27.96,1.93,0.0
20220904:1910,0.0,0.0,0.0,0.0,27.37,0.28,0.0
20220904:2010,0.0,0.0,0.0,0.0,26.48,1.38,0.0
20220904:2110,0.0,0.0,0.0,0.0,25.61,2.34,0.0
20220904:2210,0.0,0.0,0.0,0.0,24.68,1.59,0.0
20220904:2310,0.0,0.0,0.0,0.0,24.35,0.97,0.0
20220905:0010,0.0,0.0,0.0,0.0,24.05,0.9,0.0
20220905:0110,0.0,0.0,0.0,0.0,23.11,1.17,0.0
20220905:0210,0.0,0.0,0.0,0.0,22.38,1.38,0.0
20220905:0310,0.0,0.0,0.0,0.0,22.04,1.38,0.0
20220905:0410,0.0,0.0,0.0,0.0,21.79,1.45,0.0
20220905:0510,4.52,27.3,0.63,5.24,21.64,1.52,0.0
20220905:0610,126.31,98.58,3.44,17.03,23.23,1.31,0.0
20220905:0710,332.12,134.94,6.59,28.65,26.11,1.24,0.0
20220905:0810,536.28,153.76,9.44,39.68,27.48,1.86,0.0
20220905:0910,699.67,165.26,11.67,49.38,28.42,2.28,0.0
20220905:1010,798.87,170.83,13.03,56.4,29.17,2.69,0.0
20220905:1110,837.69,166.55,13.52,58.76,29.51,3.17,0.0
20220905:1210,756.87,181.24,12.75,55.49,29.61,3.59,0.0
20220905:1310,645.01,171.07,11.27,47.89,29.44,3.72,0.0
20220905:1410,455.14,167.08,8.86,37.89,29.17,3.59,0.0
20220905:1510,253.48,141.23,5.95,26.73,28.85,3.38,0.0
20220905:1610,81.14,88.68,2.91,15.05,28.42,2.97,0.0
20220905:1710,0.0,15.75,0.28,3.26,27.69,2.34,0.0
20220905:1810,0.0,0.0,0.0,0.0,26.82,1.93,0.0
20220905:1910,0.0,0.0,0.0,0.0,26.68,1.45,0.0
20220905:2010,0.0,0.0,0.0,0.0,26.22,1.17,0.0
20220905:2110,0.0,0.0,0.0,0.0,25.57,1.38,0.0
20220905:2210,0.0,0.0,0.0,0.0,24.96,1.17,0.0
20220905:2310,0.0,0.0,0.0,0.0,25.44,0.76,0.0
20220906:0010,0.0,0.0,0.0,0.0,24.81,0.97,0.0
20220906:0110,0.0,0.0,0.0,0.0,24.32,1.1,0.0
20220906:0210,0.0,0.0,0.0,0.0,25.09,0.69,0.0
20220906:0310,0.0,0.0,0.0,0.0,24.91,0.34,0.0
20220906:0410,0.0,0.0,0.0,0.0,24.42,0.76,0.0
20220906:0510,2.96,25.49,0.53,5.08,22.77,1.59,0.0
20220906:0610,43.34,114.87,2.53,16.87,24.34,2.0,0.0
20220906:0710,0.0,0.0,0.0,0.0,26.03,0.9,0.0
20220906:0810,498.58,170.27,9.14,39.48,27.39,0.97,0.0
20220906:0910,644.24,189.4,11.25,49.12,28.4,0.97,0.0
20220906:1010,749.29,192.18,12.64,56.08,29.35,1.1,0.0
20220906:1110,760.14,202.78,12.97,58.39,30.09,1.86,0.0
20220906:1210,756.54,176.12,12.63,55.11,30.31,2.55,0.0
20220906:1310,634.19,171.2,11.08,47.54,30.06,2.83,0.0
20220906:1410,372.78,202.8,8.25,37.57,29.62,2.76,0.0
20220906:1510,245.8,140.32,5.8,26.42,29.04,2.83,0.0
20220906:1610,58.85,94.96,2.61,14.75,28.35,2.76,0.0
20220906:1710,0.0,13.12,0.23,2.97,27.77,2.34,0.0
20220906:1810,0.0,0.0,0.0,0.0,27.24,1.66,0.0
20220906:1910,0.0,0.0,0.0,0.0,26.98,1.17,0.0
20220906:2010,0.0,0.0,0.0,0.0,26.64,1.52,0.0
20220906:2110,0.0,0.0,0.0,0.0,26.38,1.79,0.0
20220906:2210,0.0,0.0,0.0,0.0,26.14,1.66,0.0
20220906:2310,0.0,0.0,0.0,0.0,25.81,1.93,0.0
20220907:0010,0.0,0.0,0.0,0.0,25.53,2.14,0.0
20220907:0110,0.0,0.0,0.0,0.0,25.18,2.21,0.0
20220907:0210,0.0,0.0,0.0,0.0,24.73,1.93,0.0
20220907:0310,0.0,0.0,0.0,0.0,24.33,1.52,0.0
20220907:0410,0.0,0.0,0.0,0.0,23.88,1.45,0.0
20220907:0510,3.73,25.24,0.55,4.92,23.5,1.52,0.0
20220907:0610,81.35,110.24,2.95,16.71,24.8,1.59,0.0
20220907:0710,287.99,151.58,6.19,28.3,27.01,1.45,0.0
20220907:0810,485.01,175.59,9.0,39.27,28.41,1.17,0.0
20220907:0910,627.2,195.84,11.08,48.87,29.67,1.1,0.0
20220907:1010,728.83,200.86,12.45,55.75,30.68,1.24,0.0
20220907:1110,753.83,203.04,12.84,58.01,31.29,0.9,0.0
20220907:1210,696.6,205.68,12.22,54.73,31.46,0.55,0.0
20220907:1310,603.72,184.86,10.83,47.19,31.5,0.55,0.0
20220907:1410,421.97,176.26,8.47,37.25,31.24,0.55,0.0
20220907:1510,241.21,140.55,5.7,26.11,31.06,0.97,0.0
20220907:1610,64.92,89.7,2.61,14.45,30.37,1.45,0.0
20220907:1710,0.0,11.37,0.2,2.67,29.26,1.45,0.0
20220907:1810,0.0,0.0,0.0,0.0,28.31,1.38,0.0
20220907:1910,0.0,0.0,0.0,0.0,27.97,1.45,0.0
20220907:2010,0.0,0.0,0.0,0.0,27.44,1.93,0.0
20220907:2110,0.0,0.0,0.0,0.0,26.88,1.45,0.0
20220907:2210,0.0,0.0,0.0,0.0,26.41,1.1,0.0
20220907:2310,0.0,0.0,0.0,0.0,25.55,1.52,0.0
20220908:0010,0.0,0.0,0.0,0.0,25.3,2.0,0.0
20220908:0110,0.0,0.0,0.0,0.0,25.07,2.34,0.0
20220908:0210,0.0,0.0,0.0,0.0,24.81,2.34,0.0
20220908:0310,0.0,0.0,0.0,0.0,24.53,2.28,0.0
20220908:0410,0.0,0.0,0.0,0.0,24.28,2.21,0.0
20220908:0510,6.55,23.42,0.59,4.76,24.19,2.21,0.0
20220908:0610,129.02,94.83,3.33,16.55,25.16,2.48,0.0
20220908:0710,332.79,132.05,6.44,28.13,27.38,3.1,0.0
20220908:0810,542.99,149.83,9.33,39.07,29.52,2.9,0.0
20220908:0910,670.43,176.83,11.31,48.61,31.37,2.21,0.0
20220908:1010,777.01,178.27,12.7,55.43,32.7,1.72,0.0
20220908:1110,803.06,179.31,13.09,57.64,33.61,1.66,0.0
20220908:1210,744.17,182.25,12.45,54.35,33.79,1.52,0.0
20220908:1310,585.7,196.69,10.72,46.84,33.67,1.52,0.0
20220908:1410,425.45,175.86,8.47,36.92,33.4,1.45,0.0
20220908:1510,229.08,145.5,5.58,25.81,33.07,1.66,0.0
20220908:1610,66.59,88.09,2.59,14.15,32.66,2.48,0.0
20220908:1710,0.0,7.87,0.14,2.36,31.92,2.62,0.0
20220908:1810,0.0,0.0,0.0,0.0,30.84,2.48,0.0
20220908:1910,0.0,0.0,0.0,0.0,29.42,2.83,0.0
20220908:2010,0.0,0.0,0.0,0.0,28.5,3.59,0.0
20220908:2110,0.0,0.0,0.0,0.0,27.7,3.79,0.0
20220908:2210,0.0,0.0,0.0,0.0,26.99,4.07,0.0
20220908:2310,0.0,0.0,0.0,0.0,26.5,4.0,0.0
20220909:0010,0.0,0.0,0.0,0.0,26.14,3.86,0.0
20220909:0110,0.0,0.0,0.0,0.0,25.87,3.86,0.0
20220909:0210,0.0,0.0,0.0,0.0,25.67,3.93,0.0
20220909:0310,0.0,0.0,0.0,0.0,25.49,4.0,0.0
20220909:0410,0.0,0.0,0.0,0.0,25.31,3.93,0.0
20220909:0510,2.76,22.19,0.45,4.6,25.2,3.79,0.0
20220909:0610,84.57,108.12,2.92,16.39,25.96,3.59,0.0
20220909:0710,189.14,188.76,5.45,27.95,28.7,3.45,0.0
20220909:0810,453.88,192.42,8.77,38.86,30.7,3.1,0.0
20220909:0910,573.64,226.29,10.75,48.35,32.22,2.83,0.0
20220909:1010,692.18,223.76,12.22,55.1,33.13,2.28,0.0
20220909:1110,743.45,211.45,12.73,57.26,33.12,1.52,0.0
20220909:1210,658.95,227.23,11.95,53.97,33.1,1.38,0.0
20220909:1310,593.13,190.94,10.69,46.48,32.78,1.86,0.0
20220909:1410,414.24,179.05,8.33,36.59,31.81,2.62,0.0
20220909:1510,199.54,155.43,5.3,25.5,30.57,2.9,0.0
20220909:1610,13.85,87.2,1.7,13.85,28.59,2.62,0.0
20220909:1710,0.0,5.25,0.09,2.06,27.96,2.28,0.0
20220909:1810,0.0,0.0,0.0,0.0,27.29,1.93,0.0
20220909:1910,0.0,0.0,0.0,0.0,26.58,2.34,0.0
20220909:2010,0.0,0.0,0.0,0.0,26.09,1.93,0.0
20220909:2110,0.0,0.0,0.0,0.0,25.78,1.38,0.0
20220909:2210,0.0,0.0,0.0,0.0,25.29,0.97,0.0
20220909:2310,0.0,0.0,0.0,0.0,25.48,0.48,0.0
20220910:0010,0.0,0.0,0.0,0.0,25.46,0.41,0.0
20220910:0110,0.0,0.0,0.0,0.0,25.34,0.34,0.0
20220910:0210,0.0,0.0,0.0,0.0,24.99,0.07,0.0
20220910:0310,0.0,0.0,0.0,0.0,24.37,0.41,0.0
20220910:0410,0.0,0.0,0.0,0.0,24.01,0.83,0.0
20220910:0510,5.81,21.35,0.52,4.44,23.75,1.03,0.0
20220910:0610,147.99,87.52,3.41,16.23,24.12,0.83,0.0
20220910:0710,354.31,125.3,6.53,27.78,25.98,0.83,0.0
20220910:0810,551.58,148.83,9.33,38.65,27.66,0.41,0.0
20220910:0910,699.54,166.38,11.44,48.09,29.1,0.97,0.0
20220910:1010,796.88,172.99,12.78,54.77,29.92,2.21,0.0
20220910:1110,822.9,174.01,13.17,56.88,30.13,2.76,0.0
20220910:1210,582.48,269.76,11.56,53.58,30.05,2.83,0.0
20220910:1310,613.49,183.45,10.8,46.12,29.95,3.03,0.0
20220910:1410,486.23,144.84,8.73,36.26,29.66,3.24,0.0
20220910:1510,282.59,117.94,5.83,25.18,29.03,3.24,0.0
20220910:1610,92.53,74.14,2.75,13.54,28.1,2.48,0.0
20220910:1710,0.0,7.0,0.13,1.76,27.1,1.79,0.0
20220910:1810,0.0,0.0,0.0,0.0,26.22,1.38,0.0
20220910:1910,0.0,0.0,0.0,0.0,25.39,1.1,0.0
20220910:2010,0.0,0.0,0.0,0.0,24.92,0.69,0.0
20220910:2110,0.0,0.0,0.0,0.0,24.53,0.76,0.0
20220910:2210,0.0,0.0,0.0,0.0,24.72,0.28,0.0
20220910:2310,0.0,0.0,0.0,0.0,24.62,0.55,0.0
20220911:0010,0.0,0.0,0.0,0.0,24.47,0.76,0.0
20220911:0110,0.0,0.0,0.0,0.0,24.27,0.83,0.0
20220911:0210,0.0,0.0,0.0,0.0,23.94,0.83,0.0
20220911:0310,0.0,0.0,0.0,0.0,22.87,1.1,0.0
20220911:0410,0.0,0.0,0.0,0.0,22.45,1.17,0.0
20220911:0510,7.67,20.93,0.55,4.28,22.78,1.1,0.0
20220911:0610,161.23,84.51,3.5,16.06,23.46,0.83,0.0
20220911:0710,368.86,123.13,6.64,27.6,25.85,1.86,0.0
20220911:0810,563.13,148.61,9.42,38.44,27.09,2.41,0.0
20220911:0910,723.33,160.8,11.61,47.83,28.17,3.38,0.0
20220911:1010,834.0,161.93,13.05,54.44,28.79,4.28,0.0
20220911:1110,871.88,156.33,13.5,56.49,28.8,4.97,0.0
20220911:1210,808.57,159.56,12.81,53.2,28.55,5.1,0.0
20220911:1310,696.3,147.59,11.31,45.76,28.23,4.83,0.0
20220911:1410,494.8,143.45,8.78,35.93,27.93,4.55,0.0
20220911:1510,288.1,117.59,5.86,24.87,27.37,4.41,0.0
20220911:1610,99.41,70.78,2.78,13.24,26.57,4.07,0.0
20220911:1710,0.0,4.37,0.08,1.45,25.61,3.17,0.0
20220911:1810,0.0,0.0,0.0,0.0,24.92,2.48,0.0
20220911:1910,0.0,0.0,0.0,0.0,24.6,1.93,0.0
20220911:2010,0.0,0.0,0.0,0.0,24.27,1.86,0.0
20220911:2110,0.0,0.0,0.0,0.0,23.85,1.93,0.0
20220911:2210,0.0,0.0,0.0,0.0,23.44,2.0,0.0
20220911:2310,0.0,0.0,0.0,0.0,23.04,2.0,0.0
20220912:0010,0.0,0.0,0.0,0.0,22.75,2.0,0.0
20220912:0110,0.0,0.0,0.0,0.0,22.23,1.79,0.0
20220912:0210,0.0,0.0,0.0,0.0,21.62,1.59,0.0
20220912:0310,0.0,0.0,0.0,0.0,21.39,1.45,0.0
20220912:0410,0.0,0.0,0.0,0.0,21.4,1.38,0.0
20220912:0510,4.86,20.03,0.45,4.12,21.74,1.24,0.0
20220912:0610,137.11,92.83,3.28,15.9,22.11,1.1,0.0
20220912:0710,286.25,159.13,6.09,27.42,24.49,0.76,0.0
20220912:0810,570.01,144.82,9.41,38.23,25.6,1.17,0.0
20220912:0910,723.22,160.12,11.55,47.56,26.6,1.93,0.0
20220912:1010,832.84,161.2,12.97,54.11,27.32,2.41,0.0
20220912:1110,846.73,167.61,13.28,56.11,27.75,2.69,0.0
20220912:1210,795.41,165.37,12.67,52.81,27.96,2.97,0.0
20220912:1310,683.19,153.34,11.17,45.4,27.87,3.38,0.0
20220912:1410,512.73,134.66,8.84,35.59,27.57,3.66,0.0
20220912:1510,289.3,114.97,5.8,24.55,26.95,3.45,0.0
20220912:1610,92.1,71.86,2.66,12.93,26.1,3.03,0.0
20220912:1710,0.0,0.0,0.0,0.0,25.15,2.48,0.0
20220912:1810,0.0,0.0,0.0,0.0,24.35,1.93,0.0
20220912:1910,0.0,0.0,0.0,0.0,23.51,1.72,0.0
20220912:2010,0.0,0.0,0.0,0.0,23.04,1.52,0.0
20220912:2110,0.0,0.0,0.0,0.0,22.4,1.31,0.0
20220912:2210,0.0,0.0,0.0,0.0,21.88,1.03,0.0
20220912:2310,0.0,0.0,0.0,0.0,21.28,1.24,0.0
20220913:0010,0.0,0.0,0.0,0.0,20.68,1.52,0.0
20220913:0110,0.0,0.0,0.0,0.0,20.29,1.59,0.0
20220913:0210,0.0,0.0,0.0,0.0,20.57,1.38,0.0
20220913:0310,0.0,0.0,0.0,0.0,21.02,1.17,0.0
20220913:0410,0.0,0.0,0.0,0.0,20.69,1.24,0.0
20220913:0510,6.86,19.65,0.48,3.96,20.38,1.31,0.0
20220913:0610,160.97,85.37,3.44,15.73,20.72,1.45,0.0
20220913:0710,355.56,131.19,6.5,27.24,23.29,1.52,0.0
20220913:0810,557.62,155.02,9.34,38.01,24.49,1.86,0.0
20220913:0910,725.53,164.11,11.58,47.29,25.67,2.28,0.0
20220913:1010,823.19,171.75,12.94,53.77,26.45,2.41,0.0
20220913:1110,860.03,166.14,13.38,55.72,27.05,2.76,0.0
20220913:1210,796.55,169.32,12.69,52.42,27.38,3.31,0.0
20220913:1310,693.68,151.88,11.23,45.04,27.34,3.52,0.0
20220913:1410,513.46,136.3,8.83,35.26,27.18,3.31,0.0
20220913:1510,289.43,115.48,5.77,24.23,26.92,3.1,0.0
20220913:1610,97.27,68.48,2.66,12.62,26.33,2.9,0.0
20220913:1710,0.0,0.0,0.0,0.0,25.59,2.55,0.0
20220913:1810,0.0,0.0,0.0,0.0,25.03,2.28,0.0
20220913:1910,0.0,0.0,0.0,0.0,24.55,2.28,0.0
20220913:2010,0.0,0.0,0.0,0.0,24.13,2.21,0.0
20220913:2110,0.0,0.0,0.0,0.0,23.66,2.07,0.0
20220913:2210,0.0,0.0,0.0,0.0,23.17,2.07,0.0
20220913:2310,0.0,0.0,0.0,0.0,22.29,1.72,0.0
20220914:0010,0.0,0.0,0.0,0.0,21.97,1.45,0.0
20220914:0110,0.0,0.0,0.0,0.0,21.04,1.66,0.0
20220914:0210,0.0,0.0,0.0,0.0,20.3,1.93,0.0
20220914:0310,0.0,0.0,0.0,0.0,19.88,2.07,0.0
20220914:0410,0.0,0.0,0.0,0.0,19.54,2.0,0.0
20220914:0510,6.36,18.99,0.45,3.8,19.61,2.28,0.0
20220914:0610,159.65,84.68,3.38,15.57,21.38,2.41,0.0
20220914:0710,365.63,125.55,6.5,27.05,24.48,2.48,0.0
20220914:0810,558.47,152.15,9.27,37.79,26.35,2.14,0.0
20220914:0910,694.96,176.11,11.31,47.02,27.78,1.03,0.0
20220914:1010,813.46,173.09,12.78,53.43,29.04,1.03,0.0
20220914:1110,826.15,179.45,13.08,55.34,30.02,1.93,0.0
20220914:1210,776.03,174.9,12.45,52.03,30.58,1.79,0.0
20220914:1310,666.16,160.59,10.95,44.67,30.85,1.72,0.0
20220914:1410,475.67,149.8,8.48,34.92,30.79,2.14,0.0
20220914:1510,252.56,130.07,5.45,23.91,30.41,2.62,0.0
20220914:1610,74.99,74.77,2.39,12.31,29.82,2.69,0.0
20220914:1710,0.0,0.0,0.0,0.0,29.02,2.07,0.0
20220914:1810,0.0,0.0,0.0,0.0,28.09,1.1,0.0
20220914:1910,0.0,0.0,0.0,0.0,26.77,2.34,0.0
20220914:2010,0.0,0.0,0.0,0.0,26.26,1.72,0.0
20220914:2110,0.0,0.0,0.0,0.0,25.43,1.59,0.0
20220914:2210,0.0,0.0,0.0,0.0,24.91,2.41,0.0
20220914:2310,0.0,0.0,0.0,0.0,24.47,2.9,0.0
20220915:0010,0.0,0.0,0.0,0.0,23.97,2.97,0.0
20220915:0110,0.0,0.0,0.0,0.0,23.51,3.1,0.0
20220915:0210,0.0,0.0,0.0,0.0,23.17,2.97,0.0
20220915:0310,0.0,0.0,0.0,0.0,22.92,3.03,0.0
20220915:0410,0.0,0.0,0.0,0.0,22.86,3.66,0.0
20220915:0510,2.9,17.03,0.34,3.63,22.95,4.21,0.0
20220915:0610,105.92,99.83,2.92,15.4,23.78,4.55,0.0
20220915:0710,285.86,155.23,5.92,26.87,26.16,2.9,0.0
20220915:0810,361.06,235.56,8.05,37.57,28.39,2.97,0.0
20220915:0910,617.53,209.53,10.78,46.75,30.03,2.21,0.0
20220915:1010,9.79,286.63,4.97,53.09,31.26,1.17,0.0
20220915:1110,781.02,195.61,12.69,54.95,31.86,1.79,0.0
20220915:1210,731.13,190.94,12.06,51.64,32.13,2.34,0.0
20220915:1310,606.04,183.61,10.47,44.31,32.24,2.55,0.0
20220915:1410,452.72,154.87,8.22,34.58,32.1,2.34,0.0
20220915:1510,224.14,137.3,5.16,23.59,31.77,2.34,0.0
20220915:1610,63.1,75.46,2.2,12.0,31.13,2.69,0.0
20220915:1710,0.0,0.0,0.0,0.0,30.1,2.76,0.0
20220915:1810,0.0,0.0,0.0,0.0,28.81,2.9,0.0
20220915:1910,0.0,0.0,0.0,0.0,27.89,3.72,0.0
20220915:2010,0.0,0.0,0.0,0.0,27.0,3.59,0.0
20220915:2110,0.0,0.0,0.0,0.0,26.14,2.76,0.0
20220915:2210,0.0,0.0,0.0,0.0,25.53,2.69,0.0
20220915:2310,0.0,0.0,0.0,0.0,24.9,3.79,0.0
20220916:0010,0.0,0.0,0.0,0.0,24.49,4.69,0.0
20220916:0110,0.0,0.0,0.0,0.0,24.34,4.76,0.0
20220916:0210,0.0,0.0,0.0,0.0,24.25,4.07,0.0
20220916:0310,0.0,0.0,0.0,0.0,24.1,3.72,0.0
20220916:0410,0.0,0.0,0.0,0.0,24.1,3.93,0.0
20220916:0510,3.08,16.14,0.33,3.47,23.95,2.97,0.0
20220916:0610,118.25,95.09,2.97,15.23,24.45,2.55,0.0
20220916:0710,315.15,141.39,6.03,26.68,26.36,4.34,0.0
20220916:0810,482.65,179.97,8.64,37.35,28.73,4.34,0.0
20220916:0910,634.15,197.33,10.77,46.47,30.55,3.72,0.0
20220916:1010,734.79,202.22,12.11,52.75,31.69,3.31,0.0
20220916:1110,770.99,195.75,12.52,54.56,32.47,1.66,0.0
20220916:1210,419.52,326.37,10.22,51.25,32.46,0.28,0.0
20220916:1310,562.18,202.21,10.14,43.94,31.95,0.9,0.0
20220916:1410,145.53,254.99,5.97,34.24,31.21,1.86,0.0
20220916:1510,213.52,138.18,5.0,23.27,29.88,2.07,0.0
20220916:1610,45.77,77.62,1.97,11.69,28.64,2.28,0.0
20220916:1710,0.0,0.0,0.0,0.0,27.38,2.55,0.0
20220916:1810,0.0,0.0,0.0,0.0,26.37,2.55,0.0
20220916:1910,0.0,0.0,0.0,0.0,26.78,2.83,0.0
20220916:2010,0.0,0.0,0.0,0.0,26.22,2.34,0.0
20220916:2110,0.0,0.0,0.0,0.0,25.94,2.14,0.0
20220916:2210,0.0,0.0,0.0,0.0,25.58,2.9,0.0
20220916:2310,0.0,0.0,0.0,0.0,25.3,2.9,0.0
20220917:0010,0.0,0.0,0.0,0.0,25.15,2.69,0.0
20220917:0110,0.0,0.0,0.0,0.0,24.75,3.86,0.0
20220917:0210,0.0,0.0,0.0,0.0,24.6,3.72,0.0
20220917:0310,0.0,0.0,0.0,0.0,24.39,3.52,0.0
20220917:0410,0.0,0.0,0.0,0.0,24.19,2.9,0.0
20220917:0510,0.0,4.61,0.08,3.31,24.08,3.03,0.0
20220917:0610,4.89,80.59,1.42,15.06,24.33,3.93,0.0
20220917:0710,233.66,172.32,5.5,26.49,25.26,5.17,0.0
20220917:0810,458.3,192.44,8.48,37.13,26.26,5.52,0.0
20220917:0910,577.92,226.44,10.45,46.2,27.63,5.38,0.0
20220917:1010,644.32,249.19,11.63,52.41,28.7,5.93,0.0
20220917:1110,845.7,160.67,12.91,54.17,29.04,6.21,0.0
20220917:1210,801.38,152.98,12.31,50.86,29.28,6.07,0.0
20220917:1310,673.99,147.59,10.72,43.57,29.23,6.14,0.0
20220917:1410,478.65,139.36,8.23,33.9,28.96,6.21,0.0
20220917:1510,243.05,123.76,5.13,22.95,28.31,6.28,0.0
20220917:1610,65.12,70.37,2.11,11.37,27.33,6.07,0.0
20220917:1710,0.0,0.0,0.0,0.0,26.15,5.52,0.0
20220917:1810,0.0,0.0,0.0,0.0,25.28,5.72,0.0
20220917:1910,0.0,0.0,0.0,0.0,24.69,5.59,0.0
20220917:2010,0.0,0.0,0.0,0.0,24.49,5.03,0.0
20220917:2110,0.0,0.0,0.0,0.0,24.04,4.55,0.0
20220917:2210,0.0,0.0,0.0,0.0,23.29,4.14,0.0
20220917:2310,0.0,0.0,0.0,0.0,22.6,3.93,0.0
20220918:0010,0.0,0.0,0.0,0.0,22.07,3.66,0.0
20220918:0110,0.0,0.0,0.0,0.0,21.65,3.38,0.0
20220918:0210,0.0,0.0,0.0,0.0,21.4,3.24,0.0
20220918:0310,0.0,0.0,0.0,0.0,21.07,3.24,0.0
20220918:0410,0.0,0.0,0.0,0.0,20.71,3.17,0.0
20220918:0510,3.51,13.45,0.28,3.14,20.4,3.17,0.0
20220918:0610,156.38,86.28,3.22,14.89,20.63,2.97,0.0
20220918:0710,355.24,133.77,6.31,26.3,21.4,2.76,0.0
20220918:0810,535.84,170.32,9.05,36.9,22.33,2.62,0.0
20220918:0910,733.82,165.74,11.44,45.92,23.3,2.9,0.0
20220918:1010,830.79,172.15,12.77,52.06,24.22,3.31,0.0
20220918:1110,877.88,162.08,13.27,53.78,24.81,3.59,0.0
20220918:1210,810.02,164.19,12.52,50.46,25.1,3.59,0.0
20220918:1310,683.58,155.31,10.89,43.2,25.07,3.79,0.0
20220918:1410,502.08,138.6,8.47,33.56,24.66,3.86,0.0
20220918:1510,277.79,114.43,5.39,22.62,23.85,3.38,0.0
20220918:1610,81.98,65.76,2.25,11.06,23.03,2.83,0.0
20220918:1710,0.0,0.0,0.0,0.0,22.22,2.34,0.0
20220918:1810,0.0,0.0,0.0,0.0,21.58,1.93,0.0
20220918:1910,0.0,0.0,0.0,0.0,21.03,1.86,0.0
20220918:2010,0.0,0.0,0.0,0.0,20.5,1.66,0.0
20220918:2110,0.0,0.0,0.0,0.0,19.72,1.59,0.0
20220918:2210,0.0,0.0,0.0,0.0,18.87,1.59,0.0
20220918:2310,0.0,0.0,0.0,0.0,18.27,1.72,0.0
20220919:0010,0.0,0.0,0.0,0.0,17.75,1.72,0.0
20220919:0110,0.0,0.0,0.0,0.0,17.45,1.79,0.0
20220919:0210,0.0,0.0,0.0,0.0,17.23,1.86,0.0
20220919:0310,0.0,0.0,0.0,0.0,17.3,1.72,0.0
20220919:0410,0.0,0.0,0.0,0.0,17.73,1.52,0.0
20220919:0510,3.76,13.45,0.28,2.98,18.11,1.38,0.0
20220919:0610,151.07,85.27,3.11,14.72,18.7,1.31,0.0
20220919:0710,370.75,122.73,6.3,26.11,21.87,1.66,0.0
20220919:0810,565.43,150.41,9.08,36.68,23.92,1.79,0.0
20220919:0910,725.05,162.43,11.23,45.63,25.95,2.41,0.0
20220919:1010,787.29,185.16,12.36,51.72,27.72,3.03,0.0
20220919:1110,732.99,227.84,12.34,53.38,28.64,2.28,0.0
20220919:1210,562.27,278.4,11.06,50.07,28.87,2.0,0.0
20220919:1310,611.37,183.9,10.34,42.83,28.49,2.41,0.0
20220919:1410,446.24,157.97,8.0,33.21,27.83,2.97,0.0
20220919:1510,218.17,134.89,4.91,22.3,26.81,3.31,0.0
20220919:1610,56.69,69.51,1.94,10.74,25.72,3.03,0.0
20220919:1710,0.0,0.0,0.0,0.0,24.62,2.62,0.0
20220919:1810,0.0,0.0,0.0,0.0,23.8,2.07,0.0
20220919:1910,0.0,0.0,0.0,0.0,23.51,1.93,0.0
20220919:2010,0.0,0.0,0.0,0.0,22.96,1.72,0.0
20220919:2110,0.0,0.0,0.0,0.0,22.26,1.66,0.0
20220919:2210,0.0,0.0,0.0,0.0,21.53,1.45,0.0
20220919:2310,0.0,0.0,0.0,0.0,20.96,1.38,0.0
20220920:0010,0.0,0.0,0.0,0.0,21.43,1.1,0.0
20220920:0110,0.0,0.0,0.0,0.0,22.02,0.9,0.0
20220920:0210,0.0,0.0,0.0,0.0,21.44,1.1,0.0
20220920:0310,0.0,0.0,0.0,0.0,20.79,1.24,0.0
20220920:0410,0.0,0.0,0.0,0.0,19.99,1.38,0.0
20220920:0510,2.69,12.67,0.25,2.81,19.15,1.66,0.0
20220920:0610,149.44,86.68,3.08,14.55,20.0,1.79,0.0
20220920:0710,362.43,127.34,6.22,25.92,22.67,2.41,0.0
20220920:0810,553.75,155.04,8.95,36.45,24.03,2.14,0.0
20220920:0910,718.7,167.38,11.17,45.35,25.35,2.21,0.0
20220920:1010,813.47,173.77,12.47,51.37,26.22,2.62,0.0
20220920:1110,824.77,179.01,12.73,52.99,26.74,2.62,0.0
20220920:1210,756.96,182.04,12.0,49.67,26.9,3.31,0.0
20220920:1310,636.75,169.62,10.41,42.46,26.64,3.79,0.0
20220920:1410,472.24,144.14,8.08,32.87,26.34,3.45,0.0
20220920:1510,254.56,118.62,5.08,21.97,25.79,3.1,0.0
20220920:1610,69.71,64.82,2.02,10.43,24.97,3.1,0.0
20220920:1710,0.0,0.0,0.0,0.0,24.04,2.83,0.0
20220920:1810,0.0,0.0,0.0,0.0,23.34,2.55,0.0
20220920:1910,0.0,0.0,0.0,0.0,23.02,1.45,0.0
20220920:2010,0.0,0.0,0.0,0.0,23.05,0.21,0.0
20220920:2110,0.0,0.0,0.0,0.0,22.72,0.69,0.0
20220920:2210,0.0,0.0,0.0,0.0,21.37,1.17,0.0
20220920:2310,0.0,0.0,0.0,0.0,20.16,1.66,0.0
20220921:0010,0.0,0.0,0.0,0.0,19.75,1.79,0.0
20220921:0110,0.0,0.0,0.0,0.0,19.57,1.66,0.0
20220921:0210,0.0,0.0,0.0,0.0,19.56,1.59,0.0
20220921:0310,0.0,0.0,0.0,0.0,19.61,1.52,0.0
20220921:0410,0.0,0.0,0.0,0.0,20.95,1.03,0.0
20220921:0510,2.9,10.86,0.22,2.64,21.32,0.62,0.0
20220921:0610,151.63,84.06,3.03,14.37,21.41,0.69,0.0
20220921:0710,364.2,124.55,6.16,25.72,22.33,1.17,0.0
20220921:0810,550.82,154.27,8.86,36.21,23.36,1.24,0.0
20220921:0910,717.34,163.16,11.05,45.06,24.46,1.72,0.0
20220921:1010,443.84,333.7,10.38,51.02,25.28,2.34,0.0
20220921:1110,521.9,316.81,11.05,52.6,25.79,2.62,0.0
20220921:1210,717.01,198.32,11.69,49.28,26.05,3.17,0.0
20220921:1310,515.35,224.86,9.67,42.09,25.66,4.07,0.0
20220921:1410,259.08,227.56,6.72,32.52,24.89,4.07,0.0
20220921:1510,132.68,155.54,4.14,21.65,24.63,4.34,0.0
20220921:1610,4.44,55.61,1.0,10.12,23.72,4.34,0.0
20220921:1710,0.0,0.0,0.0,0.0,22.82,4.0,0.0
20220921:1810,0.0,0.0,0.0,0.0,22.08,3.38,0.0
20220921:1910,0.0,0.0,0.0,0.0,21.71,2.48,0.0
20220921:2010,0.0,0.0,0.0,0.0,21.47,2.07,0.0
20220921:2110,0.0,0.0,0.0,0.0,21.39,1.72,0.0
20220921:2210,0.0,0.0,0.0,0.0,21.26,1.59,0.0
20220921:2310,0.0,0.0,0.0,0.0,20.91,1.66,0.0
20220922:0010,0.0,0.0,0.0,0.0,20.45,1.59,0.0
20220922:0110,0.0,0.0,0.0,0.0,20.05,1.24,0.0
20220922:0210,0.0,0.0,0.0,0.0,20.04,0.97,0.0
20220922:0310,0.0,0.0,0.0,0.0,19.81,1.1,0.0
20220922:0410,0.0,0.0,0.0,0.0,20.08,0.97,0.0
20220922:0510,4.72,10.77,0.23,2.48,19.65,0.97,0.0
20220922:0610,110.48,94.67,2.72,14.2,19.73,0.83,0.0
20220922:0710,24.49,169.71,3.13,25.53,21.44,2.28,0.0
20220922:0810,0.0,105.96,1.8,35.98,22.01,2.62,0.0
20220922:0910,6.35,241.14,4.16,44.78,22.39,2.48,0.0
20220922:1010,288.02,368.26,9.19,50.67,22.77,2.28,0.0
20220922:1110,44.01,340.01,6.22,52.2,23.15,2.21,0.0
20220922:1210,0.0,217.45,3.69,48.88,23.32,2.9,0.0
20220922:1310,1.24,200.05,3.41,41.72,22.56,2.97,0.0
20220922:1410,0.0,112.41,1.91,32.18,21.9,3.1,0.0
20220922:1510,0.0,47.91,0.81,21.32,21.05,2.9,0.0
20220922:1610,0.0,14.74,0.25,9.8,21.13,2.76,0.0
20220922:1710,0.0,0.0,0.0,0.0,20.75,2.69,0.0
20220922:1810,0.0,0.0,0.0,0.0,20.61,2.21,0.0
20220922:1910,0.0,0.0,0.0,0.0,20.21,2.28,0.0
20220922:2010,0.0,0.0,0.0,0.0,20.31,2.34,0.0
20220922:2110,0.0,0.0,0.0,0.0,20.36,2.28,0.0
20220922:2210,0.0,0.0,0.0,0.0,20.18,2.07,0.0
20220922:2310,0.0,0.0,0.0,0.0,19.86,1.72,0.0
20220923:0010,0.0,0.0,0.0,0.0,19.3,1.52,0.0
20220923:0110,0.0,0.0,0.0,0.0,18.7,1.66,0.0
20220923:0210,0.0,0.0,0.0,0.0,18.29,1.93,0.0
20220923:0310,0.0,0.0,0.0,0.0,18.13,2.28,0.0
20220923:0410,0.0,0.0,0.0,0.0,18.54,2.69,0.0
20220923:0510,1.71,8.22,0.16,2.31,18.35,2.76,0.0
20220923:0610,145.51,86.68,2.94,14.02,19.15,2.97,0.0
20220923:0710,370.4,125.99,6.16,25.33,20.58,4.21,0.0
20220923:0810,319.97,252.1,7.56,35.74,21.27,4.83,0.0
20220923:0910,500.21,270.32,9.92,44.49,21.7,5.1,0.0
20220923:1010,653.65,256.9,11.56,50.31,21.99,4.76,0.0
20220923:1110,421.89,354.81,10.42,51.81,22.02,4.28,0.0
20220923:1210,432.36,325.52,10.11,48.49,22.0,3.93,0.0
20220923:1310,654.67,160.55,10.34,41.35,21.87,3.66,0.0
20220923:1410,434.79,159.86,7.7,31.83,21.69,3.38,0.0
20220923:1510,201.14,135.91,4.58,21.0,21.39,3.31,0.0
20220923:1610,38.15,64.35,1.55,9.49,20.87,3.31,0.0
20220923:1710,0.0,0.0,0.0,0.0,20.2,2.97,0.0
20220923:1810,0.0,0.0,0.0,0.0,19.64,2.76,0.0
20220923:1910,0.0,0.0,0.0,0.0,19.18,2.28,0.0
20220923:2010,0.0,0.0,0.0,0.0,18.39,1.86,0.0
20220923:2110,0.0,0.0,0.0,0.0,17.37,1.59,0.0
20220923:2210,0.0,0.0,0.0,0.0,16.96,1.52,0.0
20220923:2310,0.0,0.0,0.0,0.0,17.49,1.38,0.0
20220924:0010,0.0,0.0,0.0,0.0,17.99,1.24,0.0
20220924:0110,0.0,0.0,0.0,0.0,17.37,1.31,0.0
20220924:0210,0.0,0.0,0.0,0.0,16.85,1.45,0.0
20220924:0310,0.0,0.0,0.0,0.0,16.0,1.59,0.0
20220924:0410,0.0,0.0,0.0,0.0,15.1,1.79,0.0
20220924:0510,0.0,8.29,0.14,2.14,14.47,1.93,0.0
20220924:0610,161.26,83.02,3.02,13.84,15.65,2.07,0.0
20220924:0710,349.98,135.62,6.02,25.13,19.35,2.0,0.0
20220924:0810,517.23,179.68,8.67,35.51,20.84,2.41,0.0
20220924:0910,388.67,311.69,9.27,44.19,22.14,3.1,0.0
20220924:1010,122.43,373.9,7.55,49.96,23.23,3.52,0.0
20220924:1110,220.81,390.77,8.83,51.41,23.75,3.31,0.0
20220924:1210,24.0,303.28,5.39,48.09,23.97,3.66,0.0
20220924:1310,55.28,295.61,5.58,40.98,23.97,3.72,0.0
20220924:1410,168.39,245.85,5.92,31.49,23.91,3.86,0.0
20220924:1510,77.58,158.63,3.52,20.67,23.58,3.93,0.0
20220924:1610,29.53,62.82,1.41,9.17,23.07,3.66,0.0
20220924:1710,0.0,0.0,0.0,0.0,22.44,3.38,0.0
20220924:1810,0.0,0.0,0.0,0.0,21.83,3.31,0.0
20220924:1910,0.0,0.0,0.0,0.0,21.51,4.28,0.0
20220924:2010,0.0,0.0,0.0,0.0,21.08,4.48,0.0
20220924:2110,0.0,0.0,0.0,0.0,20.84,4.9,0.0
20220924:2210,0.0,0.0,0.0,0.0,20.69,5.24,0.0
20220924:2310,0.0,0.0,0.0,0.0,20.59,5.45,0.0
20220925:0010,0.0,0.0,0.0,0.0,20.54,5.59,0.0
20220925:0110,0.0,0.0,0.0,0.0,20.59,5.72,0.0
20220925:0210,0.0,0.0,0.0,0.0,20.59,5.86,0.0
20220925:0310,0.0,0.0,0.0,0.0,20.6,5.86,0.0
20220925:0410,0.0,0.0,0.0,0.0,20.57,5.93,0.0
20220925:0510,0.0,7.37,0.13,1.97,20.53,5.79,0.0
20220925:0610,99.07,95.67,2.55,13.66,20.89,5.59,0.0
20220925:0710,272.36,159.36,5.47,24.92,22.16,5.45,0.0
20220925:0810,474.95,189.07,8.28,35.27,23.43,6.69,0.0
20220925:0910,696.31,172.67,10.72,43.9,24.85,7.52,0.0
20220925:1010,775.24,186.78,11.92,49.61,25.54,7.24,0.0
20220925:1110,807.06,181.08,12.28,51.02,26.17,7.03,0.0
20220925:1210,724.73,190.61,11.47,47.69,26.35,6.62,0.0
20220925:1310,605.13,175.82,9.86,40.6,26.28,6.28,0.0
20220925:1410,357.98,186.17,7.09,31.14,26.05,5.93,0.0
20220925:1510,182.91,134.47,4.28,20.35,25.7,5.59,0.0
20220925:1610,44.72,58.69,1.5,8.86,25.01,5.24,0.0
20220925:1710,0.0,0.0,0.0,0.0,24.03,4.9,0.0
20220925:1810,0.0,0.0,0.0,0.0,23.27,4.83,0.0
20220925:1910,0.0,0.0,0.0,0.0,23.22,4.97,0.0
20220925:2010,0.0,0.0,0.0,0.0,22.89,5.03,0.0
20220925:2110,0.0,0.0,0.0,0.0,22.74,4.9,0.0
20220925:2210,0.0,0.0,0.0,0.0,22.69,4.69,0.0
20220925:2310,0.0,0.0,0.0,0.0,22.63,4.62,0.0
20220926:0010,0.0,0.0,0.0,0.0,22.57,4.55,0.0
20220926:0110,0.0,0.0,0.0,0.0,22.47,4.76,0.0
20220926:0210,0.0,0.0,0.0,0.0,22.51,4.62,0.0
20220926:0310,0.0,0.0,0.0,0.0,22.54,4.48,0.0
20220926:0410,0.0,0.0,0.0,0.0,22.65,4.34,0.0
20220926:0510,0.0,1.84,0.03,1.8,22.61,4.0,0.0
20220926:0610,0.0,16.58,0.28,13.48,22.74,4.07,0.0
20220926:0710,0.0,54.36,0.92,24.72,21.58,3.86,0.0
20220926:0810,0.0,77.4,1.31,35.02,21.92,4.14,0.0
20220926:0910,0.0,68.18,1.16,43.6,22.37,4.21,0.0
20220926:1010,0.0,138.21,2.34,49.25,23.03,4.07,0.0
20220926:1110,0.0,112.41,1.91,50.62,23.15,5.93,0.0
20220926:1210,2.55,234.28,4.0,47.3,23.52,5.79,0.0
20220926:1310,1.27,183.46,3.13,40.23,23.32,6.14,0.0
20220926:1410,13.92,187.64,3.33,30.8,23.15,4.83,0.0
20220926:1510,11.32,120.96,2.17,20.02,23.33,4.14,0.0
20220926:1610,23.52,55.88,1.2,8.54,23.45,3.31,0.0
20220926:1710,0.0,0.0,0.0,0.0,22.95,2.41,0.0
20220926:1810,0.0,0.0,0.0,0.0,22.26,2.21,0.0
20220926:1910,0.0,0.0,0.0,0.0,22.28,2.76,0.0
20220926:2010,0.0,0.0,0.0,0.0,22.04,2.76,0.0
20220926:2110,0.0,0.0,0.0,0.0,21.63,2.9,0.0
20220926:2210,0.0,0.0,0.0,0.0,21.23,2.97,0.0
20220926:2310,0.0,0.0,0.0,0.0,20.94,2.97,0.0
20220927:0010,0.0,0.0,0.0,0.0,20.64,3.24,0.0
20220927:0110,0.0,0.0,0.0,0.0,20.53,3.52,0.0
20220927:0210,0.0,0.0,0.0,0.0,20.57,3.93,0.0
20220927:0310,0.0,0.0,0.0,0.0,20.55,4.55,0.0
20220927:0410,0.0,0.0,0.0,0.0,20.43,4.76,0.0
20220927:0510,0.0,0.92,0.02,1.62,20.33,4.55,0.0
20220927:0610,143.33,82.88,2.73,13.3,20.45,4.28,0.0
20220927:0710,293.27,147.79,5.45,24.52,21.41,4.9,0.0
20220927:0810,449.39,195.3,8.0,34.78,22.27,4.9,0.0
20220927:0910,634.65,198.96,10.27,43.31,22.97,4.69,0.0
20220927:1010,306.63,356.49,9.08,48.89,23.8,4.48,0.0
20220927:1110,792.85,181.63,12.02,50.23,24.33,4.48,0.0
20220927:1210,756.33,169.57,11.45,46.9,24.55,4.69,0.0
20220927:1310,51.11,280.3,5.27,39.86,24.28,5.1,0.0
20220927:1410,30.58,207.36,3.83,30.45,23.84,4.9,0.0
20220927:1510,180.49,130.11,4.13,19.7,23.38,4.55,0.0
20220927:1610,46.96,53.61,1.41,8.23,22.82,4.34,0.0
20220927:1710,0.0,0.0,0.0,0.0,21.9,4.55,0.0
20220927:1810,0.0,0.0,0.0,0.0,20.96,4.62,0.0
20220927:1910,0.0,0.0,0.0,0.0,21.14,4.21,0.0
20220927:2010,0.0,0.0,0.0,0.0,20.67,4.14,0.0
20220927:2110,0.0,0.0,0.0,0.0,20.27,3.79,0.0
20220927:2210,0.0,0.0,0.0,0.0,20.0,3.86,0.0
20220927:2310,0.0,0.0,0.0,0.0,19.76,3.93,0.0
20220928:0010,0.0,0.0,0.0,0.0,19.5,3.86,0.0
20220928:0110,0.0,0.0,0.0,0.0,19.25,3.66,0.0
20220928:0210,0.0,0.0,0.0,0.0,19.19,3.45,0.0
20220928:0310,0.0,0.0,0.0,0.0,19.02,3.31,0.0
20220928:0410,0.0,0.0,0.0,0.0,18.9,3.24,0.0
20220928:0510,0.0,0.92,0.02,1.45,18.77,3.31,0.0
20220928:0610,139.84,84.14,2.69,13.12,19.23,3.31,0.0
20220928:0710,190.0,179.32,4.83,24.31,20.76,4.28,0.0
20220928:0810,289.14,251.44,7.08,34.53,21.66,5.03,0.0
20220928:0910,562.06,235.47,9.91,43.01,22.51,5.45,0.0
20220928:1010,538.24,293.33,10.56,48.54,23.01,5.79,0.0
20220928:1110,380.22,352.15,9.78,49.83,23.2,5.86,0.0
20220928:1210,184.24,353.59,7.8,46.51,23.27,5.93,0.0
20220928:1310,124.65,302.79,6.36,39.49,23.03,5.86,0.0
20220928:1410,317.01,195.76,6.66,30.11,23.03,5.17,0.0
20220928:1510,100.24,144.91,3.47,19.37,23.01,4.55,0.0
20220928:1610,46.9,51.97,1.36,7.92,22.62,3.93,0.0
20220928:1710,0.0,0.0,0.0,0.0,21.78,3.66,0.0
20220928:1810,0.0,0.0,0.0,0.0,20.93,3.45,0.0
20220928:1910,0.0,0.0,0.0,0.0,20.36,3.17,0.0
20220928:2010,0.0,0.0,0.0,0.0,19.95,2.97,0.0
20220928:2110,0.0,0.0,0.0,0.0,19.65,3.1,0.0
20220928:2210,0.0,0.0,0.0,0.0,19.47,3.24,0.0
20220928:2310,0.0,0.0,0.0,0.0,19.45,3.59,0.0
20220929:0010,0.0,0.0,0.0,0.0,19.37,3.86,0.0
20220929:0110,0.0,0.0,0.0,0.0,19.19,4.14,0.0
20220929:0210,0.0,0.0,0.0,0.0,18.83,4.07,0.0
20220929:0310,0.0,0.0,0.0,0.0,18.82,3.93,0.0
20220929:0410,0.0,0.0,0.0,0.0,18.94,4.41,0.0
20220929:0510,0.0,0.0,0.0,0.0,19.1,5.31,0.0
20220929:0610,139.15,82.32,2.63,12.93,19.03,5.38,0.0
20220929:0710,310.81,141.3,5.47,24.1,20.58,4.62,0.0
20220929:0810,485.9,179.52,8.09,34.29,21.75,6.0,0.0
20220929:0910,624.36,203.1,10.11,42.71,22.71,6.28,0.0
20220929:1010,719.87,210.14,11.39,48.18,23.54,5.93,0.0
20220929:1110,779.69,188.17,11.84,49.44,24.23,6.0,0.0
20220929:1210,709.63,190.01,11.08,46.12,24.64,5.45,0.0
20220929:1310,392.93,258.03,8.44,39.12,25.07,5.03,0.0
20220929:1410,373.66,170.03,6.88,29.76,24.9,4.62,0.0
20220929:1510,204.04,118.32,4.14,19.05,24.55,4.0,0.0
20220929:1610,42.86,50.91,1.28,7.61,23.96,2.83,0.0
20220929:1710,0.0,0.0,0.0,0.0,23.01,2.07,0.0
20220929:1810,0.0,0.0,0.0,0.0,21.93,1.66,0.0
20220929:1910,0.0,0.0,0.0,0.0,21.69,2.69,0.0
20220929:2010,0.0,0.0,0.0,0.0,21.12,3.1,0.0
20220929:2110,0.0,0.0,0.0,0.0,20.7,3.24,0.0
20220929:2210,0.0,0.0,0.0,0.0,20.37,3.17,0.0
20220929:2310,0.0,0.0,0.0,0.0,20.07,3.17,0.0
20220930:0010,0.0,0.0,0.0,0.0,19.93,3.17,0.0
20220930:0110,0.0,0.0,0.0,0.0,19.77,3.17,0.0
20220930:0210,0.0,0.0,0.0,0.0,19.69,3.1,0.0
20220930:0310,0.0,0.0,0.0,0.0,19.69,3.03,0.0
20220930:0410,0.0,0.0,0.0,0.0,19.79,3.03,0.0
20220930:0510,0.0,0.0,0.0,0.0,19.86,3.31,0.0
20220930:0610,141.41,80.79,2.59,12.75,20.3,3.59,0.0
20220930:0710,331.54,131.94,5.52,23.89,22.14,4.34,0.0
20220930:0810,544.15,153.02,8.33,34.04,23.52,5.1,0.0
20220930:0910,680.71,173.57,10.3,42.4,24.93,5.31,0.0
20220930:1010,144.42,358.04,7.44,47.82,26.06,5.17,0.0
20220930:1110,551.04,292.17,10.66,49.05,26.86,5.24,0.0
20220930:1210,230.38,345.59,8.09,45.72,27.34,5.1,0.0
20220930:1310,65.01,279.68,5.38,38.75,27.31,5.17,0.0
20220930:1410,52.1,214.21,4.14,29.42,26.6,4.69,0.0
20220930:1510,156.44,129.5,3.77,18.73,26.28,3.72,0.0
20220930:1610,24.82,48.14,1.05,7.3,25.74,2.48,0.0
20220930:1710,0.0,0.0,0.0,0.0,25.01,0.55,0.0
20220930:1810,0.0,0.0,0.0,0.0,24.24,0.41,0.0
20220930:1910,0.0,0.0,0.0,0.0,21.83,2.34,0.0
20220930:2010,0.0,0.0,0.0,0.0,20.93,2.9,0.0
20220930:2110,0.0,0.0,0.0,0.0,20.42,2.21,0.0
20220930:2210,0.0,0.0,0.0,0.0,19.8,2.14,0.0
20220930:2310,0.0,0.0,0.0,0.0,19.38,2.83,0.0
20221001:0010,0.0,0.0,0.0,0.0,19.62,1.93,0.0
20221001:0110,0.0,0.0,0.0,0.0,19.81,1.03,0.0
20221001:0210,0.0,0.0,0.0,0.0,19.8,0.62,0.0
20221001:0310,0.0,0.0,0.0,0.0,20.03,0.48,0.0
20221001:0410,0.0,0.0,0.0,0.0,19.23,1.03,0.0
20221001:0510,0.0,0.0,0.0,0.0,19.0,1.59,0.0
20221001:0610,43.88,88.29,1.84,12.56,19.96,1.86,0.0
20221001:0710,178.42,175.05,4.58,23.68,21.51,2.97,0.0
20221001:0810,523.36,158.37,8.13,33.79,22.55,2.69,0.0
20221001:0910,621.82,199.47,9.94,42.1,23.29,2.69,0.0
20221001:1010,745.48,190.09,11.31,47.46,23.83,4.34,0.0
20221001:1110,114.16,355.39,7.11,48.65,23.35,5.79,0.0
20221001:1210,557.33,254.87,10.16,45.33,22.62,6.21,0.0
20221001:1310,209.25,292.29,6.98,38.38,22.25,5.38,0.0
20221001:1410,198.19,217.14,5.63,29.08,22.04,5.24,0.0
20221001:1510,224.78,104.66,4.09,18.41,21.54,5.31,0.0
20221001:1610,35.55,46.75,1.11,6.99,20.91,4.76,0.0
20221001:1710,0.0,0.0,0.0,0.0,20.2,4.34,0.0
20221001:1810,0.0,0.0,0.0,0.0,19.65,4.21,0.0
20221001:1910,0.0,0.0,0.0,0.0,19.56,4.62,0.0
20221001:2010,0.0,0.0,0.0,0.0,19.38,4.41,0.0
20221001:2110,0.0,0.0,0.0,0.0,19.28,4.21,0.0
20221001:2210,0.0,0.0,0.0,0.0,19.2,4.0,0.0
20221001:2310,0.0,0.0,0.0,0.0,19.17,3.93,0.0
20221002:0010,0.0,0.0,0.0,0.0,19.09,3.86,0.0
20221002:0110,0.0,0.0,0.0,0.0,18.98,3.72,0.0
20221002:0210,0.0,0.0,0.0,0.0,18.78,3.45,0.0
20221002:0310,0.0,0.0,0.0,0.0,18.68,3.1,0.0
20221002:0410,0.0,0.0,0.0,0.0,18.52,2.55,0.0
20221002:0510,0.0,0.0,0.0,0.0,18.28,2.28,0.0
20221002:0610,152.28,78.37,2.59,12.37,18.78,2.14,0.0
20221002:0710,355.85,124.29,5.58,23.46,20.38,2.28,0.0
20221002:0810,581.25,141.62,8.48,33.53,21.33,2.9,0.0
20221002:0910,704.21,167.42,10.38,41.8,22.14,3.31,0.0
20221002:1010,794.28,174.83,11.61,47.1,22.74,3.59,0.0
20221002:1110,821.47,171.24,11.94,48.26,23.08,3.59,0.0
20221002:1210,737.76,177.73,11.08,44.94,23.37,3.52,0.0
20221002:1310,622.29,159.95,9.48,38.01,23.14,3.45,0.0
20221002:1410,443.07,137.56,7.06,28.74,22.94,3.24,0.0
20221002:1510,240.93,100.88,4.17,18.09,22.55,2.76,0.0
20221002:1610,47.0,44.4,1.16,6.68,22.01,2.14,0.0
20221002:1710,0.0,0.0,0.0,0.0,21.39,1.52,0.0
20221002:1810,0.0,0.0,0.0,0.0,20.51,1.31,0.0
20221002:1910,0.0,0.0,0.0,0.0,20.55,0.34,0.0
20221002:2010,0.0,0.0,0.0,0.0,20.31,0.76,0.0
20221002:2110,0.0,0.0,0.0,0.0,18.26,1.38,0.0
20221002:2210,0.0,0.0,0.0,0.0,17.46,1.79,0.0
20221002:2310,0.0,0.0,0.0,0.0,17.25,1.86,0.0
20221003:0010,0.0,0.0,0.0,0.0,17.2,1.79,0.0
20221003:0110,0.0,0.0,0.0,0.0,17.06,1.79,0.0
20221003:0210,0.0,0.0,0.0,0.0,16.95,1.72,0.0
20221003:0310,0.0,0.0,0.0,0.0,16.79,1.79,0.0
20221003:0410,0.0,0.0,0.0,0.0,16.61,1.93,0.0
20221003:0510,0.0,0.0,0.0,0.0,16.58,2.0,0.0
20221003:0610,156.41,77.0,2.58,12.18,17.43,1.93,0.0
20221003:0710,229.94,167.16,4.89,23.25,20.94,1.72,0.0
20221003:0810,576.87,143.2,8.41,33.28,22.48,2.41,0.0
20221003:0910,716.16,164.91,10.42,41.49,23.2,3.38,0.0
20221003:1010,783.6,182.23,11.53,46.74,23.48,4.07,0.0
20221003:1110,846.73,160.58,12.03,47.87,23.54,4.41,0.0
20221003:1210,740.29,177.27,11.05,44.55,23.27,4.62,0.0
20221003:1310,447.36,237.06,8.56,37.65,23.01,4.62,0.0
20221003:1410,179.94,221.09,5.45,28.4,22.6,4.21,0.0
20221003:1510,183.93,119.06,3.8,17.77,22.18,4.0,0.0
20221003:1610,24.32,41.93,0.91,6.38,21.72,3.45,0.0
20221003:1710,0.0,0.0,0.0,0.0,21.11,2.48,0.0
20221003:1810,0.0,0.0,0.0,0.0,20.57,1.79,0.0
20221003:1910,0.0,0.0,0.0,0.0,19.9,1.38,0.0
20221003:2010,0.0,0.0,0.0,0.0,19.15,1.31,0.0
20221003:2110,0.0,0.0,0.0,0.0,18.69,1.38,0.0
20221003:2210,0.0,0.0,0.0,0.0,18.25,1.52,0.0
20221003:2310,0.0,0.0,0.0,0.0,18.98,1.17,0.0
20221004:0010,0.0,0.0,0.0,0.0,20.03,0.83,0.0
20221004:0110,0.0,0.0,0.0,0.0,19.87,0.55,0.0
20221004:0210,0.0,0.0,0.0,0.0,19.73,0.83,0.0
20221004:0310,0.0,0.0,0.0,0.0,18.46,1.17,0.0
20221004:0410,0.0,0.0,0.0,0.0,17.51,1.45,0.0
20221004:0510,0.0,0.0,0.0,0.0,17.0,1.59,0.0
20221004:0610,143.18,78.47,2.45,11.99,17.31,1.59,0.0
20221004:0710,338.05,130.1,5.39,23.03,20.05,1.59,0.0
20221004:0810,544.84,153.0,8.14,33.02,21.2,1.52,0.0
20221004:0910,622.65,205.0,9.88,41.18,22.28,1.17,0.0
20221004:1010,729.95,204.33,11.17,46.38,23.09,1.52,0.0
20221004:1110,759.04,198.66,11.48,47.48,23.52,2.14,0.0
20221004:1210,688.37,198.1,10.69,44.16,23.47,2.48,0.0
20221004:1310,527.31,200.56,8.88,37.28,23.29,2.76,0.0
20221004:1410,303.6,188.75,6.19,28.06,22.77,2.83,0.0
20221004:1510,143.47,126.13,3.47,17.45,22.48,2.62,0.0
20221004:1610,18.91,38.48,0.8,6.07,21.68,2.21,0.0
20221004:1710,0.0,0.0,0.0,0.0,21.15,1.86,0.0
20221004:1810,0.0,0.0,0.0,0.0,20.86,1.66,0.0
20221004:1910,0.0,0.0,0.0,0.0,20.46,1.72,0.0
20221004:2010,0.0,0.0,0.0,0.0,19.73,1.93,0.0
20221004:2110,0.0,0.0,0.0,0.0,19.21,2.0,0.0
20221004:2210,0.0,0.0,0.0,0.0,18.57,1.86,0.0
20221004:2310,0.0,0.0,0.0,0.0,18.07,1.79,0.0
20221005:0010,0.0,0.0,0.0,0.0,17.77,1.66,0.0
20221005:0110,0.0,0.0,0.0,0.0,17.94,1.45,0.0
20221005:0210,0.0,0.0,0.0,0.0,18.36,1.31,0.0
20221005:0310,0.0,0.0,0.0,0.0,19.12,1.17,0.0
20221005:0410,0.0,0.0,0.0,0.0,19.46,0.9,0.0
20221005:0510,0.0,0.0,0.0,0.0,19.28,0.62,0.0
20221005:0610,155.37,75.64,2.48,11.79,19.32,0.48,0.0
20221005:0710,375.88,120.28,5.59,22.81,19.98,1.17,0.0
20221005:0810,581.8,143.41,8.36,32.77,21.2,1.03,0.0
20221005:0910,741.8,156.16,10.48,40.88,22.0,1.17,0.0
20221005:1010,846.72,155.3,11.78,46.02,22.69,1.31,0.0
20221005:1110,851.16,160.65,11.97,47.08,23.21,1.52,0.0
20221005:1210,786.87,157.37,11.2,43.77,23.51,2.14,0.0
20221005:1310,643.08,150.82,9.44,36.92,23.49,2.69,0.0
20221005:1410,448.2,135.18,6.94,27.72,23.14,2.76,0.0
20221005:1510,238.9,98.2,3.98,17.13,22.51,2.83,0.0
20221005:1610,36.04,39.09,0.92,5.77,21.76,2.62,0.0
20221005:1710,0.0,0.0,0.0,0.0,20.97,2.14,0.0
20221005:1810,0.0,0.0,0.0,0.0,20.27,1.79,0.0
20221005:1910,0.0,0.0,0.0,0.0,19.36,1.52,0.0
20221005:2010,0.0,0.0,0.0,0.0,19.59,1.1,0.0
20221005:2110,0.0,0.0,0.0,0.0,20.54,0.62,0.0
20221005:2210,0.0,0.0,0.0,0.0,20.31,0.55,0.0
20221005:2310,0.0,0.0,0.0,0.0,20.04,0.76,0.0
20221006:0010,0.0,0.0,0.0,0.0,19.77,0.97,0.0
20221006:0110,0.0,0.0,0.0,0.0,19.56,1.03,0.0
20221006:0210,0.0,0.0,0.0,0.0,18.68,0.97,0.0
20221006:0310,0.0,0.0,0.0,0.0,18.16,0.97,0.0
20221006:0410,0.0,0.0,0.0,0.0,18.07,0.83,0.0
20221006:0510,0.0,0.0,0.0,0.0,17.92,0.83,0.0
20221006:0610,158.1,75.32,2.47,11.6,17.69,0.9,0.0
20221006:0710,367.71,122.77,5.5,22.59,18.48,1.1,0.0
20221006:0810,560.55,151.47,8.19,32.51,20.18,1.24,0.0
20221006:0910,702.13,173.39,10.22,40.57,21.34,1.38,0.0
20221006:1010,731.97,210.6,11.17,45.66,22.21,1.59,0.0
20221006:1110,774.73,198.36,11.55,46.69,22.71,2.0,0.0
20221006:1210,651.39,222.28,10.5,43.39,22.95,2.21,0.0
20221006:1310,603.92,168.87,9.19,36.56,23.02,2.41,0.0
20221006:1410,410.86,150.11,6.69,27.39,22.9,2.69,0.0
20221006:1510,154.26,122.18,3.45,16.82,22.35,2.9,0.0
20221006:1610,18.77,32.37,0.72,5.47,21.59,2.62,0.0
20221006:1710,0.0,0.0,0.0,0.0,20.76,2.28,0.0
20221006:1810,0.0,0.0,0.0,0.0,20.05,1.93,0.0
20221006:1910,0.0,0.0,0.0,0.0,19.17,1.66,0.0
20221006:2010,0.0,0.0,0.0,0.0,18.38,1.31,0.0
20221006:2110,0.0,0.0,0.0,0.0,18.77,1.1,0.0
20221006:2210,0.0,0.0,0.0,0.0,19.13,1.03,0.0
20221006:2310,0.0,0.0,0.0,0.0,18.2,1.17,0.0
20221007:0010,0.0,0.0,0.0,0.0,18.24,1.17,0.0
20221007:0110,0.0,0.0,0.0,0.0,18.03,1.17,0.0
20221007:0210,0.0,0.0,0.0,0.0,17.82,1.17,0.0
20221007:0310,0.0,0.0,0.0,0.0,17.55,1.24,0.0
20221007:0410,0.0,0.0,0.0,0.0,17.73,1.17,0.0
20221007:0510,0.0,0.0,0.0,0.0,17.61,1.17,0.0
20221007:0610,144.16,76.72,2.34,11.4,17.64,1.1,0.0
20221007:0710,359.39,122.76,5.38,22.37,19.23,0.9,0.0
20221007:0810,560.11,147.13,8.08,32.25,20.44,0.83,0.0
20221007:0910,717.08,159.93,10.16,40.26,21.38,0.97,0.0
20221007:1010,807.78,166.06,11.38,45.3,22.1,1.17,0.0
20221007:1110,832.7,162.33,11.67,46.31,22.56,1.52,0.0
20221007:1210,758.86,163.57,10.86,43.0,22.77,1.93,0.0
20221007:1310,617.18,155.73,9.11,36.19,22.73,2.28,0.0
20221007:1410,433.48,134.49,6.67,27.05,22.53,2.41,0.0
20221007:1510,215.1,101.11,3.7,16.51,22.05,2.21,0.0
20221007:1610,26.73,30.67,0.75,5.17,21.47,2.07,0.0
20221007:1710,0.0,0.0,0.0,0.0,20.83,2.0,0.0
20221007:1810,0.0,0.0,0.0,0.0,20.25,1.79,0.0
20221007:1910,0.0,0.0,0.0,0.0,19.52,1.59,0.0
20221007:2010,0.0,0.0,0.0,0.0,18.69,1.31,0.0
20221007:2110,0.0,0.0,0.0,0.0,18.46,1.24,0.0
20221007:2210,0.0,0.0,0.0,0.0,18.13,1.31,0.0
20221007:2310,0.0,0.0,0.0,0.0,17.68,1.52,0.0
20221008:0010,0.0,0.0,0.0,0.0,17.25,1.66,0.0
20221008:0110,0.0,0.0,0.0,0.0,16.98,1.66,0.0
20221008:0210,0.0,0.0,0.0,0.0,16.8,1.66,0.0
20221008:0310,0.0,0.0,0.0,0.0,16.77,1.59,0.0
20221008:0410,0.0,0.0,0.0,0.0,16.66,1.59,0.0
20221008:0510,0.0,0.0,0.0,0.0,16.65,1.59,0.0
20221008:0610,126.29,77.45,2.19,11.21,16.74,1.59,0.0
20221008:0710,347.93,123.71,5.23,22.15,19.23,1.38,0.0
20221008:0810,544.08,150.5,7.91,31.99,20.57,1.31,0.0
20221008:0910,705.89,161.22,10.0,39.95,21.64,1.17,0.0
20221008:1010,627.4,245.64,10.42,44.94,22.58,0.97,0.0
20221008:1110,626.33,253.64,10.58,45.92,23.31,0.55,0.0
20221008:1210,635.34,216.73,10.16,42.62,23.67,0.28,0.0
20221008:1310,475.0,213.47,8.31,35.84,24.04,0.41,0.0
20221008:1410,364.9,158.61,6.23,26.72,23.66,1.03,0.0
20221008:1510,177.32,109.51,3.42,16.2,23.15,2.07,0.0
20221008:1610,0.0,27.12,0.48,4.88,22.38,2.07,0.0
20221008:1710,0.0,0.0,0.0,0.0,21.72,2.0,0.0
20221008:1810,0.0,0.0,0.0,0.0,21.22,2.0,0.0
20221008:1910,0.0,0.0,0.0,0.0,20.87,1.93,0.0
20221008:2010,0.0,0.0,0.0,0.0,20.37,1.93,0.0
20221008:2110,0.0,0.0,0.0,0.0,19.9,1.86,0.0
20221008:2210,0.0,0.0,0.0,0.0,19.23,1.72,0.0
20221008:2310,0.0,0.0,0.0,0.0,18.92,1.79,0.0
20221009:0010,0.0,0.0,0.0,0.0,18.97,2.14,0.0
20221009:0110,0.0,0.0,0.0,0.0,19.12,2.34,0.0
20221009:0210,0.0,0.0,0.0,0.0,19.19,2.41,0.0
20221009:0310,0.0,0.0,0.0,0.0,19.25,2.48,0.0
20221009:0410,0.0,0.0,0.0,0.0,19.32,2.48,0.0
20221009:0510,0.0,0.0,0.0,0.0,19.38,2.41,0.0
20221009:0610,0.0,46.07,0.78,11.01,19.66,2.55,0.0
20221009:0710,144.1,167.59,3.98,21.92,21.01,2.62,0.0
20221009:0810,436.52,187.88,7.27,31.72,22.54,2.55,0.0
20221009:0910,572.08,213.13,9.22,39.63,23.53,1.86,0.0
20221009:1010,670.48,216.07,10.44,44.58,24.14,1.03,0.0
20221009:1110,632.25,240.69,10.42,45.53,24.27,0.83,0.0
20221009:1210,53.23,294.13,5.47,42.24,23.81,1.24,0.0
20221009:1310,0.0,148.34,2.52,35.48,23.72,1.93,0.0
20221009:1410,11.19,158.93,2.8,26.39,23.18,2.41,0.0
20221009:1510,0.0,26.72,0.45,15.89,23.03,2.28,0.0
20221009:1610,0.0,18.37,0.33,4.59,22.77,1.72,0.0
20221009:1710,0.0,0.0,0.0,0.0,22.41,0.83,0.0
20221009:1810,0.0,0.0,0.0,0.0,21.93,0.97,0.0
20221009:1910,0.0,0.0,0.0,0.0,20.77,2.69,0.0
20221009:2010,0.0,0.0,0.0,0.0,21.1,2.62,0.0
20221009:2110,0.0,0.0,0.0,0.0,21.17,2.97,0.0
20221009:2210,0.0,0.0,0.0,0.0,21.19,3.17,0.0
20221009:2310,0.0,0.0,0.0,0.0,21.16,3.59,0.0
20221010:0010,0.0,0.0,0.0,0.0,20.81,3.86,0.0
20221010:0110,0.0,0.0,0.0,0.0,20.14,3.45,0.0
20221010:0210,0.0,0.0,0.0,0.0,19.59,3.03,0.0
20221010:0310,0.0,0.0,0.0,0.0,19.11,2.97,0.0
20221010:0410,0.0,0.0,0.0,0.0,19.0,2.97,0.0
20221010:0510,0.0,0.0,0.0,0.0,19.06,2.9,0.0
20221010:0610,0.0,21.19,0.36,10.81,19.28,2.76,0.0
20221010:0710,0.0,26.72,0.45,21.7,19.64,1.59,0.0
20221010:0810,0.0,83.85,1.42,31.46,20.43,1.1,0.0
20221010:0910,0.0,88.45,1.5,39.32,21.2,1.31,0.0
20221010:1010,726.43,191.02,10.66,44.23,21.91,1.93,0.0
20221010:1110,776.86,174.06,11.05,45.15,22.62,2.07,0.0
20221010:1210,705.41,172.74,10.23,41.86,23.37,2.14,0.0
20221010:1310,577.82,159.24,8.58,35.13,24.09,2.28,0.0
20221010:1410,280.75,179.48,5.61,26.07,24.22,2.48,0.0
20221010:1510,182.29,101.18,3.28,15.59,23.69,2.48,0.0
20221010:1610,0.0,21.87,0.39,4.3,22.86,1.93,0.0
20221010:1710,0.0,0.0,0.0,0.0,22.33,1.31,0.0
20221010:1810,0.0,0.0,0.0,0.0,21.68,0.83,0.0
20221010:1910,0.0,0.0,0.0,0.0,21.4,0.69,0.0
20221010:2010,0.0,0.0,0.0,0.0,21.48,0.34,0.0
20221010:2110,0.0,0.0,0.0,0.0,21.22,0.07,0.0
20221010:2210,0.0,0.0,0.0,0.0,20.89,0.07,0.0
20221010:2310,0.0,0.0,0.0,0.0,20.61,0.34,0.0
20221011:0010,0.0,0.0,0.0,0.0,20.23,0.83,0.0
20221011:0110,0.0,0.0,0.0,0.0,19.64,1.1,0.0
20221011:0210,0.0,0.0,0.0,0.0,18.56,1.38,0.0
20221011:0310,0.0,0.0,0.0,0.0,17.96,1.52,0.0
20221011:0410,0.0,0.0,0.0,0.0,19.0,1.03,0.0
20221011:0510,0.0,0.0,0.0,0.0,19.51,0.55,0.0
20221011:0610,93.82,77.91,1.89,10.61,19.53,0.55,0.0
20221011:0710,304.51,135.13,4.86,21.47,20.09,0.62,0.0
20221011:0810,507.63,162.31,7.55,31.19,20.98,1.1,0.0
20221011:0910,651.81,181.14,9.53,39.01,21.67,1.38,0.0
20221011:1010,749.64,183.07,10.75,43.87,22.3,1.59,0.0
20221011:1110,0.0,0.0,0.0,0.0,22.71,1.79,0.0
20221011:1210,674.79,191.26,10.09,41.48,23.0,1.86,0.0
20221011:1310,520.32,188.7,8.31,34.77,23.06,1.93,0.0
20221011:1410,271.76,181.43,5.52,25.74,22.95,2.07,0.0
20221011:1510,124.28,113.87,2.92,15.29,22.61,2.28,0.0
20221011:1610,0.0,19.24,0.34,4.01,21.93,2.21,0.0
20221011:1710,0.0,0.0,0.0,0.0,21.17,1.86,0.0
20221011:1810,0.0,0.0,0.0,0.0,20.59,1.72,0.0
20221011:1910,0.0,0.0,0.0,0.0,19.88,1.79,0.0
20221011:2010,0.0,0.0,0.0,0.0,19.49,2.0,0.0
20221011:2110,0.0,0.0,0.0,0.0,19.17,2.0,0.0
20221011:2210,0.0,0.0,0.0,0.0,18.92,1.93,0.0
20221011:2310,0.0,0.0,0.0,0.0,18.69,1.79,0.0
20221012:0010,0.0,0.0,0.0,0.0,18.56,1.59,0.0
20221012:0110,0.0,0.0,0.0,0.0,18.38,1.45,0.0
20221012:0210,0.0,0.0,0.0,0.0,18.11,1.31,0.0
20221012:0310,0.0,0.0,0.0,0.0,18.0,1.24,0.0
20221012:0410,0.0,0.0,0.0,0.0,17.93,1.24,0.0
20221012:0510,0.0,0.0,0.0,0.0,18.12,1.17,0.0
20221012:0610,93.8,76.12,1.84,10.41,18.15,1.1,0.0
20221012:0710,296.67,133.79,4.73,21.24,20.32,1.59,0.0
20221012:0810,487.85,166.41,7.36,30.93,21.48,1.66,0.0
20221012:0910,604.57,197.07,9.2,38.7,22.51,1.86,0.0
20221012:1010,632.15,232.23,10.11,43.51,23.22,1.72,0.0
20221012:1110,0.0,0.0,0.0,0.0,23.53,1.24,0.0
20221012:1210,611.91,214.43,9.69,41.11,23.44,0.69,0.0
20221012:1310,7.0,194.32,3.36,34.42,23.27,0.55,0.0
20221012:1410,7.18,143.66,2.5,25.42,22.88,0.83,0.0
20221012:1510,24.6,101.24,1.91,14.99,22.37,1.17,0.0
20221012:1610,0.0,14.87,0.27,3.72,21.89,1.72,0.0
20221012:1710,0.0,0.0,0.0,0.0,21.06,2.48,0.0
20221012:1810,0.0,0.0,0.0,0.0,20.77,2.48,0.0
20221012:1910,0.0,0.0,0.0,0.0,19.77,1.93,0.0
20221012:2010,0.0,0.0,0.0,0.0,19.64,1.79,0.0
20221012:2110,0.0,0.0,0.0,0.0,19.64,1.79,0.0
20221012:2210,0.0,0.0,0.0,0.0,19.95,1.93,0.0
20221012:2310,0.0,0.0,0.0,0.0,20.01,2.34,0.0
20221013:0010,0.0,0.0,0.0,0.0,20.14,2.48,0.0
20221013:0110,0.0,0.0,0.0,0.0,20.17,2.69,0.0
20221013:0210,0.0,0.0,0.0,0.0,20.06,2.62,0.0
20221013:0310,0.0,0.0,0.0,0.0,20.09,2.62,0.0
20221013:0410,0.0,0.0,0.0,0.0,20.11,2.69,0.0
20221013:0510,0.0,0.0,0.0,0.0,19.98,2.9,0.0
20221013:0610,0.0,17.51,0.3,10.2,19.91,3.38,0.0
20221013:0710,0.0,26.72,0.45,21.01,20.95,4.76,0.0
20221013:0810,0.0,41.46,0.7,30.66,21.88,4.97,0.0
20221013:0910,0.0,114.25,1.94,38.38,22.97,5.59,0.0
20221013:1010,0.0,95.82,1.63,43.15,22.93,5.66,0.0
20221013:1110,0.0,64.5,1.09,44.01,22.61,5.59,0.0
20221013:1210,0.0,180.59,3.06,40.74,23.12,5.03,0.0
20221013:1310,0.0,155.71,2.64,34.08,23.17,5.03,0.0
20221013:1410,26.06,169.51,3.09,25.1,22.98,4.69,0.0
20221013:1510,57.74,108.34,2.27,14.69,22.45,4.55,0.0
20221013:1610,0.0,14.87,0.27,3.44,21.82,4.55,0.0
20221013:1710,0.0,0.0,0.0,0.0,20.89,4.28,0.0
20221013:1810,0.0,0.0,0.0,0.0,20.24,3.93,0.0
20221013:1910,0.0,0.0,0.0,0.0,19.61,4.34,0.0
20221013:2010,0.0,0.0,0.0,0.0,18.89,4.55,0.0
20221013:2110,0.0,0.0,0.0,0.0,18.46,4.48,0.0
20221013:2210,0.0,0.0,0.0,0.0,18.1,4.76,0.0
20221013:2310,0.0,0.0,0.0,0.0,17.83,5.24,0.0
20221014:0010,0.0,0.0,0.0,0.0,17.64,5.66,0.0
20221014:0110,0.0,0.0,0.0,0.0,17.42,5.79,0.0
20221014:0210,0.0,0.0,0.0,0.0,17.43,4.97,0.0
20221014:0310,0.0,0.0,0.0,0.0,17.6,4.76,0.0
20221014:0410,0.0,0.0,0.0,0.0,17.8,4.69,0.0
20221014:0510,0.0,0.0,0.0,0.0,17.71,4.69,0.0
20221014:0610,1.91,42.6,0.73,10.0,17.92,4.48,0.0
20221014:0710,15.76,131.25,2.34,20.78,18.86,4.76,0.0
20221014:0810,19.2,195.26,3.47,30.39,19.6,5.17,0.0
20221014:0910,243.48,300.09,7.13,38.07,19.97,5.17,0.0
20221014:1010,621.88,237.68,9.98,42.8,20.6,5.52,0.0
20221014:1110,582.88,259.24,9.94,43.63,20.93,5.86,0.0
20221014:1210,625.75,208.45,9.66,40.37,21.1,6.07,0.0
20221014:1310,482.31,197.5,7.91,33.73,20.95,6.07,0.0
20221014:1410,299.35,167.33,5.47,24.78,20.76,6.0,0.0
20221014:1510,82.38,109.4,2.45,14.39,20.38,5.72,0.0
20221014:1610,0.0,1.75,0.03,3.16,20.07,4.62,0.0
20221014:1710,0.0,0.0,0.0,0.0,19.61,4.07,0.0
20221014:1810,0.0,0.0,0.0,0.0,19.23,3.72,0.0
20221014:1910,0.0,0.0,0.0,0.0,19.25,2.83,0.0
20221014:2010,0.0,0.0,0.0,0.0,18.95,2.69,0.0
20221014:2110,0.0,0.0,0.0,0.0,18.88,2.83,0.0
20221014:2210,0.0,0.0,0.0,0.0,18.74,2.48,0.0
20221014:2310,0.0,0.0,0.0,0.0,18.5,2.0,0.0
20221015:0010,0.0,0.0,0.0,0.0,18.14,1.93,0.0
20221015:0110,0.0,0.0,0.0,0.0,18.12,2.07,0.0
20221015:0210,0.0,0.0,0.0,0.0,18.12,2.28,0.0
20221015:0310,0.0,0.0,0.0,0.0,17.75,2.14,0.0
20221015:0410,0.0,0.0,0.0,0.0,17.6,2.07,0.0
20221015:0510,0.0,0.0,0.0,0.0,17.42,2.0,0.0
20221015:0610,35.14,68.74,1.34,9.79,17.44,1.72,0.0
20221015:0710,141.66,161.34,3.75,20.55,18.83,1.45,0.0
20221015:0810,0.0,137.29,2.33,30.12,19.77,1.52,0.0
20221015:0910,229.04,298.43,6.95,37.76,20.43,1.59,0.0
20221015:1010,501.83,280.3,9.33,42.44,21.11,1.93,0.0
20221015:1110,498.6,286.7,9.44,43.25,21.52,2.14,0.0
20221015:1210,12.7,237.5,4.14,40.0,21.64,2.28,0.0
20221015:1310,224.18,262.11,6.34,33.39,21.6,2.41,0.0
20221015:1410,243.08,179.7,5.09,24.47,21.31,2.14,0.0
20221015:1510,117.44,105.45,2.64,14.1,20.97,1.93,0.0
20221015:1610,0.0,12.25,0.22,2.89,20.38,1.59,0.0
20221015:1710,0.0,0.0,0.0,0.0,19.74,1.1,0.0
20221015:1810,0.0,0.0,0.0,0.0,18.97,0.83,0.0
20221015:1910,0.0,0.0,0.0,0.0,19.53,0.55,0.0
20221015:2010,0.0,0.0,0.0,0.0,19.33,0.28,0.0
20221015:2110,0.0,0.0,0.0,0.0,19.11,0.76,0.0
20221015:2210,0.0,0.0,0.0,0.0,18.08,1.17,0.0
20221015:2310,0.0,0.0,0.0,0.0,17.47,1.24,0.0
20221016:0010,0.0,0.0,0.0,0.0,17.89,1.1,0.0
20221016:0110,0.0,0.0,0.0,0.0,18.23,0.9,0.0
20221016:0210,0.0,0.0,0.0,0.0,17.94,0.9,0.0
20221016:0310,0.0,0.0,0.0,0.0,17.49,1.1,0.0
20221016:0410,0.0,0.0,0.0,0.0,15.69,1.31,0.0
20221016:0510,0.0,0.0,0.0,0.0,15.57,1.59,0.0
20221016:0610,119.57,70.34,1.83,9.59,16.11,1.79,0.0
20221016:0710,342.44,122.33,4.83,20.32,17.45,1.31,0.0
20221016:0810,554.11,144.96,7.55,29.85,19.38,1.03,0.0
20221016:0910,692.57,165.52,9.5,37.44,20.9,1.17,0.0
20221016:1010,768.14,177.27,10.61,42.09,21.89,1.1,0.0
20221016:1110,723.5,204.84,10.56,42.88,22.51,1.17,0.0
20221016:1210,651.23,201.94,9.73,39.63,22.72,1.86,0.0
20221016:1310,501.63,193.47,7.95,33.05,22.54,2.48,0.0
20221016:1410,350.78,152.85,5.67,24.16,22.21,2.69,0.0
20221016:1510,60.46,105.7,2.2,13.82,21.77,2.62,0.0
20221016:1610,0.0,11.37,0.2,2.61,21.14,2.48,0.0
20221016:1710,0.0,0.0,0.0,0.0,20.44,2.34,0.0
20221016:1810,0.0,0.0,0.0,0.0,19.84,2.14,0.0
20221016:1910,0.0,0.0,0.0,0.0,19.39,2.07,0.0
20221016:2010,0.0,0.0,0.0,0.0,18.73,1.79,0.0
20221016:2110,0.0,0.0,0.0,0.0,18.08,1.66,0.0
20221016:2210,0.0,0.0,0.0,0.0,17.75,1.59,0.0
20221016:2310,0.0,0.0,0.0,0.0,17.37,1.59,0.0
20221017:0010,0.0,0.0,0.0,0.0,17.04,1.52,0.0
20221017:0110,0.0,0.0,0.0,0.0,17.04,1.45,0.0
20221017:0210,0.0,0.0,0.0,0.0,17.2,1.31,0.0
20221017:0310,0.0,0.0,0.0,0.0,17.29,1.31,0.0
20221017:0410,0.0,0.0,0.0,0.0,17.45,1.24,0.0
20221017:0510,0.0,0.0,0.0,0.0,17.54,1.17,0.0
20221017:0610,109.9,70.72,1.75,9.38,16.63,1.24,0.0
20221017:0710,329.68,124.37,4.7,20.08,18.58,1.1,0.0
20221017:0810,529.39,152.9,7.36,29.58,20.14,0.83,0.0
20221017:0910,667.47,174.86,9.31,37.13,21.29,0.14,0.0
20221017:1010,775.09,171.93,10.56,41.74,22.1,0.76,0.0
20221017:1110,775.7,177.22,10.7,42.51,22.58,1.66,0.0
20221017:1210,710.55,172.71,9.92,39.27,22.66,2.28,0.0
20221017:1310,548.38,170.92,8.08,32.71,22.35,2.69,0.0
20221017:1410,382.44,138.19,5.73,23.85,21.98,2.69,0.0
20221017:1510,124.52,103.26,2.61,13.53,21.45,2.48,0.0
20221017:1610,0.0,9.62,0.17,2.35,20.86,1.93,0.0
20221017:1710,0.0,0.0,0.0,0.0,20.23,1.52,0.0
20221017:1810,0.0,0.0,0.0,0.0,19.03,1.17,0.0
20221017:1910,0.0,0.0,0.0,0.0,18.88,1.1,0.0
20221017:2010,0.0,0.0,0.0,0.0,19.49,0.97,0.0
20221017:2110,0.0,0.0,0.0,0.0,19.66,0.97,0.0
20221017:2210,0.0,0.0,0.0,0.0,18.93,1.03,0.0
20221017:2310,0.0,0.0,0.0,0.0,19.08,1.03,0.0
20221018:0010,0.0,0.0,0.0,0.0,18.86,0.83,0.0
20221018:0110,0.0,0.0,0.0,0.0,18.11,0.76,0.0
20221018:0210,0.0,0.0,0.0,0.0,17.72,0.69,0.0
20221018:0310,0.0,0.0,0.0,0.0,16.93,0.9,0.0
20221018:0410,0.0,0.0,0.0,0.0,16.09,1.03,0.0
20221018:0510,0.0,0.0,0.0,0.0,15.69,1.1,0.0
20221018:0610,93.57,69.89,1.63,9.17,15.41,1.24,0.0
20221018:0710,321.58,125.55,4.61,19.85,17.36,0.97,0.0
20221018:0810,517.99,155.3,7.23,29.31,18.65,0.55,0.0
20221018:0910,664.05,174.05,9.22,36.81,20.06,1.03,0.0
20221018:1010,591.97,251.38,9.69,41.39,21.03,1.59,0.0
20221018:1110,688.21,216.34,10.25,42.14,21.49,1.93,0.0
20221018:1210,681.57,183.02,9.7,38.91,21.74,2.14,0.0
20221018:1310,565.16,161.61,8.08,32.38,21.77,2.14,0.0
20221018:1410,378.35,138.62,5.66,23.54,21.61,2.07,0.0
20221018:1510,168.73,93.71,2.78,13.25,21.21,2.0,0.0
20221018:1610,0.0,7.87,0.14,2.08,20.51,1.86,0.0
20221018:1710,0.0,0.0,0.0,0.0,19.74,1.79,0.0
20221018:1810,0.0,0.0,0.0,0.0,18.99,1.79,0.0
20221018:1910,0.0,0.0,0.0,0.0,17.85,1.45,0.0
20221018:2010,0.0,0.0,0.0,0.0,17.45,1.17,0.0
20221018:2110,0.0,0.0,0.0,0.0,17.28,1.17,0.0
20221018:2210,0.0,0.0,0.0,0.0,17.43,1.17,0.0
20221018:2310,0.0,0.0,0.0,0.0,18.3,0.83,0.0
20221019:0010,0.0,0.0,0.0,0.0,18.3,0.14,0.0
20221019:0110,0.0,0.0,0.0,0.0,18.24,0.48,0.0
20221019:0210,0.0,0.0,0.0,0.0,18.23,0.69,0.0
20221019:0310,0.0,0.0,0.0,0.0,18.2,0.69,0.0
20221019:0410,0.0,0.0,0.0,0.0,18.22,0.62,0.0
20221019:0510,0.0,0.0,0.0,0.0,18.23,0.55,0.0
20221019:0610,87.15,69.36,1.56,8.96,18.29,0.41,0.0
20221019:0710,296.73,133.7,4.47,19.61,18.36,1.1,0.0
20221019:0810,533.94,149.48,7.27,29.04,19.76,1.31,0.0
20221019:0910,676.8,169.15,9.23,36.5,20.47,1.31,0.0
20221019:1010,793.51,163.9,10.55,41.04,21.19,1.38,0.0
20221019:1110,782.47,173.81,10.63,41.78,21.72,1.45,0.0
20221019:1210,756.15,152.19,10.03,38.56,22.02,1.66,0.0
20221019:1310,607.09,145.95,8.25,32.05,22.01,1.86,0.0
20221019:1410,392.5,131.86,5.66,23.24,21.75,2.14,0.0
20221019:1510,178.38,89.6,2.77,12.97,21.17,2.21,0.0
20221019:1610,0.0,6.12,0.11,1.82,20.38,1.86,0.0
20221019:1710,0.0,0.0,0.0,0.0,19.65,1.45,0.0
20221019:1810,0.0,0.0,0.0,0.0,18.78,1.03,0.0
20221019:1910,0.0,0.0,0.0,0.0,18.53,0.9,0.0
20221019:2010,0.0,0.0,0.0,0.0,18.98,0.48,0.0
20221019:2110,0.0,0.0,0.0,0.0,18.84,0.21,0.0
20221019:2210,0.0,0.0,0.0,0.0,18.68,0.14,0.0
20221019:2310,0.0,0.0,0.0,0.0,18.57,0.21,0.0
20221020:0010,0.0,0.0,0.0,0.0,18.46,0.21,0.0
20221020:0110,0.0,0.0,0.0,0.0,18.33,0.0,0.0
20221020:0210,0.0,0.0,0.0,0.0,18.34,0.21,0.0
20221020:0310,0.0,0.0,0.0,0.0,18.25,0.28,0.0
20221020:0410,0.0,0.0,0.0,0.0,18.18,0.34,0.0
20221020:0510,0.0,0.0,0.0,0.0,18.15,0.28,0.0
20221020:0610,95.64,67.79,1.56,8.75,18.15,0.21,0.0
20221020:0710,318.25,124.11,4.48,19.37,17.6,0.83,0.0
20221020:0810,530.09,149.9,7.19,28.77,18.7,0.55,0.0
20221020:0910,689.68,162.87,9.23,36.19,20.05,0.76,0.0
20221020:1010,755.55,176.68,10.27,40.69,21.16,1.24,0.0
20221020:1110,776.49,174.16,10.52,41.42,21.82,1.72,0.0
20221020:1210,729.98,160.53,9.81,38.21,22.07,2.07,0.0
20221020:1310,584.61,151.68,8.05,31.72,22.02,2.48,0.0
20221020:1410,345.26,146.99,5.38,22.94,21.72,2.62,0.0
20221020:1510,177.9,87.86,2.7,12.7,21.16,2.62,0.0
20221020:1610,0.0,4.37,0.08,1.56,20.43,2.28,0.0
20221020:1710,0.0,0.0,0.0,0.0,19.75,1.93,0.0
20221020:1810,0.0,0.0,0.0,0.0,19.22,1.93,0.0
20221020:1910,0.0,0.0,0.0,0.0,18.59,1.86,0.0
20221020:2010,0.0,0.0,0.0,0.0,18.1,1.86,0.0
20221020:2110,0.0,0.0,0.0,0.0,17.58,1.86,0.0
20221020:2210,0.0,0.0,0.0,0.0,16.99,1.59,0.0
20221020:2310,0.0,0.0,0.0,0.0,16.63,1.52,0.0
20221021:0010,0.0,0.0,0.0,0.0,16.49,1.52,0.0
20221021:0110,0.0,0.0,0.0,0.0,16.9,1.31,0.0
20221021:0210,0.0,0.0,0.0,0.0,17.08,1.24,0.0
20221021:0310,0.0,0.0,0.0,0.0,15.85,1.52,0.0
20221021:0410,0.0,0.0,0.0,0.0,15.38,1.72,0.0
20221021:0510,0.0,0.0,0.0,0.0,15.66,1.86,0.0
20221021:0610,88.97,66.03,1.48,8.54,15.92,1.93,0.0
20221021:0710,294.51,129.9,4.33,19.14,17.58,1.86,0.0
20221021:0810,498.23,159.71,6.97,28.49,19.7,1.45,0.0
20221021:0910,616.18,190.61,8.81,35.88,21.31,1.03,0.0
20221021:1010,693.74,202.71,9.92,40.34,22.35,1.1,0.0
20221021:1110,662.87,221.69,9.92,41.06,23.06,1.38,0.0
20221021:1210,607.17,209.89,9.16,37.86,23.41,1.24,0.0
20221021:1310,561.82,157.27,7.84,31.4,23.43,1.31,0.0
20221021:1410,385.8,130.33,5.48,22.65,23.17,1.38,0.0
20221021:1510,175.62,85.88,2.63,12.43,22.6,1.38,0.0
20221021:1610,0.0,2.62,0.05,1.31,21.89,0.97,0.0
20221021:1710,0.0,0.0,0.0,0.0,20.89,0.9,0.0
20221021:1810,0.0,0.0,0.0,0.0,19.37,1.31,0.0
20221021:1910,0.0,0.0,0.0,0.0,18.87,1.31,0.0
20221021:2010,0.0,0.0,0.0,0.0,17.92,1.79,0.0
20221021:2110,0.0,0.0,0.0,0.0,17.89,2.14,0.0
20221021:2210,0.0,0.0,0.0,0.0,17.43,2.21,0.0
20221021:2310,0.0,0.0,0.0,0.0,16.91,2.14,0.0
20221022:0010,0.0,0.0,0.0,0.0,16.6,2.28,0.0
20221022:0110,0.0,0.0,0.0,0.0,16.59,2.48,0.0
20221022:0210,0.0,0.0,0.0,0.0,16.65,2.62,0.0
20221022:0310,0.0,0.0,0.0,0.0,16.43,2.41,0.0
20221022:0410,0.0,0.0,0.0,0.0,16.18,2.28,0.0
20221022:0510,0.0,0.0,0.0,0.0,15.63,2.55,0.0
20221022:0610,100.19,64.86,1.5,8.32,16.21,2.83,0.0
20221022:0710,331.85,117.9,4.44,18.9,18.2,2.21,0.0
20221022:0810,530.0,147.41,7.06,28.22,20.71,2.41,0.0
20221022:0910,663.35,169.07,8.95,35.57,22.02,2.48,0.0
20221022:1010,778.4,165.05,10.25,40.0,23.04,2.14,0.0
20221022:1110,767.23,173.71,10.31,40.7,23.76,1.79,0.0
20221022:1210,710.46,164.67,9.56,37.51,24.06,1.38,0.0
20221022:1310,576.12,151.29,7.86,31.08,24.13,1.66,0.0
20221022:1410,372.14,132.44,5.34,22.36,23.93,2.0,0.0
20221022:1510,169.64,87.15,2.56,12.16,23.35,1.66,0.0
20221022:1610,0.0,0.0,0.0,0.0,22.37,1.66,0.0
20221022:1710,0.0,0.0,0.0,0.0,21.26,1.66,0.0
20221022:1810,0.0,0.0,0.0,0.0,20.01,1.59,0.0
20221022:1910,0.0,0.0,0.0,0.0,18.88,1.66,0.0
20221022:2010,0.0,0.0,0.0,0.0,18.01,1.72,0.0
20221022:2110,0.0,0.0,0.0,0.0,17.37,1.66,0.0
20221022:2210,0.0,0.0,0.0,0.0,16.89,1.66,0.0
20221022:2310,0.0,0.0,0.0,0.0,16.41,1.86,0.0
20221023:0010,0.0,0.0,0.0,0.0,16.29,2.21,0.0
20221023:0110,0.0,0.0,0.0,0.0,16.0,2.0,0.0
20221023:0210,0.0,0.0,0.0,0.0,16.58,1.45,0.0
20221023:0310,0.0,0.0,0.0,0.0,16.72,1.31,0.0
20221023:0410,0.0,0.0,0.0,0.0,15.38,1.72,0.0
20221023:0510,0.0,0.0,0.0,0.0,15.03,2.0,0.0
20221023:0610,86.3,63.09,1.39,8.11,15.21,2.07,0.0
20221023:0710,307.74,123.93,4.28,18.66,17.58,2.0,0.0
20221023:0810,502.37,155.08,6.86,27.95,20.85,2.14,0.0
20221023:0910,658.24,169.43,8.86,35.26,22.62,1.79,0.0
20221023:1010,751.53,173.31,10.03,39.66,23.76,0.83,0.0
20221023:1110,762.5,174.12,10.22,40.34,24.33,0.28,0.0
20221023:1210,696.82,167.13,9.41,37.17,24.54,1.31,0.0
20221023:1310,561.97,154.91,7.72,30.77,24.41,2.21,0.0
20221023:1410,378.81,128.73,5.31,22.07,23.9,2.76,0.0
20221023:1510,163.45,85.87,2.47,11.9,23.14,2.76,0.0
20221023:1610,0.0,0.0,0.0,0.0,22.32,2.21,0.0
20221023:1710,0.0,0.0,0.0,0.0,21.5,1.79,0.0
20221023:1810,0.0,0.0,0.0,0.0,20.51,1.52,0.0
20221023:1910,0.0,0.0,0.0,0.0,19.4,1.79,0.0
20221023:2010,0.0,0.0,0.0,0.0,18.41,1.72,0.0
20221023:2110,0.0,0.0,0.0,0.0,17.6,1.86,0.0
20221023:2210,0.0,0.0,0.0,0.0,16.97,1.93,0.0
20221023:2310,0.0,0.0,0.0,0.0,16.59,1.93,0.0
20221024:0010,0.0,0.0,0.0,0.0,16.13,2.07,0.0
20221024:0110,0.0,0.0,0.0,0.0,15.84,2.28,0.0
20221024:0210,0.0,0.0,0.0,0.0,15.83,2.41,0.0
20221024:0310,0.0,0.0,0.0,0.0,15.81,2.48,0.0
20221024:0410,0.0,0.0,0.0,0.0,15.8,2.55,0.0
20221024:0510,0.0,0.0,0.0,0.0,15.88,2.69,0.0
20221024:0610,98.02,63.28,1.42,7.9,15.46,2.69,0.0
20221024:0710,330.29,120.58,4.38,18.42,18.18,2.34,0.0
20221024:0810,531.44,150.27,7.02,27.68,21.53,2.28,0.0
20221024:0910,681.9,167.75,9.02,34.95,23.37,1.86,0.0
20221024:1010,725.83,195.65,10.0,39.32,24.58,1.24,0.0
20221024:1110,720.78,203.03,10.11,39.99,25.22,0.62,0.0
20221024:1210,709.73,171.19,9.53,36.83,25.44,0.83,0.0
20221024:1310,544.58,169.73,7.69,30.45,25.41,1.17,0.0
20221024:1410,377.59,133.24,5.31,21.79,25.11,1.66,0.0
20221024:1510,164.51,86.8,2.45,11.64,24.4,2.0,0.0
20221024:1610,0.0,0.0,0.0,0.0,23.35,1.93,0.0
20221024:1710,0.0,0.0,0.0,0.0,22.29,1.86,0.0
20221024:1810,0.0,0.0,0.0,0.0,21.04,1.93,0.0
20221024:1910,0.0,0.0,0.0,0.0,19.69,1.72,0.0
20221024:2010,0.0,0.0,0.0,0.0,19.11,2.34,0.0
20221024:2110,0.0,0.0,0.0,0.0,19.04,2.83,0.0
20221024:2210,0.0,0.0,0.0,0.0,18.88,2.97,0.0
20221024:2310,0.0,0.0,0.0,0.0,18.6,2.97,0.0
20221025:0010,0.0,0.0,0.0,0.0,18.19,2.83,0.0
20221025:0110,0.0,0.0,0.0,0.0,17.73,2.69,0.0
20221025:0210,0.0,0.0,0.0,0.0,17.28,2.55,0.0
20221025:0310,0.0,0.0,0.0,0.0,16.87,2.34,0.0
20221025:0410,0.0,0.0,0.0,0.0,16.76,2.14,0.0
20221025:0510,0.0,0.0,0.0,0.0,16.87,1.93,0.0
20221025:0610,85.82,61.76,1.33,7.68,16.86,1.79,0.0
20221025:0710,319.75,122.88,4.28,18.18,18.11,1.52,0.0
20221025:0810,527.37,150.7,6.94,27.4,23.07,1.1,0.0
20221025:0910,685.97,164.78,8.97,34.64,24.9,0.62,0.0
20221025:1010,773.12,171.99,10.13,38.98,25.87,0.21,0.0
20221025:1110,782.54,172.7,10.3,39.64,26.29,1.1,0.0
20221025:1210,680.96,181.72,9.33,36.5,26.18,1.72,0.0
20221025:1310,551.37,163.34,7.63,30.15,25.76,1.93,0.0
20221025:1410,352.11,140.49,5.14,21.51,25.17,1.86,0.0
20221025:1510,152.27,87.11,2.34,11.38,24.41,1.59,0.0
20221025:1610,0.0,0.0,0.0,0.0,23.51,1.17,0.0
20221025:1710,0.0,0.0,0.0,0.0,22.27,0.97,0.0
20221025:1810,0.0,0.0,0.0,0.0,21.92,0.97,0.0
20221025:1910,0.0,0.0,0.0,0.0,21.2,1.17,0.0
20221025:2010,0.0,0.0,0.0,0.0,21.3,0.97,0.0
20221025:2110,0.0,0.0,0.0,0.0,21.53,0.69,0.0
20221025:2210,0.0,0.0,0.0,0.0,21.44,0.97,0.0
20221025:2310,0.0,0.0,0.0,0.0,20.53,1.31,0.0
20221026:0010,0.0,0.0,0.0,0.0,19.3,1.52,0.0
20221026:0110,0.0,0.0,0.0,0.0,18.95,1.59,0.0
20221026:0210,0.0,0.0,0.0,0.0,19.26,1.52,0.0
20221026:0310,0.0,0.0,0.0,0.0,20.86,1.24,0.0
20221026:0410,0.0,0.0,0.0,0.0,21.21,0.97,0.0
20221026:0510,0.0,0.0,0.0,0.0,21.56,1.1,0.0
20221026:0610,78.01,59.7,1.25,7.47,21.1,1.31,0.0
20221026:0710,292.9,127.12,4.09,17.94,20.42,1.24,0.0
20221026:0810,497.46,156.89,6.7,27.13,23.23,1.17,0.0
20221026:0910,651.65,173.7,8.7,34.33,24.54,1.24,0.0
20221026:1010,720.16,188.99,9.77,38.64,25.35,1.72,0.0
20221026:1110,743.43,182.81,9.98,39.3,25.7,1.93,0.0
20221026:1210,678.87,175.86,9.19,36.17,25.94,1.93,0.0
20221026:1310,538.24,164.38,7.47,29.84,25.95,2.07,0.0
20221026:1410,361.99,133.36,5.09,21.24,25.58,2.28,0.0
20221026:1510,147.32,84.67,2.25,11.13,24.77,2.07,0.0
20221026:1610,0.0,0.0,0.0,0.0,23.67,1.79,0.0
20221026:1710,0.0,0.0,0.0,0.0,22.6,1.59,0.0
20221026:1810,0.0,0.0,0.0,0.0,21.03,1.52,0.0
20221026:1910,0.0,0.0,0.0,0.0,20.25,1.45,0.0
20221026:2010,0.0,0.0,0.0,0.0,19.79,1.52,0.0
20221026:2110,0.0,0.0,0.0,0.0,19.22,1.66,0.0
20221026:2210,0.0,0.0,0.0,0.0,19.07,1.66,0.0
20221026:2310,0.0,0.0,0.0,0.0,19.99,1.45,0.0
20221027:0010,0.0,0.0,0.0,0.0,21.4,1.17,0.0
20221027:0110,0.0,0.0,0.0,0.0,21.24,1.1,0.0
20221027:0210,0.0,0.0,0.0,0.0,20.57,1.45,0.0
20221027:0310,0.0,0.0,0.0,0.0,19.28,1.66,0.0
20221027:0410,0.0,0.0,0.0,0.0,18.83,1.79,0.0
20221027:0510,0.0,0.0,0.0,0.0,18.44,1.86,0.0
20221027:0610,72.37,58.0,1.19,7.25,18.55,1.79,0.0
20221027:0710,260.04,131.42,3.88,17.7,19.34,1.66,0.0
20221027:0810,434.66,177.44,6.38,26.86,24.01,1.03,0.0
20221027:0910,519.49,221.71,8.05,34.03,26.46,0.69,0.0
20221027:1010,621.27,226.7,9.25,38.31,27.33,0.83,0.0
20221027:1110,616.83,233.71,9.36,38.96,27.53,1.79,0.0
20221027:1210,540.78,228.47,8.5,35.84,26.96,2.41,0.0
20221027:1310,472.26,186.03,7.09,29.54,26.21,2.41,0.0
20221027:1410,309.49,146.23,4.78,20.96,25.46,2.14,0.0
20221027:1510,120.44,84.93,2.06,10.89,24.61,1.79,0.0
20221027:1610,0.0,0.0,0.0,0.0,23.62,1.38,0.0
20221027:1710,0.0,0.0,0.0,0.0,22.49,1.17,0.0
20221027:1810,0.0,0.0,0.0,0.0,21.48,1.03,0.0
20221027:1910,0.0,0.0,0.0,0.0,21.12,1.38,0.0
20221027:2010,0.0,0.0,0.0,0.0,21.37,1.38,0.0
20221027:2110,0.0,0.0,0.0,0.0,21.53,1.38,0.0
20221027:2210,0.0,0.0,0.0,0.0,21.8,1.31,0.0
20221027:2310,0.0,0.0,0.0,0.0,21.88,1.24,0.0
20221028:0010,0.0,0.0,0.0,0.0,21.97,1.17,0.0
20221028:0110,0.0,0.0,0.0,0.0,22.14,1.03,0.0
20221028:0210,0.0,0.0,0.0,0.0,21.93,0.83,0.0
20221028:0310,0.0,0.0,0.0,0.0,21.83,0.83,0.0
20221028:0410,0.0,0.0,0.0,0.0,21.72,0.97,0.0
20221028:0510,0.0,0.0,0.0,0.0,21.6,1.03,0.0
20221028:0610,61.11,55.18,1.09,7.04,21.15,1.03,0.0
20221028:0710,266.59,127.97,3.84,17.46,20.11,1.1,0.0
20221028:0810,465.67,163.36,6.42,26.59,22.83,0.97,0.0
20221028:0910,612.82,184.01,8.38,33.72,24.11,0.83,0.0
20221028:1010,705.18,188.12,9.52,37.98,25.05,0.69,0.0
20221028:1110,713.67,190.08,9.69,38.62,25.51,1.38,0.0
20221028:1210,663.92,175.0,8.94,35.52,25.38,2.07,0.0
20221028:1310,533.19,160.33,7.28,29.25,24.82,2.28,0.0
20221028:1410,329.08,137.93,4.8,20.7,24.08,2.14,0.0
20221028:1510,124.73,82.66,2.03,10.64,23.24,1.59,0.0
20221028:1610,0.0,0.0,0.0,0.0,22.39,1.03,0.0
20221028:1710,0.0,0.0,0.0,0.0,21.33,0.69,0.0
20221028:1810,0.0,0.0,0.0,0.0,21.13,0.62,0.0
20221028:1910,0.0,0.0,0.0,0.0,19.91,0.97,0.0
20221028:2010,0.0,0.0,0.0,0.0,20.16,0.48,0.0
20221028:2110,0.0,0.0,0.0,0.0,19.86,0.62,0.0
20221028:2210,0.0,0.0,0.0,0.0,19.52,0.83,0.0
20221028:2310,0.0,0.0,0.0,0.0,19.42,0.69,0.0
20221029:0010,0.0,0.0,0.0,0.0,19.13,0.55,0.0
20221029:0110,0.0,0.0,0.0,0.0,18.7,0.83,0.0
20221029:0210,0.0,0.0,0.0,0.0,17.3,1.24,0.0
20221029:0310,0.0,0.0,0.0,0.0,16.4,1.59,0.0
20221029:0410,0.0,0.0,0.0,0.0,16.41,1.66,0.0
20221029:0510,0.0,0.0,0.0,0.0,16.58,1.52,0.0
20221029:0610,68.33,54.72,1.09,6.82,16.8,1.31,0.0
20221029:0710,289.91,122.61,3.91,17.22,17.64,0.9,0.0
20221029:0810,467.51,164.32,6.41,26.32,19.58,0.21,0.0
20221029:0910,616.5,183.74,8.36,33.42,20.7,0.9,0.0
20221029:1010,722.74,182.19,9.56,37.65,21.47,1.24,0.0
20221029:1110,731.13,182.85,9.72,38.29,22.09,1.52,0.0
20221029:1210,696.77,164.77,9.08,35.2,22.47,2.0,0.0
20221029:1310,536.86,158.77,7.25,28.96,22.53,2.34,0.0
20221029:1410,364.14,126.85,4.91,20.44,22.19,2.62,0.0
20221029:1510,141.46,81.02,2.08,10.41,21.56,2.62,0.0
20221029:1610,0.0,0.0,0.0,0.0,20.68,2.28,0.0
20221029:1710,0.0,0.0,0.0,0.0,20.0,1.86,0.0
20221029:1810,0.0,0.0,0.0,0.0,19.39,1.66,0.0
20221029:1910,0.0,0.0,0.0,0.0,19.07,1.79,0.0
20221029:2010,0.0,0.0,0.0,0.0,18.46,1.52,0.0
20221029:2110,0.0,0.0,0.0,0.0,17.97,1.24,0.0
20221029:2210,0.0,0.0,0.0,0.0,18.47,1.03,0.0
20221029:2310,0.0,0.0,0.0,0.0,18.61,0.97,0.0
20221030:0010,0.0,0.0,0.0,0.0,18.49,0.97,0.0
20221030:0110,0.0,0.0,0.0,0.0,18.33,1.03,0.0
20221030:0210,0.0,0.0,0.0,0.0,17.97,1.03,0.0
20221030:0310,0.0,0.0,0.0,0.0,17.74,0.9,0.0
20221030:0410,0.0,0.0,0.0,0.0,17.57,0.69,0.0
20221030:0510,0.0,0.0,0.0,0.0,17.44,0.76,0.0
20221030:0610,78.79,53.59,1.09,6.61,17.01,0.97,0.0
20221030:0710,306.29,118.72,3.94,16.98,16.53,0.97,0.0
20221030:0810,492.58,156.91,6.48,26.05,19.02,0.62,0.0
20221030:0910,667.42,164.46,8.55,33.12,19.99,0.97,0.0
20221030:1010,742.01,176.23,9.63,37.33,20.92,1.45,0.0
20221030:1110,762.47,172.34,9.84,37.96,21.45,1.79,0.0
20221030:1210,694.62,166.65,9.03,34.88,21.7,2.14,0.0
20221030:1310,551.62,155.42,7.3,28.67,21.68,2.34,0.0
20221030:1410,369.35,125.5,4.89,20.18,21.41,2.48,0.0
20221030:1510,144.18,79.65,2.05,10.18,20.87,2.41,0.0
20221030:1610,0.0,0.0,0.0,0.0,20.02,2.0,0.0
20221030:1710,0.0,0.0,0.0,0.0,19.31,1.86,0.0
20221030:1810,0.0,0.0,0.0,0.0,18.39,1.59,0.0
20221030:1910,0.0,0.0,0.0,0.0,17.21,1.52,0.0
20221030:2010,0.0,0.0,0.0,0.0,16.74,1.38,0.0
20221030:2110,0.0,0.0,0.0,0.0,17.01,1.24,0.0
20221030:2210,0.0,0.0,0.0,0.0,17.45,1.17,0.0
20221030:2310,0.0,0.0,0.0,0.0,17.95,1.03,0.0
20221031:0010,0.0,0.0,0.0,0.0,17.64,0.9,0.0
20221031:0110,0.0,0.0,0.0,0.0,17.34,0.76,0.0
20221031:0210,0.0,0.0,0.0,0.0,17.13,0.62,0.0
20221031:0310,0.0,0.0,0.0,0.0,16.86,0.69,0.0
20221031:0410,0.0,0.0,0.0,0.0,16.56,0.9,0.0
20221031:0510,0.0,0.0,0.0,0.0,16.3,0.97,0.0
20221031:0610,81.2,52.13,1.06,6.39,16.16,1.03,0.0
20221031:0710,319.25,114.23,3.94,16.74,16.87,0.76,0.0
20221031:0810,514.66,147.54,6.52,25.78,18.81,0.83,0.0
20221031:0910,657.18,167.15,8.44,32.82,19.99,0.97,0.0
20221031:1010,739.83,176.8,9.56,37.01,20.9,1.24,0.0
20221031:1110,737.4,182.05,9.67,37.63,21.58,1.66,0.0
20221031:1210,692.42,167.21,8.97,34.57,21.9,2.0,0.0
20221031:1310,549.04,154.64,7.22,28.39,21.93,2.14,0.0
20221031:1410,371.2,125.13,4.86,19.93,21.65,2.14,0.0
20221031:1510,153.38,76.59,2.03,9.95,21.13,2.07,0.0
20221031:1610,0.0,0.0,0.0,0.0,20.33,1.86,0.0
20221031:1710,0.0,0.0,0.0,0.0,19.48,1.66,0.0
20221031:1810,0.0,0.0,0.0,0.0,18.35,1.45,0.0
20221031:1910,0.0,0.0,0.0,0.0,17.21,1.66,0.0
20221031:2010,0.0,0.0,0.0,0.0,16.43,1.59,0.0
20221031:2110,0.0,0.0,0.0,0.0,16.31,1.45,0.0
20221031:2210,0.0,0.0,0.0,0.0,16.33,1.38,0.0
20221031:2310,0.0,0.0,0.0,0.0,16.91,1.24,0.0
20221101:0010,0.0,0.0,0.0,0.0,17.58,1.03,0.0
20221101:0110,0.0,0.0,0.0,0.0,17.44,0.9,0.0
20221101:0210,0.0,0.0,0.0,0.0,17.24,0.97,0.0
20221101:0310,0.0,0.0,0.0,0.0,15.24,1.31,0.0
20221101:0410,0.0,0.0,0.0,0.0,13.68,1.59,0.0
20221101:0510,0.0,0.0,0.0,0.0,13.29,1.59,0.0
20221101:0610,77.78,49.56,1.0,6.17,13.46,1.52,0.0
20221101:0710,319.12,108.13,3.83,16.5,15.74,0.83,0.0
20221101:0810,521.91,135.27,6.39,25.51,18.73,0.07,0.0
20221101:0910,680.24,146.47,8.36,32.52,20.26,0.9,0.0
20221101:1010,764.01,153.49,9.47,36.69,21.3,1.38,0.0
20221101:1110,762.89,157.71,9.58,37.31,22.04,1.66,0.0
20221101:1210,685.5,156.83,8.73,34.27,22.46,1.93,0.0
20221101:1310,533.57,151.53,7.0,28.11,22.51,2.07,0.0
20221101:1410,319.52,133.56,4.52,19.68,22.19,2.14,0.0
20221101:1510,141.19,75.51,1.92,9.72,21.53,2.0,0.0
20221101:1610,0.0,0.0,0.0,0.0,20.68,1.72,0.0
20221101:1710,0.0,0.0,0.0,0.0,19.89,1.31,0.0
20221101:1810,0.0,0.0,0.0,0.0,19.02,1.03,0.0
20221101:1910,0.0,0.0,0.0,0.0,19.35,0.76,0.0
20221101:2010,0.0,0.0,0.0,0.0,19.24,0.76,0.0
20221101:2110,0.0,0.0,0.0,0.0,18.97,0.9,0.0
20221101:2210,0.0,0.0,0.0,0.0,18.64,0.9,0.0
20221101:2310,0.0,0.0,0.0,0.0,18.29,0.97,0.0
20221102:0010,0.0,0.0,0.0,0.0,17.16,1.24,0.0
20221102:0110,0.0,0.0,0.0,0.0,16.68,1.31,0.0
20221102:0210,0.0,0.0,0.0,0.0,16.42,1.17,0.0
20221102:0310,0.0,0.0,0.0,0.0,15.11,1.24,0.0
20221102:0410,0.0,0.0,0.0,0.0,15.06,1.17,0.0
20221102:0510,0.0,0.0,0.0,0.0,14.75,1.31,0.0
20221102:0610,86.5,49.22,1.0,5.96,15.07,1.24,0.0
20221102:0710,318.98,107.53,3.78,16.26,16.48,0.83,0.0
20221102:0810,520.77,134.53,6.33,25.25,19.03,0.34,0.0
20221102:0910,658.69,155.23,8.22,32.23,20.49,0.34,0.0
20221102:1010,713.48,175.14,9.2,36.37,21.52,0.48,0.0
20221102:1110,749.89,162.94,9.47,36.99,22.3,1.1,0.0
20221102:1210,645.63,174.65,8.53,33.97,22.63,2.0,0.0
20221102:1310,492.05,167.05,6.78,27.84,22.44,2.48,0.0
20221102:1410,312.15,134.75,4.44,19.43,21.94,2.41,0.0
20221102:1510,143.99,72.73,1.88,9.51,21.27,1.93,0.0
20221102:1610,0.0,0.0,0.0,0.0,20.57,1.52,0.0
20221102:1710,0.0,0.0,0.0,0.0,19.91,1.38,0.0
20221102:1810,0.0,0.0,0.0,0.0,19.18,1.03,0.0
20221102:1910,0.0,0.0,0.0,0.0,17.85,1.45,0.0
20221102:2010,0.0,0.0,0.0,0.0,17.52,1.38,0.0
20221102:2110,0.0,0.0,0.0,0.0,18.57,1.03,0.0
20221102:2210,0.0,0.0,0.0,0.0,18.72,0.55,0.0
20221102:2310,0.0,0.0,0.0,0.0,18.54,0.48,0.0
20221103:0010,0.0,0.0,0.0,0.0,18.26,0.83,0.0
20221103:0110,0.0,0.0,0.0,0.0,16.72,1.17,0.0
20221103:0210,0.0,0.0,0.0,0.0,15.87,1.24,0.0
20221103:0310,0.0,0.0,0.0,0.0,15.45,1.31,0.0
20221103:0410,0.0,0.0,0.0,0.0,15.41,1.24,0.0
20221103:0510,0.0,0.0,0.0,0.0,14.98,1.45,0.0
20221103:0610,70.26,45.55,0.89,5.74,15.02,1.38,0.0
20221103:0710,287.53,112.96,3.59,16.02,16.9,0.9,0.0
20221103:0810,475.15,149.06,6.08,24.98,18.32,0.55,0.0
20221103:0910,599.76,176.95,7.91,31.93,19.66,0.34,0.0
20221103:1010,662.37,194.53,8.92,36.06,20.81,0.21,0.0
20221103:1110,633.91,210.29,8.92,36.68,21.71,0.14,0.0
20221103:1210,512.53,222.4,7.89,33.67,22.27,0.76,0.0
20221103:1310,448.3,178.94,6.52,27.57,22.45,1.24,0.0
20221103:1410,286.99,138.8,4.27,19.2,22.2,1.66,0.0
20221103:1510,131.05,72.75,1.78,9.29,21.52,1.66,0.0
20221103:1610,0.0,0.0,0.0,0.0,20.73,1.38,0.0
20221103:1710,0.0,0.0,0.0,0.0,20.01,1.31,0.0
20221103:1810,0.0,0.0,0.0,0.0,19.17,1.66,0.0
20221103:1910,0.0,0.0,0.0,0.0,18.44,1.72,0.0
20221103:2010,0.0,0.0,0.0,0.0,18.03,2.21,0.0
20221103:2110,0.0,0.0,0.0,0.0,18.03,2.62,0.0
20221103:2210,0.0,0.0,0.0,0.0,18.13,2.97,0.0
20221103:2310,0.0,0.0,0.0,0.0,18.13,3.52,0.0
20221104:0010,0.0,0.0,0.0,0.0,17.99,3.79,0.0
20221104:0110,0.0,0.0,0.0,0.0,17.84,4.21,0.0
20221104:0210,0.0,0.0,0.0,0.0,17.84,4.62,0.0
20221104:0310,0.0,0.0,0.0,0.0,17.98,4.9,0.0
20221104:0410,0.0,0.0,0.0,0.0,18.11,5.17,0.0
20221104:0510,0.0,0.0,0.0,0.0,18.42,5.45,0.0
20221104:0610,29.75,36.04,0.69,5.52,18.68,5.72,0.0
20221104:0710,190.01,128.23,3.14,15.78,19.65,5.66,0.0
20221104:0810,251.43,201.87,5.02,24.72,21.14,6.21,0.0
20221104:0910,6.49,177.78,3.06,31.64,22.1,6.55,0.0
20221104:1010,0.0,51.6,0.88,35.75,22.96,7.38,0.0
20221104:1110,0.0,70.02,1.19,36.37,23.52,7.17,0.0
20221104:1210,0.0,56.2,0.95,33.38,23.72,6.97,0.0
20221104:1310,0.0,110.57,1.88,27.31,23.52,6.69,0.0
20221104:1410,0.0,57.13,0.97,18.96,22.99,6.21,0.0
20221104:1510,0.0,29.48,0.5,9.09,22.45,5.45,0.0
20221104:1610,0.0,0.0,0.0,0.0,21.65,4.9,0.0
20221104:1710,0.0,0.0,0.0,0.0,20.21,5.17,0.0
20221104:1810,0.0,0.0,0.0,0.0,18.66,4.34,0.0
20221104:1910,0.0,0.0,0.0,0.0,19.59,4.0,0.0
20221104:2010,0.0,0.0,0.0,0.0,19.03,4.9,0.0
20221104:2110,0.0,0.0,0.0,0.0,17.89,5.52,0.0
20221104:2210,0.0,0.0,0.0,0.0,16.97,4.83,0.0
20221104:2310,0.0,0.0,0.0,0.0,16.89,4.48,0.0
20221105:0010,0.0,0.0,0.0,0.0,15.82,5.31,0.0
20221105:0110,0.0,0.0,0.0,0.0,15.42,4.83,0.0
20221105:0210,0.0,0.0,0.0,0.0,15.22,4.48,0.0
20221105:0310,0.0,0.0,0.0,0.0,13.92,5.52,0.0
20221105:0410,0.0,0.0,0.0,0.0,13.52,5.17,0.0
20221105:0510,0.0,0.0,0.0,0.0,13.72,5.17,0.0
20221105:0610,54.82,37.08,0.77,5.31,13.43,5.03,0.0
20221105:0710,96.14,127.13,2.59,15.55,13.83,4.97,0.0
20221105:0810,386.96,175.35,5.63,24.45,14.73,5.93,0.0
20221105:0910,368.75,246.69,6.8,31.35,15.15,6.55,0.0
20221105:1010,434.68,268.23,7.81,35.44,15.53,5.93,0.0
20221105:1110,3.15,194.82,3.33,36.06,15.94,4.83,0.0
20221105:1210,101.76,264.01,5.17,33.09,16.39,4.62,0.0
20221105:1310,0.0,35.93,0.61,27.05,16.51,4.55,0.0
20221105:1410,105.89,153.87,3.2,18.73,16.21,4.9,0.0
20221105:1510,7.05,49.99,0.88,8.88,15.14,4.97,0.0
20221105:1610,0.0,0.0,0.0,0.0,14.97,4.0,0.0
20221105:1710,0.0,0.0,0.0,0.0,14.84,3.93,0.0
20221105:1810,0.0,0.0,0.0,0.0,13.76,4.97,0.0
20221105:1910,0.0,0.0,0.0,0.0,14.22,4.34,0.0
20221105:2010,0.0,0.0,0.0,0.0,13.71,5.24,0.0
20221105:2110,0.0,0.0,0.0,0.0,13.31,5.45,0.0
20221105:2210,0.0,0.0,0.0,0.0,13.37,5.03,0.0
20221105:2310,0.0,0.0,0.0,0.0,13.65,5.38,0.0
20221106:0010,0.0,0.0,0.0,0.0,14.05,4.83,0.0
20221106:0110,0.0,0.0,0.0,0.0,14.86,5.31,0.0
20221106:0210,0.0,0.0,0.0,0.0,15.42,6.76,0.0
20221106:0310,0.0,0.0,0.0,0.0,15.65,7.24,0.0
20221106:0410,0.0,0.0,0.0,0.0,15.29,7.59,0.0
20221106:0510,0.0,0.0,0.0,0.0,15.14,6.83,0.0
20221106:0610,7.11,24.65,0.44,5.09,14.91,5.72,0.0
20221106:0710,0.0,67.26,1.14,15.31,15.97,6.34,0.0
20221106:0810,75.18,189.79,3.66,24.19,16.44,6.62,0.0
20221106:0910,0.0,142.81,2.42,31.07,17.12,6.97,0.0
20221106:1010,0.0,111.49,1.89,35.14,17.72,6.55,0.0
20221106:1110,79.11,274.55,5.2,35.76,17.81,6.76,0.0
20221106:1210,0.0,125.31,2.13,32.81,18.01,6.41,0.0
20221106:1310,0.0,61.73,1.05,26.79,18.12,6.28,0.0
20221106:1410,0.0,39.62,0.67,18.51,17.94,5.93,0.0
20221106:1510,0.0,31.33,0.53,8.68,17.77,5.17,0.0
20221106:1610,0.0,0.0,0.0,0.0,17.37,4.69,0.0
20221106:1710,0.0,0.0,0.0,0.0,16.85,4.28,0.0
20221106:1810,0.0,0.0,0.0,0.0,16.36,4.0,0.0
20221106:1910,0.0,0.0,0.0,0.0,16.52,3.86,0.0
20221106:2010,0.0,0.0,0.0,0.0,16.31,3.72,0.0
20221106:2110,0.0,0.0,0.0,0.0,16.26,3.59,0.0
20221106:2210,0.0,0.0,0.0,0.0,16.09,3.59,0.0
20221106:2310,0.0,0.0,0.0,0.0,15.99,3.45,0.0
20221107:0010,0.0,0.0,0.0,0.0,15.87,3.31,0.0
20221107:0110,0.0,0.0,0.0,0.0,15.66,3.31,0.0
20221107:0210,0.0,0.0,0.0,0.0,15.8,3.38,0.0
20221107:0310,0.0,0.0,0.0,0.0,15.74,3.1,0.0
20221107:0410,0.0,0.0,0.0,0.0,15.69,2.76,0.0
20221107:0510,0.0,0.0,0.0,0.0,15.43,2.41,0.0
20221107:0610,73.94,34.85,0.77,4.88,15.21,2.21,0.0
20221107:0710,47.19,114.18,2.14,15.08,16.32,2.28,0.0
20221107:0810,433.39,158.73,5.7,23.93,17.51,2.62,0.0
20221107:0910,457.37,222.23,7.11,30.79,18.22,2.76,0.0
20221107:1010,596.42,216.43,8.44,34.85,18.67,2.55,0.0
20221107:1110,580.46,227.49,8.5,35.47,19.0,2.48,0.0
20221107:1210,562.72,201.28,7.91,32.53,19.24,2.62,0.0
20221107:1310,517.25,150.4,6.59,26.55,19.23,2.69,0.0
20221107:1410,305.47,129.81,4.16,18.29,18.94,2.55,0.0
20221107:1510,115.06,68.85,1.56,8.49,18.52,2.07,0.0
20221107:1610,0.0,0.0,0.0,0.0,17.92,1.24,0.0
20221107:1710,0.0,0.0,0.0,0.0,17.28,0.69,0.0
20221107:1810,0.0,0.0,0.0,0.0,17.4,0.14,0.0
20221107:1910,0.0,0.0,0.0,0.0,17.1,0.21,0.0
20221107:2010,0.0,0.0,0.0,0.0,16.85,0.34,0.0
20221107:2110,0.0,0.0,0.0,0.0,16.65,0.41,0.0
20221107:2210,0.0,0.0,0.0,0.0,16.46,0.62,0.0
20221107:2310,0.0,0.0,0.0,0.0,16.21,0.83,0.0
20221108:0010,0.0,0.0,0.0,0.0,15.97,0.9,0.0
20221108:0110,0.0,0.0,0.0,0.0,15.79,0.9,0.0
20221108:0210,0.0,0.0,0.0,0.0,15.59,0.83,0.0
20221108:0310,0.0,0.0,0.0,0.0,15.42,0.9,0.0
20221108:0410,0.0,0.0,0.0,0.0,15.09,1.03,0.0
20221108:0510,0.0,0.0,0.0,0.0,12.92,1.24,0.0
20221108:0610,76.99,32.86,0.73,4.66,12.04,1.45,0.0
20221108:0710,297.01,105.73,3.39,14.84,13.83,1.03,0.0
20221108:0810,486.4,140.25,5.86,23.67,16.47,0.9,0.0
20221108:0910,606.25,169.11,7.66,30.51,17.96,0.76,0.0
20221108:1010,670.48,186.89,8.69,34.55,18.82,0.55,0.0
20221108:1110,666.57,193.17,8.8,35.17,19.38,0.34,0.0
20221108:1210,607.87,182.5,8.03,32.26,19.72,0.76,0.0
20221108:1310,527.4,146.52,6.59,26.3,19.78,1.45,0.0
20221108:1410,276.97,135.95,4.0,18.08,19.56,2.07,0.0
20221108:1510,102.42,68.5,1.48,8.3,19.02,2.34,0.0
20221108:1610,0.0,0.0,0.0,0.0,18.28,2.28,0.0
20221108:1710,0.0,0.0,0.0,0.0,17.53,2.14,0.0
20221108:1810,0.0,0.0,0.0,0.0,16.81,2.0,0.0
20221108:1910,0.0,0.0,0.0,0.0,16.27,1.86,0.0
20221108:2010,0.0,0.0,0.0,0.0,15.84,1.86,0.0
20221108:2110,0.0,0.0,0.0,0.0,15.16,1.66,0.0
20221108:2210,0.0,0.0,0.0,0.0,14.89,1.45,0.0
20221108:2310,0.0,0.0,0.0,0.0,14.65,1.38,0.0
20221109:0010,0.0,0.0,0.0,0.0,13.89,1.52,0.0
20221109:0110,0.0,0.0,0.0,0.0,13.13,1.66,0.0
20221109:0210,0.0,0.0,0.0,0.0,12.84,1.79,0.0
20221109:0310,0.0,0.0,0.0,0.0,12.85,1.93,0.0
20221109:0410,0.0,0.0,0.0,0.0,12.99,2.0,0.0
20221109:0510,0.0,0.0,0.0,0.0,13.03,2.07,0.0
20221109:0610,68.26,30.87,0.67,4.45,13.05,2.07,0.0
20221109:0710,281.76,106.1,3.27,14.61,14.34,2.0,0.0
20221109:0810,461.49,146.95,5.7,23.42,16.4,1.59,0.0
20221109:0910,576.42,179.41,7.48,30.23,18.56,1.24,0.0
20221109:1010,677.23,181.41,8.64,34.26,19.72,1.1,0.0
20221109:1110,625.0,207.45,8.56,34.89,20.47,0.76,0.0
20221109:1210,614.46,177.09,7.98,31.99,20.82,0.69,0.0
20221109:1310,502.13,154.47,6.44,26.07,20.93,1.03,0.0
20221109:1410,326.17,121.67,4.14,17.87,20.66,1.59,0.0
20221109:1510,130.0,65.99,1.55,8.12,20.1,1.86,0.0
20221109:1610,0.0,0.0,0.0,0.0,19.35,1.86,0.0
20221109:1710,0.0,0.0,0.0,0.0,18.5,1.86,0.0
20221109:1810,0.0,0.0,0.0,0.0,17.5,1.79,0.0
20221109:1910,0.0,0.0,0.0,0.0,16.58,1.59,0.0
20221109:2010,0.0,0.0,0.0,0.0,15.97,1.66,0.0
20221109:2110,0.0,0.0,0.0,0.0,15.6,1.72,0.0
20221109:2210,0.0,0.0,0.0,0.0,15.13,1.86,0.0
20221109:2310,0.0,0.0,0.0,0.0,14.93,2.14,0.0
20221110:0010,0.0,0.0,0.0,0.0,14.88,2.21,0.0
20221110:0110,0.0,0.0,0.0,0.0,14.7,2.14,0.0
20221110:0210,0.0,0.0,0.0,0.0,14.39,2.0,0.0
20221110:0310,0.0,0.0,0.0,0.0,14.23,2.0,0.0
20221110:0410,0.0,0.0,0.0,0.0,14.33,2.14,0.0
20221110:0510,0.0,0.0,0.0,0.0,14.51,2.14,0.0
20221110:0610,37.77,27.84,0.55,4.24,14.06,1.86,0.0
20221110:0710,170.31,120.48,2.78,14.38,16.2,1.1,0.0
20221110:0810,373.09,171.14,5.3,23.17,18.4,0.76,0.0
20221110:0910,507.55,199.75,7.13,29.95,19.4,0.48,0.0
20221110:1010,368.06,272.97,7.2,33.98,20.12,0.62,0.0
20221110:1110,523.21,239.99,8.06,34.61,20.55,1.03,0.0
20221110:1210,217.37,266.33,5.95,31.73,20.8,1.52,0.0
20221110:1310,265.47,212.23,5.31,25.83,20.85,1.79,0.0
20221110:1410,120.4,146.62,3.11,17.67,20.51,2.14,0.0
20221110:1510,31.21,55.85,1.03,7.95,19.9,2.41,0.0
20221110:1610,0.0,0.0,0.0,0.0,19.07,2.41,0.0
20221110:1710,0.0,0.0,0.0,0.0,18.36,2.28,0.0
20221110:1810,0.0,0.0,0.0,0.0,17.86,2.07,0.0
20221110:1910,0.0,0.0,0.0,0.0,17.31,1.66,0.0
20221110:2010,0.0,0.0,0.0,0.0,16.85,1.79,0.0
20221110:2110,0.0,0.0,0.0,0.0,16.44,1.72,0.0
20221110:2210,0.0,0.0,0.0,0.0,16.02,1.79,0.0
20221110:2310,0.0,0.0,0.0,0.0,15.78,2.0,0.0
20221111:0010,0.0,0.0,0.0,0.0,15.68,2.0,0.0
20221111:0110,0.0,0.0,0.0,0.0,15.5,1.86,0.0
20221111:0210,0.0,0.0,0.0,0.0,15.31,1.79,0.0
20221111:0310,0.0,0.0,0.0,0.0,15.24,1.72,0.0
20221111:0410,0.0,0.0,0.0,0.0,15.08,1.72,0.0
20221111:0510,0.0,0.0,0.0,0.0,15.09,1.59,0.0
20221111:0610,48.35,26.76,0.55,4.03,14.93,1.45,0.0
20221111:0710,232.81,112.05,2.98,14.15,15.59,0.9,0.0
20221111:0810,49.03,172.12,3.19,22.91,17.37,0.69,0.0
20221111:0910,18.6,193.7,3.41,29.68,18.52,0.55,0.0
20221111:1010,315.95,278.16,6.86,33.7,19.38,1.1,0.0
20221111:1110,92.51,269.99,5.19,34.33,19.85,1.38,0.0
20221111:1210,603.06,177.49,7.81,31.48,20.04,1.79,0.0
20221111:1310,457.3,166.15,6.14,25.61,19.99,2.14,0.0
20221111:1410,330.36,116.67,4.05,17.47,19.63,2.14,0.0
20221111:1510,127.39,62.71,1.45,7.77,19.17,2.0,0.0
20221111:1610,0.0,0.0,0.0,0.0,18.48,1.66,0.0
20221111:1710,0.0,0.0,0.0,0.0,17.79,1.52,0.0
20221111:1810,0.0,0.0,0.0,0.0,16.96,1.38,0.0
20221111:1910,0.0,0.0,0.0,0.0,16.51,1.24,0.0
20221111:2010,0.0,0.0,0.0,0.0,16.58,1.1,0.0
20221111:2110,0.0,0.0,0.0,0.0,15.69,1.31,0.0
20221111:2210,0.0,0.0,0.0,0.0,16.04,1.17,0.0
20221111:2310,0.0,0.0,0.0,0.0,16.35,1.03,0.0
20221112:0010,0.0,0.0,0.0,0.0,16.77,0.83,0.0
20221112:0110,0.0,0.0,0.0,0.0,16.66,0.62,0.0
20221112:0210,0.0,0.0,0.0,0.0,16.52,0.41,0.0
20221112:0310,0.0,0.0,0.0,0.0,16.46,0.55,0.0
20221112:0410,0.0,0.0,0.0,0.0,16.21,0.62,0.0
20221112:0510,0.0,0.0,0.0,0.0,16.0,0.62,0.0
20221112:0610,9.23,19.18,0.34,3.82,15.39,0.9,0.0
20221112:0710,26.2,95.18,1.72,13.92,15.14,0.97,0.0
20221112:0810,49.41,169.41,3.14,22.66,16.97,0.97,0.0
20221112:0910,105.42,237.89,4.67,29.42,17.71,1.38,0.0
20221112:1010,138.22,275.02,5.55,33.42,18.13,1.72,0.0
20221112:1110,58.72,252.53,4.67,34.06,18.25,1.72,0.0
20221112:1210,0.0,148.34,2.52,31.23,18.46,2.28,0.0
20221112:1310,0.0,110.57,1.88,25.39,18.29,3.17,0.0
20221112:1410,7.66,98.82,1.72,17.28,17.8,3.38,0.0
20221112:1510,8.12,42.86,0.75,7.61,17.25,3.03,0.0
20221112:1610,0.0,0.0,0.0,0.0,16.71,2.62,0.0
20221112:1710,0.0,0.0,0.0,0.0,16.34,2.48,0.0
20221112:1810,0.0,0.0,0.0,0.0,16.1,2.41,0.0
20221112:1910,0.0,0.0,0.0,0.0,15.93,2.55,0.0
20221112:2010,0.0,0.0,0.0,0.0,15.69,2.48,0.0
20221112:2110,0.0,0.0,0.0,0.0,15.23,2.55,0.0
20221112:2210,0.0,0.0,0.0,0.0,15.0,2.07,0.0
20221112:2310,0.0,0.0,0.0,0.0,14.69,1.79,0.0
20221113:0010,0.0,0.0,0.0,0.0,14.17,1.93,0.0
20221113:0110,0.0,0.0,0.0,0.0,13.98,1.45,0.0
20221113:0210,0.0,0.0,0.0,0.0,13.62,0.9,0.0
20221113:0310,0.0,0.0,0.0,0.0,14.29,0.48,0.0
20221113:0410,0.0,0.0,0.0,0.0,14.25,0.28,0.0
20221113:0510,0.0,0.0,0.0,0.0,14.15,0.14,0.0
20221113:0610,48.58,23.54,0.48,3.61,14.0,0.69,0.0
20221113:0710,267.5,103.34,3.02,13.69,13.21,1.72,0.0
20221113:0810,418.54,152.38,5.3,22.42,15.87,2.07,0.0
20221113:0910,526.75,188.29,7.03,29.15,17.04,2.34,0.0
20221113:1010,658.21,178.61,8.28,33.15,17.91,2.34,0.0
20221113:1110,581.89,214.02,8.13,33.79,18.66,2.14,0.0
20221113:1210,26.57,208.86,3.72,30.98,19.07,1.86,0.0
20221113:1310,36.43,179.51,3.27,25.17,19.28,1.24,0.0
20221113:1410,230.06,136.23,3.56,17.1,19.13,0.69,0.0
20221113:1510,55.24,56.96,1.09,7.45,18.65,0.48,0.0
20221113:1610,0.0,0.0,0.0,0.0,17.73,1.24,0.0
20221113:1710,0.0,0.0,0.0,0.0,16.72,2.0,0.0
20221113:1810,0.0,0.0,0.0,0.0,15.86,2.07,0.0
20221113:1910,0.0,0.0,0.0,0.0,15.86,2.28,0.0
20221113:2010,0.0,0.0,0.0,0.0,15.58,2.14,0.0
20221113:2110,0.0,0.0,0.0,0.0,15.45,2.28,0.0
20221113:2210,0.0,0.0,0.0,0.0,15.71,2.9,0.0
20221113:2310,0.0,0.0,0.0,0.0,15.74,3.38,0.0
20221114:0010,0.0,0.0,0.0,0.0,15.67,3.24,0.0
20221114:0110,0.0,0.0,0.0,0.0,15.36,2.9,0.0
20221114:0210,0.0,0.0,0.0,0.0,15.38,2.9,0.0
20221114:0310,0.0,0.0,0.0,0.0,15.39,2.97,0.0
20221114:0410,0.0,0.0,0.0,0.0,15.35,3.1,0.0
20221114:0510,0.0,0.0,0.0,0.0,15.39,3.24,0.0
20221114:0610,5.13,16.03,0.28,3.4,15.33,3.17,0.0
20221114:0710,69.41,107.01,2.06,13.46,15.57,3.38,0.0
20221114:0810,156.05,188.77,4.02,22.17,16.59,3.24,0.0
20221114:0910,60.2,220.12,4.09,28.89,17.75,3.17,0.0
20221114:1010,169.54,276.25,5.75,32.88,18.44,3.1,0.0
20221114:1110,482.61,245.48,7.67,33.53,19.03,3.59,0.0
20221114:1210,190.31,258.98,5.59,30.75,19.45,3.72,0.0
20221114:1310,352.58,191.52,5.56,24.96,19.64,3.45,0.0
20221114:1410,331.6,113.18,3.92,16.92,19.58,3.38,0.0
20221114:1510,121.15,59.27,1.33,7.3,19.02,3.24,0.0
20221114:1610,0.0,0.0,0.0,0.0,18.05,2.76,0.0
20221114:1710,0.0,0.0,0.0,0.0,17.16,2.14,0.0
20221114:1810,0.0,0.0,0.0,0.0,15.96,1.52,0.0
20221114:1910,0.0,0.0,0.0,0.0,16.08,1.1,0.0
20221114:2010,0.0,0.0,0.0,0.0,16.83,0.69,0.0
20221114:2110,0.0,0.0,0.0,0.0,16.46,0.34,0.0
20221114:2210,0.0,0.0,0.0,0.0,16.04,0.62,0.0
20221114:2310,0.0,0.0,0.0,0.0,15.68,0.9,0.0
20221115:0010,0.0,0.0,0.0,0.0,15.17,1.03,0.0
20221115:0110,0.0,0.0,0.0,0.0,15.03,0.97,0.0
20221115:0210,0.0,0.0,0.0,0.0,15.08,0.97,0.0
20221115:0310,0.0,0.0,0.0,0.0,14.18,1.17,0.0
20221115:0410,0.0,0.0,0.0,0.0,13.39,1.38,0.0
20221115:0510,0.0,0.0,0.0,0.0,13.06,1.45,0.0
20221115:0610,38.02,19.47,0.39,3.19,12.9,1.52,0.0
20221115:0710,102.06,111.77,2.25,13.24,14.0,1.17,0.0
20221115:0810,344.4,171.22,4.94,21.93,17.32,1.38,0.0
20221115:0910,584.72,166.85,7.17,28.64,18.75,1.66,0.0
20221115:1010,676.52,173.17,8.3,32.62,19.8,1.86,0.0
20221115:1110,623.96,199.67,8.23,33.28,20.62,1.86,0.0
20221115:1210,505.07,211.26,7.27,30.51,21.2,1.86,0.0
20221115:1310,270.45,206.52,5.16,24.76,21.36,1.59,0.0
20221115:1410,194.81,140.27,3.36,16.74,21.11,1.24,0.0
20221115:1510,66.09,57.45,1.11,7.15,20.46,1.52,0.0
20221115:1610,0.0,0.0,0.0,0.0,19.48,1.93,0.0
20221115:1710,0.0,0.0,0.0,0.0,18.4,2.34,0.0
20221115:1810,0.0,0.0,0.0,0.0,17.64,2.76,0.0
20221115:1910,0.0,0.0,0.0,0.0,17.83,3.31,0.0
20221115:2010,0.0,0.0,0.0,0.0,17.58,3.59,0.0
20221115:2110,0.0,0.0,0.0,0.0,17.37,3.93,0.0
20221115:2210,0.0,0.0,0.0,0.0,17.33,4.34,0.0
20221115:2310,0.0,0.0,0.0,0.0,17.46,4.48,0.0
20221116:0010,0.0,0.0,0.0,0.0,17.53,4.34,0.0
20221116:0110,0.0,0.0,0.0,0.0,17.6,4.34,0.0
20221116:0210,0.0,0.0,0.0,0.0,17.59,4.34,0.0
20221116:0310,0.0,0.0,0.0,0.0,17.52,4.34,0.0
20221116:0410,0.0,0.0,0.0,0.0,17.29,4.21,0.0
20221116:0510,0.0,0.0,0.0,0.0,16.97,4.14,0.0
20221116:0610,28.86,16.71,0.33,2.98,16.76,4.07,0.0
20221116:0710,167.71,111.7,2.52,13.02,17.32,3.79,0.0
20221116:0810,233.84,183.32,4.36,21.69,18.69,4.07,0.0
20221116:0910,66.11,218.57,4.09,28.38,19.79,4.9,0.0
20221116:1010,146.05,269.48,5.47,32.36,20.32,5.17,0.0
20221116:1110,409.09,258.97,7.22,33.03,20.92,5.45,0.0
20221116:1210,330.55,247.61,6.38,30.29,21.27,5.72,0.0
20221116:1310,411.67,173.52,5.72,24.56,21.07,5.52,0.0
20221116:1410,267.95,126.8,3.61,16.58,20.69,4.97,0.0
20221116:1510,134.77,56.86,1.31,7.0,20.06,4.34,0.0
20221116:1610,0.0,0.0,0.0,0.0,19.14,4.0,0.0
20221116:1710,0.0,0.0,0.0,0.0,18.4,3.72,0.0
20221116:1810,0.0,0.0,0.0,0.0,17.97,3.79,0.0
20221116:1910,0.0,0.0,0.0,0.0,17.91,3.93,0.0
20221116:2010,0.0,0.0,0.0,0.0,17.63,4.9,0.0
20221116:2110,0.0,0.0,0.0,0.0,17.1,5.1,0.0
20221116:2210,0.0,0.0,0.0,0.0,16.66,4.62,0.0
20221116:2310,0.0,0.0,0.0,0.0,16.57,4.21,0.0
20221117:0010,0.0,0.0,0.0,0.0,16.39,4.21,0.0
20221117:0110,0.0,0.0,0.0,0.0,16.22,4.14,0.0
20221117:0210,0.0,0.0,0.0,0.0,16.33,4.48,0.0
20221117:0310,0.0,0.0,0.0,0.0,16.57,4.48,0.0
20221117:0410,0.0,0.0,0.0,0.0,16.45,4.34,0.0
20221117:0510,0.0,0.0,0.0,0.0,16.42,3.79,0.0
20221117:0610,12.32,13.64,0.25,2.78,16.33,3.38,0.0
20221117:0710,0.0,34.09,0.58,12.8,16.67,3.59,0.0
20221117:0810,0.0,90.3,1.53,21.46,17.42,3.38,0.0
20221117:0910,97.98,224.65,4.38,28.13,18.45,3.45,0.0
20221117:1010,598.84,192.31,7.8,32.1,19.07,3.31,0.0
20221117:1110,172.09,272.74,5.7,32.79,19.62,3.17,0.0
20221117:1210,44.07,215.83,3.94,30.06,19.67,3.31,0.0
20221117:1310,85.31,193.68,3.77,24.37,19.88,3.31,0.0
20221117:1410,28.02,113.79,2.06,16.41,19.54,3.31,0.0
20221117:1510,62.71,53.87,1.03,6.87,19.27,3.03,0.0
20221117:1610,0.0,0.0,0.0,0.0,18.57,2.83,0.0
20221117:1710,0.0,0.0,0.0,0.0,17.6,3.31,0.0
20221117:1810,0.0,0.0,0.0,0.0,17.26,3.52,0.0
20221117:1910,0.0,0.0,0.0,0.0,17.42,3.38,0.0
20221117:2010,0.0,0.0,0.0,0.0,17.1,3.38,0.0
20221117:2110,0.0,0.0,0.0,0.0,16.85,3.45,0.0
20221117:2210,0.0,0.0,0.0,0.0,16.75,3.66,0.0
20221117:2310,0.0,0.0,0.0,0.0,16.78,3.79,0.0
20221118:0010,0.0,0.0,0.0,0.0,16.76,3.86,0.0
20221118:0110,0.0,0.0,0.0,0.0,16.85,3.93,0.0
20221118:0210,0.0,0.0,0.0,0.0,17.02,4.0,0.0
20221118:0310,0.0,0.0,0.0,0.0,17.21,4.28,0.0
20221118:0410,0.0,0.0,0.0,0.0,17.28,4.41,0.0
20221118:0510,0.0,0.0,0.0,0.0,17.41,4.62,0.0
20221118:0610,19.81,13.1,0.25,2.58,17.49,4.76,0.0
20221118:0710,4.72,64.29,1.11,12.58,17.92,4.62,0.0
20221118:0810,124.42,176.87,3.61,21.23,18.79,5.17,0.0
20221118:0910,517.24,180.23,6.69,27.89,19.3,5.52,0.0
20221118:1010,98.31,254.08,4.91,31.86,19.64,6.21,0.0
20221118:1110,53.71,238.84,4.39,32.55,20.2,7.1,0.0
20221118:1210,91.98,236.15,4.56,29.85,20.59,7.1,0.0
20221118:1310,23.24,161.43,2.88,24.19,20.47,7.17,0.0
20221118:1410,133.22,135.35,2.91,16.26,20.14,6.48,0.0
20221118:1510,54.78,52.58,0.98,6.74,19.64,5.52,0.0
20221118:1610,0.0,0.0,0.0,0.0,19.06,4.55,0.0
20221118:1710,0.0,0.0,0.0,0.0,18.53,4.07,0.0
20221118:1810,0.0,0.0,0.0,0.0,18.01,3.79,0.0
20221118:1910,0.0,0.0,0.0,0.0,17.98,4.0,0.0
20221118:2010,0.0,0.0,0.0,0.0,17.87,3.79,0.0
20221118:2110,0.0,0.0,0.0,0.0,17.59,3.52,0.0
20221118:2210,0.0,0.0,0.0,0.0,17.32,3.45,0.0
20221118:2310,0.0,0.0,0.0,0.0,17.15,3.45,0.0
20221119:0010,0.0,0.0,0.0,0.0,17.02,3.45,0.0
20221119:0110,0.0,0.0,0.0,0.0,16.81,3.31,0.0
20221119:0210,0.0,0.0,0.0,0.0,16.6,3.38,0.0
20221119:0310,0.0,0.0,0.0,0.0,16.36,3.31,0.0
20221119:0410,0.0,0.0,0.0,0.0,16.17,3.24,0.0
20221119:0510,0.0,0.0,0.0,0.0,16.44,3.24,0.0
20221119:0610,14.24,11.81,0.22,2.38,17.04,3.38,0.0
20221119:0710,11.94,73.95,1.3,12.37,17.88,5.03,0.0
20221119:0810,0.0,100.43,1.7,21.0,18.83,4.62,0.0
20221119:0910,0.0,110.57,1.88,27.65,19.71,5.72,0.0
20221119:1010,0.0,119.78,2.03,31.61,19.85,6.28,0.0
20221119:1110,77.57,249.99,4.72,32.32,19.76,5.72,0.0
20221119:1210,90.71,236.09,4.55,29.64,19.67,5.24,0.0
20221119:1310,1.8,115.39,1.97,24.01,19.01,5.1,0.0
20221119:1410,0.0,46.99,0.8,16.11,18.35,4.83,0.0
20221119:1510,9.3,36.65,0.64,6.61,17.6,3.79,0.0
20221119:1610,0.0,0.0,0.0,0.0,16.9,4.07,0.0
20221119:1710,0.0,0.0,0.0,0.0,16.49,4.14,0.0
20221119:1810,0.0,0.0,0.0,0.0,16.26,4.14,0.0
20221119:1910,0.0,0.0,0.0,0.0,16.39,4.28,0.0
20221119:2010,0.0,0.0,0.0,0.0,15.96,3.72,0.0
20221119:2110,0.0,0.0,0.0,0.0,15.57,3.1,0.0
20221119:2210,0.0,0.0,0.0,0.0,15.33,2.9,0.0
20221119:2310,0.0,0.0,0.0,0.0,14.91,2.97,0.0
20221120:0010,0.0,0.0,0.0,0.0,14.65,3.17,0.0
20221120:0110,0.0,0.0,0.0,0.0,14.61,2.9,0.0
20221120:0210,0.0,0.0,0.0,0.0,14.54,2.69,0.0
20221120:0310,0.0,0.0,0.0,0.0,14.27,2.83,0.0
20221120:0410,0.0,0.0,0.0,0.0,14.12,2.83,0.0
20221120:0510,0.0,0.0,0.0,0.0,13.95,2.97,0.0
20221120:0610,0.0,1.84,0.03,2.18,13.72,2.9,0.0
20221120:0710,0.0,32.25,0.55,12.16,13.44,2.48,0.0
20221120:0810,0.0,79.24,1.34,20.77,13.39,2.76,0.0
20221120:0910,0.0,99.51,1.69,27.41,13.17,2.97,0.0
20221120:1010,0.0,130.84,2.22,31.37,13.05,3.17,0.0
20221120:1110,1.69,164.22,2.8,32.09,13.27,3.66,0.0
20221120:1210,18.92,192.87,3.39,29.44,14.27,4.41,0.0
20221120:1310,0.0,70.02,1.19,23.83,14.55,6.62,0.0
20221120:1410,65.64,125.2,2.41,15.96,13.86,7.03,0.0
20221120:1510,82.08,53.7,1.05,6.49,13.25,6.97,0.0
20221120:1610,0.0,0.0,0.0,0.0,12.99,6.14,0.0
20221120:1710,0.0,0.0,0.0,0.0,12.82,6.07,0.0
20221120:1810,0.0,0.0,0.0,0.0,12.31,6.41,0.0
20221120:1910,0.0,0.0,0.0,0.0,12.55,5.93,0.0
20221120:2010,0.0,0.0,0.0,0.0,12.15,5.93,0.0
20221120:2110,0.0,0.0,0.0,0.0,12.31,5.72,0.0
20221120:2210,0.0,0.0,0.0,0.0,12.21,5.59,0.0
20221120:2310,0.0,0.0,0.0,0.0,12.0,4.76,0.0
20221121:0010,0.0,0.0,0.0,0.0,11.92,4.83,0.0
20221121:0110,0.0,0.0,0.0,0.0,12.21,5.45,0.0
20221121:0210,0.0,0.0,0.0,0.0,11.87,5.38,0.0
20221121:0310,0.0,0.0,0.0,0.0,11.68,4.9,0.0
20221121:0410,0.0,0.0,0.0,0.0,11.64,4.14,0.0
20221121:0510,0.0,0.0,0.0,0.0,11.81,3.72,0.0
20221121:0610,0.0,7.37,0.13,1.98,12.37,3.66,0.0
20221121:0710,242.79,97.94,2.58,11.95,13.44,3.72,0.0
20221121:0810,438.29,138.29,5.0,20.55,14.48,4.34,0.0
20221121:0910,448.84,203.6,6.36,27.18,15.08,6.21,0.0
20221121:1010,49.85,231.99,4.23,31.14,15.5,5.52,0.0
20221121:1110,389.58,260.35,6.97,31.87,16.24,6.07,0.0
20221121:1210,307.52,247.75,6.11,29.24,16.76,6.97,0.0
20221121:1310,109.09,196.93,3.92,23.67,16.82,7.03,0.0
20221121:1410,173.66,134.52,3.06,15.83,16.74,6.62,0.0
20221121:1510,67.48,52.43,0.98,6.38,16.56,5.93,0.0
20221121:1610,0.0,0.0,0.0,0.0,15.86,4.9,0.0
20221121:1710,0.0,0.0,0.0,0.0,15.56,4.21,0.0
20221121:1810,0.0,0.0,0.0,0.0,15.09,4.0,0.0
20221121:1910,0.0,0.0,0.0,0.0,14.99,4.48,0.0
20221121:2010,0.0,0.0,0.0,0.0,14.84,4.9,0.0
20221121:2110,0.0,0.0,0.0,0.0,14.85,4.97,0.0
20221121:2210,0.0,0.0,0.0,0.0,15.0,5.31,0.0
20221121:2310,0.0,0.0,0.0,0.0,15.37,5.93,0.0
20221122:0010,0.0,0.0,0.0,0.0,15.74,6.83,0.0
20221122:0110,0.0,0.0,0.0,0.0,15.93,7.31,0.0
20221122:0210,0.0,0.0,0.0,0.0,15.89,7.72,0.0
20221122:0310,0.0,0.0,0.0,0.0,15.81,7.93,0.0
20221122:0410,0.0,0.0,0.0,0.0,15.7,8.28,0.0
20221122:0510,0.0,0.0,0.0,0.0,15.61,8.69,0.0
20221122:0610,0.0,7.37,0.13,1.79,15.45,8.76,0.0
20221122:0710,0.0,46.99,0.8,11.74,15.58,7.52,0.0
20221122:0810,0.0,28.56,0.48,20.33,15.64,7.86,0.0
20221122:0910,1.8,135.68,2.31,26.95,13.94,9.38,0.0
20221122:1010,0.0,81.08,1.38,30.92,13.31,10.21,0.0
20221122:1110,392.97,255.42,6.91,31.65,13.95,9.52,0.0
20221122:1210,1.74,147.64,2.52,29.05,14.05,8.97,0.0
20221122:1310,1.83,114.48,1.95,23.51,14.24,9.38,0.0
20221122:1410,258.3,124.62,3.39,15.69,13.79,8.34,0.0
20221122:1510,19.62,39.73,0.7,6.27,13.91,8.62,0.0
20221122:1610,0.0,0.0,0.0,0.0,13.35,8.62,0.0
20221122:1710,0.0,0.0,0.0,0.0,13.48,8.28,0.0
20221122:1810,0.0,0.0,0.0,0.0,13.37,7.79,0.0
20221122:1910,0.0,0.0,0.0,0.0,12.97,7.93,0.0
20221122:2010,0.0,0.0,0.0,0.0,12.73,6.55,0.0
20221122:2110,0.0,0.0,0.0,0.0,12.45,6.28,0.0
20221122:2210,0.0,0.0,0.0,0.0,11.9,6.14,0.0
20221122:2310,0.0,0.0,0.0,0.0,12.14,6.0,0.0
20221123:0010,0.0,0.0,0.0,0.0,11.87,6.07,0.0
20221123:0110,0.0,0.0,0.0,0.0,11.85,6.28,0.0
20221123:0210,0.0,0.0,0.0,0.0,12.2,6.14,0.0
20221123:0310,0.0,0.0,0.0,0.0,12.42,6.21,0.0
20221123:0410,0.0,0.0,0.0,0.0,12.76,6.14,0.0
20221123:0510,0.0,0.0,0.0,0.0,13.1,5.72,0.0
20221123:0610,0.0,3.69,0.06,1.59,12.98,5.66,0.0
20221123:0710,7.55,63.91,1.11,11.54,14.29,5.45,0.0
20221123:0810,222.32,173.64,4.02,20.12,14.92,5.31,0.0
20221123:0910,348.78,218.78,5.8,26.73,15.33,5.45,0.0
20221123:1010,3.47,167.25,2.86,30.69,15.3,4.83,0.0
20221123:1110,0.0,125.31,2.13,31.45,15.92,5.24,0.0
20221123:1210,0.0,68.18,1.16,28.87,16.13,5.45,0.0
20221123:1310,12.86,143.93,2.52,23.35,15.63,5.03,0.0
20221123:1410,0.0,20.27,0.34,15.57,15.94,4.9,0.0
20221123:1510,3.32,27.21,0.47,6.17,15.83,4.62,0.0
20221123:1610,0.0,0.0,0.0,0.0,15.66,4.83,0.0
20221123:1710,0.0,0.0,0.0,0.0,15.34,4.97,0.0
20221123:1810,0.0,0.0,0.0,0.0,15.36,3.52,0.0
20221123:1910,0.0,0.0,0.0,0.0,15.41,3.86,0.0
20221123:2010,0.0,0.0,0.0,0.0,15.45,3.1,0.0
20221123:2110,0.0,0.0,0.0,0.0,15.35,2.69,0.0
20221123:2210,0.0,0.0,0.0,0.0,14.93,2.48,0.0
20221123:2310,0.0,0.0,0.0,0.0,14.41,2.28,0.0
20221124:0010,0.0,0.0,0.0,0.0,14.11,2.41,0.0
20221124:0110,0.0,0.0,0.0,0.0,13.81,2.28,0.0
20221124:0210,0.0,0.0,0.0,0.0,13.64,2.28,0.0
20221124:0310,0.0,0.0,0.0,0.0,13.67,2.41,0.0
20221124:0410,0.0,0.0,0.0,0.0,13.78,2.9,0.0
20221124:0510,0.0,0.0,0.0,0.0,14.22,3.31,0.0
20221124:0610,0.0,4.37,0.08,1.4,14.35,3.59,0.0
20221124:0710,229.66,95.5,2.41,11.34,15.45,4.55,0.0
20221124:0810,383.82,148.31,4.66,19.91,16.04,5.45,0.0
20221124:0910,450.48,199.31,6.23,26.51,16.64,6.0,0.0
20221124:1010,571.38,202.14,7.47,30.48,17.08,6.14,0.0
20221124:1110,432.45,247.61,7.05,31.25,17.35,6.0,0.0
20221124:1210,542.73,189.14,7.03,28.69,17.3,5.72,0.0
20221124:1310,238.25,199.49,4.69,23.21,17.05,5.59,0.0
20221124:1410,166.97,133.23,2.97,15.45,16.66,5.24,0.0
20221124:1510,87.85,50.85,0.98,6.07,16.1,4.76,0.0
20221124:1610,0.0,0.0,0.0,0.0,15.45,4.28,0.0
20221124:1710,0.0,0.0,0.0,0.0,15.07,3.93,0.0
20221124:1810,0.0,0.0,0.0,0.0,14.88,3.59,0.0
20221124:1910,0.0,0.0,0.0,0.0,14.65,3.24,0.0
20221124:2010,0.0,0.0,0.0,0.0,14.47,3.24,0.0
20221124:2110,0.0,0.0,0.0,0.0,14.33,3.24,0.0
20221124:2210,0.0,0.0,0.0,0.0,14.21,2.9,0.0
20221124:2310,0.0,0.0,0.0,0.0,13.97,2.48,0.0
20221125:0010,0.0,0.0,0.0,0.0,13.32,2.14,0.0
20221125:0110,0.0,0.0,0.0,0.0,13.0,2.14,0.0
20221125:0210,0.0,0.0,0.0,0.0,12.55,2.21,0.0
20221125:0310,0.0,0.0,0.0,0.0,12.44,2.0,0.0
20221125:0410,0.0,0.0,0.0,0.0,12.58,1.45,0.0
20221125:0510,0.0,0.0,0.0,0.0,13.01,1.17,0.0
20221125:0610,0.0,0.0,0.0,0.0,11.72,1.38,0.0
20221125:0710,230.14,93.41,2.36,11.14,12.3,1.1,0.0
20221125:0810,388.53,145.41,4.63,19.7,14.62,1.03,0.0
20221125:0910,321.31,222.97,5.63,26.3,15.79,1.24,0.0
20221125:1010,601.81,189.49,7.53,30.27,16.3,1.24,0.0
20221125:1110,650.43,178.1,7.88,31.05,16.56,1.24,0.0
20221125:1210,594.25,168.56,7.17,28.52,16.87,1.24,0.0
20221125:1310,367.49,179.32,5.25,23.06,17.03,1.1,0.0
20221125:1410,8.51,89.84,1.56,15.34,17.02,1.1,0.0
20221125:1510,89.23,51.45,0.98,5.99,16.78,0.97,0.0
20221125:1610,0.0,0.0,0.0,0.0,15.98,0.97,0.0
20221125:1710,0.0,0.0,0.0,0.0,15.15,0.62,0.0
20221125:1810,0.0,0.0,0.0,0.0,15.0,0.62,0.0
20221125:1910,0.0,0.0,0.0,0.0,12.44,1.72,0.0
20221125:2010,0.0,0.0,0.0,0.0,12.12,2.14,0.0
20221125:2110,0.0,0.0,0.0,0.0,12.46,2.41,0.0
20221125:2210,0.0,0.0,0.0,0.0,13.25,2.97,0.0
20221125:2310,0.0,0.0,0.0,0.0,13.55,3.38,0.0
20221126:0010,0.0,0.0,0.0,0.0,13.82,3.79,0.0
20221126:0110,0.0,0.0,0.0,0.0,13.79,4.07,0.0
20221126:0210,0.0,0.0,0.0,0.0,13.98,4.34,0.0
20221126:0310,0.0,0.0,0.0,0.0,14.17,4.34,0.0
20221126:0410,0.0,0.0,0.0,0.0,14.32,4.41,0.0
20221126:0510,0.0,0.0,0.0,0.0,14.35,4.07,0.0
20221126:0610,0.0,0.0,0.0,0.0,13.81,3.59,0.0
20221126:0710,0.0,45.15,0.77,10.94,13.73,3.52,0.0
20221126:0810,0.0,87.53,1.48,19.5,14.04,3.31,0.0
20221126:0910,0.0,122.54,2.08,26.09,14.54,2.55,0.0
20221126:1010,10.54,183.14,3.17,30.07,14.99,2.07,0.0
20221126:1110,33.0,214.83,3.84,30.86,15.39,1.86,0.0
20221126:1210,12.36,175.15,3.05,28.36,15.61,1.45,0.0
20221126:1310,3.73,120.29,2.06,22.93,15.87,1.03,0.0
20221126:1410,8.57,88.93,1.55,15.23,15.15,2.07,0.0
20221126:1510,20.9,38.24,0.67,5.9,13.87,2.48,0.0
20221126:1610,0.0,0.0,0.0,0.0,13.36,2.28,0.0
20221126:1710,0.0,0.0,0.0,0.0,13.02,2.07,0.0
20221126:1810,0.0,0.0,0.0,0.0,12.67,2.07,0.0
20221126:1910,0.0,0.0,0.0,0.0,12.94,2.34,0.0
20221126:2010,0.0,0.0,0.0,0.0,12.97,2.07,0.0
20221126:2110,0.0,0.0,0.0,0.0,12.82,2.62,0.0
20221126:2210,0.0,0.0,0.0,0.0,12.91,3.31,0.0
20221126:2310,0.0,0.0,0.0,0.0,13.34,4.48,0.0
20221127:0010,0.0,0.0,0.0,0.0,13.37,6.55,0.0
20221127:0110,0.0,0.0,0.0,0.0,13.19,6.9,0.0
20221127:0210,0.0,0.0,0.0,0.0,13.91,7.79,0.0
20221127:0310,0.0,0.0,0.0,0.0,13.79,10.07,0.0
20221127:0410,0.0,0.0,0.0,0.0,13.43,9.24,0.0
20221127:0510,0.0,0.0,0.0,0.0,13.52,9.1,0.0
20221127:0610,0.0,0.0,0.0,0.0,13.52,9.38,0.0
20221127:0710,0.0,46.99,0.8,10.75,13.22,8.07,0.0
20221127:0810,0.0,81.08,1.38,19.3,13.64,8.14,0.0
20221127:0910,0.0,93.06,1.58,25.89,13.97,8.34,0.0
20221127:1010,0.0,49.75,0.84,29.87,13.98,8.48,0.0
20221127:1110,0.0,74.63,1.27,30.68,14.08,8.34,0.0
20221127:1210,0.0,82.0,1.39,28.2,13.98,8.0,0.0
20221127:1310,0.0,64.5,1.09,22.8,13.85,7.59,0.0
20221127:1410,28.03,103.78,1.88,15.13,13.69,6.97,0.0
20221127:1510,3.53,26.34,0.45,5.82,13.41,6.76,0.0
20221127:1610,0.0,0.0,0.0,0.0,13.17,6.48,0.0
20221127:1710,0.0,0.0,0.0,0.0,13.08,5.93,0.0
20221127:1810,0.0,0.0,0.0,0.0,13.0,5.24,0.0
20221127:1910,0.0,0.0,0.0,0.0,13.33,3.31,0.0
20221127:2010,0.0,0.0,0.0,0.0,13.1,2.97,0.0
20221127:2110,0.0,0.0,0.0,0.0,12.88,2.69,0.0
20221127:2210,0.0,0.0,0.0,0.0,12.63,2.55,0.0
20221127:2310,0.0,0.0,0.0,0.0,12.67,2.41,0.0
20221128:0010,0.0,0.0,0.0,0.0,12.55,2.41,0.0
20221128:0110,0.0,0.0,0.0,0.0,11.97,2.21,0.0
20221128:0210,0.0,0.0,0.0,0.0,11.86,2.07,0.0
20221128:0310,0.0,0.0,0.0,0.0,10.8,1.72,0.0
20221128:0410,0.0,0.0,0.0,0.0,12.02,1.1,0.0
20221128:0510,0.0,0.0,0.0,0.0,12.73,0.76,0.0
20221128:0610,0.0,0.0,0.0,0.0,12.66,0.69,0.0
20221128:0710,34.98,76.3,1.38,10.57,12.52,0.62,0.0
20221128:0810,117.11,162.8,3.25,19.1,13.1,0.69,0.0
20221128:0910,7.41,148.54,2.56,25.69,13.68,0.9,0.0
20221128:1010,0.0,55.28,0.94,29.68,14.21,1.24,0.0
20221128:1110,0.0,55.28,0.94,30.5,14.55,1.45,0.0
20221128:1210,0.0,117.02,1.98,28.05,14.78,1.79,0.0
20221128:1310,3.76,124.01,2.13,22.68,14.91,2.0,0.0
20221128:1410,4.34,82.68,1.42,15.03,14.78,2.14,0.0
20221128:1510,0.0,11.98,0.2,5.75,14.39,2.0,0.0
20221128:1610,0.0,0.0,0.0,0.0,13.97,1.86,0.0
20221128:1710,0.0,0.0,0.0,0.0,13.4,1.79,0.0
20221128:1810,0.0,0.0,0.0,0.0,12.88,1.86,0.0
20221128:1910,0.0,0.0,0.0,0.0,12.54,2.21,0.0
20221128:2010,0.0,0.0,0.0,0.0,12.3,2.07,0.0
20221128:2110,0.0,0.0,0.0,0.0,12.02,1.86,0.0
20221128:2210,0.0,0.0,0.0,0.0,11.61,2.21,0.0
20221128:2310,0.0,0.0,0.0,0.0,11.57,2.41,0.0
20221129:0010,0.0,0.0,0.0,0.0,11.73,2.62,0.0
20221129:0110,0.0,0.0,0.0,0.0,11.88,2.69,0.0
20221129:0210,0.0,0.0,0.0,0.0,12.05,2.76,0.0
20221129:0310,0.0,0.0,0.0,0.0,11.91,2.9,0.0
20221129:0410,0.0,0.0,0.0,0.0,11.94,2.76,0.0
20221129:0510,0.0,0.0,0.0,0.0,12.1,3.31,0.0
20221129:0610,0.0,0.0,0.0,0.0,12.07,3.72,0.0
20221129:0710,0.0,41.46,0.7,10.38,11.93,4.34,0.0
20221129:0810,0.0,53.44,0.91,18.91,11.84,4.76,0.0
20221129:0910,0.0,70.95,1.2,25.5,11.88,4.14,0.0
20221129:1010,0.0,49.75,0.84,29.49,12.07,3.38,0.0
20221129:1110,0.0,41.46,0.7,30.34,12.35,2.21,0.0
20221129:1210,0.0,63.58,1.08,27.91,12.21,1.03,0.0
20221129:1310,1.89,115.43,1.97,22.57,12.35,0.41,0.0
20221129:1410,0.0,23.03,0.39,14.95,12.25,1.17,0.0
20221129:1510,0.0,15.66,0.27,5.69,11.91,1.79,0.0
20221129:1610,0.0,0.0,0.0,0.0,11.46,1.93,0.0
20221129:1710,0.0,0.0,0.0,0.0,11.1,2.07,0.0
20221129:1810,0.0,0.0,0.0,0.0,10.93,2.41,0.0
20221129:1910,0.0,0.0,0.0,0.0,10.49,1.31,0.0
20221129:2010,0.0,0.0,0.0,0.0,10.46,1.38,0.0
20221129:2110,0.0,0.0,0.0,0.0,10.14,1.52,0.0
20221129:2210,0.0,0.0,0.0,0.0,10.14,1.52,0.0
20221129:2310,0.0,0.0,0.0,0.0,9.98,1.59,0.0
20221130:0010,0.0,0.0,0.0,0.0,9.81,1.59,0.0
20221130:0110,0.0,0.0,0.0,0.0,10.0,1.59,0.0
20221130:0210,0.0,0.0,0.0,0.0,10.09,1.52,0.0
20221130:0310,0.0,0.0,0.0,0.0,9.7,1.66,0.0
20221130:0410,0.0,0.0,0.0,0.0,9.72,1.93,0.0
20221130:0510,0.0,0.0,0.0,0.0,9.82,1.93,0.0
20221130:0610,0.0,0.0,0.0,0.0,9.69,1.66,0.0
20221130:0710,22.1,68.94,1.22,10.2,10.35,1.38,0.0
20221130:0810,12.49,117.32,2.05,18.73,11.87,1.59,0.0
20221130:0910,22.43,169.73,3.0,25.32,12.39,1.24,0.0
20221130:1010,92.79,238.19,4.55,29.31,13.07,0.97,0.0
20221130:1110,252.0,262.57,5.91,30.17,13.48,1.86,0.0
20221130:1210,218.65,241.42,5.31,27.77,13.66,2.62,0.0
20221130:1310,451.67,152.73,5.42,22.46,13.29,3.17,0.0
20221130:1410,28.53,103.04,1.86,14.87,12.95,3.17,0.0
20221130:1510,0.0,12.9,0.22,5.63,12.48,3.03,0.0
20221130:1610,0.0,0.0,0.0,0.0,11.86,2.69,0.0
20221130:1710,0.0,0.0,0.0,0.0,11.38,2.21,0.0
20221130:1810,0.0,0.0,0.0,0.0,11.34,1.59,0.0
20221130:1910,0.0,0.0,0.0,0.0,11.19,2.41,0.0
20221130:2010,0.0,0.0,0.0,0.0,11.03,2.69,0.0
20221130:2110,0.0,0.0,0.0,0.0,11.1,2.97,0.0
20221130:2210,0.0,0.0,0.0,0.0,11.0,3.1,0.0
20221130:2310,0.0,0.0,0.0,0.0,11.02,3.17,0.0
20221201:0010,0.0,0.0,0.0,0.0,11.21,3.17,0.0
20221201:0110,0.0,0.0,0.0,0.0,11.33,3.03,0.0
20221201:0210,0.0,0.0,0.0,0.0,11.34,2.97,0.0
20221201:0310,0.0,0.0,0.0,0.0,11.38,3.03,0.0
20221201:0410,0.0,0.0,0.0,0.0,11.3,2.76,0.0
20221201:0510,0.0,0.0,0.0,0.0,11.34,2.55,0.0
20221201:0610,0.0,0.0,0.0,0.0,10.73,2.07,0.0
20221201:0710,0.0,30.41,0.52,10.02,10.97,1.93,0.0
20221201:0810,217.88,162.72,3.7,18.55,11.98,1.93,0.0
20221201:0910,514.52,168.96,6.16,25.14,12.83,1.93,0.0
20221201:1010,0.0,111.49,1.89,29.14,13.54,2.07,0.0
20221201:1110,291.75,258.61,6.09,30.02,14.03,2.07,0.0
20221201:1210,600.65,160.49,6.98,27.64,14.38,2.07,0.0
20221201:1310,78.11,179.24,3.42,22.36,14.48,2.14,0.0
20221201:1410,304.46,110.86,3.34,14.79,14.3,2.0,0.0
20221201:1510,89.11,43.46,0.91,5.58,13.96,1.59,0.0
20221201:1610,0.0,0.0,0.0,0.0,13.3,1.24,0.0
20221201:1710,0.0,0.0,0.0,0.0,12.74,0.9,0.0
20221201:1810,0.0,0.0,0.0,0.0,13.28,0.48,0.0
20221201:1910,0.0,0.0,0.0,0.0,13.32,0.76,0.0
20221201:2010,0.0,0.0,0.0,0.0,11.74,1.24,0.0
20221201:2110,0.0,0.0,0.0,0.0,11.01,1.45,0.0
20221201:2210,0.0,0.0,0.0,0.0,10.61,1.66,0.0
20221201:2310,0.0,0.0,0.0,0.0,10.25,1.86,0.0
20221202:0010,0.0,0.0,0.0,0.0,10.0,1.93,0.0
20221202:0110,0.0,0.0,0.0,0.0,9.97,1.93,0.0
20221202:0210,0.0,0.0,0.0,0.0,9.7,1.93,0.0
20221202:0310,0.0,0.0,0.0,0.0,9.71,1.86,0.0
20221202:0410,0.0,0.0,0.0,0.0,9.81,1.72,0.0
20221202:0510,0.0,0.0,0.0,0.0,9.65,1.79,0.0
20221202:0610,0.0,0.0,0.0,0.0,9.78,2.0,0.0
20221202:0710,178.6,87.28,1.92,9.85,11.14,2.41,0.0
20221202:0810,343.61,144.19,4.16,18.37,13.5,2.48,0.0
20221202:0910,199.9,218.85,4.72,24.96,14.71,2.76,0.0
20221202:1010,3.59,155.29,2.66,28.97,15.47,3.38,0.0
20221202:1110,8.87,175.47,3.03,29.87,15.9,3.59,0.0
20221202:1210,16.24,174.93,3.06,27.52,16.11,3.79,0.0
20221202:1310,22.95,148.63,2.64,22.26,15.77,3.03,0.0
20221202:1410,2.22,75.88,1.3,14.72,15.59,2.97,0.0
20221202:1510,30.01,35.44,0.66,5.53,15.09,2.83,0.0
20221202:1610,0.0,0.0,0.0,0.0,14.72,3.03,0.0
20221202:1710,0.0,0.0,0.0,0.0,14.5,3.38,0.0
20221202:1810,0.0,0.0,0.0,0.0,14.34,3.59,0.0
20221202:1910,0.0,0.0,0.0,0.0,14.22,4.07,0.0
20221202:2010,0.0,0.0,0.0,0.0,14.19,4.07,0.0
20221202:2110,0.0,0.0,0.0,0.0,14.2,4.21,0.0
20221202:2210,0.0,0.0,0.0,0.0,14.23,4.28,0.0
20221202:2310,0.0,0.0,0.0,0.0,14.23,4.28,0.0
20221203:0010,0.0,0.0,0.0,0.0,14.15,4.07,0.0
20221203:0110,0.0,0.0,0.0,0.0,14.11,3.66,0.0
20221203:0210,0.0,0.0,0.0,0.0,14.17,3.59,0.0
20221203:0310,0.0,0.0,0.0,0.0,14.0,3.59,0.0
20221203:0410,0.0,0.0,0.0,0.0,13.99,3.59,0.0
20221203:0510,0.0,0.0,0.0,0.0,14.1,3.72,0.0
20221203:0610,0.0,0.0,0.0,0.0,14.26,3.86,0.0
20221203:0710,0.0,11.98,0.2,9.68,14.69,4.0,0.0
20221203:0810,0.0,44.23,0.75,18.2,15.42,4.0,0.0
20221203:0910,98.47,203.75,3.94,24.79,16.4,4.21,0.0
20221203:1010,23.44,191.93,3.39,28.81,17.15,4.69,0.0
20221203:1110,65.84,227.9,4.23,29.73,17.76,4.9,0.0
20221203:1210,515.83,186.23,6.59,27.4,17.86,4.83,0.0
20221203:1310,356.96,174.43,4.98,22.17,18.08,5.03,0.0
20221203:1410,167.08,126.0,2.78,14.66,18.22,6.69,0.0
20221203:1510,79.52,41.01,0.84,5.49,17.28,6.69,0.0
20221203:1610,0.0,0.0,0.0,0.0,16.7,6.14,0.0
20221203:1710,0.0,0.0,0.0,0.0,16.7,5.59,0.0
20221203:1810,0.0,0.0,0.0,0.0,16.2,4.48,0.0
20221203:1910,0.0,0.0,0.0,0.0,14.5,2.21,0.0
20221203:2010,0.0,0.0,0.0,0.0,14.87,3.31,0.0
20221203:2110,0.0,0.0,0.0,0.0,15.06,3.79,0.0
20221203:2210,0.0,0.0,0.0,0.0,15.0,3.93,0.0
20221203:2310,0.0,0.0,0.0,0.0,14.78,3.52,0.0
20221204:0010,0.0,0.0,0.0,0.0,14.22,3.03,0.0
20221204:0110,0.0,0.0,0.0,0.0,13.7,2.97,0.0
20221204:0210,0.0,0.0,0.0,0.0,13.48,3.03,0.0
20221204:0310,0.0,0.0,0.0,0.0,13.21,3.03,0.0
20221204:0410,0.0,0.0,0.0,0.0,12.9,3.03,0.0
20221204:0510,0.0,0.0,0.0,0.0,12.3,2.83,0.0
20221204:0610,0.0,0.0,0.0,0.0,11.94,2.76,0.0
20221204:0710,174.5,86.47,1.86,9.52,12.28,2.28,0.0
20221204:0810,394.7,133.4,4.3,18.03,14.37,1.86,0.0
20221204:0910,578.02,146.46,6.3,24.63,16.42,1.31,0.0
20221204:1010,631.44,171.66,7.33,28.66,17.57,0.76,0.0
20221204:1110,612.15,187.16,7.45,29.59,18.1,0.14,0.0
20221204:1210,70.8,215.37,4.03,27.3,18.21,0.76,0.0
20221204:1310,0.0,32.25,0.55,22.09,18.03,1.31,0.0
20221204:1410,179.0,128.39,2.86,14.6,17.13,1.31,0.0
20221204:1510,68.74,40.81,0.81,5.46,16.73,1.66,0.0
20221204:1610,0.0,0.0,0.0,0.0,15.95,1.79,0.0
20221204:1710,0.0,0.0,0.0,0.0,15.08,1.66,0.0
20221204:1810,0.0,0.0,0.0,0.0,14.08,1.45,0.0
20221204:1910,0.0,0.0,0.0,0.0,14.01,1.17,0.0
20221204:2010,0.0,0.0,0.0,0.0,12.56,1.59,0.0
20221204:2110,0.0,0.0,0.0,0.0,11.5,1.93,0.0
20221204:2210,0.0,0.0,0.0,0.0,11.12,2.28,0.0
20221204:2310,0.0,0.0,0.0,0.0,11.34,2.48,0.0
20221205:0010,0.0,0.0,0.0,0.0,11.33,2.76,0.0
20221205:0110,0.0,0.0,0.0,0.0,11.24,2.76,0.0
20221205:0210,0.0,0.0,0.0,0.0,11.2,2.69,0.0
20221205:0310,0.0,0.0,0.0,0.0,11.04,2.62,0.0
20221205:0410,0.0,0.0,0.0,0.0,10.85,2.69,0.0
20221205:0510,0.0,0.0,0.0,0.0,10.73,2.69,0.0
20221205:0610,0.0,0.0,0.0,0.0,10.63,2.55,0.0
20221205:0710,206.16,85.16,1.94,9.36,11.2,2.28,0.0
20221205:0810,392.69,136.72,4.3,17.87,13.39,1.86,0.0
20221205:0910,593.63,143.85,6.36,24.47,15.78,1.52,0.0
20221205:1010,666.08,160.6,7.45,28.51,16.86,1.17,0.0
20221205:1110,683.69,162.52,7.72,29.47,17.48,0.76,0.0
20221205:1210,420.53,219.84,6.28,27.19,17.75,0.21,0.0
20221205:1310,486.78,145.24,5.5,22.02,17.75,0.41,0.0
20221205:1410,334.74,108.3,3.44,14.56,17.52,1.03,0.0
20221205:1510,88.5,42.28,0.88,5.43,16.85,1.45,0.0
20221205:1610,0.0,0.0,0.0,0.0,15.7,1.66,0.0
20221205:1710,0.0,0.0,0.0,0.0,14.16,1.86,0.0
20221205:1810,0.0,0.0,0.0,0.0,12.94,2.0,0.0
20221205:1910,0.0,0.0,0.0,0.0,12.14,2.0,0.0
20221205:2010,0.0,0.0,0.0,0.0,11.59,2.14,0.0
20221205:2110,0.0,0.0,0.0,0.0,11.28,2.21,0.0
20221205:2210,0.0,0.0,0.0,0.0,11.3,2.41,0.0
20221205:2310,0.0,0.0,0.0,0.0,11.52,2.62,0.0
20221206:0010,0.0,0.0,0.0,0.0,11.73,2.69,0.0
20221206:0110,0.0,0.0,0.0,0.0,11.88,2.76,0.0
20221206:0210,0.0,0.0,0.0,0.0,11.89,2.83,0.0
20221206:0310,0.0,0.0,0.0,0.0,11.83,2.97,0.0
20221206:0410,0.0,0.0,0.0,0.0,11.79,3.03,0.0
20221206:0510,0.0,0.0,0.0,0.0,11.81,3.03,0.0
20221206:0610,0.0,0.0,0.0,0.0,11.93,3.1,0.0
20221206:0710,193.82,83.77,1.86,9.2,12.82,3.66,0.0
20221206:0810,317.21,146.89,3.95,17.72,14.1,3.45,0.0
20221206:0910,318.04,209.71,5.23,24.32,15.64,3.38,0.0
20221206:1010,0.0,111.49,1.89,28.37,16.63,3.38,0.0
20221206:1110,53.84,221.98,4.06,29.35,17.22,3.66,0.0
20221206:1210,3.65,149.79,2.56,27.1,17.38,4.21,0.0
20221206:1310,7.75,130.22,2.25,21.95,17.53,3.93,0.0
20221206:1410,0.0,65.42,1.11,14.51,17.48,3.52,0.0
20221206:1510,0.0,5.53,0.09,5.41,17.17,3.1,0.0
20221206:1610,0.0,0.0,0.0,0.0,16.56,2.62,0.0
20221206:1710,0.0,0.0,0.0,0.0,15.93,2.41,0.0
20221206:1810,0.0,0.0,0.0,0.0,15.48,2.48,0.0
20221206:1910,0.0,0.0,0.0,0.0,14.96,2.83,0.0
20221206:2010,0.0,0.0,0.0,0.0,14.42,2.34,0.0
20221206:2110,0.0,0.0,0.0,0.0,13.88,2.07,0.0
20221206:2210,0.0,0.0,0.0,0.0,13.34,2.07,0.0
20221206:2310,0.0,0.0,0.0,0.0,13.18,2.28,0.0
20221207:0010,0.0,0.0,0.0,0.0,13.2,2.55,0.0
20221207:0110,0.0,0.0,0.0,0.0,13.03,2.55,0.0
20221207:0210,0.0,0.0,0.0,0.0,12.77,2.48,0.0
20221207:0310,0.0,0.0,0.0,0.0,12.45,2.34,0.0
20221207:0410,0.0,0.0,0.0,0.0,12.14,2.28,0.0
20221207:0510,0.0,0.0,0.0,0.0,11.91,2.48,0.0
20221207:0610,0.0,0.0,0.0,0.0,11.62,2.69,0.0
20221207:0710,48.3,69.27,1.25,9.05,11.64,2.76,0.0
20221207:0810,125.84,152.01,3.05,17.56,13.25,2.41,0.0
20221207:0910,246.12,213.24,4.84,24.17,15.25,1.93,0.0
20221207:1010,308.52,243.52,5.86,28.24,16.35,2.07,0.0
20221207:1110,447.98,230.53,6.7,29.23,16.84,2.34,0.0
20221207:1210,420.88,212.76,6.17,27.01,16.89,2.48,0.0
20221207:1310,406.01,163.28,5.13,21.89,16.73,2.48,0.0
20221207:1410,262.47,117.78,3.13,14.48,16.42,2.55,0.0
20221207:1510,58.42,39.46,0.77,5.39,15.78,2.48,0.0
20221207:1610,0.0,0.0,0.0,0.0,14.95,2.41,0.0
20221207:1710,0.0,0.0,0.0,0.0,14.24,2.21,0.0
20221207:1810,0.0,0.0,0.0,0.0,13.5,1.86,0.0
20221207:1910,0.0,0.0,0.0,0.0,13.17,1.03,0.0
20221207:2010,0.0,0.0,0.0,0.0,12.01,1.38,0.0
20221207:2110,0.0,0.0,0.0,0.0,11.39,1.59,0.0
20221207:2210,0.0,0.0,0.0,0.0,11.22,1.59,0.0
20221207:2310,0.0,0.0,0.0,0.0,11.35,1.38,0.0
20221208:0010,0.0,0.0,0.0,0.0,10.59,1.52,0.0
20221208:0110,0.0,0.0,0.0,0.0,9.9,1.72,0.0
20221208:0210,0.0,0.0,0.0,0.0,9.83,1.86,0.0
20221208:0310,0.0,0.0,0.0,0.0,10.0,2.07,0.0
20221208:0410,0.0,0.0,0.0,0.0,10.23,2.34,0.0
20221208:0510,0.0,0.0,0.0,0.0,10.23,2.62,0.0
20221208:0610,0.0,0.0,0.0,0.0,10.28,2.62,0.0
20221208:0710,192.47,80.22,1.78,8.91,10.71,2.62,0.0
20221208:0810,416.58,121.62,4.22,17.42,12.62,2.28,0.0
20221208:0910,573.03,141.86,6.13,24.03,14.96,2.0,0.0
20221208:1010,657.15,153.67,7.25,28.11,16.14,1.86,0.0
20221208:1110,714.16,143.71,7.7,29.13,16.9,1.66,0.0
20221208:1210,88.04,218.0,4.16,26.93,17.27,1.66,0.0
20221208:1310,276.55,187.37,4.59,21.84,17.56,1.93,0.0
20221208:1410,317.74,106.69,3.3,14.45,17.24,0.97,0.0
20221208:1510,58.69,39.52,0.77,5.38,16.81,1.03,0.0
20221208:1610,0.0,0.0,0.0,0.0,15.92,1.59,0.0
20221208:1710,0.0,0.0,0.0,0.0,14.76,2.07,0.0
20221208:1810,0.0,0.0,0.0,0.0,14.23,2.48,0.0
20221208:1910,0.0,0.0,0.0,0.0,14.34,2.97,0.0
20221208:2010,0.0,0.0,0.0,0.0,14.28,3.31,0.0
20221208:2110,0.0,0.0,0.0,0.0,14.42,3.86,0.0
20221208:2210,0.0,0.0,0.0,0.0,14.46,4.21,0.0
20221208:2310,0.0,0.0,0.0,0.0,14.5,4.28,0.0
20221209:0010,0.0,0.0,0.0,0.0,14.63,4.48,0.0
20221209:0110,0.0,0.0,0.0,0.0,14.69,4.76,0.0
20221209:0210,0.0,0.0,0.0,0.0,14.72,4.97,0.0
20221209:0310,0.0,0.0,0.0,0.0,14.71,5.1,0.0
20221209:0410,0.0,0.0,0.0,0.0,14.73,5.17,0.0
20221209:0510,0.0,0.0,0.0,0.0,14.62,5.31,0.0
20221209:0610,0.0,0.0,0.0,0.0,14.58,5.52,0.0
20221209:0710,0.0,38.7,0.66,8.76,15.69,5.66,0.0
20221209:0810,0.0,68.18,1.16,17.28,16.52,5.93,0.0
20221209:0910,0.0,63.58,1.08,23.9,17.36,6.0,0.0
20221209:1010,0.0,82.92,1.41,27.99,18.04,6.48,0.0
20221209:1110,0.0,38.7,0.66,29.03,18.1,5.93,0.0
20221209:1210,0.0,35.93,0.61,26.86,18.34,4.9,0.0
20221209:1310,0.0,50.68,0.86,21.8,18.17,4.48,0.0
20221209:1410,0.0,17.51,0.3,14.43,18.07,4.48,0.0
20221209:1510,3.93,22.5,0.39,5.38,17.75,4.34,0.0
20221209:1610,0.0,0.0,0.0,0.0,17.1,4.07,0.0
20221209:1710,0.0,0.0,0.0,0.0,16.41,3.86,0.0
20221209:1810,0.0,0.0,0.0,0.0,15.94,3.79,0.0
20221209:1910,0.0,0.0,0.0,0.0,15.89,3.93,0.0
20221209:2010,0.0,0.0,0.0,0.0,15.78,4.14,0.0
20221209:2110,0.0,0.0,0.0,0.0,15.85,4.07,0.0
20221209:2210,0.0,0.0,0.0,0.0,15.97,4.07,0.0
20221209:2310,0.0,0.0,0.0,0.0,16.02,4.07,0.0
20221210:0010,0.0,0.0,0.0,0.0,16.05,4.07,0.0
20221210:0110,0.0,0.0,0.0,0.0,16.03,4.07,0.0
20221210:0210,0.0,0.0,0.0,0.0,16.03,4.21,0.0
20221210:0310,0.0,0.0,0.0,0.0,15.97,4.28,0.0
20221210:0410,0.0,0.0,0.0,0.0,15.94,4.48,0.0
20221210:0510,0.0,0.0,0.0,0.0,16.0,4.55,0.0
20221210:0610,0.0,0.0,0.0,0.0,16.04,4.62,0.0
20221210:0710,0.0,14.74,0.25,8.63,16.66,5.45,0.0
20221210:0810,0.0,47.91,0.81,17.14,16.86,5.03,0.0
20221210:0910,0.0,43.3,0.73,23.77,17.36,4.55,0.0
20221210:1010,0.0,71.87,1.22,27.88,17.62,4.21,0.0
20221210:1110,0.0,64.5,1.09,28.94,17.02,3.79,0.0
20221210:1210,0.0,79.24,1.34,26.8,16.82,3.38,0.0
20221210:1310,1.96,106.22,1.81,21.76,17.1,3.31,0.0
20221210:1410,13.69,89.01,1.56,14.41,16.57,4.55,0.0
20221210:1510,0.0,4.61,0.08,5.38,15.92,4.62,0.0
20221210:1610,0.0,0.0,0.0,0.0,15.39,5.38,0.0
20221210:1710,0.0,0.0,0.0,0.0,14.89,6.0,0.0
20221210:1810,0.0,0.0,0.0,0.0,14.95,6.48,0.0
20221210:1910,0.0,0.0,0.0,0.0,14.62,7.45,0.0
20221210:2010,0.0,0.0,0.0,0.0,14.24,7.17,0.0
20221210:2110,0.0,0.0,0.0,0.0,14.19,6.83,0.0
20221210:2210,0.0,0.0,0.0,0.0,13.77,6.97,0.0
20221210:2310,0.0,0.0,0.0,0.0,13.68,6.48,0.0
20221211:0010,0.0,0.0,0.0,0.0,13.18,6.34,0.0
20221211:0110,0.0,0.0,0.0,0.0,13.5,6.21,0.0
20221211:0210,0.0,0.0,0.0,0.0,13.16,6.48,0.0
20221211:0310,0.0,0.0,0.0,0.0,12.69,6.83,0.0
20221211:0410,0.0,0.0,0.0,0.0,12.54,7.1,0.0
20221211:0510,0.0,0.0,0.0,0.0,12.48,7.24,0.0
20221211:0610,0.0,0.0,0.0,0.0,12.42,6.76,0.0
20221211:0710,113.85,77.21,1.47,8.49,12.96,6.34,0.0
20221211:0810,378.41,127.68,4.0,17.02,13.38,6.48,0.0
20221211:0910,3.89,130.49,2.23,23.65,13.98,6.76,0.0
20221211:1010,276.55,243.74,5.63,27.78,14.42,7.52,0.0
20221211:1110,366.58,243.27,6.27,28.86,14.73,7.86,0.0
20221211:1210,614.46,152.94,6.84,26.74,15.01,8.34,0.0
20221211:1310,401.74,164.79,5.08,21.72,15.0,7.24,0.0
20221211:1410,121.15,123.91,2.52,14.4,14.77,6.76,0.0
20221211:1510,11.83,28.14,0.5,5.39,14.35,6.28,0.0
20221211:1610,0.0,0.0,0.0,0.0,13.93,5.59,0.0
20221211:1710,0.0,0.0,0.0,0.0,13.72,4.97,0.0
20221211:1810,0.0,0.0,0.0,0.0,13.46,4.69,0.0
20221211:1910,0.0,0.0,0.0,0.0,13.63,4.62,0.0
20221211:2010,0.0,0.0,0.0,0.0,13.74,4.48,0.0
20221211:2110,0.0,0.0,0.0,0.0,13.67,4.34,0.0
20221211:2210,0.0,0.0,0.0,0.0,13.74,4.0,0.0
20221211:2310,0.0,0.0,0.0,0.0,13.82,3.24,0.0
20221212:0010,0.0,0.0,0.0,0.0,13.67,2.21,0.0
20221212:0110,0.0,0.0,0.0,0.0,13.43,1.38,0.0
20221212:0210,0.0,0.0,0.0,0.0,13.38,0.69,0.0
20221212:0310,0.0,0.0,0.0,0.0,12.97,0.83,0.0
20221212:0410,0.0,0.0,0.0,0.0,13.06,1.45,0.0
20221212:0510,0.0,0.0,0.0,0.0,12.88,1.72,0.0
20221212:0610,0.0,0.0,0.0,0.0,12.74,1.72,0.0
20221212:0710,0.0,8.29,0.14,8.37,13.62,1.17,0.0
20221212:0810,0.0,28.56,0.48,16.89,14.19,0.48,0.0
20221212:0910,0.0,91.22,1.55,23.54,14.25,1.66,0.0
20221212:1010,0.0,72.79,1.23,27.68,13.58,3.72,0.0
20221212:1110,0.0,49.75,0.84,28.78,12.7,5.17,0.0
20221212:1210,0.0,68.18,1.16,26.69,12.54,4.21,0.0
20221212:1310,398.48,161.73,5.02,21.7,12.63,2.9,0.0
20221212:1410,251.86,117.99,3.05,14.4,12.77,2.21,0.0
20221212:1510,63.13,39.02,0.77,5.4,12.68,2.21,0.0
20221212:1610,0.0,0.0,0.0,0.0,12.37,1.93,0.0
20221212:1710,0.0,0.0,0.0,0.0,11.96,2.28,0.0
20221212:1810,0.0,0.0,0.0,0.0,11.8,2.55,0.0
20221212:1910,0.0,0.0,0.0,0.0,11.74,2.55,0.0
20221212:2010,0.0,0.0,0.0,0.0,11.23,2.21,0.0
20221212:2110,0.0,0.0,0.0,0.0,11.3,2.07,0.0
20221212:2210,0.0,0.0,0.0,0.0,11.13,2.14,0.0
20221212:2310,0.0,0.0,0.0,0.0,11.42,2.41,0.0
20221213:0010,0.0,0.0,0.0,0.0,11.87,2.83,0.0
20221213:0110,0.0,0.0,0.0,0.0,11.8,3.17,0.0
20221213:0210,0.0,0.0,0.0,0.0,11.93,3.66,0.0
20221213:0310,0.0,0.0,0.0,0.0,12.07,4.28,0.0
20221213:0410,0.0,0.0,0.0,0.0,12.46,5.03,0.0
20221213:0510,0.0,0.0,0.0,0.0,13.03,5.79,0.0
20221213:0610,0.0,0.0,0.0,0.0,13.75,6.55,0.0
20221213:0710,67.86,66.98,1.22,8.24,14.66,7.17,0.0
20221213:0810,15.62,105.98,1.86,16.78,15.55,6.83,0.0
20221213:0910,70.48,183.34,3.44,23.43,16.17,6.55,0.0
20221213:1010,1.85,135.68,2.31,27.59,16.68,6.28,0.0
20221213:1110,608.18,171.1,7.11,28.71,16.96,6.28,0.0
20221213:1210,347.98,219.57,5.72,26.65,17.41,6.62,0.0
20221213:1310,259.47,183.82,4.42,21.68,17.55,6.14,0.0
20221213:1410,194.87,123.26,2.83,14.4,17.65,5.79,0.0
20221213:1510,47.33,36.87,0.7,5.42,17.3,5.72,0.0
20221213:1610,0.0,0.0,0.0,0.0,16.81,4.62,0.0
20221213:1710,0.0,0.0,0.0,0.0,16.44,4.14,0.0
20221213:1810,0.0,0.0,0.0,0.0,16.33,3.86,0.0
20221213:1910,0.0,0.0,0.0,0.0,16.36,3.45,0.0
20221213:2010,0.0,0.0,0.0,0.0,16.24,3.31,0.0
20221213:2110,0.0,0.0,0.0,0.0,16.14,3.17,0.0
20221213:2210,0.0,0.0,0.0,0.0,16.02,2.97,0.0
20221213:2310,0.0,0.0,0.0,0.0,15.85,2.76,0.0
20221214:0010,0.0,0.0,0.0,0.0,15.83,2.76,0.0
20221214:0110,0.0,0.0,0.0,0.0,15.86,2.9,0.0
20221214:0210,0.0,0.0,0.0,0.0,16.12,3.31,0.0
20221214:0310,0.0,0.0,0.0,0.0,16.15,3.79,0.0
20221214:0410,0.0,0.0,0.0,0.0,16.02,4.0,0.0
20221214:0510,0.0,0.0,0.0,0.0,16.09,4.14,0.0
20221214:0610,0.0,0.0,0.0,0.0,16.22,4.21,0.0
20221214:0710,71.83,66.89,1.22,8.13,16.44,4.76,0.0
20221214:0810,24.65,112.42,2.0,16.66,16.88,5.31,0.0
20221214:0910,386.61,184.78,5.25,23.33,17.82,5.52,0.0
20221214:1010,389.4,223.09,6.05,27.5,18.62,5.93,0.0
20221214:1110,93.0,229.86,4.39,28.65,19.32,6.07,0.0
20221214:1210,424.41,205.52,6.05,26.61,19.62,6.21,0.0
20221214:1310,41.33,157.94,2.88,21.67,19.74,5.93,0.0
20221214:1410,6.88,82.21,1.42,14.41,19.83,5.72,0.0
20221214:1510,94.52,42.0,0.88,5.45,19.49,6.83,0.0
20221214:1610,0.0,0.0,0.0,0.0,18.79,7.24,0.0
20221214:1710,0.0,0.0,0.0,0.0,18.07,7.59,0.0
20221214:1810,0.0,0.0,0.0,0.0,17.37,7.45,0.0
20221214:1910,0.0,0.0,0.0,0.0,17.48,7.24,0.0
20221214:2010,0.0,0.0,0.0,0.0,16.95,6.97,0.0
20221214:2110,0.0,0.0,0.0,0.0,16.52,6.21,0.0
20221214:2210,0.0,0.0,0.0,0.0,16.04,5.1,0.0
20221214:2310,0.0,0.0,0.0,0.0,15.6,4.21,0.0
20221215:0010,0.0,0.0,0.0,0.0,15.07,3.59,0.0
20221215:0110,0.0,0.0,0.0,0.0,14.64,3.38,0.0
20221215:0210,0.0,0.0,0.0,0.0,14.3,3.17,0.0
20221215:0310,0.0,0.0,0.0,0.0,14.12,2.97,0.0
20221215:0410,0.0,0.0,0.0,0.0,14.06,2.69,0.0
20221215:0510,0.0,0.0,0.0,0.0,14.14,2.62,0.0
20221215:0610,0.0,0.0,0.0,0.0,13.94,2.21,0.0
20221215:0710,0.0,8.29,0.14,8.01,14.3,2.9,0.0
20221215:0810,11.25,98.65,1.72,16.56,15.71,3.03,0.0
20221215:0910,363.85,189.65,5.16,23.24,17.89,2.83,0.0
20221215:1010,417.88,218.57,6.17,27.43,19.68,2.69,0.0
20221215:1110,443.68,222.87,6.5,28.6,20.65,2.76,0.0
20221215:1210,586.29,156.78,6.64,26.58,21.24,3.1,0.0
20221215:1310,500.36,131.88,5.36,21.67,21.47,3.38,0.0
20221215:1410,236.52,119.66,2.98,14.43,21.3,3.72,0.0
20221215:1510,7.86,28.62,0.5,5.48,20.57,4.34,0.0
20221215:1610,0.0,0.0,0.0,0.0,19.35,4.83,0.0
20221215:1710,0.0,0.0,0.0,0.0,18.36,5.31,0.0
20221215:1810,0.0,0.0,0.0,0.0,17.82,5.59,0.0
20221215:1910,0.0,0.0,0.0,0.0,18.24,5.79,0.0
20221215:2010,0.0,0.0,0.0,0.0,18.43,6.14,0.0
20221215:2110,0.0,0.0,0.0,0.0,18.6,6.34,0.0
20221215:2210,0.0,0.0,0.0,0.0,18.68,6.69,0.0
20221215:2310,0.0,0.0,0.0,0.0,18.83,6.62,0.0
20221216:0010,0.0,0.0,0.0,0.0,19.03,6.41,0.0
20221216:0110,0.0,0.0,0.0,0.0,19.02,6.14,0.0
20221216:0210,0.0,0.0,0.0,0.0,19.0,5.79,0.0
20221216:0310,0.0,0.0,0.0,0.0,18.67,4.83,0.0
20221216:0410,0.0,0.0,0.0,0.0,17.89,3.31,0.0
20221216:0510,0.0,0.0,0.0,0.0,16.63,1.86,0.0
20221216:0610,0.0,0.0,0.0,0.0,16.25,1.03,0.0
20221216:0710,69.9,64.59,1.17,7.91,15.31,2.28,0.0
20221216:0810,139.93,143.58,2.92,16.46,16.74,2.14,0.0
20221216:0910,319.25,195.79,4.95,23.15,18.61,1.93,0.0
20221216:1010,567.25,176.4,6.72,27.36,20.15,1.72,0.0
20221216:1110,493.52,209.93,6.69,28.55,20.91,1.38,0.0
20221216:1210,505.12,185.09,6.36,26.56,21.47,1.03,0.0
20221216:1310,185.31,188.24,4.06,21.67,21.45,1.24,0.0
20221216:1410,57.42,111.07,2.08,14.45,20.51,2.34,0.0
20221216:1510,15.67,31.56,0.56,5.52,18.91,3.24,0.0
20221216:1610,0.0,0.0,0.0,0.0,17.08,3.93,0.0
20221216:1710,0.0,0.0,0.0,0.0,15.88,4.07,0.0
20221216:1810,0.0,0.0,0.0,0.0,15.4,3.79,0.0
20221216:1910,0.0,0.0,0.0,0.0,15.29,4.0,0.0
20221216:2010,0.0,0.0,0.0,0.0,14.66,3.52,0.0
20221216:2110,0.0,0.0,0.0,0.0,14.36,2.48,0.0
20221216:2210,0.0,0.0,0.0,0.0,14.04,1.66,0.0
20221216:2310,0.0,0.0,0.0,0.0,13.4,1.72,0.0
20221217:0010,0.0,0.0,0.0,0.0,12.72,1.93,0.0
20221217:0110,0.0,0.0,0.0,0.0,12.32,2.0,0.0
20221217:0210,0.0,0.0,0.0,0.0,12.03,2.07,0.0
20221217:0310,0.0,0.0,0.0,0.0,11.89,2.14,0.0
20221217:0410,0.0,0.0,0.0,0.0,11.51,2.21,0.0
20221217:0510,0.0,0.0,0.0,0.0,11.33,2.28,0.0
20221217:0610,0.0,0.0,0.0,0.0,11.22,2.41,0.0
20221217:0710,94.05,68.72,1.27,7.8,11.62,2.34,0.0
20221217:0810,326.03,134.79,3.7,16.36,13.58,2.14,0.0
20221217:0910,365.24,191.69,5.17,23.07,15.28,2.21,0.0
20221217:1010,648.02,152.2,7.05,27.3,16.12,2.34,0.0
20221217:1110,579.97,188.6,7.06,28.51,16.7,2.83,0.0
20221217:1210,336.37,226.64,5.72,26.55,16.84,2.97,0.0
20221217:1310,362.91,174.64,4.92,21.68,16.68,2.76,0.0
20221217:1410,114.84,123.68,2.48,14.48,16.36,2.48,0.0
20221217:1510,27.3,36.21,0.66,5.56,15.88,1.93,0.0
20221217:1610,0.0,0.0,0.0,0.0,15.13,1.38,0.0
20221217:1710,0.0,0.0,0.0,0.0,14.17,0.97,0.0
20221217:1810,0.0,0.0,0.0,0.0,13.92,0.76,0.0
20221217:1910,0.0,0.0,0.0,0.0,13.78,0.9,0.0
20221217:2010,0.0,0.0,0.0,0.0,13.69,0.9,0.0
20221217:2110,0.0,0.0,0.0,0.0,13.39,0.97,0.0
20221217:2210,0.0,0.0,0.0,0.0,13.1,1.03,0.0
20221217:2310,0.0,0.0,0.0,0.0,12.78,1.1,0.0
20221218:0010,0.0,0.0,0.0,0.0,12.37,1.17,0.0
20221218:0110,0.0,0.0,0.0,0.0,12.32,1.1,0.0
20221218:0210,0.0,0.0,0.0,0.0,13.07,0.9,0.0
20221218:0310,0.0,0.0,0.0,0.0,13.1,0.9,0.0
20221218:0410,0.0,0.0,0.0,0.0,12.52,0.97,0.0
20221218:0510,0.0,0.0,0.0,0.0,12.24,1.03,0.0
20221218:0610,0.0,0.0,0.0,0.0,11.65,1.1,0.0
20221218:0710,176.17,71.84,1.5,7.71,12.2,1.03,0.0
20221218:0810,392.83,118.42,3.89,16.28,12.42,0.83,0.0
20221218:0910,569.49,135.55,5.89,23.0,14.39,0.48,0.0
20221218:1010,671.08,143.74,7.13,27.24,15.03,1.1,0.0
20221218:1110,695.76,147.07,7.48,28.48,15.46,1.72,0.0
20221218:1210,654.51,139.08,6.95,26.54,15.55,2.0,0.0
20221218:1310,508.99,134.15,5.44,21.7,15.46,1.86,0.0
20221218:1410,351.26,103.11,3.42,14.52,15.26,1.59,0.0
20221218:1510,124.19,44.47,0.98,5.61,14.86,1.31,0.0
20221218:1610,0.0,0.0,0.0,0.0,14.27,1.17,0.0
20221218:1710,0.0,0.0,0.0,0.0,13.16,1.17,0.0
20221218:1810,0.0,0.0,0.0,0.0,12.55,1.17,0.0
20221218:1910,0.0,0.0,0.0,0.0,13.24,0.76,0.0
20221218:2010,0.0,0.0,0.0,0.0,13.07,0.97,0.0
20221218:2110,0.0,0.0,0.0,0.0,13.12,0.97,0.0
20221218:2210,0.0,0.0,0.0,0.0,12.98,0.76,0.0
20221218:2310,0.0,0.0,0.0,0.0,12.78,0.69,0.0
20221219:0010,0.0,0.0,0.0,0.0,12.43,0.76,0.0
20221219:0110,0.0,0.0,0.0,0.0,12.15,0.76,0.0
20221219:0210,0.0,0.0,0.0,0.0,12.19,0.69,0.0
20221219:0310,0.0,0.0,0.0,0.0,12.17,0.76,0.0
20221219:0410,0.0,0.0,0.0,0.0,12.05,0.76,0.0
20221219:0510,0.0,0.0,0.0,0.0,11.51,0.97,0.0
20221219:0610,0.0,0.0,0.0,0.0,10.52,1.31,0.0
20221219:0710,160.53,72.65,1.45,7.62,10.42,1.38,0.0
20221219:0810,396.15,119.12,3.91,16.2,11.96,1.31,0.0
20221219:0910,564.35,139.85,5.89,22.93,13.48,0.76,0.0
20221219:1010,671.67,146.9,7.16,27.19,14.55,0.9,0.0
20221219:1110,670.52,157.0,7.39,28.46,15.09,1.66,0.0
20221219:1210,647.3,144.5,6.95,26.55,15.24,2.14,0.0
20221219:1310,562.28,122.09,5.69,21.72,15.14,2.48,0.0
20221219:1410,302.82,115.0,3.28,14.56,14.86,2.69,0.0
20221219:1510,15.43,32.52,0.58,5.67,14.31,2.28,0.0
20221219:1610,0.0,0.0,0.0,0.0,13.63,1.72,0.0
20221219:1710,0.0,0.0,0.0,0.0,12.75,1.24,0.0
20221219:1810,0.0,0.0,0.0,0.0,12.44,0.97,0.0
20221219:1910,0.0,0.0,0.0,0.0,11.83,1.17,0.0
20221219:2010,0.0,0.0,0.0,0.0,11.61,1.24,0.0
20221219:2110,0.0,0.0,0.0,0.0,11.91,1.17,0.0
20221219:2210,0.0,0.0,0.0,0.0,12.58,1.03,0.0
20221219:2310,0.0,0.0,0.0,0.0,12.51,0.9,0.0
20221220:0010,0.0,0.0,0.0,0.0,12.18,0.83,0.0
20221220:0110,0.0,0.0,0.0,0.0,11.89,0.83,0.0
20221220:0210,0.0,0.0,0.0,0.0,11.55,0.9,0.0
20221220:0310,0.0,0.0,0.0,0.0,11.16,0.97,0.0
20221220:0410,0.0,0.0,0.0,0.0,10.19,1.03,0.0
20221220:0510,0.0,0.0,0.0,0.0,9.78,1.1,0.0
20221220:0610,0.0,0.0,0.0,0.0,9.77,1.1,0.0
20221220:0710,178.95,71.56,1.48,7.53,9.67,1.17,0.0
20221220:0810,403.93,117.16,3.92,16.12,11.35,1.17,0.0
20221220:0910,551.14,144.84,5.84,22.87,12.07,1.1,0.0
20221220:1010,677.74,145.97,7.19,27.15,12.9,1.1,0.0
20221220:1110,685.46,153.8,7.47,28.45,13.44,1.31,0.0
20221220:1210,636.24,149.54,6.92,26.56,13.84,1.31,0.0
20221220:1310,562.18,122.01,5.69,21.76,14.05,1.45,0.0
20221220:1410,357.49,105.09,3.48,14.61,14.03,1.52,0.0
20221220:1510,134.13,51.92,1.03,5.73,13.66,1.72,0.0
20221220:1610,0.0,0.0,0.0,0.0,12.96,1.72,0.0
20221220:1710,0.0,0.0,0.0,0.0,11.84,1.52,0.0
20221220:1810,0.0,0.0,0.0,0.0,10.92,1.31,0.0
20221220:1910,0.0,0.0,0.0,0.0,10.44,1.52,0.0
20221220:2010,0.0,0.0,0.0,0.0,10.83,1.31,0.0
20221220:2110,0.0,0.0,0.0,0.0,10.59,1.31,0.0
20221220:2210,0.0,0.0,0.0,0.0,10.58,1.24,0.0
20221220:2310,0.0,0.0,0.0,0.0,10.74,1.17,0.0
20221221:0010,0.0,0.0,0.0,0.0,10.64,1.17,0.0
20221221:0110,0.0,0.0,0.0,0.0,10.4,1.24,0.0
20221221:0210,0.0,0.0,0.0,0.0,10.4,1.17,0.0
20221221:0310,0.0,0.0,0.0,0.0,9.86,1.17,0.0
20221221:0410,0.0,0.0,0.0,0.0,8.99,1.31,0.0
20221221:0510,0.0,0.0,0.0,0.0,8.76,1.31,0.0
20221221:0610,0.0,0.0,0.0,0.0,8.28,1.38,0.0
20221221:0710,180.21,70.51,1.47,7.45,8.04,1.31,0.0
20221221:0810,404.77,115.92,3.91,16.05,10.36,1.1,0.0
20221221:0910,547.71,143.15,5.8,22.82,12.1,0.9,0.0
20221221:1010,672.48,145.64,7.14,27.12,12.95,0.9,0.0
20221221:1110,691.12,151.29,7.48,28.44,13.44,0.97,0.0
20221221:1210,632.51,150.67,6.91,26.57,13.77,0.83,0.0
20221221:1310,522.51,133.68,5.53,21.79,13.91,0.83,0.0
20221221:1410,361.55,103.79,3.5,14.66,13.93,0.83,0.0
20221221:1510,133.13,51.43,1.03,5.8,13.57,0.97,0.0
20221221:1610,0.0,0.0,0.0,0.0,12.78,1.03,0.0
20221221:1710,0.0,0.0,0.0,0.0,12.34,0.69,0.0
20221221:1810,0.0,0.0,0.0,0.0,12.41,0.34,0.0
20221221:1910,0.0,0.0,0.0,0.0,12.81,0.21,0.0
20221221:2010,0.0,0.0,0.0,0.0,12.67,0.55,0.0
20221221:2110,0.0,0.0,0.0,0.0,12.47,0.76,0.0
20221221:2210,0.0,0.0,0.0,0.0,11.8,0.97,0.0
20221221:2310,0.0,0.0,0.0,0.0,11.47,1.1,0.0
20221222:0010,0.0,0.0,0.0,0.0,11.39,1.17,0.0
20221222:0110,0.0,0.0,0.0,0.0,10.77,1.17,0.0
20221222:0210,0.0,0.0,0.0,0.0,9.74,1.45,0.0
20221222:0310,0.0,0.0,0.0,0.0,9.13,1.79,0.0
20221222:0410,0.0,0.0,0.0,0.0,9.21,2.07,0.0
20221222:0510,0.0,0.0,0.0,0.0,9.55,2.28,0.0
20221222:0610,0.0,0.0,0.0,0.0,9.92,2.34,0.0
20221222:0710,160.45,68.98,1.39,7.38,10.03,1.72,0.0
20221222:0810,373.42,118.65,3.75,15.99,12.25,1.66,0.0
20221222:0910,522.31,146.76,5.66,22.77,14.06,1.52,0.0
20221222:1010,629.73,154.12,6.91,27.1,14.82,0.97,0.0
20221222:1110,319.0,245.0,5.94,28.44,15.6,1.31,0.0
20221222:1210,565.42,169.15,6.61,26.6,16.0,2.07,0.0
20221222:1310,240.4,191.06,4.41,21.84,15.9,1.93,0.0
20221222:1410,20.56,97.81,1.73,14.73,15.67,1.79,0.0
20221222:1510,49.04,45.21,0.8,5.87,15.26,1.79,0.0
20221222:1610,0.0,0.0,0.0,0.0,14.59,1.93,0.0
20221222:1710,0.0,0.0,0.0,0.0,13.79,1.79,0.0
20221222:1810,0.0,0.0,0.0,0.0,13.32,2.34,0.0
20221222:1910,0.0,0.0,0.0,0.0,13.03,2.48,0.0
20221222:2010,0.0,0.0,0.0,0.0,13.02,2.97,0.0
20221222:2110,0.0,0.0,0.0,0.0,12.42,2.62,0.0
20221222:2210,0.0,0.0,0.0,0.0,12.04,2.34,0.0
20221222:2310,0.0,0.0,0.0,0.0,11.53,2.41,0.0
20221223:0010,0.0,0.0,0.0,0.0,11.24,2.69,0.0
20221223:0110,0.0,0.0,0.0,0.0,11.44,2.83,0.0
20221223:0210,0.0,0.0,0.0,0.0,11.8,2.9,0.0
20221223:0310,0.0,0.0,0.0,0.0,12.06,3.17,0.0
20221223:0410,0.0,0.0,0.0,0.0,12.37,3.24,0.0
20221223:0510,0.0,0.0,0.0,0.0,12.45,3.24,0.0
20221223:0610,0.0,0.0,0.0,0.0,12.4,3.1,0.0
20221223:0710,129.82,68.11,1.3,7.31,12.92,3.1,0.0
20221223:0810,149.13,140.78,2.89,15.93,13.77,3.17,0.0
20221223:0910,419.27,174.86,5.28,22.73,14.93,3.66,0.0
20221223:1010,22.43,179.84,3.17,27.08,15.75,4.21,0.0
20221223:1110,58.66,215.58,3.97,28.45,16.32,4.62,0.0
20221223:1210,5.58,151.94,2.61,26.63,16.28,3.59,0.0
20221223:1310,0.0,92.14,1.56,21.89,16.51,3.31,0.0
20221223:1410,0.0,60.81,1.03,14.79,16.4,3.66,0.0
20221223:1510,0.0,15.66,0.27,5.95,15.88,3.45,0.0
20221223:1610,0.0,0.0,0.0,0.0,15.39,3.03,0.0
20221223:1710,0.0,0.0,0.0,0.0,15.21,2.9,0.0
20221223:1810,0.0,0.0,0.0,0.0,14.9,2.62,0.0
20221223:1910,0.0,0.0,0.0,0.0,14.34,2.0,0.0
20221223:2010,0.0,0.0,0.0,0.0,14.06,2.21,0.0
20221223:2110,0.0,0.0,0.0,0.0,13.8,2.41,0.0
20221223:2210,0.0,0.0,0.0,0.0,13.66,2.62,0.0
20221223:2310,0.0,0.0,0.0,0.0,13.61,2.76,0.0
20221224:0010,0.0,0.0,0.0,0.0,13.46,2.9,0.0
20221224:0110,0.0,0.0,0.0,0.0,13.46,2.9,0.0
20221224:0210,0.0,0.0,0.0,0.0,13.46,2.97,0.0
20221224:0310,0.0,0.0,0.0,0.0,13.34,3.03,0.0
20221224:0410,0.0,0.0,0.0,0.0,13.35,3.03,0.0
20221224:0510,0.0,0.0,0.0,0.0,13.28,3.03,0.0
20221224:0610,0.0,0.0,0.0,0.0,13.29,2.97,0.0
20221224:0710,31.74,50.87,0.89,7.24,13.77,2.28,0.0
20221224:0810,275.64,135.79,3.41,15.88,14.51,2.28,0.0
20221224:0910,103.36,189.53,3.67,22.7,15.9,2.76,0.0
20221224:1010,558.79,179.1,6.66,27.07,16.72,2.55,0.0
20221224:1110,384.84,236.15,6.25,28.46,17.28,2.0,0.0
20221224:1210,418.08,211.06,6.06,26.67,17.84,2.0,0.0
20221224:1310,175.03,191.4,4.06,21.95,18.05,1.86,0.0
20221224:1410,40.93,109.47,2.0,14.87,17.81,1.79,0.0
20221224:1510,85.17,50.77,0.94,6.04,17.17,1.31,0.0
20221224:1610,0.0,0.0,0.0,0.0,16.31,0.97,0.0
20221224:1710,0.0,0.0,0.0,0.0,15.16,1.1,0.0
20221224:1810,0.0,0.0,0.0,0.0,13.99,1.38,0.0
20221224:1910,0.0,0.0,0.0,0.0,13.5,1.24,0.0
20221224:2010,0.0,0.0,0.0,0.0,12.74,1.45,0.0
20221224:2110,0.0,0.0,0.0,0.0,12.34,1.52,0.0
20221224:2210,0.0,0.0,0.0,0.0,11.83,1.59,0.0
20221224:2310,0.0,0.0,0.0,0.0,11.64,1.59,0.0
20221225:0010,0.0,0.0,0.0,0.0,11.58,1.59,0.0
20221225:0110,0.0,0.0,0.0,0.0,12.19,1.45,0.0
20221225:0210,0.0,0.0,0.0,0.0,13.23,1.24,0.0
20221225:0310,0.0,0.0,0.0,0.0,13.59,1.24,0.0
20221225:0410,0.0,0.0,0.0,0.0,13.42,1.31,0.0
20221225:0510,0.0,0.0,0.0,0.0,12.64,1.52,0.0
20221225:0610,0.0,0.0,0.0,0.0,12.28,1.59,0.0
20221225:0710,180.7,68.53,1.42,7.19,12.6,1.45,0.0
20221225:0810,400.02,114.52,3.84,15.84,14.06,1.03,0.0
20221225:0910,558.61,138.47,5.81,22.67,16.95,0.55,0.0
20221225:1010,689.46,139.45,7.2,27.07,18.28,0.21,0.0
20221225:1110,701.56,147.47,7.53,28.48,18.75,0.83,0.0
20221225:1210,653.56,144.57,7.02,26.72,18.77,1.17,0.0
20221225:1310,528.33,133.57,5.59,22.02,18.57,1.38,0.0
20221225:1410,358.34,107.08,3.55,14.95,18.14,1.45,0.0
20221225:1510,146.62,55.51,1.14,6.13,17.53,1.24,0.0
20221225:1610,0.0,0.0,0.0,0.0,16.64,1.03,0.0
20221225:1710,0.0,0.0,0.0,0.0,15.05,1.17,0.0
20221225:1810,0.0,0.0,0.0,0.0,14.09,1.45,0.0
20221225:1910,0.0,0.0,0.0,0.0,13.53,1.52,0.0
20221225:2010,0.0,0.0,0.0,0.0,12.96,1.59,0.0
20221225:2110,0.0,0.0,0.0,0.0,12.19,1.72,0.0
20221225:2210,0.0,0.0,0.0,0.0,11.48,1.93,0.0
20221225:2310,0.0,0.0,0.0,0.0,11.04,2.0,0.0
20221226:0010,0.0,0.0,0.0,0.0,10.66,2.14,0.0
20221226:0110,0.0,0.0,0.0,0.0,10.5,2.21,0.0
20221226:0210,0.0,0.0,0.0,0.0,10.35,2.34,0.0
20221226:0310,0.0,0.0,0.0,0.0,10.36,2.48,0.0
20221226:0410,0.0,0.0,0.0,0.0,10.32,2.48,0.0
20221226:0510,0.0,0.0,0.0,0.0,10.19,2.41,0.0
20221226:0610,0.0,0.0,0.0,0.0,10.17,2.28,0.0
20221226:0710,192.09,67.25,1.44,7.13,9.73,2.28,0.0
20221226:0810,404.84,113.6,3.86,15.8,12.26,1.93,0.0
20221226:0910,572.46,136.7,5.89,22.66,15.03,1.52,0.0
20221226:1010,687.32,142.29,7.22,27.07,16.91,1.03,0.0
20221226:1110,690.13,153.95,7.52,28.52,18.37,0.62,0.0
20221226:1210,688.18,134.96,7.19,26.77,19.19,0.21,0.0
20221226:1310,556.94,128.31,5.75,22.09,19.47,0.41,0.0
20221226:1410,359.53,108.45,3.58,15.04,19.19,0.9,0.0
20221226:1510,152.29,56.0,1.17,6.22,18.42,0.97,0.0
20221226:1610,0.0,0.0,0.0,0.0,16.95,0.76,0.0
20221226:1710,0.0,0.0,0.0,0.0,15.97,1.03,0.0
20221226:1810,0.0,0.0,0.0,0.0,14.14,1.52,0.0
20221226:1910,0.0,0.0,0.0,0.0,12.79,1.79,0.0
20221226:2010,0.0,0.0,0.0,0.0,11.67,2.07,0.0
20221226:2110,0.0,0.0,0.0,0.0,11.38,2.28,0.0
20221226:2210,0.0,0.0,0.0,0.0,11.18,2.34,0.0
20221226:2310,0.0,0.0,0.0,0.0,11.09,2.28,0.0
20221227:0010,0.0,0.0,0.0,0.0,10.99,2.21,0.0
20221227:0110,0.0,0.0,0.0,0.0,10.76,2.21,0.0
20221227:0210,0.0,0.0,0.0,0.0,10.41,2.34,0.0
20221227:0310,0.0,0.0,0.0,0.0,10.29,2.34,0.0
20221227:0410,0.0,0.0,0.0,0.0,10.27,2.28,0.0
20221227:0510,0.0,0.0,0.0,0.0,10.31,2.14,0.0
20221227:0610,0.0,0.0,0.0,0.0,10.41,2.0,0.0
20221227:0710,174.87,67.99,1.39,7.09,10.76,1.79,0.0
20221227:0810,402.64,115.04,3.86,15.77,12.3,1.93,0.0
20221227:0910,540.48,145.86,5.77,22.65,16.37,1.93,0.0
20221227:1010,615.99,167.45,6.95,27.09,18.22,1.59,0.0
20221227:1110,718.84,144.03,7.64,28.55,19.2,1.31,0.0
20221227:1210,663.32,143.52,7.09,26.83,19.51,1.45,0.0
20221227:1310,544.23,133.04,5.72,22.17,19.37,1.24,0.0
20221227:1410,362.85,108.49,3.61,15.13,18.98,0.9,0.0
20221227:1510,150.56,56.9,1.19,6.32,18.15,0.41,0.0
20221227:1610,0.0,0.0,0.0,0.0,17.0,0.0,0.0
20221227:1710,0.0,0.0,0.0,0.0,16.39,0.62,0.0
20221227:1810,0.0,0.0,0.0,0.0,14.74,1.17,0.0
20221227:1910,0.0,0.0,0.0,0.0,14.01,1.38,0.0
20221227:2010,0.0,0.0,0.0,0.0,13.25,1.45,0.0
20221227:2110,0.0,0.0,0.0,0.0,12.33,1.66,0.0
20221227:2210,0.0,0.0,0.0,0.0,11.39,1.79,0.0
20221227:2310,0.0,0.0,0.0,0.0,11.02,1.79,0.0
20221228:0010,0.0,0.0,0.0,0.0,11.16,1.66,0.0
20221228:0110,0.0,0.0,0.0,0.0,11.71,1.52,0.0
20221228:0210,0.0,0.0,0.0,0.0,12.98,1.24,0.0
20221228:0310,0.0,0.0,0.0,0.0,13.2,0.9,0.0
20221228:0410,0.0,0.0,0.0,0.0,13.17,0.69,0.0
20221228:0510,0.0,0.0,0.0,0.0,13.07,0.69,0.0
20221228:0610,0.0,0.0,0.0,0.0,12.94,0.9,0.0
20221228:0710,171.74,67.63,1.38,7.05,12.64,0.83,0.0
20221228:0810,400.31,114.83,3.84,15.75,12.23,0.97,0.0
20221228:0910,560.05,140.15,5.84,22.64,14.39,0.97,0.0
20221228:1010,682.66,144.83,7.22,27.11,15.51,0.48,0.0
20221228:1110,705.34,150.4,7.61,28.6,16.19,0.62,0.0
20221228:1210,686.51,137.53,7.22,26.9,16.54,0.76,0.0
20221228:1310,543.18,134.19,5.73,22.26,16.61,0.97,0.0
20221228:1410,372.78,107.71,3.67,15.23,16.39,1.24,0.0
20221228:1510,155.87,57.27,1.22,6.43,15.81,1.31,0.0
20221228:1610,0.0,0.0,0.0,0.0,14.93,1.38,0.0
20221228:1710,0.0,0.0,0.0,0.0,13.37,1.24,0.0
20221228:1810,0.0,0.0,0.0,0.0,12.77,1.17,0.0
20221228:1910,0.0,0.0,0.0,0.0,11.83,1.38,0.0
20221228:2010,0.0,0.0,0.0,0.0,11.34,1.52,0.0
20221228:2110,0.0,0.0,0.0,0.0,10.99,1.66,0.0
20221228:2210,0.0,0.0,0.0,0.0,10.7,1.79,0.0
20221228:2310,0.0,0.0,0.0,0.0,10.46,1.79,0.0
20221229:0010,0.0,0.0,0.0,0.0,10.25,1.79,0.0
20221229:0110,0.0,0.0,0.0,0.0,9.49,1.79,0.0
20221229:0210,0.0,0.0,0.0,0.0,8.87,1.93,0.0
20221229:0310,0.0,0.0,0.0,0.0,8.44,2.0,0.0
20221229:0410,0.0,0.0,0.0,0.0,8.3,2.07,0.0
20221229:0510,0.0,0.0,0.0,0.0,8.31,2.21,0.0
20221229:0610,0.0,0.0,0.0,0.0,8.33,2.34,0.0
20221229:0710,179.22,67.4,1.39,7.01,8.94,2.34,0.0
20221229:0810,397.85,116.17,3.84,15.73,11.39,2.07,0.0
20221229:0910,579.46,135.73,5.94,22.65,14.5,1.93,0.0
20221229:1010,577.66,185.03,6.88,27.14,15.95,1.66,0.0
20221229:1110,505.58,221.75,6.92,28.65,16.87,1.24,0.0
20221229:1210,546.92,188.61,6.73,26.98,17.41,0.83,0.0
20221229:1310,514.72,146.1,5.67,22.35,17.6,0.9,0.0
20221229:1410,362.39,112.3,3.67,15.33,17.42,1.38,0.0
20221229:1510,143.45,57.95,1.2,6.54,16.71,1.66,0.0
20221229:1610,0.0,0.0,0.0,0.0,15.59,1.72,0.0
20221229:1710,0.0,0.0,0.0,0.0,13.86,1.72,0.0
20221229:1810,0.0,0.0,0.0,0.0,12.51,2.0,0.0
20221229:1910,0.0,0.0,0.0,0.0,12.05,2.41,0.0
20221229:2010,0.0,0.0,0.0,0.0,11.66,2.55,0.0
20221229:2110,0.0,0.0,0.0,0.0,11.32,2.69,0.0
20221229:2210,0.0,0.0,0.0,0.0,11.09,2.76,0.0
20221229:2310,0.0,0.0,0.0,0.0,10.93,2.76,0.0
20221230:0010,0.0,0.0,0.0,0.0,10.73,2.76,0.0
20221230:0110,0.0,0.0,0.0,0.0,10.55,2.76,0.0
20221230:0210,0.0,0.0,0.0,0.0,10.52,2.83,0.0
20221230:0310,0.0,0.0,0.0,0.0,10.62,2.9,0.0
20221230:0410,0.0,0.0,0.0,0.0,10.48,2.9,0.0
20221230:0510,0.0,0.0,0.0,0.0,10.39,2.83,0.0
20221230:0610,0.0,0.0,0.0,0.0,10.21,2.62,0.0
20221230:0710,147.12,66.67,1.3,6.99,10.56,2.76,0.0
20221230:0810,383.78,117.65,3.78,15.72,12.61,2.55,0.0
20221230:0910,539.24,145.61,5.77,22.66,14.94,2.48,0.0
20221230:1010,660.77,151.89,7.14,27.17,16.34,2.34,0.0
20221230:1110,647.1,171.7,7.41,28.71,17.14,2.21,0.0
20221230:1210,116.21,229.55,4.48,27.06,17.57,2.0,0.0
20221230:1310,490.17,152.0,5.58,22.45,17.64,2.07,0.0
20221230:1410,363.13,111.97,3.69,15.44,17.21,2.28,0.0
20221230:1510,172.71,58.86,1.31,6.66,16.48,1.72,0.0
20221230:1610,0.0,0.0,0.0,0.0,15.53,0.97,0.0
20221230:1710,0.0,0.0,0.0,0.0,14.17,1.1,0.0
20221230:1810,0.0,0.0,0.0,0.0,12.48,1.52,0.0
20221230:1910,0.0,0.0,0.0,0.0,11.5,1.72,0.0
20221230:2010,0.0,0.0,0.0,0.0,10.93,1.86,0.0
20221230:2110,0.0,0.0,0.0,0.0,10.52,2.07,0.0
20221230:2210,0.0,0.0,0.0,0.0,10.08,2.14,0.0
20221230:2310,0.0,0.0,0.0,0.0,9.82,2.21,0.0
20221231:0010,0.0,0.0,0.0,0.0,9.88,2.34,0.0
20221231:0110,0.0,0.0,0.0,0.0,10.16,2.41,0.0
20221231:0210,0.0,0.0,0.0,0.0,10.06,2.55,0.0
20221231:0310,0.0,0.0,0.0,0.0,9.73,2.69,0.0
20221231:0410,0.0,0.0,0.0,0.0,9.55,2.76,0.0
20221231:0510,0.0,0.0,0.0,0.0,9.78,2.55,0.0
20221231:0610,0.0,0.0,0.0,0.0,9.97,2.34,0.0
20221231:0710,179.48,65.95,1.38,6.97,9.53,2.14,0.0
20221231:0810,374.2,114.9,3.7,15.72,11.71,1.66,0.0
20221231:0910,520.77,146.66,5.66,22.67,14.71,1.38,0.0
20221231:1010,641.32,153.11,7.02,27.21,15.66,1.1,0.0
20221231:1110,664.34,158.47,7.41,28.78,16.27,1.1,0.0
20221231:1210,657.33,143.68,7.09,27.15,16.58,1.38,0.0
20221231:1310,504.44,142.96,5.59,22.56,16.51,1.45,0.0
20221231:1410,308.3,120.87,3.48,15.56,16.24,1.38,0.0
20221231:1510,146.58,59.0,1.25,6.78,15.71,1.1,0.0
20221231:1610,0.0,0.0,0.0,0.0,14.88,0.9,0.0
20221231:1710,0.0,0.0,0.0,0.0,13.98,0.76,0.0
20221231:1810,0.0,0.0,0.0,0.0,13.33,1.1,0.0
20221231:1910,0.0,0.0,0.0,0.0,13.48,1.1,0.0
20221231:2010,0.0,0.0,0.0,0.0,13.79,1.03,0.0
20221231:2110,0.0,0.0,0.0,0.0,13.55,0.97,0.0
20221231:2210,0.0,0.0,0.0,0.0,12.75,1.17,0.0
20221231:2310,0.0,0.0,0.0,0.0,11.57,1.38,0.0

Gb(i): Beam (direct) irradiance on the inclined plane (plane of the array) (W/m2)
Gd(i): Diffuse irradiance on the inclined plane (plane of the array) (W/m2)
Gr(i): Reflected irradiance on the inclined plane (plane of the array) (W/m2)
H_sun: Sun height (degree)
T2m: 2-m air temperature (degree Celsius)
WS10m: 10-m total wind speed (m/s)
Int: 1 means solar radiation values are reconstructed



PVGIS (c) European Union, 2001-2025