,gas_bus_chp_flow,biomass_bus_biomass_chp_flow,electricity_grid_electrical_bus_flow,chp_thermal_bus_flow,biomass_chp_thermal_bus_flow,heat_pump_thermal_bus_flow,electric_boiler_thermal_bus_flow,solar_collector_thermal_bus_flow
2022-01-01 00:00:00,0.0,785.19541,196.29885,0.0,392.59771,500.0,52.907293,0.0
2022-01-01 01:00:00,0.0,775.60344,193.90086,0.0,387.80172,500.0,50.53328,0.0
2022-01-01 02:00:00,0.0,765.65026,191.41257,0.0,382.82513,500.0,48.069869,0.0
2022-01-01 03:00:00,0.0,733.79742,183.44935,0.0,366.89871,500.0,40.18629,0.0
2022-01-01 04:00:00,0.0,702.86765,175.71691,0.0,351.43383,500.0,32.531173,0.0
2022-01-01 05:00:00,0.0,686.03822,171.50956,0.0,343.01911,500.0,28.365889,0.0
2022-01-01 06:00:00,0.0,698.77401,174.6935,0.0,349.387,500.0,31.517996,0.0
2022-01-01 07:00:00,0.0,720.54043,180.13511,0.0,360.27022,500.0,36.905185,41.989599999999996
2022-01-01 08:00:00,0.0,669.95234,167.48808,0.0,334.97617,500.0,24.384632,66.82419999999999
2022-01-01 09:00:00,0.0,666.898,142.85714,0.0,333.449,500.0,0.0,110.37600000000002
2022-01-01 10:00:00,0.0,703.4986,142.85714,0.0,351.7493,500.0,0.0,156.2857
2022-01-01 11:00:00,0.0,974.2094,142.85714,0.0,487.1047,500.0,0.0,123.4503
2022-01-01 12:00:00,0.0,881.0698,142.85714,0.0,440.5349,500.0,0.0,93.7101
2022-01-01 13:00:00,0.0,1010.7488,142.85714,0.0,505.3744,500.0,0.0,88.49059999999999
2022-01-01 14:00:00,0.0,948.2912,142.85714,0.0,474.1456,500.0,0.0,45.8294
2022-01-01 15:00:00,0.0,1015.1382,142.85714,0.0,507.5691,500.0,0.0,24.695899999999998
2022-01-01 16:00:00,0.0,1084.35,142.85714,0.0,542.175,500.0,0.0,0.0
2022-01-01 17:00:00,0.0,1049.73,142.85714,0.0,524.865,500.0,0.0,0.0
2022-01-01 18:00:00,0.0,1247.39,142.85714,0.0,623.695,500.0,0.0,0.0
2022-01-01 19:00:00,0.0,918.37,142.85714,0.0,459.185,500.0,0.0,0.0
2022-01-01 20:00:00,0.0,990.99,142.85714,0.0,495.495,500.0,0.0,0.0
2022-01-01 21:00:00,0.0,1027.19,142.85714,0.0,513.595,500.0,0.0,0.0
2022-01-01 22:00:00,0.0,906.97,142.85714,0.0,453.485,500.0,0.0,0.0
2022-01-01 23:00:00,0.0,920.59,142.85714,0.0,460.295,500.0,0.0,0.0
2022-01-02 00:00:00,0.0,770.86765,192.71691,0.0,385.43383,500.0,49.361173,0.0
2022-01-02 01:00:00,0.0,734.49307,183.62327,0.0,367.24654,500.0,40.358464,0.0
2022-01-02 02:00:00,0.0,725.51648,181.37912,0.0,362.75824,500.0,38.136758,0.0
2022-01-02 03:00:00,0.0,730.15862,182.53966,0.0,365.07931,500.0,39.285688,0.0
2022-01-02 04:00:00,0.0,721.95796,180.48949,0.0,360.97898,500.0,37.256022,0.0
2022-01-02 05:00:00,0.0,742.21214,185.55303,0.0,371.10607,500.0,42.268932,0.0
2022-01-02 06:00:00,0.0,834.01147,208.50287,0.0,417.00573,500.0,64.989267,0.0
2022-01-02 07:00:00,0.0,871.791,217.94775,0.0,435.8955,500.0,74.339701,60.0498
2022-01-02 08:00:00,0.0,709.91608,177.47902,0.0,354.95804,500.0,34.275659,102.0613
2022-01-02 09:00:00,0.0,699.51929,174.87982,0.0,349.75965,500.0,31.702454,134.1229
2022-01-02 10:00:00,0.0,884.482,142.85714,0.0,442.241,500.0,0.0,99.864
2022-01-02 11:00:00,0.0,925.7988,142.85714,0.0,462.8994,500.0,0.0,130.4656
2022-01-02 12:00:00,0.0,676.05628,169.01407,0.0,338.02814,500.0,25.895359,125.2315
2022-01-02 13:00:00,0.0,552.52771,138.13193,0.0,276.26385,483.46175,0.0,196.2094
2022-01-02 14:00:00,0.0,660.03287,165.00822,0.0,330.01644,500.0,21.929564,66.649
2022-01-02 15:00:00,0.0,738.02913,184.50728,0.0,369.01456,500.0,41.233637,36.6168
2022-01-02 16:00:00,0.0,839.9914,209.99785,0.0,419.9957,500.0,66.4693,0.0
2022-01-02 17:00:00,0.0,849.2623,212.31558,0.0,424.63115,500.0,68.763849,0.0
2022-01-02 18:00:00,0.0,1086.774,271.6935,0.0,543.387,500.0,127.548,0.0
2022-01-02 19:00:00,0.0,937.6904,234.4226,0.0,468.8452,500.0,90.649802,0.0
2022-01-02 20:00:00,0.0,924.53989,231.13497,0.0,462.26995,500.0,87.395053,0.0
2022-01-02 21:00:00,0.0,833.70377,208.42594,0.0,416.85189,500.0,64.913113,0.0
2022-01-02 22:00:00,0.0,794.03822,198.50956,0.0,397.01911,500.0,55.095889,0.0
2022-01-02 23:00:00,0.0,749.20879,187.3022,0.0,374.6044,500.0,44.000604,0.0
2022-01-03 00:00:00,0.0,709.85093,177.46273,0.0,354.92547,500.0,34.259534,0.0
2022-01-03 01:00:00,0.0,681.35595,170.33899,0.0,340.67797,500.0,27.207026,0.0
2022-01-03 02:00:00,0.0,680.84759,170.2119,0.0,340.42379,500.0,27.081206,0.0
2022-01-03 03:00:00,0.0,692.36598,173.0915,0.0,346.18299,500.0,29.932009,0.0
2022-01-03 04:00:00,0.0,702.76063,175.69016,0.0,351.38032,500.0,32.504685,0.0
2022-01-03 05:00:00,0.0,740.05829,185.01457,0.0,370.02914,500.0,41.735855,0.0
2022-01-03 06:00:00,0.0,906.07836,226.51959,0.0,453.03918,500.0,82.825822,0.0
2022-01-03 07:00:00,0.0,1141.3448,142.85714,0.0,570.6724,500.0,0.0,63.962599999999995
2022-01-03 08:00:00,0.0,652.757,142.85714,0.0,326.3785,500.0,0.0,246.04649999999998
2022-01-03 09:00:00,0.0,425.18793,106.29698,0.0,212.59396,372.03944,0.0,488.31160000000006
2022-01-03 10:00:00,0.0,373.27898,93.319745,0.0,186.63949,326.61911,0.0,555.2964000000001
2022-01-03 11:00:00,0.0,329.69585,82.423964,0.0,164.84793,288.48387,0.0,653.9631999999999
2022-01-03 12:00:00,0.0,274.54284,68.635709,0.0,137.27142,240.22498,0.0,602.1186
2022-01-03 13:00:00,0.0,342.75273,85.688182,0.0,171.37636,299.90864,0.0,511.0
2022-01-03 14:00:00,0.0,467.33665,116.83416,0.0,233.66833,408.91957,0.0,344.7571
2022-01-03 15:00:00,0.0,715.4926,142.85714,0.0,357.7463,500.0,0.0,176.06869999999998
2022-01-03 16:00:00,0.0,1044.37,142.85714,0.0,522.185,500.0,0.0,0.0
2022-01-03 17:00:00,0.0,1076.39,142.85714,0.0,538.195,500.0,0.0,0.0
2022-01-03 18:00:00,0.0,1285.41,142.85714,0.0,642.705,500.0,0.0,0.0
2022-01-03 19:00:00,0.0,1140.35,142.85714,0.0,570.175,500.0,0.0,0.0
2022-01-03 20:00:00,0.0,1199.39,142.85714,0.0,599.695,500.0,0.0,0.0
2022-01-03 21:00:00,0.0,1031.59,142.85714,0.0,515.795,500.0,0.0,0.0
2022-01-03 22:00:00,0.0,1036.05,142.85714,0.0,518.025,500.0,0.0,0.0
2022-01-03 23:00:00,0.0,940.07,142.85714,0.0,470.035,500.0,0.0,0.0
2022-01-04 00:00:00,0.0,841.27,142.85714,0.0,420.635,500.0,0.0,0.0
2022-01-04 01:00:00,0.0,776.77,142.85714,0.0,388.385,500.0,0.0,0.0
2022-01-04 02:00:00,0.0,753.63,142.85714,0.0,376.815,500.0,0.0,0.0
2022-01-04 03:00:00,0.0,741.11,142.85714,0.0,370.555,500.0,0.0,0.0
2022-01-04 04:00:00,0.0,808.53,142.85714,0.0,404.265,500.0,0.0,0.0
2022-01-04 05:00:00,0.0,836.71,142.85714,0.0,418.355,500.0,0.0,0.0
2022-01-04 06:00:00,0.0,1019.53,142.85714,0.0,509.765,500.0,0.0,0.0
2022-01-04 07:00:00,0.0,991.5616,142.85714,0.0,495.7808,500.0,0.0,163.18419999999998
2022-01-04 08:00:00,0.0,504.25527,126.06382,0.0,252.12764,441.22336,0.0,361.934
2022-01-04 09:00:00,0.0,425.53593,106.38398,0.0,212.76796,372.34394,0.0,493.0931
2022-01-04 10:00:00,0.0,337.67753,84.419382,0.0,168.83876,295.46784,0.0,570.9184
2022-01-04 11:00:00,0.0,361.33884,90.334709,0.0,180.66942,316.17148,0.0,654.2040999999999
2022-01-04 12:00:00,0.0,356.97665,89.244164,0.0,178.48833,312.35457,0.0,598.4321
2022-01-04 13:00:00,0.0,412.64589,103.16147,0.0,206.32295,361.06515,0.0,504.08689999999996
2022-01-04 14:00:00,0.0,492.04211,123.01053,0.0,246.02105,430.53685,0.0,358.6271
2022-01-04 15:00:00,0.0,614.5236,142.85714,0.0,307.2618,500.0,0.0,191.14319999999998
2022-01-04 16:00:00,0.0,1025.81,142.85714,0.0,512.905,500.0,0.0,0.0
2022-01-04 17:00:00,0.0,1101.97,142.85714,0.0,550.985,500.0,0.0,0.0
2022-01-04 18:00:00,122.71,1442.12,142.85714,61.355,721.06,500.0,0.0,0.0
2022-01-04 19:00:00,0.0,1113.17,142.85714,0.0,556.585,500.0,0.0,0.0
2022-01-04 20:00:00,0.0,1283.17,142.85714,0.0,641.585,500.0,0.0,0.0
2022-01-04 21:00:00,0.0,1151.77,142.85714,0.0,575.885,500.0,0.0,0.0
2022-01-04 22:00:00,0.0,1087.81,142.85714,0.0,543.905,500.0,0.0,0.0
2022-01-04 23:00:00,0.0,980.03,142.85714,0.0,490.015,500.0,0.0,0.0
2022-01-05 00:00:00,0.0,904.43,142.85714,0.0,452.215,500.0,0.0,0.0
2022-01-05 01:00:00,0.0,824.83,142.85714,0.0,412.415,500.0,0.0,0.0
2022-01-05 02:00:00,0.0,775.83,142.85714,0.0,387.915,500.0,0.0,0.0
2022-01-05 03:00:00,0.0,782.13,142.85714,0.0,391.065,500.0,0.0,0.0
2022-01-05 04:00:00,0.0,802.49,142.85714,0.0,401.245,500.0,0.0,0.0
2022-01-05 05:00:00,0.0,806.61,142.85714,0.0,403.305,500.0,0.0,0.0
2022-01-05 06:00:00,0.0,980.37,142.85714,0.0,490.185,500.0,0.0,0.0
2022-01-05 07:00:00,0.0,832.6546,142.85714,0.0,416.3273,500.0,0.0,185.0477
2022-01-05 08:00:00,0.0,510.47425,127.61856,0.0,255.23713,446.66497,0.0,369.18289999999996
2022-01-05 09:00:00,0.0,407.64735,101.91184,0.0,203.82367,356.69143,0.0,501.9698999999999
2022-01-05 10:00:00,0.0,411.13324,102.78331,0.0,205.56662,359.74158,0.0,597.9867999999999
2022-01-05 11:00:00,0.0,372.03302,93.008255,0.0,186.01651,325.52889,0.0,670.5196
2022-01-05 12:00:00,0.0,348.28916,87.072291,0.0,174.14458,304.75302,0.0,605.4474
2022-01-05 13:00:00,0.0,443.68662,110.92165,0.0,221.84331,388.22579,0.0,490.4359
2022-01-05 14:00:00,0.0,536.4368,134.1092,0.0,268.2184,469.3822,0.0,368.85439999999994
2022-01-05 15:00:00,0.0,755.8362,142.85714,0.0,377.9181,500.0,0.0,196.02689999999998
2022-01-05 16:00:00,0.0,1274.47,142.85714,0.0,637.235,500.0,0.0,0.0
2022-01-05 17:00:00,0.0,1247.47,142.85714,0.0,623.735,500.0,0.0,0.0
2022-01-05 18:00:00,0.0,1442.12,227.81169,0.0,721.06,500.0,84.105,0.0
2022-01-05 19:00:00,0.0,1314.87,142.85714,0.0,657.435,500.0,0.0,0.0
2022-01-05 20:00:00,0.0,1209.45,142.85714,0.0,604.725,500.0,0.0,0.0
2022-01-05 21:00:00,0.0,1223.05,142.85714,0.0,611.525,500.0,0.0,0.0
2022-01-05 22:00:00,0.0,1350.59,142.85714,0.0,675.295,500.0,0.0,0.0
2022-01-05 23:00:00,0.0,1182.39,142.85714,0.0,591.195,500.0,0.0,0.0
2022-01-06 00:00:00,0.0,1150.63,142.85714,0.0,575.315,500.0,0.0,0.0
2022-01-06 01:00:00,0.0,1094.45,142.85714,0.0,547.225,500.0,0.0,0.0
2022-01-06 02:00:00,0.0,1106.83,142.85714,0.0,553.415,500.0,0.0,0.0
2022-01-06 03:00:00,0.0,1147.63,142.85714,0.0,573.815,500.0,0.0,0.0
2022-01-06 04:00:00,0.0,1185.99,142.85714,0.0,592.995,500.0,0.0,0.0
2022-01-06 05:00:00,0.0,1212.77,142.85714,0.0,606.385,500.0,0.0,0.0
2022-01-06 06:00:00,0.0,1249.33,142.85714,0.0,624.665,500.0,0.0,0.0
2022-01-06 07:00:00,0.0,1321.9084,142.85714,0.0,660.9542,500.0,0.0,31.360799999999994
2022-01-06 08:00:00,0.0,1260.0788,142.85714,0.0,630.0394,500.0,0.0,99.0756
2022-01-06 09:00:00,0.0,1020.7704,142.85714,0.0,510.3852,500.0,0.0,311.89979999999997
2022-01-06 10:00:00,0.0,957.4768,142.85714,0.0,478.7384,500.0,0.0,361.65659999999997
2022-01-06 11:00:00,309.2858,1442.12,142.85714,154.6429,721.06,500.0,0.0,129.0421
2022-01-06 12:00:00,94.8484,1442.12,142.85714,47.4242,721.06,500.0,0.0,113.8508
2022-01-06 13:00:00,0.0,1361.0566,142.85714,0.0,680.5283,500.0,0.0,140.73669999999998
2022-01-06 14:00:00,30.5986,1442.12,142.85714,15.2993,721.06,500.0,0.0,42.405699999999996
2022-01-06 15:00:00,0.0,1385.077,142.85714,0.0,692.5385,500.0,0.0,89.8265
2022-01-06 16:00:00,141.63,1442.12,142.85714,70.815,721.06,500.0,0.0,0.0
2022-01-06 17:00:00,174.45,1442.12,142.85714,87.225,721.06,500.0,0.0,0.0
2022-01-06 18:00:00,466.48,1442.12,172.75108,233.24,721.06,500.0,29.595,0.0
2022-01-06 19:00:00,301.07,1442.12,142.85714,150.535,721.06,500.0,0.0,0.0
2022-01-06 20:00:00,179.05,1442.12,142.85714,89.525,721.06,500.0,0.0,0.0
2022-01-06 21:00:00,186.27,1442.12,142.85714,93.135,721.06,500.0,0.0,0.0
2022-01-06 22:00:00,0.0,1442.12,179.48846,0.0,721.06,500.0,36.265,0.0
2022-01-06 23:00:00,0.0,1442.12,208.68038,0.0,721.06,500.0,65.165,0.0
2022-01-07 00:00:00,0.0,1442.12,149.71068,0.0,721.06,500.0,6.785,0.0
2022-01-07 01:00:00,0.0,1396.69,142.85714,0.0,698.345,500.0,0.0,0.0
2022-01-07 02:00:00,0.0,1373.09,142.85714,0.0,686.545,500.0,0.0,0.0
2022-01-07 03:00:00,0.0,1376.91,142.85714,0.0,688.455,500.0,0.0,0.0
2022-01-07 04:00:00,0.0,1376.91,142.85714,0.0,688.455,500.0,0.0,0.0
2022-01-07 05:00:00,0.0,1387.11,142.85714,0.0,693.555,500.0,0.0,0.0
2022-01-07 06:00:00,0.0,1401.95,142.85714,0.0,700.975,500.0,0.0,0.0
2022-01-07 07:00:00,0.0,1442.12,161.91189,0.0,721.06,500.0,18.8642,37.9308
2022-01-07 08:00:00,0.0,1322.6272,142.85714,0.0,661.3136,500.0,0.0,137.3714
2022-01-07 09:00:00,0.0,1442.12,160.12755,0.0,721.06,500.0,17.0977,110.2373
2022-01-07 10:00:00,0.0,1442.12,230.97613,0.0,721.06,500.0,87.2378,117.99719999999999
2022-01-07 11:00:00,0.0,1442.12,347.55573,0.0,721.06,500.0,202.6516,58.82339999999999
2022-01-07 12:00:00,0.0,1442.12,179.34593,0.0,721.06,500.0,36.1239,75.24109999999999
2022-01-07 13:00:00,0.0,1418.749,142.85714,0.0,709.3745,500.0,0.0,91.8705
2022-01-07 14:00:00,0.0,1441.384,142.85714,0.0,720.692,500.0,0.0,31.463
2022-01-07 15:00:00,0.0,1442.12,238.58048,0.0,721.06,500.0,94.7661,11.6289
2022-01-07 16:00:00,0.0,1442.12,210.21573,0.0,721.06,500.0,66.685,0.0
2022-01-07 17:00:00,169.13,1442.12,142.85714,84.565,721.06,500.0,0.0,0.0
2022-01-07 18:00:00,466.48,1442.12,146.01371,233.24,721.06,500.0,3.125,0.0
2022-01-07 19:00:00,75.93,1442.12,142.85714,37.965,721.06,500.0,0.0,0.0
2022-01-07 20:00:00,57.13,1442.12,142.85714,28.565,721.06,500.0,0.0,0.0
2022-01-07 21:00:00,0.0,1390.05,142.85714,0.0,695.025,500.0,0.0,0.0
2022-01-07 22:00:00,0.0,1267.65,142.85714,0.0,633.825,500.0,0.0,0.0
2022-01-07 23:00:00,0.0,1194.43,142.85714,0.0,597.215,500.0,0.0,0.0
2022-01-08 00:00:00,0.0,1089.65,142.85714,0.0,544.825,500.0,0.0,0.0
2022-01-08 01:00:00,0.0,1110.05,142.85714,0.0,555.025,500.0,0.0,0.0
2022-01-08 02:00:00,0.0,1101.09,142.85714,0.0,550.545,500.0,0.0,0.0
2022-01-08 03:00:00,0.0,1092.49,142.85714,0.0,546.245,500.0,0.0,0.0
2022-01-08 04:00:00,0.0,1154.85,142.85714,0.0,577.425,500.0,0.0,0.0
2022-01-08 05:00:00,0.0,1259.49,142.85714,0.0,629.745,500.0,0.0,0.0
2022-01-08 06:00:00,0.0,1442.12,229.82179,0.0,721.06,500.0,86.095,0.0
2022-01-08 07:00:00,0.0,1442.12,335.00442,0.0,721.06,500.0,190.2258,42.3692
2022-01-08 08:00:00,0.0,1296.7294,142.85714,0.0,648.3647,500.0,0.0,103.0103
2022-01-08 09:00:00,0.0,1286.7608,142.85714,0.0,643.3804,500.0,0.0,54.0346
2022-01-08 10:00:00,0.0,1298.324,142.85714,0.0,649.162,500.0,0.0,31.463
2022-01-08 11:00:00,0.0,1203.57,142.85714,0.0,601.785,500.0,0.0,153.3
2022-01-08 12:00:00,0.0,1041.4584,142.85714,0.0,520.7292,500.0,0.0,121.5158
2022-01-08 13:00:00,0.0,1024.0026,142.85714,0.0,512.0013,500.0,0.0,79.3437
2022-01-08 14:00:00,0.0,506.91796,126.72949,0.0,253.45898,443.55322,0.0,368.9128
2022-01-08 15:00:00,0.0,1036.781,142.85714,0.0,518.3905,500.0,0.0,98.2945
2022-01-08 16:00:00,0.0,1301.37,142.85714,0.0,650.685,500.0,0.0,0.0
2022-01-08 17:00:00,0.0,1442.12,153.17532,0.0,721.06,500.0,10.215,0.0
2022-01-08 18:00:00,0.0,1442.12,300.55916,0.0,721.06,500.0,156.125,0.0
2022-01-08 19:00:00,0.0,1442.12,236.07431,0.0,721.06,500.0,92.285,0.0
2022-01-08 20:00:00,0.0,1442.12,209.26623,0.0,721.06,500.0,65.745,0.0
2022-01-08 21:00:00,0.0,1442.12,177.74098,0.0,721.06,500.0,34.535,0.0
2022-01-08 22:00:00,0.0,1404.21,142.85714,0.0,702.105,500.0,0.0,0.0
2022-01-08 23:00:00,0.0,1192.41,142.85714,0.0,596.205,500.0,0.0,0.0
2022-01-09 00:00:00,0.0,1089.61,142.85714,0.0,544.805,500.0,0.0,0.0
2022-01-09 01:00:00,0.0,1092.79,142.85714,0.0,546.395,500.0,0.0,0.0
2022-01-09 02:00:00,0.0,1017.39,142.85714,0.0,508.695,500.0,0.0,0.0
2022-01-09 03:00:00,0.0,880.55327,220.13832,0.0,440.27664,500.0,76.508364,0.0
2022-01-09 04:00:00,0.0,892.19207,223.04802,0.0,446.09603,500.0,79.388966,0.0
2022-01-09 05:00:00,0.0,945.70377,236.42594,0.0,472.85189,500.0,92.633113,0.0
2022-01-09 06:00:00,0.0,1442.12,175.9733,0.0,721.06,500.0,32.785,0.0
2022-01-09 07:00:00,0.0,1442.12,219.22613,0.0,721.06,500.0,75.6053,115.2597
2022-01-09 08:00:00,0.0,675.8476,142.85714,0.0,337.9238,500.0,0.0,360.2112
2022-01-09 09:00:00,0.0,886.232,142.85714,0.0,443.116,500.0,0.0,209.72900000000004
2022-01-09 10:00:00,0.0,801.977,142.85714,0.0,400.9885,500.0,0.0,285.4665
2022-01-09 11:00:00,0.0,1271.0508,142.85714,0.0,635.5254,500.0,0.0,59.509600000000006
2022-01-09 12:00:00,0.0,733.6558,142.85714,0.0,366.8279,500.0,0.0,266.64709999999997
2022-01-09 13:00:00,0.0,1100.4288,142.85714,0.0,550.2144,500.0,0.0,41.0406
2022-01-09 14:00:00,0.0,880.1684,142.85714,0.0,440.0842,500.0,0.0,141.5908
2022-01-09 15:00:00,0.0,880.049,142.85714,0.0,440.0245,500.0,0.0,208.6705
2022-01-09 16:00:00,0.0,1406.25,142.85714,0.0,703.125,500.0,0.0,0.0
2022-01-09 17:00:00,33.99,1442.12,142.85714,16.995,721.06,500.0,0.0,0.0
2022-01-09 18:00:00,390.45,1442.12,142.85714,195.225,721.06,500.0,0.0,0.0
2022-01-09 19:00:00,181.25,1442.12,142.85714,90.625,721.06,500.0,0.0,0.0
2022-01-09 20:00:00,122.61,1442.12,142.85714,61.305,721.06,500.0,0.0,0.0
2022-01-09 21:00:00,194.31,1442.12,142.85714,97.155,721.06,500.0,0.0,0.0
2022-01-09 22:00:00,138.49,1442.12,142.85714,69.245,721.06,500.0,0.0,0.0
2022-01-09 23:00:00,0.0,1386.01,142.85714,0.0,693.005,500.0,0.0,0.0
2022-01-10 00:00:00,0.0,1300.27,142.85714,0.0,650.135,500.0,0.0,0.0
2022-01-10 01:00:00,0.0,1255.77,142.85714,0.0,627.885,500.0,0.0,0.0
2022-01-10 02:00:00,0.0,1277.15,142.85714,0.0,638.575,500.0,0.0,0.0
2022-01-10 03:00:00,0.0,1307.15,142.85714,0.0,653.575,500.0,0.0,0.0
2022-01-10 04:00:00,0.0,1310.23,142.85714,0.0,655.115,500.0,0.0,0.0
2022-01-10 05:00:00,0.0,1431.71,142.85714,0.0,715.855,500.0,0.0,0.0
2022-01-10 06:00:00,400.67,1442.12,142.85714,200.335,721.06,500.0,0.0,0.0
2022-01-10 07:00:00,466.48,1442.12,209.79644,233.24,721.06,500.0,66.2699,12.315100000000001
2022-01-10 08:00:00,236.2886,1442.12,142.85714,118.1443,721.06,500.0,0.0,47.8807
2022-01-10 09:00:00,0.0,1442.12,135.603,0.0,721.06,474.6105,0.0,99.0245
2022-01-10 10:00:00,0.0,1442.12,122.85403,0.0,721.06,429.9891,0.0,145.14589999999998
2022-01-10 11:00:00,126.7958,1442.12,142.85714,63.3979,721.06,500.0,0.0,62.247099999999996
2022-01-10 12:00:00,0.0,1442.12,124.20869,0.0,721.06,434.7304,0.0,64.9846
2022-01-10 13:00:00,0.0,1442.12,125.61409,0.0,721.06,439.6493,0.0,42.405699999999996
2022-01-10 14:00:00,0.0,1442.12,141.10494,0.0,721.06,493.8673,0.0,16.4177
2022-01-10 15:00:00,0.0,1442.12,94.352257,0.0,721.06,330.2329,0.0,177.9521
2022-01-10 16:00:00,38.37,1442.12,142.85714,19.185,721.06,500.0,0.0,0.0
2022-01-10 17:00:00,114.71,1442.12,142.85714,57.355,721.06,500.0,0.0,0.0
2022-01-10 18:00:00,420.89,1442.12,142.85714,210.445,721.06,500.0,0.0,0.0
2022-01-10 19:00:00,131.39,1442.12,142.85714,65.695,721.06,500.0,0.0,0.0
2022-01-10 20:00:00,67.35,1442.12,142.85714,33.675,721.06,500.0,0.0,0.0
2022-01-10 21:00:00,103.09,1442.12,142.85714,51.545,721.06,500.0,0.0,0.0
2022-01-10 22:00:00,0.0,1423.53,142.85714,0.0,711.765,500.0,0.0,0.0
2022-01-10 23:00:00,0.0,1249.87,142.85714,0.0,624.935,500.0,0.0,0.0
2022-01-11 00:00:00,0.0,1186.69,142.85714,0.0,593.345,500.0,0.0,0.0
2022-01-11 01:00:00,0.0,1159.21,142.85714,0.0,579.605,500.0,0.0,0.0
2022-01-11 02:00:00,0.0,1163.27,142.85714,0.0,581.635,500.0,0.0,0.0
2022-01-11 03:00:00,0.0,1192.69,142.85714,0.0,596.345,500.0,0.0,0.0
2022-01-11 04:00:00,0.0,1204.89,142.85714,0.0,602.445,500.0,0.0,0.0
2022-01-11 05:00:00,0.0,1290.73,142.85714,0.0,645.365,500.0,0.0,0.0
2022-01-11 06:00:00,260.61,1442.12,142.85714,130.305,721.06,500.0,0.0,0.0
2022-01-11 07:00:00,309.348,1442.12,142.85714,154.674,721.06,500.0,0.0,66.211
2022-01-11 08:00:00,0.0,1442.12,72.367171,0.0,721.06,253.2851,0.0,255.9599
2022-01-11 09:00:00,0.0,1442.12,97.906314,0.0,721.06,342.6721,0.0,111.49289999999998
2022-01-11 10:00:00,0.0,1243.7834,142.85714,0.0,621.8917,500.0,0.0,51.98329999999999
2022-01-11 11:00:00,0.0,1289.308,142.85714,0.0,644.654,500.0,0.0,68.401
2022-01-11 12:00:00,0.0,988.1834,142.85714,0.0,494.0917,500.0,0.0,123.52330000000002
2022-01-11 13:00:00,0.0,1021.4936,142.85714,0.0,510.7468,500.0,0.0,100.2582
2022-01-11 14:00:00,0.0,1077.7316,142.85714,0.0,538.8658,500.0,0.0,32.1492
2022-01-11 15:00:00,0.0,1201.8696,142.85714,0.0,600.9348,500.0,0.0,13.6802
2022-01-11 16:00:00,0.0,1240.03,142.85714,0.0,620.015,500.0,0.0,0.0
2022-01-11 17:00:00,0.0,1442.12,130.10143,0.0,721.06,455.355,0.0,0.0
2022-01-11 18:00:00,262.17,1442.12,142.85714,131.085,721.06,500.0,0.0,0.0
2022-01-11 19:00:00,0.0,1442.12,141.90429,0.0,721.06,496.665,0.0,0.0
2022-01-11 20:00:00,45.75,1442.12,142.85714,22.875,721.06,500.0,0.0,0.0
2022-01-11 21:00:00,26.21,1442.12,142.85714,13.105,721.06,500.0,0.0,0.0
2022-01-11 22:00:00,0.0,1300.99,142.85714,0.0,650.495,500.0,0.0,0.0
2022-01-11 23:00:00,0.0,1116.63,142.85714,0.0,558.315,500.0,0.0,0.0
2022-01-12 00:00:00,0.0,988.29,142.85714,0.0,494.145,500.0,0.0,0.0
2022-01-12 01:00:00,0.0,1001.91,142.85714,0.0,500.955,500.0,0.0,0.0
2022-01-12 02:00:00,0.0,1015.29,142.85714,0.0,507.645,500.0,0.0,0.0
2022-01-12 03:00:00,0.0,1004.33,142.85714,0.0,502.165,500.0,0.0,0.0
2022-01-12 04:00:00,0.0,1050.09,142.85714,0.0,525.045,500.0,0.0,0.0
2022-01-12 05:00:00,0.0,1109.33,142.85714,0.0,554.665,500.0,0.0,0.0
2022-01-12 06:00:00,114.31,1442.12,142.85714,57.155,721.06,500.0,0.0,0.0
2022-01-12 07:00:00,116.6078,1442.12,142.85714,58.3039,721.06,500.0,0.0,124.88109999999998
2022-01-12 08:00:00,0.0,1442.12,131.29797,0.0,721.06,459.5429,0.0,56.77210000000001
2022-01-12 09:00:00,0.0,1199.9158,142.85714,0.0,599.9579,500.0,0.0,62.247099999999996
2022-01-12 10:00:00,0.0,1185.87,142.85714,0.0,592.935,500.0,0.0,86.87
2022-01-12 11:00:00,0.0,1276.8524,142.85714,0.0,638.4262,500.0,0.0,91.6588
2022-01-12 12:00:00,0.0,1020.6822,142.85714,0.0,510.3411,500.0,0.0,118.5739
2022-01-12 13:00:00,0.0,1175.7662,142.85714,0.0,587.8831,500.0,0.0,43.0919
2022-01-12 14:00:00,0.0,1202.4892,142.85714,0.0,601.2446,500.0,0.0,27.3604
2022-01-12 15:00:00,0.0,1192.1518,142.85714,0.0,596.0759,500.0,0.0,25.3091
2022-01-12 16:00:00,0.0,1345.31,142.85714,0.0,672.655,500.0,0.0,0.0
2022-01-12 17:00:00,0.0,1428.31,142.85714,0.0,714.155,500.0,0.0,0.0
2022-01-12 18:00:00,288.85,1442.12,142.85714,144.425,721.06,500.0,0.0,0.0
2022-01-12 19:00:00,61.09,1442.12,142.85714,30.545,721.06,500.0,0.0,0.0
2022-01-12 20:00:00,0.0,1398.01,142.85714,0.0,699.005,500.0,0.0,0.0
2022-01-12 21:00:00,0.0,1431.07,142.85714,0.0,715.535,500.0,0.0,0.0
2022-01-12 22:00:00,0.0,1267.31,142.85714,0.0,633.655,500.0,0.0,0.0
2022-01-12 23:00:00,0.0,1223.51,142.85714,0.0,611.755,500.0,0.0,0.0
2022-01-13 00:00:00,0.0,1191.15,142.85714,0.0,595.575,500.0,0.0,0.0
2022-01-13 01:00:00,0.0,1113.59,142.85714,0.0,556.795,500.0,0.0,0.0
2022-01-13 02:00:00,0.0,1081.31,142.85714,0.0,540.655,500.0,0.0,0.0
2022-01-13 03:00:00,0.0,1075.11,142.85714,0.0,537.555,500.0,0.0,0.0
2022-01-13 04:00:00,0.0,1091.25,142.85714,0.0,545.625,500.0,0.0,0.0
2022-01-13 05:00:00,0.0,1077.61,142.85714,0.0,538.805,500.0,0.0,0.0
2022-01-13 06:00:00,0.0,1144.61,142.85714,0.0,572.305,500.0,0.0,0.0
2022-01-13 07:00:00,0.0,1254.4492,142.85714,0.0,627.2246,500.0,0.0,29.550399999999993
2022-01-13 08:00:00,0.0,1209.9614,142.85714,0.0,604.9807,500.0,0.0,44.464299999999994
2022-01-13 09:00:00,0.0,1295.735,142.85714,0.0,647.8675,500.0,0.0,93.2575
2022-01-13 10:00:00,0.0,1337.4448,142.85714,0.0,668.7224,500.0,0.0,161.0526
2022-01-13 11:00:00,0.0,1309.8198,142.85714,0.0,654.9099,500.0,0.0,274.38509999999997
2022-01-13 12:00:00,0.0,1442.12,184.23411,0.0,721.06,500.0,40.9632,36.251799999999996
2022-01-13 13:00:00,0.0,1333.3776,142.85714,0.0,666.6888,500.0,0.0,87.5562
2022-01-13 14:00:00,0.0,988.0418,142.85714,0.0,494.0209,500.0,0.0,173.8641
2022-01-13 15:00:00,0.0,1179.6276,142.85714,0.0,589.8138,500.0,0.0,76.24119999999999
2022-01-13 16:00:00,97.17,1442.12,142.85714,48.585,721.06,500.0,0.0,0.0
2022-01-13 17:00:00,0.0,1405.65,142.85714,0.0,702.825,500.0,0.0,0.0
2022-01-13 18:00:00,272.37,1442.12,142.85714,136.185,721.06,500.0,0.0,0.0
2022-01-13 19:00:00,17.57,1442.12,142.85714,8.785,721.06,500.0,0.0,0.0
2022-01-13 20:00:00,0.0,1345.83,142.85714,0.0,672.915,500.0,0.0,0.0
2022-01-13 21:00:00,0.0,1280.39,142.85714,0.0,640.195,500.0,0.0,0.0
2022-01-13 22:00:00,0.0,1221.37,142.85714,0.0,610.685,500.0,0.0,0.0
2022-01-13 23:00:00,0.0,1148.75,142.85714,0.0,574.375,500.0,0.0,0.0
2022-01-14 00:00:00,0.0,1035.53,142.85714,0.0,517.765,500.0,0.0,0.0
2022-01-14 01:00:00,0.0,1041.93,142.85714,0.0,520.965,500.0,0.0,0.0
2022-01-14 02:00:00,0.0,1020.25,142.85714,0.0,510.125,500.0,0.0,0.0
2022-01-14 03:00:00,0.0,1022.59,142.85714,0.0,511.295,500.0,0.0,0.0
2022-01-14 04:00:00,0.0,1024.13,142.85714,0.0,512.065,500.0,0.0,0.0
2022-01-14 05:00:00,0.0,1033.71,142.85714,0.0,516.855,500.0,0.0,0.0
2022-01-14 06:00:00,0.0,1033.71,142.85714,0.0,516.855,500.0,0.0,0.0
2022-01-14 07:00:00,0.0,795.0698,142.85714,0.0,397.5349,500.0,0.0,195.9101
2022-01-14 08:00:00,0.0,559.11709,139.77927,0.0,279.55855,489.22745,0.0,365.949
2022-01-14 09:00:00,0.0,498.14342,124.53585,0.0,249.07171,435.87549,0.0,510.8978
2022-01-14 10:00:00,0.0,529.22793,132.30698,0.0,264.61396,463.07444,0.0,640.5165999999999
2022-01-14 11:00:00,0.0,467.04589,116.76147,0.0,233.52295,408.66515,0.0,687.3169
2022-01-14 12:00:00,0.0,410.2648,102.5662,0.0,205.1324,358.9817,0.0,644.1009
2022-01-14 13:00:00,0.0,551.09316,137.77329,0.0,275.54658,482.20652,0.0,489.1219
2022-01-14 14:00:00,0.0,560.4448,140.1112,0.0,280.2224,490.3892,0.0,423.0934
2022-01-14 15:00:00,0.0,991.963,142.85714,0.0,495.9815,500.0,0.0,232.1035
2022-01-14 16:00:00,74.15,1442.12,142.85714,37.075,721.06,500.0,0.0,0.0
2022-01-14 17:00:00,138.95,1442.12,142.85714,69.475,721.06,500.0,0.0,0.0
2022-01-14 18:00:00,457.81,1442.12,142.85714,228.905,721.06,500.0,0.0,0.0
2022-01-14 19:00:00,279.25,1442.12,142.85714,139.625,721.06,500.0,0.0,0.0
2022-01-14 20:00:00,147.85,1442.12,142.85714,73.925,721.06,500.0,0.0,0.0
2022-01-14 21:00:00,73.81,1442.12,142.85714,36.905,721.06,500.0,0.0,0.0
2022-01-14 22:00:00,50.09,1442.12,142.85714,25.045,721.06,500.0,0.0,0.0
2022-01-14 23:00:00,0.0,1350.23,142.85714,0.0,675.115,500.0,0.0,0.0
2022-01-15 00:00:00,0.0,1194.99,142.85714,0.0,597.495,500.0,0.0,0.0
2022-01-15 01:00:00,0.0,1217.53,142.85714,0.0,608.765,500.0,0.0,0.0
2022-01-15 02:00:00,0.0,1207.83,142.85714,0.0,603.915,500.0,0.0,0.0
2022-01-15 03:00:00,0.0,1190.11,142.85714,0.0,595.055,500.0,0.0,0.0
2022-01-15 04:00:00,0.0,1214.17,142.85714,0.0,607.085,500.0,0.0,0.0
2022-01-15 05:00:00,0.0,1324.81,142.85714,0.0,662.405,500.0,0.0,0.0
2022-01-15 06:00:00,0.0,1442.12,344.56926,0.0,721.06,500.0,199.695,0.0
2022-01-15 07:00:00,197.992,1442.12,142.85714,98.996,721.06,500.0,0.0,126.509
2022-01-15 08:00:00,0.0,862.2394,142.85714,0.0,431.1197,500.0,0.0,314.3453
2022-01-15 09:00:00,0.0,544.35084,136.08771,0.0,272.17542,476.30698,0.0,512.9126
2022-01-15 10:00:00,0.0,458.56015,114.64004,0.0,229.28007,401.24013,0.0,608.6447999999999
2022-01-15 11:00:00,0.0,446.07004,111.51751,0.0,223.03502,390.31128,0.0,652.0287
2022-01-15 12:00:00,0.0,422.54633,105.63658,0.0,211.27316,369.72804,0.0,623.4637999999999
2022-01-15 13:00:00,0.0,568.47796,142.11949,0.0,284.23898,497.41822,0.0,448.8478
2022-01-15 14:00:00,0.0,1144.9184,142.85714,0.0,572.4592,500.0,0.0,126.6258
2022-01-15 15:00:00,0.0,1107.1518,142.85714,0.0,553.5759,500.0,0.0,121.66909999999999
2022-01-15 16:00:00,63.19,1442.12,142.85714,31.595,721.06,500.0,0.0,0.0
2022-01-15 17:00:00,150.93,1442.12,142.85714,75.465,721.06,500.0,0.0,0.0
2022-01-15 18:00:00,466.48,1442.12,157.8824,233.24,721.06,500.0,14.875,0.0
2022-01-15 19:00:00,313.29,1442.12,142.85714,156.645,721.06,500.0,0.0,0.0
2022-01-15 20:00:00,288.03,1442.12,142.85714,144.015,721.06,500.0,0.0,0.0
2022-01-15 21:00:00,225.07,1442.12,142.85714,112.535,721.06,500.0,0.0,0.0
2022-01-15 22:00:00,45.09,1442.12,142.85714,22.545,721.06,500.0,0.0,0.0
2022-01-15 23:00:00,0.0,1267.85,142.85714,0.0,633.925,500.0,0.0,0.0
2022-01-16 00:00:00,0.0,1165.67,142.85714,0.0,582.835,500.0,0.0,0.0
2022-01-16 01:00:00,0.0,1135.03,142.85714,0.0,567.515,500.0,0.0,0.0
2022-01-16 02:00:00,0.0,1101.05,142.85714,0.0,550.525,500.0,0.0,0.0
2022-01-16 03:00:00,0.0,1087.33,142.85714,0.0,543.665,500.0,0.0,0.0
2022-01-16 04:00:00,0.0,1089.77,142.85714,0.0,544.885,500.0,0.0,0.0
2022-01-16 05:00:00,0.0,1205.45,142.85714,0.0,602.725,500.0,0.0,0.0
2022-01-16 06:00:00,0.0,1442.12,214.00361,0.0,721.06,500.0,70.435,0.0
2022-01-16 07:00:00,0.0,1442.12,260.33583,0.0,721.06,500.0,116.3039,81.08109999999999
2022-01-16 08:00:00,0.0,938.5392,142.85714,0.0,469.2696,500.0,0.0,205.84539999999996
2022-01-16 09:00:00,0.0,827.4846,142.85714,0.0,413.7423,500.0,0.0,213.88269999999994
2022-01-16 10:00:00,0.0,696.4274,142.85714,0.0,348.2137,500.0,0.0,332.0113
2022-01-16 11:00:00,0.0,457.74778,114.43695,0.0,228.87389,400.52931,0.0,561.1217999999999
2022-01-16 12:00:00,0.0,444.54996,111.13749,0.0,222.27498,388.98122,0.0,536.9587999999999
2022-01-16 13:00:00,0.0,859.194,142.85714,0.0,429.597,500.0,0.0,222.35799999999998
2022-01-16 14:00:00,0.0,1075.666,142.85714,0.0,537.833,500.0,0.0,129.502
2022-01-16 15:00:00,0.0,1121.2472,142.85714,0.0,560.6236,500.0,0.0,101.6014
2022-01-16 16:00:00,0.0,1306.63,142.85714,0.0,653.315,500.0,0.0,0.0
2022-01-16 17:00:00,0.0,1389.63,142.85714,0.0,694.815,500.0,0.0,0.0
2022-01-16 18:00:00,0.0,1442.12,299.98341,0.0,721.06,500.0,155.555,0.0
2022-01-16 19:00:00,0.0,1442.12,181.87229,0.0,721.06,500.0,38.625,0.0
2022-01-16 20:00:00,0.0,1442.12,186.82179,0.0,721.06,500.0,43.525,0.0
2022-01-16 21:00:00,0.0,1442.12,187.9127,0.0,721.06,500.0,44.605,0.0
2022-01-16 22:00:00,0.0,1419.11,142.85714,0.0,709.555,500.0,0.0,0.0
2022-01-16 23:00:00,0.0,1291.71,142.85714,0.0,645.855,500.0,0.0,0.0
2022-01-17 00:00:00,0.0,1182.53,142.85714,0.0,591.265,500.0,0.0,0.0
2022-01-17 01:00:00,0.0,1002.774,250.6935,0.0,501.387,500.0,106.758,0.0
2022-01-17 02:00:00,0.0,990.86765,247.71691,0.0,495.43383,500.0,103.81117,0.0
2022-01-17 03:00:00,0.0,992.45963,248.11491,0.0,496.22981,500.0,104.20519,0.0
2022-01-17 04:00:00,0.0,1010.7473,252.68681,0.0,505.37363,500.0,108.73137,0.0
2022-01-17 05:00:00,0.0,1105.8376,276.45939,0.0,552.91878,500.0,132.26622,0.0
2022-01-17 06:00:00,0.0,1442.12,307.01371,0.0,721.06,500.0,162.515,0.0
2022-01-17 07:00:00,0.0,1442.12,298.46462,0.0,721.06,500.0,154.0514,81.2636
2022-01-17 08:00:00,0.0,1389.801,142.85714,0.0,694.9005,500.0,0.0,142.0945
2022-01-17 09:00:00,0.0,663.0144,142.85714,0.0,331.5072,500.0,0.0,424.0278
2022-01-17 10:00:00,0.0,426.93353,106.73338,0.0,213.46676,373.56684,0.0,635.2314
2022-01-17 11:00:00,0.0,447.95251,111.98813,0.0,223.97625,391.95845,0.0,660.0002999999999
2022-01-17 12:00:00,0.0,436.0912,109.0228,0.0,218.0456,381.5798,0.0,589.4896
2022-01-17 13:00:00,0.0,546.06967,136.51742,0.0,273.03484,477.81096,0.0,458.4692
2022-01-17 14:00:00,0.0,1086.113,142.85714,0.0,543.0565,500.0,0.0,149.2485
2022-01-17 15:00:00,0.0,998.9008,142.85714,0.0,499.4504,500.0,0.0,229.2346
2022-01-17 16:00:00,36.61,1442.12,142.85714,18.305,721.06,500.0,0.0,0.0
2022-01-17 17:00:00,155.41,1442.12,142.85714,77.705,721.06,500.0,0.0,0.0
2022-01-17 18:00:00,466.48,1442.12,197.17532,233.24,721.06,500.0,53.775,0.0
2022-01-17 19:00:00,320.21,1442.12,142.85714,160.105,721.06,500.0,0.0,0.0
2022-01-17 20:00:00,345.25,1442.12,142.85714,172.625,721.06,500.0,0.0,0.0
2022-01-17 21:00:00,279.45,1442.12,142.85714,139.725,721.06,500.0,0.0,0.0
2022-01-17 22:00:00,109.25,1442.12,142.85714,54.625,721.06,500.0,0.0,0.0
2022-01-17 23:00:00,0.0,1392.17,142.85714,0.0,696.085,500.0,0.0,0.0
2022-01-18 00:00:00,0.0,1299.19,142.85714,0.0,649.595,500.0,0.0,0.0
2022-01-18 01:00:00,0.0,1296.19,142.85714,0.0,648.095,500.0,0.0,0.0
2022-01-18 02:00:00,0.0,1337.79,142.85714,0.0,668.895,500.0,0.0,0.0
2022-01-18 03:00:00,0.0,1386.01,142.85714,0.0,693.005,500.0,0.0,0.0
2022-01-18 04:00:00,0.0,1373.45,142.85714,0.0,686.725,500.0,0.0,0.0
2022-01-18 05:00:00,0.0,1430.71,142.85714,0.0,715.355,500.0,0.0,0.0
2022-01-18 06:00:00,459.63,1442.12,142.85714,229.815,721.06,500.0,0.0,0.0
2022-01-18 07:00:00,466.48,1442.12,188.59623,233.24,721.06,500.0,45.2817,42.4933
2022-01-18 08:00:00,48.834,1442.12,142.85714,24.417,721.06,500.0,0.0,85.118
2022-01-18 09:00:00,0.0,532.768,133.192,0.0,266.384,466.172,0.0,541.879
2022-01-18 10:00:00,0.0,433.78233,108.44558,0.0,216.89116,379.55954,0.0,627.0043
2022-01-18 11:00:00,0.0,542.61062,135.65265,0.0,271.30531,474.78429,0.0,526.3154000000001
2022-01-18 12:00:00,0.0,421.97687,105.49422,0.0,210.98844,369.22976,0.0,575.3567999999999
2022-01-18 13:00:00,0.0,466.47404,116.61851,0.0,233.23702,408.16478,0.0,518.1832
2022-01-18 14:00:00,0.0,532.66567,133.16642,0.0,266.33284,466.08246,0.0,402.87969999999996
2022-01-18 15:00:00,0.0,939.946,142.85714,0.0,469.973,500.0,0.0,200.312
2022-01-18 16:00:00,0.0,1347.97,142.85714,0.0,673.985,500.0,0.0,0.0
2022-01-18 17:00:00,27.65,1442.12,142.85714,13.825,721.06,500.0,0.0,0.0
2022-01-18 18:00:00,312.27,1442.12,142.85714,156.135,721.06,500.0,0.0,0.0
2022-01-18 19:00:00,164.83,1442.12,142.85714,82.415,721.06,500.0,0.0,0.0
2022-01-18 20:00:00,129.99,1442.12,142.85714,64.995,721.06,500.0,0.0,0.0
2022-01-18 21:00:00,194.97,1442.12,142.85714,97.485,721.06,500.0,0.0,0.0
2022-01-18 22:00:00,136.73,1442.12,142.85714,68.365,721.06,500.0,0.0,0.0
2022-01-18 23:00:00,0.0,1442.12,162.28644,0.0,721.06,500.0,19.235,0.0
2022-01-19 00:00:00,0.0,1355.77,142.85714,0.0,677.885,500.0,0.0,0.0
2022-01-19 01:00:00,0.0,1357.35,142.85714,0.0,678.675,500.0,0.0,0.0
2022-01-19 02:00:00,0.0,1315.33,142.85714,0.0,657.665,500.0,0.0,0.0
2022-01-19 03:00:00,0.0,1284.11,142.85714,0.0,642.055,500.0,0.0,0.0
2022-01-19 04:00:00,0.0,1288.31,142.85714,0.0,644.155,500.0,0.0,0.0
2022-01-19 05:00:00,0.0,1401.47,142.85714,0.0,700.735,500.0,0.0,0.0
2022-01-19 06:00:00,310.53,1442.12,142.85714,155.265,721.06,500.0,0.0,0.0
2022-01-19 07:00:00,234.6272,1442.12,142.85714,117.3136,721.06,500.0,0.0,195.04139999999998
2022-01-19 08:00:00,0.0,958.4762,142.85714,0.0,479.2381,500.0,0.0,389.47689999999994
2022-01-19 09:00:00,0.0,525.52065,131.38016,0.0,262.76033,459.83057,0.0,543.9741
2022-01-19 10:00:00,0.0,441.39578,110.34895,0.0,220.69789,386.22131,0.0,610.6157999999999
2022-01-19 11:00:00,0.0,521.72487,130.43122,0.0,260.86244,456.50926,0.0,576.8532999999999
2022-01-19 12:00:00,0.0,479.79185,119.94796,0.0,239.89593,419.81787,0.0,530.3012
2022-01-19 13:00:00,0.0,836.0178,142.85714,0.0,418.0089,500.0,0.0,236.93610000000004
2022-01-19 14:00:00,0.0,1027.7638,142.85714,0.0,513.8819,500.0,0.0,152.1831
2022-01-19 15:00:00,0.0,1176.2616,142.85714,0.0,588.1308,500.0,0.0,111.35419999999999
2022-01-19 16:00:00,110.29,1442.12,142.85714,55.145,721.06,500.0,0.0,0.0
2022-01-19 17:00:00,0.0,1442.12,272.65007,0.0,721.06,500.0,128.495,0.0
2022-01-19 18:00:00,29.465189,1442.12,370.25351,14.732594,721.06,500.0,225.12241,0.0
2022-01-19 19:00:00,0.0,1442.12,305.56926,0.0,721.06,500.0,161.085,0.0
2022-01-19 20:00:00,0.0,1442.12,220.01371,0.0,721.06,500.0,76.385,0.0
2022-01-19 21:00:00,0.0,1442.12,228.86219,0.0,721.06,500.0,85.145,0.0
2022-01-19 22:00:00,0.0,1442.12,190.70058,0.0,721.06,500.0,47.365,0.0
2022-01-19 23:00:00,0.0,1442.12,148.09452,0.0,721.06,500.0,5.185,0.0
2022-01-20 00:00:00,0.0,1390.55,142.85714,0.0,695.275,500.0,0.0,0.0
2022-01-20 01:00:00,0.0,1398.57,142.85714,0.0,699.285,500.0,0.0,0.0
2022-01-20 02:00:00,0.0,1406.57,142.85714,0.0,703.285,500.0,0.0,0.0
2022-01-20 03:00:00,0.0,1384.41,142.85714,0.0,692.205,500.0,0.0,0.0
2022-01-20 04:00:00,0.0,1368.43,142.85714,0.0,684.215,500.0,0.0,0.0
2022-01-20 05:00:00,0.0,1372.45,142.85714,0.0,686.225,500.0,0.0,0.0
2022-01-20 06:00:00,0.0,1442.12,163.53896,0.0,721.06,500.0,20.475,0.0
2022-01-20 07:00:00,0.0,1307.8066,142.85714,0.0,653.9033,500.0,0.0,200.2317
2022-01-20 08:00:00,0.0,953.931,142.85714,0.0,476.9655,500.0,0.0,386.2795
2022-01-20 09:00:00,0.0,812.0776,142.85714,0.0,406.0388,500.0,0.0,543.8062
2022-01-20 10:00:00,0.0,667.6158,142.85714,0.0,333.8079,500.0,0.0,614.8571
2022-01-20 11:00:00,0.0,1385.3022,142.85714,0.0,692.6511,500.0,0.0,290.85389999999995
2022-01-20 12:00:00,0.0,559.53418,139.88355,0.0,279.76709,489.59241,0.0,534.6155
2022-01-20 13:00:00,0.0,1061.552,142.85714,0.0,530.776,500.0,0.0,233.08900000000003
2022-01-20 14:00:00,0.0,741.3668,142.85714,0.0,370.6834,500.0,0.0,385.3816
2022-01-20 15:00:00,0.0,1364.8106,142.85714,0.0,682.4053,500.0,0.0,159.0597
2022-01-20 16:00:00,0.0,1442.12,288.58947,0.0,721.06,500.0,144.275,0.0
2022-01-20 17:00:00,400.73,1442.12,142.85714,200.365,721.06,500.0,0.0,0.0
2022-01-20 18:00:00,466.48,1442.12,210.77128,233.24,721.06,500.0,67.235,0.0
2022-01-20 19:00:00,380.71,1442.12,142.85714,190.355,721.06,500.0,0.0,0.0
2022-01-20 20:00:00,0.0,1442.12,306.75108,0.0,721.06,500.0,162.255,0.0
2022-01-20 21:00:00,0.0,1442.12,277.55916,0.0,721.06,500.0,133.355,0.0
2022-01-20 22:00:00,0.0,1442.12,257.77128,0.0,721.06,500.0,113.765,0.0
2022-01-20 23:00:00,0.0,1442.12,253.84199,0.0,721.06,500.0,109.875,0.0
2022-01-21 00:00:00,0.0,1442.12,230.943,0.0,721.06,500.0,87.205,0.0
2022-01-21 01:00:00,0.0,1442.12,214.58947,0.0,721.06,500.0,71.015,0.0
2022-01-21 02:00:00,0.0,1442.12,196.32684,0.0,721.06,500.0,52.935,0.0
2022-01-21 03:00:00,0.0,1442.12,198.06421,0.0,721.06,500.0,54.655,0.0
2022-01-21 04:00:00,0.0,1442.12,208.52886,0.0,721.06,500.0,65.015,0.0
2022-01-21 05:00:00,0.0,1442.12,225.03391,0.0,721.06,500.0,81.355,0.0
2022-01-21 06:00:00,0.0,1442.12,240.34704,0.0,721.06,500.0,96.515,0.0
2022-01-21 07:00:00,350.7884,1442.12,142.85714,175.3942,721.06,500.0,0.0,30.630799999999997
2022-01-21 08:00:00,199.3796,1442.12,142.85714,99.6898,721.06,500.0,0.0,85.5852
2022-01-21 09:00:00,0.0,1268.17,142.85714,0.0,634.085,500.0,0.0,398.58
2022-01-21 10:00:00,213.6534,1442.12,142.85714,106.8267,721.06,500.0,0.0,214.4083
2022-01-21 11:00:00,441.378,1442.12,142.85714,220.689,721.06,500.0,0.0,73.876
2022-01-21 12:00:00,0.0,1375.7186,142.85714,0.0,687.8593,500.0,0.0,220.52569999999994
2022-01-21 13:00:00,58.9454,1442.12,142.85714,29.4727,721.06,500.0,0.0,70.45230000000001
2022-01-21 14:00:00,0.0,1020.4774,142.85714,0.0,510.2387,500.0,0.0,288.5763
2022-01-21 15:00:00,174.1794,1442.12,142.85714,87.0897,721.06,500.0,0.0,25.995300000000004
2022-01-21 16:00:00,274.31,1442.12,142.85714,137.155,721.06,500.0,0.0,0.0
2022-01-21 17:00:00,466.48,1442.12,161.44805,233.24,721.06,500.0,18.405,0.0
2022-01-21 18:00:00,251.40785,1442.12,443.49459,125.70393,721.06,500.0,297.63107,0.0
2022-01-21 19:00:00,11.453818,1442.12,364.30976,5.7269091,721.06,500.0,219.23809,0.0
2022-01-21 20:00:00,0.0,1442.12,333.98341,0.0,721.06,500.0,189.215,0.0
2022-01-21 21:00:00,0.0,1442.12,248.16522,0.0,721.06,500.0,104.255,0.0
2022-01-21 22:00:00,0.0,1442.12,251.18543,0.0,721.06,500.0,107.245,0.0
2022-01-21 23:00:00,0.0,1442.12,170.53896,0.0,721.06,500.0,27.405,0.0
2022-01-22 00:00:00,0.0,1428.75,142.85714,0.0,714.375,500.0,0.0,0.0
2022-01-22 01:00:00,0.0,1428.33,142.85714,0.0,714.165,500.0,0.0,0.0
2022-01-22 02:00:00,0.0,1442.12,144.27633,0.0,721.06,500.0,1.405,0.0
2022-01-22 03:00:00,0.0,1442.12,154.14502,0.0,721.06,500.0,11.175,0.0
2022-01-22 04:00:00,0.0,1442.12,176.24603,0.0,721.06,500.0,33.055,0.0
2022-01-22 05:00:00,0.0,1442.12,235.51876,0.0,721.06,500.0,91.735,0.0
2022-01-22 06:00:00,98.970451,1442.12,393.19025,49.485225,721.06,500.0,247.82977,0.0
2022-01-22 07:00:00,290.32886,1442.12,456.33852,145.16443,721.06,500.0,310.34657,31.974
2022-01-22 08:00:00,354.779,1442.12,142.85714,177.3895,721.06,500.0,0.0,39.6755
2022-01-22 09:00:00,0.0,1396.7792,142.85714,0.0,698.3896,500.0,0.0,149.6354
2022-01-22 10:00:00,3.1522,1442.12,142.85714,1.5761,721.06,500.0,0.0,98.49889999999999
2022-01-22 11:00:00,127.2602,1442.12,142.85714,63.6301,721.06,500.0,0.0,74.55489999999999
2022-01-22 12:00:00,0.0,562.58531,140.64633,0.0,281.29265,492.26215,0.0,518.1102
2022-01-22 13:00:00,0.0,539.82204,134.95551,0.0,269.91102,472.34428,0.0,556.9096999999999
2022-01-22 14:00:00,0.0,665.8782,142.85714,0.0,332.9391,500.0,0.0,440.79589999999996
2022-01-22 15:00:00,0.0,1050.6284,142.85714,0.0,525.3142,500.0,0.0,239.4108
2022-01-22 16:00:00,165.03,1442.12,142.85714,82.515,721.06,500.0,0.0,0.0
2022-01-22 17:00:00,323.87,1442.12,142.85714,161.935,721.06,500.0,0.0,0.0
2022-01-22 18:00:00,466.48,1442.12,250.05411,233.24,721.06,500.0,106.125,0.0
2022-01-22 19:00:00,466.48,1442.12,153.32684,233.24,721.06,500.0,10.365,0.0
2022-01-22 20:00:00,424.11,1442.12,142.85714,212.055,721.06,500.0,0.0,0.0
2022-01-22 21:00:00,466.48,1442.12,150.82179,233.24,721.06,500.0,7.885,0.0
2022-01-22 22:00:00,222.07,1442.12,142.85714,111.035,721.06,500.0,0.0,0.0
2022-01-22 23:00:00,0.0,1442.12,184.11472,0.0,721.06,500.0,40.845,0.0
2022-01-23 00:00:00,0.0,1402.63,142.85714,0.0,701.315,500.0,0.0,0.0
2022-01-23 01:00:00,0.0,1403.65,142.85714,0.0,701.825,500.0,0.0,0.0
2022-01-23 02:00:00,0.0,1359.65,142.85714,0.0,679.825,500.0,0.0,0.0
2022-01-23 03:00:00,0.0,1328.55,142.85714,0.0,664.275,500.0,0.0,0.0
2022-01-23 04:00:00,0.0,1347.77,142.85714,0.0,673.885,500.0,0.0,0.0
2022-01-23 05:00:00,0.0,1441.35,142.85714,0.0,720.675,500.0,0.0,0.0
2022-01-23 06:00:00,0.0,1442.12,326.9127,0.0,721.06,500.0,182.215,0.0
2022-01-23 07:00:00,0.0,1442.12,317.40371,0.0,721.06,500.0,172.8011,142.66389999999998
2022-01-23 08:00:00,0.0,1251.4194,142.85714,0.0,625.7097,500.0,0.0,227.47529999999998
2022-01-23 09:00:00,0.0,761.7504,142.85714,0.0,380.8752,500.0,0.0,375.40979999999996
2022-01-23 10:00:00,0.0,1075.1854,142.85714,0.0,537.5927,500.0,0.0,178.4923
2022-01-23 11:00:00,0.0,451.18175,112.79544,0.0,225.59087,394.78403,0.0,652.1600999999999
2022-01-23 12:00:00,0.0,471.81476,117.95369,0.0,235.90738,412.83792,0.0,521.8697
2022-01-23 13:00:00,0.0,452.13055,113.03264,0.0,226.06527,395.61423,0.0,552.1355
2022-01-23 14:00:00,0.0,523.43636,130.85909,0.0,261.71818,458.00682,0.0,438.7300000000001
2022-01-23 15:00:00,0.0,891.8244,142.85714,0.0,445.9122,500.0,0.0,245.54280000000003
2022-01-23 16:00:00,0.0,1442.11,142.85714,0.0,721.055,500.0,0.0,0.0
2022-01-23 17:00:00,49.41,1442.12,142.85714,24.705,721.06,500.0,0.0,0.0
2022-01-23 18:00:00,421.63,1442.12,142.85714,210.815,721.06,500.0,0.0,0.0
2022-01-23 19:00:00,228.59,1442.12,142.85714,114.295,721.06,500.0,0.0,0.0
2022-01-23 20:00:00,276.37,1442.12,142.85714,138.185,721.06,500.0,0.0,0.0
2022-01-23 21:00:00,256.11,1442.12,142.85714,128.055,721.06,500.0,0.0,0.0
2022-01-23 22:00:00,9.81,1442.12,142.85714,4.905,721.06,500.0,0.0,0.0
2022-01-23 23:00:00,0.0,1324.17,142.85714,0.0,662.085,500.0,0.0,0.0
2022-01-24 00:00:00,0.0,1095.75,142.85714,0.0,547.875,500.0,0.0,0.0
2022-01-24 01:00:00,0.0,1074.83,142.85714,0.0,537.415,500.0,0.0,0.0
2022-01-24 02:00:00,0.0,1043.15,142.85714,0.0,521.575,500.0,0.0,0.0
2022-01-24 03:00:00,0.0,1090.03,142.85714,0.0,545.015,500.0,0.0,0.0
2022-01-24 04:00:00,0.0,1114.15,142.85714,0.0,557.075,500.0,0.0,0.0
2022-01-24 05:00:00,0.0,1232.17,142.85714,0.0,616.085,500.0,0.0,0.0
2022-01-24 06:00:00,212.13,1442.12,142.85714,106.065,721.06,500.0,0.0,0.0
2022-01-24 07:00:00,97.2782,1442.12,142.85714,48.6391,721.06,500.0,0.0,69.9559
2022-01-24 08:00:00,0.0,1442.12,99.1652,0.0,721.06,347.0782,0.0,167.2868
2022-01-24 09:00:00,0.0,1442.12,96.9598,0.0,721.06,339.3593,0.0,42.405699999999996
2022-01-24 10:00:00,0.0,595.852,142.85714,0.0,297.926,500.0,0.0,211.919
2022-01-24 11:00:00,0.0,1118.4338,142.85714,0.0,559.2169,500.0,0.0,43.7781
2022-01-24 12:00:00,0.0,856.4834,142.85714,0.0,428.2417,500.0,0.0,51.98329999999999
2022-01-24 13:00:00,0.0,850.656,142.85714,0.0,425.328,500.0,0.0,55.407
2022-01-24 14:00:00,0.0,698.6802,142.85714,0.0,349.3401,500.0,0.0,122.7349
2022-01-24 15:00:00,0.0,632.3058,142.85714,0.0,316.1529,500.0,0.0,173.5721
2022-01-24 16:00:00,0.0,1109.39,142.85714,0.0,554.695,500.0,0.0,0.0
2022-01-24 17:00:00,0.0,1442.12,105.72143,0.0,721.06,370.025,0.0,0.0
2022-01-24 18:00:00,117.71,1442.12,142.85714,58.855,721.06,500.0,0.0,0.0
2022-01-24 19:00:00,0.0,1442.12,104.25286,0.0,721.06,364.885,0.0,0.0
2022-01-24 20:00:00,0.0,1267.71,142.85714,0.0,633.855,500.0,0.0,0.0
2022-01-24 21:00:00,0.0,1100.35,142.85714,0.0,550.175,500.0,0.0,0.0
2022-01-24 22:00:00,0.0,979.97,142.85714,0.0,489.985,500.0,0.0,0.0
2022-01-24 23:00:00,0.0,809.05,142.85714,0.0,404.525,500.0,0.0,0.0
2022-01-25 00:00:00,0.0,673.65,142.85714,0.0,336.825,500.0,0.0,0.0
2022-01-25 01:00:00,0.0,675.63,142.85714,0.0,337.815,500.0,0.0,0.0
2022-01-25 02:00:00,0.0,700.69,142.85714,0.0,350.345,500.0,0.0,0.0
2022-01-25 03:00:00,0.0,699.09,142.85714,0.0,349.545,500.0,0.0,0.0
2022-01-25 04:00:00,0.0,714.45,142.85714,0.0,357.225,500.0,0.0,0.0
2022-01-25 05:00:00,0.0,830.89,142.85714,0.0,415.445,500.0,0.0,0.0
2022-01-25 06:00:00,0.0,1250.17,142.85714,0.0,625.085,500.0,0.0,0.0
2022-01-25 07:00:00,0.0,1442.12,110.6064,0.0,721.06,387.1224,0.0,196.8226
2022-01-25 08:00:00,0.0,1326.537,0.0,0.0,663.2685,0.0,0.0,406.6465
2022-01-25 09:00:00,0.0,775.7742,0.0,0.0,387.8871,0.0,0.0,568.8379
2022-01-25 10:00:00,0.0,548.119,0.0,0.0,274.0595,0.0,0.0,666.0155
2022-01-25 11:00:00,0.0,647.583,0.0,0.0,323.7915,0.0,0.0,683.2435
2022-01-25 12:00:00,0.0,407.478,0.0,0.0,203.739,0.0,0.0,657.146
2022-01-25 13:00:00,0.0,563.2224,0.0,0.0,281.6112,0.0,0.0,584.0437999999999
2022-01-25 14:00:00,0.0,789.7934,0.0,0.0,394.8967,0.0,0.0,456.0383
2022-01-25 15:00:00,0.0,1297.483,0.0,0.0,648.7415,0.0,0.0,263.4935
2022-01-25 16:00:00,0.0,1442.12,68.447143,0.0,721.06,239.565,0.0,0.0
2022-01-25 17:00:00,0.0,1442.12,87.547143,0.0,721.06,306.415,0.0,0.0
2022-01-25 18:00:00,69.01,1442.12,142.85714,34.505,721.06,500.0,0.0,0.0
2022-01-25 19:00:00,0.0,1442.12,118.44714,0.0,721.06,414.565,0.0,0.0
2022-01-25 20:00:00,0.0,1442.12,101.61571,0.0,721.06,355.655,0.0,0.0
2022-01-25 21:00:00,0.0,1201.31,142.85714,0.0,600.655,500.0,0.0,0.0
2022-01-25 22:00:00,0.0,1103.21,142.85714,0.0,551.605,500.0,0.0,0.0
2022-01-25 23:00:00,0.0,943.49,142.85714,0.0,471.745,500.0,0.0,0.0
2022-01-26 00:00:00,0.0,866.27,142.85714,0.0,433.135,500.0,0.0,0.0
2022-01-26 01:00:00,0.0,846.09,142.85714,0.0,423.045,500.0,0.0,0.0
2022-01-26 02:00:00,0.0,815.73,142.85714,0.0,407.865,500.0,0.0,0.0
2022-01-26 03:00:00,0.0,842.33,142.85714,0.0,421.165,500.0,0.0,0.0
2022-01-26 04:00:00,0.0,875.93,142.85714,0.0,437.965,500.0,0.0,0.0
2022-01-26 05:00:00,0.0,1074.73,142.85714,0.0,537.365,500.0,0.0,0.0
2022-01-26 06:00:00,66.61,1442.12,142.85714,33.305,721.06,500.0,0.0,0.0
2022-01-26 07:00:00,0.0,1409.0968,142.85714,0.0,704.5484,500.0,0.0,182.8066
2022-01-26 08:00:00,0.0,1442.12,63.214657,0.0,721.06,221.2513,0.0,234.8337
2022-01-26 09:00:00,0.0,1258.0856,0.0,0.0,629.0428,0.0,0.0,492.1222
2022-01-26 10:00:00,0.0,953.6904,0.0,0.0,476.8452,0.0,0.0,558.6397999999999
2022-01-26 11:00:00,0.0,283.24436,70.811091,0.0,141.62218,247.83882,0.0,659.774
2022-01-26 12:00:00,0.0,224.1976,56.0494,0.0,112.0988,196.1729,0.0,645.4732999999999
2022-01-26 13:00:00,0.0,288.90073,72.225182,0.0,144.45036,252.78814,0.0,557.0265
2022-01-26 14:00:00,0.0,372.09331,93.023327,0.0,186.04665,325.58165,0.0,432.7367
2022-01-26 15:00:00,0.0,548.5824,137.1456,0.0,274.2912,480.0096,0.0,257.3542
2022-01-26 16:00:00,0.0,1079.27,142.85714,0.0,539.635,500.0,0.0,0.0
2022-01-26 17:00:00,0.0,1220.61,142.85714,0.0,610.305,500.0,0.0,0.0
2022-01-26 18:00:00,197.71,1442.12,142.85714,98.855,721.06,500.0,0.0,0.0
2022-01-26 19:00:00,0.0,1184.37,142.85714,0.0,592.185,500.0,0.0,0.0
2022-01-26 20:00:00,0.0,1107.59,142.85714,0.0,553.795,500.0,0.0,0.0
2022-01-26 21:00:00,0.0,1131.79,142.85714,0.0,565.895,500.0,0.0,0.0
2022-01-26 22:00:00,0.0,1080.55,142.85714,0.0,540.275,500.0,0.0,0.0
2022-01-26 23:00:00,0.0,1043.73,142.85714,0.0,521.865,500.0,0.0,0.0
2022-01-27 00:00:00,0.0,932.85,142.85714,0.0,466.425,500.0,0.0,0.0
2022-01-27 01:00:00,0.0,914.75,142.85714,0.0,457.375,500.0,0.0,0.0
2022-01-27 02:00:00,0.0,893.31,142.85714,0.0,446.655,500.0,0.0,0.0
2022-01-27 03:00:00,0.0,901.67,142.85714,0.0,450.835,500.0,0.0,0.0
2022-01-27 04:00:00,0.0,951.27,142.85714,0.0,475.635,500.0,0.0,0.0
2022-01-27 05:00:00,0.0,975.27,142.85714,0.0,487.635,500.0,0.0,0.0
2022-01-27 06:00:00,0.0,1023.37,142.85714,0.0,511.685,500.0,0.0,0.0
2022-01-27 07:00:00,0.0,856.5396,142.85714,0.0,428.2698,500.0,0.0,214.06519999999998
2022-01-27 08:00:00,0.0,554.66545,138.66636,0.0,277.33273,485.33227,0.0,385.44
2022-01-27 09:00:00,0.0,1224.1918,142.85714,0.0,612.0959,500.0,0.0,126.04910000000001
2022-01-27 10:00:00,0.0,1442.12,165.43967,0.0,721.06,500.0,22.3567,57.458299999999994
2022-01-27 11:00:00,0.0,1442.12,240.27664,0.0,721.06,500.0,96.4453,66.3497
2022-01-27 12:00:00,0.0,1331.6882,142.85714,0.0,665.8441,500.0,0.0,61.560900000000004
2022-01-27 13:00:00,0.0,1268.5712,142.85714,0.0,634.2856,500.0,0.0,45.8294
2022-01-27 14:00:00,0.0,1266.0942,142.85714,0.0,633.0471,500.0,0.0,30.0979
2022-01-27 15:00:00,0.0,1120.2214,142.85714,0.0,560.1107,500.0,0.0,142.2843
2022-01-27 16:00:00,0.0,1442.12,182.00361,0.0,721.06,500.0,38.755,0.0
2022-01-27 17:00:00,0.0,1442.12,156.61977,0.0,721.06,500.0,13.625,0.0
2022-01-27 18:00:00,0.0,1442.12,329.30664,0.0,721.06,500.0,184.585,0.0
2022-01-27 19:00:00,0.0,1442.12,190.23593,0.0,721.06,500.0,46.905,0.0
2022-01-27 20:00:00,0.0,1401.83,142.85714,0.0,700.915,500.0,0.0,0.0
2022-01-27 21:00:00,0.0,1442.12,175.50866,0.0,721.06,500.0,32.325,0.0
2022-01-27 22:00:00,0.0,1442.12,156.98341,0.0,721.06,500.0,13.985,0.0
2022-01-27 23:00:00,0.0,1322.81,142.85714,0.0,661.405,500.0,0.0,0.0
2022-01-28 00:00:00,0.0,1203.41,142.85714,0.0,601.705,500.0,0.0,0.0
2022-01-28 01:00:00,0.0,1128.21,142.85714,0.0,564.105,500.0,0.0,0.0
2022-01-28 02:00:00,0.0,1029.13,142.85714,0.0,514.565,500.0,0.0,0.0
2022-01-28 03:00:00,0.0,952.25,142.85714,0.0,476.125,500.0,0.0,0.0
2022-01-28 04:00:00,0.0,971.93,142.85714,0.0,485.965,500.0,0.0,0.0
2022-01-28 05:00:00,0.0,965.63,142.85714,0.0,482.815,500.0,0.0,0.0
2022-01-28 06:00:00,0.0,1008.13,142.85714,0.0,504.065,500.0,0.0,0.0
2022-01-28 07:00:00,0.0,803.6976,142.85714,0.0,401.8488,500.0,0.0,224.06619999999998
2022-01-28 08:00:00,0.0,520.51578,130.12895,0.0,260.25789,455.45131,0.0,410.5958
2022-01-28 09:00:00,0.0,447.0752,111.7688,0.0,223.5376,391.1908,0.0,561.6766
2022-01-28 10:00:00,0.0,468.03891,117.00973,0.0,234.01945,409.53405,0.0,636.2315
2022-01-28 11:00:00,0.0,1066.0236,142.85714,0.0,533.0118,500.0,0.0,275.0932
2022-01-28 12:00:00,0.0,1035.2694,142.85714,0.0,517.6347,500.0,0.0,167.9803
2022-01-28 13:00:00,0.0,813.0646,142.85714,0.0,406.5323,500.0,0.0,216.8027
2022-01-28 14:00:00,0.0,1029.7006,142.85714,0.0,514.8503,500.0,0.0,87.8847
2022-01-28 15:00:00,0.0,1094.7668,142.85714,0.0,547.3834,500.0,0.0,22.5716
2022-01-28 16:00:00,0.0,1246.4106,142.85714,0.0,623.2053,500.0,0.0,0.6496999999999999
2022-01-28 17:00:00,0.0,1399.67,142.85714,0.0,699.835,500.0,0.0,0.0
2022-01-28 18:00:00,186.41,1442.12,142.85714,93.205,721.06,500.0,0.0,0.0
2022-01-28 19:00:00,0.0,1382.25,142.85714,0.0,691.125,500.0,0.0,0.0
2022-01-28 20:00:00,0.0,1414.03,142.85714,0.0,707.015,500.0,0.0,0.0
2022-01-28 21:00:00,0.0,1311.99,142.85714,0.0,655.995,500.0,0.0,0.0
2022-01-28 22:00:00,0.0,1313.97,142.85714,0.0,656.985,500.0,0.0,0.0
2022-01-28 23:00:00,0.0,1064.33,142.85714,0.0,532.165,500.0,0.0,0.0
2022-01-29 00:00:00,0.0,1012.85,142.85714,0.0,506.425,500.0,0.0,0.0
2022-01-29 01:00:00,0.0,1004.53,142.85714,0.0,502.265,500.0,0.0,0.0
2022-01-29 02:00:00,0.0,1005.69,142.85714,0.0,502.845,500.0,0.0,0.0
2022-01-29 03:00:00,0.0,990.25,142.85714,0.0,495.125,500.0,0.0,0.0
2022-01-29 04:00:00,0.0,857.55662,214.38915,0.0,428.77831,500.0,70.816691,0.0
2022-01-29 05:00:00,0.0,1099.49,142.85714,0.0,549.745,500.0,0.0,0.0
2022-01-29 06:00:00,0.0,1193.8777,298.46942,0.0,596.93884,500.0,154.05616,0.0
2022-01-29 07:00:00,0.0,1353.0572,142.85714,0.0,676.5286,500.0,0.0,215.11639999999997
2022-01-29 08:00:00,0.0,649.7866,142.85714,0.0,324.8933,500.0,0.0,343.31170000000003
2022-01-29 09:00:00,0.0,426.47091,106.61773,0.0,213.23545,373.16205,0.0,499.8675
2022-01-29 10:00:00,0.0,628.6328,142.85714,0.0,314.3164,500.0,0.0,276.5386
2022-01-29 11:00:00,0.0,748.7748,142.85714,0.0,374.3874,500.0,0.0,275.2976
2022-01-29 12:00:00,0.0,322.71476,80.678691,0.0,161.35738,282.37542,0.0,638.8521999999999
2022-01-29 13:00:00,0.0,343.64844,85.912109,0.0,171.82422,300.69238,0.0,588.4384
2022-01-29 14:00:00,0.0,480.2192,120.0548,0.0,240.1096,420.1918,0.0,391.5136
2022-01-29 15:00:00,0.0,555.60975,138.90244,0.0,277.80487,486.15853,0.0,268.5816
2022-01-29 16:00:00,0.0,1138.993,142.85714,0.0,569.4965,500.0,0.0,3.2485
2022-01-29 17:00:00,0.0,1310.27,142.85714,0.0,655.135,500.0,0.0,0.0
2022-01-29 18:00:00,0.0,1442.12,277.76118,0.0,721.06,500.0,133.555,0.0
2022-01-29 19:00:00,0.0,1442.12,179.9531,0.0,721.06,500.0,36.725,0.0
2022-01-29 20:00:00,0.0,1376.27,142.85714,0.0,688.135,500.0,0.0,0.0
2022-01-29 21:00:00,0.0,1114.9747,278.74367,0.0,557.48734,500.0,134.52766,0.0
2022-01-29 22:00:00,0.0,1424.69,142.85714,0.0,712.345,500.0,0.0,0.0
2022-01-29 23:00:00,0.0,1123.97,142.85714,0.0,561.985,500.0,0.0,0.0
2022-01-30 00:00:00,0.0,903.65695,225.91424,0.0,451.82848,500.0,82.226524,0.0
2022-01-30 01:00:00,0.0,903.92451,225.98113,0.0,451.96226,500.0,82.292745,0.0
2022-01-30 02:00:00,0.0,903.54993,225.88748,0.0,451.77496,500.0,82.200036,0.0
2022-01-30 03:00:00,0.0,898.06498,224.51624,0.0,449.03249,500.0,80.842511,0.0
2022-01-30 04:00:00,0.0,932.74056,233.18514,0.0,466.37028,500.0,89.424718,0.0
2022-01-30 05:00:00,0.0,1042.386,260.59651,0.0,521.19302,500.0,116.56198,0.0
2022-01-30 06:00:00,0.0,1333.7038,333.42594,0.0,666.85189,500.0,188.66311,0.0
2022-01-30 07:00:00,0.0,1191.0384,297.75959,0.0,595.51918,500.0,153.35342,218.1824
2022-01-30 08:00:00,0.0,654.88946,163.72237,0.0,327.44473,500.0,20.65657,412.2237
2022-01-30 09:00:00,0.0,427.80669,106.95167,0.0,213.90335,374.33085,0.0,567.1808
2022-01-30 10:00:00,0.0,373.65156,93.412891,0.0,186.82578,326.94512,0.0,652.0141
2022-01-30 11:00:00,0.0,418.49665,104.62416,0.0,209.24833,366.18457,0.0,661.9421
2022-01-30 12:00:00,0.0,395.72756,98.931891,0.0,197.86378,346.26162,0.0,632.5595999999999
2022-01-30 13:00:00,0.0,440.88662,110.22165,0.0,220.44331,385.77579,0.0,560.5159
2022-01-30 14:00:00,0.0,519.20749,129.80187,0.0,259.60375,454.30655,0.0,448.5047
2022-01-30 15:00:00,0.0,725.2516,181.3129,0.0,362.6258,500.0,38.0712,260.318
2022-01-30 16:00:00,0.0,1093.1176,273.27939,0.0,546.55878,500.0,129.11802,3.8981999999999997
2022-01-30 17:00:00,0.0,1442.12,192.24603,0.0,721.06,500.0,48.895,0.0
2022-01-30 18:00:00,0.0,1442.12,311.9228,0.0,721.06,500.0,167.375,0.0
2022-01-30 19:00:00,0.0,1442.12,225.46825,0.0,721.06,500.0,81.785,0.0
2022-01-30 20:00:00,0.0,1442.12,191.46825,0.0,721.06,500.0,48.125,0.0
2022-01-30 21:00:00,0.0,1442.12,309.10462,0.0,721.06,500.0,164.585,0.0
2022-01-30 22:00:00,0.0,1442.12,164.20563,0.0,721.06,500.0,21.135,0.0
2022-01-30 23:00:00,0.0,1342.79,142.85714,0.0,671.395,500.0,0.0,0.0
2022-01-31 00:00:00,0.0,1238.21,142.85714,0.0,619.105,500.0,0.0,0.0
2022-01-31 01:00:00,0.0,1218.51,142.85714,0.0,609.255,500.0,0.0,0.0
2022-01-31 02:00:00,0.0,1209.45,142.85714,0.0,604.725,500.0,0.0,0.0
2022-01-31 03:00:00,0.0,1255.05,142.85714,0.0,627.525,500.0,0.0,0.0
2022-01-31 04:00:00,0.0,1303.89,142.85714,0.0,651.945,500.0,0.0,0.0
2022-01-31 05:00:00,0.0,1423.59,142.85714,0.0,711.795,500.0,0.0,0.0
2022-01-31 06:00:00,0.0,1442.12,323.47835,0.0,721.06,500.0,178.815,0.0
2022-01-31 07:00:00,440.1852,1442.12,142.85714,220.0926,721.06,500.0,0.0,36.4124
2022-01-31 08:00:00,0.0,1413.6484,142.85714,0.0,706.8242,500.0,0.0,54.7208
2022-01-31 09:00:00,0.0,1199.4008,142.85714,0.0,599.7004,500.0,0.0,64.9846
2022-01-31 10:00:00,0.0,698.2792,142.85714,0.0,349.1396,500.0,0.0,277.38539999999995
2022-01-31 11:00:00,0.0,970.3686,142.85714,0.0,485.1843,500.0,0.0,195.34069999999997
2022-01-31 12:00:00,0.0,561.7512,140.4378,0.0,280.8756,491.5323,0.0,298.03709999999995
2022-01-31 13:00:00,0.0,534.81164,133.70291,0.0,267.40582,467.96018,0.0,337.479
2022-01-31 14:00:00,0.0,475.77804,118.94451,0.0,237.88902,416.30578,0.0,430.51020000000005
2022-01-31 15:00:00,0.0,772.915,142.85714,0.0,386.4575,500.0,0.0,278.6775
2022-01-31 16:00:00,0.0,1263.1348,142.85714,0.0,631.5674,500.0,0.0,5.1975999999999996
2022-01-31 17:00:00,0.49,1442.12,142.85714,0.245,721.06,500.0,0.0,0.0
2022-01-31 18:00:00,434.01,1442.12,142.85714,217.005,721.06,500.0,0.0,0.0
2022-01-31 19:00:00,173.75,1442.12,142.85714,86.875,721.06,500.0,0.0,0.0
2022-01-31 20:00:00,84.45,1442.12,142.85714,42.225,721.06,500.0,0.0,0.0
2022-01-31 21:00:00,143.93,1442.12,142.85714,71.965,721.06,500.0,0.0,0.0
2022-01-31 22:00:00,0.0,1442.12,151.38745,0.0,721.06,500.0,8.445,0.0
2022-01-31 23:00:00,0.0,1350.09,142.85714,0.0,675.045,500.0,0.0,0.0
2022-02-01 00:00:00,0.0,1193.81,142.85714,0.0,596.905,500.0,0.0,0.0
2022-02-01 01:00:00,0.0,1046.07,142.85714,0.0,523.035,500.0,0.0,0.0
2022-02-01 02:00:00,0.0,1005.09,142.85714,0.0,502.545,500.0,0.0,0.0
2022-02-01 03:00:00,0.0,969.67,142.85714,0.0,484.835,500.0,0.0,0.0
2022-02-01 04:00:00,0.0,1032.21,142.85714,0.0,516.105,500.0,0.0,0.0
2022-02-01 05:00:00,0.0,1143.31,142.85714,0.0,571.655,500.0,0.0,0.0
2022-02-01 06:00:00,152.99,1442.12,142.85714,76.495,721.06,500.0,0.0,0.0
2022-02-01 07:00:00,271.0278,1442.12,142.85714,135.5139,721.06,500.0,0.0,138.02110000000002
2022-02-01 08:00:00,0.0,1333.2232,142.85714,0.0,666.6116,500.0,0.0,73.4234
2022-02-01 09:00:00,0.0,465.72647,116.43162,0.0,232.86324,407.51066,0.0,549.0110999999999
2022-02-01 10:00:00,0.0,1102.4988,142.85714,0.0,551.2494,500.0,0.0,46.5156
2022-02-01 11:00:00,0.0,610.1062,142.85714,0.0,305.0531,500.0,0.0,331.4419
2022-02-01 12:00:00,0.0,956.5948,142.85714,0.0,478.2974,500.0,0.0,96.4476
2022-02-01 13:00:00,0.0,564.45949,141.11487,0.0,282.22975,493.90205,0.0,305.7532
2022-02-01 14:00:00,0.0,498.36582,124.59145,0.0,249.18291,436.07009,0.0,388.652
2022-02-01 15:00:00,0.0,883.5074,142.85714,0.0,441.7537,500.0,0.0,149.51129999999998
2022-02-01 16:00:00,0.0,1231.936,142.85714,0.0,615.968,500.0,0.0,6.497
2022-02-01 17:00:00,0.0,1442.12,165.72078,0.0,721.06,500.0,22.635,0.0
2022-02-01 18:00:00,0.0,1442.12,273.26623,0.0,721.06,500.0,129.105,0.0
2022-02-01 19:00:00,0.0,1442.12,219.57937,0.0,721.06,500.0,75.955,0.0
2022-02-01 20:00:00,0.0,1374.49,142.85714,0.0,687.245,500.0,0.0,0.0
2022-02-01 21:00:00,0.0,1442.12,192.65007,0.0,721.06,500.0,49.295,0.0
2022-02-01 22:00:00,0.0,1348.71,142.85714,0.0,674.355,500.0,0.0,0.0
2022-02-01 23:00:00,0.0,1006.5466,251.63665,0.0,503.27329,500.0,107.69171,0.0
2022-02-02 00:00:00,0.0,962.26565,240.56641,0.0,481.13282,500.0,96.732176,0.0
2022-02-02 01:00:00,0.0,978.21214,244.55303,0.0,489.10607,500.0,100.67893,0.0
2022-02-02 02:00:00,0.0,977.91782,244.47946,0.0,488.95891,500.0,100.60609,0.0
2022-02-02 03:00:00,0.0,996.32585,249.08146,0.0,498.16292,500.0,105.16208,0.0
2022-02-02 04:00:00,0.0,1024.9145,256.22862,0.0,512.45724,500.0,112.23776,0.0
2022-02-02 05:00:00,0.0,1330.09,142.85714,0.0,665.045,500.0,0.0,0.0
2022-02-02 06:00:00,0.0,1442.12,246.01371,0.0,721.06,500.0,102.125,0.0
2022-02-02 07:00:00,0.0,1442.12,186.31482,0.0,721.06,500.0,43.0231,210.26190000000003
2022-02-02 08:00:00,0.0,805.7264,142.85714,0.0,402.8632,500.0,0.0,401.9818
2022-02-02 09:00:00,0.0,481.91673,120.47918,0.0,240.95836,421.67714,0.0,573.1595
2022-02-02 10:00:00,0.0,400.10735,100.02684,0.0,200.05367,350.09393,0.0,669.6874
2022-02-02 11:00:00,0.0,1442.12,236.56926,0.0,721.06,500.0,92.775,0.0
2022-02-02 12:00:00,0.0,415.7992,103.9498,0.0,207.8996,363.8243,0.0,624.2011
2022-02-02 13:00:00,0.0,443.75215,110.93804,0.0,221.87607,388.28313,0.0,572.6557999999999
2022-02-02 14:00:00,0.0,501.3928,125.3482,0.0,250.6964,438.7187,0.0,463.2799
2022-02-02 15:00:00,0.0,776.8494,142.85714,0.0,388.4247,500.0,0.0,271.64029999999997
2022-02-02 16:00:00,0.0,1422.7172,142.85714,0.0,711.3586,500.0,0.0,7.796399999999999
2022-02-02 17:00:00,72.57,1442.12,142.85714,36.285,721.06,500.0,0.0,0.0
2022-02-02 18:00:00,424.61,1442.12,142.85714,212.305,721.06,500.0,0.0,0.0
2022-02-02 19:00:00,305.89,1442.12,142.85714,152.945,721.06,500.0,0.0,0.0
2022-02-02 20:00:00,32.01,1442.12,142.85714,16.005,721.06,500.0,0.0,0.0
2022-02-02 21:00:00,62.09,1442.12,142.85714,31.045,721.06,500.0,0.0,0.0
2022-02-02 22:00:00,0.0,1414.13,142.85714,0.0,707.065,500.0,0.0,0.0
2022-02-02 23:00:00,0.0,1414.13,142.85714,0.0,707.065,500.0,0.0,0.0
2022-02-03 00:00:00,0.0,1373.27,142.85714,0.0,686.635,500.0,0.0,0.0
2022-02-03 01:00:00,0.0,1354.81,142.85714,0.0,677.405,500.0,0.0,0.0
2022-02-03 02:00:00,0.0,1348.67,142.85714,0.0,674.335,500.0,0.0,0.0
2022-02-03 03:00:00,0.0,1339.79,142.85714,0.0,669.895,500.0,0.0,0.0
2022-02-03 04:00:00,0.0,1335.41,142.85714,0.0,667.705,500.0,0.0,0.0
2022-02-03 05:00:00,0.0,1338.13,142.85714,0.0,669.065,500.0,0.0,0.0
2022-02-03 06:00:00,0.0,1328.63,142.85714,0.0,664.315,500.0,0.0,0.0
2022-02-03 07:00:00,0.0,1155.0584,142.85714,0.0,577.5292,500.0,0.0,217.14579999999998
2022-02-03 08:00:00,0.0,783.5478,142.85714,0.0,391.7739,500.0,0.0,422.72110000000004
2022-02-03 09:00:00,0.0,659.4546,142.85714,0.0,329.7273,500.0,0.0,570.4876999999999
2022-02-03 10:00:00,0.0,529.75185,132.43796,0.0,264.87593,463.53287,0.0,665.7162
2022-02-03 11:00:00,0.0,607.4732,142.85714,0.0,303.7366,500.0,0.0,669.4684
2022-02-03 12:00:00,0.0,550.39367,137.59842,0.0,275.19684,481.59446,0.0,634.8737
2022-02-03 13:00:00,0.0,546.11651,136.52913,0.0,273.05825,477.85195,0.0,594.0447999999999
2022-02-03 14:00:00,0.0,727.2598,142.85714,0.0,363.6299,500.0,0.0,467.1051
2022-02-03 15:00:00,0.0,1021.2358,142.85714,0.0,510.6179,500.0,0.0,273.9471
2022-02-03 16:00:00,194.5832,1442.12,142.85714,97.2916,721.06,500.0,0.0,8.4534
2022-02-03 17:00:00,250.33,1442.12,142.85714,125.165,721.06,500.0,0.0,0.0
2022-02-03 18:00:00,466.48,1442.12,160.19553,233.24,721.06,500.0,17.165,0.0
2022-02-03 19:00:00,177.09,1442.12,142.85714,88.545,721.06,500.0,0.0,0.0
2022-02-03 20:00:00,56.21,1442.12,142.85714,28.105,721.06,500.0,0.0,0.0
2022-02-03 21:00:00,104.11,1442.12,142.85714,52.055,721.06,500.0,0.0,0.0
2022-02-03 22:00:00,0.0,1413.77,142.85714,0.0,706.885,500.0,0.0,0.0
2022-02-03 23:00:00,0.0,1442.12,150.9127,0.0,721.06,500.0,7.975,0.0
2022-02-04 00:00:00,0.0,1438.15,142.85714,0.0,719.075,500.0,0.0,0.0
2022-02-04 01:00:00,0.0,1391.29,142.85714,0.0,695.645,500.0,0.0,0.0
2022-02-04 02:00:00,0.0,1345.49,142.85714,0.0,672.745,500.0,0.0,0.0
2022-02-04 03:00:00,0.0,1368.89,142.85714,0.0,684.445,500.0,0.0,0.0
2022-02-04 04:00:00,0.0,1390.07,142.85714,0.0,695.035,500.0,0.0,0.0
2022-02-04 05:00:00,0.0,1429.01,142.85714,0.0,714.505,500.0,0.0,0.0
2022-02-04 06:00:00,0.0,1442.12,151.77128,0.0,721.06,500.0,8.825,0.0
2022-02-04 07:00:00,0.0,1178.214,142.85714,0.0,589.107,500.0,0.0,218.708
2022-02-04 08:00:00,0.0,860.2644,142.85714,0.0,430.1322,500.0,0.0,420.7428
2022-02-04 09:00:00,0.0,772.2564,142.85714,0.0,386.1282,500.0,0.0,554.1868
2022-02-04 10:00:00,0.0,1131.5504,142.85714,0.0,565.7752,500.0,0.0,362.2698
2022-02-04 11:00:00,0.0,1071.0846,142.85714,0.0,535.5423,500.0,0.0,472.30269999999996
2022-02-04 12:00:00,0.0,969.3284,142.85714,0.0,484.6642,500.0,0.0,378.11080000000004
2022-02-04 13:00:00,0.0,514.42124,128.60531,0.0,257.21062,450.11858,0.0,548.5658
2022-02-04 14:00:00,0.0,715.783,142.85714,0.0,357.8915,500.0,0.0,401.4635
2022-02-04 15:00:00,0.0,1042.8946,142.85714,0.0,521.4473,500.0,0.0,255.12769999999998
2022-02-04 16:00:00,0.0,1442.12,189.1624,0.0,721.06,500.0,45.8422,9.752799999999999
2022-02-04 17:00:00,0.16798286,1442.12,360.58543,0.083991429,721.06,500.0,215.55101,0.0
2022-02-04 18:00:00,132.58603,1442.12,404.28339,66.293015,721.06,500.0,258.81198,0.0
2022-02-04 19:00:00,97.627763,1442.12,392.74716,48.813881,721.06,500.0,247.39112,0.0
2022-02-04 20:00:00,0.0,1442.12,354.43795,0.0,721.06,500.0,209.465,0.0
2022-02-04 21:00:00,0.0,1442.12,327.25613,0.0,721.06,500.0,182.555,0.0
2022-02-04 22:00:00,0.0,1442.12,249.78139,0.0,721.06,500.0,105.855,0.0
2022-02-04 23:00:00,0.0,1442.12,193.34704,0.0,721.06,500.0,49.985,0.0
2022-02-05 00:00:00,0.0,1442.12,183.87229,0.0,721.06,500.0,40.605,0.0
2022-02-05 01:00:00,0.0,1442.12,177.24603,0.0,721.06,500.0,34.045,0.0
2022-02-05 02:00:00,0.0,1442.12,153.71068,0.0,721.06,500.0,10.745,0.0
2022-02-05 03:00:00,0.0,1166.0115,291.50287,0.0,583.00573,500.0,147.15927,0.0
2022-02-05 04:00:00,0.0,1161.5566,290.38915,0.0,580.77831,500.0,146.05669,0.0
2022-02-05 05:00:00,0.0,1442.12,196.22583,0.0,721.06,500.0,52.835,0.0
2022-02-05 06:00:00,63.89122,1442.12,381.6141,31.94561,721.06,500.0,236.36939,0.0
2022-02-05 07:00:00,56.18395,1442.12,379.0707,28.091975,721.06,500.0,233.85143,96.3016
2022-02-05 08:00:00,0.0,1243.5112,142.85714,0.0,621.7556,500.0,0.0,257.5294
2022-02-05 09:00:00,0.0,762.251,142.85714,0.0,381.1255,500.0,0.0,437.3795
2022-02-05 10:00:00,0.0,474.77098,118.69275,0.0,237.38549,415.42461,0.0,651.9849
2022-02-05 11:00:00,0.0,521.12204,130.28051,0.0,260.56102,455.98178,0.0,654.1822
2022-02-05 12:00:00,0.0,460.02131,115.00533,0.0,230.01065,402.51865,0.0,631.5156999999999
2022-02-05 13:00:00,0.0,505.35462,126.33865,0.0,252.67731,442.18529,0.0,573.6924
2022-02-05 14:00:00,0.0,566.2104,141.5526,0.0,283.1052,495.4341,0.0,446.8256999999999
2022-02-05 15:00:00,0.0,1000.0928,142.85714,0.0,500.0464,500.0,0.0,257.5586
2022-02-05 16:00:00,0.0,1442.12,210.6433,0.0,721.06,500.0,67.1083,7.146699999999999
2022-02-05 17:00:00,0.0,1442.12,310.40765,0.0,721.06,500.0,165.875,0.0
2022-02-05 18:00:00,163.18964,1442.12,414.38258,81.594818,721.06,500.0,268.81018,0.0
2022-02-05 19:00:00,90.297413,1442.12,390.32815,45.148707,721.06,500.0,244.99629,0.0
2022-02-05 20:00:00,14.417408,1442.12,365.28774,7.2087041,721.06,500.0,220.2063,0.0
2022-02-05 21:00:00,61.87114,1442.12,380.94748,30.93557,721.06,500.0,235.70943,0.0
2022-02-05 22:00:00,168.65716,1442.12,416.18686,84.328578,721.06,500.0,270.59642,0.0
2022-02-05 23:00:00,0.0,1423.0951,355.77377,0.0,711.54754,500.0,210.78746,0.0
2022-02-06 00:00:00,0.0,1307.3894,326.84735,0.0,653.6947,500.0,182.1503,0.0
2022-02-06 01:00:00,0.0,1323.3894,330.84735,0.0,661.6947,500.0,186.1103,0.0
2022-02-06 02:00:00,0.0,1334.7339,333.68347,0.0,667.36694,500.0,188.91806,0.0
2022-02-06 03:00:00,0.0,1341.3961,335.34902,0.0,670.69804,500.0,190.56696,0.0
2022-02-06 04:00:00,0.0,1356.4061,339.10153,0.0,678.20306,500.0,194.28194,0.0
2022-02-06 05:00:00,0.0,1407.4028,351.85069,0.0,703.70139,500.0,206.90361,0.0
2022-02-06 06:00:00,252.5691,1442.12,443.8778,126.28455,721.06,500.0,298.01045,0.0
2022-02-06 07:00:00,117.66659,1442.12,399.35998,58.833296,721.06,500.0,253.9378,198.1439
2022-02-06 08:00:00,0.0,941.53695,235.38424,0.0,470.76848,500.0,91.601824,396.67470000000003
2022-02-06 09:00:00,0.0,400.50509,100.12627,0.0,200.25255,350.44195,0.0,534.2505
2022-02-06 10:00:00,0.0,661.75782,165.43946,0.0,330.87891,500.0,22.356489,639.1296
2022-02-06 11:00:00,0.0,588.32959,147.0824,0.0,294.1648,500.0,4.1830031,624.6171999999999
2022-02-06 12:00:00,0.0,517.74284,129.43571,0.0,258.87142,453.02498,0.0,602.1186
2022-02-06 13:00:00,0.0,568.86749,142.21687,0.0,284.43375,497.75905,0.0,520.5922
2022-02-06 14:00:00,0.0,723.1606,142.85714,0.0,361.5803,500.0,0.0,420.76469999999995
2022-02-06 15:00:00,0.0,1186.0744,142.85714,0.0,593.0372,500.0,0.0,251.74779999999998
2022-02-06 16:00:00,0.0,1442.12,242.64815,0.0,721.06,500.0,98.7931,11.701900000000002
2022-02-06 17:00:00,0.0,1442.12,302.03391,0.0,721.06,500.0,157.585,0.0
2022-02-06 18:00:00,223.48962,1442.12,434.28158,111.74481,721.06,500.0,288.51019,0.0
2022-02-06 19:00:00,164.76215,1442.12,414.90151,82.381076,721.06,500.0,269.32392,0.0
2022-02-06 20:00:00,134.93271,1442.12,405.05779,67.466355,721.06,500.0,259.57864,0.0
2022-02-06 21:00:00,179.51962,1442.12,419.77148,89.759811,721.06,500.0,274.14519,0.0
2022-02-06 22:00:00,33.021497,1442.12,371.42709,16.510748,721.06,500.0,226.28425,0.0
2022-02-06 23:00:00,0.0,1442.12,295.99351,0.0,721.06,500.0,151.605,0.0
2022-02-07 00:00:00,0.0,1304.2188,326.05471,0.0,652.10941,500.0,181.36559,0.0
2022-02-07 01:00:00,0.0,1286.8677,321.71691,0.0,643.43383,500.0,177.07117,0.0
2022-02-07 02:00:00,0.0,1292.7406,323.18514,0.0,646.37028,500.0,178.52472,0.0
2022-02-07 03:00:00,0.0,1307.376,326.844,0.0,653.68801,500.0,182.14699,0.0
2022-02-07 04:00:00,0.0,1348.58,337.14501,0.0,674.29001,500.0,192.34499,0.0
2022-02-07 05:00:00,13.945653,1442.12,365.13207,6.9728266,721.06,500.0,220.05217,0.0
2022-02-07 06:00:00,317.87695,1442.12,465.42939,158.93847,721.06,500.0,319.34653,0.0
2022-02-07 07:00:00,188.63804,1442.12,422.78055,94.319022,721.06,500.0,277.12418,221.67179999999996
2022-02-07 08:00:00,0.0,1410.2306,142.85714,0.0,705.1153,500.0,0.0,413.82969999999995
2022-02-07 09:00:00,0.0,967.144,142.85714,0.0,483.572,500.0,0.0,550.493
2022-02-07 10:00:00,0.0,935.0754,142.85714,0.0,467.5377,500.0,0.0,502.2473
2022-02-07 11:00:00,0.0,614.5494,142.85714,0.0,307.2747,500.0,0.0,614.0102999999999
2022-02-07 12:00:00,0.0,871.9602,142.85714,0.0,435.9801,500.0,0.0,408.1649
2022-02-07 13:00:00,0.0,1155.6469,288.91173,0.0,577.82346,500.0,144.59404,89.6075
2022-02-07 14:00:00,0.0,1181.8814,295.47036,0.0,590.94072,500.0,151.08708,69.0872
2022-02-07 15:00:00,0.0,1442.12,176.80118,0.0,721.06,500.0,33.6046,27.3604
2022-02-07 16:00:00,0.0,1442.12,291.18229,0.0,721.06,500.0,146.8419,9.1031
2022-02-07 17:00:00,0.0,1442.12,304.22583,0.0,721.06,500.0,159.755,0.0
2022-02-07 18:00:00,189.71679,1442.12,423.13654,94.858396,721.06,500.0,277.4766,0.0
2022-02-07 19:00:00,83.608167,1442.12,388.1207,41.804083,721.06,500.0,242.81092,0.0
2022-02-07 20:00:00,21.082462,1442.12,367.48721,10.541231,721.06,500.0,222.38377,0.0
2022-02-07 21:00:00,0.0,1442.12,354.98341,0.0,721.06,500.0,210.005,0.0
2022-02-07 22:00:00,0.0,1442.12,347.66017,0.0,721.06,500.0,202.755,0.0
2022-02-07 23:00:00,0.0,1442.12,240.51876,0.0,721.06,500.0,96.685,0.0
2022-02-08 00:00:00,0.0,1442.12,223.21573,0.0,721.06,500.0,79.555,0.0
2022-02-08 01:00:00,0.0,1442.12,242.12482,0.0,721.06,500.0,98.275,0.0
2022-02-08 02:00:00,0.0,1442.12,177.14502,0.0,721.06,500.0,33.945,0.0
2022-02-08 03:00:00,0.0,1442.12,189.26623,0.0,721.06,500.0,45.945,0.0
2022-02-08 04:00:00,0.0,1442.12,234.14502,0.0,721.06,500.0,90.375,0.0
2022-02-08 05:00:00,0.0,1442.12,272.37734,0.0,721.06,500.0,128.225,0.0
2022-02-08 06:00:00,139.56559,1442.12,406.58664,69.782794,721.06,500.0,261.09221,0.0
2022-02-08 07:00:00,70.266326,1442.12,383.71789,35.133163,721.06,500.0,238.45214,234.97969999999998
2022-02-08 08:00:00,0.0,1002.6454,142.85714,0.0,501.3227,500.0,0.0,422.3123
2022-02-08 09:00:00,0.0,592.7704,142.85714,0.0,296.3852,500.0,0.0,579.0798
2022-02-08 10:00:00,0.0,439.7608,109.9402,0.0,219.8804,384.7907,0.0,679.9439
2022-02-08 11:00:00,0.0,468.97375,117.24344,0.0,234.48687,410.35203,0.0,665.4461
2022-02-08 12:00:00,0.0,368.77302,92.193255,0.0,184.38651,322.67639,0.0,670.7021
2022-02-08 13:00:00,0.0,375.3248,93.8312,0.0,187.6624,328.4092,0.0,621.6534
2022-02-08 14:00:00,0.0,481.47927,120.36982,0.0,240.73964,421.29436,0.0,478.66100000000006
2022-02-08 15:00:00,0.0,703.08,142.85714,0.0,351.54,500.0,0.0,295.285
2022-02-08 16:00:00,0.0,1320.8086,142.85714,0.0,660.4043,500.0,0.0,14.300699999999999
2022-02-08 17:00:00,234.67,1442.12,142.85714,117.335,721.06,500.0,0.0,0.0
2022-02-08 18:00:00,466.48,1442.12,174.77128,233.24,721.06,500.0,31.595,0.0
2022-02-08 19:00:00,329.19,1442.12,142.85714,164.595,721.06,500.0,0.0,0.0
2022-02-08 20:00:00,243.91,1442.12,142.85714,121.955,721.06,500.0,0.0,0.0
2022-02-08 21:00:00,0.0,1442.12,266.9329,0.0,721.06,500.0,122.835,0.0
2022-02-08 22:00:00,0.0,1442.12,197.79149,0.0,721.06,500.0,54.385,0.0
2022-02-08 23:00:00,0.0,1319.79,142.85714,0.0,659.895,500.0,0.0,0.0
2022-02-09 00:00:00,0.0,1276.03,142.85714,0.0,638.015,500.0,0.0,0.0
2022-02-09 01:00:00,0.0,1252.13,142.85714,0.0,626.065,500.0,0.0,0.0
2022-02-09 02:00:00,0.0,1253.69,142.85714,0.0,626.845,500.0,0.0,0.0
2022-02-09 03:00:00,0.0,1245.69,142.85714,0.0,622.845,500.0,0.0,0.0
2022-02-09 04:00:00,0.0,1292.01,142.85714,0.0,646.005,500.0,0.0,0.0
2022-02-09 05:00:00,0.0,1442.12,162.17532,0.0,721.06,500.0,19.125,0.0
2022-02-09 06:00:00,106.92981,1442.12,395.81684,53.464903,721.06,500.0,250.4301,0.0
2022-02-09 07:00:00,0.0,1442.12,300.82027,0.0,721.06,500.0,156.3835,234.00150000000002
2022-02-09 08:00:00,0.0,1023.6456,142.85714,0.0,511.8228,500.0,0.0,426.42220000000003
2022-02-09 09:00:00,0.0,559.23855,139.80964,0.0,279.61927,489.33373,0.0,571.882
2022-02-09 10:00:00,0.0,389.87745,97.469364,0.0,194.93873,341.14277,0.0,684.7035
2022-02-09 11:00:00,0.0,377.25585,94.313964,0.0,188.62793,330.09887,0.0,690.8281999999999
2022-02-09 12:00:00,0.0,305.22589,76.306473,0.0,152.61295,267.07265,0.0,667.0594
2022-02-09 13:00:00,0.0,316.52262,79.130655,0.0,158.26131,276.95729,0.0,618.8064
2022-02-09 14:00:00,0.0,397.816,99.454,0.0,198.908,348.089,0.0,480.04799999999994
2022-02-09 15:00:00,0.0,546.72211,136.68053,0.0,273.36105,478.38185,0.0,294.02209999999997
2022-02-09 16:00:00,0.0,1233.708,142.85714,0.0,616.854,500.0,0.0,13.650999999999998
2022-02-09 17:00:00,134.67,1442.12,142.85714,67.335,721.06,500.0,0.0,0.0
2022-02-09 18:00:00,466.48,1442.12,156.80159,233.24,721.06,500.0,13.805,0.0
2022-02-09 19:00:00,179.89,1442.12,142.85714,89.945,721.06,500.0,0.0,0.0
2022-02-09 20:00:00,177.07,1442.12,142.85714,88.535,721.06,500.0,0.0,0.0
2022-02-09 21:00:00,185.83,1442.12,142.85714,92.915,721.06,500.0,0.0,0.0
2022-02-09 22:00:00,299.45,1442.12,142.85714,149.725,721.06,500.0,0.0,0.0
2022-02-09 23:00:00,291.47,1442.12,142.85714,145.735,721.06,500.0,0.0,0.0
2022-02-10 00:00:00,208.93,1442.12,142.85714,104.465,721.06,500.0,0.0,0.0
2022-02-10 01:00:00,157.41,1442.12,142.85714,78.705,721.06,500.0,0.0,0.0
2022-02-10 02:00:00,216.87,1442.12,142.85714,108.435,721.06,500.0,0.0,0.0
2022-02-10 03:00:00,195.35,1442.12,142.85714,97.675,721.06,500.0,0.0,0.0
2022-02-10 04:00:00,254.91,1442.12,142.85714,127.455,721.06,500.0,0.0,0.0
2022-02-10 05:00:00,246.51,1442.12,142.85714,123.255,721.06,500.0,0.0,0.0
2022-02-10 06:00:00,293.33,1442.12,142.85714,146.665,721.06,500.0,0.0,0.0
2022-02-10 07:00:00,65.984,1442.12,142.85714,32.992,721.06,500.0,0.0,242.433
2022-02-10 08:00:00,0.0,1094.5306,142.85714,0.0,547.2653,500.0,0.0,432.80969999999996
2022-02-10 09:00:00,0.0,899.1428,142.85714,0.0,449.5714,500.0,0.0,579.1236
2022-02-10 10:00:00,0.0,572.6132,142.85714,0.0,286.3066,500.0,0.0,693.5584
2022-02-10 11:00:00,0.0,583.8624,142.85714,0.0,291.9312,500.0,0.0,699.3838
2022-02-10 12:00:00,0.0,491.3504,122.8376,0.0,245.6752,429.9316,0.0,681.3381999999999
2022-02-10 13:00:00,0.0,455.5456,113.8864,0.0,227.7728,398.6024,0.0,626.5297999999999
2022-02-10 14:00:00,0.0,548.08516,137.02129,0.0,274.04258,479.57452,0.0,487.07789999999994
2022-02-10 15:00:00,0.0,1054.6196,142.85714,0.0,527.3098,500.0,0.0,297.28520000000003
2022-02-10 16:00:00,153.0292,1442.12,142.85714,76.5146,721.06,500.0,0.0,14.950400000000002
2022-02-10 17:00:00,466.48,1442.12,161.41775,233.24,721.06,500.0,18.375,0.0
2022-02-10 18:00:00,466.48,1442.12,194.62987,233.24,721.06,500.0,51.255,0.0
2022-02-10 19:00:00,283.53,1442.12,142.85714,141.765,721.06,500.0,0.0,0.0
2022-02-10 20:00:00,152.69,1442.12,142.85714,76.345,721.06,500.0,0.0,0.0
2022-02-10 21:00:00,102.51,1442.12,142.85714,51.255,721.06,500.0,0.0,0.0
2022-02-10 22:00:00,32.01,1442.12,142.85714,16.005,721.06,500.0,0.0,0.0
2022-02-10 23:00:00,0.0,1442.12,157.9228,0.0,721.06,500.0,14.915,0.0
2022-02-11 00:00:00,22.07,1442.12,142.85714,11.035,721.06,500.0,0.0,0.0
2022-02-11 01:00:00,0.0,1414.27,142.85714,0.0,707.135,500.0,0.0,0.0
2022-02-11 02:00:00,0.0,1369.41,142.85714,0.0,684.705,500.0,0.0,0.0
2022-02-11 03:00:00,0.0,1363.93,142.85714,0.0,681.965,500.0,0.0,0.0
2022-02-11 04:00:00,0.0,1375.37,142.85714,0.0,687.685,500.0,0.0,0.0
2022-02-11 05:00:00,0.0,1370.69,142.85714,0.0,685.345,500.0,0.0,0.0
2022-02-11 06:00:00,0.0,1384.09,142.85714,0.0,692.045,500.0,0.0,0.0
2022-02-11 07:00:00,0.0,1103.0754,142.85714,0.0,551.5377,500.0,0.0,242.36729999999997
2022-02-11 08:00:00,0.0,717.6254,142.85714,0.0,358.8127,500.0,0.0,436.9123000000001
2022-02-11 09:00:00,0.0,611.3598,142.85714,0.0,305.6799,500.0,0.0,583.9051
2022-02-11 10:00:00,0.0,551.80029,137.95007,0.0,275.90015,482.82525,0.0,693.8796
2022-02-11 11:00:00,0.0,709.2476,142.85714,0.0,354.6238,500.0,0.0,709.8811999999999
2022-02-11 12:00:00,0.0,520.35389,130.08847,0.0,260.17695,455.30965,0.0,695.7484000000001
2022-02-11 13:00:00,0.0,508.00196,127.00049,0.0,254.00098,444.50172,0.0,631.0922999999999
2022-02-11 14:00:00,0.0,682.9786,142.85714,0.0,341.4893,500.0,0.0,478.2157000000001
2022-02-11 15:00:00,0.0,1034.0378,142.85714,0.0,517.0189,500.0,0.0,298.98609999999996
2022-02-11 16:00:00,217.2692,1442.12,142.85714,108.6346,721.06,500.0,0.0,14.950400000000002
2022-02-11 17:00:00,326.23,1442.12,142.85714,163.115,721.06,500.0,0.0,0.0
2022-02-11 18:00:00,466.48,1442.12,251.21573,233.24,721.06,500.0,107.275,0.0
2022-02-11 19:00:00,465.95,1442.12,142.85714,232.975,721.06,500.0,0.0,0.0
2022-02-11 20:00:00,286.43,1442.12,142.85714,143.215,721.06,500.0,0.0,0.0
2022-02-11 21:00:00,187.93,1442.12,142.85714,93.965,721.06,500.0,0.0,0.0
2022-02-11 22:00:00,137.65,1442.12,142.85714,68.825,721.06,500.0,0.0,0.0
2022-02-11 23:00:00,0.0,1425.53,142.85714,0.0,712.765,500.0,0.0,0.0
2022-02-12 00:00:00,0.0,1322.55,142.85714,0.0,661.275,500.0,0.0,0.0
2022-02-12 01:00:00,0.0,1313.03,142.85714,0.0,656.515,500.0,0.0,0.0
2022-02-12 02:00:00,0.0,1271.87,142.85714,0.0,635.935,500.0,0.0,0.0
2022-02-12 03:00:00,0.0,1257.45,142.85714,0.0,628.725,500.0,0.0,0.0
2022-02-12 04:00:00,0.0,1235.21,142.85714,0.0,617.605,500.0,0.0,0.0
2022-02-12 05:00:00,0.0,1348.87,142.85714,0.0,674.435,500.0,0.0,0.0
2022-02-12 06:00:00,0.0,1442.12,300.04401,0.0,721.06,500.0,155.615,0.0
2022-02-12 07:00:00,0.0,1442.12,189.18128,0.0,721.06,500.0,45.8609,227.1541
2022-02-12 08:00:00,0.0,582.8006,142.85714,0.0,291.4003,500.0,0.0,428.79470000000003
2022-02-12 09:00:00,0.0,451.95695,112.98924,0.0,225.97847,395.46233,0.0,531.1042
2022-02-12 10:00:00,0.0,351.46284,87.865709,0.0,175.73142,307.52998,0.0,657.2336
2022-02-12 11:00:00,0.0,335.76095,83.940236,0.0,167.88047,293.79083,0.0,701.3036999999999
2022-02-12 12:00:00,0.0,268.25695,67.064236,0.0,134.12847,234.72483,0.0,672.5417
2022-02-12 13:00:00,0.0,363.07295,90.768236,0.0,181.53647,317.68883,0.0,608.0097
2022-02-12 14:00:00,0.0,527.30807,131.82702,0.0,263.65404,461.39456,0.0,332.64639999999997
2022-02-12 15:00:00,0.0,727.2078,142.85714,0.0,363.6039,500.0,0.0,181.8211
2022-02-12 16:00:00,0.0,1119.8134,142.85714,0.0,559.9067,500.0,0.0,19.4983
2022-02-12 17:00:00,0.0,1390.29,142.85714,0.0,695.145,500.0,0.0,0.0
2022-02-12 18:00:00,259.49,1442.12,142.85714,129.745,721.06,500.0,0.0,0.0
2022-02-12 19:00:00,0.0,1442.12,189.04401,0.0,721.06,500.0,45.725,0.0
2022-02-12 20:00:00,0.0,1442.12,148.58947,0.0,721.06,500.0,5.675,0.0
2022-02-12 21:00:00,0.0,1363.73,142.85714,0.0,681.865,500.0,0.0,0.0
2022-02-12 22:00:00,0.0,1323.31,142.85714,0.0,661.655,500.0,0.0,0.0
2022-02-12 23:00:00,0.0,1187.45,142.85714,0.0,593.725,500.0,0.0,0.0
2022-02-13 00:00:00,0.0,1106.91,142.85714,0.0,553.455,500.0,0.0,0.0
2022-02-13 01:00:00,0.0,1132.01,142.85714,0.0,566.005,500.0,0.0,0.0
2022-02-13 02:00:00,0.0,1091.81,142.85714,0.0,545.905,500.0,0.0,0.0
2022-02-13 03:00:00,0.0,1086.77,142.85714,0.0,543.385,500.0,0.0,0.0
2022-02-13 04:00:00,0.0,1111.49,142.85714,0.0,555.745,500.0,0.0,0.0
2022-02-13 05:00:00,0.0,1191.09,142.85714,0.0,595.545,500.0,0.0,0.0
2022-02-13 06:00:00,0.0,1442.12,278.07431,0.0,721.06,500.0,133.865,0.0
2022-02-13 07:00:00,0.0,1319.932,142.85714,0.0,659.966,500.0,0.0,228.709
2022-02-13 08:00:00,0.0,591.1094,142.85714,0.0,295.5547,500.0,0.0,417.64029999999997
2022-02-13 09:00:00,0.0,415.76247,103.94062,0.0,207.88124,363.79216,0.0,567.8815999999999
2022-02-13 10:00:00,0.0,329.37491,82.343727,0.0,164.68745,288.20305,0.0,675.7245
2022-02-13 11:00:00,0.0,363.55644,90.889109,0.0,181.77822,318.11188,0.0,689.9449000000001
2022-02-13 12:00:00,0.0,353.84204,88.460509,0.0,176.92102,309.61178,0.0,601.6221999999999
2022-02-13 13:00:00,0.0,358.77927,89.694818,0.0,179.38964,313.93186,0.0,575.2035
2022-02-13 14:00:00,0.0,481.33491,120.33373,0.0,240.66745,421.16805,0.0,415.4795
2022-02-13 15:00:00,0.0,808.0246,142.85714,0.0,404.0123,500.0,0.0,227.02270000000001
2022-02-13 16:00:00,0.0,1246.3316,142.85714,0.0,623.1658,500.0,0.0,17.5492
2022-02-13 17:00:00,0.0,1442.12,173.42785,0.0,721.06,500.0,30.265,0.0
2022-02-13 18:00:00,0.0,1442.12,327.943,0.0,721.06,500.0,183.235,0.0
2022-02-13 19:00:00,0.0,1442.12,198.58947,0.0,721.06,500.0,55.175,0.0
2022-02-13 20:00:00,0.0,1442.12,144.08442,0.0,721.06,500.0,1.215,0.0
2022-02-13 21:00:00,0.0,1442.12,239.84199,0.0,721.06,500.0,96.015,0.0
2022-02-13 22:00:00,0.0,1437.39,142.85714,0.0,718.695,500.0,0.0,0.0
2022-02-13 23:00:00,0.0,1392.49,142.85714,0.0,696.245,500.0,0.0,0.0
2022-02-14 00:00:00,0.0,1038.667,259.66675,0.0,519.33349,500.0,115.64151,0.0
2022-02-14 01:00:00,0.0,1026.9613,256.74032,0.0,513.48065,500.0,112.74435,0.0
2022-02-14 02:00:00,0.0,1035.871,258.96775,0.0,517.9355,500.0,114.9495,0.0
2022-02-14 03:00:00,0.0,1041.2757,260.31892,0.0,520.63784,500.0,116.28716,0.0
2022-02-14 04:00:00,0.0,1051.8442,262.96106,0.0,525.92212,500.0,118.90288,0.0
2022-02-14 05:00:00,0.0,1409.71,142.85714,0.0,704.855,500.0,0.0,0.0
2022-02-14 06:00:00,0.0,1442.12,347.15512,0.0,721.06,500.0,202.255,0.0
2022-02-14 07:00:00,0.0,1442.12,221.29371,0.0,721.06,500.0,77.6522,234.59279999999998
2022-02-14 08:00:00,0.0,1072.3824,142.85714,0.0,536.1912,500.0,0.0,232.18380000000002
2022-02-14 09:00:00,0.0,541.36189,135.34047,0.0,270.68095,473.69165,0.0,417.47239999999994
2022-02-14 10:00:00,0.0,418.42196,104.60549,0.0,209.21098,366.11922,0.0,571.4147999999999
2022-02-14 11:00:00,0.0,515.84291,128.96073,0.0,257.92145,451.36255,0.0,448.001
2022-02-14 12:00:00,0.0,459.26436,114.81609,0.0,229.63218,401.85632,0.0,387.6665
2022-02-14 13:00:00,0.0,490.40691,122.60173,0.0,245.20345,429.10605,0.0,377.6655
2022-02-14 14:00:00,0.0,449.82495,112.45624,0.0,224.91247,393.59683,0.0,420.5457
2022-02-14 15:00:00,0.0,569.82945,142.45736,0.0,284.91473,498.60077,0.0,251.95949999999996
2022-02-14 16:00:00,0.0,1079.0228,142.85714,0.0,539.5114,500.0,0.0,63.01359999999999
2022-02-14 17:00:00,93.21,1442.12,142.85714,46.605,721.06,500.0,0.0,0.0
2022-02-14 18:00:00,466.48,1442.12,175.23593,233.24,721.06,500.0,32.055,0.0
2022-02-14 19:00:00,0.0,1442.12,286.72078,0.0,721.06,500.0,142.425,0.0
2022-02-14 20:00:00,0.0,1442.12,305.9329,0.0,721.06,500.0,161.445,0.0
2022-02-14 21:00:00,0.0,1442.12,279.35714,0.0,721.06,500.0,135.135,0.0
2022-02-14 22:00:00,0.0,1442.12,184.26623,0.0,721.06,500.0,40.995,0.0
2022-02-14 23:00:00,0.0,1372.69,142.85714,0.0,686.345,500.0,0.0,0.0
2022-02-15 00:00:00,0.0,1341.35,142.85714,0.0,670.675,500.0,0.0,0.0
2022-02-15 01:00:00,0.0,1322.15,142.85714,0.0,661.075,500.0,0.0,0.0
2022-02-15 02:00:00,0.0,1355.29,142.85714,0.0,677.645,500.0,0.0,0.0
2022-02-15 03:00:00,0.0,1376.01,142.85714,0.0,688.005,500.0,0.0,0.0
2022-02-15 04:00:00,0.0,1393.25,142.85714,0.0,696.625,500.0,0.0,0.0
2022-02-15 05:00:00,0.0,1442.12,196.03391,0.0,721.06,500.0,52.645,0.0
2022-02-15 06:00:00,466.48,1442.12,154.30149,233.24,721.06,500.0,11.3299,1.3651
2022-02-15 07:00:00,452.9176,1442.12,142.85714,226.4588,721.06,500.0,0.0,132.0862
2022-02-15 08:00:00,0.0,1106.6584,142.85714,0.0,553.3292,500.0,0.0,268.9758
2022-02-15 09:00:00,0.0,775.3324,142.85714,0.0,387.6662,500.0,0.0,298.9788
2022-02-15 10:00:00,0.0,699.4258,142.85714,0.0,349.7129,500.0,0.0,261.9021
2022-02-15 11:00:00,0.0,1003.8828,142.85714,0.0,501.9414,500.0,0.0,164.4836
2022-02-15 12:00:00,0.0,994.6638,142.85714,0.0,497.3319,500.0,0.0,38.3031
2022-02-15 13:00:00,0.0,954.4658,142.85714,0.0,477.2329,500.0,0.0,56.77210000000001
2022-02-15 14:00:00,0.0,1023.0264,142.85714,0.0,511.5132,500.0,0.0,36.251799999999996
2022-02-15 15:00:00,0.0,1257.4172,142.85714,0.0,628.7086,500.0,0.0,14.366399999999999
2022-02-15 16:00:00,0.0,1405.1626,142.85714,0.0,702.5813,500.0,0.0,3.4236999999999997
2022-02-15 17:00:00,0.0,1442.12,178.74098,0.0,721.06,500.0,35.525,0.0
2022-02-15 18:00:00,32.356201,1442.12,371.20755,16.178101,721.06,500.0,226.0669,0.0
2022-02-15 19:00:00,0.0,1442.12,298.87229,0.0,721.06,500.0,154.455,0.0
2022-02-15 20:00:00,0.0,1442.12,254.87229,0.0,721.06,500.0,110.895,0.0
2022-02-15 21:00:00,0.0,1442.12,212.22583,0.0,721.06,500.0,68.675,0.0
2022-02-15 22:00:00,0.0,1442.12,192.61977,0.0,721.06,500.0,49.265,0.0
2022-02-15 23:00:00,0.0,1384.61,142.85714,0.0,692.305,500.0,0.0,0.0
2022-02-16 00:00:00,0.0,1258.81,142.85714,0.0,629.405,500.0,0.0,0.0
2022-02-16 01:00:00,0.0,1202.67,142.85714,0.0,601.335,500.0,0.0,0.0
2022-02-16 02:00:00,0.0,1180.03,142.85714,0.0,590.015,500.0,0.0,0.0
2022-02-16 03:00:00,0.0,1158.89,142.85714,0.0,579.445,500.0,0.0,0.0
2022-02-16 04:00:00,0.0,1173.79,142.85714,0.0,586.895,500.0,0.0,0.0
2022-02-16 05:00:00,0.0,1262.49,142.85714,0.0,631.245,500.0,0.0,0.0
2022-02-16 06:00:00,0.0,1442.12,254.97583,0.0,721.06,500.0,110.9975,2.7375
2022-02-16 07:00:00,72.7838,1442.12,142.85714,36.3919,721.06,500.0,0.0,236.8631
2022-02-16 08:00:00,7.8156,1442.12,142.85714,3.9078,721.06,500.0,0.0,69.0872
2022-02-16 09:00:00,0.0,1066.309,142.85714,0.0,533.1545,500.0,0.0,196.9905
2022-02-16 10:00:00,0.0,613.3166,142.85714,0.0,306.6583,500.0,0.0,388.2067
2022-02-16 11:00:00,0.0,410.75404,102.68851,0.0,205.37702,359.40978,0.0,649.2181999999999
2022-02-16 12:00:00,0.0,496.96647,124.24162,0.0,248.48324,434.84566,0.0,430.3861
2022-02-16 13:00:00,0.0,353.96698,88.491745,0.0,176.98349,309.72111,0.0,620.1204
2022-02-16 14:00:00,0.0,569.79753,142.44938,0.0,284.89876,498.57284,0.0,323.0834
2022-02-16 15:00:00,0.0,724.2032,142.85714,0.0,362.1016,500.0,0.0,256.6534
2022-02-16 16:00:00,0.0,1166.6332,142.85714,0.0,583.3166,500.0,0.0,91.30839999999999
2022-02-16 17:00:00,0.0,1442.12,197.03391,0.0,721.06,500.0,53.635,0.0
2022-02-16 18:00:00,0.0,1442.12,349.59957,0.0,721.06,500.0,204.675,0.0
2022-02-16 19:00:00,0.0,1442.12,211.73088,0.0,721.06,500.0,68.185,0.0
2022-02-16 20:00:00,0.0,1399.69,142.85714,0.0,699.845,500.0,0.0,0.0
2022-02-16 21:00:00,0.0,1344.09,142.85714,0.0,672.045,500.0,0.0,0.0
2022-02-16 22:00:00,0.0,1355.87,142.85714,0.0,677.935,500.0,0.0,0.0
2022-02-16 23:00:00,0.0,1230.87,142.85714,0.0,615.435,500.0,0.0,0.0
2022-02-17 00:00:00,0.0,1020.6469,255.16173,0.0,510.32346,500.0,111.18154,0.0
2022-02-17 01:00:00,0.0,964.17869,241.04467,0.0,482.08935,500.0,97.205655,0.0
2022-02-17 02:00:00,0.0,962.39943,240.59986,0.0,481.19971,500.0,96.765287,0.0
2022-02-17 03:00:00,0.0,959.26899,239.81725,0.0,479.6345,500.0,95.990504,0.0
2022-02-17 04:00:00,0.0,979.85762,244.96441,0.0,489.92881,500.0,101.08619,0.0
2022-02-17 05:00:00,0.0,973.27568,243.31892,0.0,486.63784,500.0,99.45716,0.0
2022-02-17 06:00:00,0.0,1219.8426,142.85714,0.0,609.9213,500.0,0.0,3.4236999999999997
2022-02-17 07:00:00,0.0,1159.6744,142.85714,0.0,579.8372,500.0,0.0,150.27779999999998
2022-02-17 08:00:00,0.0,819.4608,142.85714,0.0,409.7304,500.0,0.0,419.76460000000003
2022-02-17 09:00:00,0.0,548.31338,137.07835,0.0,274.15669,479.77421,0.0,589.2341
2022-02-17 10:00:00,0.0,645.7484,142.85714,0.0,322.8742,500.0,0.0,578.1307999999999
2022-02-17 11:00:00,0.0,596.5106,142.85714,0.0,298.2553,500.0,0.0,624.0696999999999
2022-02-17 12:00:00,0.0,412.18015,103.04504,0.0,206.09007,360.65763,0.0,694.9672999999999
2022-02-17 13:00:00,0.0,425.64953,106.41238,0.0,212.82476,372.44334,0.0,588.0369000000001
2022-02-17 14:00:00,0.0,536.60516,134.15129,0.0,268.30258,469.52952,0.0,458.9728999999999
2022-02-17 15:00:00,0.0,588.348,142.85714,0.0,294.174,500.0,0.0,312.221
2022-02-17 16:00:00,0.0,1201.2836,142.85714,0.0,600.6418,500.0,0.0,102.81320000000001
2022-02-17 17:00:00,0.0,1442.12,261.61977,0.0,721.06,500.0,117.575,0.0
2022-02-17 18:00:00,12.179595,1442.12,364.54927,6.0897976,721.06,500.0,219.4752,0.0
2022-02-17 19:00:00,0.0,1442.12,218.62987,0.0,721.06,500.0,75.015,0.0
2022-02-17 20:00:00,0.0,1439.65,142.85714,0.0,719.825,500.0,0.0,0.0
2022-02-17 21:00:00,0.0,1393.53,142.85714,0.0,696.765,500.0,0.0,0.0
2022-02-17 22:00:00,0.0,1383.01,142.85714,0.0,691.505,500.0,0.0,0.0
2022-02-17 23:00:00,0.0,1358.47,142.85714,0.0,679.235,500.0,0.0,0.0
2022-02-18 00:00:00,0.0,1210.27,142.85714,0.0,605.135,500.0,0.0,0.0
2022-02-18 01:00:00,0.0,1192.31,142.85714,0.0,596.155,500.0,0.0,0.0
2022-02-18 02:00:00,0.0,1188.71,142.85714,0.0,594.355,500.0,0.0,0.0
2022-02-18 03:00:00,0.0,1176.73,142.85714,0.0,588.365,500.0,0.0,0.0
2022-02-18 04:00:00,0.0,1202.99,142.85714,0.0,601.495,500.0,0.0,0.0
2022-02-18 05:00:00,0.0,1200.25,142.85714,0.0,600.125,500.0,0.0,0.0
2022-02-18 06:00:00,0.0,1212.4,142.85714,0.0,606.2,500.0,0.0,5.475
2022-02-18 07:00:00,0.0,895.7698,142.85714,0.0,447.8849,500.0,0.0,255.04009999999997
2022-02-18 08:00:00,0.0,715.606,142.85714,0.0,357.803,500.0,0.0,441.212
2022-02-18 09:00:00,0.0,518.0456,129.5114,0.0,259.0228,453.2899,0.0,585.1022999999999
2022-02-18 10:00:00,0.0,528.61825,132.15456,0.0,264.30913,462.54097,0.0,644.6849
2022-02-18 11:00:00,0.0,514.24465,128.56116,0.0,257.12233,449.96407,0.0,724.0286
2022-02-18 12:00:00,0.0,368.13258,92.033145,0.0,184.06629,322.11601,0.0,726.3426999999999
2022-02-18 13:00:00,0.0,405.46662,101.36665,0.0,202.73331,354.78329,0.0,631.5084
2022-02-18 14:00:00,0.0,513.97949,128.49487,0.0,256.98975,449.73205,0.0,483.87320000000005
2022-02-18 15:00:00,0.0,750.566,142.85714,0.0,375.283,500.0,0.0,311.272
2022-02-18 16:00:00,0.0,1258.35,142.85714,0.0,629.175,500.0,0.0,103.66000000000001
2022-02-18 17:00:00,0.0,1442.12,208.68038,0.0,721.06,500.0,65.165,0.0
2022-02-18 18:00:00,77.414868,1442.12,386.07691,38.707434,721.06,500.0,240.78757,0.0
2022-02-18 19:00:00,0.0,1442.12,268.58947,0.0,721.06,500.0,124.475,0.0
2022-02-18 20:00:00,0.0,1442.12,213.33694,0.0,721.06,500.0,69.775,0.0
2022-02-18 21:00:00,0.0,1371.37,142.85714,0.0,685.685,500.0,0.0,0.0
2022-02-18 22:00:00,0.0,1442.12,150.71068,0.0,721.06,500.0,7.775,0.0
2022-02-18 23:00:00,0.0,1297.97,142.85714,0.0,648.985,500.0,0.0,0.0
2022-02-19 00:00:00,0.0,1157.07,142.85714,0.0,578.535,500.0,0.0,0.0
2022-02-19 01:00:00,0.0,964.17869,241.04467,0.0,482.08935,500.0,97.205655,0.0
2022-02-19 02:00:00,0.0,931.02819,232.75705,0.0,465.51409,500.0,89.000905,0.0
2022-02-19 03:00:00,0.0,940.03153,235.00788,0.0,470.01577,500.0,91.229233,0.0
2022-02-19 04:00:00,0.0,965.61013,241.40253,0.0,482.80506,500.0,97.559935,0.0
2022-02-19 05:00:00,0.0,1045.3693,261.34233,0.0,522.68466,500.0,117.30034,0.0
2022-02-19 06:00:00,0.0,1364.8022,341.20056,0.0,682.40112,500.0,196.35998,6.153899999999999
2022-02-19 07:00:00,0.0,1208.6026,302.15066,0.0,604.30132,500.0,157.70058,257.30310000000003
2022-02-19 08:00:00,0.0,666.03354,166.50839,0.0,333.01677,500.0,23.41473,438.69350000000003
2022-02-19 09:00:00,0.0,468.17331,117.04333,0.0,234.08665,409.65165,0.0,578.0066999999999
2022-02-19 10:00:00,0.0,449.43084,112.35771,0.0,224.71542,393.25198,0.0,584.8176
2022-02-19 11:00:00,0.0,477.91607,119.47902,0.0,238.95804,418.17656,0.0,637.6404
2022-02-19 12:00:00,0.0,463.26065,115.81516,0.0,231.63033,405.35307,0.0,577.3716
2022-02-19 13:00:00,0.0,662.61294,165.65323,0.0,331.30647,500.0,22.568131,376.30039999999997
2022-02-19 14:00:00,0.0,784.6619,196.16548,0.0,392.33095,500.0,52.775249,235.4688
2022-02-19 15:00:00,0.0,988.6504,247.1626,0.0,494.3252,500.0,103.2624,104.6674
2022-02-19 16:00:00,0.0,1109.6978,277.42444,0.0,554.84888,500.0,133.22162,51.5745
2022-02-19 17:00:00,0.0,1442.12,252.9329,0.0,721.06,500.0,108.975,0.0
2022-02-19 18:00:00,120.9615,1442.12,400.44729,60.48075,721.06,500.0,255.01425,0.0
2022-02-19 19:00:00,0.0,1442.12,316.24603,0.0,721.06,500.0,171.655,0.0
2022-02-19 20:00:00,0.0,1442.12,337.15512,0.0,721.06,500.0,192.355,0.0
2022-02-19 21:00:00,0.0,1442.12,340.07431,0.0,721.06,500.0,195.245,0.0
2022-02-19 22:00:00,0.0,1442.12,248.86219,0.0,721.06,500.0,104.945,0.0
2022-02-19 23:00:00,0.0,1442.12,152.70058,0.0,721.06,500.0,9.745,0.0
2022-02-20 00:00:00,0.0,1429.41,142.85714,0.0,714.705,500.0,0.0,0.0
2022-02-20 01:00:00,0.0,1380.03,142.85714,0.0,690.015,500.0,0.0,0.0
2022-02-20 02:00:00,0.0,1360.83,142.85714,0.0,680.415,500.0,0.0,0.0
2022-02-20 03:00:00,0.0,1388.83,142.85714,0.0,694.415,500.0,0.0,0.0
2022-02-20 04:00:00,0.0,1408.09,142.85714,0.0,704.045,500.0,0.0,0.0
2022-02-20 05:00:00,0.0,1442.12,189.22583,0.0,721.06,500.0,45.905,0.0
2022-02-20 06:00:00,61.768322,1442.12,380.91355,30.884161,721.06,500.0,235.67584,5.475
2022-02-20 07:00:00,87.044359,1442.12,389.25464,43.522179,721.06,500.0,243.93352,84.97930000000001
2022-02-20 08:00:00,0.0,1077.8984,142.85714,0.0,538.9492,500.0,0.0,307.6658
2022-02-20 09:00:00,0.0,772.832,142.85714,0.0,386.416,500.0,0.0,430.919
2022-02-20 10:00:00,0.0,767.662,142.85714,0.0,383.831,500.0,0.0,357.554
2022-02-20 11:00:00,0.0,513.67222,128.41805,0.0,256.83611,449.46319,0.0,532.9657
2022-02-20 12:00:00,0.0,349.12444,87.281109,0.0,174.56222,305.48388,0.0,678.1189
2022-02-20 13:00:00,0.0,616.27956,154.06989,0.0,308.13978,500.0,11.10062,329.2446
2022-02-20 14:00:00,0.0,747.69668,186.92417,0.0,373.84834,500.0,43.626358,278.21029999999996
2022-02-20 15:00:00,0.0,953.81294,238.45323,0.0,476.90647,500.0,94.640131,143.1384
2022-02-20 16:00:00,0.0,1076.6715,269.16788,0.0,538.33577,500.0,125.04763,49.5816
2022-02-20 17:00:00,0.0,1323.3225,330.83063,0.0,661.66125,500.0,186.09375,0.0
2022-02-20 18:00:00,206.53063,1442.12,428.68511,103.26531,721.06,500.0,282.96969,0.0
2022-02-20 19:00:00,134.06178,1442.12,404.77039,67.030889,721.06,500.0,259.29411,0.0
2022-02-20 20:00:00,36.481035,1442.12,372.56874,18.240517,721.06,500.0,227.41448,0.0
2022-02-20 21:00:00,125.42503,1442.12,401.92026,62.712514,721.06,500.0,256.47249,0.0
2022-02-20 22:00:00,0.0,1400.2456,350.0614,0.0,700.12279,500.0,205.13221,0.0
2022-02-20 23:00:00,0.0,1246.8275,311.70688,0.0,623.41376,500.0,167.16124,0.0
2022-02-21 00:00:00,0.0,1198.0115,299.50287,0.0,599.00573,500.0,155.07927,0.0
2022-02-21 01:00:00,0.0,1163.1887,290.79718,0.0,581.59436,500.0,146.46064,0.0
2022-02-21 02:00:00,0.0,1176.0984,294.02461,0.0,588.04921,500.0,149.65579,0.0
2022-02-21 03:00:00,0.0,1160.2857,290.07143,0.0,580.14286,500.0,145.74214,0.0
2022-02-21 04:00:00,0.0,1169.3827,292.34568,0.0,584.69135,500.0,147.99365,0.0
2022-02-21 05:00:00,0.0,1265.4095,316.35237,0.0,632.70473,500.0,171.76027,0.0
2022-02-21 06:00:00,150.78332,1442.12,410.2885,75.39166,721.06,500.0,264.75704,7.5263
2022-02-21 07:00:00,35.767233,1442.12,372.33319,17.883616,721.06,500.0,227.18128,211.9701
2022-02-21 08:00:00,0.0,1442.12,155.79785,0.0,721.06,500.0,12.8113,170.59369999999998
2022-02-21 09:00:00,0.0,748.8976,142.85714,0.0,374.4488,500.0,0.0,455.47619999999995
2022-02-21 10:00:00,0.0,532.76778,133.19195,0.0,266.38389,466.17181,0.0,585.7592999999999
2022-02-21 11:00:00,0.0,447.43447,111.85862,0.0,223.71724,391.50516,0.0,715.1225999999999
2022-02-21 12:00:00,0.0,420.40291,105.10073,0.0,210.20145,367.85255,0.0,610.791
2022-02-21 13:00:00,0.0,386.68284,96.670709,0.0,193.34142,338.34748,0.0,599.0160999999999
2022-02-21 14:00:00,0.0,547.40065,136.85016,0.0,273.70033,478.97557,0.0,321.6891
2022-02-21 15:00:00,0.0,1134.6702,142.85714,0.0,567.3351,500.0,0.0,90.9799
2022-02-21 16:00:00,0.0,1328.7316,142.85714,0.0,664.3658,500.0,0.0,54.779199999999996
2022-02-21 17:00:00,0.0,1442.12,215.65007,0.0,721.06,500.0,72.065,0.0
2022-02-21 18:00:00,159.65752,1442.12,413.21698,79.82876,721.06,500.0,267.65624,0.0
2022-02-21 19:00:00,23.804127,1442.12,368.38536,11.902063,721.06,500.0,223.27294,0.0
2022-02-21 20:00:00,83.426722,1442.12,388.06082,41.713361,721.06,500.0,242.75164,0.0
2022-02-21 21:00:00,0.0,1442.12,348.36724,0.0,721.06,500.0,203.455,0.0
2022-02-21 22:00:00,4.1718537,1442.12,361.90671,2.0859268,721.06,500.0,216.85907,0.0
2022-02-21 23:00:00,0.0,1442.12,289.08442,0.0,721.06,500.0,144.765,0.0
2022-02-22 00:00:00,0.0,1442.12,275.18543,0.0,721.06,500.0,131.005,0.0
2022-02-22 01:00:00,0.0,1442.12,245.79149,0.0,721.06,500.0,101.905,0.0
2022-02-22 02:00:00,0.0,1442.12,209.02381,0.0,721.06,500.0,65.505,0.0
2022-02-22 03:00:00,0.0,1442.12,193.77128,0.0,721.06,500.0,50.405,0.0
2022-02-22 04:00:00,0.0,1442.12,217.70058,0.0,721.06,500.0,74.095,0.0
2022-02-22 05:00:00,0.0,1442.12,270.81169,0.0,721.06,500.0,126.675,0.0
2022-02-22 06:00:00,193.20052,1442.12,424.28617,96.600261,721.06,500.0,278.61474,12.41
2022-02-22 07:00:00,466.48,1442.12,224.63341,233.24,721.06,500.0,80.9585,122.67649999999999
2022-02-22 08:00:00,0.0,1062.9062,142.85714,0.0,531.4531,500.0,0.0,414.6618999999999
2022-02-22 09:00:00,0.0,568.06284,142.01571,0.0,284.03142,497.05498,0.0,509.40860000000004
2022-02-22 10:00:00,0.0,1183.772,142.85714,0.0,591.886,500.0,0.0,184.909
2022-02-22 11:00:00,0.0,498.79098,124.69775,0.0,249.39549,436.44211,0.0,614.2074
2022-02-22 12:00:00,0.0,453.7704,113.4426,0.0,226.8852,397.0491,0.0,572.0206999999999
2022-02-22 13:00:00,0.0,401.57753,100.39438,0.0,200.78876,351.38034,0.0,618.9159000000001
2022-02-22 14:00:00,0.0,506.71215,126.67804,0.0,253.35607,443.37313,0.0,450.74580000000003
2022-02-22 15:00:00,0.0,716.0846,142.85714,0.0,358.0423,500.0,0.0,312.4327
2022-02-22 16:00:00,0.0,1303.3074,142.85714,0.0,651.6537,500.0,0.0,118.12130000000002
2022-02-22 17:00:00,0.0,1442.12,294.68038,0.0,721.06,500.0,150.305,0.0
2022-02-22 18:00:00,204.17185,1442.12,427.90671,102.08593,721.06,500.0,282.19907,0.0
2022-02-22 19:00:00,21.796143,1442.12,367.72273,10.898072,721.06,500.0,222.61693,0.0
2022-02-22 20:00:00,0.0,1442.12,349.30664,0.0,721.06,500.0,204.385,0.0
2022-02-22 21:00:00,0.0,1442.12,276.85209,0.0,721.06,500.0,132.655,0.0
2022-02-22 22:00:00,0.0,1442.12,209.47835,0.0,721.06,500.0,65.955,0.0
2022-02-22 23:00:00,0.0,1432.31,142.85714,0.0,716.155,500.0,0.0,0.0
2022-02-23 00:00:00,0.0,1340.93,142.85714,0.0,670.465,500.0,0.0,0.0
2022-02-23 01:00:00,0.0,1318.81,142.85714,0.0,659.405,500.0,0.0,0.0
2022-02-23 02:00:00,0.0,1292.83,142.85714,0.0,646.415,500.0,0.0,0.0
2022-02-23 03:00:00,0.0,1315.81,142.85714,0.0,657.905,500.0,0.0,0.0
2022-02-23 04:00:00,0.0,1315.79,142.85714,0.0,657.895,500.0,0.0,0.0
2022-02-23 05:00:00,0.0,1440.79,142.85714,0.0,720.395,500.0,0.0,0.0
2022-02-23 06:00:00,0.0,1442.12,340.87189,0.0,721.06,500.0,196.0346,22.9804
2022-02-23 07:00:00,0.0,1442.12,303.78219,0.0,721.06,500.0,159.3158,278.8892
2022-02-23 08:00:00,0.0,912.0842,142.85714,0.0,456.0421,500.0,0.0,466.27290000000005
2022-02-23 09:00:00,0.0,506.07935,126.51984,0.0,253.03967,442.81943,0.0,575.1159
2022-02-23 10:00:00,0.0,431.37389,107.84347,0.0,215.68695,377.45215,0.0,670.0159
2022-02-23 11:00:00,0.0,436.088,109.022,0.0,218.044,381.577,0.0,673.644
2022-02-23 12:00:00,0.0,326.06102,81.515255,0.0,163.03051,285.30339,0.0,754.1410999999998
2022-02-23 13:00:00,0.0,424.89593,106.22398,0.0,212.44796,371.78394,0.0,636.1731
2022-02-23 14:00:00,0.0,578.8502,142.85714,0.0,289.4251,500.0,0.0,500.50989999999996
2022-02-23 15:00:00,0.0,897.174,142.85714,0.0,448.587,500.0,0.0,317.258
2022-02-23 16:00:00,0.0,1338.9106,142.85714,0.0,669.4553,500.0,0.0,120.3697
2022-02-23 17:00:00,376.51,1442.12,142.85714,188.255,721.06,500.0,0.0,0.0
2022-02-23 18:00:00,466.48,1442.12,295.59957,233.24,721.06,500.0,151.215,0.0
2022-02-23 19:00:00,466.48,1442.12,160.17532,233.24,721.06,500.0,17.145,0.0
2022-02-23 20:00:00,466.48,1442.12,160.56926,233.24,721.06,500.0,17.535,0.0
2022-02-23 21:00:00,34.860132,1442.12,372.03384,17.430066,721.06,500.0,226.88493,0.0
2022-02-23 22:00:00,0.0,1442.12,342.55916,0.0,721.06,500.0,197.705,0.0
2022-02-23 23:00:00,0.0,1442.12,287.9026,0.0,721.06,500.0,143.595,0.0
2022-02-24 00:00:00,0.0,1442.12,279.9026,0.0,721.06,500.0,135.675,0.0
2022-02-24 01:00:00,0.0,1442.12,257.33694,0.0,721.06,500.0,113.335,0.0
2022-02-24 02:00:00,0.0,1442.12,260.37734,0.0,721.06,500.0,116.345,0.0
2022-02-24 03:00:00,0.0,1442.12,269.00361,0.0,721.06,500.0,124.885,0.0
2022-02-24 04:00:00,0.0,1442.12,272.54906,0.0,721.06,500.0,128.395,0.0
2022-02-24 05:00:00,0.0,1442.12,296.9531,0.0,721.06,500.0,152.555,0.0
2022-02-24 06:00:00,0.0,1442.12,288.71179,0.0,721.06,500.0,144.3961,26.228900000000003
2022-02-24 07:00:00,0.0,1416.147,142.85714,0.0,708.0735,500.0,0.0,282.9115
2022-02-24 08:00:00,0.0,1198.5578,142.85714,0.0,599.2789,500.0,0.0,465.4261
2022-02-24 09:00:00,0.0,953.0332,142.85714,0.0,476.5166,500.0,0.0,613.9884000000001
2022-02-24 10:00:00,0.0,684.1412,142.85714,0.0,342.0706,500.0,0.0,700.2744
2022-02-24 11:00:00,0.0,532.18611,133.04653,0.0,266.09305,465.66285,0.0,782.3190999999999
2022-02-24 12:00:00,0.0,448.78051,112.19513,0.0,224.39025,392.68295,0.0,751.6518000000001
2022-02-24 13:00:00,0.0,479.69404,119.92351,0.0,239.84702,419.73228,0.0,619.8357
2022-02-24 14:00:00,0.0,569.13324,142.28331,0.0,284.56662,497.99158,0.0,505.2768
2022-02-24 15:00:00,0.0,1019.399,142.85714,0.0,509.6995,500.0,0.0,314.1555
2022-02-24 16:00:00,0.0,1442.12,176.10088,0.0,721.06,500.0,32.9113,113.65369999999999
2022-02-24 17:00:00,0.0,1442.12,346.72078,0.0,721.06,500.0,201.825,0.0
2022-02-24 18:00:00,159.22205,1442.12,413.07328,79.611027,721.06,500.0,267.51397,0.0
2022-02-24 19:00:00,0.0,1442.12,321.21573,0.0,721.06,500.0,176.575,0.0
2022-02-24 20:00:00,0.0,1442.12,300.29654,0.0,721.06,500.0,155.865,0.0
2022-02-24 21:00:00,0.0,1442.12,291.71068,0.0,721.06,500.0,147.365,0.0
2022-02-24 22:00:00,0.0,1442.12,297.26623,0.0,721.06,500.0,152.865,0.0
2022-02-24 23:00:00,0.0,1442.12,299.46825,0.0,721.06,500.0,155.045,0.0
2022-02-25 00:00:00,0.0,1442.12,271.99351,0.0,721.06,500.0,127.845,0.0
2022-02-25 01:00:00,0.0,1442.12,270.68038,0.0,721.06,500.0,126.545,0.0
2022-02-25 02:00:00,0.0,1442.12,287.77128,0.0,721.06,500.0,143.465,0.0
2022-02-25 03:00:00,0.0,1442.12,321.84199,0.0,721.06,500.0,177.195,0.0
2022-02-25 04:00:00,0.0,1442.12,338.72078,0.0,721.06,500.0,193.905,0.0
2022-02-25 05:00:00,0.0,1442.12,322.44805,0.0,721.06,500.0,177.795,0.0
2022-02-25 06:00:00,0.0,1442.12,289.42462,0.0,721.06,500.0,145.1018,26.8932
2022-02-25 07:00:00,0.0,1442.12,185.03896,0.0,721.06,500.0,41.76,274.845
2022-02-25 08:00:00,0.0,1174.0422,142.85714,0.0,587.0211,500.0,0.0,463.8638999999999
2022-02-25 09:00:00,0.0,1092.2112,142.85714,0.0,546.1056,500.0,0.0,552.4494
2022-02-25 10:00:00,0.0,760.735,142.85714,0.0,380.3675,500.0,0.0,655.3575
2022-02-25 11:00:00,0.0,593.1314,142.85714,0.0,296.5657,500.0,0.0,755.1193000000001
2022-02-25 12:00:00,0.0,417.25935,104.31484,0.0,208.62967,365.10193,0.0,747.9433999999999
2022-02-25 13:00:00,0.0,483.09273,120.77318,0.0,241.54636,422.70614,0.0,643.3125
2022-02-25 14:00:00,0.0,670.4706,142.85714,0.0,335.2353,500.0,0.0,485.3697
2022-02-25 15:00:00,0.0,856.112,142.85714,0.0,428.056,500.0,0.0,314.849
2022-02-25 16:00:00,0.0,1272.677,142.85714,0.0,636.3385,500.0,0.0,121.2165
2022-02-25 17:00:00,0.0,1442.12,291.56926,0.0,721.06,500.0,147.225,0.0
2022-02-25 18:00:00,155.32705,1442.12,411.78793,77.663525,721.06,500.0,266.24148,0.0
2022-02-25 19:00:00,0.0,1442.12,282.47835,0.0,721.06,500.0,138.225,0.0
2022-02-25 20:00:00,0.0,1442.12,238.49856,0.0,721.06,500.0,94.685,0.0
2022-02-25 21:00:00,0.0,1442.12,215.51876,0.0,721.06,500.0,71.935,0.0
2022-02-25 22:00:00,0.0,1442.12,209.28644,0.0,721.06,500.0,65.765,0.0
2022-02-25 23:00:00,0.0,1442.12,171.85209,0.0,721.06,500.0,28.705,0.0
2022-02-26 00:00:00,0.0,1442.12,169.81169,0.0,721.06,500.0,26.685,0.0
2022-02-26 01:00:00,0.0,1442.12,184.33694,0.0,721.06,500.0,41.065,0.0
2022-02-26 02:00:00,0.0,1442.12,163.25613,0.0,721.06,500.0,20.195,0.0
2022-02-26 03:00:00,0.0,1442.12,175.54906,0.0,721.06,500.0,32.365,0.0
2022-02-26 04:00:00,0.0,1442.12,217.8824,0.0,721.06,500.0,74.275,0.0
2022-02-26 05:00:00,248.45,1442.12,142.85714,124.225,721.06,500.0,0.0,0.0
2022-02-26 06:00:00,466.48,1442.12,160.09704,233.24,721.06,500.0,17.0675,22.4475
2022-02-26 07:00:00,466.48,1442.12,268.31967,233.24,721.06,500.0,124.2079,87.0671
2022-02-26 08:00:00,0.0,1430.2,142.85714,0.0,715.1,500.0,0.0,212.795
2022-02-26 09:00:00,0.0,1394.057,142.85714,0.0,697.0285,500.0,0.0,127.0565
2022-02-26 10:00:00,0.0,818.135,142.85714,0.0,409.0675,500.0,0.0,401.3175
2022-02-26 11:00:00,0.0,1053.3974,142.85714,0.0,526.6987,500.0,0.0,234.5563
2022-02-26 12:00:00,0.0,901.1872,142.85714,0.0,450.5936,500.0,0.0,250.52139999999997
2022-02-26 13:00:00,0.0,1194.6828,142.85714,0.0,597.3414,500.0,0.0,72.50359999999999
2022-02-26 14:00:00,0.0,1207.8936,142.85714,0.0,603.9468,500.0,0.0,50.6182
2022-02-26 15:00:00,0.0,1343.4716,142.85714,0.0,671.7358,500.0,0.0,32.1492
2022-02-26 16:00:00,39.1668,1442.12,142.85714,19.5834,721.06,500.0,0.0,22.5716
2022-02-26 17:00:00,229.63,1442.12,142.85714,114.815,721.06,500.0,0.0,0.0
2022-02-26 18:00:00,466.48,1442.12,311.35714,233.24,721.06,500.0,166.815,0.0
2022-02-26 19:00:00,466.48,1442.12,163.28644,233.24,721.06,500.0,20.225,0.0
2022-02-26 20:00:00,466.48,1442.12,185.28644,233.24,721.06,500.0,42.005,0.0
2022-02-26 21:00:00,466.48,1442.12,143.18543,233.24,721.06,500.0,0.325,0.0
2022-02-26 22:00:00,466.48,1442.12,156.74098,233.24,721.06,500.0,13.745,0.0
2022-02-26 23:00:00,0.0,1442.12,302.33694,0.0,721.06,500.0,157.885,0.0
2022-02-27 00:00:00,0.0,1442.12,277.13492,0.0,721.06,500.0,132.935,0.0
2022-02-27 01:00:00,0.0,1442.12,290.18543,0.0,721.06,500.0,145.855,0.0
2022-02-27 02:00:00,0.0,1442.12,311.32684,0.0,721.06,500.0,166.785,0.0
2022-02-27 03:00:00,12.869084,1442.12,364.7768,6.4345418,721.06,500.0,219.70046,0.0
2022-02-27 04:00:00,0.0,1442.12,360.10462,0.0,721.06,500.0,215.075,0.0
2022-02-27 05:00:00,69.153104,1442.12,383.35052,34.576552,721.06,500.0,238.08845,0.0
2022-02-27 06:00:00,280.49035,1442.12,453.09182,140.24517,721.06,500.0,307.13233,2.7375
2022-02-27 07:00:00,355.47559,1442.12,477.83695,177.7378,721.06,500.0,331.63,72.0072
2022-02-27 08:00:00,112.88287,1442.12,397.78135,56.441437,721.06,500.0,252.37496,97.6886
2022-02-27 09:00:00,111.33032,1442.12,397.269,55.665158,721.06,500.0,251.86774,56.77210000000001
2022-02-27 10:00:00,68.467245,1442.12,383.12419,34.233622,721.06,500.0,237.86438,55.407
2022-02-27 11:00:00,0.0,1442.12,346.29078,0.0,721.06,500.0,201.3993,140.2257
2022-02-27 12:00:00,0.0,1442.12,334.04835,0.0,721.06,500.0,189.2793,42.405699999999996
2022-02-27 13:00:00,0.0,1442.12,277.27139,0.0,721.06,500.0,133.0701,74.55489999999999
2022-02-27 14:00:00,0.0,1442.12,217.75189,0.0,721.06,500.0,74.1458,154.05919999999998
2022-02-27 15:00:00,0.0,1442.12,220.36088,0.0,721.06,500.0,76.7287,156.44629999999998
2022-02-27 16:00:00,126.17923,1442.12,402.16915,63.089616,721.06,500.0,256.71888,21.2065
2022-02-27 17:00:00,466.48,1442.12,299.47835,233.24,721.06,500.0,155.055,0.0
2022-02-27 18:00:00,466.48,1442.12,486.99351,233.24,721.06,500.0,340.695,0.0
2022-02-27 19:00:00,466.48,1442.12,403.07431,233.24,721.06,500.0,257.615,0.0
2022-02-27 20:00:00,466.48,1442.12,342.29654,233.24,721.06,500.0,197.445,0.0
2022-02-27 21:00:00,243.7509,1442.12,440.9678,121.87545,721.06,500.0,295.12955,0.0
2022-02-27 22:00:00,214.39322,1442.12,431.27976,107.19661,721.06,500.0,285.53839,0.0
2022-02-27 23:00:00,167.41124,1442.12,415.77571,83.70562,721.06,500.0,270.18938,0.0
2022-02-28 00:00:00,128.07412,1442.12,402.79446,64.037058,721.06,500.0,257.33794,0.0
2022-02-28 01:00:00,101.60744,1442.12,394.06046,50.80372,721.06,500.0,248.69128,0.0
2022-02-28 02:00:00,106.77256,1442.12,395.76494,53.386278,721.06,500.0,250.37872,0.0
2022-02-28 03:00:00,94.398054,1442.12,391.68136,47.199027,721.06,500.0,246.33597,0.0
2022-02-28 04:00:00,108.5749,1442.12,396.35972,54.287451,721.06,500.0,250.96755,0.0
2022-02-28 05:00:00,466.48,1442.12,277.11472,233.24,721.06,500.0,132.915,0.0
2022-02-28 06:00:00,466.48,1442.12,326.05088,233.24,721.06,500.0,181.3618,42.2232
2022-02-28 07:00:00,466.48,1442.12,514.45997,233.24,721.06,500.0,367.8868,50.6182
2022-02-28 08:00:00,408.4524,1442.12,142.85714,204.2262,721.06,500.0,0.0,180.7188
2022-02-28 09:00:00,0.0,1356.215,142.85714,0.0,678.1075,500.0,0.0,306.4175
2022-02-28 10:00:00,0.0,1195.1654,142.85714,0.0,597.5827,500.0,0.0,364.6423
2022-02-28 11:00:00,0.18649018,1442.12,360.59154,0.093245088,721.06,500.0,215.55705,71.82469999999999
2022-02-28 12:00:00,0.0,1442.12,182.11633,0.0,721.06,500.0,38.8666,165.76839999999999
2022-02-28 13:00:00,0.0,1234.5546,142.85714,0.0,617.2773,500.0,0.0,349.2977
2022-02-28 14:00:00,0.0,1172.7102,142.85714,0.0,586.3551,500.0,0.0,323.1199
2022-02-28 15:00:00,0.0,1287.298,142.85714,0.0,643.649,500.0,0.0,256.376
2022-02-28 16:00:00,261.9354,1442.12,142.85714,130.9677,721.06,500.0,0.0,108.77730000000001
2022-02-28 17:00:00,466.48,1442.12,258.78139,233.24,721.06,500.0,114.765,0.0
2022-02-28 18:00:00,466.48,1442.12,494.68038,233.24,721.06,500.0,348.305,0.0
2022-02-28 19:00:00,466.48,1442.12,359.60967,233.24,721.06,500.0,214.585,0.0
2022-02-28 20:00:00,396.2125,1442.12,491.28012,198.10625,721.06,500.0,344.93875,0.0
2022-02-28 21:00:00,295.03916,1442.12,457.89292,147.51958,721.06,500.0,311.88542,0.0
2022-02-28 22:00:00,348.14185,1442.12,475.41681,174.07093,721.06,500.0,329.23407,0.0
2022-02-28 23:00:00,183.07593,1442.12,420.94506,91.537965,721.06,500.0,275.30703,0.0
2022-03-01 00:00:00,178.83013,1442.12,419.54394,89.415067,721.06,500.0,273.91993,0.0
2022-03-01 01:00:00,142.96464,1442.12,407.70833,71.482322,721.06,500.0,262.20268,0.0
2022-03-01 02:00:00,78.297897,1442.12,386.36831,39.148948,721.06,500.0,241.07605,0.0
2022-03-01 03:00:00,66.383055,1442.12,382.43641,33.191527,721.06,500.0,237.18347,0.0
2022-03-01 04:00:00,92.631996,1442.12,391.09856,46.315998,721.06,500.0,245.759,0.0
2022-03-01 05:00:00,136.9044,1442.12,405.70845,68.452202,721.06,500.0,260.2228,0.0
2022-03-01 06:00:00,466.48,1442.12,304.54442,233.24,721.06,500.0,160.0704,37.974599999999995
2022-03-01 07:00:00,466.48,1442.12,446.5824,233.24,721.06,500.0,300.688,55.407
2022-03-01 08:00:00,466.48,1442.12,242.34573,233.24,721.06,500.0,98.4937,88.9213
2022-03-01 09:00:00,0.0,1405.6634,142.85714,0.0,702.8317,500.0,0.0,376.83330000000007
2022-03-01 10:00:00,0.0,1178.4088,142.85714,0.0,589.2044,500.0,0.0,382.68059999999997
2022-03-01 11:00:00,0.0,1442.12,353.01947,0.0,721.06,500.0,208.0607,44.464299999999994
2022-03-01 12:00:00,0.0,1442.12,191.93098,0.0,721.06,500.0,48.5831,43.0919
2022-03-01 13:00:00,0.0,1442.12,202.71633,0.0,721.06,500.0,59.2606,40.3544
2022-03-01 14:00:00,109.639,1442.12,142.85714,54.8195,721.06,500.0,0.0,39.6755
2022-03-01 15:00:00,181.2742,1442.12,142.85714,90.6371,721.06,500.0,0.0,30.0979
2022-03-01 16:00:00,237.9916,1442.12,142.85714,118.9958,721.06,500.0,0.0,34.3392
2022-03-01 17:00:00,466.48,1442.12,158.21573,233.24,721.06,500.0,15.205,0.0
2022-03-01 18:00:00,466.48,1442.12,403.22583,233.24,721.06,500.0,257.765,0.0
2022-03-01 19:00:00,466.48,1442.12,231.49856,233.24,721.06,500.0,87.755,0.0
2022-03-01 20:00:00,466.48,1442.12,262.24603,233.24,721.06,500.0,118.195,0.0
2022-03-01 21:00:00,466.48,1442.12,236.08442,233.24,721.06,500.0,92.295,0.0
2022-03-01 22:00:00,466.48,1442.12,187.80159,233.24,721.06,500.0,44.495,0.0
2022-03-01 23:00:00,466.48,1442.12,150.42785,233.24,721.06,500.0,7.495,0.0
2022-03-02 00:00:00,0.0,1442.12,352.77128,0.0,721.06,500.0,207.815,0.0
2022-03-02 01:00:00,0.0,1442.12,320.68038,0.0,721.06,500.0,176.045,0.0
2022-03-02 02:00:00,0.0,1442.12,326.01371,0.0,721.06,500.0,181.325,0.0
2022-03-02 03:00:00,0.0,1442.12,338.27633,0.0,721.06,500.0,193.465,0.0
2022-03-02 04:00:00,0.0,1442.12,358.06421,0.0,721.06,500.0,213.055,0.0
2022-03-02 05:00:00,62.161451,1442.12,381.04328,31.080725,721.06,500.0,235.80427,0.0
2022-03-02 06:00:00,466.48,1442.12,230.05553,233.24,721.06,500.0,86.3264,20.3086
2022-03-02 07:00:00,466.48,1442.12,284.23694,233.24,721.06,500.0,139.966,140.379
2022-03-02 08:00:00,466.48,1442.12,214.91805,233.24,721.06,500.0,71.3403,71.82469999999999
2022-03-02 09:00:00,436.541,1442.12,142.85714,218.2705,721.06,500.0,0.0,58.1445
2022-03-02 10:00:00,155.8398,1442.12,142.85714,77.9199,721.06,500.0,0.0,99.18509999999999
2022-03-02 11:00:00,109.0,1442.12,142.85714,54.5,721.06,500.0,0.0,92.345
2022-03-02 12:00:00,0.0,744.47,142.85714,0.0,372.235,500.0,0.0,395.66
2022-03-02 13:00:00,0.0,736.0228,142.85714,0.0,368.0114,500.0,0.0,382.02360000000004
2022-03-02 14:00:00,0.0,1100.0964,142.85714,0.0,550.0482,500.0,0.0,177.5068
2022-03-02 15:00:00,0.0,1203.8808,142.85714,0.0,601.9404,500.0,0.0,129.9546
2022-03-02 16:00:00,0.0,1400.36,142.85714,0.0,700.18,500.0,0.0,114.245
2022-03-02 17:00:00,318.29,1442.12,142.85714,159.145,721.06,500.0,0.0,0.0
2022-03-02 18:00:00,466.48,1442.12,273.83189,233.24,721.06,500.0,129.665,0.0
2022-03-02 19:00:00,454.05,1442.12,142.85714,227.025,721.06,500.0,0.0,0.0
2022-03-02 20:00:00,394.69,1442.12,142.85714,197.345,721.06,500.0,0.0,0.0
2022-03-02 21:00:00,443.45,1442.12,142.85714,221.725,721.06,500.0,0.0,0.0
2022-03-02 22:00:00,419.05,1442.12,142.85714,209.525,721.06,500.0,0.0,0.0
2022-03-02 23:00:00,0.0,1442.12,358.73088,0.0,721.06,500.0,213.715,0.0
2022-03-03 00:00:00,0.0,1442.12,349.78139,0.0,721.06,500.0,204.855,0.0
2022-03-03 01:00:00,0.0,1442.12,356.29654,0.0,721.06,500.0,211.305,0.0
2022-03-03 02:00:00,0.0,1442.12,356.9329,0.0,721.06,500.0,211.935,0.0
2022-03-03 03:00:00,0.0,1442.12,358.48846,0.0,721.06,500.0,213.475,0.0
2022-03-03 04:00:00,26.054036,1442.12,369.12783,13.027018,721.06,500.0,224.00798,0.0
2022-03-03 05:00:00,54.734331,1442.12,378.59233,27.367165,721.06,500.0,233.37783,0.0
2022-03-03 06:00:00,432.7998,1442.12,142.85714,216.3999,721.06,500.0,0.0,78.7451
2022-03-03 07:00:00,466.48,1442.12,194.4526,233.24,721.06,500.0,51.0795,80.5555
2022-03-03 08:00:00,26.7728,1442.12,142.85714,13.3864,721.06,500.0,0.0,348.80859999999996
2022-03-03 09:00:00,0.0,1442.12,63.041,0.0,721.06,220.6435,0.0,571.2615
2022-03-03 10:00:00,0.0,1442.12,52.338314,0.0,721.06,183.1841,0.0,669.6509
2022-03-03 11:00:00,0.0,648.3916,142.85714,0.0,324.1958,500.0,0.0,716.8892
2022-03-03 12:00:00,0.0,1177.2784,142.85714,0.0,588.6392,500.0,0.0,179.1858
2022-03-03 13:00:00,0.0,1323.3408,142.85714,0.0,661.6704,500.0,0.0,64.9846
2022-03-03 14:00:00,0.0,1119.7638,142.85714,0.0,559.8819,500.0,0.0,150.72310000000002
2022-03-03 15:00:00,0.0,1442.12,145.80351,0.0,721.06,500.0,2.9169,43.7781
2022-03-03 16:00:00,0.0,1442.12,128.38746,0.0,721.06,449.3561,0.0,64.91890000000001
2022-03-03 17:00:00,299.81,1442.12,142.85714,149.905,721.06,500.0,0.0,0.0
2022-03-03 18:00:00,466.48,1442.12,206.9531,233.24,721.06,500.0,63.455,0.0
2022-03-03 19:00:00,302.69,1442.12,142.85714,151.345,721.06,500.0,0.0,0.0
2022-03-03 20:00:00,202.19,1442.12,142.85714,101.095,721.06,500.0,0.0,0.0
2022-03-03 21:00:00,0.0,1442.12,284.16522,0.0,721.06,500.0,139.895,0.0
2022-03-03 22:00:00,0.0,1442.12,301.943,0.0,721.06,500.0,157.495,0.0
2022-03-03 23:00:00,0.0,1442.12,257.80159,0.0,721.06,500.0,113.795,0.0
2022-03-04 00:00:00,235.77,1442.12,142.85714,117.885,721.06,500.0,0.0,0.0
2022-03-04 01:00:00,0.0,1442.12,253.73088,0.0,721.06,500.0,109.765,0.0
2022-03-04 02:00:00,0.0,1442.12,261.35714,0.0,721.06,500.0,117.315,0.0
2022-03-04 03:00:00,0.0,1442.12,277.21573,0.0,721.06,500.0,133.015,0.0
2022-03-04 04:00:00,0.0,1442.12,290.9026,0.0,721.06,500.0,146.565,0.0
2022-03-04 05:00:00,275.25,1442.12,142.85714,137.625,721.06,500.0,0.0,0.0
2022-03-04 06:00:00,185.1294,1442.12,142.85714,92.5647,721.06,500.0,0.0,81.11030000000001
2022-03-04 07:00:00,0.0,1442.12,133.50869,0.0,721.06,467.2804,0.0,266.46459999999996
2022-03-04 08:00:00,0.0,1442.12,78.577343,0.0,721.06,275.0207,0.0,431.36430000000007
2022-03-04 09:00:00,0.0,1442.12,49.462057,0.0,721.06,173.1172,0.0,586.0877999999999
2022-03-04 10:00:00,0.0,1442.12,10.373171,0.0,721.06,36.3061,0.0,709.5089
2022-03-04 11:00:00,0.0,1442.12,3.0549714,0.0,721.06,10.6924,0.0,756.0025999999999
2022-03-04 12:00:00,0.0,1133.9238,0.0,0.0,566.9619,0.0,0.0,747.1331
2022-03-04 13:00:00,0.0,505.52989,126.38247,0.0,252.76495,442.33865,0.0,580.4814
2022-03-04 14:00:00,0.0,1442.12,13.9316,0.0,721.06,48.7606,0.0,477.6243999999999
2022-03-04 15:00:00,0.0,1442.12,88.183286,0.0,721.06,308.6415,0.0,255.46350000000004
2022-03-04 16:00:00,126.025,1442.12,142.85714,63.0125,721.06,500.0,0.0,75.3725
2022-03-04 17:00:00,466.48,1442.12,143.68038,233.24,721.06,500.0,0.815,0.0
2022-03-04 18:00:00,466.48,1442.12,372.9228,233.24,721.06,500.0,227.765,0.0
2022-03-04 19:00:00,466.48,1442.12,225.41775,233.24,721.06,500.0,81.735,0.0
2022-03-04 20:00:00,466.48,1442.12,211.9531,233.24,721.06,500.0,68.405,0.0
2022-03-04 21:00:00,466.48,1442.12,197.17532,233.24,721.06,500.0,53.775,0.0
2022-03-04 22:00:00,444.33,1442.12,142.85714,222.165,721.06,500.0,0.0,0.0
2022-03-04 23:00:00,268.63,1442.12,142.85714,134.315,721.06,500.0,0.0,0.0
2022-03-05 00:00:00,0.0,1442.12,259.9329,0.0,721.06,500.0,115.905,0.0
2022-03-05 01:00:00,0.0,1442.12,207.11472,0.0,721.06,500.0,63.615,0.0
2022-03-05 02:00:00,0.0,1442.12,207.9531,0.0,721.06,500.0,64.445,0.0
2022-03-05 03:00:00,0.0,1442.12,209.32684,0.0,721.06,500.0,65.805,0.0
2022-03-05 04:00:00,0.0,1442.12,228.51876,0.0,721.06,500.0,84.805,0.0
2022-03-05 05:00:00,0.0,1442.12,298.04401,0.0,721.06,500.0,153.635,0.0
2022-03-05 06:00:00,196.77364,1442.12,425.4653,98.386822,721.06,500.0,279.78208,66.84609999999999
2022-03-05 07:00:00,241.34906,1442.12,440.17519,120.67453,721.06,500.0,294.34487,109.2956
2022-03-05 08:00:00,0.0,1442.12,235.85492,0.0,721.06,500.0,92.0678,147.92719999999997
2022-03-05 09:00:00,0.0,1442.12,13.001486,0.0,721.06,45.5052,0.0,541.1197999999999
2022-03-05 10:00:00,0.0,677.8726,142.85714,0.0,338.9363,500.0,0.0,462.2287
2022-03-05 11:00:00,0.0,445.10451,111.27613,0.0,222.55225,389.46645,0.0,706.1362999999999
2022-03-05 12:00:00,0.0,549.668,137.417,0.0,274.834,480.9595,0.0,435.4815
2022-03-05 13:00:00,0.0,444.97338,111.24335,0.0,222.48669,389.35171,0.0,576.2766
2022-03-05 14:00:00,0.0,806.1696,142.85714,0.0,403.0848,500.0,0.0,290.35020000000003
2022-03-05 15:00:00,0.0,1442.12,114.26626,0.0,721.06,399.9319,0.0,38.3031
2022-03-05 16:00:00,0.0,1442.12,115.82657,0.0,721.06,405.393,0.0,46.282
2022-03-05 17:00:00,0.0,1442.12,219.23593,0.0,721.06,500.0,75.615,0.0
2022-03-05 18:00:00,466.48,1442.12,149.78139,233.24,721.06,500.0,6.855,0.0
2022-03-05 19:00:00,466.48,1442.12,178.58947,233.24,721.06,500.0,35.375,0.0
2022-03-05 20:00:00,320.43,1442.12,142.85714,160.215,721.06,500.0,0.0,0.0
2022-03-05 21:00:00,0.0,1442.12,342.08442,0.0,721.06,500.0,197.235,0.0
2022-03-05 22:00:00,0.0,1442.12,208.29654,0.0,721.06,500.0,64.785,0.0
2022-03-05 23:00:00,0.0,1442.12,141.36143,0.0,721.06,494.765,0.0,0.0
2022-03-06 00:00:00,0.0,1442.12,126.55571,0.0,721.06,442.945,0.0,0.0
2022-03-06 01:00:00,0.0,1442.12,132.32143,0.0,721.06,463.125,0.0,0.0
2022-03-06 02:00:00,0.0,1442.12,129.23286,0.0,721.06,452.315,0.0,0.0
2022-03-06 03:00:00,0.0,1442.12,125.66429,0.0,721.06,439.825,0.0,0.0
2022-03-06 04:00:00,0.0,1442.12,129.46429,0.0,721.06,453.125,0.0,0.0
2022-03-06 05:00:00,0.0,1442.12,169.81169,0.0,721.06,500.0,26.685,0.0
2022-03-06 06:00:00,52.99428,1442.12,378.01811,26.49714,721.06,500.0,232.80936,26.608500000000003
2022-03-06 07:00:00,37.171128,1442.12,372.79647,18.585564,721.06,500.0,227.63994,103.03949999999999
2022-03-06 08:00:00,0.0,1442.12,48.782514,0.0,721.06,170.7388,0.0,373.7162
2022-03-06 09:00:00,0.0,462.7752,115.6938,0.0,231.3876,404.9283,0.0,548.7191
2022-03-06 10:00:00,0.0,328.51098,82.127745,0.0,164.25549,287.44711,0.0,684.6524000000001
2022-03-06 11:00:00,0.0,295.33891,73.834727,0.0,147.66945,258.42155,0.0,771.464
2022-03-06 12:00:00,0.0,351.36131,87.840327,0.0,175.68065,307.44115,0.0,580.9631999999999
2022-03-06 13:00:00,0.0,499.84167,124.96042,0.0,249.92084,437.36146,0.0,410.2527
2022-03-06 14:00:00,0.0,495.93535,123.98384,0.0,247.96767,433.94343,0.0,382.10389999999995
2022-03-06 15:00:00,0.0,1028.6804,142.85714,0.0,514.3402,500.0,0.0,90.3448
2022-03-06 16:00:00,0.0,1442.12,110.29454,0.0,721.06,386.0309,0.0,30.7841
2022-03-06 17:00:00,0.0,1442.12,154.15512,0.0,721.06,500.0,11.185,0.0
2022-03-06 18:00:00,466.48,1442.12,169.76118,233.24,721.06,500.0,26.635,0.0
2022-03-06 19:00:00,310.91,1442.12,142.85714,155.455,721.06,500.0,0.0,0.0
2022-03-06 20:00:00,209.03,1442.12,142.85714,104.515,721.06,500.0,0.0,0.0
2022-03-06 21:00:00,220.27,1442.12,142.85714,110.135,721.06,500.0,0.0,0.0
2022-03-06 22:00:00,176.43,1442.12,142.85714,88.215,721.06,500.0,0.0,0.0
2022-03-06 23:00:00,0.0,1442.12,129.17857,0.0,721.06,452.125,0.0,0.0
2022-03-07 00:00:00,0.0,1442.12,117.46143,0.0,721.06,411.115,0.0,0.0
2022-03-07 01:00:00,0.0,1442.12,114.83,0.0,721.06,401.905,0.0,0.0
2022-03-07 02:00:00,0.0,1442.12,114.50429,0.0,721.06,400.765,0.0,0.0
2022-03-07 03:00:00,0.0,1442.12,116.51,0.0,721.06,407.785,0.0,0.0
2022-03-07 04:00:00,0.0,1442.12,121.67571,0.0,721.06,425.865,0.0,0.0
2022-03-07 05:00:00,0.0,1442.12,138.44714,0.0,721.06,484.565,0.0,0.0
2022-03-07 06:00:00,287.2696,1442.12,142.85714,143.6348,721.06,500.0,0.0,92.5202
2022-03-07 07:00:00,150.638,1442.12,142.85714,75.319,721.06,500.0,0.0,276.816
2022-03-07 08:00:00,0.0,1442.12,43.003286,0.0,721.06,150.5115,0.0,462.0535
2022-03-07 09:00:00,0.0,1077.1018,0.0,0.0,538.5509,0.0,0.0,620.6241
2022-03-07 10:00:00,0.0,1136.1364,0.0,0.0,568.0682,0.0,0.0,611.1267999999999
2022-03-07 11:00:00,0.0,828.0182,0.0,0.0,414.0091,0.0,0.0,753.9658999999999
2022-03-07 12:00:00,0.0,1105.3672,0.0,0.0,552.6836,0.0,0.0,533.0314000000001
2022-03-07 13:00:00,0.0,796.6678,0.0,0.0,398.3339,0.0,0.0,632.2311
2022-03-07 14:00:00,0.0,1133.6672,0.0,0.0,566.8336,0.0,0.0,456.38140000000004
2022-03-07 15:00:00,0.0,1442.12,25.809543,0.0,721.06,90.3334,0.0,267.85159999999996
2022-03-07 16:00:00,0.0,1442.12,106.84329,0.0,721.06,373.9515,0.0,96.3235
2022-03-07 17:00:00,147.11,1442.12,142.85714,73.555,721.06,500.0,0.0,0.0
2022-03-07 18:00:00,415.95,1442.12,142.85714,207.975,721.06,500.0,0.0,0.0
2022-03-07 19:00:00,166.31,1442.12,142.85714,83.155,721.06,500.0,0.0,0.0
2022-03-07 20:00:00,165.69,1442.12,142.85714,82.845,721.06,500.0,0.0,0.0
2022-03-07 21:00:00,126.13,1442.12,142.85714,63.065,721.06,500.0,0.0,0.0
2022-03-07 22:00:00,38.17,1442.12,142.85714,19.085,721.06,500.0,0.0,0.0
2022-03-07 23:00:00,0.0,1442.12,113.38429,0.0,721.06,396.845,0.0,0.0
2022-03-08 00:00:00,0.0,1442.12,116.98143,0.0,721.06,409.435,0.0,0.0
2022-03-08 01:00:00,0.0,1442.12,115.74714,0.0,721.06,405.115,0.0,0.0
2022-03-08 02:00:00,0.0,1442.12,111.47857,0.0,721.06,390.175,0.0,0.0
2022-03-08 03:00:00,0.0,1442.12,118.37286,0.0,721.06,414.305,0.0,0.0
2022-03-08 04:00:00,0.0,1442.12,124.68714,0.0,721.06,436.405,0.0,0.0
2022-03-08 05:00:00,0.0,1442.12,135.11857,0.0,721.06,472.915,0.0,0.0
2022-03-08 06:00:00,292.3256,1442.12,142.85714,146.1628,721.06,500.0,0.0,75.2922
2022-03-08 07:00:00,160.1942,1442.12,142.85714,80.0971,721.06,500.0,0.0,288.51789999999994
2022-03-08 08:00:00,0.0,1442.12,60.673029,0.0,721.06,212.3556,0.0,343.66939999999994
2022-03-08 09:00:00,0.0,1442.12,117.7618,0.0,721.06,412.1663,0.0,84.81869999999999
2022-03-08 10:00:00,0.0,1072.9614,0.0,0.0,536.4807,0.0,0.0,599.9943
2022-03-08 11:00:00,0.0,1164.9128,0.0,0.0,582.4564,0.0,0.0,637.1586
2022-03-08 12:00:00,0.0,1175.1924,0.0,0.0,587.5962,0.0,0.0,536.9587999999999
2022-03-08 13:00:00,0.0,328.01644,82.004109,0.0,164.00822,287.01438,0.0,644.5024000000001
2022-03-08 14:00:00,0.0,1253.203,0.0,0.0,626.6015,0.0,0.0,444.5335
2022-03-08 15:00:00,0.0,1442.12,8.6272286,0.0,721.06,30.1953,0.0,326.9597
2022-03-08 16:00:00,0.0,1442.12,89.562257,0.0,721.06,313.4679,0.0,110.42710000000001
2022-03-08 17:00:00,0.0,1442.12,135.90143,0.0,721.06,475.655,0.0,0.0
2022-03-08 18:00:00,312.29,1442.12,142.85714,156.145,721.06,500.0,0.0,0.0
2022-03-08 19:00:00,188.59,1442.12,142.85714,94.295,721.06,500.0,0.0,0.0
2022-03-08 20:00:00,89.33,1442.12,142.85714,44.665,721.06,500.0,0.0,0.0
2022-03-08 21:00:00,61.31,1442.12,142.85714,30.655,721.06,500.0,0.0,0.0
2022-03-08 22:00:00,0.0,1442.12,134.29286,0.0,721.06,470.025,0.0,0.0
2022-03-08 23:00:00,0.0,1442.12,103.28143,0.0,721.06,361.485,0.0,0.0
2022-03-09 00:00:00,0.0,1442.12,101.49857,0.0,721.06,355.245,0.0,0.0
2022-03-09 01:00:00,0.0,1442.12,92.858571,0.0,721.06,325.005,0.0,0.0
2022-03-09 02:00:00,0.0,1442.12,94.195714,0.0,721.06,329.685,0.0,0.0
2022-03-09 03:00:00,0.0,1442.12,92.678571,0.0,721.06,324.375,0.0,0.0
2022-03-09 04:00:00,0.0,1442.12,95.215714,0.0,721.06,333.255,0.0,0.0
2022-03-09 05:00:00,0.0,1442.12,112.70429,0.0,721.06,394.465,0.0,0.0
2022-03-09 06:00:00,282.5494,1442.12,142.85714,141.2747,721.06,500.0,0.0,20.5203
2022-03-09 07:00:00,370.4784,1442.12,142.85714,185.2392,721.06,500.0,0.0,83.5558
2022-03-09 08:00:00,0.0,1442.12,136.00586,0.0,721.06,476.0205,0.0,58.1445
2022-03-09 09:00:00,0.0,1442.12,40.696057,0.0,721.06,142.4362,0.0,270.5088
2022-03-09 10:00:00,0.0,1442.12,46.5918,0.0,721.06,163.0713,0.0,196.1437
2022-03-09 11:00:00,0.0,1442.12,42.046457,0.0,721.06,147.1626,0.0,283.15239999999994
2022-03-09 12:00:00,0.0,1442.12,40.252229,0.0,721.06,140.8828,0.0,200.85219999999995
2022-03-09 13:00:00,0.0,1442.12,46.843029,0.0,721.06,163.9506,0.0,138.1744
2022-03-09 14:00:00,0.0,1442.12,65.9474,0.0,721.06,230.8159,0.0,112.17909999999999
2022-03-09 15:00:00,0.0,1442.12,69.842571,0.0,721.06,244.449,0.0,112.56599999999999
2022-03-09 16:00:00,0.0,1442.12,100.34851,0.0,721.06,351.2198,0.0,49.8152
2022-03-09 17:00:00,0.0,1442.12,142.63286,0.0,721.06,499.215,0.0,0.0
2022-03-09 18:00:00,267.89,1442.12,142.85714,133.945,721.06,500.0,0.0,0.0
2022-03-09 19:00:00,6.01,1442.12,142.85714,3.005,721.06,500.0,0.0,0.0
2022-03-09 20:00:00,0.0,1442.12,126.90429,0.0,721.06,444.165,0.0,0.0
2022-03-09 21:00:00,0.0,1442.12,117.83857,0.0,721.06,412.435,0.0,0.0
2022-03-09 22:00:00,0.0,1442.12,106.71286,0.0,721.06,373.495,0.0,0.0
2022-03-09 23:00:00,0.0,1442.12,93.864286,0.0,721.06,328.525,0.0,0.0
2022-03-10 00:00:00,0.0,1442.12,91.298571,0.0,721.06,319.545,0.0,0.0
2022-03-10 01:00:00,0.0,1442.12,87.615714,0.0,721.06,306.655,0.0,0.0
2022-03-10 02:00:00,0.0,1442.12,99.055714,0.0,721.06,346.695,0.0,0.0
2022-03-10 03:00:00,0.0,1442.12,103.47571,0.0,721.06,362.165,0.0,0.0
2022-03-10 04:00:00,0.0,1442.12,108.45571,0.0,721.06,379.595,0.0,0.0
2022-03-10 05:00:00,0.0,1442.12,113.93857,0.0,721.06,398.785,0.0,0.0
2022-03-10 06:00:00,0.0,1442.12,93.5866,0.0,721.06,327.5531,0.0,107.3319
2022-03-10 07:00:00,0.0,1442.12,72.755571,0.0,721.06,254.6445,0.0,292.6205
2022-03-10 08:00:00,0.0,1442.12,43.267971,0.0,721.06,151.4379,0.0,486.3771
2022-03-10 09:00:00,0.0,1430.5758,0.0,0.0,715.2879,0.0,0.0,646.2470999999999
2022-03-10 10:00:00,0.0,520.27069,130.06767,0.0,260.13535,455.23685,0.0,740.4827999999999
2022-03-10 11:00:00,0.0,504.40938,126.10235,0.0,252.20469,441.35821,0.0,798.4521
2022-03-10 12:00:00,0.0,445.21062,111.30265,0.0,222.60531,389.55929,0.0,744.2204
2022-03-10 13:00:00,0.0,460.96327,115.24082,0.0,230.48164,403.34286,0.0,643.0205
2022-03-10 14:00:00,0.0,543.83345,135.95836,0.0,271.91673,475.85427,0.0,507.20399999999995
2022-03-10 15:00:00,0.0,934.3148,142.85714,0.0,467.1574,500.0,0.0,329.31759999999997
2022-03-10 16:00:00,0.0,1336.9576,142.85714,0.0,668.4788,500.0,0.0,144.4962
2022-03-10 17:00:00,261.31,1442.12,142.85714,130.655,721.06,500.0,0.0,0.0
2022-03-10 18:00:00,406.85,1442.12,142.85714,203.425,721.06,500.0,0.0,0.0
2022-03-10 19:00:00,0.0,1442.12,216.71068,0.0,721.06,500.0,73.115,0.0
2022-03-10 20:00:00,0.0,1442.12,161.65007,0.0,721.06,500.0,18.605,0.0
2022-03-10 21:00:00,0.0,1399.25,142.85714,0.0,699.625,500.0,0.0,0.0
2022-03-10 22:00:00,0.0,1442.12,189.38745,0.0,721.06,500.0,46.065,0.0
2022-03-10 23:00:00,0.0,1442.12,160.07431,0.0,721.06,500.0,17.045,0.0
2022-03-11 00:00:00,0.0,1415.63,142.85714,0.0,707.815,500.0,0.0,0.0
2022-03-11 01:00:00,0.0,1294.45,142.85714,0.0,647.225,500.0,0.0,0.0
2022-03-11 02:00:00,0.0,1281.09,142.85714,0.0,640.545,500.0,0.0,0.0
2022-03-11 03:00:00,0.0,1293.55,142.85714,0.0,646.775,500.0,0.0,0.0
2022-03-11 04:00:00,0.0,1302.21,142.85714,0.0,651.105,500.0,0.0,0.0
2022-03-11 05:00:00,0.0,1285.45,142.85714,0.0,642.725,500.0,0.0,0.0
2022-03-11 06:00:00,0.0,1101.92,142.85714,0.0,550.96,500.0,0.0,107.675
2022-03-11 07:00:00,0.0,972.2628,142.85714,0.0,486.1314,500.0,0.0,259.3836
2022-03-11 08:00:00,0.0,645.8296,142.85714,0.0,322.9148,500.0,0.0,429.0502
2022-03-11 09:00:00,0.0,633.09107,158.27277,0.0,316.54553,500.0,15.261467,451.578
2022-03-11 10:00:00,0.0,434.16313,108.54078,0.0,217.08156,379.89274,0.0,701.2307
2022-03-11 11:00:00,0.0,440.39753,110.09938,0.0,220.19876,385.34784,0.0,790.6484
2022-03-11 12:00:00,0.0,343.1448,85.7862,0.0,171.5724,300.2517,0.0,703.9609
2022-03-11 13:00:00,0.0,362.79178,90.697945,0.0,181.39589,317.44281,0.0,655.0363
2022-03-11 14:00:00,0.0,449.11985,112.27996,0.0,224.55993,392.97987,0.0,506.7952
2022-03-11 15:00:00,0.0,574.40451,143.60113,0.0,287.20226,500.0,0.73654486,326.9962
2022-03-11 16:00:00,0.0,896.84331,224.21083,0.0,448.42165,500.0,80.540147,140.04319999999998
2022-03-11 17:00:00,0.0,1440.55,142.85714,0.0,720.275,500.0,0.0,0.0
2022-03-11 18:00:00,0.0,1442.12,334.20563,0.0,721.06,500.0,189.435,0.0
2022-03-11 19:00:00,0.0,1442.12,243.68038,0.0,721.06,500.0,99.815,0.0
2022-03-11 20:00:00,0.0,1442.12,173.50866,0.0,721.06,500.0,30.345,0.0
2022-03-11 21:00:00,0.0,1442.12,198.8824,0.0,721.06,500.0,55.465,0.0
2022-03-11 22:00:00,0.0,1357.85,142.85714,0.0,678.925,500.0,0.0,0.0
2022-03-11 23:00:00,0.0,1132.07,142.85714,0.0,566.035,500.0,0.0,0.0
2022-03-12 00:00:00,0.0,1056.29,142.85714,0.0,528.145,500.0,0.0,0.0
2022-03-12 01:00:00,0.0,1011.29,142.85714,0.0,505.645,500.0,0.0,0.0
2022-03-12 02:00:00,0.0,1024.89,142.85714,0.0,512.445,500.0,0.0,0.0
2022-03-12 03:00:00,0.0,1040.53,142.85714,0.0,520.265,500.0,0.0,0.0
2022-03-12 04:00:00,0.0,1060.75,142.85714,0.0,530.375,500.0,0.0,0.0
2022-03-12 05:00:00,0.0,1156.37,142.85714,0.0,578.185,500.0,0.0,0.0
2022-03-12 06:00:00,0.0,1442.12,185.74684,0.0,721.06,500.0,42.4608,53.68419999999999
2022-03-12 07:00:00,0.0,1277.8668,142.85714,0.0,638.9334,500.0,0.0,286.10159999999996
2022-03-12 08:00:00,0.0,546.70895,136.67724,0.0,273.35447,478.37033,0.0,453.8702
2022-03-12 09:00:00,0.0,409.28756,102.32189,0.0,204.64378,358.12662,0.0,524.1546
2022-03-12 10:00:00,0.0,559.93993,139.98498,0.0,279.96996,489.94744,0.0,282.5976
2022-03-12 11:00:00,0.0,630.7726,142.85714,0.0,315.3863,500.0,0.0,338.8587
2022-03-12 12:00:00,0.0,665.287,142.85714,0.0,332.6435,500.0,0.0,179.9815
2022-03-12 13:00:00,0.0,738.239,142.85714,0.0,369.1195,500.0,0.0,126.5455
2022-03-12 14:00:00,0.0,749.9572,142.85714,0.0,374.9786,500.0,0.0,101.2364
2022-03-12 15:00:00,0.0,880.4938,142.85714,0.0,440.2469,500.0,0.0,43.7781
2022-03-12 16:00:00,0.0,955.5196,142.85714,0.0,477.7598,500.0,0.0,19.1552
2022-03-12 17:00:00,0.0,1100.55,142.85714,0.0,550.275,500.0,0.0,0.0
2022-03-12 18:00:00,82.13,1442.12,142.85714,41.065,721.06,500.0,0.0,0.0
2022-03-12 19:00:00,0.0,1384.39,142.85714,0.0,692.195,500.0,0.0,0.0
2022-03-12 20:00:00,0.0,1328.51,142.85714,0.0,664.255,500.0,0.0,0.0
2022-03-12 21:00:00,0.0,1325.67,142.85714,0.0,662.835,500.0,0.0,0.0
2022-03-12 22:00:00,0.0,1318.13,142.85714,0.0,659.065,500.0,0.0,0.0
2022-03-12 23:00:00,0.0,1082.33,142.85714,0.0,541.165,500.0,0.0,0.0
2022-03-13 00:00:00,0.0,974.11,142.85714,0.0,487.055,500.0,0.0,0.0
2022-03-13 01:00:00,0.0,963.49,142.85714,0.0,481.745,500.0,0.0,0.0
2022-03-13 02:00:00,0.0,985.07,142.85714,0.0,492.535,500.0,0.0,0.0
2022-03-13 03:00:00,0.0,981.79,142.85714,0.0,490.895,500.0,0.0,0.0
2022-03-13 04:00:00,0.0,993.71,142.85714,0.0,496.855,500.0,0.0,0.0
2022-03-13 05:00:00,0.0,1110.59,142.85714,0.0,555.295,500.0,0.0,0.0
2022-03-13 06:00:00,0.0,1442.12,224.57543,0.0,721.06,500.0,80.9011,6.153899999999999
2022-03-13 07:00:00,0.0,1442.12,289.74553,0.0,721.06,500.0,145.4195,39.6755
2022-03-13 08:00:00,0.0,1221.93,142.85714,0.0,610.965,500.0,0.0,86.87
2022-03-13 09:00:00,0.0,879.87,142.85714,0.0,439.935,500.0,0.0,167.17
2022-03-13 10:00:00,0.0,572.02444,143.00611,0.0,286.01222,500.0,0.14747831,301.20529999999997
2022-03-13 11:00:00,0.0,937.57093,234.39273,0.0,468.78547,500.0,90.620234,125.8593
2022-03-13 12:00:00,0.0,691.23889,172.80972,0.0,345.61945,500.0,29.653054,209.69249999999997
2022-03-13 13:00:00,0.0,576.31702,144.07925,0.0,288.15851,500.0,1.2098907,273.3266
2022-03-13 14:00:00,0.0,489.8912,122.4728,0.0,244.9456,428.6548,0.0,387.64459999999997
2022-03-13 15:00:00,0.0,901.07354,225.26839,0.0,450.53677,500.0,81.58713,93.49109999999999
2022-03-13 16:00:00,0.0,1136.0286,142.85714,0.0,568.0143,500.0,0.0,58.8307
2022-03-13 17:00:00,0.0,1342.01,142.85714,0.0,671.005,500.0,0.0,0.0
2022-03-13 18:00:00,0.0,1442.12,326.86219,0.0,721.06,500.0,182.165,0.0
2022-03-13 19:00:00,0.0,1442.12,265.78139,0.0,721.06,500.0,121.695,0.0
2022-03-13 20:00:00,0.0,1442.12,224.06421,0.0,721.06,500.0,80.395,0.0
2022-03-13 21:00:00,0.0,1442.12,239.98341,0.0,721.06,500.0,96.155,0.0
2022-03-13 22:00:00,0.0,1442.12,181.84199,0.0,721.06,500.0,38.595,0.0
2022-03-13 23:00:00,0.0,1370.79,142.85714,0.0,685.395,500.0,0.0,0.0
2022-03-14 00:00:00,0.0,1249.15,142.85714,0.0,624.575,500.0,0.0,0.0
2022-03-14 01:00:00,0.0,1231.29,142.85714,0.0,615.645,500.0,0.0,0.0
2022-03-14 02:00:00,0.0,1270.65,142.85714,0.0,635.325,500.0,0.0,0.0
2022-03-14 03:00:00,0.0,1262.57,142.85714,0.0,631.285,500.0,0.0,0.0
2022-03-14 04:00:00,0.0,1292.95,142.85714,0.0,646.475,500.0,0.0,0.0
2022-03-14 05:00:00,0.0,1400.95,142.85714,0.0,700.475,500.0,0.0,0.0
2022-03-14 06:00:00,289.3496,1442.12,142.85714,144.6748,721.06,500.0,0.0,115.1502
2022-03-14 07:00:00,117.599,1442.12,142.85714,58.7995,721.06,500.0,0.0,287.8755
2022-03-14 08:00:00,0.0,1442.12,32.100629,0.0,721.06,112.3522,0.0,482.0627999999999
2022-03-14 09:00:00,0.0,1272.4436,0.0,0.0,636.2218,0.0,0.0,629.8732
2022-03-14 10:00:00,0.0,353.13011,88.282527,0.0,176.56505,308.98885,0.0,742.4611
2022-03-14 11:00:00,0.0,345.3016,86.3254,0.0,172.6508,302.1389,0.0,777.8952999999999
2022-03-14 12:00:00,0.0,300.18022,75.045055,0.0,150.09011,262.65769,0.0,712.2171999999999
2022-03-14 13:00:00,0.0,363.56895,90.892236,0.0,181.78447,318.12283,0.0,622.3177
2022-03-14 14:00:00,0.0,433.39178,108.34795,0.0,216.69589,379.21781,0.0,489.6913
2022-03-14 15:00:00,0.0,560.38873,140.09718,0.0,280.19436,490.34014,0.0,331.3105
2022-03-14 16:00:00,0.0,1051.951,142.85714,0.0,525.9755,500.0,0.0,138.8095
2022-03-14 17:00:00,58.91,1442.12,142.85714,29.455,721.06,500.0,0.0,0.0
2022-03-14 18:00:00,466.48,1442.12,149.9632,233.24,721.06,500.0,7.035,0.0
2022-03-14 19:00:00,263.53,1442.12,142.85714,131.765,721.06,500.0,0.0,0.0
2022-03-14 20:00:00,333.03,1442.12,142.85714,166.515,721.06,500.0,0.0,0.0
2022-03-14 21:00:00,381.35,1442.12,142.85714,190.675,721.06,500.0,0.0,0.0
2022-03-14 22:00:00,387.95,1442.12,142.85714,193.975,721.06,500.0,0.0,0.0
2022-03-14 23:00:00,0.0,1442.12,224.73088,0.0,721.06,500.0,81.055,0.0
2022-03-15 00:00:00,126.67,1442.12,142.85714,63.335,721.06,500.0,0.0,0.0
2022-03-15 01:00:00,0.0,1442.12,197.08442,0.0,721.06,500.0,53.685,0.0
2022-03-15 02:00:00,0.0,1442.12,210.71068,0.0,721.06,500.0,67.175,0.0
2022-03-15 03:00:00,0.0,1442.12,229.36724,0.0,721.06,500.0,85.645,0.0
2022-03-15 04:00:00,0.0,1442.12,244.27633,0.0,721.06,500.0,100.405,0.0
2022-03-15 05:00:00,386.39,1442.12,142.85714,193.195,721.06,500.0,0.0,0.0
2022-03-15 06:00:00,466.48,1442.12,263.213,233.24,721.06,500.0,119.1523,119.71270000000001
2022-03-15 07:00:00,373.9862,1442.12,142.85714,186.9931,721.06,500.0,0.0,313.92189999999994
2022-03-15 08:00:00,0.0,1442.12,55.106143,0.0,721.06,192.8715,0.0,468.62350000000004
2022-03-15 09:00:00,0.0,1359.1928,0.0,0.0,679.5964,0.0,0.0,553.9386
2022-03-15 10:00:00,0.0,1145.6594,0.0,0.0,572.8297,0.0,0.0,600.5052999999999
2022-03-15 11:00:00,0.0,374.27382,93.568455,0.0,187.13691,327.48959,0.0,674.1185
2022-03-15 12:00:00,0.0,395.73884,98.934709,0.0,197.86942,346.27148,0.0,547.6241
2022-03-15 13:00:00,0.0,395.63273,98.908182,0.0,197.81636,346.17864,0.0,542.39
2022-03-15 14:00:00,0.0,524.97789,131.24447,0.0,262.48895,459.35565,0.0,386.52039999999994
2022-03-15 15:00:00,0.0,1000.125,142.85714,0.0,500.0625,500.0,0.0,146.1825
2022-03-15 16:00:00,0.0,1442.12,98.8064,0.0,721.06,345.8224,0.0,117.25259999999999
2022-03-15 17:00:00,134.97,1442.12,142.85714,67.485,721.06,500.0,0.0,0.0
2022-03-15 18:00:00,466.48,1442.12,207.34704,233.24,721.06,500.0,63.845,0.0
2022-03-15 19:00:00,424.45,1442.12,142.85714,212.225,721.06,500.0,0.0,0.0
2022-03-15 20:00:00,466.48,1442.12,190.53896,233.24,721.06,500.0,47.205,0.0
2022-03-15 21:00:00,431.51,1442.12,142.85714,215.755,721.06,500.0,0.0,0.0
2022-03-15 22:00:00,331.55,1442.12,142.85714,165.775,721.06,500.0,0.0,0.0
2022-03-15 23:00:00,246.53,1442.12,142.85714,123.265,721.06,500.0,0.0,0.0
2022-03-16 00:00:00,204.79,1442.12,142.85714,102.395,721.06,500.0,0.0,0.0
2022-03-16 01:00:00,190.15,1442.12,142.85714,95.075,721.06,500.0,0.0,0.0
2022-03-16 02:00:00,0.0,1442.12,254.04401,0.0,721.06,500.0,110.075,0.0
2022-03-16 03:00:00,0.0,1442.12,270.25613,0.0,721.06,500.0,126.125,0.0
2022-03-16 04:00:00,0.0,1442.12,306.58947,0.0,721.06,500.0,162.095,0.0
2022-03-16 05:00:00,0.0,1442.12,358.57937,0.0,721.06,500.0,213.565,0.0
2022-03-16 06:00:00,466.48,1442.12,249.66472,233.24,721.06,500.0,105.7395,101.72549999999998
2022-03-16 07:00:00,466.48,1442.12,162.35603,233.24,721.06,500.0,19.3039,253.3611
2022-03-16 08:00:00,0.0,1442.12,113.2998,0.0,721.06,396.5493,0.0,343.1657
2022-03-16 09:00:00,0.0,709.488,142.85714,0.0,354.744,500.0,0.0,429.0210000000001
2022-03-16 10:00:00,0.0,475.01862,118.75465,0.0,237.50931,415.64129,0.0,536.7544
2022-03-16 11:00:00,0.0,483.04691,120.76173,0.0,241.52345,422.66605,0.0,557.2455
2022-03-16 12:00:00,0.0,470.48095,117.62024,0.0,235.24047,411.67083,0.0,505.6637
2022-03-16 13:00:00,0.0,501.84342,125.46085,0.0,250.92171,439.11299,0.0,417.64029999999997
2022-03-16 14:00:00,0.0,605.6612,142.85714,0.0,302.8306,500.0,0.0,312.64439999999996
2022-03-16 15:00:00,0.0,815.0236,142.85714,0.0,407.5118,500.0,0.0,232.0232
2022-03-16 16:00:00,0.0,1326.7978,142.85714,0.0,663.3989,500.0,0.0,54.436099999999996
2022-03-16 17:00:00,124.67,1442.12,142.85714,62.335,721.06,500.0,0.0,0.0
2022-03-16 18:00:00,466.48,1442.12,195.19553,233.24,721.06,500.0,51.815,0.0
2022-03-16 19:00:00,349.61,1442.12,142.85714,174.805,721.06,500.0,0.0,0.0
2022-03-16 20:00:00,0.0,1442.12,261.72078,0.0,721.06,500.0,117.675,0.0
2022-03-16 21:00:00,0.0,1442.12,237.38745,0.0,721.06,500.0,93.585,0.0
2022-03-16 22:00:00,0.0,1442.12,300.65007,0.0,721.06,500.0,156.215,0.0
2022-03-16 23:00:00,0.0,1442.12,270.14502,0.0,721.06,500.0,126.015,0.0
2022-03-17 00:00:00,0.0,1442.12,232.47835,0.0,721.06,500.0,88.725,0.0
2022-03-17 01:00:00,0.0,1442.12,229.24603,0.0,721.06,500.0,85.525,0.0
2022-03-17 02:00:00,0.0,1442.12,218.86219,0.0,721.06,500.0,75.245,0.0
2022-03-17 03:00:00,0.0,1442.12,239.34704,0.0,721.06,500.0,95.525,0.0
2022-03-17 04:00:00,0.0,1442.12,248.30664,0.0,721.06,500.0,104.395,0.0
2022-03-17 05:00:00,0.0,1442.12,263.09452,0.0,721.06,500.0,119.035,0.0
2022-03-17 06:00:00,0.0,1442.12,162.80078,0.0,721.06,500.0,19.7442,124.0708
2022-03-17 07:00:00,54.131,1442.12,142.85714,27.0655,721.06,500.0,0.0,210.3495
2022-03-17 08:00:00,0.0,1320.8982,142.85714,0.0,660.4491,500.0,0.0,280.19589999999994
2022-03-17 09:00:00,0.0,723.0956,142.85714,0.0,361.5478,500.0,0.0,630.4572
2022-03-17 10:00:00,0.0,586.9384,142.85714,0.0,293.4692,500.0,0.0,563.8957999999999
2022-03-17 11:00:00,0.0,543.49855,135.87464,0.0,271.74927,475.56123,0.0,601.9945
2022-03-17 12:00:00,0.0,922.34,142.85714,0.0,461.17,500.0,0.0,228.125
2022-03-17 13:00:00,0.0,456.29236,114.07309,0.0,228.14618,399.25582,0.0,485.523
2022-03-17 14:00:00,0.0,1063.7886,142.85714,0.0,531.8943,500.0,0.0,47.8807
2022-03-17 15:00:00,0.0,1161.4956,142.85714,0.0,580.7478,500.0,0.0,69.0872
2022-03-17 16:00:00,0.0,1044.997,142.85714,0.0,522.4985,500.0,0.0,120.48650000000002
2022-03-17 17:00:00,0.0,1437.55,142.85714,0.0,718.775,500.0,0.0,0.0
2022-03-17 18:00:00,456.33,1442.12,142.85714,228.165,721.06,500.0,0.0,0.0
2022-03-17 19:00:00,138.27,1442.12,142.85714,69.135,721.06,500.0,0.0,0.0
2022-03-17 20:00:00,75.29,1442.12,142.85714,37.645,721.06,500.0,0.0,0.0
2022-03-17 21:00:00,144.03,1442.12,142.85714,72.015,721.06,500.0,0.0,0.0
2022-03-17 22:00:00,46.09,1442.12,142.85714,23.045,721.06,500.0,0.0,0.0
2022-03-17 23:00:00,64.61,1442.12,142.85714,32.305,721.06,500.0,0.0,0.0
2022-03-18 00:00:00,0.0,1442.12,167.60967,0.0,721.06,500.0,24.505,0.0
2022-03-18 01:00:00,0.0,1442.12,152.11472,0.0,721.06,500.0,9.165,0.0
2022-03-18 02:00:00,0.0,1442.12,149.9632,0.0,721.06,500.0,7.035,0.0
2022-03-18 03:00:00,0.0,1442.12,172.45815,0.0,721.06,500.0,29.305,0.0
2022-03-18 04:00:00,0.0,1442.12,191.21573,0.0,721.06,500.0,47.875,0.0
2022-03-18 05:00:00,0.0,1442.12,198.943,0.0,721.06,500.0,55.525,0.0
2022-03-18 06:00:00,0.0,1405.9224,142.85714,0.0,702.9612,500.0,0.0,97.8638
2022-03-18 07:00:00,0.0,1196.6084,142.85714,0.0,598.3042,500.0,0.0,260.5808
2022-03-18 08:00:00,0.0,873.5246,142.85714,0.0,436.7623,500.0,0.0,434.34270000000004
2022-03-18 09:00:00,0.0,543.17156,135.79289,0.0,271.58578,475.27512,0.0,598.7241
2022-03-18 10:00:00,0.0,553.69585,138.42396,0.0,276.84793,484.48387,0.0,619.6532
2022-03-18 11:00:00,0.0,529.58073,132.39518,0.0,264.79036,463.38314,0.0,577.1015
2022-03-18 12:00:00,0.0,515.83484,128.95871,0.0,257.91742,451.35548,0.0,348.0421
2022-03-18 13:00:00,0.0,385.82982,96.457455,0.0,192.91491,337.60109,0.0,506.10900000000004
2022-03-18 14:00:00,0.0,519.18735,129.79684,0.0,259.59367,454.28893,0.0,261.25239999999997
2022-03-18 15:00:00,0.0,550.50415,137.62604,0.0,275.25207,481.69113,0.0,214.37179999999998
2022-03-18 16:00:00,0.0,888.0552,142.85714,0.0,444.0276,500.0,0.0,82.03739999999999
2022-03-18 17:00:00,0.0,1183.15,142.85714,0.0,591.575,500.0,0.0,0.0
2022-03-18 18:00:00,274.09,1442.12,142.85714,137.045,721.06,500.0,0.0,0.0
2022-03-18 19:00:00,130.71,1442.12,142.85714,65.355,721.06,500.0,0.0,0.0
2022-03-18 20:00:00,0.0,1331.11,142.85714,0.0,665.555,500.0,0.0,0.0
2022-03-18 21:00:00,0.0,1433.37,142.85714,0.0,716.685,500.0,0.0,0.0
2022-03-18 22:00:00,0.0,1200.45,142.85714,0.0,600.225,500.0,0.0,0.0
2022-03-18 23:00:00,0.0,1190.73,142.85714,0.0,595.365,500.0,0.0,0.0
2022-03-19 00:00:00,0.0,1114.99,142.85714,0.0,557.495,500.0,0.0,0.0
2022-03-19 01:00:00,0.0,1099.31,142.85714,0.0,549.655,500.0,0.0,0.0
2022-03-19 02:00:00,0.0,1119.19,142.85714,0.0,559.595,500.0,0.0,0.0
2022-03-19 03:00:00,0.0,1150.75,142.85714,0.0,575.375,500.0,0.0,0.0
2022-03-19 04:00:00,0.0,1173.71,142.85714,0.0,586.855,500.0,0.0,0.0
2022-03-19 05:00:00,0.0,1291.87,142.85714,0.0,645.935,500.0,0.0,0.0
2022-03-19 06:00:00,0.0,1442.12,332.73866,0.0,721.06,500.0,187.9827,41.2523
2022-03-19 07:00:00,0.0,1442.12,305.18462,0.0,721.06,500.0,160.7042,97.0608
2022-03-19 08:00:00,0.0,959.0272,142.85714,0.0,479.5136,500.0,0.0,199.4214
2022-03-19 09:00:00,0.0,636.1116,142.85714,0.0,318.0558,500.0,0.0,217.5692
2022-03-19 10:00:00,0.0,606.6732,142.85714,0.0,303.3366,500.0,0.0,189.85839999999996
2022-03-19 11:00:00,0.0,748.2116,142.85714,0.0,374.1058,500.0,0.0,119.01920000000001
2022-03-19 12:00:00,0.0,655.3576,142.85714,0.0,327.6788,500.0,0.0,87.5562
2022-03-19 13:00:00,0.0,659.46658,164.86665,0.0,329.73329,500.0,21.789408,70.45230000000001
2022-03-19 14:00:00,0.0,750.28424,187.57106,0.0,375.14212,500.0,44.266779,69.7661
2022-03-19 15:00:00,0.0,776.02859,194.00715,0.0,388.0143,500.0,50.638505,63.61219999999999
2022-03-19 16:00:00,0.0,1015.229,142.85714,0.0,507.6145,500.0,0.0,34.2005
2022-03-19 17:00:00,0.0,1310.77,142.85714,0.0,655.385,500.0,0.0,0.0
2022-03-19 18:00:00,0.0,1442.12,271.73088,0.0,721.06,500.0,127.585,0.0
2022-03-19 19:00:00,0.0,1442.12,185.943,0.0,721.06,500.0,42.655,0.0
2022-03-19 20:00:00,0.0,1441.65,142.85714,0.0,720.825,500.0,0.0,0.0
2022-03-19 21:00:00,0.0,1442.12,197.61977,0.0,721.06,500.0,54.215,0.0
2022-03-19 22:00:00,0.0,1379.35,142.85714,0.0,689.675,500.0,0.0,0.0
2022-03-19 23:00:00,0.0,1249.51,142.85714,0.0,624.755,500.0,0.0,0.0
2022-03-20 00:00:00,0.0,1194.37,142.85714,0.0,597.185,500.0,0.0,0.0
2022-03-20 01:00:00,0.0,1160.09,142.85714,0.0,580.045,500.0,0.0,0.0
2022-03-20 02:00:00,0.0,1137.97,142.85714,0.0,568.985,500.0,0.0,0.0
2022-03-20 03:00:00,0.0,1178.21,142.85714,0.0,589.105,500.0,0.0,0.0
2022-03-20 04:00:00,0.0,1213.19,142.85714,0.0,606.595,500.0,0.0,0.0
2022-03-20 05:00:00,0.0,1343.11,142.85714,0.0,671.555,500.0,0.0,0.0
2022-03-20 06:00:00,0.0,1442.12,346.02462,0.0,721.06,500.0,201.1358,32.1492
2022-03-20 07:00:00,43.597159,1442.12,374.91706,21.79858,721.06,500.0,229.73932,62.247099999999996
2022-03-20 08:00:00,0.0,911.07327,227.76832,0.0,455.53664,500.0,84.062064,145.4963
2022-03-20 09:00:00,0.0,723.25789,180.81447,0.0,361.62894,500.0,37.577756,204.18830000000003
2022-03-20 10:00:00,0.0,609.71862,152.42966,0.0,304.85931,500.0,9.476788,234.2789
2022-03-20 11:00:00,0.0,662.47046,165.61762,0.0,331.23523,500.0,22.532868,263.1869
2022-03-20 12:00:00,0.0,349.5848,87.3962,0.0,174.7924,305.8867,0.0,470.72589999999997
2022-03-20 13:00:00,0.0,306.56655,76.641636,0.0,153.28327,268.24573,0.0,522.826
2022-03-20 14:00:00,0.0,399.28255,99.820636,0.0,199.64127,349.37223,0.0,398.2515
2022-03-20 15:00:00,0.0,601.36464,150.34116,0.0,300.68232,500.0,7.409178,137.2035
2022-03-20 16:00:00,0.0,727.30217,181.82554,0.0,363.65108,500.0,38.578715,84.8552
2022-03-20 17:00:00,0.0,1221.03,142.85714,0.0,610.515,500.0,0.0,0.0
2022-03-20 18:00:00,0.0,1442.12,256.84199,0.0,721.06,500.0,112.845,0.0
2022-03-20 19:00:00,0.0,1442.12,238.02381,0.0,721.06,500.0,94.215,0.0
2022-03-20 20:00:00,0.0,1442.12,194.19553,0.0,721.06,500.0,50.825,0.0
2022-03-20 21:00:00,0.0,1442.12,235.62987,0.0,721.06,500.0,91.845,0.0
2022-03-20 22:00:00,0.0,1442.12,239.63997,0.0,721.06,500.0,95.815,0.0
2022-03-20 23:00:00,0.0,1442.12,146.17532,0.0,721.06,500.0,3.285,0.0
2022-03-21 00:00:00,0.0,1399.37,142.85714,0.0,699.685,500.0,0.0,0.0
2022-03-21 01:00:00,0.0,1373.15,142.85714,0.0,686.575,500.0,0.0,0.0
2022-03-21 02:00:00,0.0,1332.17,142.85714,0.0,666.085,500.0,0.0,0.0
2022-03-21 03:00:00,0.0,1344.05,142.85714,0.0,672.025,500.0,0.0,0.0
2022-03-21 04:00:00,0.0,1341.75,142.85714,0.0,670.875,500.0,0.0,0.0
2022-03-21 05:00:00,0.0,1442.12,180.60967,0.0,721.06,500.0,37.375,0.0
2022-03-21 06:00:00,195.4022,1442.12,142.85714,97.7011,721.06,500.0,0.0,133.9039
2022-03-21 07:00:00,0.0,1416.0534,142.85714,0.0,708.0267,500.0,0.0,326.8283
2022-03-21 08:00:00,0.0,591.7266,142.85714,0.0,295.8633,500.0,0.0,462.3017
2022-03-21 09:00:00,0.0,456.12647,114.03162,0.0,228.06324,399.11066,0.0,462.87109999999996
2022-03-21 10:00:00,0.0,389.61207,97.403018,0.0,194.80604,340.91056,0.0,409.5883999999999
2022-03-21 11:00:00,0.0,334.49091,83.622727,0.0,167.24545,292.67955,0.0,505.16
2022-03-21 12:00:00,0.0,163.34844,40.837109,0.0,81.674218,142.92988,0.0,592.2709
2022-03-21 13:00:00,0.0,288.45913,72.114782,0.0,144.22956,252.40174,0.0,364.0437
2022-03-21 14:00:00,0.0,252.54887,63.137218,0.0,126.27444,220.98026,0.0,419.1003
2022-03-21 15:00:00,0.0,354.29571,88.573927,0.0,177.14785,310.00875,0.0,293.5184
2022-03-21 16:00:00,0.0,502.87869,125.71967,0.0,251.43935,440.01885,0.0,106.69680000000001
2022-03-21 17:00:00,0.0,816.55,142.85714,0.0,408.275,500.0,0.0,0.0
2022-03-21 18:00:00,7.53,1442.12,142.85714,3.765,721.06,500.0,0.0,0.0
2022-03-21 19:00:00,0.0,1442.12,122.77286,0.0,721.06,429.705,0.0,0.0
2022-03-21 20:00:00,0.0,1258.47,142.85714,0.0,629.235,500.0,0.0,0.0
2022-03-21 21:00:00,0.0,1289.37,142.85714,0.0,644.685,500.0,0.0,0.0
2022-03-21 22:00:00,0.0,1286.19,142.85714,0.0,643.095,500.0,0.0,0.0
2022-03-21 23:00:00,0.0,1042.79,142.85714,0.0,521.395,500.0,0.0,0.0
2022-03-22 00:00:00,0.0,1045.67,142.85714,0.0,522.835,500.0,0.0,0.0
2022-03-22 01:00:00,0.0,1041.85,142.85714,0.0,520.925,500.0,0.0,0.0
2022-03-22 02:00:00,0.0,1054.37,142.85714,0.0,527.185,500.0,0.0,0.0
2022-03-22 03:00:00,0.0,1092.57,142.85714,0.0,546.285,500.0,0.0,0.0
2022-03-22 04:00:00,0.0,1119.69,142.85714,0.0,559.845,500.0,0.0,0.0
2022-03-22 05:00:00,0.0,1224.21,142.85714,0.0,612.105,500.0,0.0,0.0
2022-03-22 06:00:00,106.5132,1442.12,142.85714,53.2566,721.06,500.0,0.0,83.27839999999999
2022-03-22 07:00:00,0.0,1151.6954,142.85714,0.0,575.8477,500.0,0.0,327.77729999999997
2022-03-22 08:00:00,0.0,455.75855,113.93964,0.0,227.87927,398.78873,0.0,505.087
2022-03-22 09:00:00,0.0,284.19004,71.047509,0.0,142.09502,248.66628,0.0,627.5736999999999
2022-03-22 10:00:00,0.0,144.89418,36.223545,0.0,72.447091,126.78241,0.0,726.6055
2022-03-22 11:00:00,0.0,140.27585,35.068964,0.0,70.137927,122.74137,0.0,731.5256999999999
2022-03-22 12:00:00,0.0,74.4176,18.6044,0.0,37.2088,65.1154,0.0,718.2907999999999
2022-03-22 13:00:00,0.0,58.719927,14.679982,0.0,29.359964,51.379936,0.0,658.3651
2022-03-22 14:00:00,0.0,190.49513,47.623782,0.0,95.247564,166.68324,0.0,485.11420000000004
2022-03-22 15:00:00,0.0,305.74378,76.435945,0.0,152.87189,267.52581,0.0,318.2873
2022-03-22 16:00:00,0.0,449.3976,112.3494,0.0,224.6988,393.2229,0.0,149.0733
2022-03-22 17:00:00,0.0,802.39,142.85714,0.0,401.195,500.0,0.0,0.0
2022-03-22 18:00:00,0.0,1442.12,102.40143,0.0,721.06,358.405,0.0,0.0
2022-03-22 19:00:00,0.0,1442.12,71.195714,0.0,721.06,249.185,0.0,0.0
2022-03-22 20:00:00,0.0,1045.83,142.85714,0.0,522.915,500.0,0.0,0.0
2022-03-22 21:00:00,0.0,1045.63,142.85714,0.0,522.815,500.0,0.0,0.0
2022-03-22 22:00:00,0.0,970.91,142.85714,0.0,485.455,500.0,0.0,0.0
2022-03-22 23:00:00,0.0,849.23,142.85714,0.0,424.615,500.0,0.0,0.0
2022-03-23 00:00:00,0.0,857.79,142.85714,0.0,428.895,500.0,0.0,0.0
2022-03-23 01:00:00,0.0,841.41,142.85714,0.0,420.705,500.0,0.0,0.0
2022-03-23 02:00:00,0.0,894.31,142.85714,0.0,447.155,500.0,0.0,0.0
2022-03-23 03:00:00,0.0,954.79,142.85714,0.0,477.395,500.0,0.0,0.0
2022-03-23 04:00:00,0.0,1092.39,142.85714,0.0,546.195,500.0,0.0,0.0
2022-03-23 05:00:00,0.0,1270.05,142.85714,0.0,635.025,500.0,0.0,0.0
2022-03-23 06:00:00,0.0,1430.2286,142.85714,0.0,715.1143,500.0,0.0,149.3507
2022-03-23 07:00:00,0.0,1442.12,54.201743,0.0,721.06,189.7061,0.0,346.6989
2022-03-23 08:00:00,0.0,417.34291,104.33573,0.0,208.67145,365.17505,0.0,511.3285
2022-03-23 09:00:00,0.0,197.18073,49.295182,0.0,98.590364,172.53314,0.0,634.7715
2022-03-23 10:00:00,0.0,76.34,19.085,0.0,38.17,66.7975,0.0,713.0275
2022-03-23 11:00:00,0.0,67.476582,16.869145,0.0,33.738291,59.042009,0.0,739.7746999999999
2022-03-23 12:00:00,0.0,40.680727,10.170182,0.0,20.340364,35.595636,0.0,678.389
2022-03-23 13:00:00,0.0,86.092873,21.523218,0.0,43.046436,75.331264,0.0,655.5473
2022-03-23 14:00:00,0.0,178.4288,44.6072,0.0,89.2144,156.1252,0.0,518.2854
2022-03-23 15:00:00,0.0,315.34255,78.835636,0.0,157.67127,275.92473,0.0,341.129
2022-03-23 16:00:00,0.0,486.90662,121.72665,0.0,243.45331,426.04329,0.0,152.6284
2022-03-23 17:00:00,0.0,857.57,142.85714,0.0,428.785,500.0,0.0,0.0
2022-03-23 18:00:00,0.0,1442.12,113.58429,0.0,721.06,397.545,0.0,0.0
2022-03-23 19:00:00,0.0,1442.12,92.887143,0.0,721.06,325.105,0.0,0.0
2022-03-23 20:00:00,0.0,1442.12,82.455714,0.0,721.06,288.595,0.0,0.0
2022-03-23 21:00:00,0.0,1056.77,142.85714,0.0,528.385,500.0,0.0,0.0
2022-03-23 22:00:00,0.0,1049.41,142.85714,0.0,524.705,500.0,0.0,0.0
2022-03-23 23:00:00,0.0,1008.49,142.85714,0.0,504.245,500.0,0.0,0.0
2022-03-24 00:00:00,0.0,938.85,142.85714,0.0,469.425,500.0,0.0,0.0
2022-03-24 01:00:00,0.0,944.31,142.85714,0.0,472.155,500.0,0.0,0.0
2022-03-24 02:00:00,0.0,958.43,142.85714,0.0,479.215,500.0,0.0,0.0
2022-03-24 03:00:00,0.0,966.97,142.85714,0.0,483.485,500.0,0.0,0.0
2022-03-24 04:00:00,0.0,1005.27,142.85714,0.0,502.635,500.0,0.0,0.0
2022-03-24 05:00:00,0.0,1021.29,142.85714,0.0,510.645,500.0,0.0,0.0
2022-03-24 06:00:00,0.0,782.8664,142.85714,0.0,391.4332,500.0,0.0,147.21179999999998
2022-03-24 07:00:00,0.0,1442.12,11.955371,0.0,721.06,41.8438,0.0,348.5312
2022-03-24 08:00:00,0.0,441.21804,110.30451,0.0,220.60902,386.06578,0.0,519.5702
2022-03-24 09:00:00,0.0,321.07418,80.268545,0.0,160.53709,280.93991,0.0,654.518
2022-03-24 10:00:00,0.0,257.06458,64.266145,0.0,128.53229,224.93151,0.0,758.7912
2022-03-24 11:00:00,0.0,274.96175,68.740436,0.0,137.48087,240.59153,0.0,781.5526
2022-03-24 12:00:00,0.0,205.91796,51.479491,0.0,102.95898,180.17822,0.0,735.0078
2022-03-24 13:00:00,0.0,197.47818,49.369545,0.0,98.739091,172.79341,0.0,654.9925
2022-03-24 14:00:00,0.0,250.8488,62.7122,0.0,125.4244,219.4927,0.0,503.8679
2022-03-24 15:00:00,0.0,359.37185,89.842964,0.0,179.68593,314.45037,0.0,333.7487
2022-03-24 16:00:00,0.0,545.37847,136.34462,0.0,272.68924,477.20616,0.0,152.2196
2022-03-24 17:00:00,0.0,866.65,142.85714,0.0,433.325,500.0,0.0,0.0
2022-03-24 18:00:00,0.0,1442.12,130.42714,0.0,721.06,456.495,0.0,0.0
2022-03-24 19:00:00,0.0,1442.12,64.504286,0.0,721.06,225.765,0.0,0.0
2022-03-24 20:00:00,0.0,797.33,142.85714,0.0,398.665,500.0,0.0,0.0
2022-03-24 21:00:00,0.0,819.83,142.85714,0.0,409.915,500.0,0.0,0.0
2022-03-24 22:00:00,0.0,855.23,142.85714,0.0,427.615,500.0,0.0,0.0
2022-03-24 23:00:00,0.0,743.49,142.85714,0.0,371.745,500.0,0.0,0.0
2022-03-25 00:00:00,0.0,714.95,142.85714,0.0,357.475,500.0,0.0,0.0
2022-03-25 01:00:00,0.0,694.11,142.85714,0.0,347.055,500.0,0.0,0.0
2022-03-25 02:00:00,0.0,718.11,142.85714,0.0,359.055,500.0,0.0,0.0
2022-03-25 03:00:00,0.0,764.61,142.85714,0.0,382.305,500.0,0.0,0.0
2022-03-25 04:00:00,0.0,726.79,142.85714,0.0,363.395,500.0,0.0,0.0
2022-03-25 05:00:00,0.0,774.49,142.85714,0.0,387.245,500.0,0.0,0.0
2022-03-25 06:00:00,0.0,1442.12,12.106114,0.0,721.06,42.3714,0.0,152.0736
2022-03-25 07:00:00,0.0,1291.2696,0.0,0.0,645.6348,0.0,0.0,352.4002
2022-03-25 08:00:00,0.0,396.12189,99.030473,0.0,198.06095,346.60665,0.0,517.8474
2022-03-25 09:00:00,0.0,291.02691,72.756727,0.0,145.51345,254.64855,0.0,650.503
2022-03-25 10:00:00,0.0,181.24407,45.311018,0.0,90.622036,158.58856,0.0,734.5844000000001
2022-03-25 11:00:00,0.0,170.27011,42.567527,0.0,85.135055,148.98635,0.0,749.2135999999998
2022-03-25 12:00:00,0.0,51.074618,12.768655,0.0,25.537309,44.690291,0.0,698.8874000000001
2022-03-25 13:00:00,0.0,110.3496,27.5874,0.0,55.1748,96.5559,0.0,595.6143
2022-03-25 14:00:00,0.0,164.08553,41.021382,0.0,82.042764,143.57484,0.0,478.42740000000003
2022-03-25 15:00:00,0.0,292.73564,73.183909,0.0,146.36782,256.14368,0.0,308.0235
2022-03-25 16:00:00,0.0,495.73665,123.93416,0.0,247.86833,433.76957,0.0,140.3571
2022-03-25 17:00:00,0.0,955.2324,142.85714,0.0,477.6162,500.0,0.0,2.5987999999999998
2022-03-25 18:00:00,0.0,1442.12,117.70143,0.0,721.06,411.955,0.0,0.0
2022-03-25 19:00:00,0.0,1442.12,76.952857,0.0,721.06,269.335,0.0,0.0
2022-03-25 20:00:00,0.0,812.81,142.85714,0.0,406.405,500.0,0.0,0.0
2022-03-25 21:00:00,0.0,693.89,142.85714,0.0,346.945,500.0,0.0,0.0
2022-03-25 22:00:00,0.0,916.33,142.85714,0.0,458.165,500.0,0.0,0.0
2022-03-25 23:00:00,0.0,821.49,142.85714,0.0,410.745,500.0,0.0,0.0
2022-03-26 00:00:00,0.0,802.99,142.85714,0.0,401.495,500.0,0.0,0.0
2022-03-26 01:00:00,0.0,815.31,142.85714,0.0,407.655,500.0,0.0,0.0
2022-03-26 02:00:00,0.0,856.81,142.85714,0.0,428.405,500.0,0.0,0.0
2022-03-26 03:00:00,0.0,901.87,142.85714,0.0,450.935,500.0,0.0,0.0
2022-03-26 04:00:00,0.0,1044.39,142.85714,0.0,522.195,500.0,0.0,0.0
2022-03-26 05:00:00,0.0,1442.12,207.99351,0.0,721.06,500.0,64.485,0.0
2022-03-26 06:00:00,0.0,1442.12,205.12573,0.0,721.06,500.0,61.6459,55.2391
2022-03-26 07:00:00,0.0,1183.6468,142.85714,0.0,591.8234,500.0,0.0,92.65159999999999
2022-03-26 08:00:00,0.0,510.84422,127.71105,0.0,255.42211,446.98869,0.0,366.12420000000003
2022-03-26 09:00:00,0.0,342.95149,85.737873,0.0,171.47575,300.08255,0.0,547.3466999999999
2022-03-26 10:00:00,0.0,252.16931,63.042327,0.0,126.08465,220.64815,0.0,639.5822
2022-03-26 11:00:00,0.0,506.16495,126.54124,0.0,253.08247,442.89433,0.0,340.4282
2022-03-26 12:00:00,0.0,441.07513,110.26878,0.0,220.53756,385.94074,0.0,340.0267
2022-03-26 13:00:00,0.0,314.3768,78.5942,0.0,157.1884,275.0797,0.0,447.14689999999996
2022-03-26 14:00:00,0.0,427.10451,106.77613,0.0,213.55225,373.71645,0.0,279.0863
2022-03-26 15:00:00,0.0,514.72676,128.68169,0.0,257.36338,450.38592,0.0,168.6957
2022-03-26 16:00:00,0.0,757.3772,142.85714,0.0,378.6886,500.0,0.0,66.1964
2022-03-26 17:00:00,0.0,1027.7506,142.85714,0.0,513.8753,500.0,0.0,0.6496999999999999
2022-03-26 18:00:00,108.33,1442.12,142.85714,54.165,721.06,500.0,0.0,0.0
2022-03-26 19:00:00,0.0,1298.97,142.85714,0.0,649.485,500.0,0.0,0.0
2022-03-26 20:00:00,0.0,1337.29,142.85714,0.0,668.645,500.0,0.0,0.0
2022-03-26 21:00:00,0.0,1334.19,142.85714,0.0,667.095,500.0,0.0,0.0
2022-03-26 22:00:00,0.0,1183.87,142.85714,0.0,591.935,500.0,0.0,0.0
2022-03-26 23:00:00,0.0,1156.01,142.85714,0.0,578.005,500.0,0.0,0.0
2022-03-27 00:00:00,0.0,1220.49,142.85714,0.0,610.245,500.0,0.0,0.0
2022-03-27 01:00:00,0.0,1249.77,142.85714,0.0,624.885,500.0,0.0,0.0
2022-03-27 02:00:00,0.0,1312.85,142.85714,0.0,656.425,500.0,0.0,0.0
2022-03-27 03:00:00,0.0,1342.03,142.85714,0.0,671.015,500.0,0.0,0.0
2022-03-27 04:00:00,0.0,1442.12,150.87229,0.0,721.06,500.0,7.935,0.0
2022-03-27 05:00:00,66.443536,1442.12,382.45637,33.221768,721.06,500.0,237.20323,0.0
2022-03-27 06:00:00,0.0,1442.12,292.61027,0.0,721.06,500.0,148.2556,88.1694
2022-03-27 07:00:00,0.0,1055.6014,142.85714,0.0,527.8007,500.0,0.0,261.2743
2022-03-27 08:00:00,0.0,515.69404,128.92351,0.0,257.84702,451.23228,0.0,409.5957
2022-03-27 09:00:00,0.0,330.6,82.65,0.0,165.3,289.275,0.0,582.54
2022-03-27 10:00:00,0.0,227.14073,56.785182,0.0,113.57036,198.74814,0.0,663.6065
2022-03-27 11:00:00,0.0,268.36713,67.091782,0.0,134.18356,234.82124,0.0,604.2502
2022-03-27 12:00:00,0.0,153.70647,38.426618,0.0,76.853236,134.49316,0.0,661.9786
2022-03-27 13:00:00,0.0,213.0232,53.2558,0.0,106.5116,186.3953,0.0,567.9181
2022-03-27 14:00:00,0.0,297.49047,74.372618,0.0,148.74524,260.30416,0.0,427.57559999999995
2022-03-27 15:00:00,0.0,430.23789,107.55947,0.0,215.11895,376.45815,0.0,260.7779
2022-03-27 16:00:00,0.0,659.2798,142.85714,0.0,329.6399,500.0,0.0,115.24509999999998
2022-03-27 17:00:00,0.0,1103.493,142.85714,0.0,551.7465,500.0,0.0,3.2485
2022-03-27 18:00:00,159.77,1442.12,142.85714,79.885,721.06,500.0,0.0,0.0
2022-03-27 19:00:00,0.0,1358.59,142.85714,0.0,679.295,500.0,0.0,0.0
2022-03-27 20:00:00,0.0,1368.79,142.85714,0.0,684.395,500.0,0.0,0.0
2022-03-27 21:00:00,0.0,1270.91,142.85714,0.0,635.455,500.0,0.0,0.0
2022-03-27 22:00:00,0.0,1326.65,142.85714,0.0,663.325,500.0,0.0,0.0
2022-03-27 23:00:00,0.0,1199.03,142.85714,0.0,599.515,500.0,0.0,0.0
2022-03-28 00:00:00,0.0,1236.37,142.85714,0.0,618.185,500.0,0.0,0.0
2022-03-28 01:00:00,0.0,1258.37,142.85714,0.0,629.185,500.0,0.0,0.0
2022-03-28 02:00:00,0.0,1301.43,142.85714,0.0,650.715,500.0,0.0,0.0
2022-03-28 03:00:00,0.0,1361.23,142.85714,0.0,680.615,500.0,0.0,0.0
2022-03-28 04:00:00,0.0,1442.12,167.15512,0.0,721.06,500.0,24.055,0.0
2022-03-28 05:00:00,466.48,1442.12,184.79149,233.24,721.06,500.0,41.515,0.0
2022-03-28 06:00:00,319.6328,1442.12,142.85714,159.8164,721.06,500.0,0.0,103.52860000000001
2022-03-28 07:00:00,0.0,1442.12,81.888371,0.0,721.06,286.6093,0.0,257.7557
2022-03-28 08:00:00,0.0,518.83287,129.70822,0.0,259.41644,453.97876,0.0,399.4998
2022-03-28 09:00:00,0.0,339.6496,84.9124,0.0,169.8248,297.1934,0.0,549.8068
2022-03-28 10:00:00,0.0,220.84189,55.210473,0.0,110.42095,193.23665,0.0,636.1074
2022-03-28 11:00:00,0.0,241.38567,60.346418,0.0,120.69284,211.21246,0.0,635.0197
2022-03-28 12:00:00,0.0,140.74335,35.185836,0.0,70.371673,123.15043,0.0,645.1229000000001
2022-03-28 13:00:00,0.0,208.34691,52.086727,0.0,104.17345,182.30355,0.0,543.558
2022-03-28 14:00:00,0.0,312.07105,78.017764,0.0,156.03553,273.06217,0.0,405.15729999999996
2022-03-28 15:00:00,0.0,419.76778,104.94195,0.0,209.88389,367.29681,0.0,271.4943
2022-03-28 16:00:00,0.0,609.7544,142.85714,0.0,304.8772,500.0,0.0,115.9678
2022-03-28 17:00:00,0.0,956.7536,142.85714,0.0,478.3768,500.0,0.0,3.8981999999999997
2022-03-28 18:00:00,134.81,1442.12,142.85714,67.405,721.06,500.0,0.0,0.0
2022-03-28 19:00:00,0.0,1251.31,142.85714,0.0,625.655,500.0,0.0,0.0
2022-03-28 20:00:00,0.0,1287.75,142.85714,0.0,643.875,500.0,0.0,0.0
2022-03-28 21:00:00,0.0,1222.03,142.85714,0.0,611.015,500.0,0.0,0.0
2022-03-28 22:00:00,0.0,1126.87,142.85714,0.0,563.435,500.0,0.0,0.0
2022-03-28 23:00:00,0.0,1097.63,142.85714,0.0,548.815,500.0,0.0,0.0
2022-03-29 00:00:00,0.0,1216.61,142.85714,0.0,608.305,500.0,0.0,0.0
2022-03-29 01:00:00,0.0,1237.79,142.85714,0.0,618.895,500.0,0.0,0.0
2022-03-29 02:00:00,0.0,1288.19,142.85714,0.0,644.095,500.0,0.0,0.0
2022-03-29 03:00:00,0.0,1339.27,142.85714,0.0,669.635,500.0,0.0,0.0
2022-03-29 04:00:00,55.59,1442.12,142.85714,27.795,721.06,500.0,0.0,0.0
2022-03-29 05:00:00,251.2598,1442.12,142.85714,125.6299,721.06,500.0,0.0,1.3651
2022-03-29 06:00:00,242.631,1442.12,142.85714,121.3155,721.06,500.0,0.0,127.1295
2022-03-29 07:00:00,0.0,1442.12,101.77283,0.0,721.06,356.2049,0.0,227.30010000000004
2022-03-29 08:00:00,0.0,1359.7318,0.0,0.0,679.8659,0.0,0.0,439.2191
2022-03-29 09:00:00,0.0,328.65098,82.162745,0.0,164.32549,287.56961,0.0,576.4299
2022-03-29 10:00:00,0.0,260.29447,65.073618,0.0,130.14724,227.75766,0.0,644.8601
2022-03-29 11:00:00,0.0,227.63229,56.908073,0.0,113.81615,199.17825,0.0,681.9806
2022-03-29 12:00:00,0.0,212.7128,53.1782,0.0,106.3564,186.1237,0.0,612.5649000000001
2022-03-29 13:00:00,0.0,381.69796,95.424491,0.0,190.84898,333.98572,0.0,417.64029999999997
2022-03-29 14:00:00,0.0,345.97476,86.493691,0.0,172.98738,302.72792,0.0,414.5597
2022-03-29 15:00:00,0.0,523.63011,130.90753,0.0,261.81505,458.17635,0.0,204.6336
2022-03-29 16:00:00,0.0,815.0274,142.85714,0.0,407.5137,500.0,0.0,83.0813
2022-03-29 17:00:00,0.0,982.7336,142.85714,0.0,491.3668,500.0,0.0,3.8981999999999997
2022-03-29 18:00:00,53.39,1442.12,142.85714,26.695,721.06,500.0,0.0,0.0
2022-03-29 19:00:00,0.0,1442.12,106.30714,0.0,721.06,372.075,0.0,0.0
2022-03-29 20:00:00,0.0,1168.95,142.85714,0.0,584.475,500.0,0.0,0.0
2022-03-29 21:00:00,0.0,1219.21,142.85714,0.0,609.605,500.0,0.0,0.0
2022-03-29 22:00:00,0.0,1226.35,142.85714,0.0,613.175,500.0,0.0,0.0
2022-03-29 23:00:00,0.0,1153.47,142.85714,0.0,576.735,500.0,0.0,0.0
2022-03-30 00:00:00,0.0,1103.59,142.85714,0.0,551.795,500.0,0.0,0.0
2022-03-30 01:00:00,0.0,1108.95,142.85714,0.0,554.475,500.0,0.0,0.0
2022-03-30 02:00:00,0.0,1104.75,142.85714,0.0,552.375,500.0,0.0,0.0
2022-03-30 03:00:00,0.0,1113.83,142.85714,0.0,556.915,500.0,0.0,0.0
2022-03-30 04:00:00,0.0,1155.73,142.85714,0.0,577.865,500.0,0.0,0.0
2022-03-30 05:00:00,0.0,1240.6776,142.85714,0.0,620.3388,500.0,0.0,0.6861999999999999
2022-03-30 06:00:00,0.0,1442.12,108.09271,0.0,721.06,378.3245,0.0,34.2005
2022-03-30 07:00:00,0.0,1442.12,106.93389,0.0,721.06,374.2686,0.0,103.4264
2022-03-30 08:00:00,0.0,1442.12,81.433714,0.0,721.06,285.018,0.0,145.197
2022-03-30 09:00:00,0.0,1442.12,69.181943,0.0,721.06,242.1368,0.0,163.76819999999998
2022-03-30 10:00:00,0.0,1442.12,19.627857,0.0,721.06,68.6975,0.0,239.9875
2022-03-30 11:00:00,0.0,553.33149,138.33287,0.0,276.66575,484.16505,0.0,256.6242
2022-03-30 12:00:00,0.0,510.33185,127.58296,0.0,255.16593,446.54037,0.0,274.6187
2022-03-30 13:00:00,0.0,548.31345,137.07836,0.0,274.15673,479.77427,0.0,173.594
2022-03-30 14:00:00,0.0,537.86255,134.46564,0.0,268.93127,470.62973,0.0,136.364
2022-03-30 15:00:00,0.0,544.19084,136.04771,0.0,272.09542,476.16698,0.0,129.6626
2022-03-30 16:00:00,0.0,713.9592,142.85714,0.0,356.9796,500.0,0.0,74.44539999999999
2022-03-30 17:00:00,0.0,865.3542,142.85714,0.0,432.6771,500.0,0.0,4.547899999999999
2022-03-30 18:00:00,0.0,1442.12,110.79571,0.0,721.06,387.785,0.0,0.0
2022-03-30 19:00:00,0.0,1020.89,142.85714,0.0,510.445,500.0,0.0,0.0
2022-03-30 20:00:00,0.0,1048.61,142.85714,0.0,524.305,500.0,0.0,0.0
2022-03-30 21:00:00,0.0,1118.03,142.85714,0.0,559.015,500.0,0.0,0.0
2022-03-30 22:00:00,0.0,1149.39,142.85714,0.0,574.695,500.0,0.0,0.0
2022-03-30 23:00:00,0.0,1093.39,142.85714,0.0,546.695,500.0,0.0,0.0
2022-03-31 00:00:00,0.0,1125.19,142.85714,0.0,562.595,500.0,0.0,0.0
2022-03-31 01:00:00,0.0,1119.31,142.85714,0.0,559.655,500.0,0.0,0.0
2022-03-31 02:00:00,0.0,1131.07,142.85714,0.0,565.535,500.0,0.0,0.0
2022-03-31 03:00:00,0.0,1146.01,142.85714,0.0,573.005,500.0,0.0,0.0
2022-03-31 04:00:00,0.0,1136.33,142.85714,0.0,568.165,500.0,0.0,0.0
2022-03-31 05:00:00,0.0,1175.3976,142.85714,0.0,587.6988,500.0,0.0,5.0662
2022-03-31 06:00:00,0.0,1442.12,114.32889,0.0,721.06,400.1511,0.0,17.1039
2022-03-31 07:00:00,0.0,1442.12,118.22266,0.0,721.06,413.7793,0.0,53.35569999999999
2022-03-31 08:00:00,0.0,1191.839,142.85714,0.0,595.9195,500.0,0.0,39.6755
2022-03-31 09:00:00,0.0,1184.2208,142.85714,0.0,592.1104,500.0,0.0,64.9846
2022-03-31 10:00:00,0.0,770.7004,142.85714,0.0,385.3502,500.0,0.0,165.5348
2022-03-31 11:00:00,0.0,365.67215,91.418036,0.0,182.83607,319.96313,0.0,564.6257999999999
2022-03-31 12:00:00,0.0,391.17418,97.793545,0.0,195.58709,342.27741,0.0,373.6505
2022-03-31 13:00:00,0.0,501.1464,125.2866,0.0,250.5732,438.5031,0.0,238.11869999999996
2022-03-31 14:00:00,0.0,506.49309,126.62327,0.0,253.24655,443.18145,0.0,180.237
2022-03-31 15:00:00,0.0,518.47105,129.61776,0.0,259.23553,453.66217,0.0,155.4973
2022-03-31 16:00:00,0.0,538.33593,134.58398,0.0,269.16796,471.04394,0.0,139.7731
2022-03-31 17:00:00,0.0,882.5554,142.85714,0.0,441.2777,500.0,0.0,5.847300000000001
2022-03-31 18:00:00,0.0,1231.23,142.85714,0.0,615.615,500.0,0.0,0.0
2022-03-31 19:00:00,0.0,1166.41,142.85714,0.0,583.205,500.0,0.0,0.0
2022-03-31 20:00:00,0.0,1154.09,142.85714,0.0,577.045,500.0,0.0,0.0
2022-03-31 21:00:00,0.0,1159.01,142.85714,0.0,579.505,500.0,0.0,0.0
2022-03-31 22:00:00,0.0,1094.31,142.85714,0.0,547.155,500.0,0.0,0.0
2022-03-31 23:00:00,0.0,1117.31,142.85714,0.0,558.655,500.0,0.0,0.0
2022-04-01 00:00:00,0.0,1091.35,142.85714,0.0,545.675,500.0,0.0,0.0
2022-04-01 01:00:00,0.0,1071.97,142.85714,0.0,535.985,500.0,0.0,0.0
2022-04-01 02:00:00,0.0,1030.65,142.85714,0.0,515.325,500.0,0.0,0.0
2022-04-01 03:00:00,0.0,1060.99,142.85714,0.0,530.495,500.0,0.0,0.0
2022-04-01 04:00:00,0.0,1073.29,142.85714,0.0,536.645,500.0,0.0,0.0
2022-04-01 05:00:00,0.0,1081.0398,142.85714,0.0,540.5199,500.0,0.0,1.3651
2022-04-01 06:00:00,0.0,986.227,142.85714,0.0,493.1135,500.0,0.0,77.7815
2022-04-01 07:00:00,0.0,910.8904,142.85714,0.0,455.4452,500.0,0.0,224.2998
2022-04-01 08:00:00,0.0,550.48109,137.62027,0.0,275.24055,481.67095,0.0,384.6735
2022-04-01 09:00:00,0.0,567.33004,141.83251,0.0,283.66502,496.41378,0.0,356.19620000000003
2022-04-01 10:00:00,0.0,450.64822,112.66205,0.0,225.32411,394.31719,0.0,473.54370000000006
2022-04-01 11:00:00,0.0,1242.1548,142.85714,0.0,621.0774,500.0,0.0,96.4476
2022-04-01 12:00:00,0.0,398.26676,99.566691,0.0,199.13338,348.48342,0.0,501.0282000000001
2022-04-01 13:00:00,0.0,352.66378,88.165945,0.0,176.33189,308.58081,0.0,540.5722999999999
2022-04-01 14:00:00,0.0,361.64502,90.411255,0.0,180.82251,316.43939,0.0,498.93309999999997
2022-04-01 15:00:00,0.0,547.11309,136.77827,0.0,273.55655,478.72395,0.0,274.2245
2022-04-01 16:00:00,0.0,896.1458,142.85714,0.0,448.0729,500.0,0.0,145.1021
2022-04-01 17:00:00,0.0,1234.3172,142.85714,0.0,617.1586,500.0,0.0,7.796399999999999
2022-04-01 18:00:00,0.0,1442.12,173.30664,0.0,721.06,500.0,30.145,0.0
2022-04-01 19:00:00,0.0,1169.51,142.85714,0.0,584.755,500.0,0.0,0.0
2022-04-01 20:00:00,0.0,1144.83,142.85714,0.0,572.415,500.0,0.0,0.0
2022-04-01 21:00:00,0.0,1188.03,142.85714,0.0,594.015,500.0,0.0,0.0
2022-04-01 22:00:00,0.0,1124.17,142.85714,0.0,562.085,500.0,0.0,0.0
2022-04-01 23:00:00,0.0,1085.93,142.85714,0.0,542.965,500.0,0.0,0.0
2022-04-02 00:00:00,0.0,1050.11,142.85714,0.0,525.055,500.0,0.0,0.0
2022-04-02 01:00:00,0.0,1047.91,142.85714,0.0,523.955,500.0,0.0,0.0
2022-04-02 02:00:00,0.0,1048.67,142.85714,0.0,524.335,500.0,0.0,0.0
2022-04-02 03:00:00,0.0,1057.35,142.85714,0.0,528.675,500.0,0.0,0.0
2022-04-02 04:00:00,0.0,1064.83,142.85714,0.0,532.415,500.0,0.0,0.0
2022-04-02 05:00:00,0.0,1110.6924,142.85714,0.0,555.3462,500.0,0.0,4.7888
2022-04-02 06:00:00,0.0,773.4422,142.85714,0.0,386.7211,500.0,0.0,170.4039
2022-04-02 07:00:00,0.0,659.7808,142.85714,0.0,329.8904,500.0,0.0,308.0746
2022-04-02 08:00:00,0.0,424.49833,106.12458,0.0,212.24916,371.43604,0.0,504.61980000000005
2022-04-02 09:00:00,0.0,328.48102,82.120255,0.0,164.24051,287.42089,0.0,666.7236
2022-04-02 10:00:00,0.0,267.26829,66.817073,0.0,133.63415,233.85975,0.0,726.4010999999999
2022-04-02 11:00:00,0.0,551.0488,137.7622,0.0,275.5244,482.1677,0.0,355.31289999999996
2022-04-02 12:00:00,0.0,562.15505,140.53876,0.0,281.07753,491.88567,0.0,192.4718
2022-04-02 13:00:00,0.0,273.87949,68.469873,0.0,136.93975,239.64455,0.0,545.0106999999999
2022-04-02 14:00:00,0.0,630.3132,142.85714,0.0,315.1566,500.0,0.0,64.2984
2022-04-02 15:00:00,0.0,585.6996,142.85714,0.0,292.8498,500.0,0.0,97.9952
2022-04-02 16:00:00,0.0,539.86095,134.96524,0.0,269.93047,472.37833,0.0,153.9862
2022-04-02 17:00:00,0.0,1063.8724,142.85714,0.0,531.9362,500.0,0.0,2.5987999999999998
2022-04-02 18:00:00,6.61,1442.12,142.85714,3.305,721.06,500.0,0.0,0.0
2022-04-02 19:00:00,0.0,1091.25,142.85714,0.0,545.625,500.0,0.0,0.0
2022-04-02 20:00:00,0.0,1118.49,142.85714,0.0,559.245,500.0,0.0,0.0
2022-04-02 21:00:00,0.0,1141.45,142.85714,0.0,570.725,500.0,0.0,0.0
2022-04-02 22:00:00,0.0,1137.05,142.85714,0.0,568.525,500.0,0.0,0.0
2022-04-02 23:00:00,0.0,1114.41,142.85714,0.0,557.205,500.0,0.0,0.0
2022-04-03 00:00:00,0.0,1157.91,142.85714,0.0,578.955,500.0,0.0,0.0
2022-04-03 01:00:00,0.0,1180.39,142.85714,0.0,590.195,500.0,0.0,0.0
2022-04-03 02:00:00,0.0,1230.47,142.85714,0.0,615.235,500.0,0.0,0.0
2022-04-03 03:00:00,0.0,1274.93,142.85714,0.0,637.465,500.0,0.0,0.0
2022-04-03 04:00:00,0.0,1371.49,142.85714,0.0,685.745,500.0,0.0,0.0
2022-04-03 05:00:00,0.0,1442.12,240.05038,0.0,721.06,500.0,96.2213,3.4236999999999997
2022-04-03 06:00:00,0.0,1442.12,144.38098,0.0,721.06,500.0,1.5086,152.3364
2022-04-03 07:00:00,0.0,659.9664,142.85714,0.0,329.9832,500.0,0.0,330.4418
2022-04-03 08:00:00,0.0,366.89193,91.722982,0.0,183.44596,321.03044,0.0,499.1885999999999
2022-04-03 09:00:00,0.0,311.17127,77.792818,0.0,155.58564,272.27486,0.0,494.6845
2022-04-03 10:00:00,0.0,126.88713,31.721782,0.0,63.443564,111.02624,0.0,688.5652
2022-04-03 11:00:00,0.0,202.44051,50.610127,0.0,101.22025,177.13545,0.0,581.3793
2022-04-03 12:00:00,0.0,79.882255,19.970564,0.0,39.941127,69.896973,0.0,628.1869
2022-04-03 13:00:00,0.0,113.78378,28.445945,0.0,56.891891,99.560809,0.0,555.1723
2022-04-03 14:00:00,0.0,274.27556,68.568891,0.0,137.13778,239.99112,0.0,331.10609999999997
2022-04-03 15:00:00,0.0,417.87629,104.46907,0.0,208.93815,365.64175,0.0,152.4751
2022-04-03 16:00:00,0.0,541.64415,135.41104,0.0,270.82207,473.93863,0.0,44.464299999999994
2022-04-03 17:00:00,0.0,844.3154,142.85714,0.0,422.1577,500.0,0.0,5.847300000000001
2022-04-03 18:00:00,0.0,1318.91,142.85714,0.0,659.455,500.0,0.0,0.0
2022-04-03 19:00:00,0.0,1152.21,142.85714,0.0,576.105,500.0,0.0,0.0
2022-04-03 20:00:00,0.0,1125.39,142.85714,0.0,562.695,500.0,0.0,0.0
2022-04-03 21:00:00,0.0,1123.27,142.85714,0.0,561.635,500.0,0.0,0.0
2022-04-03 22:00:00,0.0,916.71,142.85714,0.0,458.355,500.0,0.0,0.0
2022-04-03 23:00:00,0.0,889.13,142.85714,0.0,444.565,500.0,0.0,0.0
2022-04-04 00:00:00,0.0,902.83,142.85714,0.0,451.415,500.0,0.0,0.0
2022-04-04 01:00:00,0.0,816.85,142.85714,0.0,408.425,500.0,0.0,0.0
2022-04-04 02:00:00,0.0,791.87,142.85714,0.0,395.935,500.0,0.0,0.0
2022-04-04 03:00:00,0.0,809.55,142.85714,0.0,404.775,500.0,0.0,0.0
2022-04-04 04:00:00,0.0,884.89,142.85714,0.0,442.445,500.0,0.0,0.0
2022-04-04 05:00:00,0.0,1175.235,142.85714,0.0,587.6175,500.0,0.0,2.7375
2022-04-04 06:00:00,0.0,1263.281,142.85714,0.0,631.6405,500.0,0.0,47.194500000000005
2022-04-04 07:00:00,0.0,839.3288,142.85714,0.0,419.6644,500.0,0.0,148.35060000000001
2022-04-04 08:00:00,0.0,442.70793,110.67698,0.0,221.35396,387.36944,0.0,300.7016
2022-04-04 09:00:00,0.0,321.78953,80.447382,0.0,160.89476,281.56584,0.0,497.33439999999996
2022-04-04 10:00:00,0.0,321.67571,80.418927,0.0,160.83785,281.46625,0.0,479.12089999999995
2022-04-04 11:00:00,0.0,329.6856,82.4214,0.0,164.8428,288.4749,0.0,497.8673
2022-04-04 12:00:00,0.0,320.56611,80.141527,0.0,160.28305,280.49535,0.0,421.5166
2022-04-04 13:00:00,0.0,262.94589,65.736473,0.0,131.47295,230.07765,0.0,507.5544
2022-04-04 14:00:00,0.0,479.61891,119.90473,0.0,239.80945,419.66655,0.0,185.639
2022-04-04 15:00:00,0.0,592.62204,148.15551,0.0,296.31102,500.0,5.2453823,104.9886
2022-04-04 16:00:00,0.0,711.205,142.85714,0.0,355.6025,500.0,0.0,65.8825
2022-04-04 17:00:00,0.0,925.8312,142.85714,0.0,462.9156,500.0,0.0,1.2993999999999999
2022-04-04 18:00:00,0.0,1178.71,142.85714,0.0,589.355,500.0,0.0,0.0
2022-04-04 19:00:00,0.0,898.49,142.85714,0.0,449.245,500.0,0.0,0.0
2022-04-04 20:00:00,0.0,897.15,142.85714,0.0,448.575,500.0,0.0,0.0
2022-04-04 21:00:00,0.0,883.51,142.85714,0.0,441.755,500.0,0.0,0.0
2022-04-04 22:00:00,0.0,710.06498,177.51624,0.0,355.03249,500.0,34.312511,0.0
2022-04-04 23:00:00,0.0,698.19876,174.54969,0.0,349.09938,500.0,31.375621,0.0
2022-04-05 00:00:00,0.0,660.3526,165.08815,0.0,330.1763,500.0,22.008698,0.0
2022-04-05 01:00:00,0.0,648.60678,162.1517,0.0,324.30339,500.0,19.101608,0.0
2022-04-05 02:00:00,0.0,650.93454,162.73364,0.0,325.46727,500.0,19.677728,0.0
2022-04-05 03:00:00,0.0,744.17,142.85714,0.0,372.085,500.0,0.0,0.0
2022-04-05 04:00:00,0.0,860.71,142.85714,0.0,430.355,500.0,0.0,0.0
2022-04-05 05:00:00,0.0,1171.7374,142.85714,0.0,585.8687,500.0,0.0,7.5263
2022-04-05 06:00:00,0.0,1057.4098,142.85714,0.0,528.7049,500.0,0.0,138.9701
2022-04-05 07:00:00,0.0,603.2184,142.85714,0.0,301.6092,500.0,0.0,288.6858
2022-04-05 08:00:00,0.0,395.04305,98.760764,0.0,197.52153,345.66267,0.0,439.4308
2022-04-05 09:00:00,0.0,317.99695,79.499236,0.0,158.99847,278.24733,0.0,575.9992
2022-04-05 10:00:00,0.0,245.59527,61.398818,0.0,122.79764,214.89586,0.0,671.2715
2022-04-05 11:00:00,0.0,267.79949,66.949873,0.0,133.89975,234.32455,0.0,665.4607
2022-04-05 12:00:00,0.0,179.252,44.813,0.0,89.626,156.8455,0.0,665.7235
2022-04-05 13:00:00,0.0,225.88422,56.471055,0.0,112.94211,197.64869,0.0,569.7941999999999
2022-04-05 14:00:00,0.0,275.11076,68.777691,0.0,137.55538,240.72192,0.0,432.5177
2022-04-05 15:00:00,0.0,373.82233,93.455582,0.0,186.91116,327.09454,0.0,279.1593
2022-04-05 16:00:00,0.0,575.2548,142.85714,0.0,287.6274,500.0,0.0,124.18759999999997
2022-04-05 17:00:00,0.0,859.6868,142.85714,0.0,429.8434,500.0,0.0,12.351600000000001
2022-04-05 18:00:00,0.0,1442.12,98.63,0.0,721.06,345.205,0.0,0.0
2022-04-05 19:00:00,0.0,981.51,142.85714,0.0,490.755,500.0,0.0,0.0
2022-04-05 20:00:00,0.0,943.31,142.85714,0.0,471.655,500.0,0.0,0.0
2022-04-05 21:00:00,0.0,997.39,142.85714,0.0,498.695,500.0,0.0,0.0
2022-04-05 22:00:00,0.0,749.87,142.85714,0.0,374.935,500.0,0.0,0.0
2022-04-05 23:00:00,0.0,682.63,142.85714,0.0,341.315,500.0,0.0,0.0
2022-04-06 00:00:00,0.0,664.95,142.85714,0.0,332.475,500.0,0.0,0.0
2022-04-06 01:00:00,0.0,683.29,142.85714,0.0,341.645,500.0,0.0,0.0
2022-04-06 02:00:00,0.0,681.57,142.85714,0.0,340.785,500.0,0.0,0.0
2022-04-06 03:00:00,0.0,928.77,142.85714,0.0,464.385,500.0,0.0,0.0
2022-04-06 04:00:00,0.0,1007.03,142.85714,0.0,503.515,500.0,0.0,0.0
2022-04-06 05:00:00,0.0,1346.2824,142.85714,0.0,673.1412,500.0,0.0,10.2638
2022-04-06 06:00:00,0.0,1238.9056,142.85714,0.0,619.4528,500.0,0.0,122.01219999999998
2022-04-06 07:00:00,0.0,719.4412,142.85714,0.0,359.7206,500.0,0.0,278.33439999999996
2022-04-06 08:00:00,0.0,457.72502,114.43125,0.0,228.86251,400.50939,0.0,436.8831
2022-04-06 09:00:00,0.0,337.99884,84.499709,0.0,168.99942,295.74898,0.0,558.7565999999999
2022-04-06 10:00:00,0.0,259.36625,64.841564,0.0,129.68313,226.94547,0.0,646.5464000000001
2022-04-06 11:00:00,0.0,279.29455,69.823636,0.0,139.64727,244.38273,0.0,659.555
2022-04-06 12:00:00,0.0,166.91905,41.729764,0.0,83.459527,146.05417,0.0,669.2712999999999
2022-04-06 13:00:00,0.0,204.67811,51.169527,0.0,102.33905,179.09335,0.0,593.9426
2022-04-06 14:00:00,0.0,301.07273,75.268182,0.0,150.53636,263.43864,0.0,445.3
2022-04-06 15:00:00,0.0,452.21665,113.05416,0.0,226.10833,395.68957,0.0,289.27709999999996
2022-04-06 16:00:00,0.0,715.2528,142.85714,0.0,357.6264,500.0,0.0,83.08859999999999
2022-04-06 17:00:00,0.0,885.385,142.85714,0.0,442.6925,500.0,0.0,10.4025
2022-04-06 18:00:00,0.0,1175.05,142.85714,0.0,587.525,500.0,0.0,0.0
2022-04-06 19:00:00,0.0,976.15,142.85714,0.0,488.075,500.0,0.0,0.0
2022-04-06 20:00:00,0.0,984.61,142.85714,0.0,492.305,500.0,0.0,0.0
2022-04-06 21:00:00,0.0,1063.15,142.85714,0.0,531.575,500.0,0.0,0.0
2022-04-06 22:00:00,0.0,877.03488,219.25872,0.0,438.51744,500.0,75.637561,0.0
2022-04-06 23:00:00,0.0,1025.13,142.85714,0.0,512.565,500.0,0.0,0.0
2022-04-07 00:00:00,0.0,1018.63,142.85714,0.0,509.315,500.0,0.0,0.0
2022-04-07 01:00:00,0.0,887.80411,221.95103,0.0,443.90205,500.0,78.302946,0.0
2022-04-07 02:00:00,0.0,1079.27,142.85714,0.0,539.635,500.0,0.0,0.0
2022-04-07 03:00:00,0.0,1087.99,142.85714,0.0,543.995,500.0,0.0,0.0
2022-04-07 04:00:00,0.0,1052.63,142.85714,0.0,526.315,500.0,0.0,0.0
2022-04-07 05:00:00,0.0,1036.2474,142.85714,0.0,518.1237,500.0,0.0,2.0513
2022-04-07 06:00:00,0.0,983.4292,142.85714,0.0,491.7146,500.0,0.0,27.3604
2022-04-07 07:00:00,0.0,831.7186,142.85714,0.0,415.8593,500.0,0.0,142.4157
2022-04-07 08:00:00,0.0,813.5934,142.85714,0.0,406.7967,500.0,0.0,175.7183
2022-04-07 09:00:00,0.0,505.22982,126.30745,0.0,252.61491,442.07609,0.0,363.394
2022-04-07 10:00:00,0.0,176.24735,44.061836,0.0,88.123673,154.21643,0.0,703.8149000000001
2022-04-07 11:00:00,0.0,151.48909,37.872273,0.0,75.744545,132.55295,0.0,728.3575
2022-04-07 12:00:00,0.0,63.632873,15.908218,0.0,31.816436,55.678764,0.0,700.2597999999999
2022-04-07 13:00:00,0.0,102.99833,25.749582,0.0,51.499164,90.123536,0.0,609.1922999999999
2022-04-07 14:00:00,0.0,230.46465,57.616164,0.0,115.23233,201.65657,0.0,470.53610000000003
2022-04-07 15:00:00,0.0,318.72524,79.681309,0.0,159.36262,278.88458,0.0,322.5578
2022-04-07 16:00:00,0.0,485.92364,121.48091,0.0,242.96182,425.18318,0.0,148.19
2022-04-07 17:00:00,0.0,731.508,142.85714,0.0,365.754,500.0,0.0,13.650999999999998
2022-04-07 18:00:00,0.0,1150.61,142.85714,0.0,575.305,500.0,0.0,0.0
2022-04-07 19:00:00,0.0,898.57,142.85714,0.0,449.285,500.0,0.0,0.0
2022-04-07 20:00:00,0.0,817.95796,204.48949,0.0,408.97898,500.0,61.016022,0.0
2022-04-07 21:00:00,0.0,832.27,142.85714,0.0,416.135,500.0,0.0,0.0
2022-04-07 22:00:00,0.0,665.10177,166.27544,0.0,332.55088,500.0,23.184116,0.0
2022-04-07 23:00:00,0.0,652.67367,163.16842,0.0,326.33684,500.0,20.108163,0.0
2022-04-08 00:00:00,0.0,631.4429,157.86073,0.0,315.72145,500.0,14.853548,0.0
2022-04-08 01:00:00,0.0,647.9914,161.99785,0.0,323.9957,500.0,18.9493,0.0
2022-04-08 02:00:00,0.0,669.55662,167.38915,0.0,334.77831,500.0,24.286691,0.0
2022-04-08 03:00:00,0.0,721.16866,180.29216,0.0,360.58433,500.0,37.060671,0.0
2022-04-08 04:00:00,0.0,744.15194,186.03798,0.0,372.07597,500.0,42.749032,0.0
2022-04-08 05:00:00,0.0,805.2002,142.85714,0.0,402.6001,500.0,0.0,19.804899999999996
2022-04-08 06:00:00,0.0,537.43978,134.35995,0.0,268.71989,470.25981,0.0,185.1353
2022-04-08 07:00:00,0.0,442.57455,110.64364,0.0,221.28727,387.25273,0.0,377.045
2022-04-08 08:00:00,0.0,324.84604,81.211509,0.0,162.42302,284.24028,0.0,538.9517
2022-04-08 09:00:00,0.0,195.85244,48.963109,0.0,97.926218,171.37088,0.0,675.4179
2022-04-08 10:00:00,0.0,77.063418,19.265855,0.0,38.531709,67.430491,0.0,760.9227999999999
2022-04-08 11:00:00,0.0,31.673527,7.9183818,0.0,15.836764,27.714336,0.0,777.7639
2022-04-08 12:00:00,0.0,0.0,0.0,0.0,0.0,0.0,0.0,764.2443000000001
2022-04-08 13:00:00,0.0,17.961891,4.4904727,0.0,8.9809455,15.716655,0.0,665.3074
2022-04-08 14:00:00,0.0,129.06749,32.266873,0.0,64.533745,112.93405,0.0,509.2772
2022-04-08 15:00:00,0.0,298.19498,74.548745,0.0,149.09749,260.92061,0.0,343.4869
2022-04-08 16:00:00,0.0,474.33229,118.58307,0.0,237.16615,415.04075,0.0,159.1181
2022-04-08 17:00:00,0.0,895.7286,142.85714,0.0,447.8643,500.0,0.0,14.300699999999999
2022-04-08 18:00:00,0.0,1310.29,142.85714,0.0,655.145,500.0,0.0,0.0
2022-04-08 19:00:00,0.0,1008.15,142.85714,0.0,504.075,500.0,0.0,0.0
2022-04-08 20:00:00,0.0,939.11,142.85714,0.0,469.555,500.0,0.0,0.0
2022-04-08 21:00:00,0.0,941.51,142.85714,0.0,470.755,500.0,0.0,0.0
2022-04-08 22:00:00,0.0,822.07,142.85714,0.0,411.035,500.0,0.0,0.0
2022-04-08 23:00:00,0.0,745.85,142.85714,0.0,372.925,500.0,0.0,0.0
2022-04-09 00:00:00,0.0,692.67,142.85714,0.0,346.335,500.0,0.0,0.0
2022-04-09 01:00:00,0.0,737.81,142.85714,0.0,368.905,500.0,0.0,0.0
2022-04-09 02:00:00,0.0,786.23,142.85714,0.0,393.115,500.0,0.0,0.0
2022-04-09 03:00:00,0.0,833.13,142.85714,0.0,416.565,500.0,0.0,0.0
2022-04-09 04:00:00,0.0,932.39,142.85714,0.0,466.195,500.0,0.0,0.0
2022-04-09 05:00:00,0.0,1348.9294,142.85714,0.0,674.4647,500.0,0.0,21.2503
2022-04-09 06:00:00,0.0,1018.8642,142.85714,0.0,509.4321,500.0,0.0,180.1129
2022-04-09 07:00:00,0.0,455.24713,113.81178,0.0,227.62356,398.34124,0.0,345.8302
2022-04-09 08:00:00,0.0,170.97324,42.743309,0.0,85.486618,149.60158,0.0,532.2868
2022-04-09 09:00:00,0.0,41.665236,10.416309,0.0,20.832618,36.457082,0.0,658.1752999999999
2022-04-09 10:00:00,0.0,236.94524,59.236309,0.0,118.47262,207.32708,0.0,346.4653
2022-04-09 11:00:00,0.0,291.92589,72.981473,0.0,145.96295,255.43515,0.0,330.34689999999995
2022-04-09 12:00:00,0.0,146.52211,36.630527,0.0,73.261055,128.20685,0.0,444.03709999999995
2022-04-09 13:00:00,0.0,155.58356,38.895891,0.0,77.791782,136.13562,0.0,452.6876
2022-04-09 14:00:00,0.0,171.55491,42.888727,0.0,85.777455,150.11055,0.0,491.217
2022-04-09 15:00:00,0.0,359.48742,89.871855,0.0,179.74371,314.55149,0.0,322.1198
2022-04-09 16:00:00,0.0,518.58589,129.64647,0.0,259.29295,453.76265,0.0,153.1394
2022-04-09 17:00:00,0.0,948.3492,142.85714,0.0,474.1746,500.0,0.0,14.950400000000002
2022-04-09 18:00:00,0.0,1327.69,142.85714,0.0,663.845,500.0,0.0,0.0
2022-04-09 19:00:00,0.0,1090.63,142.85714,0.0,545.315,500.0,0.0,0.0
2022-04-09 20:00:00,0.0,1168.19,142.85714,0.0,584.095,500.0,0.0,0.0
2022-04-09 21:00:00,0.0,993.13,142.85714,0.0,496.565,500.0,0.0,0.0
2022-04-09 22:00:00,0.0,888.73,142.85714,0.0,444.365,500.0,0.0,0.0
2022-04-09 23:00:00,0.0,813.27,142.85714,0.0,406.635,500.0,0.0,0.0
2022-04-10 00:00:00,0.0,711.34926,177.83731,0.0,355.67463,500.0,34.63037,0.0
2022-04-10 01:00:00,0.0,716.88772,179.22193,0.0,358.44386,500.0,36.00114,0.0
2022-04-10 02:00:00,0.0,727.02819,181.75705,0.0,363.51409,500.0,38.510905,0.0
2022-04-10 03:00:00,0.0,747.28237,186.82059,0.0,373.64118,500.0,43.523815,0.0
2022-04-10 04:00:00,0.0,812.21882,203.05471,0.0,406.10941,500.0,59.595588,0.0
2022-04-10 05:00:00,0.0,1186.3572,296.58929,0.0,593.17858,500.0,152.19482,14.5416
2022-04-10 06:00:00,0.0,903.57735,225.89434,0.0,451.78868,500.0,82.206823,177.4995
2022-04-10 07:00:00,0.0,485.45135,121.36284,0.0,242.72567,424.76993,0.0,331.9894
2022-04-10 08:00:00,0.0,230.63593,57.658982,0.0,115.31796,201.80644,0.0,519.9205999999999
2022-04-10 09:00:00,0.0,96.450909,24.112727,0.0,48.225455,84.394545,0.0,650.065
2022-04-10 10:00:00,0.0,0.0,0.0,0.0,0.0,0.0,0.0,741.461
2022-04-10 11:00:00,0.0,100.76902,25.192255,0.0,50.384509,88.172891,0.0,636.6476
2022-04-10 12:00:00,0.0,12.966836,3.2417091,0.0,6.4834182,11.345982,0.0,658.2556
2022-04-10 13:00:00,0.0,14.783418,3.6958545,0.0,7.3917091,12.935491,0.0,635.7277999999999
2022-04-10 14:00:00,0.0,104.50735,26.126836,0.0,52.253673,91.443927,0.0,519.3073999999999
2022-04-10 15:00:00,0.0,239.02785,59.756964,0.0,119.51393,209.14937,0.0,350.6117
2022-04-10 16:00:00,0.0,459.29222,114.82305,0.0,229.64611,401.88069,0.0,162.30819999999997
2022-04-10 17:00:00,0.0,648.3292,142.85714,0.0,324.1646,500.0,0.0,14.950400000000002
2022-04-10 18:00:00,0.0,1199.61,142.85714,0.0,599.805,500.0,0.0,0.0
2022-04-10 19:00:00,0.0,1031.27,142.85714,0.0,515.635,500.0,0.0,0.0
2022-04-10 20:00:00,0.0,1119.57,142.85714,0.0,559.785,500.0,0.0,0.0
2022-04-10 21:00:00,0.0,1023.39,142.85714,0.0,511.695,500.0,0.0,0.0
2022-04-10 22:00:00,0.0,943.55,142.85714,0.0,471.775,500.0,0.0,0.0
2022-04-10 23:00:00,0.0,912.47,142.85714,0.0,456.235,500.0,0.0,0.0
2022-04-11 00:00:00,0.0,917.89,142.85714,0.0,458.945,500.0,0.0,0.0
2022-04-11 01:00:00,0.0,909.05,142.85714,0.0,454.525,500.0,0.0,0.0
2022-04-11 02:00:00,0.0,984.15,142.85714,0.0,492.075,500.0,0.0,0.0
2022-04-11 03:00:00,0.0,1038.25,142.85714,0.0,519.125,500.0,0.0,0.0
2022-04-11 04:00:00,0.0,1162.25,142.85714,0.0,581.125,500.0,0.0,0.0
2022-04-11 05:00:00,187.7588,1442.12,142.85714,93.8794,721.06,500.0,0.0,23.8856
2022-04-11 06:00:00,0.0,1442.12,113.9954,0.0,721.06,398.9839,0.0,189.1211
2022-04-11 07:00:00,0.0,469.14356,117.28589,0.0,234.57178,410.50062,0.0,378.5926
2022-04-11 08:00:00,0.0,233.47847,58.369618,0.0,116.73924,204.29366,0.0,555.3620999999999
2022-04-11 09:00:00,0.0,30.143055,7.5357636,0.0,15.071527,26.375173,0.0,696.9382999999999
2022-04-11 10:00:00,0.0,0.0,0.0,0.0,0.0,0.0,0.0,778.5815
2022-04-11 11:00:00,0.0,0.0,0.0,0.0,0.0,0.0,0.0,795.4956
2022-04-11 12:00:00,0.0,0.0,0.0,0.0,0.0,0.0,0.0,758.8860999999998
2022-04-11 13:00:00,0.0,0.0,0.0,0.0,0.0,0.0,0.0,656.7664
2022-04-11 14:00:00,0.0,92.718109,23.179527,0.0,46.359055,81.128345,0.0,514.7375999999999
2022-04-11 15:00:00,0.0,226.15338,56.538345,0.0,113.07669,197.88421,0.0,332.2741
2022-04-11 16:00:00,0.0,442.67607,110.66902,0.0,221.33804,387.34156,0.0,155.4754
2022-04-11 17:00:00,0.0,713.3498,142.85714,0.0,356.6749,500.0,0.0,15.600100000000003
2022-04-11 18:00:00,0.0,1442.12,100.29571,0.0,721.06,351.035,0.0,0.0
2022-04-11 19:00:00,0.0,1047.39,142.85714,0.0,523.695,500.0,0.0,0.0
2022-04-11 20:00:00,0.0,963.47,142.85714,0.0,481.735,500.0,0.0,0.0
2022-04-11 21:00:00,0.0,979.09,142.85714,0.0,489.545,500.0,0.0,0.0
2022-04-11 22:00:00,0.0,880.83,142.85714,0.0,440.415,500.0,0.0,0.0
2022-04-11 23:00:00,0.0,838.27,142.85714,0.0,419.135,500.0,0.0,0.0
2022-04-12 00:00:00,0.0,845.15,142.85714,0.0,422.575,500.0,0.0,0.0
2022-04-12 01:00:00,0.0,856.79,142.85714,0.0,428.395,500.0,0.0,0.0
2022-04-12 02:00:00,0.0,896.87,142.85714,0.0,448.435,500.0,0.0,0.0
2022-04-12 03:00:00,0.0,940.09,142.85714,0.0,470.045,500.0,0.0,0.0
2022-04-12 04:00:00,0.0,1077.89,142.85714,0.0,538.945,500.0,0.0,0.0
2022-04-12 05:00:00,0.0,1420.3728,142.85714,0.0,710.1864,500.0,0.0,29.0686
2022-04-12 06:00:00,0.0,1083.4096,142.85714,0.0,541.7048,500.0,0.0,184.50019999999998
2022-04-12 07:00:00,0.0,446.44138,111.61035,0.0,223.22069,390.63621,0.0,378.8481
2022-04-12 08:00:00,0.0,223.59484,55.898709,0.0,111.79742,195.64548,0.0,529.8121
2022-04-12 09:00:00,0.0,85.505673,21.376418,0.0,42.752836,74.817464,0.0,635.3847
2022-04-12 10:00:00,0.0,0.0,0.0,0.0,0.0,0.0,0.0,693.9161
2022-04-12 11:00:00,0.0,13.229455,3.3073636,0.0,6.6147273,11.575773,0.0,696.1645
2022-04-12 12:00:00,0.0,0.0,0.0,0.0,0.0,0.0,0.0,712.2317999999999
2022-04-12 13:00:00,0.0,0.0,0.0,0.0,0.0,0.0,0.0,626.6392999999999
2022-04-12 14:00:00,0.0,68.317309,17.079327,0.0,34.158655,59.777645,0.0,509.6787
2022-04-12 15:00:00,0.0,253.19171,63.297927,0.0,126.59585,221.54275,0.0,299.0664
2022-04-12 16:00:00,0.0,410.06909,102.51727,0.0,205.03455,358.81045,0.0,140.89
2022-04-12 17:00:00,0.0,647.3304,142.85714,0.0,323.6652,500.0,0.0,16.2498
2022-04-12 18:00:00,0.0,990.27,142.85714,0.0,495.135,500.0,0.0,0.0
2022-04-12 19:00:00,0.0,787.29,142.85714,0.0,393.645,500.0,0.0,0.0
2022-04-12 20:00:00,0.0,888.65,142.85714,0.0,444.325,500.0,0.0,0.0
2022-04-12 21:00:00,0.0,814.39,142.85714,0.0,407.195,500.0,0.0,0.0
2022-04-12 22:00:00,0.0,709.15,142.85714,0.0,354.575,500.0,0.0,0.0
2022-04-12 23:00:00,0.0,672.95,142.85714,0.0,336.475,500.0,0.0,0.0
2022-04-13 00:00:00,0.0,728.99,142.85714,0.0,364.495,500.0,0.0,0.0
2022-04-13 01:00:00,0.0,782.47,142.85714,0.0,391.235,500.0,0.0,0.0
2022-04-13 02:00:00,0.0,787.13,142.85714,0.0,393.565,500.0,0.0,0.0
2022-04-13 03:00:00,0.0,865.05,142.85714,0.0,432.525,500.0,0.0,0.0
2022-04-13 04:00:00,0.0,997.63,142.85714,0.0,498.815,500.0,0.0,0.0
2022-04-13 05:00:00,0.0,1353.0812,142.85714,0.0,676.5406,500.0,0.0,31.594399999999997
2022-04-13 06:00:00,0.0,972.0014,142.85714,0.0,486.0007,500.0,0.0,192.65429999999998
2022-04-13 07:00:00,0.0,389.98255,97.495636,0.0,194.99127,341.23473,0.0,379.81899999999996
2022-04-13 08:00:00,0.0,185.27702,46.319255,0.0,92.638509,162.11739,0.0,520.2491
2022-04-13 09:00:00,0.0,316.28415,79.071036,0.0,158.14207,276.74863,0.0,272.9543
2022-04-13 10:00:00,0.0,0.0,0.0,0.0,0.0,0.0,0.0,785.9764
2022-04-13 11:00:00,0.0,0.0,0.0,0.0,0.0,0.0,0.0,802.0875
2022-04-13 12:00:00,0.0,0.0,0.0,0.0,0.0,0.0,0.0,756.5500999999998
2022-04-13 13:00:00,0.0,24.676873,6.1692182,0.0,12.338436,21.592264,0.0,534.2942999999999
2022-04-13 14:00:00,0.0,251.58996,62.897491,0.0,125.79498,220.14122,0.0,228.8988
2022-04-13 15:00:00,0.0,244.31258,61.078145,0.0,122.15629,213.77351,0.0,279.03520000000003
2022-04-13 16:00:00,0.0,381.42953,95.357382,0.0,190.71476,333.75084,0.0,152.4094
2022-04-13 17:00:00,0.0,526.47011,131.61753,0.0,263.23505,460.66135,0.0,18.848599999999998
2022-04-13 18:00:00,0.0,1442.12,68.858571,0.0,721.06,241.005,0.0,0.0
2022-04-13 19:00:00,0.0,1442.12,44.078571,0.0,721.06,154.275,0.0,0.0
2022-04-13 20:00:00,0.0,781.41,142.85714,0.0,390.705,500.0,0.0,0.0
2022-04-13 21:00:00,0.0,749.09,142.85714,0.0,374.545,500.0,0.0,0.0
2022-04-13 22:00:00,0.0,678.23,142.85714,0.0,339.115,500.0,0.0,0.0
2022-04-13 23:00:00,0.0,718.21,142.85714,0.0,359.105,500.0,0.0,0.0
2022-04-14 00:00:00,0.0,675.85,142.85714,0.0,337.925,500.0,0.0,0.0
2022-04-14 01:00:00,0.0,744.19,142.85714,0.0,372.095,500.0,0.0,0.0
2022-04-14 02:00:00,0.0,714.81,142.85714,0.0,357.405,500.0,0.0,0.0
2022-04-14 03:00:00,0.0,763.29,142.85714,0.0,381.645,500.0,0.0,0.0
2022-04-14 04:00:00,0.0,799.87,142.85714,0.0,399.935,500.0,0.0,0.0
2022-04-14 05:00:00,0.0,785.4004,142.85714,0.0,392.7002,500.0,0.0,21.7248
2022-04-14 06:00:00,0.0,554.11993,138.52998,0.0,277.05996,484.85494,0.0,101.01009999999998
2022-04-14 07:00:00,0.0,447.67985,111.91996,0.0,223.83993,391.71987,0.0,278.3052
2022-04-14 08:00:00,0.0,290.32989,72.582473,0.0,145.16495,254.03865,0.0,463.68139999999994
2022-04-14 09:00:00,0.0,226.20153,56.550382,0.0,113.10076,197.92634,0.0,532.3379
2022-04-14 10:00:00,0.0,146.4712,36.6178,0.0,73.2356,128.1623,0.0,547.6971
2022-04-14 11:00:00,0.0,118.00975,29.502436,0.0,59.004873,103.25853,0.0,617.5215999999999
2022-04-14 12:00:00,0.0,96.096945,24.024236,0.0,48.048473,84.084827,0.0,464.4917000000001
2022-04-14 13:00:00,0.0,217.5328,54.3832,0.0,108.7664,190.3412,0.0,260.8874
2022-04-14 14:00:00,0.0,266.77265,66.693164,0.0,133.38633,233.42607,0.0,172.0026
2022-04-14 15:00:00,0.0,431.64029,107.91007,0.0,215.82015,377.68525,0.0,59.509600000000006
2022-04-14 16:00:00,0.0,472.19978,118.04995,0.0,236.09989,413.17481,0.0,20.5203
2022-04-14 17:00:00,0.0,541.16611,135.29153,0.0,270.58305,473.52035,0.0,12.351600000000001
2022-04-14 18:00:00,0.0,890.83,142.85714,0.0,445.415,500.0,0.0,0.0
2022-04-14 19:00:00,0.0,552.75273,138.18818,0.0,276.37636,483.65864,0.0,0.0
2022-04-14 20:00:00,0.0,592.85,142.85714,0.0,296.425,500.0,0.0,0.0
2022-04-14 21:00:00,0.0,547.74909,136.93727,0.0,273.87455,479.28045,0.0,0.0
2022-04-14 22:00:00,0.0,563.18909,140.79727,0.0,281.59455,492.79045,0.0,0.0
2022-04-14 23:00:00,0.0,555.49455,138.87364,0.0,277.74727,486.05773,0.0,0.0
2022-04-15 00:00:00,0.0,538.65091,134.66273,0.0,269.32545,471.31955,0.0,0.0
2022-04-15 01:00:00,0.0,545.16,136.29,0.0,272.58,477.015,0.0,0.0
2022-04-15 02:00:00,0.0,548.49091,137.12273,0.0,274.24545,479.92955,0.0,0.0
2022-04-15 03:00:00,0.0,586.69,142.85714,0.0,293.345,500.0,0.0,0.0
2022-04-15 04:00:00,0.0,585.55,142.85714,0.0,292.775,500.0,0.0,0.0
2022-04-15 05:00:00,0.0,566.7064,141.6766,0.0,283.3532,495.8681,0.0,22.4037
2022-04-15 06:00:00,0.0,555.11498,138.77875,0.0,277.55749,485.72561,0.0,43.0919
2022-04-15 07:00:00,0.0,576.2852,142.85714,0.0,288.1426,500.0,0.0,112.33239999999999
2022-04-15 08:00:00,0.0,557.99964,139.49991,0.0,278.99982,488.24968,0.0,115.5955
2022-04-15 09:00:00,0.0,427.63062,106.90765,0.0,213.81531,374.17679,0.0,277.93289999999996
2022-04-15 10:00:00,0.0,306.44196,76.610491,0.0,153.22098,268.13672,0.0,354.0573
2022-04-15 11:00:00,0.0,377.59644,94.399109,0.0,188.79822,330.39688,0.0,220.91989999999998
2022-04-15 12:00:00,0.0,269.47687,67.369218,0.0,134.73844,235.79226,0.0,310.91429999999997
2022-04-15 13:00:00,0.0,283.85811,70.964527,0.0,141.92905,248.37585,0.0,252.8501
2022-04-15 14:00:00,0.0,408.92604,102.23151,0.0,204.46302,357.81028,0.0,140.37169999999998
2022-04-15 15:00:00,0.0,393.78727,98.446818,0.0,196.89364,344.56386,0.0,134.1375
2022-04-15 16:00:00,0.0,509.90029,127.47507,0.0,254.95015,446.16275,0.0,56.77210000000001
2022-04-15 17:00:00,0.0,639.8092,142.85714,0.0,319.9046,500.0,0.0,14.950400000000002
2022-04-15 18:00:00,0.0,1144.69,142.85714,0.0,572.345,500.0,0.0,0.0
2022-04-15 19:00:00,0.0,760.13,142.85714,0.0,380.065,500.0,0.0,0.0
2022-04-15 20:00:00,0.0,670.71,142.85714,0.0,335.355,500.0,0.0,0.0
2022-04-15 21:00:00,0.0,601.81,142.85714,0.0,300.905,500.0,0.0,0.0
2022-04-15 22:00:00,0.0,555.40727,138.85182,0.0,277.70364,485.98136,0.0,0.0
2022-04-15 23:00:00,0.0,532.35273,133.08818,0.0,266.17636,465.80864,0.0,0.0
2022-04-16 00:00:00,0.0,527.82182,131.95545,0.0,263.91091,461.84409,0.0,0.0
2022-04-16 01:00:00,0.0,527.51636,131.87909,0.0,263.75818,461.57682,0.0,0.0
2022-04-16 02:00:00,0.0,528.46182,132.11545,0.0,264.23091,462.40409,0.0,0.0
2022-04-16 03:00:00,0.0,529.4,132.35,0.0,264.7,463.225,0.0,0.0
2022-04-16 04:00:00,0.0,564.77455,141.19364,0.0,282.38727,494.17773,0.0,0.0
2022-04-16 05:00:00,0.0,1010.5748,142.85714,0.0,505.2874,500.0,0.0,9.5776
2022-04-16 06:00:00,0.0,1033.8868,142.85714,0.0,516.9434,500.0,0.0,22.5716
2022-04-16 07:00:00,0.0,597.0086,142.85714,0.0,298.5043,500.0,0.0,47.8807
2022-04-16 08:00:00,0.0,384.66887,96.167218,0.0,192.33444,336.58526,0.0,201.19529999999997
2022-04-16 09:00:00,0.0,271.89585,67.973964,0.0,135.94793,237.90887,0.0,343.3482
2022-04-16 10:00:00,0.0,339.97535,84.993836,0.0,169.98767,297.47843,0.0,185.3689
2022-04-16 11:00:00,0.0,376.17913,94.044782,0.0,188.08956,329.15674,0.0,171.68869999999998
2022-04-16 12:00:00,0.0,0.0,0.0,0.0,0.0,0.0,0.0,622.3615
2022-04-16 13:00:00,0.0,0.0,0.0,0.0,0.0,0.0,0.0,607.8564
2022-04-16 14:00:00,0.0,24.770836,6.1927091,0.0,12.385418,21.674482,0.0,470.75509999999997
2022-04-16 15:00:00,0.0,166.14465,41.536164,0.0,83.072327,145.37657,0.0,298.98609999999996
2022-04-16 16:00:00,0.0,355.27804,88.819509,0.0,177.63902,310.86828,0.0,147.81769999999997
2022-04-16 17:00:00,0.0,480.50451,120.12613,0.0,240.25225,420.44145,0.0,13.001299999999997
2022-04-16 18:00:00,0.0,718.03,142.85714,0.0,359.015,500.0,0.0,0.0
2022-04-16 19:00:00,0.0,658.73,142.85714,0.0,329.365,500.0,0.0,0.0
2022-04-16 20:00:00,0.0,790.91,142.85714,0.0,395.455,500.0,0.0,0.0
2022-04-16 21:00:00,0.0,712.37,142.85714,0.0,356.185,500.0,0.0,0.0
2022-04-16 22:00:00,0.0,610.41,142.85714,0.0,305.205,500.0,0.0,0.0
2022-04-16 23:00:00,0.0,570.55636,142.63909,0.0,285.27818,499.23682,0.0,0.0
2022-04-17 00:00:00,0.0,564.10545,141.02636,0.0,282.05273,493.59227,0.0,0.0
2022-04-17 01:00:00,0.0,564.14909,141.03727,0.0,282.07455,493.63045,0.0,0.0
2022-04-17 02:00:00,0.0,577.95,142.85714,0.0,288.975,500.0,0.0,0.0
2022-04-17 03:00:00,0.0,625.75,142.85714,0.0,312.875,500.0,0.0,0.0
2022-04-17 04:00:00,0.0,633.33,142.85714,0.0,316.665,500.0,0.0,0.0
2022-04-17 05:00:00,0.0,1060.8624,142.85714,0.0,530.4312,500.0,0.0,37.273799999999994
2022-04-17 06:00:00,0.0,722.8746,142.85714,0.0,361.4373,500.0,0.0,182.12769999999998
2022-04-17 07:00:00,0.0,503.09731,125.77433,0.0,251.54865,440.21015,0.0,76.6062
2022-04-17 08:00:00,0.0,219.79295,54.948236,0.0,109.89647,192.31883,0.0,359.0797
2022-04-17 09:00:00,0.0,187.69484,46.923709,0.0,93.847418,164.23298,0.0,394.21459999999996
2022-04-17 10:00:00,0.0,367.66822,91.917055,0.0,183.83411,321.70969,0.0,82.0812
2022-04-17 11:00:00,0.0,422.1584,105.5396,0.0,211.0792,369.3886,0.0,69.0872
2022-04-17 12:00:00,0.0,244.92829,61.232073,0.0,122.46415,214.31225,0.0,164.8486
2022-04-17 13:00:00,0.0,250.14458,62.536145,0.0,125.07229,218.87651,0.0,163.47619999999998
2022-04-17 14:00:00,0.0,287.04909,71.762273,0.0,143.52455,251.16795,0.0,84.1325
2022-04-17 15:00:00,0.0,296.10458,74.026145,0.0,148.05229,259.09151,0.0,82.0812
2022-04-17 16:00:00,0.0,346.68305,86.670764,0.0,173.34153,303.34767,0.0,58.7358
2022-04-17 17:00:00,0.0,493.03833,123.25958,0.0,246.51916,431.40854,0.0,5.847300000000001
2022-04-17 18:00:00,0.0,643.03,142.85714,0.0,321.515,500.0,0.0,0.0
2022-04-17 19:00:00,0.0,574.61,142.85714,0.0,287.305,500.0,0.0,0.0
2022-04-17 20:00:00,0.0,566.54182,141.63545,0.0,283.27091,495.72409,0.0,0.0
2022-04-17 21:00:00,0.0,526.97818,131.74455,0.0,263.48909,461.10591,0.0,0.0
2022-04-17 22:00:00,0.0,481.21818,120.30455,0.0,240.60909,421.06591,0.0,0.0
2022-04-17 23:00:00,0.0,470.38182,117.59545,0.0,235.19091,411.58409,0.0,0.0
2022-04-18 00:00:00,0.0,467.47273,116.86818,0.0,233.73636,409.03864,0.0,0.0
2022-04-18 01:00:00,0.0,480.78909,120.19727,0.0,240.39455,420.69045,0.0,0.0
2022-04-18 02:00:00,0.0,498.38182,124.59545,0.0,249.19091,436.08409,0.0,0.0
2022-04-18 03:00:00,0.0,509.77818,127.44455,0.0,254.88909,446.05591,0.0,0.0
2022-04-18 04:00:00,0.0,556.17818,139.04455,0.0,278.08909,486.65591,0.0,0.0
2022-04-18 05:00:00,0.0,971.3596,142.85714,0.0,485.6798,500.0,0.0,19.1552
2022-04-18 06:00:00,0.0,693.959,142.85714,0.0,346.9795,500.0,0.0,126.5455
2022-04-18 07:00:00,0.0,410.99418,102.74855,0.0,205.49709,359.61991,0.0,239.878
2022-04-18 08:00:00,0.0,107.78422,26.946055,0.0,53.892109,94.311191,0.0,510.4817
2022-04-18 09:00:00,0.0,10.0784,2.5196,0.0,5.0392,8.8186,0.0,628.2672
2022-04-18 10:00:00,0.0,0.0,0.0,0.0,0.0,0.0,0.0,716.9914
2022-04-18 11:00:00,0.0,0.0,0.0,0.0,0.0,0.0,0.0,690.3464
2022-04-18 12:00:00,0.0,0.0,0.0,0.0,0.0,0.0,0.0,614.879
2022-04-18 13:00:00,0.0,0.0,0.0,0.0,0.0,0.0,0.0,591.1467
2022-04-18 14:00:00,0.0,36.085673,9.0214182,0.0,18.042836,31.574964,0.0,488.10720000000003
2022-04-18 15:00:00,0.0,142.62785,35.656964,0.0,71.313927,124.79937,0.0,328.7117
2022-04-18 16:00:00,0.0,315.39389,78.848473,0.0,157.69695,275.96965,0.0,160.6584
2022-04-18 17:00:00,0.0,410.8928,102.7232,0.0,205.4464,359.5312,0.0,21.4474
2022-04-18 18:00:00,0.0,589.69,142.85714,0.0,294.845,500.0,0.0,0.0
2022-04-18 19:00:00,0.0,526.03273,131.50818,0.0,263.01636,460.27864,0.0,0.0
2022-04-18 20:00:00,0.0,620.87,142.85714,0.0,310.435,500.0,0.0,0.0
2022-04-18 21:00:00,0.0,510.92727,127.73182,0.0,255.46364,447.06136,0.0,0.0
2022-04-18 22:00:00,0.0,478.51273,119.62818,0.0,239.25636,418.69864,0.0,0.0
2022-04-18 23:00:00,0.0,471.22545,117.80636,0.0,235.61273,412.32227,0.0,0.0
2022-04-19 00:00:00,0.0,477.44364,119.36091,0.0,238.72182,417.76318,0.0,0.0
2022-04-19 01:00:00,0.0,494.12727,123.53182,0.0,247.06364,432.36136,0.0,0.0
2022-04-19 02:00:00,0.0,510.53455,127.63364,0.0,255.26727,446.71773,0.0,0.0
2022-04-19 03:00:00,0.0,509.05818,127.26455,0.0,254.52909,445.42591,0.0,0.0
2022-04-19 04:00:00,0.0,571.04364,142.76091,0.0,285.52182,499.66318,0.0,0.0
2022-04-19 05:00:00,0.0,874.386,142.85714,0.0,437.193,500.0,0.0,40.442
2022-04-19 06:00:00,0.0,567.09571,141.77393,0.0,283.54785,496.20875,0.0,203.7284
2022-04-19 07:00:00,0.0,299.65498,74.913745,0.0,149.82749,262.19811,0.0,386.7394
2022-04-19 08:00:00,0.0,0.0,0.0,0.0,0.0,0.0,0.0,567.3049
2022-04-19 09:00:00,0.0,0.0,0.0,0.0,0.0,0.0,0.0,691.2151
2022-04-19 10:00:00,0.0,0.0,0.0,0.0,0.0,0.0,0.0,781.0416
2022-04-19 11:00:00,0.0,0.0,0.0,0.0,0.0,0.0,0.0,791.174
2022-04-19 12:00:00,0.0,0.0,0.0,0.0,0.0,0.0,0.0,765.7991999999999
2022-04-19 13:00:00,0.0,0.0,0.0,0.0,0.0,0.0,0.0,661.9494
2022-04-19 14:00:00,0.0,0.0,0.0,0.0,0.0,0.0,0.0,518.154
2022-04-19 15:00:00,0.0,95.764945,23.941236,0.0,47.882473,83.794327,0.0,343.3482
2022-04-19 16:00:00,0.0,276.61411,69.153527,0.0,138.30705,242.03735,0.0,163.6806
2022-04-19 17:00:00,0.0,433.87462,108.46865,0.0,216.93731,379.64029,0.0,21.4474
2022-04-19 18:00:00,0.0,583.03,142.85714,0.0,291.515,500.0,0.0,0.0
2022-04-19 19:00:00,0.0,522.10545,130.52636,0.0,261.05273,456.84227,0.0,0.0
2022-04-19 20:00:00,0.0,718.35,142.85714,0.0,359.175,500.0,0.0,0.0
2022-04-19 21:00:00,0.0,541.38545,135.34636,0.0,270.69273,473.71227,0.0,0.0
2022-04-19 22:00:00,0.0,471.71273,117.92818,0.0,235.85636,412.74864,0.0,0.0
2022-04-19 23:00:00,0.0,448.20727,112.05182,0.0,224.10364,392.18136,0.0,0.0
2022-04-20 00:00:00,0.0,457.56,114.39,0.0,228.78,400.365,0.0,0.0
2022-04-20 01:00:00,0.0,432.09091,108.02273,0.0,216.04545,378.07955,0.0,0.0
2022-04-20 02:00:00,0.0,465.18909,116.29727,0.0,232.59455,407.04045,0.0,0.0
2022-04-20 03:00:00,0.0,466.17091,116.54273,0.0,233.08545,407.89955,0.0,0.0
2022-04-20 04:00:00,0.0,515.21091,128.80273,0.0,257.60545,450.80955,0.0,0.0
2022-04-20 05:00:00,0.0,688.3024,142.85714,0.0,344.1512,500.0,0.0,40.92379999999999
2022-04-20 06:00:00,0.0,506.1648,126.5412,0.0,253.0824,442.8942,0.0,189.12839999999997
2022-04-20 07:00:00,0.0,261.12465,65.281164,0.0,130.56233,228.48407,0.0,344.42859999999996
2022-04-20 08:00:00,0.0,17.239782,4.3099455,0.0,8.6198909,15.084809,0.0,516.1903
2022-04-20 09:00:00,0.0,0.0,0.0,0.0,0.0,0.0,0.0,639.5603
2022-04-20 10:00:00,0.0,0.0,0.0,0.0,0.0,0.0,0.0,682.915
2022-04-20 11:00:00,0.0,0.0,0.0,0.0,0.0,0.0,0.0,654.007
2022-04-20 12:00:00,0.0,0.0,0.0,0.0,0.0,0.0,0.0,519.4023
2022-04-20 13:00:00,0.0,0.0,0.0,0.0,0.0,0.0,0.0,500.89680000000004
2022-04-20 14:00:00,0.0,279.24378,69.810945,0.0,139.62189,244.33831,0.0,78.6648
2022-04-20 15:00:00,0.0,295.72029,73.930073,0.0,147.86015,258.75525,0.0,59.509600000000006
2022-04-20 16:00:00,0.0,337.11622,84.279055,0.0,168.55811,294.97669,0.0,120.99020000000002
2022-04-20 17:00:00,0.0,406.564,101.641,0.0,203.282,355.7435,0.0,16.8995
2022-04-20 18:00:00,0.0,508.17818,127.04455,0.0,254.08909,444.65591,0.0,0.0
2022-04-20 19:00:00,0.0,430.06909,107.51727,0.0,215.03455,376.31045,0.0,0.0
2022-04-20 20:00:00,0.0,415.44364,103.86091,0.0,207.72182,363.51318,0.0,0.0
2022-04-20 21:00:00,0.0,405.51636,101.37909,0.0,202.75818,354.82682,0.0,0.0
2022-04-20 22:00:00,0.0,381.84364,95.460909,0.0,190.92182,334.11318,0.0,0.0
2022-04-20 23:00:00,0.0,347.42182,86.855455,0.0,173.71091,303.99409,0.0,0.0
2022-04-21 00:00:00,0.0,338.49091,84.622727,0.0,169.24545,296.17955,0.0,0.0
2022-04-21 01:00:00,0.0,379.99636,94.999091,0.0,189.99818,332.49682,0.0,0.0
2022-04-21 02:00:00,0.0,387.36364,96.840909,0.0,193.68182,338.94318,0.0,0.0
2022-04-21 03:00:00,0.0,470.55636,117.63909,0.0,235.27818,411.73682,0.0,0.0
2022-04-21 04:00:00,0.0,459.88727,114.97182,0.0,229.94364,402.40136,0.0,0.0
2022-04-21 05:00:00,0.0,451.08335,112.77084,0.0,225.54167,394.69793,0.0,21.885399999999997
2022-04-21 06:00:00,0.0,437.41047,109.35262,0.0,218.70524,382.73416,0.0,46.5156
2022-04-21 07:00:00,0.0,491.35091,122.83773,0.0,245.67545,429.93205,0.0,89.6075
2022-04-21 08:00:00,0.0,320.37309,80.093273,0.0,160.18655,280.32645,0.0,255.792
2022-04-21 09:00:00,0.0,374.07455,93.518636,0.0,187.03727,327.31523,0.0,184.8725
2022-04-21 10:00:00,0.0,270.93171,67.732927,0.0,135.46585,237.06525,0.0,303.99389999999994
2022-04-21 11:00:00,0.0,260.00502,65.001255,0.0,130.00251,227.50439,0.0,386.1481
2022-04-21 12:00:00,0.0,177.03382,44.258455,0.0,88.516909,154.90459,0.0,334.3035
2022-04-21 13:00:00,0.0,224.35331,56.088327,0.0,112.17665,196.30915,0.0,216.8392
2022-04-21 14:00:00,0.0,169.82647,42.456618,0.0,84.913236,148.59816,0.0,282.0136
2022-04-21 15:00:00,0.0,359.68771,89.921927,0.0,179.84385,314.72675,0.0,40.3544
2022-04-21 16:00:00,0.0,371.78785,92.946964,0.0,185.89393,325.31437,0.0,34.8867
2022-04-21 17:00:00,0.0,428.76276,107.19069,0.0,214.38138,375.16742,0.0,24.046200000000002
2022-04-21 18:00:00,0.0,538.39636,134.59909,0.0,269.19818,471.09682,0.0,0.0
2022-04-21 19:00:00,0.0,475.53091,118.88273,0.0,237.76545,416.08955,0.0,0.0
2022-04-21 20:00:00,0.0,457.19636,114.29909,0.0,228.59818,400.04682,0.0,0.0
2022-04-21 21:00:00,0.0,476.06182,119.01545,0.0,238.03091,416.55409,0.0,0.0
2022-04-21 22:00:00,0.0,454.17091,113.54273,0.0,227.08545,397.39955,0.0,0.0
2022-04-21 23:00:00,0.0,435.26182,108.81545,0.0,217.63091,380.85409,0.0,0.0
2022-04-22 00:00:00,0.0,435.97455,108.99364,0.0,217.98727,381.47773,0.0,0.0
2022-04-22 01:00:00,0.0,436.19273,109.04818,0.0,218.09636,381.66864,0.0,0.0
2022-04-22 02:00:00,0.0,453.57455,113.39364,0.0,226.78727,396.87773,0.0,0.0
2022-04-22 03:00:00,0.0,468.45455,117.11364,0.0,234.22727,409.89773,0.0,0.0
2022-04-22 04:00:00,0.0,480.30182,120.07545,0.0,240.15091,420.26409,0.0,0.0
2022-04-22 05:00:00,0.0,473.27673,118.31918,0.0,236.63836,414.11714,0.0,43.9095
2022-04-22 06:00:00,0.0,358.72807,89.682018,0.0,179.36404,313.88706,0.0,187.19389999999999
2022-04-22 07:00:00,0.0,317.40887,79.352218,0.0,158.70444,277.73276,0.0,340.07779999999997
2022-04-22 08:00:00,0.0,288.98335,72.245836,0.0,144.49167,252.86043,0.0,393.2729
2022-04-22 09:00:00,0.0,511.43033,127.85758,0.0,255.71516,447.50154,0.0,144.32829999999998
2022-04-22 10:00:00,0.0,379.22822,94.807055,0.0,189.61411,331.82469,0.0,240.12619999999995
2022-04-22 11:00:00,0.0,491.66611,122.91653,0.0,245.83305,430.20785,0.0,117.65409999999999
2022-04-22 12:00:00,0.0,279.63673,69.909182,0.0,139.81836,244.68214,0.0,297.5845
2022-04-22 13:00:00,0.0,141.5104,35.3776,0.0,70.7552,123.8216,0.0,383.4982
2022-04-22 14:00:00,0.0,332.44225,83.110564,0.0,166.22113,290.88697,0.0,135.43689999999998
2022-04-22 15:00:00,0.0,354.09498,88.523745,0.0,177.04749,309.83311,0.0,209.7144
2022-04-22 16:00:00,0.0,433.41891,108.35473,0.0,216.70945,379.24155,0.0,103.514
2022-04-22 17:00:00,0.0,680.5582,142.85714,0.0,340.2791,500.0,0.0,24.695899999999998
2022-04-22 18:00:00,0.0,964.63,142.85714,0.0,482.315,500.0,0.0,0.0
2022-04-22 19:00:00,0.0,737.11,142.85714,0.0,368.555,500.0,0.0,0.0
2022-04-22 20:00:00,0.0,625.87,142.85714,0.0,312.935,500.0,0.0,0.0
2022-04-22 21:00:00,0.0,593.07,142.85714,0.0,296.535,500.0,0.0,0.0
2022-04-22 22:00:00,0.0,535.10182,133.77545,0.0,267.55091,468.21409,0.0,0.0
2022-04-22 23:00:00,0.0,515.46545,128.86636,0.0,257.73273,451.03227,0.0,0.0
2022-04-23 00:00:00,0.0,511.29818,127.82455,0.0,255.64909,447.38591,0.0,0.0
2022-04-23 01:00:00,0.0,518.23636,129.55909,0.0,259.11818,453.45682,0.0,0.0
2022-04-23 02:00:00,0.0,527.58909,131.89727,0.0,263.79455,461.64045,0.0,0.0
2022-04-23 03:00:00,0.0,531.78545,132.94636,0.0,265.89273,465.31227,0.0,0.0
2022-04-23 04:00:00,0.0,572.07,142.85714,0.0,286.035,500.0,0.0,0.0
2022-04-23 05:00:00,0.0,906.1054,142.85714,0.0,453.0527,500.0,0.0,46.3623
2022-04-23 06:00:00,0.0,539.16393,134.79098,0.0,269.58196,471.76844,0.0,206.60459999999998
2022-04-23 07:00:00,0.0,251.95658,62.989145,0.0,125.97829,220.46201,0.0,384.9947
2022-04-23 08:00:00,0.0,56.165964,14.041491,0.0,28.082982,49.145218,0.0,566.5967999999999
2022-04-23 09:00:00,0.0,0.0,0.0,0.0,0.0,0.0,0.0,686.054
2022-04-23 10:00:00,0.0,0.0,0.0,0.0,0.0,0.0,0.0,748.9289
2022-04-23 11:00:00,0.0,0.0,0.0,0.0,0.0,0.0,0.0,751.8927
2022-04-23 12:00:00,0.0,0.0,0.0,0.0,0.0,0.0,0.0,715.1445
2022-04-23 13:00:00,0.0,13.673673,3.4184182,0.0,6.8368364,11.964464,0.0,621.0037
2022-04-23 14:00:00,0.0,147.52625,36.881564,0.0,73.763127,129.08547,0.0,463.31640000000004
2022-04-23 15:00:00,0.0,308.5488,77.1372,0.0,154.2744,269.9802,0.0,295.27039999999994
2022-04-23 16:00:00,0.0,468.18429,117.04607,0.0,234.09215,409.66125,0.0,137.1816
2022-04-23 17:00:00,0.0,570.31491,142.57873,0.0,285.15745,499.02555,0.0,27.301999999999996
2022-04-23 18:00:00,0.0,838.47,142.85714,0.0,419.235,500.0,0.0,0.0
2022-04-23 19:00:00,0.0,709.09,142.85714,0.0,354.545,500.0,0.0,0.0
2022-04-23 20:00:00,0.0,613.53,142.85714,0.0,306.765,500.0,0.0,0.0
2022-04-23 21:00:00,0.0,561.56727,140.39182,0.0,280.78364,491.37136,0.0,0.0
2022-04-23 22:00:00,0.0,510.96364,127.74091,0.0,255.48182,447.09318,0.0,0.0
2022-04-23 23:00:00,0.0,496.01818,124.00455,0.0,248.00909,434.01591,0.0,0.0
2022-04-24 00:00:00,0.0,488.98545,122.24636,0.0,244.49273,427.86227,0.0,0.0
2022-04-24 01:00:00,0.0,489.62545,122.40636,0.0,244.81273,428.42227,0.0,0.0
2022-04-24 02:00:00,0.0,469.08,117.27,0.0,234.54,410.445,0.0,0.0
2022-04-24 03:00:00,0.0,492.96364,123.24091,0.0,246.48182,431.34318,0.0,0.0
2022-04-24 04:00:00,0.0,503.64,125.91,0.0,251.82,440.685,0.0,0.0
2022-04-24 05:00:00,0.0,754.0196,142.85714,0.0,377.0098,500.0,0.0,46.895199999999996
2022-04-24 06:00:00,0.0,523.5016,130.8754,0.0,261.7508,458.0639,0.0,168.7103
2022-04-24 07:00:00,0.0,362.67062,90.667655,0.0,181.33531,317.33679,0.0,269.9029
2022-04-24 08:00:00,0.0,151.26633,37.816582,0.0,75.633164,132.35804,0.0,459.9438
2022-04-24 09:00:00,0.0,66.388364,16.597091,0.0,33.194182,58.089818,0.0,561.881
2022-04-24 10:00:00,0.0,0.0,0.0,0.0,0.0,0.0,0.0,626.6831
2022-04-24 11:00:00,0.0,0.0,0.0,0.0,0.0,0.0,0.0,643.86
2022-04-24 12:00:00,0.0,0.0,0.0,0.0,0.0,0.0,0.0,622.9455
2022-04-24 13:00:00,0.0,0.0,0.0,0.0,0.0,0.0,0.0,565.2609
2022-04-24 14:00:00,0.0,51.256145,12.814036,0.0,25.628073,44.849127,0.0,435.70779999999996
2022-04-24 15:00:00,0.0,201.91069,50.477673,0.0,100.95535,176.67185,0.0,288.9778
2022-04-24 16:00:00,0.0,383.15825,95.789564,0.0,191.57913,335.26347,0.0,142.9924
2022-04-24 17:00:00,0.0,513.47855,128.36964,0.0,256.73927,449.29373,0.0,27.301999999999996
2022-04-24 18:00:00,0.0,790.47,142.85714,0.0,395.235,500.0,0.0,0.0
2022-04-24 19:00:00,0.0,819.91,142.85714,0.0,409.955,500.0,0.0,0.0
2022-04-24 20:00:00,0.0,604.89,142.85714,0.0,302.445,500.0,0.0,0.0
2022-04-24 21:00:00,0.0,556.81091,139.20273,0.0,278.40545,487.20955,0.0,0.0
2022-04-24 22:00:00,0.0,505.08727,126.27182,0.0,252.54364,441.95136,0.0,0.0
2022-04-24 23:00:00,0.0,474.69455,118.67364,0.0,237.34727,415.35773,0.0,0.0
2022-04-25 00:00:00,0.0,484.41091,121.10273,0.0,242.20545,423.85955,0.0,0.0
2022-04-25 01:00:00,0.0,483.56727,120.89182,0.0,241.78364,423.12136,0.0,0.0
2022-04-25 02:00:00,0.0,484.18545,121.04636,0.0,242.09273,423.66227,0.0,0.0
2022-04-25 03:00:00,0.0,500.37455,125.09364,0.0,250.18727,437.82773,0.0,0.0
2022-04-25 04:00:00,0.0,548.23636,137.05909,0.0,274.11818,479.70682,0.0,0.0
2022-04-25 05:00:00,0.0,861.3196,142.85714,0.0,430.6598,500.0,0.0,49.0852
2022-04-25 06:00:00,0.0,551.62305,137.90576,0.0,275.81153,482.67017,0.0,211.8533
2022-04-25 07:00:00,0.0,322.99905,80.749764,0.0,161.49953,282.62417,0.0,391.87129999999996
2022-04-25 08:00:00,0.0,83.1672,20.7918,0.0,41.5836,72.7713,0.0,560.1800999999999
2022-04-25 09:00:00,0.0,0.0,0.0,0.0,0.0,0.0,0.0,690.0763
2022-04-25 10:00:00,0.0,0.0,0.0,0.0,0.0,0.0,0.0,773.2525
2022-04-25 11:00:00,0.0,0.0,0.0,0.0,0.0,0.0,0.0,781.9176
2022-04-25 12:00:00,0.0,0.0,0.0,0.0,0.0,0.0,0.0,730.5329
2022-04-25 13:00:00,0.0,0.0,0.0,0.0,0.0,0.0,0.0,652.4521
2022-04-25 14:00:00,0.0,41.2488,10.3122,0.0,20.6244,36.0927,0.0,508.97790000000003
2022-04-25 15:00:00,0.0,176.65069,44.162673,0.0,88.325345,154.56935,0.0,332.96029999999996
2022-04-25 16:00:00,0.0,328.08909,82.022273,0.0,164.04455,287.07795,0.0,157.1325
2022-04-25 17:00:00,0.0,451.64538,112.91135,0.0,225.82269,395.18971,0.0,26.002599999999994
2022-04-25 18:00:00,0.0,772.97,142.85714,0.0,386.485,500.0,0.0,0.0
2022-04-25 19:00:00,0.0,597.77,142.85714,0.0,298.885,500.0,0.0,0.0
2022-04-25 20:00:00,0.0,658.23,142.85714,0.0,329.115,500.0,0.0,0.0
2022-04-25 21:00:00,0.0,563.45818,140.86455,0.0,281.72909,493.02591,0.0,0.0
2022-04-25 22:00:00,0.0,504.19273,126.04818,0.0,252.09636,441.16864,0.0,0.0
2022-04-25 23:00:00,0.0,489.46545,122.36636,0.0,244.73273,428.28227,0.0,0.0
2022-04-26 00:00:00,0.0,480.09091,120.02273,0.0,240.04545,420.07955,0.0,0.0
2022-04-26 01:00:00,0.0,500.91273,125.22818,0.0,250.45636,438.29864,0.0,0.0
2022-04-26 02:00:00,0.0,513.94545,128.48636,0.0,256.97273,449.70227,0.0,0.0
2022-04-26 03:00:00,0.0,522.07636,130.51909,0.0,261.03818,456.81682,0.0,0.0
2022-04-26 04:00:00,0.0,570.09091,142.52273,0.0,285.04545,498.82955,0.0,0.0
2022-04-26 05:00:00,0.0,898.8144,142.85714,0.0,449.4072,500.0,0.0,49.5378
2022-04-26 06:00:00,0.0,668.5876,142.85714,0.0,334.2938,500.0,0.0,198.88119999999998
2022-04-26 07:00:00,0.0,384.01811,96.004527,0.0,192.00905,336.01585,0.0,344.83009999999996
2022-04-26 08:00:00,0.0,137.54175,34.385436,0.0,68.770873,120.34903,0.0,523.3151
2022-04-26 09:00:00,0.0,29.847055,7.4617636,0.0,14.923527,26.116173,0.0,628.2452999999999
2022-04-26 10:00:00,0.0,0.0,0.0,0.0,0.0,0.0,0.0,695.8214
2022-04-26 11:00:00,0.0,0.0,0.0,0.0,0.0,0.0,0.0,710.1148
2022-04-26 12:00:00,0.0,0.0,0.0,0.0,0.0,0.0,0.0,718.9843
2022-04-26 13:00:00,0.0,0.0,0.0,0.0,0.0,0.0,0.0,649.3204000000001
2022-04-26 14:00:00,0.0,56.709091,14.177273,0.0,28.354545,49.620455,0.0,500.78
2022-04-26 15:00:00,0.0,191.8384,47.9596,0.0,95.9192,167.8586,0.0,331.1572
2022-04-26 16:00:00,0.0,410.04895,102.51224,0.0,205.02447,358.79283,0.0,156.5777
2022-04-26 17:00:00,0.0,547.63855,136.90964,0.0,273.81927,479.18373,0.0,27.301999999999996
2022-04-26 18:00:00,0.0,1004.55,142.85714,0.0,502.275,500.0,0.0,0.0
2022-04-26 19:00:00,0.0,599.63,142.85714,0.0,299.815,500.0,0.0,0.0
2022-04-26 20:00:00,0.0,847.81,142.85714,0.0,423.905,500.0,0.0,0.0
2022-04-26 21:00:00,0.0,593.59,142.85714,0.0,296.795,500.0,0.0,0.0
2022-04-26 22:00:00,0.0,538.46182,134.61545,0.0,269.23091,471.15409,0.0,0.0
2022-04-26 23:00:00,0.0,528.12727,132.03182,0.0,264.06364,462.11136,0.0,0.0
2022-04-27 00:00:00,0.0,528.49091,132.12273,0.0,264.24545,462.42955,0.0,0.0
2022-04-27 01:00:00,0.0,531.57455,132.89364,0.0,265.78727,465.12773,0.0,0.0
2022-04-27 02:00:00,0.0,538.96364,134.74091,0.0,269.48182,471.59318,0.0,0.0
2022-04-27 03:00:00,0.0,550.31636,137.57909,0.0,275.15818,481.52682,0.0,0.0
2022-04-27 04:00:00,0.0,625.11,142.85714,0.0,312.555,500.0,0.0,0.0
2022-04-27 05:00:00,0.0,872.0174,142.85714,0.0,436.0087,500.0,0.0,50.596299999999985
2022-04-27 06:00:00,0.0,568.64705,142.16176,0.0,284.32353,497.56617,0.0,193.1653
2022-04-27 07:00:00,0.0,360.68749,90.171873,0.0,180.34375,315.60155,0.0,356.8897
2022-04-27 08:00:00,0.0,121.44356,30.360891,0.0,60.721782,106.26312,0.0,539.7401
2022-04-27 09:00:00,0.0,22.866327,5.7165818,0.0,11.433164,20.008036,0.0,651.9337999999999
2022-04-27 10:00:00,0.0,443.58182,110.89545,0.0,221.79091,388.13409,0.0,0.0
2022-04-27 11:00:00,0.0,13.511491,3.3778727,0.0,6.7557455,11.822555,0.0,746.6366999999999
2022-04-27 12:00:00,0.0,0.0,0.0,0.0,0.0,0.0,0.0,721.8824000000001
2022-04-27 13:00:00,0.0,0.0,0.0,0.0,0.0,0.0,0.0,634.2532
2022-04-27 14:00:00,0.0,153.00065,38.250164,0.0,76.500327,133.87557,0.0,413.66909999999996
2022-04-27 15:00:00,0.0,225.69404,56.423509,0.0,112.84702,197.48228,0.0,313.2357
2022-04-27 16:00:00,0.0,350.87585,87.718964,0.0,175.43793,307.01637,0.0,153.73069999999998
2022-04-27 17:00:00,0.0,506.79578,126.69895,0.0,253.39789,443.44631,0.0,29.900800000000004
2022-04-27 18:00:00,0.0,788.41,142.85714,0.0,394.205,500.0,0.0,0.0
2022-04-27 19:00:00,0.0,577.05,142.85714,0.0,288.525,500.0,0.0,0.0
2022-04-27 20:00:00,0.0,737.41,142.85714,0.0,368.705,500.0,0.0,0.0
2022-04-27 21:00:00,0.0,619.77,142.85714,0.0,309.885,500.0,0.0,0.0
2022-04-27 22:00:00,0.0,569.31273,142.32818,0.0,284.65636,498.14864,0.0,0.0
2022-04-27 23:00:00,0.0,573.97,142.85714,0.0,286.985,500.0,0.0,0.0
2022-04-28 00:00:00,0.0,561.64,140.41,0.0,280.82,491.435,0.0,0.0
2022-04-28 01:00:00,0.0,558.2,139.55,0.0,279.1,488.425,0.0,0.0
2022-04-28 02:00:00,0.0,561.33455,140.33364,0.0,280.66727,491.16773,0.0,0.0
2022-04-28 03:00:00,0.0,599.05,142.85714,0.0,299.525,500.0,0.0,0.0
2022-04-28 04:00:00,0.0,650.77,142.85714,0.0,325.385,500.0,0.0,0.0
2022-04-28 05:00:00,0.0,550.59927,137.64982,0.0,275.29964,481.77436,0.0,39.201
2022-04-28 06:00:00,0.0,444.47258,111.11815,0.0,222.23629,388.91351,0.0,145.44519999999997
2022-04-28 07:00:00,0.0,361.71884,90.429709,0.0,180.85942,316.50398,0.0,320.41159999999996
2022-04-28 08:00:00,0.0,260.51535,65.128836,0.0,130.25767,227.95093,0.0,453.0963999999999
2022-04-28 09:00:00,0.0,212.32385,53.080964,0.0,106.16193,185.78337,0.0,525.5197
2022-04-28 10:00:00,0.0,295.92727,73.981818,0.0,147.96364,258.93636,0.0,339.085
2022-04-28 11:00:00,0.0,143.93338,35.983345,0.0,71.966691,125.94171,0.0,541.2366
2022-04-28 12:00:00,0.0,20.364655,5.0911636,0.0,10.182327,17.819073,0.0,585.6936
2022-04-28 13:00:00,0.0,0.0,0.0,0.0,0.0,0.0,0.0,594.8551
2022-04-28 14:00:00,0.0,98.404509,24.601127,0.0,49.202255,86.103945,0.0,447.1687999999999
2022-04-28 15:00:00,0.0,370.04255,92.510636,0.0,185.02127,323.78723,0.0,156.2565
2022-04-28 16:00:00,0.0,460.01738,115.00435,0.0,230.00869,402.51521,0.0,83.27109999999999
2022-04-28 17:00:00,0.0,535.10698,133.77675,0.0,267.55349,468.21861,0.0,25.352899999999998
2022-04-28 18:00:00,0.0,776.31,142.85714,0.0,388.155,500.0,0.0,0.0
2022-04-28 19:00:00,0.0,513.14545,128.28636,0.0,256.57273,449.00227,0.0,0.0
2022-04-28 20:00:00,0.0,535.66909,133.91727,0.0,267.83455,468.71045,0.0,0.0
2022-04-28 21:00:00,0.0,525.23273,131.30818,0.0,262.61636,459.57864,0.0,0.0
2022-04-28 22:00:00,0.0,538.05455,134.51364,0.0,269.02727,470.79773,0.0,0.0
2022-04-28 23:00:00,0.0,535.17455,133.79364,0.0,267.58727,468.27773,0.0,0.0
2022-04-29 00:00:00,0.0,546.73818,136.68455,0.0,273.36909,478.39591,0.0,0.0
2022-04-29 01:00:00,0.0,533.81455,133.45364,0.0,266.90727,467.08773,0.0,0.0
2022-04-29 02:00:00,0.0,522.92727,130.73182,0.0,261.46364,457.56136,0.0,0.0
2022-04-29 03:00:00,0.0,519.96,129.99,0.0,259.98,454.965,0.0,0.0
2022-04-29 04:00:00,0.0,534.18545,133.54636,0.0,267.09273,467.41227,0.0,0.0
2022-04-29 05:00:00,0.0,510.05876,127.51469,0.0,255.02938,446.30142,0.0,26.674200000000003
2022-04-29 06:00:00,0.0,532.93316,133.23329,0.0,266.46658,466.31652,0.0,43.0919
2022-04-29 07:00:00,0.0,557.17091,139.29273,0.0,278.58545,487.52455,0.0,92.345
2022-04-29 08:00:00,0.0,530.07222,132.51805,0.0,265.03611,463.81319,0.0,129.2757
2022-04-29 09:00:00,0.0,466.21295,116.55324,0.0,233.10647,407.93633,0.0,185.52219999999997
2022-04-29 10:00:00,0.0,425.89295,106.47324,0.0,212.94647,372.65633,0.0,246.11219999999997
2022-04-29 11:00:00,0.0,455.64364,113.91091,0.0,227.82182,398.68818,0.0,267.545
2022-04-29 12:00:00,0.0,274.87375,68.718436,0.0,137.43687,240.51453,0.0,349.17359999999996
2022-04-29 13:00:00,0.0,280.20815,70.052036,0.0,140.10407,245.18213,0.0,307.0088
2022-04-29 14:00:00,0.0,354.75476,88.688691,0.0,177.37738,310.41042,0.0,158.8772
2022-04-29 15:00:00,0.0,394.98531,98.746327,0.0,197.49265,345.61215,0.0,134.13019999999997
2022-04-29 16:00:00,0.0,478.03498,119.50875,0.0,239.01749,418.28061,0.0,48.566900000000004
2022-04-29 17:00:00,0.0,487.66807,121.91702,0.0,243.83404,426.70956,0.0,28.601399999999998
2022-04-29 18:00:00,0.0,871.15,142.85714,0.0,435.575,500.0,0.0,0.0
2022-04-29 19:00:00,0.0,640.41,142.85714,0.0,320.205,500.0,0.0,0.0
2022-04-29 20:00:00,0.0,588.63,142.85714,0.0,294.315,500.0,0.0,0.0
2022-04-29 21:00:00,0.0,576.97,142.85714,0.0,288.485,500.0,0.0,0.0
2022-04-29 22:00:00,0.0,573.15,142.85714,0.0,286.575,500.0,0.0,0.0
2022-04-29 23:00:00,0.0,529.48,132.37,0.0,264.74,463.295,0.0,0.0
2022-04-30 00:00:00,0.0,533.92364,133.48091,0.0,266.96182,467.18318,0.0,0.0
2022-04-30 01:00:00,0.0,537.22545,134.30636,0.0,268.61273,470.07227,0.0,0.0
2022-04-30 02:00:00,0.0,550.41818,137.60455,0.0,275.20909,481.61591,0.0,0.0
2022-04-30 03:00:00,0.0,570.33818,142.58455,0.0,285.16909,499.04591,0.0,0.0
2022-04-30 04:00:00,0.0,639.79,142.85714,0.0,319.895,500.0,0.0,0.0
2022-04-30 05:00:00,0.0,655.3946,142.85714,0.0,327.6973,500.0,0.0,54.37769999999999
2022-04-30 06:00:00,0.0,446.58305,111.64576,0.0,223.29153,390.76017,0.0,206.01329999999996
2022-04-30 07:00:00,0.0,292.22087,73.055218,0.0,146.11044,255.69326,0.0,378.7312999999999
2022-04-30 08:00:00,0.0,148.94495,37.236236,0.0,74.472473,130.32683,0.0,543.1857
2022-04-30 09:00:00,0.0,133.47535,33.368836,0.0,66.737673,116.79093,0.0,480.83639999999997
2022-04-30 10:00:00,0.0,78.256873,19.564218,0.0,39.128436,68.474764,0.0,542.8717999999999
2022-04-30 11:00:00,0.0,2.6401455,0.66003636,0.0,1.3200727,2.3101273,0.0,688.9448
2022-04-30 12:00:00,0.0,0.0,0.0,0.0,0.0,0.0,0.0,715.6555
2022-04-30 13:00:00,0.0,59.463418,14.865855,0.0,29.731709,52.030491,0.0,546.3027999999999
2022-04-30 14:00:00,0.0,201.20087,50.300218,0.0,100.60044,176.05076,0.0,351.17379999999997
2022-04-30 15:00:00,0.0,316.6608,79.1652,0.0,158.3304,277.0782,0.0,212.19639999999998
2022-04-30 16:00:00,0.0,427.3672,106.8418,0.0,213.6836,373.9463,0.0,102.83510000000001
2022-04-30 17:00:00,0.0,452.28735,113.07184,0.0,226.14367,395.75143,0.0,31.8499
2022-04-30 18:00:00,0.0,670.37,142.85714,0.0,335.185,500.0,0.0,0.0
2022-04-30 19:00:00,0.0,528.00364,132.00091,0.0,264.00182,462.00318,0.0,0.0
2022-04-30 20:00:00,0.0,529.74909,132.43727,0.0,264.87455,463.53045,0.0,0.0
2022-04-30 21:00:00,0.0,505.93091,126.48273,0.0,252.96545,442.68955,0.0,0.0
2022-04-30 22:00:00,0.0,507.47273,126.86818,0.0,253.73636,444.03864,0.0,0.0
2022-04-30 23:00:00,0.0,510.59273,127.64818,0.0,255.29636,446.76864,0.0,0.0
2022-05-01 00:00:00,0.0,511.74182,127.93545,0.0,255.87091,447.77409,0.0,0.0
2022-05-01 01:00:00,0.0,514.60727,128.65182,0.0,257.30364,450.28136,0.0,0.0
2022-05-01 02:00:00,0.0,527.19636,131.79909,0.0,263.59818,461.29682,0.0,0.0
2022-05-01 03:00:00,0.0,530.28,132.57,0.0,265.14,463.995,0.0,0.0
2022-05-01 04:00:00,0.0,527.74909,131.93727,0.0,263.87455,461.78045,0.0,0.0
2022-05-01 05:00:00,0.0,488.41549,122.10387,0.0,244.20775,427.36355,0.0,54.5237
2022-05-01 06:00:00,0.0,426.60153,106.65038,0.0,213.30076,373.27634,0.0,151.2779
2022-05-01 07:00:00,0.0,423.2936,105.8234,0.0,211.6468,370.3819,0.0,279.0863
2022-05-01 08:00:00,0.0,246.72778,61.681945,0.0,123.36389,215.88681,0.0,489.76429999999993
2022-05-01 09:00:00,0.0,280.10327,70.025818,0.0,140.05164,245.09036,0.0,510.343
2022-05-01 10:00:00,0.0,185.58087,46.395218,0.0,92.790436,162.38326,0.0,566.3412999999999
2022-05-01 11:00:00,0.0,124.59535,31.148836,0.0,62.297673,109.02093,0.0,654.5764
2022-05-01 12:00:00,0.0,97.816145,24.454036,0.0,48.908073,85.589127,0.0,540.0977999999999
2022-05-01 13:00:00,0.0,129.24196,32.310491,0.0,64.620982,113.08672,0.0,475.2373
2022-05-01 14:00:00,0.0,86.147636,21.536909,0.0,43.073818,75.379182,0.0,479.1720000000001
2022-05-01 15:00:00,0.0,180.73069,45.182673,0.0,90.365345,158.13935,0.0,338.0703
2022-05-01 16:00:00,0.0,395.85578,98.963945,0.0,197.92789,346.37381,0.0,163.67329999999998
2022-05-01 17:00:00,0.0,511.30422,127.82605,0.0,255.65211,447.39119,0.0,27.951700000000002
2022-05-01 18:00:00,0.0,1004.77,142.85714,0.0,502.385,500.0,0.0,0.0
2022-05-01 19:00:00,0.0,750.23,142.85714,0.0,375.115,500.0,0.0,0.0
2022-05-01 20:00:00,0.0,634.89,142.85714,0.0,317.445,500.0,0.0,0.0
2022-05-01 21:00:00,0.0,551.96,137.99,0.0,275.98,482.965,0.0,0.0
2022-05-01 22:00:00,0.0,511.42909,127.85727,0.0,255.71455,447.50045,0.0,0.0
2022-05-01 23:00:00,0.0,517.59636,129.39909,0.0,258.79818,452.89682,0.0,0.0
2022-05-02 00:00:00,0.0,485.16,121.29,0.0,242.58,424.515,0.0,0.0
2022-05-02 01:00:00,0.0,492.71636,123.17909,0.0,246.35818,431.12682,0.0,0.0
2022-05-02 02:00:00,0.0,491.63273,122.90818,0.0,245.81636,430.17864,0.0,0.0
2022-05-02 03:00:00,0.0,496.18545,124.04636,0.0,248.09273,434.16227,0.0,0.0
2022-05-02 04:00:00,0.0,541.30545,135.32636,0.0,270.65273,473.64227,0.0,0.0
2022-05-02 05:00:00,0.0,786.0276,142.85714,0.0,393.0138,500.0,0.0,57.261199999999995
2022-05-02 06:00:00,0.0,491.42284,122.85571,0.0,245.71142,429.99498,0.0,211.5686
2022-05-02 07:00:00,0.0,295.04611,73.761527,0.0,147.52305,258.16535,0.0,385.0166
2022-05-02 08:00:00,0.0,55.644364,13.911091,0.0,27.822182,48.688818,0.0,551.004
2022-05-02 09:00:00,0.0,0.0,0.0,0.0,0.0,0.0,0.0,678.9073
2022-05-02 10:00:00,0.0,0.0,0.0,0.0,0.0,0.0,0.0,754.8419
2022-05-02 11:00:00,0.0,0.0,0.0,0.0,0.0,0.0,0.0,770.223
2022-05-02 12:00:00,0.0,0.0,0.0,0.0,0.0,0.0,0.0,739.5703
2022-05-02 13:00:00,0.0,0.0,0.0,0.0,0.0,0.0,0.0,661.3435
2022-05-02 14:00:00,0.0,20.101382,5.0253455,0.0,10.050691,17.588709,0.0,511.5256
2022-05-02 15:00:00,0.0,174.04822,43.512055,0.0,87.024109,152.29219,0.0,338.8587
2022-05-02 16:00:00,0.0,350.24822,87.562055,0.0,175.12411,306.46719,0.0,160.37369999999999
2022-05-02 17:00:00,0.0,494.73011,123.68253,0.0,247.36505,432.88885,0.0,29.251099999999994
2022-05-02 18:00:00,0.0,763.43,142.85714,0.0,381.715,500.0,0.0,0.0
2022-05-02 19:00:00,0.0,542.41818,135.60455,0.0,271.20909,474.61591,0.0,0.0
2022-05-02 20:00:00,0.0,598.29,142.85714,0.0,299.145,500.0,0.0,0.0
2022-05-02 21:00:00,0.0,567.32727,141.83182,0.0,283.66364,496.41136,0.0,0.0
2022-05-02 22:00:00,0.0,518.80364,129.70091,0.0,259.40182,453.95318,0.0,0.0
2022-05-02 23:00:00,0.0,514.00364,128.50091,0.0,257.00182,449.75318,0.0,0.0
2022-05-03 00:00:00,0.0,516.44,129.11,0.0,258.22,451.885,0.0,0.0
2022-05-03 01:00:00,0.0,522.83273,130.70818,0.0,261.41636,457.47864,0.0,0.0
2022-05-03 02:00:00,0.0,547.57455,136.89364,0.0,273.78727,479.12773,0.0,0.0
2022-05-03 03:00:00,0.0,567.67636,141.91909,0.0,283.83818,496.71682,0.0,0.0
2022-05-03 04:00:00,0.0,594.89,142.85714,0.0,297.445,500.0,0.0,0.0
2022-05-03 05:00:00,0.0,870.5674,142.85714,0.0,435.2837,500.0,0.0,53.151300000000006
2022-05-03 06:00:00,0.0,516.09549,129.02387,0.0,258.04775,451.58355,0.0,208.5537
2022-05-03 07:00:00,0.0,257.82662,64.456655,0.0,128.91331,225.59829,0.0,373.4534
2022-05-03 08:00:00,0.0,51.019345,12.754836,0.0,25.509673,44.641927,0.0,531.1334
2022-05-03 09:00:00,0.0,0.0,0.0,0.0,0.0,0.0,0.0,659.117
2022-05-03 10:00:00,0.0,0.0,0.0,0.0,0.0,0.0,0.0,653.0871999999999
2022-05-03 11:00:00,0.0,13.577091,3.3942727,0.0,6.7885455,11.879955,0.0,702.2965
2022-05-03 12:00:00,0.0,0.0,0.0,0.0,0.0,0.0,0.0,733.4164000000001
2022-05-03 13:00:00,0.0,22.300364,5.5750909,0.0,11.150182,19.512818,0.0,633.202
2022-05-03 14:00:00,0.0,154.0712,38.5178,0.0,77.0356,134.8123,0.0,501.70709999999997
2022-05-03 15:00:00,0.0,296.83469,74.208673,0.0,148.41735,259.73035,0.0,319.7473
2022-05-03 16:00:00,0.0,482.29956,120.57489,0.0,241.14978,422.01212,0.0,158.0231
2022-05-03 17:00:00,0.0,673.0084,142.85714,0.0,336.5042,500.0,0.0,29.900800000000004
2022-05-03 18:00:00,0.0,992.25,142.85714,0.0,496.125,500.0,0.0,0.0
2022-05-03 19:00:00,0.0,652.13,142.85714,0.0,326.065,500.0,0.0,0.0
2022-05-03 20:00:00,0.0,725.89,142.85714,0.0,362.945,500.0,0.0,0.0
2022-05-03 21:00:00,0.0,751.49,142.85714,0.0,375.745,500.0,0.0,0.0
2022-05-03 22:00:00,0.0,559.80727,139.95182,0.0,279.90364,489.83136,0.0,0.0
2022-05-03 23:00:00,0.0,537.42182,134.35545,0.0,268.71091,470.24409,0.0,0.0
2022-05-04 00:00:00,0.0,522.14909,130.53727,0.0,261.07455,456.88045,0.0,0.0
2022-05-04 01:00:00,0.0,518.34545,129.58636,0.0,259.17273,453.55227,0.0,0.0
2022-05-04 02:00:00,0.0,522.25091,130.56273,0.0,261.12545,456.96955,0.0,0.0
2022-05-04 03:00:00,0.0,554.94909,138.73727,0.0,277.47455,485.58045,0.0,0.0
2022-05-04 04:00:00,0.0,607.47,142.85714,0.0,303.735,500.0,0.0,0.0
2022-05-04 05:00:00,0.0,898.0808,142.85714,0.0,449.0404,500.0,0.0,58.4146
2022-05-04 06:00:00,0.0,1442.12,16.256114,0.0,721.06,56.8964,0.0,212.29859999999996
2022-05-04 07:00:00,0.0,326.51622,81.629055,0.0,163.25811,285.70169,0.0,379.0452
2022-05-04 08:00:00,0.0,124.80284,31.200709,0.0,62.401418,109.20248,0.0,539.5210999999999
2022-05-04 09:00:00,0.0,0.0,0.0,0.0,0.0,0.0,0.0,660.431
2022-05-04 10:00:00,0.0,0.0,0.0,0.0,0.0,0.0,0.0,722.0867999999999
2022-05-04 11:00:00,0.0,150.82109,37.705273,0.0,75.410545,131.96845,0.0,432.306
2022-05-04 12:00:00,0.0,19.332,4.833,0.0,9.666,16.9155,0.0,507.3134999999999
2022-05-04 13:00:00,0.0,196.4536,49.1134,0.0,98.2268,171.8969,0.0,283.8313
2022-05-04 14:00:00,0.0,67.871418,16.967855,0.0,33.935709,59.387491,0.0,413.66179999999997
2022-05-04 15:00:00,0.0,223.52582,55.881455,0.0,111.76291,195.58509,0.0,238.63700000000003
2022-05-04 16:00:00,0.0,295.95869,73.989673,0.0,147.97935,258.96385,0.0,149.40179999999998
2022-05-04 17:00:00,0.0,463.97549,115.99387,0.0,231.98775,405.97855,0.0,34.448699999999995
2022-05-04 18:00:00,0.0,594.43,142.85714,0.0,297.215,500.0,0.0,0.0
2022-05-04 19:00:00,0.0,471.69091,117.92273,0.0,235.84545,412.72955,0.0,0.0
2022-05-04 20:00:00,0.0,536.43273,134.10818,0.0,268.21636,469.37864,0.0,0.0
2022-05-04 21:00:00,0.0,518.99273,129.74818,0.0,259.49636,454.11864,0.0,0.0
2022-05-04 22:00:00,0.0,493.49455,123.37364,0.0,246.74727,431.80773,0.0,0.0
2022-05-04 23:00:00,0.0,497.32727,124.33182,0.0,248.66364,435.16136,0.0,0.0
2022-05-05 00:00:00,0.0,479.59636,119.89909,0.0,239.79818,419.64682,0.0,0.0
2022-05-05 01:00:00,0.0,476.33818,119.08455,0.0,238.16909,416.79591,0.0,0.0
2022-05-05 02:00:00,0.0,499.55273,124.88818,0.0,249.77636,437.10864,0.0,0.0
2022-05-05 03:00:00,0.0,509.84364,127.46091,0.0,254.92182,446.11318,0.0,0.0
2022-05-05 04:00:00,0.0,514.30909,128.57727,0.0,257.15455,450.02045,0.0,0.0
2022-05-05 05:00:00,0.0,482.31193,120.57798,0.0,241.15596,422.02294,0.0,57.3561
2022-05-05 06:00:00,0.0,481.07585,120.26896,0.0,240.53793,420.94137,0.0,42.405699999999996
2022-05-05 07:00:00,0.0,294.23956,73.559891,0.0,147.11978,257.45962,0.0,331.2156
2022-05-05 08:00:00,0.0,288.38836,72.097091,0.0,144.19418,252.33982,0.0,364.051
2022-05-05 09:00:00,0.0,308.22102,77.055255,0.0,154.11051,269.69339,0.0,326.36109999999996
2022-05-05 10:00:00,0.0,93.277091,23.319273,0.0,46.638545,81.617455,0.0,528.009
2022-05-05 11:00:00,0.0,60.780073,15.195018,0.0,30.390036,53.182564,0.0,574.4224
2022-05-05 12:00:00,0.0,0.0,0.0,0.0,0.0,0.0,0.0,613.6745
2022-05-05 13:00:00,0.0,0.0,0.0,0.0,0.0,0.0,0.0,609.2506999999999
2022-05-05 14:00:00,0.0,215.67382,53.918455,0.0,107.83691,188.71459,0.0,236.4835
2022-05-05 15:00:00,0.0,231.98604,57.996509,0.0,115.99302,202.98778,0.0,228.15419999999995
2022-05-05 16:00:00,0.0,305.36916,76.342291,0.0,152.68458,267.19802,0.0,156.1324
2022-05-05 17:00:00,0.0,387.52371,96.880927,0.0,193.76185,339.08325,0.0,31.8499
2022-05-05 18:00:00,0.0,524.28,131.07,0.0,262.14,458.745,0.0,0.0
2022-05-05 19:00:00,0.0,418.71636,104.67909,0.0,209.35818,366.37682,0.0,0.0
2022-05-05 20:00:00,0.0,460.96364,115.24091,0.0,230.48182,403.34318,0.0,0.0
2022-05-05 21:00:00,0.0,449.53818,112.38455,0.0,224.76909,393.34591,0.0,0.0
2022-05-05 22:00:00,0.0,445.98909,111.49727,0.0,222.99455,390.24045,0.0,0.0
2022-05-05 23:00:00,0.0,433.04364,108.26091,0.0,216.52182,378.91318,0.0,0.0
2022-05-06 00:00:00,0.0,425.77091,106.44273,0.0,212.88545,372.54955,0.0,0.0
2022-05-06 01:00:00,0.0,418.29455,104.57364,0.0,209.14727,366.00773,0.0,0.0
2022-05-06 02:00:00,0.0,418.59273,104.64818,0.0,209.29636,366.26864,0.0,0.0
2022-05-06 03:00:00,0.0,419.32727,104.83182,0.0,209.66364,366.91136,0.0,0.0
2022-05-06 04:00:00,0.0,421.80727,105.45182,0.0,210.90364,369.08136,0.0,0.0
2022-05-06 05:00:00,0.0,379.42051,94.855127,0.0,189.71025,331.99295,0.0,59.611799999999995
2022-05-06 06:00:00,0.0,318.128,79.532,0.0,159.064,278.362,0.0,151.329
2022-05-06 07:00:00,0.0,251.8512,62.9628,0.0,125.9256,220.3698,0.0,285.07959999999997
2022-05-06 08:00:00,0.0,176.73258,44.183145,0.0,88.366291,154.64101,0.0,395.28770000000003
2022-05-06 09:00:00,0.0,113.25331,28.313327,0.0,56.626655,99.096645,0.0,491.5017
2022-05-06 10:00:00,0.0,326.8944,81.7236,0.0,163.4472,286.0326,0.0,181.94519999999997
2022-05-06 11:00:00,0.0,412.22145,103.05536,0.0,206.11073,360.69377,0.0,121.0705
2022-05-06 12:00:00,0.0,344.84298,86.210745,0.0,172.42149,301.73761,0.0,56.0859
2022-05-06 13:00:00,0.0,284.23207,71.058018,0.0,142.11604,248.70306,0.0,153.9059
2022-05-06 14:00:00,0.0,241.34262,60.335655,0.0,120.67131,211.17479,0.0,197.7789
2022-05-06 15:00:00,0.0,213.00545,53.251364,0.0,106.50273,186.37977,0.0,259.3325
2022-05-06 16:00:00,0.0,332.5368,83.1342,0.0,166.2684,290.9697,0.0,152.2269
2022-05-06 17:00:00,0.0,395.51665,98.879164,0.0,197.75833,346.07707,0.0,32.4996
2022-05-06 18:00:00,0.0,543.07273,135.76818,0.0,271.53636,475.18864,0.0,0.0
2022-05-06 19:00:00,0.0,437.06545,109.26636,0.0,218.53273,382.43227,0.0,0.0
2022-05-06 20:00:00,0.0,433.83636,108.45909,0.0,216.91818,379.60682,0.0,0.0
2022-05-06 21:00:00,0.0,431.56727,107.89182,0.0,215.78364,377.62136,0.0,0.0
2022-05-06 22:00:00,0.0,394.25818,98.564545,0.0,197.12909,344.97591,0.0,0.0
2022-05-06 23:00:00,0.0,371.05091,92.762727,0.0,185.52545,324.66955,0.0,0.0
2022-05-07 00:00:00,0.0,368.77455,92.193636,0.0,184.38727,322.67773,0.0,0.0
2022-05-07 01:00:00,0.0,353.64,88.41,0.0,176.82,309.435,0.0,0.0
2022-05-07 02:00:00,0.0,381.39273,95.348182,0.0,190.69636,333.71864,0.0,0.0
2022-05-07 03:00:00,0.0,385.24727,96.311818,0.0,192.62364,337.09136,0.0,0.0
2022-05-07 04:00:00,0.0,433.13091,108.28273,0.0,216.56545,378.98955,0.0,0.0
2022-05-07 05:00:00,0.0,541.22713,135.30678,0.0,270.61356,473.57374,0.0,16.4177
2022-05-07 06:00:00,0.0,432.26167,108.06542,0.0,216.13084,378.22896,0.0,112.59519999999999
2022-05-07 07:00:00,0.0,370.2296,92.5574,0.0,185.1148,323.9509,0.0,138.99929999999998
2022-05-07 08:00:00,0.0,285.43993,71.359982,0.0,142.71996,249.75994,0.0,88.23509999999999
2022-05-07 09:00:00,0.0,273.46575,68.366436,0.0,136.73287,239.28253,0.0,146.3796
2022-05-07 10:00:00,0.0,270.03695,67.509236,0.0,135.01847,236.28233,0.0,113.54420000000002
2022-05-07 11:00:00,0.0,213.75847,53.439618,0.0,106.87924,187.03866,0.0,260.07710000000003
2022-05-07 12:00:00,0.0,150.11607,37.529018,0.0,75.058036,131.35156,0.0,245.9954
2022-05-07 13:00:00,0.0,238.12516,59.531291,0.0,119.06258,208.35952,0.0,111.49289999999998
2022-05-07 14:00:00,0.0,279.06931,69.767327,0.0,139.53465,244.18565,0.0,60.8747
2022-05-07 15:00:00,0.0,270.53535,67.633836,0.0,135.26767,236.71843,0.0,98.49889999999999
2022-05-07 16:00:00,0.0,303.03615,75.759036,0.0,151.51807,265.15663,0.0,112.50030000000001
2022-05-07 17:00:00,0.0,395.61695,98.904236,0.0,197.80847,346.16483,0.0,27.951700000000002
2022-05-07 18:00:00,0.0,534.94909,133.73727,0.0,267.47455,468.08045,0.0,0.0
2022-05-07 19:00:00,0.0,446.88364,111.72091,0.0,223.44182,391.02318,0.0,0.0
2022-05-07 20:00:00,0.0,440.69455,110.17364,0.0,220.34727,385.60773,0.0,0.0
2022-05-07 21:00:00,0.0,415.58182,103.89545,0.0,207.79091,363.63409,0.0,0.0
2022-05-07 22:00:00,0.0,390.56364,97.640909,0.0,195.28182,341.74318,0.0,0.0
2022-05-07 23:00:00,0.0,373.88727,93.471818,0.0,186.94364,327.15136,0.0,0.0
2022-05-08 00:00:00,0.0,361.05091,90.262727,0.0,180.52545,315.91955,0.0,0.0
2022-05-08 01:00:00,0.0,373.73455,93.433636,0.0,186.86727,327.01773,0.0,0.0
2022-05-08 02:00:00,0.0,379.98182,94.995455,0.0,189.99091,332.48409,0.0,0.0
2022-05-08 03:00:00,0.0,390.80364,97.700909,0.0,195.40182,341.95318,0.0,0.0
2022-05-08 04:00:00,0.0,437.42909,109.35727,0.0,218.71455,382.75045,0.0,0.0
2022-05-08 05:00:00,0.0,509.83156,127.45789,0.0,254.91578,446.10262,0.0,61.6266
2022-05-08 06:00:00,0.0,393.44487,98.361218,0.0,196.72244,344.26426,0.0,211.48829999999995
2022-05-08 07:00:00,0.0,167.77847,41.944618,0.0,83.889236,146.80616,0.0,364.64959999999996
2022-05-08 08:00:00,0.0,0.0,0.0,0.0,0.0,0.0,0.0,518.0226
2022-05-08 09:00:00,0.0,17.185091,4.2962727,0.0,8.5925455,15.036955,0.0,435.3355000000001
2022-05-08 10:00:00,0.0,0.0,0.0,0.0,0.0,0.0,0.0,698.7049000000001
2022-05-08 11:00:00,0.0,10.125236,2.5313091,0.0,5.0626182,8.8595818,0.0,511.99279999999993
2022-05-08 12:00:00,0.0,28.332655,7.0831636,0.0,14.166327,24.791073,0.0,408.1576
2022-05-08 13:00:00,0.0,85.614327,21.403582,0.0,42.807164,74.912536,0.0,317.26529999999997
2022-05-08 14:00:00,0.0,66.959055,16.739764,0.0,33.479527,58.589173,0.0,356.4663
2022-05-08 15:00:00,0.0,221.72444,55.431109,0.0,110.86222,194.00888,0.0,171.13389999999998
2022-05-08 16:00:00,0.0,266.55411,66.638527,0.0,133.27705,233.23485,0.0,130.2831
2022-05-08 17:00:00,0.0,421.82255,105.45564,0.0,210.91127,369.09473,0.0,33.799
2022-05-08 18:00:00,0.0,535.59636,133.89909,0.0,267.79818,468.64682,0.0,0.0
2022-05-08 19:00:00,0.0,441.33455,110.33364,0.0,220.66727,386.16773,0.0,0.0
2022-05-08 20:00:00,0.0,463.09455,115.77364,0.0,231.54727,405.20773,0.0,0.0
2022-05-08 21:00:00,0.0,499.98182,124.99545,0.0,249.99091,437.48409,0.0,0.0
2022-05-08 22:00:00,0.0,430.32364,107.58091,0.0,215.16182,376.53318,0.0,0.0
2022-05-08 23:00:00,0.0,410.31636,102.57909,0.0,205.15818,359.02682,0.0,0.0
2022-05-09 00:00:00,0.0,403.93818,100.98455,0.0,201.96909,353.44591,0.0,0.0
2022-05-09 01:00:00,0.0,409.96,102.49,0.0,204.98,358.715,0.0,0.0
2022-05-09 02:00:00,0.0,410.77455,102.69364,0.0,205.38727,359.42773,0.0,0.0
2022-05-09 03:00:00,0.0,412.73818,103.18455,0.0,206.36909,361.14591,0.0,0.0
2022-05-09 04:00:00,0.0,437.18909,109.29727,0.0,218.59455,382.54045,0.0,0.0
2022-05-09 05:00:00,0.0,520.80007,130.20002,0.0,260.40004,455.70006,0.0,62.14490000000001
2022-05-09 06:00:00,0.0,412.76909,103.19227,0.0,206.38455,361.17295,0.0,143.6275
2022-05-09 07:00:00,0.0,287.09978,71.774945,0.0,143.54989,251.21231,0.0,228.75279999999998
2022-05-09 08:00:00,0.0,149.47862,37.369655,0.0,74.739309,130.79379,0.0,287.64189999999996
2022-05-09 09:00:00,0.0,191.25396,47.813491,0.0,95.626982,167.34722,0.0,199.99079999999998
2022-05-09 10:00:00,0.0,169.72342,42.430855,0.0,84.861709,148.50799,0.0,230.39529999999996
2022-05-09 11:00:00,0.0,169.6312,42.4078,0.0,84.8156,148.4273,0.0,302.0521
2022-05-09 12:00:00,0.0,237.86029,59.465073,0.0,118.93015,208.12775,0.0,149.1171
2022-05-09 13:00:00,0.0,234.25127,58.562818,0.0,117.12564,204.96986,0.0,139.5395
2022-05-09 14:00:00,0.0,311.8112,77.9528,0.0,155.9056,272.8348,0.0,64.9846
2022-05-09 15:00:00,0.0,229.69898,57.424745,0.0,114.84949,200.98661,0.0,165.6589
2022-05-09 16:00:00,0.0,284.49389,71.123473,0.0,142.24695,248.93215,0.0,115.21589999999999
2022-05-09 17:00:00,0.0,378.63862,94.659655,0.0,189.31931,331.30879,0.0,38.3469
2022-05-09 18:00:00,0.0,534.09091,133.52273,0.0,267.04545,467.32955,0.0,0.0
2022-05-09 19:00:00,0.0,451.74182,112.93545,0.0,225.87091,395.27409,0.0,0.0
2022-05-09 20:00:00,0.0,479.58909,119.89727,0.0,239.79455,419.64045,0.0,0.0
2022-05-09 21:00:00,0.0,454.14182,113.53545,0.0,227.07091,397.37409,0.0,0.0
2022-05-09 22:00:00,0.0,441.29091,110.32273,0.0,220.64545,386.12955,0.0,0.0
2022-05-09 23:00:00,0.0,430.62182,107.65545,0.0,215.31091,376.79409,0.0,0.0
2022-05-10 00:00:00,0.0,433.88,108.47,0.0,216.94,379.645,0.0,0.0
2022-05-10 01:00:00,0.0,431.8,107.95,0.0,215.9,377.825,0.0,0.0
2022-05-10 02:00:00,0.0,435.37091,108.84273,0.0,217.68545,380.94955,0.0,0.0
2022-05-10 03:00:00,0.0,440.04,110.01,0.0,220.02,385.035,0.0,0.0
2022-05-10 04:00:00,0.0,434.53455,108.63364,0.0,217.26727,380.21773,0.0,0.0
2022-05-10 05:00:00,0.0,371.76669,92.941673,0.0,185.88335,325.29585,0.0,63.8458
2022-05-10 06:00:00,0.0,243.18131,60.795327,0.0,121.59065,212.78365,0.0,215.7807
2022-05-10 07:00:00,0.0,188.37549,47.093873,0.0,94.187745,164.82855,0.0,381.19870000000003
2022-05-10 08:00:00,0.0,56.183418,14.045855,0.0,28.091709,49.160491,0.0,538.2728
2022-05-10 09:00:00,0.0,0.0,0.0,0.0,0.0,0.0,0.0,657.7519
2022-05-10 10:00:00,0.0,0.0,0.0,0.0,0.0,0.0,0.0,733.7302999999999
2022-05-10 11:00:00,0.0,0.0,0.0,0.0,0.0,0.0,0.0,752.2357999999999
2022-05-10 12:00:00,0.0,0.0,0.0,0.0,0.0,0.0,0.0,725.4594000000001
2022-05-10 13:00:00,0.0,0.0,0.0,0.0,0.0,0.0,0.0,633.4429
2022-05-10 14:00:00,0.0,0.0,0.0,0.0,0.0,0.0,0.0,494.6626
2022-05-10 15:00:00,0.0,94.260873,23.565218,0.0,47.130436,82.478264,0.0,330.9163
2022-05-10 16:00:00,0.0,231.68749,57.921873,0.0,115.84375,202.72655,0.0,160.1547
2022-05-10 17:00:00,0.0,358.49164,89.622909,0.0,179.24582,313.68018,0.0,33.799
2022-05-10 18:00:00,0.0,495.23273,123.80818,0.0,247.61636,433.32864,0.0,0.0
2022-05-10 19:00:00,0.0,388.16364,97.040909,0.0,194.08182,339.64318,0.0,0.0
2022-05-10 20:00:00,0.0,409.47273,102.36818,0.0,204.73636,358.28864,0.0,0.0
2022-05-10 21:00:00,0.0,391.50909,97.877273,0.0,195.75455,342.57045,0.0,0.0
2022-05-10 22:00:00,0.0,403.94545,100.98636,0.0,201.97273,353.45227,0.0,0.0
2022-05-10 23:00:00,0.0,358.97818,89.744545,0.0,179.48909,314.10591,0.0,0.0
2022-05-11 00:00:00,0.0,351.42909,87.857273,0.0,175.71455,307.50045,0.0,0.0
2022-05-11 01:00:00,0.0,347.72727,86.931818,0.0,173.86364,304.26136,0.0,0.0
2022-05-11 02:00:00,0.0,348.72364,87.180909,0.0,174.36182,305.13318,0.0,0.0
2022-05-11 03:00:00,0.0,354.07636,88.519091,0.0,177.03818,309.81682,0.0,0.0
2022-05-11 04:00:00,0.0,368.93455,92.233636,0.0,184.46727,322.81773,0.0,0.0
2022-05-11 05:00:00,0.0,333.21658,83.304145,0.0,166.60829,291.56451,0.0,65.0722
2022-05-11 06:00:00,0.0,228.31258,57.078145,0.0,114.15629,199.77351,0.0,207.49519999999995
2022-05-11 07:00:00,0.0,147.71935,36.929836,0.0,73.859673,129.25443,0.0,366.7009
2022-05-11 08:00:00,0.0,0.0,0.0,0.0,0.0,0.0,0.0,522.5047999999999
2022-05-11 09:00:00,0.0,0.0,0.0,0.0,0.0,0.0,0.0,641.1006
2022-05-11 10:00:00,0.0,0.0,0.0,0.0,0.0,0.0,0.0,720.0062999999999
2022-05-11 11:00:00,0.0,0.0,0.0,0.0,0.0,0.0,0.0,732.9491999999999
2022-05-11 12:00:00,0.0,0.0,0.0,0.0,0.0,0.0,0.0,708.2606
2022-05-11 13:00:00,0.0,0.0,0.0,0.0,0.0,0.0,0.0,618.4414
2022-05-11 14:00:00,0.0,0.0,0.0,0.0,0.0,0.0,0.0,486.4208999999999
2022-05-11 15:00:00,0.0,92.291636,23.072909,0.0,46.145818,80.755182,0.0,327.624
2022-05-11 16:00:00,0.0,245.9272,61.4818,0.0,122.9636,215.1863,0.0,159.7751
2022-05-11 17:00:00,0.0,339.76502,84.941255,0.0,169.88251,297.29439,0.0,35.7481
2022-05-11 18:00:00,0.0,499.23273,124.80818,0.0,249.61636,436.82864,0.0,0.0
2022-05-11 19:00:00,0.0,379.43636,94.859091,0.0,189.71818,332.00682,0.0,0.0
2022-05-11 20:00:00,0.0,387.50909,96.877273,0.0,193.75455,339.07045,0.0,0.0
2022-05-11 21:00:00,0.0,383.41455,95.853636,0.0,191.70727,335.48773,0.0,0.0
2022-05-11 22:00:00,0.0,372.89818,93.224545,0.0,186.44909,326.28591,0.0,0.0
2022-05-11 23:00:00,0.0,383.98909,95.997273,0.0,191.99455,335.99045,0.0,0.0
2022-05-12 00:00:00,0.0,371.45818,92.864545,0.0,185.72909,325.02591,0.0,0.0
2022-05-12 01:00:00,0.0,371.61091,92.902727,0.0,185.80545,325.15955,0.0,0.0
2022-05-12 02:00:00,0.0,382.49818,95.624545,0.0,191.24909,334.68591,0.0,0.0
2022-05-12 03:00:00,0.0,376.44,94.11,0.0,188.22,329.385,0.0,0.0
2022-05-12 04:00:00,0.0,360.72364,90.180909,0.0,180.36182,315.63318,0.0,0.0
2022-05-12 05:00:00,0.0,285.96255,71.490636,0.0,142.98127,250.21723,0.0,65.0065
2022-05-12 06:00:00,0.0,181.14691,45.286727,0.0,90.573455,158.50355,0.0,217.24799999999996
2022-05-12 07:00:00,0.0,159.69476,39.923691,0.0,79.847382,139.73292,0.0,383.5347
2022-05-12 08:00:00,0.0,18.852145,4.7130364,0.0,9.4260727,16.495627,0.0,544.0033
2022-05-12 09:00:00,0.0,0.0,0.0,0.0,0.0,0.0,0.0,667.3367999999999
2022-05-12 10:00:00,0.0,0.0,0.0,0.0,0.0,0.0,0.0,744.0817
2022-05-12 11:00:00,0.0,0.0,0.0,0.0,0.0,0.0,0.0,766.4124
2022-05-12 12:00:00,0.0,0.0,0.0,0.0,0.0,0.0,0.0,739.271
2022-05-12 13:00:00,0.0,0.0,0.0,0.0,0.0,0.0,0.0,641.7576
2022-05-12 14:00:00,0.0,0.0,0.0,0.0,0.0,0.0,0.0,497.31979999999993
2022-05-12 15:00:00,0.0,109.77687,27.444218,0.0,54.888436,96.054764,0.0,336.2818
2022-05-12 16:00:00,0.0,246.03942,61.509855,0.0,123.01971,215.28449,0.0,164.2208
2022-05-12 17:00:00,0.0,350.85571,87.713927,0.0,175.42785,306.99875,0.0,35.0984
2022-05-12 18:00:00,0.0,482.14182,120.53545,0.0,241.07091,421.87409,0.0,0.0
2022-05-12 19:00:00,0.0,359.87273,89.968182,0.0,179.93636,314.88864,0.0,0.0
2022-05-12 20:00:00,0.0,395.8,98.95,0.0,197.9,346.325,0.0,0.0
2022-05-12 21:00:00,0.0,362.05455,90.513636,0.0,181.02727,316.79773,0.0,0.0
2022-05-12 22:00:00,0.0,382.41818,95.604545,0.0,191.20909,334.61591,0.0,0.0
2022-05-12 23:00:00,0.0,376.81818,94.204545,0.0,188.40909,329.71591,0.0,0.0
2022-05-13 00:00:00,0.0,390.49091,97.622727,0.0,195.24545,341.67955,0.0,0.0
2022-05-13 01:00:00,0.0,382.63636,95.659091,0.0,191.31818,334.80682,0.0,0.0
2022-05-13 02:00:00,0.0,386.70909,96.677273,0.0,193.35455,338.37045,0.0,0.0
2022-05-13 03:00:00,0.0,387.23273,96.808182,0.0,193.61636,338.82864,0.0,0.0
2022-05-13 04:00:00,0.0,382.2,95.55,0.0,191.1,334.425,0.0,0.0
2022-05-13 05:00:00,0.0,317.23811,79.309527,0.0,158.61905,277.58335,0.0,65.4226
2022-05-13 06:00:00,0.0,187.76218,46.940545,0.0,93.881091,164.29191,0.0,220.75200000000004
2022-05-13 07:00:00,0.0,122.81927,30.704818,0.0,61.409636,107.46686,0.0,385.0385
2022-05-13 08:00:00,0.0,17.797818,4.4494545,0.0,8.8989091,15.573091,0.0,544.653
2022-05-13 09:00:00,0.0,0.0,0.0,0.0,0.0,0.0,0.0,653.3572999999999
2022-05-13 10:00:00,0.0,0.0,0.0,0.0,0.0,0.0,0.0,716.422
2022-05-13 11:00:00,0.0,0.0,0.0,0.0,0.0,0.0,0.0,738.1102999999999
2022-05-13 12:00:00,0.0,0.0,0.0,0.0,0.0,0.0,0.0,709.414
2022-05-13 13:00:00,0.0,0.0,0.0,0.0,0.0,0.0,0.0,619.7042999999999
2022-05-13 14:00:00,0.0,0.0,0.0,0.0,0.0,0.0,0.0,480.62469999999996
2022-05-13 15:00:00,0.0,95.727055,23.931764,0.0,47.863527,83.761173,0.0,331.5003
2022-05-13 16:00:00,0.0,285.06589,71.266473,0.0,142.53295,249.43265,0.0,163.3594
2022-05-13 17:00:00,0.0,400.81935,100.20484,0.0,200.40967,350.71693,0.0,35.0984
2022-05-13 18:00:00,0.0,536.32364,134.08091,0.0,268.16182,469.28318,0.0,0.0
2022-05-13 19:00:00,0.0,427.43636,106.85909,0.0,213.71818,374.00682,0.0,0.0
2022-05-13 20:00:00,0.0,446.70909,111.67727,0.0,223.35455,390.87045,0.0,0.0
2022-05-13 21:00:00,0.0,419.94545,104.98636,0.0,209.97273,367.45227,0.0,0.0
2022-05-13 22:00:00,0.0,370.2,92.55,0.0,185.1,323.925,0.0,0.0
2022-05-13 23:00:00,0.0,348.52727,87.131818,0.0,174.26364,304.96136,0.0,0.0
2022-05-14 00:00:00,0.0,347.83636,86.959091,0.0,173.91818,304.35682,0.0,0.0
2022-05-14 01:00:00,0.0,351.90182,87.975455,0.0,175.95091,307.91409,0.0,0.0
2022-05-14 02:00:00,0.0,365.86545,91.466364,0.0,182.93273,320.13227,0.0,0.0
2022-05-14 03:00:00,0.0,375.13091,93.782727,0.0,187.56545,328.23955,0.0,0.0
2022-05-14 04:00:00,0.0,395.3568,98.8392,0.0,197.6784,345.9372,0.0,1.2993999999999999
2022-05-14 05:00:00,0.0,454.61455,113.65364,0.0,227.30727,397.78773,0.0,66.43
2022-05-14 06:00:00,0.0,343.27556,85.818891,0.0,171.63778,300.36612,0.0,225.6211
2022-05-14 07:00:00,0.0,152.24844,38.062109,0.0,76.124218,133.21738,0.0,390.97339999999997
2022-05-14 08:00:00,0.0,0.0,0.0,0.0,0.0,0.0,0.0,550.4273
2022-05-14 09:00:00,0.0,0.0,0.0,0.0,0.0,0.0,0.0,674.5784
2022-05-14 10:00:00,0.0,0.0,0.0,0.0,0.0,0.0,0.0,752.0752
2022-05-14 11:00:00,0.0,0.0,0.0,0.0,0.0,0.0,0.0,774.3329
2022-05-14 12:00:00,0.0,0.0,0.0,0.0,0.0,0.0,0.0,746.1914
2022-05-14 13:00:00,0.0,0.0,0.0,0.0,0.0,0.0,0.0,648.5831
2022-05-14 14:00:00,0.0,0.0,0.0,0.0,0.0,0.0,0.0,502.56850000000003
2022-05-14 15:00:00,0.0,68.848582,17.212145,0.0,34.424291,60.242509,0.0,341.1582
2022-05-14 16:00:00,0.0,243.56807,60.892018,0.0,121.78404,213.12206,0.0,167.1189
2022-05-14 17:00:00,0.0,352.9648,88.2412,0.0,176.4824,308.8442,0.0,35.0984
2022-05-14 18:00:00,0.0,533.85091,133.46273,0.0,266.92545,467.11955,0.0,0.0
2022-05-14 19:00:00,0.0,402.20727,100.55182,0.0,201.10364,351.93136,0.0,0.0
2022-05-14 20:00:00,0.0,461.34182,115.33545,0.0,230.67091,403.67409,0.0,0.0
2022-05-14 21:00:00,0.0,379.58182,94.895455,0.0,189.79091,332.13409,0.0,0.0
2022-05-14 22:00:00,0.0,361.66182,90.415455,0.0,180.83091,316.45409,0.0,0.0
2022-05-14 23:00:00,0.0,335.56,83.89,0.0,167.78,293.615,0.0,0.0
2022-05-15 00:00:00,0.0,329.48727,82.371818,0.0,164.74364,288.30136,0.0,0.0
2022-05-15 01:00:00,0.0,336.31636,84.079091,0.0,168.15818,294.27682,0.0,0.0
2022-05-15 02:00:00,0.0,341.69091,85.422727,0.0,170.84545,298.97955,0.0,0.0
2022-05-15 03:00:00,0.0,366.78909,91.697273,0.0,183.39455,320.94045,0.0,0.0
2022-05-15 04:00:00,0.0,386.88407,96.721018,0.0,193.44204,338.52356,0.0,1.2993999999999999
2022-05-15 05:00:00,0.0,443.21025,110.80256,0.0,221.60513,387.80897,0.0,66.67089999999999
2022-05-15 06:00:00,0.0,306.91782,76.729455,0.0,153.45891,268.55309,0.0,224.91299999999998
2022-05-15 07:00:00,0.0,138.46749,34.616873,0.0,69.233745,121.15905,0.0,389.1922
2022-05-15 08:00:00,0.0,0.0,0.0,0.0,0.0,0.0,0.0,540.9884000000001
2022-05-15 09:00:00,0.0,0.0,0.0,0.0,0.0,0.0,0.0,655.5035
2022-05-15 10:00:00,0.0,0.0,0.0,0.0,0.0,0.0,0.0,722.5467
2022-05-15 11:00:00,0.0,0.0,0.0,0.0,0.0,0.0,0.0,744.1474000000001
2022-05-15 12:00:00,0.0,0.0,0.0,0.0,0.0,0.0,0.0,710.6915
2022-05-15 13:00:00,0.0,0.0,0.0,0.0,0.0,0.0,0.0,621.7847999999999
2022-05-15 14:00:00,0.0,0.0,0.0,0.0,0.0,0.0,0.0,484.7711
2022-05-15 15:00:00,0.0,72.827418,18.206855,0.0,36.413709,63.723991,0.0,332.8873
2022-05-15 16:00:00,0.0,227.82895,56.957236,0.0,113.91447,199.35033,0.0,164.06019999999998
2022-05-15 17:00:00,0.0,383.1832,95.7958,0.0,191.5916,335.2853,0.0,35.7481
2022-05-15 18:00:00,0.0,542.06909,135.51727,0.0,271.03455,474.31045,0.0,0.0
2022-05-15 19:00:00,0.0,440.17091,110.04273,0.0,220.08545,385.14955,0.0,0.0
2022-05-15 20:00:00,0.0,411.05818,102.76455,0.0,205.52909,359.67591,0.0,0.0
2022-05-15 21:00:00,0.0,393.96727,98.491818,0.0,196.98364,344.72136,0.0,0.0
2022-05-15 22:00:00,0.0,366.14182,91.535455,0.0,183.07091,320.37409,0.0,0.0
2022-05-15 23:00:00,0.0,346.97818,86.744545,0.0,173.48909,303.60591,0.0,0.0
2022-05-16 00:00:00,0.0,332.85455,83.213636,0.0,166.42727,291.24773,0.0,0.0
2022-05-16 01:00:00,0.0,334.6,83.65,0.0,167.3,292.775,0.0,0.0
2022-05-16 02:00:00,0.0,344.85455,86.213636,0.0,172.42727,301.74773,0.0,0.0
2022-05-16 03:00:00,0.0,354.00364,88.500909,0.0,177.00182,309.75318,0.0,0.0
2022-05-16 04:00:00,0.0,377.82247,94.455618,0.0,188.91124,330.59466,0.0,1.9490999999999998
2022-05-16 05:00:00,0.0,446.1752,111.5438,0.0,223.0876,390.4033,0.0,67.2841
2022-05-16 06:00:00,0.0,335.53287,83.883218,0.0,167.76644,293.59126,0.0,225.57729999999998
2022-05-16 07:00:00,0.0,145.63862,36.409655,0.0,72.819309,127.43379,0.0,389.84189999999995
2022-05-16 08:00:00,0.0,0.0,0.0,0.0,0.0,0.0,0.0,545.2807999999999
2022-05-16 09:00:00,0.0,0.0,0.0,0.0,0.0,0.0,0.0,671.2787999999999
2022-05-16 10:00:00,0.0,0.0,0.0,0.0,0.0,0.0,0.0,744.0451999999999
2022-05-16 11:00:00,0.0,0.0,0.0,0.0,0.0,0.0,0.0,766.2737
2022-05-16 12:00:00,0.0,0.0,0.0,0.0,0.0,0.0,0.0,739.0009
2022-05-16 13:00:00,0.0,0.0,0.0,0.0,0.0,0.0,0.0,646.0719
2022-05-16 14:00:00,0.0,0.0,0.0,0.0,0.0,0.0,0.0,503.0941
2022-05-16 15:00:00,0.0,85.405527,21.351382,0.0,42.702764,74.729836,0.0,340.09239999999994
2022-05-16 16:00:00,0.0,253.89804,63.474509,0.0,126.94902,222.16078,0.0,166.6152
2022-05-16 17:00:00,0.0,394.74771,98.686927,0.0,197.37385,345.40425,0.0,38.3469
2022-05-16 18:00:00,0.0,512.97818,128.24455,0.0,256.48909,448.85591,0.0,0.0
2022-05-16 19:00:00,0.0,440.48364,110.12091,0.0,220.24182,385.42318,0.0,0.0
2022-05-16 20:00:00,0.0,424.6,106.15,0.0,212.3,371.525,0.0,0.0
2022-05-16 21:00:00,0.0,385.79273,96.448182,0.0,192.89636,337.56864,0.0,0.0
2022-05-16 22:00:00,0.0,356.33091,89.082727,0.0,178.16545,311.78955,0.0,0.0
2022-05-16 23:00:00,0.0,331.0,82.75,0.0,165.5,289.625,0.0,0.0
2022-05-17 00:00:00,0.0,319.26909,79.817273,0.0,159.63455,279.36045,0.0,0.0
2022-05-17 01:00:00,0.0,329.61818,82.404545,0.0,164.80909,288.41591,0.0,0.0
2022-05-17 02:00:00,0.0,342.19273,85.548182,0.0,171.09636,299.41864,0.0,0.0
2022-05-17 03:00:00,0.0,356.79636,89.199091,0.0,178.39818,312.19682,0.0,0.0
2022-05-17 04:00:00,0.0,393.10269,98.275673,0.0,196.55135,343.96485,0.0,2.5987999999999998
2022-05-17 05:00:00,0.0,463.55985,115.88996,0.0,231.77993,405.61487,0.0,67.7002
2022-05-17 06:00:00,0.0,380.4936,95.1234,0.0,190.2468,332.9319,0.0,225.79630000000003
2022-05-17 07:00:00,0.0,165.70305,41.425764,0.0,82.851527,144.99017,0.0,385.5933
2022-05-17 08:00:00,0.0,0.0,0.0,0.0,0.0,0.0,0.0,538.8641
2022-05-17 09:00:00,0.0,0.0,0.0,0.0,0.0,0.0,0.0,634.0707
2022-05-17 10:00:00,0.0,0.0,0.0,0.0,0.0,0.0,0.0,710.8229
2022-05-17 11:00:00,0.0,0.0,0.0,0.0,0.0,0.0,0.0,736.3217999999999
2022-05-17 12:00:00,0.0,0.0,0.0,0.0,0.0,0.0,0.0,712.0566
2022-05-17 13:00:00,0.0,0.0,0.0,0.0,0.0,0.0,0.0,618.8356
2022-05-17 14:00:00,0.0,0.0,0.0,0.0,0.0,0.0,0.0,485.49379999999996
2022-05-17 15:00:00,0.0,107.17222,26.793055,0.0,53.586109,93.775691,0.0,332.7632
2022-05-17 16:00:00,0.0,265.34022,66.335055,0.0,132.67011,232.17269,0.0,165.08219999999997
2022-05-17 17:00:00,0.0,376.31069,94.077673,0.0,188.15535,329.27185,0.0,36.3978
2022-05-17 18:00:00,0.0,552.10545,138.02636,0.0,276.05273,483.09227,0.0,0.0
2022-05-17 19:00:00,0.0,1238.45,0.0,0.0,619.225,0.0,0.0,0.0
2022-05-17 20:00:00,0.0,450.10545,112.52636,0.0,225.05273,393.84227,0.0,0.0
2022-05-17 21:00:00,0.0,472.66545,118.16636,0.0,236.33273,413.58227,0.0,0.0
2022-05-17 22:00:00,0.0,421.4,105.35,0.0,210.7,368.725,0.0,0.0
2022-05-17 23:00:00,0.0,409.39273,102.34818,0.0,204.69636,358.21864,0.0,0.0
2022-05-18 00:00:00,0.0,383.94545,95.986364,0.0,191.97273,335.95227,0.0,0.0
2022-05-18 01:00:00,0.0,393.74182,98.435455,0.0,196.87091,344.52409,0.0,0.0
2022-05-18 02:00:00,0.0,401.29091,100.32273,0.0,200.64545,351.12955,0.0,0.0
2022-05-18 03:00:00,0.0,403.59636,100.89909,0.0,201.79818,353.14682,0.0,0.0
2022-05-18 04:00:00,0.0,426.52815,106.63204,0.0,213.26407,373.21213,0.0,2.5987999999999998
2022-05-18 05:00:00,0.0,474.91687,118.72922,0.0,237.45844,415.55226,0.0,67.82430000000001
2022-05-18 06:00:00,0.0,372.40902,93.102255,0.0,186.20451,325.85789,0.0,221.64260000000002
2022-05-18 07:00:00,0.0,182.18276,45.545691,0.0,91.091382,159.40992,0.0,386.6737
2022-05-18 08:00:00,0.0,0.0,0.0,0.0,0.0,0.0,0.0,540.9227
2022-05-18 09:00:00,0.0,0.0,0.0,0.0,0.0,0.0,0.0,659.1461999999999
2022-05-18 10:00:00,0.0,0.0,0.0,0.0,0.0,0.0,0.0,734.7012
2022-05-18 11:00:00,0.0,0.0,0.0,0.0,0.0,0.0,0.0,752.3525999999998
2022-05-18 12:00:00,0.0,0.0,0.0,0.0,0.0,0.0,0.0,722.3496
2022-05-18 13:00:00,0.0,0.0,0.0,0.0,0.0,0.0,0.0,627.9898
2022-05-18 14:00:00,0.0,0.0,0.0,0.0,0.0,0.0,0.0,487.2458
2022-05-18 15:00:00,0.0,126.34065,31.585164,0.0,63.170327,110.54807,0.0,328.8066
2022-05-18 16:00:00,0.0,240.08058,60.020145,0.0,120.04029,210.07051,0.0,163.9142
2022-05-18 17:00:00,0.0,357.87498,89.468745,0.0,178.93749,313.14061,0.0,38.3469
2022-05-18 18:00:00,0.0,500.32364,125.08091,0.0,250.16182,437.78318,0.0,0.0
2022-05-18 19:00:00,0.0,391.14545,97.786364,0.0,195.57273,342.25227,0.0,0.0
2022-05-18 20:00:00,0.0,418.63636,104.65909,0.0,209.31818,366.30682,0.0,0.0
2022-05-18 21:00:00,0.0,446.36,111.59,0.0,223.18,390.565,0.0,0.0
2022-05-18 22:00:00,0.0,415.41455,103.85364,0.0,207.70727,363.48773,0.0,0.0
2022-05-18 23:00:00,0.0,388.49091,97.122727,0.0,194.24545,339.92955,0.0,0.0
2022-05-19 00:00:00,0.0,382.80364,95.700909,0.0,191.40182,334.95318,0.0,0.0
2022-05-19 01:00:00,0.0,382.07636,95.519091,0.0,191.03818,334.31682,0.0,0.0
2022-05-19 02:00:00,0.0,396.10545,99.026364,0.0,198.05273,346.59227,0.0,0.0
2022-05-19 03:00:00,0.0,407.50182,101.87545,0.0,203.75091,356.56409,0.0,0.0
2022-05-19 04:00:00,0.0,398.49178,99.622945,0.0,199.24589,348.68031,0.0,2.5987999999999998
2022-05-19 05:00:00,0.0,330.21447,82.553618,0.0,165.10724,288.93766,0.0,68.89009999999999
2022-05-19 06:00:00,0.0,247.66313,61.915782,0.0,123.83156,216.70524,0.0,182.74819999999997
2022-05-19 07:00:00,0.0,196.88029,49.220073,0.0,98.440145,172.27025,0.0,345.3046
2022-05-19 08:00:00,0.0,65.331564,16.332891,0.0,32.665782,57.165118,0.0,510.3941
2022-05-19 09:00:00,0.0,0.0,0.0,0.0,0.0,0.0,0.0,645.7872
2022-05-19 10:00:00,0.0,0.0,0.0,0.0,0.0,0.0,0.0,727.8902999999999
2022-05-19 11:00:00,0.0,0.0,0.0,0.0,0.0,0.0,0.0,757.6524000000001
2022-05-19 12:00:00,0.0,0.0,0.0,0.0,0.0,0.0,0.0,719.4369
2022-05-19 13:00:00,0.0,0.0,0.0,0.0,0.0,0.0,0.0,629.5812
2022-05-19 14:00:00,0.0,1.2965091,0.32412727,0.0,0.64825455,1.1344455,0.0,496.0423
2022-05-19 15:00:00,0.0,107.86102,26.965255,0.0,53.930509,94.378391,0.0,336.2161
2022-05-19 16:00:00,0.0,234.85884,58.714709,0.0,117.42942,205.50148,0.0,167.29410000000001
2022-05-19 17:00:00,0.0,340.12909,85.032273,0.0,170.06455,297.61295,0.0,37.0475
2022-05-19 18:00:00,0.0,447.74182,111.93545,0.0,223.87091,391.77409,0.0,0.0
2022-05-19 19:00:00,0.0,363.21818,90.804545,0.0,181.60909,317.81591,0.0,0.0
2022-05-19 20:00:00,0.0,363.94545,90.986364,0.0,181.97273,318.45227,0.0,0.0
2022-05-19 21:00:00,0.0,376.65091,94.162727,0.0,188.32545,329.56955,0.0,0.0
2022-05-19 22:00:00,0.0,363.90182,90.975455,0.0,181.95091,318.41409,0.0,0.0
2022-05-19 23:00:00,0.0,344.84727,86.211818,0.0,172.42364,301.74136,0.0,0.0
2022-05-20 00:00:00,0.0,332.95636,83.239091,0.0,166.47818,291.33682,0.0,0.0
2022-05-20 01:00:00,0.0,325.48727,81.371818,0.0,162.74364,284.80136,0.0,0.0
2022-05-20 02:00:00,0.0,337.46545,84.366364,0.0,168.73273,295.28227,0.0,0.0
2022-05-20 03:00:00,0.0,352.77455,88.193636,0.0,176.38727,308.67773,0.0,0.0
2022-05-20 04:00:00,0.0,318.01949,79.504873,0.0,159.00975,278.26705,0.0,3.8981999999999997
2022-05-20 05:00:00,0.0,266.00211,66.500527,0.0,133.00105,232.75185,0.0,69.18209999999999
2022-05-20 06:00:00,0.0,153.48945,38.372364,0.0,76.744727,134.30327,0.0,230.60699999999997
2022-05-20 07:00:00,0.0,120.70429,30.176073,0.0,60.352145,105.61625,0.0,398.8866
2022-05-20 08:00:00,0.0,0.0,0.0,0.0,0.0,0.0,0.0,554.0772999999999
2022-05-20 09:00:00,0.0,0.0,0.0,0.0,0.0,0.0,0.0,670.4977
2022-05-20 10:00:00,0.0,0.0,0.0,0.0,0.0,0.0,0.0,743.1181
2022-05-20 11:00:00,0.0,0.0,0.0,0.0,0.0,0.0,0.0,748.7025999999998
2022-05-20 12:00:00,0.0,0.0,0.0,0.0,0.0,0.0,0.0,723.3205
2022-05-20 13:00:00,0.0,0.0,0.0,0.0,0.0,0.0,0.0,626.3910999999999
2022-05-20 14:00:00,0.0,0.0,0.0,0.0,0.0,0.0,0.0,494.7355999999999
2022-05-20 15:00:00,0.0,87.222473,21.805618,0.0,43.611236,76.319664,0.0,335.1941
2022-05-20 16:00:00,0.0,263.57382,65.893455,0.0,131.78691,230.62709,0.0,168.411
2022-05-20 17:00:00,0.0,385.91113,96.477782,0.0,192.95556,337.67224,0.0,37.697199999999995
2022-05-20 18:00:00,0.0,557.77818,139.44455,0.0,278.88909,488.05591,0.0,0.0
2022-05-20 19:00:00,0.0,435.72727,108.93182,0.0,217.86364,381.26136,0.0,0.0
2022-05-20 20:00:00,0.0,394.38182,98.595455,0.0,197.19091,345.08409,0.0,0.0
2022-05-20 21:00:00,0.0,374.55636,93.639091,0.0,187.27818,327.73682,0.0,0.0
2022-05-20 22:00:00,0.0,351.48727,87.871818,0.0,175.74364,307.55136,0.0,0.0
2022-05-20 23:00:00,0.0,357.89455,89.473636,0.0,178.94727,313.15773,0.0,0.0
2022-05-21 00:00:00,0.0,329.24727,82.311818,0.0,164.62364,288.09136,0.0,0.0
2022-05-21 01:00:00,0.0,336.43273,84.108182,0.0,168.21636,294.37864,0.0,0.0
2022-05-21 02:00:00,0.0,347.16,86.79,0.0,173.58,303.765,0.0,0.0
2022-05-21 03:00:00,0.0,347.01455,86.753636,0.0,173.50727,303.63773,0.0,0.0
2022-05-21 04:00:00,0.0,375.41607,93.854018,0.0,187.70804,328.48906,0.0,4.547899999999999
2022-05-21 05:00:00,0.0,438.74698,109.68675,0.0,219.37349,383.90361,0.0,69.5179
2022-05-21 06:00:00,0.0,347.26865,86.817164,0.0,173.63433,303.86007,0.0,230.1106
2022-05-21 07:00:00,0.0,109.06815,27.267036,0.0,54.534073,95.434627,0.0,397.3463
2022-05-21 08:00:00,0.0,0.0,0.0,0.0,0.0,0.0,0.0,556.3111
2022-05-21 09:00:00,0.0,0.0,0.0,0.0,0.0,0.0,0.0,680.1191
2022-05-21 10:00:00,0.0,0.0,0.0,0.0,0.0,0.0,0.0,757.375
2022-05-21 11:00:00,0.0,0.0,0.0,0.0,0.0,0.0,0.0,780.2459
2022-05-21 12:00:00,0.0,0.0,0.0,0.0,0.0,0.0,0.0,740.9719
2022-05-21 13:00:00,0.0,0.0,0.0,0.0,0.0,0.0,0.0,651.7732
2022-05-21 14:00:00,0.0,0.0,0.0,0.0,0.0,0.0,0.0,512.2994
2022-05-21 15:00:00,0.0,80.554618,20.138655,0.0,40.277309,70.485291,0.0,345.9324
2022-05-21 16:00:00,0.0,243.64676,60.911691,0.0,121.82338,213.19092,0.0,171.98069999999998
2022-05-21 17:00:00,0.0,409.40909,102.35227,0.0,204.70455,358.23295,0.0,37.0475
2022-05-21 18:00:00,0.0,501.94545,125.48636,0.0,250.97273,439.20227,0.0,0.0
2022-05-21 19:00:00,0.0,416.85455,104.21364,0.0,208.42727,364.74773,0.0,0.0
2022-05-21 20:00:00,0.0,422.03273,105.50818,0.0,211.01636,369.27864,0.0,0.0
2022-05-21 21:00:00,0.0,422.00364,105.50091,0.0,211.00182,369.25318,0.0,0.0
2022-05-21 22:00:00,0.0,358.57091,89.642727,0.0,179.28545,313.74955,0.0,0.0
2022-05-21 23:00:00,0.0,341.72727,85.431818,0.0,170.86364,299.01136,0.0,0.0
2022-05-22 00:00:00,0.0,345.81455,86.453636,0.0,172.90727,302.58773,0.0,0.0
2022-05-22 01:00:00,0.0,359.29091,89.822727,0.0,179.64545,314.37955,0.0,0.0
2022-05-22 02:00:00,0.0,363.74182,90.935455,0.0,181.87091,318.27409,0.0,0.0
2022-05-22 03:00:00,0.0,368.91273,92.228182,0.0,184.45636,322.79864,0.0,0.0
2022-05-22 04:00:00,0.0,374.09265,93.523164,0.0,187.04633,327.33107,0.0,5.1975999999999996
2022-05-22 05:00:00,0.0,437.03869,109.25967,0.0,218.51935,382.40885,0.0,69.4668
2022-05-22 06:00:00,0.0,327.60036,81.900091,0.0,163.80018,286.65032,0.0,223.8545
2022-05-22 07:00:00,0.0,118.43673,29.609182,0.0,59.218364,103.63214,0.0,389.5645
2022-05-22 08:00:00,0.0,0.0,0.0,0.0,0.0,0.0,0.0,540.784
2022-05-22 09:00:00,0.0,0.0,0.0,0.0,0.0,0.0,0.0,654.3209
2022-05-22 10:00:00,0.0,0.0,0.0,0.0,0.0,0.0,0.0,721.3567999999999
2022-05-22 11:00:00,0.0,0.0,0.0,0.0,0.0,0.0,0.0,739.0228
2022-05-22 12:00:00,0.0,0.0,0.0,0.0,0.0,0.0,0.0,694.6022999999999
2022-05-22 13:00:00,0.0,0.0,0.0,0.0,0.0,0.0,0.0,608.1484
2022-05-22 14:00:00,0.0,0.0,0.0,0.0,0.0,0.0,0.0,478.94570000000004
2022-05-22 15:00:00,0.0,93.631709,23.407927,0.0,46.815855,81.927745,0.0,324.98139999999995
2022-05-22 16:00:00,0.0,235.08778,58.771945,0.0,117.54389,205.70181,0.0,165.27929999999998
2022-05-22 17:00:00,0.0,396.63905,99.159764,0.0,198.31953,347.05917,0.0,39.6463
2022-05-22 18:00:00,0.0,556.00364,139.00091,0.0,278.00182,486.50318,0.0,0.0
2022-05-22 19:00:00,0.0,408.35273,102.08818,0.0,204.17636,357.30864,0.0,0.0
2022-05-22 20:00:00,0.0,399.62545,99.906364,0.0,199.81273,349.67227,0.0,0.0
2022-05-22 21:00:00,0.0,404.21455,101.05364,0.0,202.10727,353.68773,0.0,0.0
2022-05-22 22:00:00,0.0,382.87636,95.719091,0.0,191.43818,335.01682,0.0,0.0
2022-05-22 23:00:00,0.0,375.76364,93.940909,0.0,187.88182,328.79318,0.0,0.0
2022-05-23 00:00:00,0.0,356.04727,89.011818,0.0,178.02364,311.54136,0.0,0.0
2022-05-23 01:00:00,0.0,357.18182,89.295455,0.0,178.59091,312.53409,0.0,0.0
2022-05-23 02:00:00,0.0,360.53455,90.133636,0.0,180.26727,315.46773,0.0,0.0
2022-05-23 03:00:00,0.0,366.61455,91.653636,0.0,183.30727,320.78773,0.0,0.0
2022-05-23 04:00:00,0.0,377.77971,94.444927,0.0,188.88985,330.55725,0.0,4.547899999999999
2022-05-23 05:00:00,0.0,462.15738,115.53935,0.0,231.07869,404.38771,0.0,72.1386
2022-05-23 06:00:00,0.0,349.51651,87.379127,0.0,174.75825,305.82695,0.0,214.07979999999998
2022-05-23 07:00:00,0.0,153.97833,38.494582,0.0,76.989164,134.73104,0.0,376.5048
2022-05-23 08:00:00,0.0,0.0,0.0,0.0,0.0,0.0,0.0,527.1038
2022-05-23 09:00:00,0.0,0.0,0.0,0.0,0.0,0.0,0.0,644.9476999999999
2022-05-23 10:00:00,0.0,0.0,0.0,0.0,0.0,0.0,0.0,718.5097999999999
2022-05-23 11:00:00,0.0,0.0,0.0,0.0,0.0,0.0,0.0,736.1831
2022-05-23 12:00:00,0.0,0.0,0.0,0.0,0.0,0.0,0.0,699.1867
2022-05-23 13:00:00,0.0,0.0,0.0,0.0,0.0,0.0,0.0,615.9959
2022-05-23 14:00:00,0.0,0.0,0.0,0.0,0.0,0.0,0.0,483.99
2022-05-23 15:00:00,0.0,75.399564,18.849891,0.0,37.699782,65.974618,0.0,327.20059999999995
2022-05-23 16:00:00,0.0,239.86138,59.965345,0.0,119.93069,209.87871,0.0,164.7756
2022-05-23 17:00:00,0.0,362.37302,90.593255,0.0,181.18651,317.07639,0.0,42.9021
2022-05-23 18:00:00,0.0,523.94545,130.98636,0.0,261.97273,458.45227,0.0,0.0
2022-05-23 19:00:00,0.0,396.52727,99.131818,0.0,198.26364,346.96136,0.0,0.0
2022-05-23 20:00:00,0.0,451.01455,112.75364,0.0,225.50727,394.63773,0.0,0.0
2022-05-23 21:00:00,0.0,445.81455,111.45364,0.0,222.90727,390.08773,0.0,0.0
2022-05-23 22:00:00,0.0,388.77455,97.193636,0.0,194.38727,340.17773,0.0,0.0
2022-05-23 23:00:00,0.0,374.13455,93.533636,0.0,187.06727,327.36773,0.0,0.0
2022-05-24 00:00:00,0.0,365.53091,91.382727,0.0,182.76545,319.83955,0.0,0.0
2022-05-24 01:00:00,0.0,362.69455,90.673636,0.0,181.34727,317.35773,0.0,0.0
2022-05-24 02:00:00,0.0,373.82182,93.455455,0.0,186.91091,327.09409,0.0,0.0
2022-05-24 03:00:00,0.0,380.53455,95.133636,0.0,190.26727,332.96773,0.0,0.0
2022-05-24 04:00:00,0.0,417.27811,104.31953,0.0,208.63905,365.11835,0.0,5.1975999999999996
2022-05-24 05:00:00,0.0,482.87324,120.71831,0.0,241.43662,422.51408,0.0,73.6643
2022-05-24 06:00:00,0.0,364.57382,91.143455,0.0,182.28691,319.00209,0.0,213.306
2022-05-24 07:00:00,0.0,174.42349,43.605873,0.0,87.211745,152.62055,0.0,373.7527
2022-05-24 08:00:00,0.0,0.0,0.0,0.0,0.0,0.0,0.0,517.6722
2022-05-24 09:00:00,0.0,0.0,0.0,0.0,0.0,0.0,0.0,614.6089000000001
2022-05-24 10:00:00,0.0,0.0,0.0,0.0,0.0,0.0,0.0,692.9671
2022-05-24 11:00:00,0.0,0.0,0.0,0.0,0.0,0.0,0.0,718.3127
2022-05-24 12:00:00,0.0,0.0,0.0,0.0,0.0,0.0,0.0,690.6456999999999
2022-05-24 13:00:00,0.0,0.0,0.0,0.0,0.0,0.0,0.0,605.1554
2022-05-24 14:00:00,0.0,0.0,0.0,0.0,0.0,0.0,0.0,478.74859999999995
2022-05-24 15:00:00,0.0,92.934109,23.233527,0.0,46.467055,81.317345,0.0,322.82059999999996
2022-05-24 16:00:00,0.0,241.8816,60.4704,0.0,120.9408,211.6464,0.0,164.1478
2022-05-24 17:00:00,0.0,388.34393,97.085982,0.0,194.17196,339.80094,0.0,42.9021
2022-05-24 18:00:00,0.0,516.54909,129.13727,0.0,258.27455,451.98045,0.0,0.0
2022-05-24 19:00:00,0.0,405.77818,101.44455,0.0,202.88909,355.05591,0.0,0.0
2022-05-24 20:00:00,0.0,417.09455,104.27364,0.0,208.54727,364.95773,0.0,0.0
2022-05-24 21:00:00,0.0,402.92,100.73,0.0,201.46,352.555,0.0,0.0
2022-05-24 22:00:00,0.0,367.21818,91.804545,0.0,183.60909,321.31591,0.0,0.0
2022-05-24 23:00:00,0.0,359.80727,89.951818,0.0,179.90364,314.83136,0.0,0.0
2022-05-25 00:00:00,0.0,374.09818,93.524545,0.0,187.04909,327.33591,0.0,0.0
2022-05-25 01:00:00,0.0,371.34182,92.835455,0.0,185.67091,324.92409,0.0,0.0
2022-05-25 02:00:00,0.0,379.62545,94.906364,0.0,189.81273,332.17227,0.0,0.0
2022-05-25 03:00:00,0.0,390.10545,97.526364,0.0,195.05273,341.34227,0.0,0.0
2022-05-25 04:00:00,0.0,400.87702,100.21925,0.0,200.43851,350.76739,0.0,1.9490999999999998
2022-05-25 05:00:00,0.0,447.34167,111.83542,0.0,223.67084,391.42396,0.0,71.3502
2022-05-25 06:00:00,0.0,398.63491,99.658727,0.0,199.31745,348.80555,0.0,141.182
2022-05-25 07:00:00,0.0,158.90335,39.725836,0.0,79.451673,139.04043,0.0,348.01289999999995
2022-05-25 08:00:00,0.0,77.194618,19.298655,0.0,38.597309,67.545291,0.0,364.1824
2022-05-25 09:00:00,0.0,215.38909,53.847273,0.0,107.69455,188.46545,0.0,168.265
2022-05-25 10:00:00,0.0,145.89367,36.473418,0.0,72.946836,127.65696,0.0,226.62119999999996
2022-05-25 11:00:00,0.0,129.54378,32.385945,0.0,64.771891,113.35081,0.0,344.9323
2022-05-25 12:00:00,0.0,94.628727,23.657182,0.0,47.314364,82.800136,0.0,338.6105
2022-05-25 13:00:00,0.0,226.11673,56.529182,0.0,113.05836,197.85214,0.0,145.0145
2022-05-25 14:00:00,0.0,118.04109,29.510273,0.0,59.020545,103.28595,0.0,279.9185
2022-05-25 15:00:00,0.0,127.81316,31.953291,0.0,63.906582,111.83652,0.0,293.48189999999994
2022-05-25 16:00:00,0.0,255.72458,63.931145,0.0,127.86229,223.75901,0.0,139.20369999999997
2022-05-25 17:00:00,0.0,335.90953,83.977382,0.0,167.95476,293.92084,0.0,48.7494
2022-05-25 18:00:00,0.0,468.39636,117.09909,0.0,234.19818,409.84682,0.0,0.0
2022-05-25 19:00:00,0.0,364.73818,91.184545,0.0,182.36909,319.14591,0.0,0.0
2022-05-25 20:00:00,0.0,365.31273,91.328182,0.0,182.65636,319.64864,0.0,0.0
2022-05-25 21:00:00,0.0,398.86182,99.715455,0.0,199.43091,349.00409,0.0,0.0
2022-05-25 22:00:00,0.0,369.61818,92.404545,0.0,184.80909,323.41591,0.0,0.0
2022-05-25 23:00:00,0.0,368.36727,92.091818,0.0,184.18364,322.32136,0.0,0.0
2022-05-26 00:00:00,0.0,349.76364,87.440909,0.0,174.88182,306.04318,0.0,0.0
2022-05-26 01:00:00,0.0,357.82909,89.457273,0.0,178.91455,313.10045,0.0,0.0
2022-05-26 02:00:00,0.0,366.58545,91.646364,0.0,183.29273,320.76227,0.0,0.0
2022-05-26 03:00:00,0.0,366.92,91.73,0.0,183.46,321.055,0.0,0.0
2022-05-26 04:00:00,0.0,351.17651,87.794127,0.0,175.58825,307.27945,0.0,5.847300000000001
2022-05-26 05:00:00,0.0,287.56262,71.890655,0.0,143.78131,251.61729,0.0,74.2264
2022-05-26 06:00:00,0.0,217.83971,54.459927,0.0,108.91985,190.60975,0.0,197.81539999999998
2022-05-26 07:00:00,0.0,217.7256,54.4314,0.0,108.8628,190.5099,0.0,287.2623
2022-05-26 08:00:00,0.0,65.917018,16.479255,0.0,32.958509,57.677391,0.0,477.17909999999995
2022-05-26 09:00:00,0.0,0.0,0.0,0.0,0.0,0.0,0.0,571.6995
2022-05-26 10:00:00,0.0,183.75484,45.938709,0.0,91.877418,160.78548,0.0,322.4921
2022-05-26 11:00:00,0.0,325.04815,81.262036,0.0,162.52407,284.41713,0.0,173.0538
2022-05-26 12:00:00,0.0,286.03964,71.509909,0.0,143.01982,250.28468,0.0,121.0705
2022-05-26 13:00:00,0.0,29.955564,7.4888909,0.0,14.977782,26.211118,0.0,452.2861
2022-05-26 14:00:00,0.0,235.65215,58.913036,0.0,117.82607,206.19563,0.0,160.7533
2022-05-26 15:00:00,0.0,260.23949,65.059873,0.0,130.11975,227.70955,0.0,151.9057
2022-05-26 16:00:00,0.0,291.87447,72.968618,0.0,145.93724,255.39016,0.0,106.6676
2022-05-26 17:00:00,0.0,349.1096,87.2774,0.0,174.5548,305.4709,0.0,33.1493
2022-05-26 18:00:00,0.0,455.76364,113.94091,0.0,227.88182,398.79318,0.0,0.0
2022-05-26 19:00:00,0.0,381.53818,95.384545,0.0,190.76909,333.84591,0.0,0.0
2022-05-26 20:00:00,0.0,354.53455,88.633636,0.0,177.26727,310.21773,0.0,0.0
2022-05-26 21:00:00,0.0,361.48727,90.371818,0.0,180.74364,316.30136,0.0,0.0
2022-05-26 22:00:00,0.0,352.87636,88.219091,0.0,176.43818,308.76682,0.0,0.0
2022-05-26 23:00:00,0.0,355.54545,88.886364,0.0,177.77273,311.10227,0.0,0.0
2022-05-27 00:00:00,0.0,336.83273,84.208182,0.0,168.41636,294.72864,0.0,0.0
2022-05-27 01:00:00,0.0,335.8,83.95,0.0,167.9,293.825,0.0,0.0
2022-05-27 02:00:00,0.0,328.73091,82.182727,0.0,164.36545,287.63955,0.0,0.0
2022-05-27 03:00:00,0.0,341.16,85.29,0.0,170.58,298.515,0.0,0.0
2022-05-27 04:00:00,0.0,329.00262,82.250655,0.0,164.50131,287.87729,0.0,7.796399999999999
2022-05-27 05:00:00,0.0,313.6752,78.4188,0.0,156.8376,274.4658,0.0,22.5716
2022-05-27 06:00:00,0.0,297.43491,74.358727,0.0,148.71745,260.25555,0.0,49.932
2022-05-27 07:00:00,0.0,262.52873,65.632182,0.0,131.26436,229.71264,0.0,186.588
2022-05-27 08:00:00,0.0,201.57113,50.392782,0.0,100.78556,176.37474,0.0,319.29470000000003
2022-05-27 09:00:00,0.0,336.30116,84.075291,0.0,168.15058,294.26352,0.0,148.4309
2022-05-27 10:00:00,0.0,362.82531,90.706327,0.0,181.41265,317.47215,0.0,100.55020000000002
2022-05-27 11:00:00,0.0,156.48851,39.122127,0.0,78.244255,136.92745,0.0,403.1133
2022-05-27 12:00:00,0.0,143.38953,35.847382,0.0,71.694764,125.46584,0.0,307.53439999999995
2022-05-27 13:00:00,0.0,59.714836,14.928709,0.0,29.857418,52.250482,0.0,417.7570999999999
2022-05-27 14:00:00,0.0,42.087564,10.521891,0.0,21.043782,36.826618,0.0,419.03459999999995
2022-05-27 15:00:00,0.0,334.52931,83.632327,0.0,167.26465,292.71315,0.0,69.0872
2022-05-27 16:00:00,0.0,264.57004,66.142509,0.0,132.28502,231.49878,0.0,160.92119999999997
2022-05-27 17:00:00,0.0,393.19971,98.299927,0.0,196.59985,344.04975,0.0,41.5954
2022-05-27 18:00:00,0.0,532.99273,133.24818,0.0,266.49636,466.36864,0.0,0.0
2022-05-27 19:00:00,0.0,441.26182,110.31545,0.0,220.63091,386.10409,0.0,0.0
2022-05-27 20:00:00,0.0,419.72727,104.93182,0.0,209.86364,367.26136,0.0,0.0
2022-05-27 21:00:00,0.0,437.76364,109.44091,0.0,218.88182,383.04318,0.0,0.0
2022-05-27 22:00:00,0.0,389.37818,97.344545,0.0,194.68909,340.70591,0.0,0.0
2022-05-27 23:00:00,0.0,362.15636,90.539091,0.0,181.07818,316.88682,0.0,0.0
2022-05-28 00:00:00,0.0,354.91273,88.728182,0.0,177.45636,310.54864,0.0,0.0
2022-05-28 01:00:00,0.0,361.28364,90.320909,0.0,180.64182,316.12318,0.0,0.0
2022-05-28 02:00:00,0.0,375.45091,93.862727,0.0,187.72545,328.51955,0.0,0.0
2022-05-28 03:00:00,0.0,376.76,94.19,0.0,188.38,329.665,0.0,0.0
2022-05-28 04:00:00,0.0,394.86727,98.716818,0.0,197.43364,345.50886,0.0,10.4025
2022-05-28 05:00:00,0.0,476.58422,119.14605,0.0,238.29211,417.01119,0.0,70.29169999999999
2022-05-28 06:00:00,0.0,353.34422,88.336055,0.0,176.67211,309.17619,0.0,216.65669999999994
2022-05-28 07:00:00,0.0,144.90196,36.225491,0.0,72.450982,126.78922,0.0,369.2048
2022-05-28 08:00:00,0.0,0.0,0.0,0.0,0.0,0.0,0.0,509.2553
2022-05-28 09:00:00,0.0,254.26349,63.565873,0.0,127.13175,222.48055,0.0,97.81269999999999
2022-05-28 10:00:00,0.0,175.3752,43.8438,0.0,87.6876,153.4533,0.0,205.9841
2022-05-28 11:00:00,0.0,143.98829,35.997073,0.0,71.994145,125.98975,0.0,309.5711
2022-05-28 12:00:00,0.0,156.31382,39.078455,0.0,78.156909,136.77459,0.0,234.2935
2022-05-28 13:00:00,0.0,152.70982,38.177455,0.0,76.354909,133.62109,0.0,219.949
2022-05-28 14:00:00,0.0,257.73375,64.433436,0.0,128.86687,225.51703,0.0,75.24109999999999
2022-05-28 15:00:00,0.0,265.41556,66.353891,0.0,132.70778,232.23862,0.0,77.97859999999999
2022-05-28 16:00:00,0.0,306.90116,76.725291,0.0,153.45058,268.53852,0.0,67.0359
2022-05-28 17:00:00,0.0,363.98313,90.995782,0.0,181.99156,318.48524,0.0,51.3482
2022-05-28 18:00:00,0.0,499.30545,124.82636,0.0,249.65273,436.89227,0.0,0.0
2022-05-28 19:00:00,0.0,414.2,103.55,0.0,207.1,362.425,0.0,0.0
2022-05-28 20:00:00,0.0,408.63636,102.15909,0.0,204.31818,357.55682,0.0,0.0
2022-05-28 21:00:00,0.0,408.86909,102.21727,0.0,204.43455,357.76045,0.0,0.0
2022-05-28 22:00:00,0.0,366.68,91.67,0.0,183.34,320.845,0.0,0.0
2022-05-28 23:00:00,0.0,334.2,83.55,0.0,167.1,292.425,0.0,0.0
2022-05-29 00:00:00,0.0,344.28727,86.071818,0.0,172.14364,301.25136,0.0,0.0
2022-05-29 01:00:00,0.0,342.45455,85.613636,0.0,171.22727,299.64773,0.0,0.0
2022-05-29 02:00:00,0.0,345.71273,86.428182,0.0,172.85636,302.49864,0.0,0.0
2022-05-29 03:00:00,0.0,348.21455,87.053636,0.0,174.10727,304.68773,0.0,0.0
2022-05-29 04:00:00,0.0,363.59476,90.898691,0.0,181.79738,318.14542,0.0,11.0522
2022-05-29 05:00:00,0.0,411.40429,102.85107,0.0,205.70215,359.97875,0.0,71.66409999999999
2022-05-29 06:00:00,0.0,306.54051,76.635127,0.0,153.27025,268.22295,0.0,215.83180000000002
2022-05-29 07:00:00,0.0,146.34262,36.585655,0.0,73.171309,128.04979,0.0,376.99389999999994
2022-05-29 08:00:00,0.0,0.0,0.0,0.0,0.0,0.0,0.0,524.7459
2022-05-29 09:00:00,0.0,0.0,0.0,0.0,0.0,0.0,0.0,638.7646
2022-05-29 10:00:00,0.0,0.0,0.0,0.0,0.0,0.0,0.0,712.1004
2022-05-29 11:00:00,0.0,0.0,0.0,0.0,0.0,0.0,0.0,733.4966999999999
2022-05-29 12:00:00,0.0,0.0,0.0,0.0,0.0,0.0,0.0,701.7636
2022-05-29 13:00:00,0.0,0.0,0.0,0.0,0.0,0.0,0.0,615.1782999999999
2022-05-29 14:00:00,0.0,0.0,0.0,0.0,0.0,0.0,0.0,487.5451
2022-05-29 15:00:00,0.0,90.967927,22.741982,0.0,45.483964,79.596936,0.0,331.54409999999996
2022-05-29 16:00:00,0.0,243.92458,60.981145,0.0,121.96229,213.43401,0.0,170.22869999999998
2022-05-29 17:00:00,0.0,346.20335,86.550836,0.0,173.10167,302.92793,0.0,41.5954
2022-05-29 18:00:00,0.0,501.77818,125.44455,0.0,250.88909,439.05591,0.0,0.0
2022-05-29 19:00:00,0.0,394.27273,98.568182,0.0,197.13636,344.98864,0.0,0.0
2022-05-29 20:00:00,0.0,391.97455,97.993636,0.0,195.98727,342.97773,0.0,0.0
2022-05-29 21:00:00,0.0,394.14182,98.535455,0.0,197.07091,344.87409,0.0,0.0
2022-05-29 22:00:00,0.0,358.86909,89.717273,0.0,179.43455,314.01045,0.0,0.0
2022-05-29 23:00:00,0.0,308.78182,77.195455,0.0,154.39091,270.18409,0.0,0.0
2022-05-30 00:00:00,0.0,300.97818,75.244545,0.0,150.48909,263.35591,0.0,0.0
2022-05-30 01:00:00,0.0,301.21091,75.302727,0.0,150.60545,263.55955,0.0,0.0
2022-05-30 02:00:00,0.0,302.62182,75.655455,0.0,151.31091,264.79409,0.0,0.0
2022-05-30 03:00:00,0.0,301.8,75.45,0.0,150.9,264.075,0.0,0.0
2022-05-30 04:00:00,0.0,316.93316,79.233291,0.0,158.46658,277.31652,0.0,11.701900000000002
2022-05-30 05:00:00,0.0,390.26356,97.565891,0.0,195.13178,341.48062,0.0,70.53259999999999
2022-05-30 06:00:00,0.0,332.98189,83.245473,0.0,166.49095,291.35915,0.0,216.1749
2022-05-30 07:00:00,0.0,161.59389,40.398473,0.0,80.796945,141.39465,0.0,343.5234
2022-05-30 08:00:00,0.0,0.0,0.0,0.0,0.0,0.0,0.0,531.9875
2022-05-30 09:00:00,0.0,0.0,0.0,0.0,0.0,0.0,0.0,637.8666999999999
2022-05-30 10:00:00,0.0,0.0,0.0,0.0,0.0,0.0,0.0,718.4586999999999
2022-05-30 11:00:00,0.0,0.0,0.0,0.0,0.0,0.0,0.0,724.4593
2022-05-30 12:00:00,0.0,0.0,0.0,0.0,0.0,0.0,0.0,697.2521999999999
2022-05-30 13:00:00,0.0,0.0,0.0,0.0,0.0,0.0,0.0,611.6451
2022-05-30 14:00:00,0.0,0.0,0.0,0.0,0.0,0.0,0.0,487.567
2022-05-30 15:00:00,0.0,88.117382,22.029345,0.0,44.058691,77.102709,0.0,329.4636
2022-05-30 16:00:00,0.0,245.17004,61.292509,0.0,122.58502,214.52378,0.0,169.31619999999998
2022-05-30 17:00:00,0.0,333.83484,83.458709,0.0,166.91742,292.10548,0.0,42.9021
2022-05-30 18:00:00,0.0,503.52364,125.88091,0.0,251.76182,440.58318,0.0,0.0
2022-05-30 19:00:00,0.0,422.34545,105.58636,0.0,211.17273,369.55227,0.0,0.0
2022-05-30 20:00:00,0.0,382.49091,95.622727,0.0,191.24545,334.67955,0.0,0.0
2022-05-30 21:00:00,0.0,364.45455,91.113636,0.0,182.22727,318.89773,0.0,0.0
2022-05-30 22:00:00,0.0,360.81818,90.204545,0.0,180.40909,315.71591,0.0,0.0
2022-05-30 23:00:00,0.0,323.81455,80.953636,0.0,161.90727,283.33773,0.0,0.0
2022-05-31 00:00:00,0.0,323.46545,80.866364,0.0,161.73273,283.03227,0.0,0.0
2022-05-31 01:00:00,0.0,330.25818,82.564545,0.0,165.12909,288.97591,0.0,0.0
2022-05-31 02:00:00,0.0,337.64,84.41,0.0,168.82,295.435,0.0,0.0
2022-05-31 03:00:00,0.0,350.89091,87.722727,0.0,175.44545,307.02955,0.0,0.0
2022-05-31 04:00:00,0.0,376.79411,94.198527,0.0,188.39705,329.69485,0.0,9.1031
2022-05-31 05:00:00,0.0,409.06807,102.26702,0.0,204.53404,357.93456,0.0,74.95639999999999
2022-05-31 06:00:00,0.0,311.14735,77.786836,0.0,155.57367,272.25393,0.0,214.89740000000003
2022-05-31 07:00:00,0.0,132.67847,33.169618,0.0,66.339236,116.09366,0.0,368.4821
2022-05-31 08:00:00,0.0,0.0,0.0,0.0,0.0,0.0,0.0,509.4378
2022-05-31 09:00:00,0.0,0.0,0.0,0.0,0.0,0.0,0.0,599.6731
2022-05-31 10:00:00,0.0,0.0,0.0,0.0,0.0,0.0,0.0,690.9231
2022-05-31 11:00:00,0.0,0.0,0.0,0.0,0.0,0.0,0.0,704.9464
2022-05-31 12:00:00,0.0,0.0,0.0,0.0,0.0,0.0,0.0,641.3706999999999
2022-05-31 13:00:00,0.0,0.0,0.0,0.0,0.0,0.0,0.0,573.6194
2022-05-31 14:00:00,0.0,29.6024,7.4006,0.0,14.8012,25.9021,0.0,392.2217
2022-05-31 15:00:00,0.0,88.461382,22.115345,0.0,44.230691,77.403709,0.0,322.0906
2022-05-31 16:00:00,0.0,223.94895,55.987236,0.0,111.97447,195.95533,0.0,163.69519999999997
2022-05-31 17:00:00,0.0,353.62015,88.405036,0.0,176.81007,309.41763,0.0,53.297299999999986
2022-05-31 18:00:00,0.0,496.54182,124.13545,0.0,248.27091,434.47409,0.0,0.0
2022-05-31 19:00:00,0.0,442.49091,110.62273,0.0,221.24545,387.17955,0.0,0.0
2022-05-31 20:00:00,0.0,387.44364,96.860909,0.0,193.72182,339.01318,0.0,0.0
2022-05-31 21:00:00,0.0,402.84,100.71,0.0,201.42,352.485,0.0,0.0
2022-05-31 22:00:00,0.0,363.92364,90.980909,0.0,181.96182,318.43318,0.0,0.0
2022-05-31 23:00:00,0.0,362.09818,90.524545,0.0,181.04909,316.83591,0.0,0.0
2022-06-01 00:00:00,0.0,358.56364,89.640909,0.0,179.28182,313.74318,0.0,0.0
2022-06-01 01:00:00,0.0,370.54182,92.635455,0.0,185.27091,324.22409,0.0,0.0
2022-06-01 02:00:00,0.0,380.09818,95.024545,0.0,190.04909,332.58591,0.0,0.0
2022-06-01 03:00:00,0.0,381.37091,95.342727,0.0,190.68545,333.69955,0.0,0.0
2022-06-01 04:00:00,0.0,373.63091,93.407727,0.0,186.81545,326.92705,0.0,10.4025
2022-06-01 05:00:00,0.0,408.06495,102.01624,0.0,204.03247,357.05683,0.0,75.25569999999999
2022-06-01 06:00:00,0.0,309.67825,77.419564,0.0,154.83913,270.96847,0.0,207.5974
2022-06-01 07:00:00,0.0,136.94996,34.237491,0.0,68.474982,119.83122,0.0,365.4088
2022-06-01 08:00:00,0.0,0.0,0.0,0.0,0.0,0.0,0.0,511.2993
2022-06-01 09:00:00,0.0,0.0,0.0,0.0,0.0,0.0,0.0,618.6311999999999
2022-06-01 10:00:00,0.0,0.0,0.0,0.0,0.0,0.0,0.0,693.7117
2022-06-01 11:00:00,0.0,0.0,0.0,0.0,0.0,0.0,0.0,711.4653
2022-06-01 12:00:00,0.0,0.0,0.0,0.0,0.0,0.0,0.0,680.9805
2022-06-01 13:00:00,0.0,0.0,0.0,0.0,0.0,0.0,0.0,591.5044
2022-06-01 14:00:00,0.0,0.0,0.0,0.0,0.0,0.0,0.0,470.1346
2022-06-01 15:00:00,0.0,122.11658,30.529145,0.0,61.058291,106.85201,0.0,322.2147
2022-06-01 16:00:00,0.0,224.63135,56.157836,0.0,112.31567,196.55243,0.0,167.55689999999998
2022-06-01 17:00:00,0.0,307.50887,76.877218,0.0,153.75444,269.07026,0.0,46.80029999999999
2022-06-01 18:00:00,0.0,477.92364,119.48091,0.0,238.96182,418.18318,0.0,0.0
2022-06-01 19:00:00,0.0,370.78182,92.695455,0.0,185.39091,324.43409,0.0,0.0
2022-06-01 20:00:00,0.0,383.07273,95.768182,0.0,191.53636,335.18864,0.0,0.0
2022-06-01 21:00:00,0.0,351.18909,87.797273,0.0,175.59455,307.29045,0.0,0.0
2022-06-01 22:00:00,0.0,335.02182,83.755455,0.0,167.51091,293.14409,0.0,0.0
2022-06-01 23:00:00,0.0,309.04364,77.260909,0.0,154.52182,270.41318,0.0,0.0
2022-06-02 00:00:00,0.0,298.86182,74.715455,0.0,149.43091,261.50409,0.0,0.0
2022-06-02 01:00:00,0.0,294.22182,73.555455,0.0,147.11091,257.44409,0.0,0.0
2022-06-02 02:00:00,0.0,299.77818,74.944545,0.0,149.88909,262.30591,0.0,0.0
2022-06-02 03:00:00,0.0,298.44,74.61,0.0,149.22,261.135,0.0,0.0
2022-06-02 04:00:00,0.0,280.35862,70.089655,0.0,140.17931,245.31379,0.0,11.701900000000002
2022-06-02 05:00:00,0.0,248.19215,62.048036,0.0,124.09607,217.16813,0.0,71.5108
2022-06-02 06:00:00,0.0,158.75644,39.689109,0.0,79.378218,138.91188,0.0,217.6349
2022-06-02 07:00:00,0.0,131.1232,32.7808,0.0,65.5616,114.7328,0.0,381.2206
2022-06-02 08:00:00,0.0,22.045091,5.5112727,0.0,11.022545,19.289455,0.0,531.513
2022-06-02 09:00:00,0.0,0.0,0.0,0.0,0.0,0.0,0.0,646.5245
2022-06-02 10:00:00,0.0,0.0,0.0,0.0,0.0,0.0,0.0,720.7436
2022-06-02 11:00:00,0.0,0.0,0.0,0.0,0.0,0.0,0.0,740.0375
2022-06-02 12:00:00,0.0,0.0,0.0,0.0,0.0,0.0,0.0,689.0689
2022-06-02 13:00:00,0.0,0.0,0.0,0.0,0.0,0.0,0.0,599.4833
2022-06-02 14:00:00,0.0,0.0,0.0,0.0,0.0,0.0,0.0,476.4198999999999
2022-06-02 15:00:00,0.0,131.62553,32.906382,0.0,65.812764,115.17234,0.0,326.0399
2022-06-02 16:00:00,0.0,236.6024,59.1506,0.0,118.3012,207.0271,0.0,171.39669999999998
2022-06-02 17:00:00,0.0,353.10844,88.277109,0.0,176.55422,308.96988,0.0,45.5009
2022-06-02 18:00:00,0.0,467.48793,116.87198,0.0,233.74396,409.05194,0.0,1.9490999999999998
2022-06-02 19:00:00,0.0,355.43636,88.859091,0.0,177.71818,311.00682,0.0,0.0
2022-06-02 20:00:00,0.0,343.50909,85.877273,0.0,171.75455,300.57045,0.0,0.0
2022-06-02 21:00:00,0.0,357.98182,89.495455,0.0,178.99091,313.23409,0.0,0.0
2022-06-02 22:00:00,0.0,329.02182,82.255455,0.0,164.51091,287.89409,0.0,0.0
2022-06-02 23:00:00,0.0,307.16727,76.791818,0.0,153.58364,268.77136,0.0,0.0
2022-06-03 00:00:00,0.0,291.87273,72.968182,0.0,145.93636,255.38864,0.0,0.0
2022-06-03 01:00:00,0.0,306.57091,76.642727,0.0,153.28545,268.24955,0.0,0.0
2022-06-03 02:00:00,0.0,316.60727,79.151818,0.0,158.30364,277.03136,0.0,0.0
2022-06-03 03:00:00,0.0,309.60364,77.400909,0.0,154.80182,270.90318,0.0,0.0
2022-06-03 04:00:00,0.0,290.80953,72.702382,0.0,145.40476,254.45834,0.0,11.701900000000002
2022-06-03 05:00:00,0.0,233.32284,58.330709,0.0,116.66142,204.15748,0.0,75.6061
2022-06-03 06:00:00,0.0,159.08,39.77,0.0,79.54,139.195,0.0,206.59
2022-06-03 07:00:00,0.0,128.94713,32.236782,0.0,64.473564,112.82874,0.0,367.91270000000003
2022-06-03 08:00:00,0.0,0.0,0.0,0.0,0.0,0.0,0.0,511.292
2022-06-03 09:00:00,0.0,0.0,0.0,0.0,0.0,0.0,0.0,618.5509000000001
2022-06-03 10:00:00,0.0,0.0,0.0,0.0,0.0,0.0,0.0,705.2238
2022-06-03 11:00:00,0.0,0.0,0.0,0.0,0.0,0.0,0.0,707.6839
2022-06-03 12:00:00,0.0,0.0,0.0,0.0,0.0,0.0,0.0,693.0400999999999
2022-06-03 13:00:00,0.0,0.0,0.0,0.0,0.0,0.0,0.0,605.8562
2022-06-03 14:00:00,0.0,0.0,0.0,0.0,0.0,0.0,0.0,483.0848
2022-06-03 15:00:00,0.0,87.358691,21.839673,0.0,43.679345,76.438855,0.0,330.8068
2022-06-03 16:00:00,0.0,231.04175,57.760436,0.0,115.52087,202.16153,0.0,170.5426
2022-06-03 17:00:00,0.0,370.85476,92.713691,0.0,185.42738,324.49792,0.0,48.0997
2022-06-03 18:00:00,0.0,510.6152,127.6538,0.0,255.3076,446.7883,0.0,1.9490999999999998
2022-06-03 19:00:00,0.0,441.47273,110.36818,0.0,220.73636,386.28864,0.0,0.0
2022-06-03 20:00:00,0.0,391.50909,97.877273,0.0,195.75455,342.57045,0.0,0.0
2022-06-03 21:00:00,0.0,392.38182,98.095455,0.0,196.19091,343.33409,0.0,0.0
2022-06-03 22:00:00,0.0,327.65455,81.913636,0.0,163.82727,286.69773,0.0,0.0
2022-06-03 23:00:00,0.0,292.09091,73.022727,0.0,146.04545,255.57955,0.0,0.0
2022-06-04 00:00:00,0.0,287.27636,71.819091,0.0,143.63818,251.36682,0.0,0.0
2022-06-04 01:00:00,0.0,288.60727,72.151818,0.0,144.30364,252.53136,0.0,0.0
2022-06-04 02:00:00,0.0,289.27636,72.319091,0.0,144.63818,253.11682,0.0,0.0
2022-06-04 03:00:00,0.0,289.45091,72.362727,0.0,144.72545,253.26955,0.0,0.0
2022-06-04 04:00:00,0.0,301.75498,75.438745,0.0,150.87749,264.03561,0.0,11.701900000000002
2022-06-04 05:00:00,0.0,373.51724,93.379309,0.0,186.75862,326.82758,0.0,74.1388
2022-06-04 06:00:00,0.0,286.95404,71.738509,0.0,143.47702,251.08478,0.0,208.66320000000002
2022-06-04 07:00:00,0.0,130.11418,32.528545,0.0,65.057091,113.84991,0.0,364.708
2022-06-04 08:00:00,0.0,0.0,0.0,0.0,0.0,0.0,0.0,497.07160000000005
2022-06-04 09:00:00,0.0,0.0,0.0,0.0,0.0,0.0,0.0,620.5511
2022-06-04 10:00:00,0.0,0.0,0.0,0.0,0.0,0.0,0.0,688.317
2022-06-04 11:00:00,0.0,0.0,0.0,0.0,0.0,0.0,0.0,714.159
2022-06-04 12:00:00,0.0,0.0,0.0,0.0,0.0,0.0,0.0,680.8564
2022-06-04 13:00:00,0.0,0.0,0.0,0.0,0.0,0.0,0.0,594.9572999999999
2022-06-04 14:00:00,0.0,0.0,0.0,0.0,0.0,0.0,0.0,473.4707
2022-06-04 15:00:00,0.0,79.936364,19.984091,0.0,39.968182,69.944318,0.0,322.1125
2022-06-04 16:00:00,0.0,241.1472,60.2868,0.0,120.5736,211.0038,0.0,169.4476
2022-06-04 17:00:00,0.0,347.69135,86.922836,0.0,173.84567,304.22993,0.0,48.7494
2022-06-04 18:00:00,0.0,481.88793,120.47198,0.0,240.94396,421.65194,0.0,1.9490999999999998
2022-06-04 19:00:00,0.0,396.89091,99.222727,0.0,198.44545,347.27955,0.0,0.0
2022-06-04 20:00:00,0.0,387.43636,96.859091,0.0,193.71818,339.00682,0.0,0.0
2022-06-04 21:00:00,0.0,374.27273,93.568182,0.0,187.13636,327.48864,0.0,0.0
2022-06-04 22:00:00,0.0,351.19636,87.799091,0.0,175.59818,307.29682,0.0,0.0
2022-06-04 23:00:00,0.0,310.78182,77.695455,0.0,155.39091,271.93409,0.0,0.0
2022-06-05 00:00:00,0.0,319.52364,79.880909,0.0,159.76182,279.58318,0.0,0.0
2022-06-05 01:00:00,0.0,338.56364,84.640909,0.0,169.28182,296.24318,0.0,0.0
2022-06-05 02:00:00,0.0,349.37091,87.342727,0.0,174.68545,305.69955,0.0,0.0
2022-06-05 03:00:00,0.0,357.09455,89.273636,0.0,178.54727,312.45773,0.0,0.0
2022-06-05 04:00:00,0.0,373.90087,93.475218,0.0,186.95044,327.16326,0.0,13.001299999999997
2022-06-05 05:00:00,0.0,443.67411,110.91853,0.0,221.83705,388.21485,0.0,74.0731
2022-06-05 06:00:00,0.0,331.12771,82.781927,0.0,165.56385,289.73675,0.0,207.52439999999999
2022-06-05 07:00:00,0.0,194.06633,48.516582,0.0,97.033164,169.80804,0.0,365.7738
2022-06-05 08:00:00,0.0,0.0,0.0,0.0,0.0,0.0,0.0,509.0071
2022-06-05 09:00:00,0.0,0.0,0.0,0.0,0.0,0.0,0.0,622.6315999999999
2022-06-05 10:00:00,0.0,0.0,0.0,0.0,0.0,0.0,0.0,694.8651
2022-06-05 11:00:00,0.0,0.0,0.0,0.0,0.0,0.0,0.0,717.0425
2022-06-05 12:00:00,0.0,0.0,0.0,0.0,0.0,0.0,0.0,675.8996999999999
2022-06-05 13:00:00,0.0,0.0,0.0,0.0,0.0,0.0,0.0,594.3441
2022-06-05 14:00:00,0.0,0.0,0.0,0.0,0.0,0.0,0.0,468.222
2022-06-05 15:00:00,0.0,88.4464,22.1116,0.0,44.2232,77.3906,0.0,323.7112
2022-06-05 16:00:00,0.0,246.24342,61.560855,0.0,123.12171,215.46299,0.0,169.44029999999998
2022-06-05 17:00:00,0.0,362.37273,90.593182,0.0,181.18636,317.07614,0.0,41.0625
2022-06-05 18:00:00,0.0,464.43338,116.10835,0.0,232.21669,406.37921,0.0,1.9490999999999998
2022-06-05 19:00:00,0.0,411.14545,102.78636,0.0,205.57273,359.75227,0.0,0.0
2022-06-05 20:00:00,0.0,401.69091,100.42273,0.0,200.84545,351.47955,0.0,0.0
2022-06-05 21:00:00,0.0,403.14545,100.78636,0.0,201.57273,352.75227,0.0,0.0
2022-06-05 22:00:00,0.0,403.87273,100.96818,0.0,201.93636,353.38864,0.0,0.0
2022-06-05 23:00:00,0.0,403.21818,100.80455,0.0,201.60909,352.81591,0.0,0.0
2022-06-06 00:00:00,0.0,381.89455,95.473636,0.0,190.94727,334.15773,0.0,0.0
2022-06-06 01:00:00,0.0,385.53091,96.382727,0.0,192.76545,337.33955,0.0,0.0
2022-06-06 02:00:00,0.0,377.55273,94.388182,0.0,188.77636,330.35864,0.0,0.0
2022-06-06 03:00:00,0.0,353.03636,88.259091,0.0,176.51818,308.90682,0.0,0.0
2022-06-06 04:00:00,0.0,349.98087,87.495218,0.0,174.99044,306.23326,0.0,13.001299999999997
2022-06-06 05:00:00,0.0,315.97149,78.992873,0.0,157.98575,276.47505,0.0,50.764199999999995
2022-06-06 06:00:00,0.0,211.36087,52.840218,0.0,105.68044,184.94076,0.0,184.00379999999998
2022-06-06 07:00:00,0.0,139.06291,34.765727,0.0,69.531455,121.68005,0.0,356.2035
2022-06-06 08:00:00,0.0,21.488218,5.3720545,0.0,10.744109,18.802191,0.0,502.37870000000004
2022-06-06 09:00:00,0.0,0.0,0.0,0.0,0.0,0.0,0.0,621.9454000000001
2022-06-06 10:00:00,0.0,0.0,0.0,0.0,0.0,0.0,0.0,686.1635
2022-06-06 11:00:00,0.0,0.0,0.0,0.0,0.0,0.0,0.0,685.5210999999999
2022-06-06 12:00:00,0.0,0.0,0.0,0.0,0.0,0.0,0.0,664.5701
2022-06-06 13:00:00,0.0,0.0,0.0,0.0,0.0,0.0,0.0,591.1686
2022-06-06 14:00:00,0.0,0.0,0.0,0.0,0.0,0.0,0.0,474.8212000000001
2022-06-06 15:00:00,0.0,127.81818,31.954545,0.0,63.909091,111.84091,0.0,326.675
2022-06-06 16:00:00,0.0,220.36255,55.090636,0.0,110.18127,192.81723,0.0,170.1265
2022-06-06 17:00:00,0.0,369.58044,92.395109,0.0,184.79022,323.38288,0.0,44.5519
2022-06-06 18:00:00,0.0,530.36087,132.59022,0.0,265.18044,464.06576,0.0,2.5987999999999998
2022-06-06 19:00:00,0.0,443.0,110.75,0.0,221.5,387.625,0.0,0.0
2022-06-06 20:00:00,0.0,437.03636,109.25909,0.0,218.51818,382.40682,0.0,0.0
2022-06-06 21:00:00,0.0,418.05455,104.51364,0.0,209.02727,365.79773,0.0,0.0
2022-06-06 22:00:00,0.0,388.45455,97.113636,0.0,194.22727,339.89773,0.0,0.0
2022-06-06 23:00:00,0.0,362.92727,90.731818,0.0,181.46364,317.56136,0.0,0.0
2022-06-07 00:00:00,0.0,358.56364,89.640909,0.0,179.28182,313.74318,0.0,0.0
2022-06-07 01:00:00,0.0,357.90909,89.477273,0.0,178.95455,313.17045,0.0,0.0
2022-06-07 02:00:00,0.0,367.87273,91.968182,0.0,183.93636,321.88864,0.0,0.0
2022-06-07 03:00:00,0.0,369.25455,92.313636,0.0,184.62727,323.09773,0.0,0.0
2022-06-07 04:00:00,0.0,376.34429,94.086073,0.0,188.17215,329.30125,0.0,12.351600000000001
2022-06-07 05:00:00,0.0,423.85825,105.96456,0.0,211.92913,370.87597,0.0,74.9199
2022-06-07 06:00:00,0.0,306.77527,76.693818,0.0,153.38764,268.42836,0.0,206.809
2022-06-07 07:00:00,0.0,128.71498,32.178745,0.0,64.357491,112.62561,0.0,362.83189999999996
2022-06-07 08:00:00,0.0,0.0,0.0,0.0,0.0,0.0,0.0,511.876
2022-06-07 09:00:00,0.0,0.0,0.0,0.0,0.0,0.0,0.0,630.5959
2022-06-07 10:00:00,0.0,0.0,0.0,0.0,0.0,0.0,0.0,703.7126999999999
2022-06-07 11:00:00,0.0,0.0,0.0,0.0,0.0,0.0,0.0,722.335
2022-06-07 12:00:00,0.0,0.0,0.0,0.0,0.0,0.0,0.0,688.974
2022-06-07 13:00:00,0.0,0.0,0.0,0.0,0.0,0.0,0.0,612.2437
2022-06-07 14:00:00,0.0,0.0,0.0,0.0,0.0,0.0,0.0,479.683
2022-06-07 15:00:00,0.0,75.187273,18.796818,0.0,37.593636,65.788864,0.0,337.4425
2022-06-07 16:00:00,0.0,218.11607,54.529018,0.0,109.05804,190.85156,0.0,175.9154
2022-06-07 17:00:00,0.0,347.90727,86.976818,0.0,173.95364,304.41886,0.0,35.9525
2022-06-07 18:00:00,0.0,477.26996,119.31749,0.0,238.63498,417.61122,0.0,2.5987999999999998
2022-06-07 19:00:00,0.0,375.87273,93.968182,0.0,187.93636,328.88864,0.0,0.0
2022-06-07 20:00:00,0.0,374.85455,93.713636,0.0,187.42727,327.99773,0.0,0.0
2022-06-07 21:00:00,0.0,374.70909,93.677273,0.0,187.35455,327.87045,0.0,0.0
2022-06-07 22:00:00,0.0,327.58182,81.895455,0.0,163.79091,286.63409,0.0,0.0
2022-06-07 23:00:00,0.0,322.2,80.55,0.0,161.1,281.925,0.0,0.0
2022-06-08 00:00:00,0.0,309.98182,77.495455,0.0,154.99091,271.23409,0.0,0.0
2022-06-08 01:00:00,0.0,315.36364,78.840909,0.0,157.68182,275.94318,0.0,0.0
2022-06-08 02:00:00,0.0,328.01818,82.004545,0.0,164.00909,287.01591,0.0,0.0
2022-06-08 03:00:00,0.0,328.16364,82.040909,0.0,164.08182,287.14318,0.0,0.0
2022-06-08 04:00:00,0.0,334.89331,83.723327,0.0,167.44665,293.03165,0.0,7.146699999999999
2022-06-08 05:00:00,0.0,411.43775,102.85944,0.0,205.71887,360.00803,0.0,68.59809999999999
2022-06-08 06:00:00,0.0,291.94378,72.985945,0.0,145.97189,255.45081,0.0,212.8023
2022-06-08 07:00:00,0.0,141.27556,35.318891,0.0,70.637782,123.61612,0.0,384.7611
2022-06-08 08:00:00,0.0,0.0,0.0,0.0,0.0,0.0,0.0,533.3599
2022-06-08 09:00:00,0.0,0.0,0.0,0.0,0.0,0.0,0.0,646.6120999999999
2022-06-08 10:00:00,0.0,0.0,0.0,0.0,0.0,0.0,0.0,714.4875
2022-06-08 11:00:00,0.0,0.0,0.0,0.0,0.0,0.0,0.0,741.7676
2022-06-08 12:00:00,0.0,0.0,0.0,0.0,0.0,0.0,0.0,703.8222
2022-06-08 13:00:00,0.0,0.0,0.0,0.0,0.0,0.0,0.0,612.2875
2022-06-08 14:00:00,0.0,8.4210909,2.1052727,0.0,4.2105455,7.3684545,0.0,423.54599999999994
2022-06-08 15:00:00,0.0,75.121018,18.780255,0.0,37.560509,65.730891,0.0,336.0336
2022-06-08 16:00:00,0.0,208.39127,52.097818,0.0,104.19564,182.34236,0.0,169.287
2022-06-08 17:00:00,0.0,318.61956,79.654891,0.0,159.30978,278.79212,0.0,55.823100000000004
2022-06-08 18:00:00,0.0,478.94269,119.73567,0.0,239.47135,419.07485,0.0,2.5987999999999998
2022-06-08 19:00:00,0.0,365.54545,91.386364,0.0,182.77273,319.85227,0.0,0.0
2022-06-08 20:00:00,0.0,357.47273,89.368182,0.0,178.73636,312.78864,0.0,0.0
2022-06-08 21:00:00,0.0,364.6,91.15,0.0,182.3,319.025,0.0,0.0
2022-06-08 22:00:00,0.0,357.98182,89.495455,0.0,178.99091,313.23409,0.0,0.0
2022-06-08 23:00:00,0.0,337.47273,84.368182,0.0,168.73636,295.28864,0.0,0.0
2022-06-09 00:00:00,0.0,328.38182,82.095455,0.0,164.19091,287.33409,0.0,0.0
2022-06-09 01:00:00,0.0,327.58182,81.895455,0.0,163.79091,286.63409,0.0,0.0
2022-06-09 02:00:00,0.0,328.86909,82.217273,0.0,164.43455,287.76045,0.0,0.0
2022-06-09 03:00:00,0.0,333.76364,83.440909,0.0,166.88182,292.04318,0.0,0.0
2022-06-09 04:00:00,0.0,316.82036,79.205091,0.0,158.41018,277.21782,0.0,6.497
2022-06-09 05:00:00,0.0,284.83673,71.209182,0.0,142.41836,249.23214,0.0,51.5745
2022-06-09 06:00:00,0.0,227.10036,56.775091,0.0,113.55018,198.71282,0.0,130.962
2022-06-09 07:00:00,0.0,224.01855,56.004636,0.0,112.00927,196.01623,0.0,216.18949999999998
2022-06-09 08:00:00,0.0,134.1568,33.5392,0.0,67.0784,117.3872,0.0,382.35939999999994
2022-06-09 09:00:00,0.0,173.08,43.27,0.0,86.54,151.445,0.0,327.04
2022-06-09 10:00:00,0.0,46.285745,11.571436,0.0,23.142873,40.500027,0.0,514.4821
2022-06-09 11:00:00,0.0,6.7359273,1.6839818,0.0,3.3679636,5.8939364,0.0,587.9931
2022-06-09 12:00:00,0.0,91.792509,22.948127,0.0,45.896255,80.318445,0.0,365.8103
2022-06-09 13:00:00,0.0,0.0,0.0,0.0,0.0,0.0,0.0,454.4833999999999
2022-06-09 14:00:00,0.0,33.242764,8.3106909,0.0,16.621382,29.087418,0.0,410.2162
2022-06-09 15:00:00,0.0,105.79767,26.449418,0.0,52.898836,92.572964,0.0,313.0532
2022-06-09 16:00:00,0.0,207.92858,51.982145,0.0,103.96429,181.93751,0.0,173.62319999999997
2022-06-09 17:00:00,0.0,336.3128,84.0782,0.0,168.1564,294.2737,0.0,36.5949
2022-06-09 18:00:00,0.0,426.61607,106.65402,0.0,213.30804,373.28906,0.0,4.547899999999999
2022-06-09 19:00:00,0.0,355.29091,88.822727,0.0,177.64545,310.87955,0.0,0.0
2022-06-09 20:00:00,0.0,340.45455,85.113636,0.0,170.22727,297.89773,0.0,0.0
2022-06-09 21:00:00,0.0,332.23636,83.059091,0.0,166.11818,290.70682,0.0,0.0
2022-06-09 22:00:00,0.0,305.83636,76.459091,0.0,152.91818,267.60682,0.0,0.0
2022-06-09 23:00:00,0.0,294.56364,73.640909,0.0,147.28182,257.74318,0.0,0.0
2022-06-10 00:00:00,0.0,296.09091,74.022727,0.0,148.04545,259.07955,0.0,0.0
2022-06-10 01:00:00,0.0,299.79273,74.948182,0.0,149.89636,262.31864,0.0,0.0
2022-06-10 02:00:00,0.0,293.56727,73.391818,0.0,146.78364,256.87136,0.0,0.0
2022-06-10 03:00:00,0.0,296.56364,74.140909,0.0,148.28182,259.49318,0.0,0.0
2022-06-10 04:00:00,0.0,272.99927,68.249818,0.0,136.49964,238.87436,0.0,13.650999999999998
2022-06-10 05:00:00,0.0,236.79367,59.198418,0.0,118.39684,207.19446,0.0,74.2337
2022-06-10 06:00:00,0.0,230.48982,57.622455,0.0,115.24491,201.67859,0.0,109.90149999999998
2022-06-10 07:00:00,0.0,165.63396,41.408491,0.0,82.816982,144.92972,0.0,274.2683
2022-06-10 08:00:00,0.0,59.5264,14.8816,0.0,29.7632,52.0856,0.0,433.57620000000003
2022-06-10 09:00:00,0.0,11.721818,2.9304545,0.0,5.8609091,10.256591,0.0,520.3075
2022-06-10 10:00:00,0.0,14.7472,3.6868,0.0,7.3736,12.9038,0.0,527.1476
2022-06-10 11:00:00,0.0,0.0,0.0,0.0,0.0,0.0,0.0,704.6325
2022-06-10 12:00:00,0.0,0.0,0.0,0.0,0.0,0.0,0.0,672.4249
2022-06-10 13:00:00,0.0,0.0,0.0,0.0,0.0,0.0,0.0,532.5641999999999
2022-06-10 14:00:00,0.0,0.0,0.0,0.0,0.0,0.0,0.0,481.85839999999996
2022-06-10 15:00:00,0.0,77.109964,19.277491,0.0,38.554982,67.471218,0.0,338.3988
2022-06-10 16:00:00,0.0,216.57244,54.143109,0.0,108.28622,189.50088,0.0,174.6379
2022-06-10 17:00:00,0.0,337.8984,84.4746,0.0,168.9492,295.6611,0.0,37.5147
2022-06-10 18:00:00,0.0,478.17971,119.54493,0.0,239.08985,418.40725,0.0,4.547899999999999
2022-06-10 19:00:00,0.0,372.81818,93.204545,0.0,186.40909,326.21591,0.0,0.0
2022-06-10 20:00:00,0.0,376.09091,94.022727,0.0,188.04545,329.07955,0.0,0.0
2022-06-10 21:00:00,0.0,382.92727,95.731818,0.0,191.46364,335.06136,0.0,0.0
2022-06-10 22:00:00,0.0,306.12727,76.531818,0.0,153.06364,267.86136,0.0,0.0
2022-06-10 23:00:00,0.0,282.85455,70.713636,0.0,141.42727,247.49773,0.0,0.0
2022-06-11 00:00:00,0.0,303.94545,75.986364,0.0,151.97273,265.95227,0.0,0.0
2022-06-11 01:00:00,0.0,291.0,72.75,0.0,145.5,254.625,0.0,0.0
2022-06-11 02:00:00,0.0,295.07273,73.768182,0.0,147.53636,258.18864,0.0,0.0
2022-06-11 03:00:00,0.0,295.0,73.75,0.0,147.5,258.125,0.0,0.0
2022-06-11 04:00:00,0.0,291.10836,72.777091,0.0,145.55418,254.71982,0.0,13.650999999999998
2022-06-11 05:00:00,0.0,315.74465,78.936164,0.0,157.87233,276.27657,0.0,67.5761
2022-06-11 06:00:00,0.0,229.4704,57.3676,0.0,114.7352,200.7866,0.0,214.5032
2022-06-11 07:00:00,0.0,101.84342,25.460855,0.0,50.921709,89.112991,0.0,379.6803
2022-06-11 08:00:00,0.0,0.0,0.0,0.0,0.0,0.0,0.0,522.9428
2022-06-11 09:00:00,0.0,0.0,0.0,0.0,0.0,0.0,0.0,638.5164
2022-06-11 10:00:00,0.0,0.0,0.0,0.0,0.0,0.0,0.0,706.2969
2022-06-11 11:00:00,0.0,0.0,0.0,0.0,0.0,0.0,0.0,733.65
2022-06-11 12:00:00,0.0,0.0,0.0,0.0,0.0,0.0,0.0,692.4269
2022-06-11 13:00:00,0.0,0.0,0.0,0.0,0.0,0.0,0.0,607.0096
2022-06-11 14:00:00,0.0,0.0,0.0,0.0,0.0,0.0,0.0,485.97560000000004
2022-06-11 15:00:00,0.0,76.097891,19.024473,0.0,38.048945,66.585655,0.0,334.69039999999995
2022-06-11 16:00:00,0.0,203.50895,50.877236,0.0,101.75447,178.07033,0.0,177.2002
2022-06-11 17:00:00,0.0,322.02684,80.506709,0.0,161.01342,281.77348,0.0,37.9381
2022-06-11 18:00:00,0.0,450.94356,112.73589,0.0,225.47178,394.57562,0.0,5.1975999999999996
2022-06-11 19:00:00,0.0,347.14545,86.786364,0.0,173.57273,303.75227,0.0,0.0
2022-06-11 20:00:00,0.0,346.41818,86.604545,0.0,173.20909,303.11591,0.0,0.0
2022-06-11 21:00:00,0.0,341.83636,85.459091,0.0,170.91818,299.10682,0.0,0.0
2022-06-11 22:00:00,0.0,311.43636,77.859091,0.0,155.71818,272.50682,0.0,0.0
2022-06-11 23:00:00,0.0,313.83636,78.459091,0.0,156.91818,274.60682,0.0,0.0
2022-06-12 00:00:00,0.0,275.94545,68.986364,0.0,137.97273,241.45227,0.0,0.0
2022-06-12 01:00:00,0.0,285.90909,71.477273,0.0,142.95455,250.17045,0.0,0.0
2022-06-12 02:00:00,0.0,291.29091,72.822727,0.0,145.64545,254.87955,0.0,0.0
2022-06-12 03:00:00,0.0,297.76364,74.440909,0.0,148.88182,260.54318,0.0,0.0
2022-06-12 04:00:00,0.0,304.49018,76.122545,0.0,152.24509,266.42891,0.0,13.650999999999998
2022-06-12 05:00:00,0.0,373.86691,93.466727,0.0,186.93345,327.13355,0.0,69.058
2022-06-12 06:00:00,0.0,254.55498,63.638745,0.0,127.27749,222.73561,0.0,213.9119
2022-06-12 07:00:00,0.0,111.63687,27.909218,0.0,55.818436,97.682264,0.0,376.61429999999996
2022-06-12 08:00:00,0.0,0.0,0.0,0.0,0.0,0.0,0.0,521.3952
2022-06-12 09:00:00,0.0,0.0,0.0,0.0,0.0,0.0,0.0,636.0709
2022-06-12 10:00:00,0.0,0.0,0.0,0.0,0.0,0.0,0.0,710.1951
2022-06-12 11:00:00,0.0,0.0,0.0,0.0,0.0,0.0,0.0,734.0077
2022-06-12 12:00:00,0.0,0.0,0.0,0.0,0.0,0.0,0.0,700.5736999999999
2022-06-12 13:00:00,0.0,0.0,0.0,0.0,0.0,0.0,0.0,620.1715
2022-06-12 14:00:00,0.0,0.0,0.0,0.0,0.0,0.0,0.0,492.02729999999997
2022-06-12 15:00:00,0.0,70.780436,17.695109,0.0,35.390218,61.932882,0.0,340.20189999999997
2022-06-12 16:00:00,0.0,199.38196,49.845491,0.0,99.690982,174.45922,0.0,178.67479999999998
2022-06-12 17:00:00,0.0,330.31185,82.577964,0.0,165.15593,289.02287,0.0,38.6462
2022-06-12 18:00:00,0.0,481.96196,120.49049,0.0,240.98098,421.71672,0.0,5.847300000000001
2022-06-12 19:00:00,0.0,372.67273,93.168182,0.0,186.33636,326.08864,0.0,0.0
2022-06-12 20:00:00,0.0,373.10909,93.277273,0.0,186.55455,326.47045,0.0,0.0
2022-06-12 21:00:00,0.0,363.43636,90.859091,0.0,181.71818,318.00682,0.0,0.0
2022-06-12 22:00:00,0.0,360.09818,90.024545,0.0,180.04909,315.08591,0.0,0.0
2022-06-12 23:00:00,0.0,316.55636,79.139091,0.0,158.27818,276.98682,0.0,0.0
2022-06-13 00:00:00,0.0,323.73455,80.933636,0.0,161.86727,283.26773,0.0,0.0
2022-06-13 01:00:00,0.0,328.75273,82.188182,0.0,164.37636,287.65864,0.0,0.0
2022-06-13 02:00:00,0.0,331.64727,82.911818,0.0,165.82364,290.19136,0.0,0.0
2022-06-13 03:00:00,0.0,332.71636,83.179091,0.0,166.35818,291.12682,0.0,0.0
2022-06-13 04:00:00,0.0,326.05382,81.513455,0.0,163.02691,285.29709,0.0,13.650999999999998
2022-06-13 05:00:00,0.0,362.96691,90.741727,0.0,181.48345,317.59605,0.0,68.1455
2022-06-13 06:00:00,0.0,313.75651,78.439127,0.0,156.87825,274.53695,0.0,214.8098
2022-06-13 07:00:00,0.0,108.32887,27.082218,0.0,54.164436,94.787764,0.0,379.8628
2022-06-13 08:00:00,0.0,0.0,0.0,0.0,0.0,0.0,0.0,525.7314
2022-06-13 09:00:00,0.0,0.0,0.0,0.0,0.0,0.0,0.0,641.3852999999999
2022-06-13 10:00:00,0.0,0.0,0.0,0.0,0.0,0.0,0.0,712.8012
2022-06-13 11:00:00,0.0,0.0,0.0,0.0,0.0,0.0,0.0,728.759
2022-06-13 12:00:00,0.0,0.0,0.0,0.0,0.0,0.0,0.0,703.209
2022-06-13 13:00:00,0.0,0.0,0.0,0.0,0.0,0.0,0.0,620.1787999999999
2022-06-13 14:00:00,0.0,0.0,0.0,0.0,0.0,0.0,0.0,497.00589999999994
2022-06-13 15:00:00,0.0,79.907055,19.976764,0.0,39.953527,69.918673,0.0,345.5528
2022-06-13 16:00:00,0.0,207.18218,51.795545,0.0,103.59109,181.28441,0.0,181.1495
2022-06-13 17:00:00,0.0,346.07615,86.519036,0.0,173.03807,302.81663,0.0,38.7703
2022-06-13 18:00:00,0.0,451.05287,112.76322,0.0,225.52644,394.67126,0.0,5.847300000000001
2022-06-13 19:00:00,0.0,365.90909,91.477273,0.0,182.95455,320.17045,0.0,0.0
2022-06-13 20:00:00,0.0,379.65455,94.913636,0.0,189.82727,332.19773,0.0,0.0
2022-06-13 21:00:00,0.0,378.85455,94.713636,0.0,189.42727,331.49773,0.0,0.0
2022-06-13 22:00:00,0.0,340.67273,85.168182,0.0,170.33636,298.08864,0.0,0.0
2022-06-13 23:00:00,0.0,308.89091,77.222727,0.0,154.44545,270.27955,0.0,0.0
2022-06-14 00:00:00,0.0,299.07273,74.768182,0.0,149.53636,261.68864,0.0,0.0
2022-06-14 01:00:00,0.0,292.16364,73.040909,0.0,146.08182,255.64318,0.0,0.0
2022-06-14 02:00:00,0.0,292.38182,73.095455,0.0,146.19091,255.83409,0.0,0.0
2022-06-14 03:00:00,0.0,294.85455,73.713636,0.0,147.42727,257.99773,0.0,0.0
2022-06-14 04:00:00,0.0,299.32655,74.831636,0.0,149.66327,261.91073,0.0,13.650999999999998
2022-06-14 05:00:00,0.0,374.10538,93.526345,0.0,187.05269,327.34221,0.0,67.4301
2022-06-14 06:00:00,0.0,271.33564,67.833909,0.0,135.66782,237.41868,0.0,217.1385
2022-06-14 07:00:00,0.0,109.78415,27.446036,0.0,54.892073,96.061127,0.0,377.1617999999999
2022-06-14 08:00:00,0.0,0.0,0.0,0.0,0.0,0.0,0.0,529.8047999999999
2022-06-14 09:00:00,0.0,0.0,0.0,0.0,0.0,0.0,0.0,649.919
2022-06-14 10:00:00,0.0,0.0,0.0,0.0,0.0,0.0,0.0,719.5245
2022-06-14 11:00:00,0.0,0.0,0.0,0.0,0.0,0.0,0.0,743.3809
2022-06-14 12:00:00,0.0,0.0,0.0,0.0,0.0,0.0,0.0,695.9163
2022-06-14 13:00:00,0.0,0.0,0.0,0.0,0.0,0.0,0.0,619.9232999999999
2022-06-14 14:00:00,0.0,0.0,0.0,0.0,0.0,0.0,0.0,496.83070000000004
2022-06-14 15:00:00,0.0,88.435855,22.108964,0.0,44.217927,77.381373,0.0,344.6257
2022-06-14 16:00:00,0.0,207.96785,51.991964,0.0,103.98393,181.97187,0.0,181.0692
2022-06-14 17:00:00,0.0,338.35164,84.587909,0.0,169.17582,296.05768,0.0,39.0915
2022-06-14 18:00:00,0.0,449.74378,112.43595,0.0,224.87189,393.52581,0.0,5.847300000000001
2022-06-14 19:00:00,0.0,365.47273,91.368182,0.0,182.73636,319.78864,0.0,0.0
2022-06-14 20:00:00,0.0,377.90909,94.477273,0.0,188.95455,330.67045,0.0,0.0
2022-06-14 21:00:00,0.0,361.10909,90.277273,0.0,180.55455,315.97045,0.0,0.0
2022-06-14 22:00:00,0.0,334.12727,83.531818,0.0,167.06364,292.36136,0.0,0.0
2022-06-14 23:00:00,0.0,298.05455,74.513636,0.0,149.02727,260.79773,0.0,0.0
2022-06-15 00:00:00,0.0,279.50909,69.877273,0.0,139.75455,244.57045,0.0,0.0
2022-06-15 01:00:00,0.0,276.16364,69.040909,0.0,138.08182,241.64318,0.0,0.0
2022-06-15 02:00:00,0.0,276.70909,69.177273,0.0,138.35455,242.12045,0.0,0.0
2022-06-15 03:00:00,0.0,279.64727,69.911818,0.0,139.82364,244.69136,0.0,0.0
2022-06-15 04:00:00,0.0,302.09018,75.522545,0.0,151.04509,264.32891,0.0,13.650999999999998
2022-06-15 05:00:00,0.0,325.45775,81.364436,0.0,162.72887,284.77553,0.0,67.32059999999998
2022-06-15 06:00:00,0.0,275.68145,68.920364,0.0,137.84073,241.22127,0.0,213.963
2022-06-15 07:00:00,0.0,119.49171,29.872927,0.0,59.745855,104.55525,0.0,379.91389999999996
2022-06-15 08:00:00,0.0,0.0,0.0,0.0,0.0,0.0,0.0,531.8706999999999
2022-06-15 09:00:00,0.0,0.0,0.0,0.0,0.0,0.0,0.0,649.4299
2022-06-15 10:00:00,0.0,0.0,0.0,0.0,0.0,0.0,0.0,722.6051
2022-06-15 11:00:00,0.0,0.0,0.0,0.0,0.0,0.0,0.0,743.6875
2022-06-15 12:00:00,0.0,0.0,0.0,0.0,0.0,0.0,0.0,710.2024
2022-06-15 13:00:00,0.0,0.0,0.0,0.0,0.0,0.0,0.0,622.8652
2022-06-15 14:00:00,0.0,0.0,0.0,0.0,0.0,0.0,0.0,494.72830000000005
2022-06-15 15:00:00,0.0,92.785236,23.196309,0.0,46.392618,81.187082,0.0,343.5453
2022-06-15 16:00:00,0.0,223.27884,55.819709,0.0,111.63942,195.36898,0.0,180.6166
2022-06-15 17:00:00,0.0,321.56902,80.392255,0.0,160.78451,281.37289,0.0,40.9676
2022-06-15 18:00:00,0.0,1248.696,0.0,0.0,624.348,0.0,0.0,6.497
2022-06-15 19:00:00,0.0,935.65,0.0,0.0,467.825,0.0,0.0,0.0
2022-06-15 20:00:00,0.0,338.63636,84.659091,0.0,169.31818,296.30682,0.0,0.0
2022-06-15 21:00:00,0.0,344.89091,86.222727,0.0,172.44545,301.77955,0.0,0.0
2022-06-15 22:00:00,0.0,314.05455,78.513636,0.0,157.02727,274.79773,0.0,0.0
2022-06-15 23:00:00,0.0,291.93091,72.982727,0.0,145.96545,255.43955,0.0,0.0
2022-06-16 00:00:00,0.0,297.86545,74.466364,0.0,148.93273,260.63227,0.0,0.0
2022-06-16 01:00:00,0.0,288.83273,72.208182,0.0,144.41636,252.72864,0.0,0.0
2022-06-16 02:00:00,0.0,289.94545,72.486364,0.0,144.97273,253.70227,0.0,0.0
2022-06-16 03:00:00,0.0,290.37455,72.593636,0.0,145.18727,254.07773,0.0,0.0
2022-06-16 04:00:00,0.0,269.82131,67.455327,0.0,134.91065,236.09365,0.0,14.300699999999999
2022-06-16 05:00:00,0.0,233.27891,58.319727,0.0,116.63945,204.11905,0.0,66.4665
2022-06-16 06:00:00,0.0,164.42909,41.107273,0.0,82.214545,143.87545,0.0,211.33500000000004
2022-06-16 07:00:00,0.0,135.31804,33.829509,0.0,67.659018,118.40328,0.0,373.7527
2022-06-16 08:00:00,0.0,34.863055,8.7157636,0.0,17.431527,30.505173,0.0,474.2883
2022-06-16 09:00:00,0.0,142.46916,35.617291,0.0,71.234582,124.66052,0.0,335.52989999999994
2022-06-16 10:00:00,0.0,6.7781091,1.6945273,0.0,3.3890545,5.9308455,0.0,547.4051
2022-06-16 11:00:00,0.0,0.0,0.0,0.0,0.0,0.0,0.0,691.0836999999999
2022-06-16 12:00:00,0.0,0.0,0.0,0.0,0.0,0.0,0.0,615.3754
2022-06-16 13:00:00,0.0,0.0,0.0,0.0,0.0,0.0,0.0,605.3744
2022-06-16 14:00:00,0.0,0.0,0.0,0.0,0.0,0.0,0.0,468.14899999999994
2022-06-16 15:00:00,0.0,129.0848,32.2712,0.0,64.5424,112.9492,0.0,334.0334
2022-06-16 16:00:00,0.0,252.98727,63.246818,0.0,126.49364,221.36386,0.0,178.6675
2022-06-16 17:00:00,0.0,320.48844,80.122109,0.0,160.24422,280.42738,0.0,44.9534
2022-06-16 18:00:00,0.0,435.88902,108.97225,0.0,217.94451,381.40289,0.0,5.1975999999999996
2022-06-16 19:00:00,0.0,337.4,84.35,0.0,168.7,295.225,0.0,0.0
2022-06-16 20:00:00,0.0,325.54545,81.386364,0.0,162.77273,284.85227,0.0,0.0
2022-06-16 21:00:00,0.0,309.69091,77.422727,0.0,154.84545,270.97955,0.0,0.0
2022-06-16 22:00:00,0.0,309.4,77.35,0.0,154.7,270.725,0.0,0.0
2022-06-16 23:00:00,0.0,299.50909,74.877273,0.0,149.75455,262.07045,0.0,0.0
2022-06-17 00:00:00,0.0,308.45455,77.113636,0.0,154.22727,269.89773,0.0,0.0
2022-06-17 01:00:00,0.0,308.01818,77.004545,0.0,154.00909,269.51591,0.0,0.0
2022-06-17 02:00:00,0.0,307.21818,76.804545,0.0,153.60909,268.81591,0.0,0.0
2022-06-17 03:00:00,0.0,293.61818,73.404545,0.0,146.80909,256.91591,0.0,0.0
2022-06-17 04:00:00,0.0,274.96291,68.740727,0.0,137.48145,240.59255,0.0,13.650999999999998
2022-06-17 05:00:00,0.0,226.48756,56.621891,0.0,113.24378,198.17662,0.0,67.90459999999999
2022-06-17 06:00:00,0.0,414.1774,0.0,0.0,207.0887,0.0,0.0,209.73629999999997
2022-06-17 07:00:00,0.0,262.3294,0.0,0.0,131.1647,0.0,0.0,371.6503
2022-06-17 08:00:00,0.0,0.0,0.0,0.0,0.0,0.0,0.0,520.6433
2022-06-17 09:00:00,0.0,0.0,0.0,0.0,0.0,0.0,0.0,636.2242
2022-06-17 10:00:00,0.0,0.0,0.0,0.0,0.0,0.0,0.0,708.4358
2022-06-17 11:00:00,0.0,0.0,0.0,0.0,0.0,0.0,0.0,729.5692999999999
2022-06-17 12:00:00,0.0,0.0,0.0,0.0,0.0,0.0,0.0,693.6167999999999
2022-06-17 13:00:00,0.0,0.0,0.0,0.0,0.0,0.0,0.0,615.1125999999999
2022-06-17 14:00:00,0.0,0.0,0.0,0.0,0.0,0.0,0.0,486.5742
2022-06-17 15:00:00,0.0,124.79782,31.199455,0.0,62.398909,109.19809,0.0,338.428
2022-06-17 16:00:00,0.0,251.16851,62.792127,0.0,125.58425,219.77245,0.0,179.36829999999998
2022-06-17 17:00:00,0.0,1034.4298,0.0,0.0,517.2149,0.0,0.0,49.9101
2022-06-17 18:00:00,0.0,1375.0972,0.0,0.0,687.5486,0.0,0.0,7.796399999999999
2022-06-17 19:00:00,0.0,1039.05,0.0,0.0,519.525,0.0,0.0,0.0
2022-06-17 20:00:00,0.0,969.05,0.0,0.0,484.525,0.0,0.0,0.0
2022-06-17 21:00:00,0.0,374.56364,93.640909,0.0,187.28182,327.74318,0.0,0.0
2022-06-17 22:00:00,0.0,309.32727,77.331818,0.0,154.66364,270.66136,0.0,0.0
2022-06-17 23:00:00,0.0,304.30909,76.077273,0.0,152.15455,266.27045,0.0,0.0
2022-06-18 00:00:00,0.0,296.6,74.15,0.0,148.3,259.525,0.0,0.0
2022-06-18 01:00:00,0.0,305.25455,76.313636,0.0,152.62727,267.09773,0.0,0.0
2022-06-18 02:00:00,0.0,317.10909,79.277273,0.0,158.55455,277.47045,0.0,0.0
2022-06-18 03:00:00,0.0,316.38182,79.095455,0.0,158.19091,276.83409,0.0,0.0
2022-06-18 04:00:00,0.0,334.74785,83.686964,0.0,167.37393,292.90437,0.0,7.146699999999999
2022-06-18 05:00:00,0.0,359.25636,89.814091,0.0,179.62818,314.34932,0.0,73.5475
2022-06-18 06:00:00,0.0,268.57491,67.143727,0.0,134.28745,235.00305,0.0,199.0345
2022-06-18 07:00:00,0.0,139.55185,34.887964,0.0,69.775927,122.10787,0.0,333.9312
2022-06-18 08:00:00,0.0,0.0,0.0,0.0,0.0,0.0,0.0,509.3502
2022-06-18 09:00:00,0.0,0.0,0.0,0.0,0.0,0.0,0.0,619.4415
2022-06-18 10:00:00,0.0,0.0,0.0,0.0,0.0,0.0,0.0,696.8287999999999
2022-06-18 11:00:00,0.0,0.0,0.0,0.0,0.0,0.0,0.0,717.9842
2022-06-18 12:00:00,0.0,0.0,0.0,0.0,0.0,0.0,0.0,686.492
2022-06-18 13:00:00,0.0,0.0,0.0,0.0,0.0,0.0,0.0,605.7029
2022-06-18 14:00:00,0.0,0.0,0.0,0.0,0.0,0.0,0.0,487.2093
2022-06-18 15:00:00,0.0,71.075564,17.768891,0.0,35.537782,62.191118,0.0,340.5961
2022-06-18 16:00:00,0.0,205.36829,51.342073,0.0,102.68415,179.69725,0.0,180.5436
2022-06-18 17:00:00,0.0,335.0744,83.7686,0.0,167.5372,293.1901,0.0,42.6977
2022-06-18 18:00:00,0.0,1285.8838,0.0,0.0,642.9419,0.0,0.0,9.1031
2022-06-18 19:00:00,0.0,1048.25,0.0,0.0,524.125,0.0,0.0,0.0
2022-06-18 20:00:00,0.0,1028.25,0.0,0.0,514.125,0.0,0.0,0.0
2022-06-18 21:00:00,0.0,352.01818,88.004545,0.0,176.00909,308.01591,0.0,0.0
2022-06-18 22:00:00,0.0,307.29091,76.822727,0.0,153.64545,268.87955,0.0,0.0
2022-06-18 23:00:00,0.0,283.65455,70.913636,0.0,141.82727,248.19773,0.0,0.0
2022-06-19 00:00:00,0.0,274.56364,68.640909,0.0,137.28182,240.24318,0.0,0.0
2022-06-19 01:00:00,0.0,269.10909,67.277273,0.0,134.55455,235.47045,0.0,0.0
2022-06-19 02:00:00,0.0,273.25455,68.313636,0.0,136.62727,239.09773,0.0,0.0
2022-06-19 03:00:00,0.0,273.98182,68.495455,0.0,136.99091,239.73409,0.0,0.0
2022-06-19 04:00:00,0.0,285.36291,71.340727,0.0,142.68145,249.69255,0.0,13.650999999999998
2022-06-19 05:00:00,0.0,342.76895,85.692236,0.0,171.38447,299.92283,0.0,67.51769999999999
2022-06-19 06:00:00,0.0,261.62895,65.407236,0.0,130.81447,228.92533,0.0,209.68519999999998
2022-06-19 07:00:00,0.0,97.000509,24.250127,0.0,48.500255,84.875445,0.0,371.1393
2022-06-19 08:00:00,0.0,0.0,0.0,0.0,0.0,0.0,0.0,518.2781
2022-06-19 09:00:00,0.0,0.0,0.0,0.0,0.0,0.0,0.0,623.3981
2022-06-19 10:00:00,0.0,0.0,0.0,0.0,0.0,0.0,0.0,701.7052
2022-06-19 11:00:00,0.0,0.0,0.0,0.0,0.0,0.0,0.0,730.7519
2022-06-19 12:00:00,0.0,0.0,0.0,0.0,0.0,0.0,0.0,666.2491
2022-06-19 13:00:00,0.0,0.0,0.0,0.0,0.0,0.0,0.0,607.0387999999999
2022-06-19 14:00:00,0.0,0.0,0.0,0.0,0.0,0.0,0.0,493.3705
2022-06-19 15:00:00,0.0,88.212145,22.053036,0.0,44.106073,77.185627,0.0,325.7333
2022-06-19 16:00:00,0.0,187.67964,46.919909,0.0,93.839818,164.21968,0.0,180.5655
2022-06-19 17:00:00,0.0,328.64407,82.161018,0.0,164.32204,287.56356,0.0,50.939400000000006
2022-06-19 18:00:00,0.0,488.24865,122.06216,0.0,244.12433,427.21757,0.0,9.1031
2022-06-19 19:00:00,0.0,383.43636,95.859091,0.0,191.71818,335.50682,0.0,0.0
2022-06-19 20:00:00,0.0,393.69091,98.422727,0.0,196.84545,344.47955,0.0,0.0
2022-06-19 21:00:00,0.0,1012.05,0.0,0.0,506.025,0.0,0.0,0.0
2022-06-19 22:00:00,0.0,320.16364,80.040909,0.0,160.08182,280.14318,0.0,0.0
2022-06-19 23:00:00,0.0,305.10909,76.277273,0.0,152.55455,266.97045,0.0,0.0
2022-06-20 00:00:00,0.0,307.07273,76.768182,0.0,153.53636,268.68864,0.0,0.0
2022-06-20 01:00:00,0.0,301.76364,75.440909,0.0,150.88182,264.04318,0.0,0.0
2022-06-20 02:00:00,0.0,316.81818,79.204545,0.0,158.40909,277.21591,0.0,0.0
2022-06-20 03:00:00,0.0,316.74545,79.186364,0.0,158.37273,277.15227,0.0,0.0
2022-06-20 04:00:00,0.0,320.4536,80.1134,0.0,160.2268,280.3969,0.0,13.001299999999997
2022-06-20 05:00:00,0.0,971.8742,0.0,0.0,485.9371,0.0,0.0,68.7879
2022-06-20 06:00:00,0.0,756.7846,0.0,0.0,378.3923,0.0,0.0,210.2327
2022-06-20 07:00:00,0.0,295.4464,0.0,0.0,147.7232,0.0,0.0,370.5918
2022-06-20 08:00:00,0.0,0.0,0.0,0.0,0.0,0.0,0.0,519.5556
2022-06-20 09:00:00,0.0,0.0,0.0,0.0,0.0,0.0,0.0,635.9176
2022-06-20 10:00:00,0.0,0.0,0.0,0.0,0.0,0.0,0.0,708.1876
2022-06-20 11:00:00,0.0,0.0,0.0,0.0,0.0,0.0,0.0,729.4087
2022-06-20 12:00:00,0.0,0.0,0.0,0.0,0.0,0.0,0.0,704.7639
2022-06-20 13:00:00,0.0,0.0,0.0,0.0,0.0,0.0,0.0,619.3247
2022-06-20 14:00:00,0.0,0.0,0.0,0.0,0.0,0.0,0.0,500.3274
2022-06-20 15:00:00,0.0,72.251927,18.062982,0.0,36.125964,63.220436,0.0,348.0786
2022-06-20 16:00:00,0.0,207.67404,51.918509,0.0,103.83702,181.71478,0.0,184.57319999999999
2022-06-20 17:00:00,0.0,353.29389,88.323473,0.0,176.64695,309.13215,0.0,42.9459
2022-06-20 18:00:00,0.0,525.08524,131.27131,0.0,262.54262,459.44958,0.0,9.752799999999999
2022-06-20 19:00:00,0.0,1102.85,0.0,0.0,551.425,0.0,0.0,0.0
2022-06-20 20:00:00,0.0,1069.85,0.0,0.0,534.925,0.0,0.0,0.0
2022-06-20 21:00:00,0.0,396.16364,99.040909,0.0,198.08182,346.64318,0.0,0.0
2022-06-20 22:00:00,0.0,363.8,90.95,0.0,181.9,318.325,0.0,0.0
2022-06-20 23:00:00,0.0,336.89091,84.222727,0.0,168.44545,294.77955,0.0,0.0
2022-06-21 00:00:00,0.0,324.38182,81.095455,0.0,162.19091,283.83409,0.0,0.0
2022-06-21 01:00:00,0.0,330.05455,82.513636,0.0,165.02727,288.79773,0.0,0.0
2022-06-21 02:00:00,0.0,331.94545,82.986364,0.0,165.97273,290.45227,0.0,0.0
2022-06-21 03:00:00,0.0,336.6,84.15,0.0,168.3,294.525,0.0,0.0
2022-06-21 04:00:00,0.0,339.98065,84.995164,0.0,169.99033,297.48307,0.0,12.351600000000001
2022-06-21 05:00:00,0.0,955.104,0.0,0.0,477.552,0.0,0.0,73.073
2022-06-21 06:00:00,0.0,872.197,0.0,0.0,436.0985,0.0,0.0,199.3265
2022-06-21 07:00:00,0.0,441.0362,0.0,0.0,220.5181,0.0,0.0,355.89689999999996
2022-06-21 08:00:00,0.0,12.0304,3.0076,0.0,6.0152,10.5266,0.0,503.58320000000003
2022-06-21 09:00:00,0.0,0.0,0.0,0.0,0.0,0.0,0.0,622.0695
2022-06-21 10:00:00,0.0,0.0,0.0,0.0,0.0,0.0,0.0,696.7995999999999
2022-06-21 11:00:00,0.0,0.0,0.0,0.0,0.0,0.0,0.0,718.0352999999999
2022-06-21 12:00:00,0.0,0.0,0.0,0.0,0.0,0.0,0.0,686.7036999999999
2022-06-21 13:00:00,0.0,0.0,0.0,0.0,0.0,0.0,0.0,607.5425
2022-06-21 14:00:00,0.0,0.0,0.0,0.0,0.0,0.0,0.0,484.5229
2022-06-21 15:00:00,0.0,87.958764,21.989691,0.0,43.979382,76.963918,0.0,335.2817
2022-06-21 16:00:00,0.0,611.3118,0.0,0.0,305.6559,0.0,0.0,180.0691
2022-06-21 17:00:00,0.0,875.1882,0.0,0.0,437.5941,0.0,0.0,53.5309
2022-06-21 18:00:00,0.0,1253.285,0.0,0.0,626.6425,0.0,0.0,10.4025
2022-06-21 19:00:00,0.0,1012.25,0.0,0.0,506.125,0.0,0.0,0.0
2022-06-21 20:00:00,0.0,1042.05,0.0,0.0,521.025,0.0,0.0,0.0
2022-06-21 21:00:00,0.0,1024.85,0.0,0.0,512.425,0.0,0.0,0.0
2022-06-21 22:00:00,0.0,977.25,0.0,0.0,488.625,0.0,0.0,0.0
2022-06-21 23:00:00,0.0,362.12727,90.531818,0.0,181.06364,316.86136,0.0,0.0
2022-06-22 00:00:00,0.0,354.49091,88.622727,0.0,177.24545,310.17955,0.0,0.0
2022-06-22 01:00:00,0.0,367.21818,91.804545,0.0,183.60909,321.31591,0.0,0.0
2022-06-22 02:00:00,0.0,364.74545,91.186364,0.0,182.37273,319.15227,0.0,0.0
2022-06-22 03:00:00,0.0,368.16364,92.040909,0.0,184.08182,322.14318,0.0,0.0
2022-06-22 04:00:00,0.0,351.54429,87.886073,0.0,175.77215,307.60125,0.0,12.351600000000001
2022-06-22 05:00:00,0.0,897.5086,0.0,0.0,448.7543,0.0,0.0,71.9707
2022-06-22 06:00:00,0.0,733.6584,0.0,0.0,366.8292,0.0,0.0,198.89579999999998
2022-06-22 07:00:00,0.0,642.2672,0.0,0.0,321.1336,0.0,0.0,354.18139999999994
2022-06-22 08:00:00,0.0,255.4254,0.0,0.0,127.7127,0.0,0.0,502.61230000000006
2022-06-22 09:00:00,0.0,14.5506,0.0,0.0,7.2753,0.0,0.0,621.1496999999999
2022-06-22 10:00:00,0.0,0.0,0.0,0.0,0.0,0.0,0.0,688.1125999999999
2022-06-22 11:00:00,0.0,0.0,0.0,0.0,0.0,0.0,0.0,709.3629
2022-06-22 12:00:00,0.0,0.0,0.0,0.0,0.0,0.0,0.0,675.469
2022-06-22 13:00:00,0.0,0.0,0.0,0.0,0.0,0.0,0.0,597.5926
2022-06-22 14:00:00,0.0,0.0,0.0,0.0,0.0,0.0,0.0,477.45650000000006
2022-06-22 15:00:00,0.0,69.960873,17.490218,0.0,34.980436,61.215764,0.0,331.8288
2022-06-22 16:00:00,0.0,492.8272,0.0,0.0,246.4136,0.0,0.0,179.7114
2022-06-22 17:00:00,0.0,777.0016,0.0,0.0,388.5008,0.0,0.0,52.224199999999996
2022-06-22 18:00:00,0.0,1102.9918,0.0,0.0,551.4959,0.0,0.0,1.9490999999999998
2022-06-22 19:00:00,0.0,858.85,0.0,0.0,429.425,0.0,0.0,0.0
2022-06-22 20:00:00,0.0,937.45,0.0,0.0,468.725,0.0,0.0,0.0
2022-06-22 21:00:00,0.0,1002.05,0.0,0.0,501.025,0.0,0.0,0.0
2022-06-22 22:00:00,0.0,985.05,0.0,0.0,492.525,0.0,0.0,0.0
2022-06-22 23:00:00,0.0,336.67273,84.168182,0.0,168.33636,294.58864,0.0,0.0
2022-06-23 00:00:00,0.0,339.72727,84.931818,0.0,169.86364,297.26136,0.0,0.0
2022-06-23 01:00:00,0.0,351.58182,87.895455,0.0,175.79091,307.63409,0.0,0.0
2022-06-23 02:00:00,0.0,357.32727,89.331818,0.0,178.66364,312.66136,0.0,0.0
2022-06-23 03:00:00,0.0,360.96364,90.240909,0.0,180.48182,315.84318,0.0,0.0
2022-06-23 04:00:00,0.0,327.68975,81.922436,0.0,163.84487,286.72853,0.0,12.351600000000001
2022-06-23 05:00:00,0.0,748.3596,0.0,0.0,374.1798,0.0,0.0,72.4452
2022-06-23 06:00:00,0.0,460.1486,0.0,0.0,230.0743,0.0,0.0,200.45069999999998
2022-06-23 07:00:00,0.0,287.0742,0.0,0.0,143.5371,0.0,0.0,355.67789999999997
2022-06-23 08:00:00,0.0,0.0,0.0,0.0,0.0,0.0,0.0,498.152
2022-06-23 09:00:00,0.0,0.0,0.0,0.0,0.0,0.0,0.0,615.7185
2022-06-23 10:00:00,0.0,0.0,0.0,0.0,0.0,0.0,0.0,686.0613
2022-06-23 11:00:00,0.0,0.0,0.0,0.0,0.0,0.0,0.0,710.9032
2022-06-23 12:00:00,0.0,0.0,0.0,0.0,0.0,0.0,0.0,677.0165999999999
2022-06-23 13:00:00,0.0,0.0,0.0,0.0,0.0,0.0,0.0,599.0964
2022-06-23 14:00:00,0.0,1.3308364,0.33270909,0.0,0.66541818,1.1644818,0.0,476.5951
2022-06-23 15:00:00,0.0,105.76836,26.442091,0.0,52.884182,92.547318,0.0,329.1935
2022-06-23 16:00:00,0.0,538.2156,0.0,0.0,269.1078,0.0,0.0,179.31719999999999
2022-06-23 17:00:00,0.0,853.4916,0.0,0.0,426.7458,0.0,0.0,54.779199999999996
2022-06-23 18:00:00,0.0,1097.485,0.0,0.0,548.7425,0.0,0.0,10.4025
2022-06-23 19:00:00,0.0,838.05,0.0,0.0,419.025,0.0,0.0,0.0
2022-06-23 20:00:00,0.0,894.05,0.0,0.0,447.025,0.0,0.0,0.0
2022-06-23 21:00:00,0.0,366.56364,91.640909,0.0,183.28182,320.74318,0.0,0.0
2022-06-23 22:00:00,0.0,359.0,89.75,0.0,179.5,314.125,0.0,0.0
2022-06-23 23:00:00,0.0,343.8,85.95,0.0,171.9,300.825,0.0,0.0
2022-06-24 00:00:00,0.0,343.36364,85.840909,0.0,171.68182,300.44318,0.0,0.0
2022-06-24 01:00:00,0.0,356.45455,89.113636,0.0,178.22727,311.89773,0.0,0.0
2022-06-24 02:00:00,0.0,351.14545,87.786364,0.0,175.57273,307.25227,0.0,0.0
2022-06-24 03:00:00,0.0,365.61818,91.404545,0.0,182.80909,319.91591,0.0,0.0
2022-06-24 04:00:00,0.0,335.10793,83.776982,0.0,167.55396,293.21944,0.0,12.351600000000001
2022-06-24 05:00:00,0.0,695.2376,0.0,0.0,347.6188,0.0,0.0,69.3062
2022-06-24 06:00:00,0.0,415.265,0.0,0.0,207.6325,0.0,0.0,202.39250000000004
2022-06-24 07:00:00,0.0,236.011,0.0,0.0,118.0055,0.0,0.0,357.8095
2022-06-24 08:00:00,0.0,0.0,0.0,0.0,0.0,0.0,0.0,502.32759999999996
2022-06-24 09:00:00,0.0,0.0,0.0,0.0,0.0,0.0,0.0,618.3319
2022-06-24 10:00:00,0.0,0.0,0.0,0.0,0.0,0.0,0.0,693.1057999999999
2022-06-24 11:00:00,0.0,0.0,0.0,0.0,0.0,0.0,0.0,714.4291
2022-06-24 12:00:00,0.0,0.0,0.0,0.0,0.0,0.0,0.0,684.6816
2022-06-24 13:00:00,0.0,0.0,0.0,0.0,0.0,0.0,0.0,608.236
2022-06-24 14:00:00,0.0,0.0,0.0,0.0,0.0,0.0,0.0,476.49289999999996
2022-06-24 15:00:00,0.0,95.207491,23.801873,0.0,47.603745,83.306555,0.0,336.8147
2022-06-24 16:00:00,0.0,645.3948,0.0,0.0,322.6974,0.0,0.0,181.1276
2022-06-24 17:00:00,0.0,890.5024,0.0,0.0,445.2512,0.0,0.0,51.87379999999999
2022-06-24 18:00:00,0.0,1240.285,0.0,0.0,620.1425,0.0,0.0,10.4025
2022-06-24 19:00:00,0.0,943.45,0.0,0.0,471.725,0.0,0.0,0.0
2022-06-24 20:00:00,0.0,958.65,0.0,0.0,479.325,0.0,0.0,0.0
2022-06-24 21:00:00,0.0,1061.85,0.0,0.0,530.925,0.0,0.0,0.0
2022-06-24 22:00:00,0.0,358.27273,89.568182,0.0,179.13636,313.48864,0.0,0.0
2022-06-24 23:00:00,0.0,315.14545,78.786364,0.0,157.57273,275.75227,0.0,0.0
2022-06-25 00:00:00,0.0,310.78182,77.695455,0.0,155.39091,271.93409,0.0,0.0
2022-06-25 01:00:00,0.0,316.16364,79.040909,0.0,158.08182,276.64318,0.0,0.0
2022-06-25 02:00:00,0.0,333.83636,83.459091,0.0,166.91818,292.10682,0.0,0.0
2022-06-25 03:00:00,0.0,310.05455,77.513636,0.0,155.02727,271.29773,0.0,0.0
2022-06-25 04:00:00,0.0,314.19905,78.549764,0.0,157.09953,274.92417,0.0,13.001299999999997
2022-06-25 05:00:00,0.0,344.82887,86.207218,0.0,172.41444,301.72526,0.0,71.98530000000001
2022-06-25 06:00:00,0.0,250.87004,62.717509,0.0,125.43502,219.51128,0.0,195.7787
2022-06-25 07:00:00,0.0,110.19215,27.548036,0.0,55.096073,96.418127,0.0,358.4008
2022-06-25 08:00:00,0.0,0.0,0.0,0.0,0.0,0.0,0.0,492.896
2022-06-25 09:00:00,0.0,0.0,0.0,0.0,0.0,0.0,0.0,612.9664
2022-06-25 10:00:00,0.0,0.0,0.0,0.0,0.0,0.0,0.0,683.3237999999999
2022-06-25 11:00:00,0.0,0.0,0.0,0.0,0.0,0.0,0.0,712.5237999999999
2022-06-25 12:00:00,0.0,0.0,0.0,0.0,0.0,0.0,0.0,686.3022
2022-06-25 13:00:00,0.0,0.0,0.0,0.0,0.0,0.0,0.0,601.3959
2022-06-25 14:00:00,0.0,0.0,0.0,0.0,0.0,0.0,0.0,484.9536
2022-06-25 15:00:00,0.0,75.376291,18.844073,0.0,37.688145,65.954255,0.0,336.9826
2022-06-25 16:00:00,0.0,197.38567,49.346418,0.0,98.692836,172.71246,0.0,182.41969999999998
2022-06-25 17:00:00,0.0,317.08189,79.270473,0.0,158.54095,277.44665,0.0,52.8374
2022-06-25 18:00:00,0.0,1232.085,0.0,0.0,616.0425,0.0,0.0,10.4025
2022-06-25 19:00:00,0.0,978.65,0.0,0.0,489.325,0.0,0.0,0.0
2022-06-25 20:00:00,0.0,915.65,0.0,0.0,457.825,0.0,0.0,0.0
2022-06-25 21:00:00,0.0,876.45,0.0,0.0,438.225,0.0,0.0,0.0
2022-06-25 22:00:00,0.0,318.70909,79.677273,0.0,159.35455,278.87045,0.0,0.0
2022-06-25 23:00:00,0.0,291.8,72.95,0.0,145.9,255.325,0.0,0.0
2022-06-26 00:00:00,0.0,304.45455,76.113636,0.0,152.22727,266.39773,0.0,0.0
2022-06-26 01:00:00,0.0,284.09091,71.022727,0.0,142.04545,248.57955,0.0,0.0
2022-06-26 02:00:00,0.0,284.30909,71.077273,0.0,142.15455,248.77045,0.0,0.0
2022-06-26 03:00:00,0.0,285.47273,71.368182,0.0,142.73636,249.78864,0.0,0.0
2022-06-26 04:00:00,0.0,278.92589,69.731473,0.0,139.46295,244.06015,0.0,11.701900000000002
2022-06-26 05:00:00,0.0,329.32858,82.332145,0.0,164.66429,288.16251,0.0,69.59819999999999
2022-06-26 06:00:00,0.0,249.14822,62.287055,0.0,124.57411,218.00469,0.0,199.2462
2022-06-26 07:00:00,0.0,109.92145,27.480364,0.0,54.960727,96.181273,0.0,357.773
2022-06-26 08:00:00,0.0,0.0,0.0,0.0,0.0,0.0,0.0,507.4668
2022-06-26 09:00:00,0.0,0.0,0.0,0.0,0.0,0.0,0.0,621.96
2022-06-26 10:00:00,0.0,0.0,0.0,0.0,0.0,0.0,0.0,697.6682999999999
2022-06-26 11:00:00,0.0,0.0,0.0,0.0,0.0,0.0,0.0,719.8091999999999
2022-06-26 12:00:00,0.0,0.0,0.0,0.0,0.0,0.0,0.0,690.0251999999999
2022-06-26 13:00:00,0.0,0.0,0.0,0.0,0.0,0.0,0.0,607.5133
2022-06-26 14:00:00,0.0,0.0,0.0,0.0,0.0,0.0,0.0,487.5597
2022-06-26 15:00:00,0.0,67.6056,16.9014,0.0,33.8028,59.1549,0.0,337.2673
2022-06-26 16:00:00,0.0,215.21498,53.803745,0.0,107.60749,188.31311,0.0,182.7044
2022-06-26 17:00:00,0.0,313.66684,78.416709,0.0,156.83342,274.45848,0.0,53.6331
2022-06-26 18:00:00,0.0,1194.5856,0.0,0.0,597.2928,0.0,0.0,11.0522
2022-06-26 19:00:00,0.0,932.65,0.0,0.0,466.325,0.0,0.0,0.0
2022-06-26 20:00:00,0.0,978.65,0.0,0.0,489.325,0.0,0.0,0.0
2022-06-26 21:00:00,0.0,996.85,0.0,0.0,498.425,0.0,0.0,0.0
2022-06-26 22:00:00,0.0,937.05,0.0,0.0,468.525,0.0,0.0,0.0
2022-06-26 23:00:00,0.0,315.8,78.95,0.0,157.9,276.325,0.0,0.0
2022-06-27 00:00:00,0.0,321.03636,80.259091,0.0,160.51818,280.90682,0.0,0.0
2022-06-27 01:00:00,0.0,313.32727,78.331818,0.0,156.66364,274.16136,0.0,0.0
2022-06-27 02:00:00,0.0,310.49091,77.622727,0.0,155.24545,271.67955,0.0,0.0
2022-06-27 03:00:00,0.0,300.45455,75.113636,0.0,150.22727,262.89773,0.0,0.0
2022-06-27 04:00:00,0.0,300.16225,75.040564,0.0,150.08113,262.64197,0.0,11.701900000000002
2022-06-27 05:00:00,0.0,870.2672,0.0,0.0,435.1336,0.0,0.0,67.2914
2022-06-27 06:00:00,0.0,638.8668,0.0,0.0,319.4334,0.0,0.0,200.6916
2022-06-27 07:00:00,0.0,383.2992,0.0,0.0,191.6496,0.0,0.0,362.06539999999995
2022-06-27 08:00:00,0.0,0.0,0.0,0.0,0.0,0.0,0.0,503.8825
2022-06-27 09:00:00,0.0,0.0,0.0,0.0,0.0,0.0,0.0,620.8358
2022-06-27 10:00:00,0.0,0.0,0.0,0.0,0.0,0.0,0.0,689.4704
2022-06-27 11:00:00,0.0,0.0,0.0,0.0,0.0,0.0,0.0,711.6259
2022-06-27 12:00:00,0.0,0.0,0.0,0.0,0.0,0.0,0.0,685.5284
2022-06-27 13:00:00,0.0,0.0,0.0,0.0,0.0,0.0,0.0,607.3380999999999
2022-06-27 14:00:00,0.0,0.0,0.0,0.0,0.0,0.0,0.0,490.5016
2022-06-27 15:00:00,0.0,61.336873,15.334218,0.0,30.668436,53.669764,0.0,342.4868
2022-06-27 16:00:00,0.0,520.8454,0.0,0.0,260.4227,0.0,0.0,183.60229999999999
2022-06-27 17:00:00,0.0,877.1036,0.0,0.0,438.5518,0.0,0.0,53.173199999999994
2022-06-27 18:00:00,0.0,1244.485,0.0,0.0,622.2425,0.0,0.0,10.4025
2022-06-27 19:00:00,0.0,944.85,0.0,0.0,472.425,0.0,0.0,0.0
2022-06-27 20:00:00,0.0,937.25,0.0,0.0,468.625,0.0,0.0,0.0
2022-06-27 21:00:00,0.0,894.05,0.0,0.0,447.025,0.0,0.0,0.0
2022-06-27 22:00:00,0.0,894.45,0.0,0.0,447.225,0.0,0.0,0.0
2022-06-27 23:00:00,0.0,278.92727,69.731818,0.0,139.46364,244.06136,0.0,0.0
2022-06-28 00:00:00,0.0,270.41818,67.604545,0.0,135.20909,236.61591,0.0,0.0
2022-06-28 01:00:00,0.0,267.50909,66.877273,0.0,133.75455,234.07045,0.0,0.0
2022-06-28 02:00:00,0.0,268.96364,67.240909,0.0,134.48182,235.34318,0.0,0.0
2022-06-28 03:00:00,0.0,269.10909,67.277273,0.0,134.55455,235.47045,0.0,0.0
2022-06-28 04:00:00,0.0,276.08953,69.022382,0.0,138.04476,241.57834,0.0,11.701900000000002
2022-06-28 05:00:00,0.0,829.7226,0.0,0.0,414.8613,0.0,0.0,67.66369999999999
2022-06-28 06:00:00,0.0,1074.25,0.0,0.0,537.125,0.0,0.0,0.0
2022-06-28 07:00:00,0.0,1063.43,0.0,0.0,531.715,0.0,0.0,0.0
2022-06-28 08:00:00,0.0,880.65,0.0,0.0,440.325,0.0,0.0,0.0
2022-06-28 09:00:00,0.0,0.0,0.0,0.0,0.0,0.0,0.0,622.3469
2022-06-28 10:00:00,0.0,0.0,0.0,0.0,0.0,0.0,0.0,694.6096
2022-06-28 11:00:00,0.0,0.0,0.0,0.0,0.0,0.0,0.0,716.8089
2022-06-28 12:00:00,0.0,0.0,0.0,0.0,0.0,0.0,0.0,687.1344
2022-06-28 13:00:00,0.0,0.0,0.0,0.0,0.0,0.0,0.0,605.5641999999999
2022-06-28 14:00:00,0.0,0.0,0.0,0.0,0.0,0.0,0.0,486.5377000000001
2022-06-28 15:00:00,0.0,147.9092,0.0,0.0,73.9546,0.0,0.0,339.07039999999995
2022-06-28 16:00:00,0.0,562.9176,0.0,0.0,281.4588,0.0,0.0,180.26619999999997
2022-06-28 17:00:00,0.0,880.7704,0.0,0.0,440.3852,0.0,0.0,54.9398
2022-06-28 18:00:00,0.0,1268.885,0.0,0.0,634.4425,0.0,0.0,10.4025
2022-06-28 19:00:00,0.0,954.05,0.0,0.0,477.025,0.0,0.0,0.0
2022-06-28 20:00:00,0.0,992.85,0.0,0.0,496.425,0.0,0.0,0.0
2022-06-28 21:00:00,0.0,884.05,0.0,0.0,442.025,0.0,0.0,0.0
2022-06-28 22:00:00,0.0,850.85,0.0,0.0,425.425,0.0,0.0,0.0
2022-06-28 23:00:00,0.0,296.74545,74.186364,0.0,148.37273,259.65227,0.0,0.0
2022-06-29 00:00:00,0.0,287.29091,71.822727,0.0,143.64545,251.37955,0.0,0.0
2022-06-29 01:00:00,0.0,291.14545,72.786364,0.0,145.57273,254.75227,0.0,0.0
2022-06-29 02:00:00,0.0,299.21818,74.804545,0.0,149.60909,261.81591,0.0,0.0
2022-06-29 03:00:00,0.0,299.43636,74.859091,0.0,149.71818,262.00682,0.0,0.0
2022-06-29 04:00:00,0.0,306.56225,76.640564,0.0,153.28113,268.24197,0.0,11.701900000000002
2022-06-29 05:00:00,0.0,995.45,0.0,0.0,497.725,0.0,0.0,0.0
2022-06-29 06:00:00,0.0,1105.65,0.0,0.0,552.825,0.0,0.0,0.0
2022-06-29 07:00:00,0.0,1072.23,0.0,0.0,536.115,0.0,0.0,0.0
2022-06-29 08:00:00,0.0,0.0,0.0,0.0,0.0,0.0,0.0,489.50880000000006
2022-06-29 09:00:00,0.0,0.0,0.0,0.0,0.0,0.0,0.0,584.5621
2022-06-29 10:00:00,0.0,0.0,0.0,0.0,0.0,0.0,0.0,656.4452
2022-06-29 11:00:00,0.0,0.0,0.0,0.0,0.0,0.0,0.0,688.8645
2022-06-29 12:00:00,0.0,0.0,0.0,0.0,0.0,0.0,0.0,664.7818
2022-06-29 13:00:00,0.0,0.0,0.0,0.0,0.0,0.0,0.0,588.9275
2022-06-29 14:00:00,0.0,0.0,0.0,0.0,0.0,0.0,0.0,476.3542
2022-06-29 15:00:00,0.0,187.7862,0.0,0.0,93.8931,0.0,0.0,333.6319
2022-06-29 16:00:00,0.0,572.5116,0.0,0.0,286.2558,0.0,0.0,181.0692
2022-06-29 17:00:00,0.0,809.0026,0.0,0.0,404.5013,0.0,0.0,54.5237
2022-06-29 18:00:00,0.0,1147.885,0.0,0.0,573.9425,0.0,0.0,10.4025
2022-06-29 19:00:00,0.0,954.25,0.0,0.0,477.125,0.0,0.0,0.0
2022-06-29 20:00:00,0.0,921.65,0.0,0.0,460.825,0.0,0.0,0.0
2022-06-29 21:00:00,0.0,994.85,0.0,0.0,497.425,0.0,0.0,0.0
2022-06-29 22:00:00,0.0,349.54545,87.386364,0.0,174.77273,305.85227,0.0,0.0
2022-06-29 23:00:00,0.0,314.41818,78.604545,0.0,157.20909,275.11591,0.0,0.0
2022-06-30 00:00:00,0.0,305.90909,76.477273,0.0,152.95455,267.67045,0.0,0.0
2022-06-30 01:00:00,0.0,311.72727,77.931818,0.0,155.86364,272.76136,0.0,0.0
2022-06-30 02:00:00,0.0,325.61818,81.404545,0.0,162.80909,284.91591,0.0,0.0
2022-06-30 03:00:00,0.0,329.98182,82.495455,0.0,164.99091,288.73409,0.0,0.0
2022-06-30 04:00:00,0.0,318.85629,79.714073,0.0,159.42815,278.99925,0.0,5.1975999999999996
2022-06-30 05:00:00,0.0,727.4276,0.0,0.0,363.7138,0.0,0.0,68.21119999999999
2022-06-30 06:00:00,0.0,467.7542,0.0,0.0,233.8771,0.0,0.0,194.34789999999998
2022-06-30 07:00:00,0.0,292.8842,0.0,0.0,146.4421,0.0,0.0,356.7729
2022-06-30 08:00:00,0.0,18.804,0.0,0.0,9.402,0.0,0.0,500.123
2022-06-30 09:00:00,0.0,0.0,0.0,0.0,0.0,0.0,0.0,617.8647
2022-06-30 10:00:00,0.0,0.0,0.0,0.0,0.0,0.0,0.0,585.9782999999999
2022-06-30 11:00:00,0.0,0.0,0.0,0.0,0.0,0.0,0.0,700.9095
2022-06-30 12:00:00,0.0,0.0,0.0,0.0,0.0,0.0,0.0,673.0746
2022-06-30 13:00:00,0.0,0.0,0.0,0.0,0.0,0.0,0.0,590.2122999999999
2022-06-30 14:00:00,0.0,0.0,0.0,0.0,0.0,0.0,0.0,459.0386
2022-06-30 15:00:00,0.0,240.944,0.0,0.0,120.472,0.0,0.0,311.053
2022-06-30 16:00:00,0.0,609.4706,0.0,0.0,304.7353,0.0,0.0,174.38969999999998
2022-06-30 17:00:00,0.0,840.725,0.0,0.0,420.3625,0.0,0.0,62.9625
2022-06-30 18:00:00,0.0,1204.9856,0.0,0.0,602.4928,0.0,0.0,11.0522
2022-06-30 19:00:00,0.0,876.65,0.0,0.0,438.325,0.0,0.0,0.0
2022-06-30 20:00:00,0.0,920.05,0.0,0.0,460.025,0.0,0.0,0.0
2022-06-30 21:00:00,0.0,952.25,0.0,0.0,476.125,0.0,0.0,0.0
2022-06-30 22:00:00,0.0,342.2,85.55,0.0,171.1,299.425,0.0,0.0
2022-06-30 23:00:00,0.0,340.52727,85.131818,0.0,170.26364,297.96136,0.0,0.0
2022-07-01 00:00:00,0.0,337.76364,84.440909,0.0,168.88182,295.54318,0.0,0.0
2022-07-01 01:00:00,0.0,347.94545,86.986364,0.0,173.97273,304.45227,0.0,0.0
2022-07-01 02:00:00,0.0,349.32727,87.331818,0.0,174.66364,305.66136,0.0,0.0
2022-07-01 03:00:00,0.0,348.16364,87.040909,0.0,174.08182,304.64318,0.0,0.0
2022-07-01 04:00:00,0.0,333.87113,83.467782,0.0,166.93556,292.13724,0.0,11.0522
2022-07-01 05:00:00,0.0,810.9516,0.0,0.0,405.4758,0.0,0.0,32.1492
2022-07-01 06:00:00,0.0,473.084,0.0,0.0,236.542,0.0,0.0,180.383
2022-07-01 07:00:00,0.0,362.1568,0.0,0.0,181.0784,0.0,0.0,314.9366
2022-07-01 08:00:00,0.0,118.327,0.0,0.0,59.1635,0.0,0.0,417.9615
2022-07-01 09:00:00,0.0,0.0,0.0,0.0,0.0,0.0,0.0,594.3733
2022-07-01 10:00:00,0.0,0.0,0.0,0.0,0.0,0.0,0.0,602.1478
2022-07-01 11:00:00,0.0,0.0,0.0,0.0,0.0,0.0,0.0,693.2664
2022-07-01 12:00:00,0.0,0.0,0.0,0.0,0.0,0.0,0.0,518.008
2022-07-01 13:00:00,0.0,0.0,0.0,0.0,0.0,0.0,0.0,558.8952999999999
2022-07-01 14:00:00,0.0,0.0,0.0,0.0,0.0,0.0,0.0,454.26439999999997
2022-07-01 15:00:00,0.0,205.33142,51.332855,0.0,102.66571,179.66499,0.0,147.3943
2022-07-01 16:00:00,0.0,210.13171,52.532927,0.0,105.06585,183.86525,0.0,179.8939
2022-07-01 17:00:00,0.0,305.20545,76.301364,0.0,152.60273,267.05477,0.0,61.8675
2022-07-01 18:00:00,0.0,1199.7856,0.0,0.0,599.8928,0.0,0.0,11.0522
2022-07-01 19:00:00,0.0,947.05,0.0,0.0,473.525,0.0,0.0,0.0
2022-07-01 20:00:00,0.0,931.45,0.0,0.0,465.725,0.0,0.0,0.0
2022-07-01 21:00:00,0.0,868.45,0.0,0.0,434.225,0.0,0.0,0.0
2022-07-01 22:00:00,0.0,915.45,0.0,0.0,457.725,0.0,0.0,0.0
2022-07-01 23:00:00,0.0,317.4,79.35,0.0,158.7,277.725,0.0,0.0
2022-07-02 00:00:00,0.0,323.65455,80.913636,0.0,161.82727,283.19773,0.0,0.0
2022-07-02 01:00:00,0.0,324.16364,81.040909,0.0,162.08182,283.64318,0.0,0.0
2022-07-02 02:00:00,0.0,331.56,82.89,0.0,165.78,290.115,0.0,0.0
2022-07-02 03:00:00,0.0,329.10909,82.277273,0.0,164.55455,287.97045,0.0,0.0
2022-07-02 04:00:00,0.0,332.85207,83.213018,0.0,166.42604,291.24556,0.0,8.4534
2022-07-02 05:00:00,0.0,307.71164,76.927909,0.0,153.85582,269.24768,0.0,69.0215
2022-07-02 06:00:00,0.0,252.0112,63.0028,0.0,126.0056,220.5098,0.0,190.90959999999998
2022-07-02 07:00:00,0.0,122.40989,30.602473,0.0,61.204945,107.10865,0.0,349.80139999999994
2022-07-02 08:00:00,0.0,0.0,0.0,0.0,0.0,0.0,0.0,489.23139999999995
2022-07-02 09:00:00,0.0,0.0,0.0,0.0,0.0,0.0,0.0,605.4255
2022-07-02 10:00:00,0.0,0.0,0.0,0.0,0.0,0.0,0.0,684.5721
2022-07-02 11:00:00,0.0,0.0,0.0,0.0,0.0,0.0,0.0,711.2025
2022-07-02 12:00:00,0.0,0.0,0.0,0.0,0.0,0.0,0.0,685.9590999999999
2022-07-02 13:00:00,0.0,0.0,0.0,0.0,0.0,0.0,0.0,608.4915
2022-07-02 14:00:00,0.0,0.0,0.0,0.0,0.0,0.0,0.0,489.9540999999999
2022-07-02 15:00:00,0.0,73.043927,18.260982,0.0,36.521964,63.913436,0.0,341.28959999999995
2022-07-02 16:00:00,0.0,193.30684,48.326709,0.0,96.653418,169.14348,0.0,186.12810000000002
2022-07-02 17:00:00,0.0,289.46575,72.366436,0.0,144.73287,253.28253,0.0,52.2096
2022-07-02 18:00:00,0.0,1139.5856,0.0,0.0,569.7928,0.0,0.0,11.0522
2022-07-02 19:00:00,0.0,933.85,0.0,0.0,466.925,0.0,0.0,0.0
2022-07-02 20:00:00,0.0,891.25,0.0,0.0,445.625,0.0,0.0,0.0
2022-07-02 21:00:00,0.0,883.85,0.0,0.0,441.925,0.0,0.0,0.0
2022-07-02 22:00:00,0.0,791.05,0.0,0.0,395.525,0.0,0.0,0.0
2022-07-02 23:00:00,0.0,277.03636,69.259091,0.0,138.51818,242.40682,0.0,0.0
2022-07-03 00:00:00,0.0,274.34545,68.586364,0.0,137.17273,240.05227,0.0,0.0
2022-07-03 01:00:00,0.0,300.96364,75.240909,0.0,150.48182,263.34318,0.0,0.0
2022-07-03 02:00:00,0.0,295.12364,73.780909,0.0,147.56182,258.23318,0.0,0.0
2022-07-03 03:00:00,0.0,293.32727,73.331818,0.0,146.66364,256.66136,0.0,0.0
2022-07-03 04:00:00,0.0,310.85229,77.713073,0.0,155.42615,271.99575,0.0,9.1031
2022-07-03 05:00:00,0.0,286.10095,71.525236,0.0,143.05047,250.33833,0.0,62.7362
2022-07-03 06:00:00,0.0,207.23207,51.808018,0.0,103.61604,181.32806,0.0,203.18090000000004
2022-07-03 07:00:00,0.0,117.96305,29.490764,0.0,58.981527,103.21767,0.0,362.4158
2022-07-03 08:00:00,0.0,0.0,0.0,0.0,0.0,0.0,0.0,519.979
2022-07-03 09:00:00,0.0,0.0,0.0,0.0,0.0,0.0,0.0,638.6186
2022-07-03 10:00:00,0.0,0.0,0.0,0.0,0.0,0.0,0.0,710.1805
2022-07-03 11:00:00,0.0,0.0,0.0,0.0,0.0,0.0,0.0,722.6489
2022-07-03 12:00:00,0.0,0.0,0.0,0.0,0.0,0.0,0.0,693.7628
2022-07-03 13:00:00,0.0,0.0,0.0,0.0,0.0,0.0,0.0,599.403
2022-07-03 14:00:00,0.0,0.0,0.0,0.0,0.0,0.0,0.0,476.7629999999999
2022-07-03 15:00:00,0.0,58.328436,14.582109,0.0,29.164218,51.037382,0.0,328.92339999999996
2022-07-03 16:00:00,0.0,186.25273,46.563182,0.0,93.126364,162.97114,0.0,165.5275
2022-07-03 17:00:00,0.0,294.67062,73.667655,0.0,147.33531,257.83679,0.0,54.5529
2022-07-03 18:00:00,0.0,1157.1856,0.0,0.0,578.5928,0.0,0.0,11.0522
2022-07-03 19:00:00,0.0,882.65,0.0,0.0,441.325,0.0,0.0,0.0
2022-07-03 20:00:00,0.0,907.85,0.0,0.0,453.925,0.0,0.0,0.0
2022-07-03 21:00:00,0.0,868.85,0.0,0.0,434.425,0.0,0.0,0.0
2022-07-03 22:00:00,0.0,859.45,0.0,0.0,429.725,0.0,0.0,0.0
2022-07-03 23:00:00,0.0,787.25,0.0,0.0,393.625,0.0,0.0,0.0
2022-07-04 00:00:00,0.0,283.58182,70.895455,0.0,141.79091,248.13409,0.0,0.0
2022-07-04 01:00:00,0.0,301.45091,75.362727,0.0,150.72545,263.76955,0.0,0.0
2022-07-04 02:00:00,0.0,275.09455,68.773636,0.0,137.54727,240.70773,0.0,0.0
2022-07-04 03:00:00,0.0,282.68727,70.671818,0.0,141.34364,247.35136,0.0,0.0
2022-07-04 04:00:00,0.0,802.6572,0.0,0.0,401.3286,0.0,0.0,7.796399999999999
2022-07-04 05:00:00,0.0,800.6424,0.0,0.0,400.3212,0.0,0.0,67.2038
2022-07-04 06:00:00,0.0,703.485,0.0,0.0,351.7425,0.0,0.0,189.9825
2022-07-04 07:00:00,0.0,302.4544,0.0,0.0,151.2272,0.0,0.0,345.1878
2022-07-04 08:00:00,0.0,0.0,0.0,0.0,0.0,0.0,0.0,490.47240000000005
2022-07-04 09:00:00,0.0,0.0,0.0,0.0,0.0,0.0,0.0,618.0399
2022-07-04 10:00:00,0.0,0.0,0.0,0.0,0.0,0.0,0.0,691.2297
2022-07-04 11:00:00,0.0,0.0,0.0,0.0,0.0,0.0,0.0,718.6631
2022-07-04 12:00:00,0.0,0.0,0.0,0.0,0.0,0.0,0.0,694.0547999999999
2022-07-04 13:00:00,0.0,0.0,0.0,0.0,0.0,0.0,0.0,612.1853
2022-07-04 14:00:00,0.0,0.0,0.0,0.0,0.0,0.0,0.0,495.72839999999997
2022-07-04 15:00:00,0.0,36.842473,9.2106182,0.0,18.421236,32.237164,0.0,344.86659999999995
2022-07-04 16:00:00,0.0,180.10764,45.026909,0.0,90.053818,157.59418,0.0,186.077
2022-07-04 17:00:00,0.0,795.0128,0.0,0.0,397.5064,0.0,0.0,54.6186
2022-07-04 18:00:00,0.0,1145.3856,0.0,0.0,572.6928,0.0,0.0,11.0522
2022-07-04 19:00:00,0.0,888.85,0.0,0.0,444.425,0.0,0.0,0.0
2022-07-04 20:00:00,0.0,918.05,0.0,0.0,459.025,0.0,0.0,0.0
2022-07-04 21:00:00,0.0,863.25,0.0,0.0,431.625,0.0,0.0,0.0
2022-07-04 22:00:00,0.0,832.05,0.0,0.0,416.025,0.0,0.0,0.0
2022-07-04 23:00:00,0.0,825.05,0.0,0.0,412.525,0.0,0.0,0.0
2022-07-05 00:00:00,0.0,834.25,0.0,0.0,417.125,0.0,0.0,0.0
2022-07-05 01:00:00,0.0,803.25,0.0,0.0,401.625,0.0,0.0,0.0
2022-07-05 02:00:00,0.0,787.45,0.0,0.0,393.725,0.0,0.0,0.0
2022-07-05 03:00:00,0.0,826.65,0.0,0.0,413.325,0.0,0.0,0.0
2022-07-05 04:00:00,0.0,796.1432,0.0,0.0,398.0716,0.0,0.0,8.4534
2022-07-05 05:00:00,0.0,811.6064,0.0,0.0,405.8032,0.0,0.0,64.7218
2022-07-05 06:00:00,0.0,620.2592,0.0,0.0,310.1296,0.0,0.0,194.8954
2022-07-05 07:00:00,0.0,300.9856,0.0,0.0,150.4928,0.0,0.0,353.42220000000003
2022-07-05 08:00:00,0.0,0.0,0.0,0.0,0.0,0.0,0.0,503.67080000000004
2022-07-05 09:00:00,0.0,0.0,0.0,0.0,0.0,0.0,0.0,619.2809
2022-07-05 10:00:00,0.0,0.0,0.0,0.0,0.0,0.0,0.0,688.9594000000001
2022-07-05 11:00:00,0.0,0.0,0.0,0.0,0.0,0.0,0.0,708.5088
2022-07-05 12:00:00,0.0,0.0,0.0,0.0,0.0,0.0,0.0,680.6447
2022-07-05 13:00:00,0.0,0.0,0.0,0.0,0.0,0.0,0.0,607.5935999999999
2022-07-05 14:00:00,0.0,0.0,0.0,0.0,0.0,0.0,0.0,487.5597
2022-07-05 15:00:00,0.0,63.171636,15.792909,0.0,31.585818,55.275182,0.0,340.764
2022-07-05 16:00:00,0.0,469.7836,0.0,0.0,234.8918,0.0,0.0,186.0332
2022-07-05 17:00:00,0.0,815.077,0.0,0.0,407.5385,0.0,0.0,54.7865
2022-07-05 18:00:00,0.0,1158.3856,0.0,0.0,579.1928,0.0,0.0,11.0522
2022-07-05 19:00:00,0.0,898.05,0.0,0.0,449.025,0.0,0.0,0.0
2022-07-05 20:00:00,0.0,905.25,0.0,0.0,452.625,0.0,0.0,0.0
2022-07-05 21:00:00,0.0,851.85,0.0,0.0,425.925,0.0,0.0,0.0
2022-07-05 22:00:00,0.0,851.05,0.0,0.0,425.525,0.0,0.0,0.0
2022-07-05 23:00:00,0.0,793.85,0.0,0.0,396.925,0.0,0.0,0.0
2022-07-06 00:00:00,0.0,780.25,0.0,0.0,390.125,0.0,0.0,0.0
2022-07-06 01:00:00,0.0,836.25,0.0,0.0,418.125,0.0,0.0,0.0
2022-07-06 02:00:00,0.0,301.98182,75.495455,0.0,150.99091,264.23409,0.0,0.0
2022-07-06 03:00:00,0.0,788.05,0.0,0.0,394.025,0.0,0.0,0.0
2022-07-06 04:00:00,0.0,809.256,0.0,0.0,404.628,0.0,0.0,6.497
2022-07-06 05:00:00,0.0,786.2562,0.0,0.0,393.1281,0.0,0.0,63.896899999999995
2022-07-06 06:00:00,0.0,584.1692,0.0,0.0,292.0846,0.0,0.0,192.3404
2022-07-06 07:00:00,0.0,356.017,0.0,0.0,178.0085,0.0,0.0,349.7065
2022-07-06 08:00:00,0.0,0.0,0.0,0.0,0.0,0.0,0.0,493.7136
2022-07-06 09:00:00,0.0,0.0,0.0,0.0,0.0,0.0,0.0,613.4774
2022-07-06 10:00:00,0.0,0.0,0.0,0.0,0.0,0.0,0.0,690.2004000000001
2022-07-06 11:00:00,0.0,0.0,0.0,0.0,0.0,0.0,0.0,717.7214
2022-07-06 12:00:00,0.0,0.0,0.0,0.0,0.0,0.0,0.0,689.6601999999999
2022-07-06 13:00:00,0.0,0.0,0.0,0.0,0.0,0.0,0.0,612.0831
2022-07-06 14:00:00,0.0,0.0,0.0,0.0,0.0,0.0,0.0,492.5821
2022-07-06 15:00:00,0.0,56.136291,14.034073,0.0,28.068145,49.119255,0.0,339.5376
2022-07-06 16:00:00,0.0,175.14895,43.787236,0.0,87.574473,153.25533,0.0,185.59519999999998
2022-07-06 17:00:00,0.0,746.3088,0.0,0.0,373.1544,0.0,0.0,56.370599999999996
2022-07-06 18:00:00,0.0,1122.085,0.0,0.0,561.0425,0.0,0.0,10.4025
2022-07-06 19:00:00,0.0,867.85,0.0,0.0,433.925,0.0,0.0,0.0
2022-07-06 20:00:00,0.0,867.05,0.0,0.0,433.525,0.0,0.0,0.0
2022-07-06 21:00:00,0.0,820.45,0.0,0.0,410.225,0.0,0.0,0.0
2022-07-06 22:00:00,0.0,286.92727,71.731818,0.0,143.46364,251.06136,0.0,0.0
2022-07-06 23:00:00,0.0,287.43636,71.859091,0.0,143.71818,251.50682,0.0,0.0
2022-07-07 00:00:00,0.0,271.07273,67.768182,0.0,135.53636,237.18864,0.0,0.0
2022-07-07 01:00:00,0.0,271.14545,67.786364,0.0,135.57273,237.25227,0.0,0.0
2022-07-07 02:00:00,0.0,276.6,69.15,0.0,138.3,242.025,0.0,0.0
2022-07-07 03:00:00,0.0,275.43636,68.859091,0.0,137.71818,241.00682,0.0,0.0
2022-07-07 04:00:00,0.0,265.58422,66.396055,0.0,132.79211,232.38619,0.0,7.146699999999999
2022-07-07 05:00:00,0.0,236.22371,59.055927,0.0,118.11185,206.69575,0.0,64.5174
2022-07-07 06:00:00,0.0,146.11178,36.527945,0.0,73.055891,127.84781,0.0,191.1213
2022-07-07 07:00:00,0.0,280.0498,0.0,0.0,140.0249,0.0,0.0,346.2901
2022-07-07 08:00:00,0.0,0.0,0.0,0.0,0.0,0.0,0.0,491.9397
2022-07-07 09:00:00,0.0,0.0,0.0,0.0,0.0,0.0,0.0,586.2556999999999
2022-07-07 10:00:00,0.0,0.0,0.0,0.0,0.0,0.0,0.0,677.7247
2022-07-07 11:00:00,0.0,0.0,0.0,0.0,0.0,0.0,0.0,712.4946
2022-07-07 12:00:00,0.0,0.0,0.0,0.0,0.0,0.0,0.0,681.0097
2022-07-07 13:00:00,0.0,0.0,0.0,0.0,0.0,0.0,0.0,604.4619
2022-07-07 14:00:00,0.0,0.0,0.0,0.0,0.0,0.0,0.0,484.47909999999996
2022-07-07 15:00:00,0.0,48.132218,12.033055,0.0,24.066109,42.115691,0.0,337.14320000000004
2022-07-07 16:00:00,0.0,180.43964,45.109909,0.0,90.219818,157.88468,0.0,146.6205
2022-07-07 17:00:00,0.0,258.62371,64.655927,0.0,129.31185,226.29575,0.0,64.5174
2022-07-07 18:00:00,0.0,401.48545,100.37136,0.0,200.74273,351.29977,0.0,10.4025
2022-07-07 19:00:00,0.0,314.85455,78.713636,0.0,157.42727,275.49773,0.0,0.0
2022-07-07 20:00:00,0.0,326.49091,81.622727,0.0,163.24545,285.67955,0.0,0.0
2022-07-07 21:00:00,0.0,289.76364,72.440909,0.0,144.88182,253.54318,0.0,0.0
2022-07-07 22:00:00,0.0,290.92727,72.731818,0.0,145.46364,254.56136,0.0,0.0
2022-07-07 23:00:00,0.0,286.56364,71.640909,0.0,143.28182,250.74318,0.0,0.0
2022-07-08 00:00:00,0.0,296.81818,74.204545,0.0,148.40909,259.71591,0.0,0.0
2022-07-08 01:00:00,0.0,300.96364,75.240909,0.0,150.48182,263.34318,0.0,0.0
2022-07-08 02:00:00,0.0,292.45455,73.113636,0.0,146.22727,255.89773,0.0,0.0
2022-07-08 03:00:00,0.0,285.32727,71.331818,0.0,142.66364,249.66136,0.0,0.0
2022-07-08 04:00:00,0.0,280.0208,70.0052,0.0,140.0104,245.0182,0.0,7.796399999999999
2022-07-08 05:00:00,0.0,658.1688,0.0,0.0,329.0844,0.0,0.0,55.6406
2022-07-08 06:00:00,0.0,374.9678,0.0,0.0,187.4839,0.0,0.0,199.3411
2022-07-08 07:00:00,0.0,217.5538,0.0,0.0,108.7769,0.0,0.0,366.43809999999996
2022-07-08 08:00:00,0.0,0.0,0.0,0.0,0.0,0.0,0.0,508.1530000000001
2022-07-08 09:00:00,0.0,0.0,0.0,0.0,0.0,0.0,0.0,593.3732
2022-07-08 10:00:00,0.0,0.0,0.0,0.0,0.0,0.0,0.0,651.6637
2022-07-08 11:00:00,0.0,0.0,0.0,0.0,0.0,0.0,0.0,721.2692
2022-07-08 12:00:00,0.0,0.0,0.0,0.0,0.0,0.0,0.0,660.2266
2022-07-08 13:00:00,0.0,0.0,0.0,0.0,0.0,0.0,0.0,492.04189999999994
2022-07-08 14:00:00,0.0,0.0,0.0,0.0,0.0,0.0,0.0,464.69610000000006
2022-07-08 15:00:00,0.0,55.438691,13.859673,0.0,27.719345,48.508855,0.0,332.9968
2022-07-08 16:00:00,0.0,160.90269,40.225673,0.0,80.451345,140.78985,0.0,188.38379999999998
2022-07-08 17:00:00,0.0,767.5988,0.0,0.0,383.7994,0.0,0.0,58.92559999999999
2022-07-08 18:00:00,0.0,1166.2972,0.0,0.0,583.1486,0.0,0.0,7.796399999999999
2022-07-08 19:00:00,0.0,916.05,0.0,0.0,458.025,0.0,0.0,0.0
2022-07-08 20:00:00,0.0,928.65,0.0,0.0,464.325,0.0,0.0,0.0
2022-07-08 21:00:00,0.0,831.05,0.0,0.0,415.525,0.0,0.0,0.0
2022-07-08 22:00:00,0.0,816.05,0.0,0.0,408.025,0.0,0.0,0.0
2022-07-08 23:00:00,0.0,792.05,0.0,0.0,396.025,0.0,0.0,0.0
2022-07-09 00:00:00,0.0,297.25455,74.313636,0.0,148.62727,260.09773,0.0,0.0
2022-07-09 01:00:00,0.0,289.83636,72.459091,0.0,144.91818,253.60682,0.0,0.0
2022-07-09 02:00:00,0.0,290.49091,72.622727,0.0,145.24545,254.17955,0.0,0.0
2022-07-09 03:00:00,0.0,292.38182,73.095455,0.0,146.19091,255.83409,0.0,0.0
2022-07-09 04:00:00,0.0,282.85716,70.714291,0.0,141.42858,247.50002,0.0,7.796399999999999
2022-07-09 05:00:00,0.0,262.36662,65.591655,0.0,131.18331,229.57079,0.0,59.3709
2022-07-09 06:00:00,0.0,189.70655,47.426636,0.0,94.853273,165.99323,0.0,179.1785
2022-07-09 07:00:00,0.0,145.4104,36.3526,0.0,72.7052,127.2341,0.0,311.77570000000003
2022-07-09 08:00:00,0.0,0.0,0.0,0.0,0.0,0.0,0.0,519.395
2022-07-09 09:00:00,0.0,0.0,0.0,0.0,0.0,0.0,0.0,633.64
2022-07-09 10:00:00,0.0,0.0,0.0,0.0,0.0,0.0,0.0,705.3186999999999
2022-07-09 11:00:00,0.0,0.0,0.0,0.0,0.0,0.0,0.0,722.9044
2022-07-09 12:00:00,0.0,0.0,0.0,0.0,0.0,0.0,0.0,683.4698
2022-07-09 13:00:00,0.0,0.0,0.0,0.0,0.0,0.0,0.0,626.6101
2022-07-09 14:00:00,0.0,0.0,0.0,0.0,0.0,0.0,0.0,499.75069999999994
2022-07-09 15:00:00,0.0,72.9408,18.2352,0.0,36.4704,63.8232,0.0,335.93139999999994
2022-07-09 16:00:00,0.0,160.88604,40.221509,0.0,80.443018,140.77528,0.0,191.10670000000002
2022-07-09 17:00:00,0.0,285.98262,71.495655,0.0,142.99131,250.23479,0.0,47.398900000000005
2022-07-09 18:00:00,0.0,415.88545,103.97136,0.0,207.94273,363.89977,0.0,10.4025
2022-07-09 19:00:00,0.0,304.81818,76.204545,0.0,152.40909,266.71591,0.0,0.0
2022-07-09 20:00:00,0.0,320.81818,80.204545,0.0,160.40909,280.71591,0.0,0.0
2022-07-09 21:00:00,0.0,304.6,76.15,0.0,152.3,266.525,0.0,0.0
2022-07-09 22:00:00,0.0,293.90909,73.477273,0.0,146.95455,257.17045,0.0,0.0
2022-07-09 23:00:00,0.0,289.76364,72.440909,0.0,144.88182,253.54318,0.0,0.0
2022-07-10 00:00:00,0.0,273.90909,68.477273,0.0,136.95455,239.67045,0.0,0.0
2022-07-10 01:00:00,0.0,266.78182,66.695455,0.0,133.39091,233.43409,0.0,0.0
2022-07-10 02:00:00,0.0,267.58182,66.895455,0.0,133.79091,234.13409,0.0,0.0
2022-07-10 03:00:00,0.0,272.30909,68.077273,0.0,136.15455,238.27045,0.0,0.0
2022-07-10 04:00:00,0.0,270.31105,67.577764,0.0,135.15553,236.52217,0.0,5.847300000000001
2022-07-10 05:00:00,0.0,262.2256,65.5564,0.0,131.1128,229.4474,0.0,56.764799999999994
2022-07-10 06:00:00,0.0,175.79396,43.948491,0.0,87.896982,153.81972,0.0,199.80829999999997
2022-07-10 07:00:00,0.0,119.27622,29.819055,0.0,59.638109,104.36669,0.0,328.3102
2022-07-10 08:00:00,0.0,0.0,0.0,0.0,0.0,0.0,0.0,520.5922
2022-07-10 09:00:00,0.0,0.0,0.0,0.0,0.0,0.0,0.0,642.7723
2022-07-10 10:00:00,0.0,0.0,0.0,0.0,0.0,0.0,0.0,712.626
2022-07-10 11:00:00,0.0,0.0,0.0,0.0,0.0,0.0,0.0,741.8406
2022-07-10 12:00:00,0.0,0.0,0.0,0.0,0.0,0.0,0.0,712.7209
2022-07-10 13:00:00,0.0,0.0,0.0,0.0,0.0,0.0,0.0,636.2534
2022-07-10 14:00:00,0.0,0.0,0.0,0.0,0.0,0.0,0.0,514.8106
2022-07-10 15:00:00,0.0,44.544,11.136,0.0,22.272,38.976,0.0,361.277
2022-07-10 16:00:00,0.0,167.83535,41.958836,0.0,83.917673,146.85593,0.0,192.85139999999998
2022-07-10 17:00:00,0.0,281.89935,70.474836,0.0,140.94967,246.66193,0.0,46.4134
2022-07-10 18:00:00,0.0,1124.2838,0.0,0.0,562.1419,0.0,0.0,9.1031
2022-07-10 19:00:00,0.0,881.05,0.0,0.0,440.525,0.0,0.0,0.0
2022-07-10 20:00:00,0.0,874.25,0.0,0.0,437.125,0.0,0.0,0.0
2022-07-10 21:00:00,0.0,872.85,0.0,0.0,436.425,0.0,0.0,0.0
2022-07-10 22:00:00,0.0,849.85,0.0,0.0,424.925,0.0,0.0,0.0
2022-07-10 23:00:00,0.0,807.85,0.0,0.0,403.925,0.0,0.0,0.0
2022-07-11 00:00:00,0.0,275.94545,68.986364,0.0,137.97273,241.45227,0.0,0.0
2022-07-11 01:00:00,0.0,275.58182,68.895455,0.0,137.79091,241.13409,0.0,0.0
2022-07-11 02:00:00,0.0,288.23636,72.059091,0.0,144.11818,252.20682,0.0,0.0
2022-07-11 03:00:00,0.0,288.01818,72.004545,0.0,144.00909,252.01591,0.0,0.0
2022-07-11 04:00:00,0.0,779.3554,0.0,0.0,389.6777,0.0,0.0,5.847300000000001
2022-07-11 05:00:00,0.0,761.5488,0.0,0.0,380.7744,0.0,0.0,53.4506
2022-07-11 06:00:00,0.0,506.543,0.0,0.0,253.2715,0.0,0.0,199.2535
2022-07-11 07:00:00,0.0,271.4512,0.0,0.0,135.7256,0.0,0.0,368.4894
2022-07-11 08:00:00,0.0,0.0,0.0,0.0,0.0,0.0,0.0,520.1030999999999
2022-07-11 09:00:00,0.0,0.0,0.0,0.0,0.0,0.0,0.0,637.9981
2022-07-11 10:00:00,0.0,0.0,0.0,0.0,0.0,0.0,0.0,714.9693
2022-07-11 11:00:00,0.0,0.0,0.0,0.0,0.0,0.0,0.0,747.8193
2022-07-11 12:00:00,0.0,0.0,0.0,0.0,0.0,0.0,0.0,715.838
2022-07-11 13:00:00,0.0,0.0,0.0,0.0,0.0,0.0,0.0,625.5880999999999
2022-07-11 14:00:00,0.0,0.0,0.0,0.0,0.0,0.0,0.0,514.504
2022-07-11 15:00:00,0.0,130.4508,0.0,0.0,65.2254,0.0,0.0,360.9996
2022-07-11 16:00:00,0.0,426.998,0.0,0.0,213.499,0.0,0.0,194.326
2022-07-11 17:00:00,0.0,729.0902,0.0,0.0,364.5451,0.0,0.0,47.179899999999996
2022-07-11 18:00:00,0.0,1120.2838,0.0,0.0,560.1419,0.0,0.0,9.1031
2022-07-11 19:00:00,0.0,878.25,0.0,0.0,439.125,0.0,0.0,0.0
2022-07-11 20:00:00,0.0,869.05,0.0,0.0,434.525,0.0,0.0,0.0
2022-07-11 21:00:00,0.0,849.45,0.0,0.0,424.725,0.0,0.0,0.0
2022-07-11 22:00:00,0.0,916.45,0.0,0.0,458.225,0.0,0.0,0.0
2022-07-11 23:00:00,0.0,794.85,0.0,0.0,397.425,0.0,0.0,0.0
2022-07-12 00:00:00,0.0,809.05,0.0,0.0,404.525,0.0,0.0,0.0
2022-07-12 01:00:00,0.0,789.85,0.0,0.0,394.925,0.0,0.0,0.0
2022-07-12 02:00:00,0.0,797.65,0.0,0.0,398.825,0.0,0.0,0.0
2022-07-12 03:00:00,0.0,800.65,0.0,0.0,400.325,0.0,0.0,0.0
2022-07-12 04:00:00,0.0,794.8548,0.0,0.0,397.4274,0.0,0.0,5.1975999999999996
2022-07-12 05:00:00,0.0,729.635,0.0,0.0,364.8175,0.0,0.0,53.1075
2022-07-12 06:00:00,0.0,530.3578,0.0,0.0,265.1789,0.0,0.0,198.2461
2022-07-12 07:00:00,0.0,238.4928,0.0,0.0,119.2464,0.0,0.0,364.86859999999996
2022-07-12 08:00:00,0.0,0.0,0.0,0.0,0.0,0.0,0.0,520.7309
2022-07-12 09:00:00,0.0,0.0,0.0,0.0,0.0,0.0,0.0,632.4136
2022-07-12 10:00:00,0.0,0.0,0.0,0.0,0.0,0.0,0.0,712.9472
2022-07-12 11:00:00,0.0,0.0,0.0,0.0,0.0,0.0,0.0,734.9712999999999
2022-07-12 12:00:00,0.0,0.0,0.0,0.0,0.0,0.0,0.0,710.3045999999999
2022-07-12 13:00:00,0.0,0.0,0.0,0.0,0.0,0.0,0.0,627.0919
2022-07-12 14:00:00,0.0,0.0,0.0,0.0,0.0,0.0,0.0,503.3495999999999
2022-07-12 15:00:00,0.0,138.0408,0.0,0.0,69.0204,0.0,0.0,338.0046
2022-07-12 16:00:00,0.0,446.9256,0.0,0.0,223.4628,0.0,0.0,191.36219999999997
2022-07-12 17:00:00,0.0,722.0476,0.0,0.0,361.0238,0.0,0.0,48.5012
2022-07-12 18:00:00,0.0,1104.6838,0.0,0.0,552.3419,0.0,0.0,9.1031
2022-07-12 19:00:00,0.0,847.05,0.0,0.0,423.525,0.0,0.0,0.0
2022-07-12 20:00:00,0.0,878.25,0.0,0.0,439.125,0.0,0.0,0.0
2022-07-12 21:00:00,0.0,841.45,0.0,0.0,420.725,0.0,0.0,0.0
2022-07-12 22:00:00,0.0,819.25,0.0,0.0,409.625,0.0,0.0,0.0
2022-07-12 23:00:00,0.0,780.85,0.0,0.0,390.425,0.0,0.0,0.0
2022-07-13 00:00:00,0.0,735.85,0.0,0.0,367.925,0.0,0.0,0.0
2022-07-13 01:00:00,0.0,750.25,0.0,0.0,375.125,0.0,0.0,0.0
2022-07-13 02:00:00,0.0,775.05,0.0,0.0,387.525,0.0,0.0,0.0
2022-07-13 03:00:00,0.0,761.05,0.0,0.0,380.525,0.0,0.0,0.0
2022-07-13 04:00:00,0.0,758.5542,0.0,0.0,379.2771,0.0,0.0,4.547899999999999
2022-07-13 05:00:00,0.0,706.2216,0.0,0.0,353.1108,0.0,0.0,54.41419999999999
2022-07-13 06:00:00,0.0,454.4284,0.0,0.0,227.2142,0.0,0.0,195.61079999999998
2022-07-13 07:00:00,0.0,245.3018,0.0,0.0,122.6509,0.0,0.0,363.66409999999996
2022-07-13 08:00:00,0.0,0.0,0.0,0.0,0.0,0.0,0.0,510.78100000000006
2022-07-13 09:00:00,0.0,0.0,0.0,0.0,0.0,0.0,0.0,643.8235
2022-07-13 10:00:00,0.0,0.0,0.0,0.0,0.0,0.0,0.0,718.9405
2022-07-13 11:00:00,0.0,0.0,0.0,0.0,0.0,0.0,0.0,748.25
2022-07-13 12:00:00,0.0,0.0,0.0,0.0,0.0,0.0,0.0,719.8019
2022-07-13 13:00:00,0.0,0.0,0.0,0.0,0.0,0.0,0.0,638.9617
2022-07-13 14:00:00,0.0,0.0,0.0,0.0,0.0,0.0,0.0,514.7887000000001
2022-07-13 15:00:00,0.0,36.337309,9.0843273,0.0,18.168655,31.795145,0.0,356.5612
2022-07-13 16:00:00,0.0,153.67375,38.418436,0.0,76.836873,134.46453,0.0,192.2236
2022-07-13 17:00:00,0.0,760.3236,0.0,0.0,380.1618,0.0,0.0,48.063199999999995
2022-07-13 18:00:00,0.0,1079.2838,0.0,0.0,539.6419,0.0,0.0,9.1031
2022-07-13 19:00:00,0.0,911.05,0.0,0.0,455.525,0.0,0.0,0.0
2022-07-13 20:00:00,0.0,846.25,0.0,0.0,423.125,0.0,0.0,0.0
2022-07-13 21:00:00,0.0,869.65,0.0,0.0,434.825,0.0,0.0,0.0
2022-07-13 22:00:00,0.0,811.05,0.0,0.0,405.525,0.0,0.0,0.0
2022-07-13 23:00:00,0.0,776.25,0.0,0.0,388.125,0.0,0.0,0.0
2022-07-14 00:00:00,0.0,775.85,0.0,0.0,387.925,0.0,0.0,0.0
2022-07-14 01:00:00,0.0,730.45,0.0,0.0,365.225,0.0,0.0,0.0
2022-07-14 02:00:00,0.0,730.25,0.0,0.0,365.125,0.0,0.0,0.0
2022-07-14 03:00:00,0.0,730.25,0.0,0.0,365.125,0.0,0.0,0.0
2022-07-14 04:00:00,0.0,722.8536,0.0,0.0,361.4268,0.0,0.0,3.8981999999999997
2022-07-14 05:00:00,0.0,653.412,0.0,0.0,326.706,0.0,0.0,51.319
2022-07-14 06:00:00,0.0,364.198,0.0,0.0,182.099,0.0,0.0,201.62600000000003
2022-07-14 07:00:00,0.0,183.7682,0.0,0.0,91.8841,0.0,0.0,367.43089999999995
2022-07-14 08:00:00,0.0,0.0,0.0,0.0,0.0,0.0,0.0,524.4612
2022-07-14 09:00:00,0.0,0.0,0.0,0.0,0.0,0.0,0.0,640.7064
2022-07-14 10:00:00,0.0,0.0,0.0,0.0,0.0,0.0,0.0,718.6265999999999
2022-07-14 11:00:00,0.0,0.0,0.0,0.0,0.0,0.0,0.0,737.0518
2022-07-14 12:00:00,0.0,0.0,0.0,0.0,0.0,0.0,0.0,716.0132
2022-07-14 13:00:00,0.0,0.0,0.0,0.0,0.0,0.0,0.0,642.9475
2022-07-14 14:00:00,0.0,0.0,0.0,0.0,0.0,0.0,0.0,510.29189999999994
2022-07-14 15:00:00,0.0,29.038836,7.2597091,0.0,14.519418,25.408982,0.0,360.1966
2022-07-14 16:00:00,0.0,439.9648,0.0,0.0,219.9824,0.0,0.0,192.4426
2022-07-14 17:00:00,0.0,772.0506,0.0,0.0,386.0253,0.0,0.0,48.0997
2022-07-14 18:00:00,0.0,1089.7832,0.0,0.0,544.8916,0.0,0.0,8.4534
2022-07-14 19:00:00,0.0,881.45,0.0,0.0,440.725,0.0,0.0,0.0
2022-07-14 20:00:00,0.0,890.05,0.0,0.0,445.025,0.0,0.0,0.0
2022-07-14 21:00:00,0.0,785.85,0.0,0.0,392.925,0.0,0.0,0.0
2022-07-14 22:00:00,0.0,804.45,0.0,0.0,402.225,0.0,0.0,0.0
2022-07-14 23:00:00,0.0,767.25,0.0,0.0,383.625,0.0,0.0,0.0
2022-07-15 00:00:00,0.0,738.05,0.0,0.0,369.025,0.0,0.0,0.0
2022-07-15 01:00:00,0.0,740.65,0.0,0.0,370.325,0.0,0.0,0.0
2022-07-15 02:00:00,0.0,736.05,0.0,0.0,368.025,0.0,0.0,0.0
2022-07-15 03:00:00,0.0,735.65,0.0,0.0,367.825,0.0,0.0,0.0
2022-07-15 04:00:00,0.0,727.553,0.0,0.0,363.7765,0.0,0.0,3.2485
2022-07-15 05:00:00,0.0,638.8018,0.0,0.0,319.4009,0.0,0.0,51.2241
2022-07-15 06:00:00,0.0,370.1738,0.0,0.0,185.0869,0.0,0.0,198.53810000000001
2022-07-15 07:00:00,0.0,195.3898,0.0,0.0,97.6949,0.0,0.0,368.9201
2022-07-15 08:00:00,0.0,0.0,0.0,0.0,0.0,0.0,0.0,514.4602
2022-07-15 09:00:00,0.0,0.0,0.0,0.0,0.0,0.0,0.0,635.1510999999999
2022-07-15 10:00:00,0.0,0.0,0.0,0.0,0.0,0.0,0.0,705.691
2022-07-15 11:00:00,0.0,0.0,0.0,0.0,0.0,0.0,0.0,735.0735
2022-07-15 12:00:00,0.0,0.0,0.0,0.0,0.0,0.0,0.0,718.4076
2022-07-15 13:00:00,0.0,0.0,0.0,0.0,0.0,0.0,0.0,634.881
2022-07-15 14:00:00,0.0,0.0,0.0,0.0,0.0,0.0,0.0,510.9708
2022-07-15 15:00:00,0.0,26.474764,6.6186909,0.0,13.237382,23.165418,0.0,360.7222
2022-07-15 16:00:00,0.0,468.3134,0.0,0.0,234.1567,0.0,0.0,193.9683
2022-07-15 17:00:00,0.0,734.839,0.0,0.0,367.4195,0.0,0.0,47.705499999999994
2022-07-15 18:00:00,0.0,1105.7832,0.0,0.0,552.8916,0.0,0.0,8.4534
2022-07-15 19:00:00,0.0,874.85,0.0,0.0,437.425,0.0,0.0,0.0
2022-07-15 20:00:00,0.0,890.25,0.0,0.0,445.125,0.0,0.0,0.0
2022-07-15 21:00:00,0.0,890.85,0.0,0.0,445.425,0.0,0.0,0.0
2022-07-15 22:00:00,0.0,802.85,0.0,0.0,401.425,0.0,0.0,0.0
2022-07-15 23:00:00,0.0,766.05,0.0,0.0,383.025,0.0,0.0,0.0
2022-07-16 00:00:00,0.0,746.45,0.0,0.0,373.225,0.0,0.0,0.0
2022-07-16 01:00:00,0.0,264.38182,66.095455,0.0,132.19091,231.33409,0.0,0.0
2022-07-16 02:00:00,0.0,270.34545,67.586364,0.0,135.17273,236.55227,0.0,0.0
2022-07-16 03:00:00,0.0,269.47273,67.368182,0.0,134.73636,235.78864,0.0,0.0
2022-07-16 04:00:00,0.0,272.05564,68.013909,0.0,136.02782,238.04868,0.0,3.2485
2022-07-16 05:00:00,0.0,256.54531,64.136327,0.0,128.27265,224.47715,0.0,51.27519999999999
2022-07-16 06:00:00,0.0,156.74553,39.186382,0.0,78.372764,137.15234,0.0,196.0999
2022-07-16 07:00:00,0.0,73.057309,18.264327,0.0,36.528655,63.925145,0.0,363.8612
2022-07-16 08:00:00,0.0,0.0,0.0,0.0,0.0,0.0,0.0,511.99279999999993
2022-07-16 09:00:00,0.0,0.0,0.0,0.0,0.0,0.0,0.0,623.3324
2022-07-16 10:00:00,0.0,0.0,0.0,0.0,0.0,0.0,0.0,698.6537999999999
2022-07-16 11:00:00,0.0,0.0,0.0,0.0,0.0,0.0,0.0,720.7071
2022-07-16 12:00:00,0.0,0.0,0.0,0.0,0.0,0.0,0.0,700.727
2022-07-16 13:00:00,0.0,0.0,0.0,0.0,0.0,0.0,0.0,629.7345
2022-07-16 14:00:00,0.0,0.0,0.0,0.0,0.0,0.0,0.0,505.0286
2022-07-16 15:00:00,0.0,31.537818,7.8844545,0.0,15.768909,27.595591,0.0,356.8605
2022-07-16 16:00:00,0.0,146.59425,36.648564,0.0,73.297127,128.26997,0.0,192.15789999999998
2022-07-16 17:00:00,0.0,270.37804,67.594509,0.0,135.18902,236.58078,0.0,48.355199999999996
2022-07-16 18:00:00,0.0,382.75753,95.689382,0.0,191.37876,334.91284,0.0,8.4534
2022-07-16 19:00:00,0.0,812.25,0.0,0.0,406.125,0.0,0.0,0.0
2022-07-16 20:00:00,0.0,848.85,0.0,0.0,424.425,0.0,0.0,0.0
2022-07-16 21:00:00,0.0,860.85,0.0,0.0,430.425,0.0,0.0,0.0
2022-07-16 22:00:00,0.0,828.65,0.0,0.0,414.325,0.0,0.0,0.0
2022-07-16 23:00:00,0.0,279.21818,69.804545,0.0,139.60909,244.31591,0.0,0.0
2022-07-17 00:00:00,0.0,267.36364,66.840909,0.0,133.68182,233.94318,0.0,0.0
2022-07-17 01:00:00,0.0,265.54545,66.386364,0.0,132.77273,232.35227,0.0,0.0
2022-07-17 02:00:00,0.0,266.92727,66.731818,0.0,133.46364,233.56136,0.0,0.0
2022-07-17 03:00:00,0.0,266.85455,66.713636,0.0,133.42727,233.49773,0.0,0.0
2022-07-17 04:00:00,0.0,270.05498,67.513745,0.0,135.02749,236.29811,0.0,1.2993999999999999
2022-07-17 05:00:00,0.0,256.14182,64.035455,0.0,128.07091,224.12409,0.0,51.830000000000005
2022-07-17 06:00:00,0.0,158.10313,39.525782,0.0,79.051564,138.34024,0.0,193.33319999999998
2022-07-17 07:00:00,0.0,67.933527,16.983382,0.0,33.966764,59.441836,0.0,363.30639999999994
2022-07-17 08:00:00,0.0,0.0,0.0,0.0,0.0,0.0,0.0,517.6357
2022-07-17 09:00:00,0.0,0.0,0.0,0.0,0.0,0.0,0.0,640.1077999999999
2022-07-17 10:00:00,0.0,0.0,0.0,0.0,0.0,0.0,0.0,718.1594
2022-07-17 11:00:00,0.0,0.0,0.0,0.0,0.0,0.0,0.0,744.7095
2022-07-17 12:00:00,0.0,0.0,0.0,0.0,0.0,0.0,0.0,716.3636
2022-07-17 13:00:00,0.0,0.0,0.0,0.0,0.0,0.0,0.0,636.3556
2022-07-17 14:00:00,0.0,0.0,0.0,0.0,0.0,0.0,0.0,513.0075
2022-07-17 15:00:00,0.0,17.173673,4.2934182,0.0,8.5868364,15.026964,0.0,360.2112
2022-07-17 16:00:00,0.0,151.88051,37.970127,0.0,75.940255,132.89545,0.0,192.2893
2022-07-17 17:00:00,0.0,717.1032,0.0,0.0,358.5516,0.0,0.0,47.873400000000004
2022-07-17 18:00:00,0.0,1039.0972,0.0,0.0,519.5486,0.0,0.0,7.796399999999999
2022-07-17 19:00:00,0.0,853.05,0.0,0.0,426.525,0.0,0.0,0.0
2022-07-17 20:00:00,0.0,824.25,0.0,0.0,412.125,0.0,0.0,0.0
2022-07-17 21:00:00,0.0,821.65,0.0,0.0,410.825,0.0,0.0,0.0
2022-07-17 22:00:00,0.0,777.05,0.0,0.0,388.525,0.0,0.0,0.0
2022-07-17 23:00:00,0.0,740.45,0.0,0.0,370.225,0.0,0.0,0.0
2022-07-18 00:00:00,0.0,729.85,0.0,0.0,364.925,0.0,0.0,0.0
2022-07-18 01:00:00,0.0,721.25,0.0,0.0,360.625,0.0,0.0,0.0
2022-07-18 02:00:00,0.0,260.6,65.15,0.0,130.3,228.025,0.0,0.0
2022-07-18 03:00:00,0.0,264.45455,66.113636,0.0,132.22727,231.39773,0.0,0.0
2022-07-18 04:00:00,0.0,729.8512,0.0,0.0,364.9256,0.0,0.0,1.2993999999999999
2022-07-18 05:00:00,0.0,666.7456,0.0,0.0,333.3728,0.0,0.0,54.852199999999996
2022-07-18 06:00:00,0.0,440.0638,0.0,0.0,220.0319,0.0,0.0,186.4931
2022-07-18 07:00:00,0.0,187.3494,0.0,0.0,93.6747,0.0,0.0,344.64029999999997
2022-07-18 08:00:00,0.0,0.0,0.0,0.0,0.0,0.0,0.0,502.7948
2022-07-18 09:00:00,0.0,0.0,0.0,0.0,0.0,0.0,0.0,618.7407
2022-07-18 10:00:00,0.0,0.0,0.0,0.0,0.0,0.0,0.0,702.26
2022-07-18 11:00:00,0.0,0.0,0.0,0.0,0.0,0.0,0.0,728.0363
2022-07-18 12:00:00,0.0,0.0,0.0,0.0,0.0,0.0,0.0,697.0259
2022-07-18 13:00:00,0.0,0.0,0.0,0.0,0.0,0.0,0.0,619.1057
2022-07-18 14:00:00,0.0,0.0,0.0,0.0,0.0,0.0,0.0,496.3343
2022-07-18 15:00:00,0.0,91.5944,0.0,0.0,45.7972,0.0,0.0,351.0278
2022-07-18 16:00:00,0.0,399.16,0.0,0.0,199.58,0.0,0.0,187.245
2022-07-18 17:00:00,0.0,700.7796,0.0,0.0,350.3898,0.0,0.0,52.7352
2022-07-18 18:00:00,0.0,1075.696,0.0,0.0,537.848,0.0,0.0,6.497
2022-07-18 19:00:00,0.0,792.85,0.0,0.0,396.425,0.0,0.0,0.0
2022-07-18 20:00:00,0.0,812.25,0.0,0.0,406.125,0.0,0.0,0.0
2022-07-18 21:00:00,0.0,790.85,0.0,0.0,395.425,0.0,0.0,0.0
2022-07-18 22:00:00,0.0,803.65,0.0,0.0,401.825,0.0,0.0,0.0
2022-07-18 23:00:00,0.0,768.45,0.0,0.0,384.225,0.0,0.0,0.0
2022-07-19 00:00:00,0.0,725.85,0.0,0.0,362.925,0.0,0.0,0.0
2022-07-19 01:00:00,0.0,722.61,0.0,0.0,361.305,0.0,0.0,0.0
2022-07-19 02:00:00,0.0,724.97,0.0,0.0,362.485,0.0,0.0,0.0
2022-07-19 03:00:00,0.0,737.67,0.0,0.0,368.835,0.0,0.0,0.0
2022-07-19 04:00:00,0.0,724.25,0.0,0.0,362.125,0.0,0.0,0.0
2022-07-19 05:00:00,0.0,664.9252,0.0,0.0,332.4626,0.0,0.0,54.6624
2022-07-19 06:00:00,0.0,428.5774,0.0,0.0,214.2887,0.0,0.0,187.8363
2022-07-19 07:00:00,0.0,170.9938,0.0,0.0,85.4969,0.0,0.0,356.2181
2022-07-19 08:00:00,0.0,0.0,0.0,0.0,0.0,0.0,0.0,507.8390999999999
2022-07-19 09:00:00,0.0,0.0,0.0,0.0,0.0,0.0,0.0,632.1216
2022-07-19 10:00:00,0.0,0.0,0.0,0.0,0.0,0.0,0.0,702.7053
2022-07-19 11:00:00,0.0,0.0,0.0,0.0,0.0,0.0,0.0,732.9711
2022-07-19 12:00:00,0.0,0.0,0.0,0.0,0.0,0.0,0.0,705.5523
2022-07-19 13:00:00,0.0,0.0,0.0,0.0,0.0,0.0,0.0,623.055
2022-07-19 14:00:00,0.0,0.0,0.0,0.0,0.0,0.0,0.0,504.4227000000001
2022-07-19 15:00:00,0.0,109.2422,0.0,0.0,54.6211,0.0,0.0,352.90389999999996
2022-07-19 16:00:00,0.0,415.4794,0.0,0.0,207.7397,0.0,0.0,188.78529999999998
2022-07-19 17:00:00,0.0,678.4122,0.0,0.0,339.2061,0.0,0.0,50.31889999999999
2022-07-19 18:00:00,0.0,1069.096,0.0,0.0,534.548,0.0,0.0,6.497
2022-07-19 19:00:00,0.0,819.65,0.0,0.0,409.825,0.0,0.0,0.0
2022-07-19 20:00:00,0.0,801.65,0.0,0.0,400.825,0.0,0.0,0.0
2022-07-19 21:00:00,0.0,843.65,0.0,0.0,421.825,0.0,0.0,0.0
2022-07-19 22:00:00,0.0,283.50909,70.877273,0.0,141.75455,248.07045,0.0,0.0
2022-07-19 23:00:00,0.0,268.30909,67.077273,0.0,134.15455,234.77045,0.0,0.0
2022-07-20 00:00:00,0.0,266.12727,66.531818,0.0,133.06364,232.86136,0.0,0.0
2022-07-20 01:00:00,0.0,265.90909,66.477273,0.0,132.95455,232.67045,0.0,0.0
2022-07-20 02:00:00,0.0,260.30909,65.077273,0.0,130.15455,227.77045,0.0,0.0
2022-07-20 03:00:00,0.0,261.98182,65.495455,0.0,130.99091,229.23409,0.0,0.0
2022-07-20 04:00:00,0.0,263.07273,65.768182,0.0,131.53636,230.18864,0.0,0.0
2022-07-20 05:00:00,0.0,665.1594,0.0,0.0,332.5797,0.0,0.0,51.54529999999999
2022-07-20 06:00:00,0.0,415.5536,0.0,0.0,207.7768,0.0,0.0,190.04819999999998
2022-07-20 07:00:00,0.0,163.8704,0.0,0.0,81.9352,0.0,0.0,360.0798
2022-07-20 08:00:00,0.0,0.0,0.0,0.0,0.0,0.0,0.0,517.1685
2022-07-20 09:00:00,0.0,0.0,0.0,0.0,0.0,0.0,0.0,623.9675
2022-07-20 10:00:00,0.0,0.0,0.0,0.0,0.0,0.0,0.0,712.1807
2022-07-20 11:00:00,0.0,0.0,0.0,0.0,0.0,0.0,0.0,746.1841
2022-07-20 12:00:00,0.0,0.0,0.0,0.0,0.0,0.0,0.0,714.1809000000001
2022-07-20 13:00:00,0.0,0.0,0.0,0.0,0.0,0.0,0.0,634.1875
2022-07-20 14:00:00,0.0,0.0,0.0,0.0,0.0,0.0,0.0,508.2333
2022-07-20 15:00:00,0.0,58.6986,0.0,0.0,29.3493,0.0,0.0,355.5757
2022-07-20 16:00:00,0.0,398.1914,0.0,0.0,199.0957,0.0,0.0,190.82930000000002
2022-07-20 17:00:00,0.0,710.95,0.0,0.0,355.475,0.0,0.0,47.45
2022-07-20 18:00:00,0.0,1039.296,0.0,0.0,519.648,0.0,0.0,6.497
2022-07-20 19:00:00,0.0,809.25,0.0,0.0,404.625,0.0,0.0,0.0
2022-07-20 20:00:00,0.0,786.45,0.0,0.0,393.225,0.0,0.0,0.0
2022-07-20 21:00:00,0.0,798.45,0.0,0.0,399.225,0.0,0.0,0.0
2022-07-20 22:00:00,0.0,765.25,0.0,0.0,382.625,0.0,0.0,0.0
2022-07-20 23:00:00,0.0,748.05,0.0,0.0,374.025,0.0,0.0,0.0
2022-07-21 00:00:00,0.0,729.39,0.0,0.0,364.695,0.0,0.0,0.0
2022-07-21 01:00:00,0.0,731.17,0.0,0.0,365.585,0.0,0.0,0.0
2022-07-21 02:00:00,0.0,728.11,0.0,0.0,364.055,0.0,0.0,0.0
2022-07-21 03:00:00,0.0,730.13,0.0,0.0,365.065,0.0,0.0,0.0
2022-07-21 04:00:00,0.0,729.25,0.0,0.0,364.625,0.0,0.0,0.0
2022-07-21 05:00:00,0.0,628.7464,0.0,0.0,314.3732,0.0,0.0,50.85179999999999
2022-07-21 06:00:00,0.0,350.5388,0.0,0.0,175.2694,0.0,0.0,191.0556
2022-07-21 07:00:00,0.0,199.032,0.0,0.0,99.516,0.0,0.0,362.299
2022-07-21 08:00:00,0.0,0.0,0.0,0.0,0.0,0.0,0.0,514.2339
2022-07-21 09:00:00,0.0,0.0,0.0,0.0,0.0,0.0,0.0,630.3039
2022-07-21 10:00:00,0.0,0.0,0.0,0.0,0.0,0.0,0.0,715.7431
2022-07-21 11:00:00,0.0,0.0,0.0,0.0,0.0,0.0,0.0,742.3661999999999
2022-07-21 12:00:00,0.0,0.0,0.0,0.0,0.0,0.0,0.0,718.4806
2022-07-21 13:00:00,0.0,0.0,0.0,0.0,0.0,0.0,0.0,634.8299000000001
2022-07-21 14:00:00,0.0,0.0,0.0,0.0,0.0,0.0,0.0,511.438
2022-07-21 15:00:00,0.0,53.292,0.0,0.0,26.646,0.0,0.0,359.379
2022-07-21 16:00:00,0.0,434.5828,0.0,0.0,217.2914,0.0,0.0,190.0336
2022-07-21 17:00:00,0.0,712.655,0.0,0.0,356.3275,0.0,0.0,47.9975
2022-07-21 18:00:00,0.0,1101.8948,0.0,0.0,550.9474,0.0,0.0,5.1975999999999996
2022-07-21 19:00:00,0.0,813.25,0.0,0.0,406.625,0.0,0.0,0.0
2022-07-21 20:00:00,0.0,797.25,0.0,0.0,398.625,0.0,0.0,0.0
2022-07-21 21:00:00,0.0,770.45,0.0,0.0,385.225,0.0,0.0,0.0
2022-07-21 22:00:00,0.0,767.25,0.0,0.0,383.625,0.0,0.0,0.0
2022-07-21 23:00:00,0.0,756.29,0.0,0.0,378.145,0.0,0.0,0.0
2022-07-22 00:00:00,0.0,732.57,0.0,0.0,366.285,0.0,0.0,0.0
2022-07-22 01:00:00,0.0,728.57,0.0,0.0,364.285,0.0,0.0,0.0
2022-07-22 02:00:00,0.0,728.81,0.0,0.0,364.405,0.0,0.0,0.0
2022-07-22 03:00:00,0.0,721.35,0.0,0.0,360.675,0.0,0.0,0.0
2022-07-22 04:00:00,0.0,712.25,0.0,0.0,356.125,0.0,0.0,0.0
2022-07-22 05:00:00,0.0,618.1364,0.0,0.0,309.0682,0.0,0.0,49.7568
2022-07-22 06:00:00,0.0,347.1762,0.0,0.0,173.5881,0.0,0.0,193.83689999999999
2022-07-22 07:00:00,0.0,139.9048,0.0,0.0,69.9524,0.0,0.0,363.26259999999996
2022-07-22 08:00:00,0.0,0.0,0.0,0.0,0.0,0.0,0.0,516.1173
2022-07-22 09:00:00,0.0,0.0,0.0,0.0,0.0,0.0,0.0,635.9686999999999
2022-07-22 10:00:00,0.0,0.0,0.0,0.0,0.0,0.0,0.0,718.612
2022-07-22 11:00:00,0.0,0.0,0.0,0.0,0.0,0.0,0.0,745.257
2022-07-22 12:00:00,0.0,0.0,0.0,0.0,0.0,0.0,0.0,716.9257
2022-07-22 13:00:00,0.0,0.0,0.0,0.0,0.0,0.0,0.0,634.0123
2022-07-22 14:00:00,0.0,0.0,0.0,0.0,0.0,0.0,0.0,510.69339999999994
2022-07-22 15:00:00,0.0,78.3392,0.0,0.0,39.1696,0.0,0.0,356.95539999999994
2022-07-22 16:00:00,0.0,387.3226,0.0,0.0,193.6613,0.0,0.0,191.76369999999997
2022-07-22 17:00:00,0.0,760.6504,0.0,0.0,380.3252,0.0,0.0,49.099799999999995
2022-07-22 18:00:00,0.0,1080.0948,0.0,0.0,540.0474,0.0,0.0,5.1975999999999996
2022-07-22 19:00:00,0.0,876.05,0.0,0.0,438.025,0.0,0.0,0.0
2022-07-22 20:00:00,0.0,827.45,0.0,0.0,413.725,0.0,0.0,0.0
2022-07-22 21:00:00,0.0,838.85,0.0,0.0,419.425,0.0,0.0,0.0
2022-07-22 22:00:00,0.0,812.85,0.0,0.0,406.425,0.0,0.0,0.0
2022-07-22 23:00:00,0.0,760.25,0.0,0.0,380.125,0.0,0.0,0.0
2022-07-23 00:00:00,0.0,717.05,0.0,0.0,358.525,0.0,0.0,0.0
2022-07-23 01:00:00,0.0,717.05,0.0,0.0,358.525,0.0,0.0,0.0
2022-07-23 02:00:00,0.0,717.05,0.0,0.0,358.525,0.0,0.0,0.0
2022-07-23 03:00:00,0.0,711.23,0.0,0.0,355.615,0.0,0.0,0.0
2022-07-23 04:00:00,0.0,727.05,0.0,0.0,363.525,0.0,0.0,0.0
2022-07-23 05:00:00,0.0,650.5272,0.0,0.0,325.2636,0.0,0.0,51.9614
2022-07-23 06:00:00,0.0,445.0252,0.0,0.0,222.5126,0.0,0.0,189.7124
2022-07-23 07:00:00,0.0,221.7686,0.0,0.0,110.8843,0.0,0.0,358.1307
2022-07-23 08:00:00,0.0,0.0,0.0,0.0,0.0,0.0,0.0,513.8324
2022-07-23 09:00:00,0.0,0.0,0.0,0.0,0.0,0.0,0.0,616.6967
2022-07-23 10:00:00,0.0,0.0,0.0,0.0,0.0,0.0,0.0,704.231
2022-07-23 11:00:00,0.0,0.0,0.0,0.0,0.0,0.0,0.0,730.8687
2022-07-23 12:00:00,0.0,0.0,0.0,0.0,0.0,0.0,0.0,699.8145
2022-07-23 13:00:00,0.0,0.0,0.0,0.0,0.0,0.0,0.0,618.2735
2022-07-23 14:00:00,0.0,0.0,0.0,0.0,0.0,0.0,0.0,501.47349999999994
2022-07-23 15:00:00,0.0,25.690182,6.4225455,0.0,12.845091,22.478909,0.0,353.101
2022-07-23 16:00:00,0.0,147.28982,36.822455,0.0,73.644909,128.87859,0.0,190.2015
2022-07-23 17:00:00,0.0,709.9116,0.0,0.0,354.9558,0.0,0.0,49.6692
2022-07-23 18:00:00,0.0,1093.1942,0.0,0.0,546.5971,0.0,0.0,4.547899999999999
2022-07-23 19:00:00,0.0,827.25,0.0,0.0,413.625,0.0,0.0,0.0
2022-07-23 20:00:00,0.0,815.25,0.0,0.0,407.625,0.0,0.0,0.0
2022-07-23 21:00:00,0.0,819.25,0.0,0.0,409.625,0.0,0.0,0.0
2022-07-23 22:00:00,0.0,782.05,0.0,0.0,391.025,0.0,0.0,0.0
2022-07-23 23:00:00,0.0,754.29,0.0,0.0,377.145,0.0,0.0,0.0
2022-07-24 00:00:00,0.0,729.13,0.0,0.0,364.565,0.0,0.0,0.0
2022-07-24 01:00:00,0.0,726.83,0.0,0.0,363.415,0.0,0.0,0.0
2022-07-24 02:00:00,0.0,729.77,0.0,0.0,364.885,0.0,0.0,0.0
2022-07-24 03:00:00,0.0,732.03,0.0,0.0,366.015,0.0,0.0,0.0
2022-07-24 04:00:00,0.0,736.85,0.0,0.0,368.425,0.0,0.0,0.0
2022-07-24 05:00:00,0.0,234.20742,58.551855,0.0,117.10371,204.93149,0.0,51.289799999999985
2022-07-24 06:00:00,0.0,151.1168,37.7792,0.0,75.5584,132.2272,0.0,189.63939999999997
2022-07-24 07:00:00,0.0,73.281673,18.320418,0.0,36.640836,64.121464,0.0,359.15270000000004
2022-07-24 08:00:00,0.0,0.0,0.0,0.0,0.0,0.0,0.0,507.4595
2022-07-24 09:00:00,0.0,0.0,0.0,0.0,0.0,0.0,0.0,635.7205
2022-07-24 10:00:00,0.0,0.0,0.0,0.0,0.0,0.0,0.0,718.466
2022-07-24 11:00:00,0.0,0.0,0.0,0.0,0.0,0.0,0.0,749.6735
2022-07-24 12:00:00,0.0,0.0,0.0,0.0,0.0,0.0,0.0,721.2765
2022-07-24 13:00:00,0.0,0.0,0.0,0.0,0.0,0.0,0.0,637.4214000000001
2022-07-24 14:00:00,0.0,0.0,0.0,0.0,0.0,0.0,0.0,513.7959
2022-07-24 15:00:00,0.0,28.943782,7.2359455,0.0,14.471891,25.325809,0.0,360.6273
2022-07-24 16:00:00,0.0,153.38335,38.345836,0.0,76.691673,134.21043,0.0,192.5229
2022-07-24 17:00:00,0.0,716.4758,0.0,0.0,358.2379,0.0,0.0,46.1871
2022-07-24 18:00:00,0.0,1061.393,0.0,0.0,530.6965,0.0,0.0,3.2485
2022-07-24 19:00:00,0.0,818.05,0.0,0.0,409.025,0.0,0.0,0.0
2022-07-24 20:00:00,0.0,832.05,0.0,0.0,416.025,0.0,0.0,0.0
2022-07-24 21:00:00,0.0,805.45,0.0,0.0,402.725,0.0,0.0,0.0
2022-07-24 22:00:00,0.0,800.05,0.0,0.0,400.025,0.0,0.0,0.0
2022-07-24 23:00:00,0.0,740.85,0.0,0.0,370.425,0.0,0.0,0.0
2022-07-25 00:00:00,0.0,261.18182,65.295455,0.0,130.59091,228.53409,0.0,0.0
2022-07-25 01:00:00,0.0,260.45455,65.113636,0.0,130.22727,227.89773,0.0,0.0
2022-07-25 02:00:00,0.0,260.01818,65.004545,0.0,130.00909,227.51591,0.0,0.0
2022-07-25 03:00:00,0.0,259.50909,64.877273,0.0,129.75455,227.07045,0.0,0.0
2022-07-25 04:00:00,0.0,266.56364,66.640909,0.0,133.28182,233.24318,0.0,0.0
2022-07-25 05:00:00,0.0,660.7158,0.0,0.0,330.3579,0.0,0.0,50.567099999999996
2022-07-25 06:00:00,0.0,433.6694,0.0,0.0,216.8347,0.0,0.0,187.69029999999998
2022-07-25 07:00:00,0.0,204.3266,0.0,0.0,102.1633,0.0,0.0,349.1517
2022-07-25 08:00:00,0.0,0.0,0.0,0.0,0.0,0.0,0.0,503.6853999999999
2022-07-25 09:00:00,0.0,0.0,0.0,0.0,0.0,0.0,0.0,617.7844
2022-07-25 10:00:00,0.0,0.0,0.0,0.0,0.0,0.0,0.0,713.8597
2022-07-25 11:00:00,0.0,339.24,84.81,0.0,169.62,296.835,0.0,0.0
2022-07-25 12:00:00,0.0,0.0,0.0,0.0,0.0,0.0,0.0,705.5523
2022-07-25 13:00:00,0.0,0.0,0.0,0.0,0.0,0.0,0.0,626.5006
2022-07-25 14:00:00,0.0,0.0,0.0,0.0,0.0,0.0,0.0,502.2983999999999
2022-07-25 15:00:00,0.0,24.029018,6.0072545,0.0,12.014509,21.025391,0.0,354.6851
2022-07-25 16:00:00,0.0,153.20364,38.300909,0.0,76.601818,134.05318,0.0,189.07
2022-07-25 17:00:00,0.0,699.7616,0.0,0.0,349.8808,0.0,0.0,47.844199999999994
2022-07-25 18:00:00,0.0,1081.393,0.0,0.0,540.6965,0.0,0.0,3.2485
2022-07-25 19:00:00,0.0,836.65,0.0,0.0,418.325,0.0,0.0,0.0
2022-07-25 20:00:00,0.0,798.65,0.0,0.0,399.325,0.0,0.0,0.0
2022-07-25 21:00:00,0.0,829.25,0.0,0.0,414.625,0.0,0.0,0.0
2022-07-25 22:00:00,0.0,798.05,0.0,0.0,399.025,0.0,0.0,0.0
2022-07-25 23:00:00,0.0,742.85,0.0,0.0,371.425,0.0,0.0,0.0
2022-07-26 00:00:00,0.0,722.25,0.0,0.0,361.125,0.0,0.0,0.0
2022-07-26 01:00:00,0.0,259.50909,64.877273,0.0,129.75455,227.07045,0.0,0.0
2022-07-26 02:00:00,0.0,258.56364,64.640909,0.0,129.28182,226.24318,0.0,0.0
2022-07-26 03:00:00,0.0,717.65,0.0,0.0,358.825,0.0,0.0,0.0
2022-07-26 04:00:00,0.0,715.65,0.0,0.0,357.825,0.0,0.0,0.0
2022-07-26 05:00:00,0.0,644.149,0.0,0.0,322.0745,0.0,0.0,52.4505
2022-07-26 06:00:00,0.0,404.3744,0.0,0.0,202.1872,0.0,0.0,188.2378
2022-07-26 07:00:00,0.0,190.9138,0.0,0.0,95.4569,0.0,0.0,354.75809999999996
2022-07-26 08:00:00,0.0,0.0,0.0,0.0,0.0,0.0,0.0,507.6931
2022-07-26 09:00:00,0.0,0.0,0.0,0.0,0.0,0.0,0.0,633.2969
2022-07-26 10:00:00,0.0,0.0,0.0,0.0,0.0,0.0,0.0,708.5160999999999
2022-07-26 11:00:00,0.0,0.0,0.0,0.0,0.0,0.0,0.0,739.0155
2022-07-26 12:00:00,0.0,0.0,0.0,0.0,0.0,0.0,0.0,711.4945
2022-07-26 13:00:00,0.0,0.0,0.0,0.0,0.0,0.0,0.0,628.5884
2022-07-26 14:00:00,0.0,0.0,0.0,0.0,0.0,0.0,0.0,506.0506
2022-07-26 15:00:00,0.0,32.905164,8.2262909,0.0,16.452582,28.792018,0.0,351.4804
2022-07-26 16:00:00,0.0,149.32902,37.332255,0.0,74.664509,130.66289,0.0,187.6976
2022-07-26 17:00:00,0.0,700.8284,0.0,0.0,350.4142,0.0,0.0,49.6108
2022-07-26 18:00:00,0.0,1057.8924,0.0,0.0,528.9462,0.0,0.0,2.5987999999999998
2022-07-26 19:00:00,0.0,827.25,0.0,0.0,413.625,0.0,0.0,0.0
2022-07-26 20:00:00,0.0,805.85,0.0,0.0,402.925,0.0,0.0,0.0
2022-07-26 21:00:00,0.0,815.85,0.0,0.0,407.925,0.0,0.0,0.0
2022-07-26 22:00:00,0.0,798.45,0.0,0.0,399.225,0.0,0.0,0.0
2022-07-26 23:00:00,0.0,748.85,0.0,0.0,374.425,0.0,0.0,0.0
2022-07-27 00:00:00,0.0,727.65,0.0,0.0,363.825,0.0,0.0,0.0
2022-07-27 01:00:00,0.0,724.25,0.0,0.0,362.125,0.0,0.0,0.0
2022-07-27 02:00:00,0.0,718.05,0.0,0.0,359.025,0.0,0.0,0.0
2022-07-27 03:00:00,0.0,725.25,0.0,0.0,362.625,0.0,0.0,0.0
2022-07-27 04:00:00,0.0,730.25,0.0,0.0,365.125,0.0,0.0,0.0
2022-07-27 05:00:00,0.0,652.317,0.0,0.0,326.1585,0.0,0.0,51.866499999999995
2022-07-27 06:00:00,0.0,417.5604,0.0,0.0,208.7802,0.0,0.0,185.2448
2022-07-27 07:00:00,0.0,240.1592,0.0,0.0,120.0796,0.0,0.0,346.73539999999997
2022-07-27 08:00:00,0.0,0.0,0.0,0.0,0.0,0.0,0.0,506.9266
2022-07-27 09:00:00,0.0,0.0,0.0,0.0,0.0,0.0,0.0,625.0625
2022-07-27 10:00:00,0.0,0.0,0.0,0.0,0.0,0.0,0.0,703.1579
2022-07-27 11:00:00,0.0,0.0,0.0,0.0,0.0,0.0,0.0,737.519
2022-07-27 12:00:00,0.0,0.0,0.0,0.0,0.0,0.0,0.0,710.0272
2022-07-27 13:00:00,0.0,0.0,0.0,0.0,0.0,0.0,0.0,627.1211
2022-07-27 14:00:00,0.0,0.0,0.0,0.0,0.0,0.0,0.0,505.3571
2022-07-27 15:00:00,0.0,81.628,0.0,0.0,40.814,0.0,0.0,350.911
2022-07-27 16:00:00,0.0,418.76,0.0,0.0,209.38,0.0,0.0,187.245
2022-07-27 17:00:00,0.0,730.4896,0.0,0.0,365.2448,0.0,0.0,50.180200000000006
2022-07-27 18:00:00,0.0,1056.69,0.0,0.0,528.345,0.0,0.0,0.0
2022-07-27 19:00:00,0.0,793.65,0.0,0.0,396.825,0.0,0.0,0.0
2022-07-27 20:00:00,0.0,795.65,0.0,0.0,397.825,0.0,0.0,0.0
2022-07-27 21:00:00,0.0,792.25,0.0,0.0,396.125,0.0,0.0,0.0
2022-07-27 22:00:00,0.0,754.85,0.0,0.0,377.425,0.0,0.0,0.0
2022-07-27 23:00:00,0.0,748.85,0.0,0.0,374.425,0.0,0.0,0.0
2022-07-28 00:00:00,0.0,737.05,0.0,0.0,368.525,0.0,0.0,0.0
2022-07-28 01:00:00,0.0,723.65,0.0,0.0,361.825,0.0,0.0,0.0
2022-07-28 02:00:00,0.0,716.65,0.0,0.0,358.325,0.0,0.0,0.0
2022-07-28 03:00:00,0.0,753.25,0.0,0.0,376.625,0.0,0.0,0.0
2022-07-28 04:00:00,0.0,724.05,0.0,0.0,362.025,0.0,0.0,0.0
2022-07-28 05:00:00,0.0,621.3842,0.0,0.0,310.6921,0.0,0.0,51.63290000000001
2022-07-28 06:00:00,0.0,388.199,0.0,0.0,194.0995,0.0,0.0,182.0255
2022-07-28 07:00:00,0.0,187.506,0.0,0.0,93.753,0.0,0.0,349.962
2022-07-28 08:00:00,0.0,0.0,0.0,0.0,0.0,0.0,0.0,511.73730000000006
2022-07-28 09:00:00,0.0,0.0,0.0,0.0,0.0,0.0,0.0,632.5231
2022-07-28 10:00:00,0.0,0.0,0.0,0.0,0.0,0.0,0.0,711.6186
2022-07-28 11:00:00,0.0,0.0,0.0,0.0,0.0,0.0,0.0,738.3366
2022-07-28 12:00:00,0.0,0.0,0.0,0.0,0.0,0.0,0.0,695.6243
2022-07-28 13:00:00,0.0,0.0,0.0,0.0,0.0,0.0,0.0,631.4572999999999
2022-07-28 14:00:00,0.0,0.0,0.0,0.0,0.0,0.0,0.0,505.16
2022-07-28 15:00:00,0.0,98.0128,0.0,0.0,49.0064,0.0,0.0,353.91859999999997
2022-07-28 16:00:00,0.0,428.2066,0.0,0.0,214.1033,0.0,0.0,187.82170000000002
2022-07-28 17:00:00,0.0,756.8772,0.0,0.0,378.4386,0.0,0.0,46.4864
2022-07-28 18:00:00,0.0,1094.29,0.0,0.0,547.145,0.0,0.0,0.0
2022-07-28 19:00:00,0.0,821.25,0.0,0.0,410.625,0.0,0.0,0.0
2022-07-28 20:00:00,0.0,815.85,0.0,0.0,407.925,0.0,0.0,0.0
2022-07-28 21:00:00,0.0,775.05,0.0,0.0,387.525,0.0,0.0,0.0
2022-07-28 22:00:00,0.0,758.85,0.0,0.0,379.425,0.0,0.0,0.0
2022-07-28 23:00:00,0.0,744.65,0.0,0.0,372.325,0.0,0.0,0.0
2022-07-29 00:00:00,0.0,742.45,0.0,0.0,371.225,0.0,0.0,0.0
2022-07-29 01:00:00,0.0,732.65,0.0,0.0,366.325,0.0,0.0,0.0
2022-07-29 02:00:00,0.0,726.45,0.0,0.0,363.225,0.0,0.0,0.0
2022-07-29 03:00:00,0.0,730.25,0.0,0.0,365.125,0.0,0.0,0.0
2022-07-29 04:00:00,0.0,732.05,0.0,0.0,366.025,0.0,0.0,0.0
2022-07-29 05:00:00,0.0,638.706,0.0,0.0,319.353,0.0,0.0,48.472
2022-07-29 06:00:00,0.0,378.732,0.0,0.0,189.366,0.0,0.0,188.559
2022-07-29 07:00:00,0.0,166.951,0.0,0.0,83.4755,0.0,0.0,358.5395
2022-07-29 08:00:00,0.0,0.0,0.0,0.0,0.0,0.0,0.0,508.86839999999995
2022-07-29 09:00:00,0.0,0.0,0.0,0.0,0.0,0.0,0.0,635.5599
2022-07-29 10:00:00,0.0,0.0,0.0,0.0,0.0,0.0,0.0,711.6989
2022-07-29 11:00:00,0.0,0.0,0.0,0.0,0.0,0.0,0.0,742.2712999999999
2022-07-29 12:00:00,0.0,0.0,0.0,0.0,0.0,0.0,0.0,710.8812999999999
2022-07-29 13:00:00,0.0,0.0,0.0,0.0,0.0,0.0,0.0,627.8145999999999
2022-07-29 14:00:00,0.0,0.0,0.0,0.0,0.0,0.0,0.0,509.82470000000006
2022-07-29 15:00:00,0.0,82.1504,0.0,0.0,41.0752,0.0,0.0,352.0498
2022-07-29 16:00:00,0.0,445.6576,0.0,0.0,222.8288,0.0,0.0,188.29619999999997
2022-07-29 17:00:00,0.0,769.9052,0.0,0.0,384.9526,0.0,0.0,45.1724
2022-07-29 18:00:00,0.0,1128.69,0.0,0.0,564.345,0.0,0.0,0.0
2022-07-29 19:00:00,0.0,845.05,0.0,0.0,422.525,0.0,0.0,0.0
2022-07-29 20:00:00,0.0,810.25,0.0,0.0,405.125,0.0,0.0,0.0
2022-07-29 21:00:00,0.0,810.85,0.0,0.0,405.425,0.0,0.0,0.0
2022-07-29 22:00:00,0.0,782.05,0.0,0.0,391.025,0.0,0.0,0.0
2022-07-29 23:00:00,0.0,736.65,0.0,0.0,368.325,0.0,0.0,0.0
2022-07-30 00:00:00,0.0,723.85,0.0,0.0,361.925,0.0,0.0,0.0
2022-07-30 01:00:00,0.0,725.05,0.0,0.0,362.525,0.0,0.0,0.0
2022-07-30 02:00:00,0.0,726.85,0.0,0.0,363.425,0.0,0.0,0.0
2022-07-30 03:00:00,0.0,724.85,0.0,0.0,362.425,0.0,0.0,0.0
2022-07-30 04:00:00,0.0,745.85,0.0,0.0,372.925,0.0,0.0,0.0
2022-07-30 05:00:00,0.0,670.2962,0.0,0.0,335.1481,0.0,0.0,46.3769
2022-07-30 06:00:00,0.0,452.32,0.0,0.0,226.16,0.0,0.0,190.165
2022-07-30 07:00:00,0.0,217.0386,0.0,0.0,108.5193,0.0,0.0,358.4957
2022-07-30 08:00:00,0.0,0.0,0.0,0.0,0.0,0.0,0.0,512.5183999999999
2022-07-30 09:00:00,0.0,0.0,0.0,0.0,0.0,0.0,0.0,629.6176999999999
2022-07-30 10:00:00,0.0,0.0,0.0,0.0,0.0,0.0,0.0,712.5822
2022-07-30 11:00:00,0.0,0.0,0.0,0.0,0.0,0.0,0.0,739.3221
2022-07-30 12:00:00,0.0,0.0,0.0,0.0,0.0,0.0,0.0,711.7646
2022-07-30 13:00:00,0.0,0.0,0.0,0.0,0.0,0.0,0.0,635.2606
2022-07-30 14:00:00,0.0,0.0,0.0,0.0,0.0,0.0,0.0,497.7797
2022-07-30 15:00:00,0.0,67.8124,0.0,0.0,33.9062,0.0,0.0,348.61879999999996
2022-07-30 16:00:00,0.0,442.1528,0.0,0.0,221.0764,0.0,0.0,186.7486
2022-07-30 17:00:00,0.0,760.327,0.0,0.0,380.1635,0.0,0.0,45.6615
2022-07-30 18:00:00,0.0,1092.69,0.0,0.0,546.345,0.0,0.0,0.0
2022-07-30 19:00:00,0.0,830.25,0.0,0.0,415.125,0.0,0.0,0.0
2022-07-30 20:00:00,0.0,834.65,0.0,0.0,417.325,0.0,0.0,0.0
2022-07-30 21:00:00,0.0,813.05,0.0,0.0,406.525,0.0,0.0,0.0
2022-07-30 22:00:00,0.0,772.05,0.0,0.0,386.025,0.0,0.0,0.0
2022-07-30 23:00:00,0.0,736.65,0.0,0.0,368.325,0.0,0.0,0.0
2022-07-31 00:00:00,0.0,739.65,0.0,0.0,369.825,0.0,0.0,0.0
2022-07-31 01:00:00,0.0,721.45,0.0,0.0,360.725,0.0,0.0,0.0
2022-07-31 02:00:00,0.0,266.56364,66.640909,0.0,133.28182,233.24318,0.0,0.0
2022-07-31 03:00:00,0.0,266.78182,66.695455,0.0,133.39091,233.43409,0.0,0.0
2022-07-31 04:00:00,0.0,275.43636,68.859091,0.0,137.71818,241.00682,0.0,0.0
2022-07-31 05:00:00,0.0,250.29542,62.573855,0.0,125.14771,219.00849,0.0,45.6688
2022-07-31 06:00:00,0.0,162.43753,40.609382,0.0,81.218764,142.13284,0.0,186.5734
2022-07-31 07:00:00,0.0,230.2354,0.0,0.0,115.1177,0.0,0.0,352.59729999999996
2022-07-31 08:00:00,0.0,0.0,0.0,0.0,0.0,0.0,0.0,505.99950000000007
2022-07-31 09:00:00,0.0,0.0,0.0,0.0,0.0,0.0,0.0,625.8874000000001
2022-07-31 10:00:00,0.0,0.0,0.0,0.0,0.0,0.0,0.0,708.0781
2022-07-31 11:00:00,0.0,0.0,0.0,0.0,0.0,0.0,0.0,734.818
2022-07-31 12:00:00,0.0,0.0,0.0,0.0,0.0,0.0,0.0,714.9401
2022-07-31 13:00:00,0.0,0.0,0.0,0.0,0.0,0.0,0.0,630.8733
2022-07-31 14:00:00,0.0,0.0,0.0,0.0,0.0,0.0,0.0,504.33509999999995
2022-07-31 15:00:00,0.0,38.745673,9.6864182,0.0,19.372836,33.902464,0.0,351.04970000000003
2022-07-31 16:00:00,0.0,473.5444,0.0,0.0,236.7722,0.0,0.0,163.0528
2022-07-31 17:00:00,0.0,752.3376,0.0,0.0,376.1688,0.0,0.0,43.7562
2022-07-31 18:00:00,0.0,1100.29,0.0,0.0,550.145,0.0,0.0,0.0
2022-07-31 19:00:00,0.0,847.85,0.0,0.0,423.925,0.0,0.0,0.0
2022-07-31 20:00:00,0.0,823.65,0.0,0.0,411.825,0.0,0.0,0.0
2022-07-31 21:00:00,0.0,847.25,0.0,0.0,423.625,0.0,0.0,0.0
2022-07-31 22:00:00,0.0,765.45,0.0,0.0,382.725,0.0,0.0,0.0
2022-07-31 23:00:00,0.0,730.85,0.0,0.0,365.425,0.0,0.0,0.0
2022-08-01 00:00:00,0.0,733.45,0.0,0.0,366.725,0.0,0.0,0.0
2022-08-01 01:00:00,0.0,722.45,0.0,0.0,361.225,0.0,0.0,0.0
2022-08-01 02:00:00,0.0,729.05,0.0,0.0,364.525,0.0,0.0,0.0
2022-08-01 03:00:00,0.0,733.25,0.0,0.0,366.625,0.0,0.0,0.0
2022-08-01 04:00:00,0.0,733.85,0.0,0.0,366.925,0.0,0.0,0.0
2022-08-01 05:00:00,0.0,686.6586,0.0,0.0,343.3293,0.0,0.0,44.595699999999994
2022-08-01 06:00:00,0.0,447.5598,0.0,0.0,223.7799,0.0,0.0,188.2451
2022-08-01 07:00:00,0.0,238.805,0.0,0.0,119.4025,0.0,0.0,351.3125
2022-08-01 08:00:00,0.0,0.0,0.0,0.0,0.0,0.0,0.0,495.8598
2022-08-01 09:00:00,0.0,0.0,0.0,0.0,0.0,0.0,0.0,615.9229
2022-08-01 10:00:00,0.0,0.0,0.0,0.0,0.0,0.0,0.0,701.1723
2022-08-01 11:00:00,0.0,0.0,0.0,0.0,0.0,0.0,0.0,727.9122
2022-08-01 12:00:00,0.0,0.0,0.0,0.0,0.0,0.0,0.0,708.2095
2022-08-01 13:00:00,0.0,0.0,0.0,0.0,0.0,0.0,0.0,625.0551999999999
2022-08-01 14:00:00,0.0,0.0,0.0,0.0,0.0,0.0,0.0,505.0797
2022-08-01 15:00:00,0.0,80.9174,0.0,0.0,40.4587,0.0,0.0,349.1663
2022-08-01 16:00:00,0.0,415.3148,0.0,0.0,207.6574,0.0,0.0,186.9676
2022-08-01 17:00:00,0.0,733.183,0.0,0.0,366.5915,0.0,0.0,43.0335
2022-08-01 18:00:00,0.0,1094.89,0.0,0.0,547.445,0.0,0.0,0.0
2022-08-01 19:00:00,0.0,811.85,0.0,0.0,405.925,0.0,0.0,0.0
2022-08-01 20:00:00,0.0,878.45,0.0,0.0,439.225,0.0,0.0,0.0
2022-08-01 21:00:00,0.0,837.05,0.0,0.0,418.525,0.0,0.0,0.0
2022-08-01 22:00:00,0.0,782.45,0.0,0.0,391.225,0.0,0.0,0.0
2022-08-01 23:00:00,0.0,776.85,0.0,0.0,388.425,0.0,0.0,0.0
2022-08-02 00:00:00,0.0,727.85,0.0,0.0,363.925,0.0,0.0,0.0
2022-08-02 01:00:00,0.0,742.05,0.0,0.0,371.025,0.0,0.0,0.0
2022-08-02 02:00:00,0.0,722.65,0.0,0.0,361.325,0.0,0.0,0.0
2022-08-02 03:00:00,0.0,726.45,0.0,0.0,363.225,0.0,0.0,0.0
2022-08-02 04:00:00,0.0,744.05,0.0,0.0,372.025,0.0,0.0,0.0
2022-08-02 05:00:00,0.0,694.593,0.0,0.0,347.2965,0.0,0.0,44.1285
2022-08-02 06:00:00,0.0,484.059,0.0,0.0,242.0295,0.0,0.0,188.59550000000002
2022-08-02 07:00:00,0.0,250.2232,0.0,0.0,125.1116,0.0,0.0,355.2034
2022-08-02 08:00:00,0.0,0.0,0.0,0.0,0.0,0.0,0.0,516.4166
2022-08-02 09:00:00,0.0,0.0,0.0,0.0,0.0,0.0,0.0,638.4287999999999
2022-08-02 10:00:00,0.0,0.0,0.0,0.0,0.0,0.0,0.0,718.5827999999999
2022-08-02 11:00:00,0.0,0.0,0.0,0.0,0.0,0.0,0.0,750.0385
2022-08-02 12:00:00,0.0,0.0,0.0,0.0,0.0,0.0,0.0,717.6556999999999
2022-08-02 13:00:00,0.0,0.0,0.0,0.0,0.0,0.0,0.0,636.3847999999999
2022-08-02 14:00:00,0.0,0.0,0.0,0.0,0.0,0.0,0.0,508.664
2022-08-02 15:00:00,0.0,38.4328,9.6082,0.0,19.2164,33.6287,0.0,346.4799
2022-08-02 16:00:00,0.0,417.1994,0.0,0.0,208.5997,0.0,0.0,187.3253
2022-08-02 17:00:00,0.0,742.8356,0.0,0.0,371.4178,0.0,0.0,42.807199999999995
2022-08-02 18:00:00,0.0,1116.29,0.0,0.0,558.145,0.0,0.0,0.0
2022-08-02 19:00:00,0.0,888.45,0.0,0.0,444.225,0.0,0.0,0.0
2022-08-02 20:00:00,0.0,827.05,0.0,0.0,413.525,0.0,0.0,0.0
2022-08-02 21:00:00,0.0,828.63,0.0,0.0,414.315,0.0,0.0,0.0
2022-08-02 22:00:00,0.0,782.07,0.0,0.0,391.035,0.0,0.0,0.0
2022-08-02 23:00:00,0.0,775.85,0.0,0.0,387.925,0.0,0.0,0.0
2022-08-03 00:00:00,0.0,737.27,0.0,0.0,368.635,0.0,0.0,0.0
2022-08-03 01:00:00,0.0,739.13,0.0,0.0,369.565,0.0,0.0,0.0
2022-08-03 02:00:00,0.0,729.49,0.0,0.0,364.745,0.0,0.0,0.0
2022-08-03 03:00:00,0.0,733.55,0.0,0.0,366.775,0.0,0.0,0.0
2022-08-03 04:00:00,0.0,755.77,0.0,0.0,377.885,0.0,0.0,0.0
2022-08-03 05:00:00,0.0,661.0894,0.0,0.0,330.5447,0.0,0.0,43.8803
2022-08-03 06:00:00,0.0,463.9968,0.0,0.0,231.9984,0.0,0.0,185.72660000000002
2022-08-03 07:00:00,0.0,228.0634,0.0,0.0,114.0317,0.0,0.0,351.2833
2022-08-03 08:00:00,0.0,0.0,0.0,0.0,0.0,0.0,0.0,510.69339999999994
2022-08-03 09:00:00,0.0,0.0,0.0,0.0,0.0,0.0,0.0,627.8145999999999
2022-08-03 10:00:00,0.0,0.0,0.0,0.0,0.0,0.0,0.0,714.1371
2022-08-03 11:00:00,0.0,0.0,0.0,0.0,0.0,0.0,0.0,741.6872999999999
2022-08-03 12:00:00,0.0,0.0,0.0,0.0,0.0,0.0,0.0,713.2465
2022-08-03 13:00:00,0.0,0.0,0.0,0.0,0.0,0.0,0.0,636.5746
2022-08-03 14:00:00,0.0,0.0,0.0,0.0,0.0,0.0,0.0,513.6134
2022-08-03 15:00:00,0.0,98.3386,0.0,0.0,49.1693,0.0,0.0,352.6557
2022-08-03 16:00:00,0.0,441.439,0.0,0.0,220.7195,0.0,0.0,186.4055
2022-08-03 17:00:00,0.0,738.2562,0.0,0.0,369.1281,0.0,0.0,41.996900000000004
2022-08-03 18:00:00,0.0,1122.89,0.0,0.0,561.445,0.0,0.0,0.0
2022-08-03 19:00:00,0.0,832.45,0.0,0.0,416.225,0.0,0.0,0.0
2022-08-03 20:00:00,0.0,890.65,0.0,0.0,445.325,0.0,0.0,0.0
2022-08-03 21:00:00,0.0,800.11,0.0,0.0,400.055,0.0,0.0,0.0
2022-08-03 22:00:00,0.0,769.79,0.0,0.0,384.895,0.0,0.0,0.0
2022-08-03 23:00:00,0.0,773.49,0.0,0.0,386.745,0.0,0.0,0.0
2022-08-04 00:00:00,0.0,761.03,0.0,0.0,380.515,0.0,0.0,0.0
2022-08-04 01:00:00,0.0,721.69,0.0,0.0,360.845,0.0,0.0,0.0
2022-08-04 02:00:00,0.0,722.77,0.0,0.0,361.385,0.0,0.0,0.0
2022-08-04 03:00:00,0.0,723.45,0.0,0.0,361.725,0.0,0.0,0.0
2022-08-04 04:00:00,0.0,720.59,0.0,0.0,360.295,0.0,0.0,0.0
2022-08-04 05:00:00,0.0,647.7008,0.0,0.0,323.8504,0.0,0.0,45.2746
2022-08-04 06:00:00,0.0,386.6906,0.0,0.0,193.3453,0.0,0.0,183.87969999999999
2022-08-04 07:00:00,0.0,170.1002,0.0,0.0,85.0501,0.0,0.0,349.76489999999995
2022-08-04 08:00:00,0.0,0.0,0.0,0.0,0.0,0.0,0.0,495.1955
2022-08-04 09:00:00,0.0,0.0,0.0,0.0,0.0,0.0,0.0,626.4933
2022-08-04 10:00:00,0.0,0.0,0.0,0.0,0.0,0.0,0.0,705.7275
2022-08-04 11:00:00,0.0,0.0,0.0,0.0,0.0,0.0,0.0,736.4677999999999
2022-08-04 12:00:00,0.0,0.0,0.0,0.0,0.0,0.0,0.0,708.0635
2022-08-04 13:00:00,0.0,0.0,0.0,0.0,0.0,0.0,0.0,628.4789000000001
2022-08-04 14:00:00,0.0,0.0,0.0,0.0,0.0,0.0,0.0,500.94789999999995
2022-08-04 15:00:00,0.0,104.394,0.0,0.0,52.197,0.0,0.0,345.728
2022-08-04 16:00:00,0.0,467.1872,0.0,0.0,233.5936,0.0,0.0,182.63139999999999
2022-08-04 17:00:00,0.0,780.1904,0.0,0.0,390.0952,0.0,0.0,42.529799999999994
2022-08-04 18:00:00,0.0,1106.29,0.0,0.0,553.145,0.0,0.0,0.0
2022-08-04 19:00:00,0.0,912.45,0.0,0.0,456.225,0.0,0.0,0.0
2022-08-04 20:00:00,0.0,877.25,0.0,0.0,438.625,0.0,0.0,0.0
2022-08-04 21:00:00,0.0,821.25,0.0,0.0,410.625,0.0,0.0,0.0
2022-08-04 22:00:00,0.0,774.65,0.0,0.0,387.325,0.0,0.0,0.0
2022-08-04 23:00:00,0.0,760.95,0.0,0.0,380.475,0.0,0.0,0.0
2022-08-05 00:00:00,0.0,732.35,0.0,0.0,366.175,0.0,0.0,0.0
2022-08-05 01:00:00,0.0,757.17,0.0,0.0,378.585,0.0,0.0,0.0
2022-08-05 02:00:00,0.0,759.39,0.0,0.0,379.695,0.0,0.0,0.0
2022-08-05 03:00:00,0.0,766.03,0.0,0.0,383.015,0.0,0.0,0.0
2022-08-05 04:00:00,0.0,763.29,0.0,0.0,381.645,0.0,0.0,0.0
2022-08-05 05:00:00,0.0,660.3596,0.0,0.0,330.1798,0.0,0.0,43.2452
2022-08-05 06:00:00,0.0,397.2886,0.0,0.0,198.6443,0.0,0.0,186.58069999999998
2022-08-05 07:00:00,0.0,181.9762,0.0,0.0,90.9881,0.0,0.0,356.6269
2022-08-05 08:00:00,0.0,0.0,0.0,0.0,0.0,0.0,0.0,519.2198
2022-08-05 09:00:00,0.0,0.0,0.0,0.0,0.0,0.0,0.0,645.393
2022-08-05 10:00:00,0.0,0.0,0.0,0.0,0.0,0.0,0.0,722.6124
2022-08-05 11:00:00,0.0,0.0,0.0,0.0,0.0,0.0,0.0,745.4395
2022-08-05 12:00:00,0.0,0.0,0.0,0.0,0.0,0.0,0.0,721.5904
2022-08-05 13:00:00,0.0,0.0,0.0,0.0,0.0,0.0,0.0,636.2752999999999
2022-08-05 14:00:00,0.0,0.0,0.0,0.0,0.0,0.0,0.0,513.1973
2022-08-05 15:00:00,0.0,53.066109,13.266527,0.0,26.533055,46.432845,0.0,350.15909999999997
2022-08-05 16:00:00,0.0,174.52153,43.630382,0.0,87.260764,152.70634,0.0,184.8579
2022-08-05 17:00:00,0.0,808.2536,0.0,0.0,404.1268,0.0,0.0,40.398199999999996
2022-08-05 18:00:00,0.0,1122.09,0.0,0.0,561.045,0.0,0.0,0.0
2022-08-05 19:00:00,0.0,874.85,0.0,0.0,437.425,0.0,0.0,0.0
2022-08-05 20:00:00,0.0,884.25,0.0,0.0,442.125,0.0,0.0,0.0
2022-08-05 21:00:00,0.0,879.65,0.0,0.0,439.825,0.0,0.0,0.0
2022-08-05 22:00:00,0.0,805.03,0.0,0.0,402.515,0.0,0.0,0.0
2022-08-05 23:00:00,0.0,769.35,0.0,0.0,384.675,0.0,0.0,0.0
2022-08-06 00:00:00,0.0,768.05,0.0,0.0,384.025,0.0,0.0,0.0
2022-08-06 01:00:00,0.0,780.43,0.0,0.0,390.215,0.0,0.0,0.0
2022-08-06 02:00:00,0.0,282.99273,70.748182,0.0,141.49636,247.61864,0.0,0.0
2022-08-06 03:00:00,0.0,275.02182,68.755455,0.0,137.51091,240.64409,0.0,0.0
2022-08-06 04:00:00,0.0,296.04,74.01,0.0,148.02,259.035,0.0,0.0
2022-08-06 05:00:00,0.0,276.3752,69.0938,0.0,138.1876,241.8283,0.0,42.8291
2022-08-06 06:00:00,0.0,558.1684,0.0,0.0,279.0842,0.0,0.0,189.0408
2022-08-06 07:00:00,0.0,276.4968,0.0,0.0,138.2484,0.0,0.0,359.46659999999997
2022-08-06 08:00:00,0.0,0.0,0.0,0.0,0.0,0.0,0.0,517.2561
2022-08-06 09:00:00,0.0,0.0,0.0,0.0,0.0,0.0,0.0,650.4007999999999
2022-08-06 10:00:00,0.0,0.0,0.0,0.0,0.0,0.0,0.0,723.7366
2022-08-06 11:00:00,0.0,0.0,0.0,0.0,0.0,0.0,0.0,743.3006
2022-08-06 12:00:00,0.0,0.0,0.0,0.0,0.0,0.0,0.0,718.7652999999999
2022-08-06 13:00:00,0.0,0.0,0.0,0.0,0.0,0.0,0.0,630.4206999999999
2022-08-06 14:00:00,0.0,0.0,0.0,0.0,0.0,0.0,0.0,505.6418
2022-08-06 15:00:00,0.0,43.712145,10.928036,0.0,21.856073,38.248127,0.0,346.7208
2022-08-06 16:00:00,0.0,186.80502,46.701255,0.0,93.402509,163.45439,0.0,184.6681
2022-08-06 17:00:00,0.0,795.4068,0.0,0.0,397.7034,0.0,0.0,40.8216
2022-08-06 18:00:00,0.0,1199.49,0.0,0.0,599.745,0.0,0.0,0.0
2022-08-06 19:00:00,0.0,962.45,0.0,0.0,481.225,0.0,0.0,0.0
2022-08-06 20:00:00,0.0,876.25,0.0,0.0,438.125,0.0,0.0,0.0
2022-08-06 21:00:00,0.0,876.85,0.0,0.0,438.425,0.0,0.0,0.0
2022-08-06 22:00:00,0.0,815.45,0.0,0.0,407.725,0.0,0.0,0.0
2022-08-06 23:00:00,0.0,267.94545,66.986364,0.0,133.97273,234.45227,0.0,0.0
2022-08-07 00:00:00,0.0,270.05455,67.513636,0.0,135.02727,236.29773,0.0,0.0
2022-08-07 01:00:00,0.0,264.67273,66.168182,0.0,132.33636,231.58864,0.0,0.0
2022-08-07 02:00:00,0.0,267.27636,66.819091,0.0,133.63818,233.86682,0.0,0.0
2022-08-07 03:00:00,0.0,284.26545,71.066364,0.0,142.13273,248.73227,0.0,0.0
2022-08-07 04:00:00,0.0,293.10909,73.277273,0.0,146.55455,256.47045,0.0,0.0
2022-08-07 05:00:00,0.0,291.14858,72.787145,0.0,145.57429,254.75501,0.0,44.595699999999994
2022-08-07 06:00:00,0.0,220.48,55.12,0.0,110.24,192.92,0.0,175.565
2022-08-07 07:00:00,0.0,108.62175,27.155436,0.0,54.310873,95.044027,0.0,338.26009999999997
2022-08-07 08:00:00,0.0,0.0,0.0,0.0,0.0,0.0,0.0,490.9396
2022-08-07 09:00:00,0.0,0.0,0.0,0.0,0.0,0.0,0.0,607.2286
2022-08-07 10:00:00,0.0,0.0,0.0,0.0,0.0,0.0,0.0,529.8267
2022-08-07 11:00:00,0.0,0.0,0.0,0.0,0.0,0.0,0.0,709.7570999999999
2022-08-07 12:00:00,0.0,0.0,0.0,0.0,0.0,0.0,0.0,686.5577
2022-08-07 13:00:00,0.0,0.0,0.0,0.0,0.0,0.0,0.0,608.309
2022-08-07 14:00:00,0.0,0.0,0.0,0.0,0.0,0.0,0.0,484.6251
2022-08-07 15:00:00,0.0,50.6744,12.6686,0.0,25.3372,44.3401,0.0,338.34770000000003
2022-08-07 16:00:00,0.0,176.85418,44.213545,0.0,88.427091,154.74741,0.0,176.5505
2022-08-07 17:00:00,0.0,811.0328,0.0,0.0,405.5164,0.0,0.0,42.2086
2022-08-07 18:00:00,0.0,1162.49,0.0,0.0,581.245,0.0,0.0,0.0
2022-08-07 19:00:00,0.0,901.25,0.0,0.0,450.625,0.0,0.0,0.0
2022-08-07 20:00:00,0.0,859.05,0.0,0.0,429.525,0.0,0.0,0.0
2022-08-07 21:00:00,0.0,882.45,0.0,0.0,441.225,0.0,0.0,0.0
2022-08-07 22:00:00,0.0,796.25,0.0,0.0,398.125,0.0,0.0,0.0
2022-08-07 23:00:00,0.0,760.85,0.0,0.0,380.425,0.0,0.0,0.0
2022-08-08 00:00:00,0.0,268.23636,67.059091,0.0,134.11818,234.70682,0.0,0.0
2022-08-08 01:00:00,0.0,263.65455,65.913636,0.0,131.82727,230.69773,0.0,0.0
2022-08-08 02:00:00,0.0,263.0,65.75,0.0,131.5,230.125,0.0,0.0
2022-08-08 03:00:00,0.0,271.43636,67.859091,0.0,135.71818,237.50682,0.0,0.0
2022-08-08 04:00:00,0.0,766.05,0.0,0.0,383.025,0.0,0.0,0.0
2022-08-08 05:00:00,0.0,792.3448,0.0,0.0,396.1724,0.0,0.0,44.2526
2022-08-08 06:00:00,0.0,623.0444,0.0,0.0,311.5222,0.0,0.0,166.7028
2022-08-08 07:00:00,0.0,327.5212,0.0,0.0,163.7606,0.0,0.0,339.65439999999995
2022-08-08 08:00:00,0.0,0.0,0.0,0.0,0.0,0.0,0.0,489.50880000000006
2022-08-08 09:00:00,0.0,0.0,0.0,0.0,0.0,0.0,0.0,613.1051
2022-08-08 10:00:00,0.0,0.0,0.0,0.0,0.0,0.0,0.0,682.2215
2022-08-08 11:00:00,0.0,0.0,0.0,0.0,0.0,0.0,0.0,708.2022
2022-08-08 12:00:00,0.0,0.0,0.0,0.0,0.0,0.0,0.0,680.944
2022-08-08 13:00:00,0.0,0.0,0.0,0.0,0.0,0.0,0.0,593.2417999999999
2022-08-08 14:00:00,0.0,0.0,0.0,0.0,0.0,0.0,0.0,486.11430000000007
2022-08-08 15:00:00,0.0,114.9018,0.0,0.0,57.4509,0.0,0.0,339.5741
2022-08-08 16:00:00,0.0,491.3564,0.0,0.0,245.6782,0.0,0.0,176.0468
2022-08-08 17:00:00,0.0,758.087,0.0,0.0,379.0435,0.0,0.0,41.2815
2022-08-08 18:00:00,0.0,1180.29,0.0,0.0,590.145,0.0,0.0,0.0
2022-08-08 19:00:00,0.0,868.65,0.0,0.0,434.325,0.0,0.0,0.0
2022-08-08 20:00:00,0.0,907.25,0.0,0.0,453.625,0.0,0.0,0.0
2022-08-08 21:00:00,0.0,839.05,0.0,0.0,419.525,0.0,0.0,0.0
2022-08-08 22:00:00,0.0,807.85,0.0,0.0,403.925,0.0,0.0,0.0
2022-08-08 23:00:00,0.0,750.25,0.0,0.0,375.125,0.0,0.0,0.0
2022-08-09 00:00:00,0.0,737.25,0.0,0.0,368.625,0.0,0.0,0.0
2022-08-09 01:00:00,0.0,731.25,0.0,0.0,365.625,0.0,0.0,0.0
2022-08-09 02:00:00,0.0,265.03636,66.259091,0.0,132.51818,231.90682,0.0,0.0
2022-08-09 03:00:00,0.0,743.05,0.0,0.0,371.525,0.0,0.0,0.0
2022-08-09 04:00:00,0.0,772.65,0.0,0.0,386.325,0.0,0.0,0.0
2022-08-09 05:00:00,0.0,756.8766,0.0,0.0,378.4383,0.0,0.0,42.186699999999995
2022-08-09 06:00:00,0.0,631.198,0.0,0.0,315.599,0.0,0.0,179.726
2022-08-09 07:00:00,0.0,308.2154,0.0,0.0,154.1077,0.0,0.0,343.1073
2022-08-09 08:00:00,0.0,0.0,0.0,0.0,0.0,0.0,0.0,495.1371
2022-08-09 09:00:00,0.0,0.0,0.0,0.0,0.0,0.0,0.0,627.1940999999999
2022-08-09 10:00:00,0.0,0.0,0.0,0.0,0.0,0.0,0.0,694.3103
2022-08-09 11:00:00,0.0,184.56742,46.141855,0.0,92.283709,161.49649,0.0,229.7748
2022-08-09 12:00:00,0.0,0.0,0.0,0.0,0.0,0.0,0.0,704.9099
2022-08-09 13:00:00,0.0,42.398473,10.599618,0.0,21.199236,37.098664,0.0,344.02709999999996
2022-08-09 14:00:00,0.0,59.9704,14.9926,0.0,29.9852,52.4741,0.0,313.9657
2022-08-09 15:00:00,0.0,58.413236,14.603309,0.0,29.206618,51.111582,0.0,338.10679999999996
2022-08-09 16:00:00,0.0,480.73,0.0,0.0,240.365,0.0,0.0,176.66
2022-08-09 17:00:00,0.0,782.7318,0.0,0.0,391.3659,0.0,0.0,43.5591
2022-08-09 18:00:00,0.0,1106.29,0.0,0.0,553.145,0.0,0.0,0.0
2022-08-09 19:00:00,0.0,936.85,0.0,0.0,468.425,0.0,0.0,0.0
2022-08-09 20:00:00,0.0,920.85,0.0,0.0,460.425,0.0,0.0,0.0
2022-08-09 21:00:00,0.0,843.45,0.0,0.0,421.725,0.0,0.0,0.0
2022-08-09 22:00:00,0.0,792.45,0.0,0.0,396.225,0.0,0.0,0.0
2022-08-09 23:00:00,0.0,756.25,0.0,0.0,378.125,0.0,0.0,0.0
2022-08-10 00:00:00,0.0,265.4,66.35,0.0,132.7,232.225,0.0,0.0
2022-08-10 01:00:00,0.0,727.85,0.0,0.0,363.925,0.0,0.0,0.0
2022-08-10 02:00:00,0.0,265.10909,66.277273,0.0,132.55455,231.97045,0.0,0.0
2022-08-10 03:00:00,0.0,263.43636,65.859091,0.0,131.71818,230.50682,0.0,0.0
2022-08-10 04:00:00,0.0,759.85,0.0,0.0,379.925,0.0,0.0,0.0
2022-08-10 05:00:00,0.0,745.0648,0.0,0.0,372.5324,0.0,0.0,42.7926
2022-08-10 06:00:00,0.0,726.9304,0.0,0.0,363.4652,0.0,0.0,79.7598
2022-08-10 07:00:00,0.0,793.1696,0.0,0.0,396.5848,0.0,0.0,112.23020000000001
2022-08-10 08:00:00,0.0,414.103,0.0,0.0,207.0515,0.0,0.0,224.0735
2022-08-10 09:00:00,0.0,711.9782,0.0,0.0,355.9891,0.0,0.0,67.0359
2022-08-10 10:00:00,0.0,259.51215,64.878036,0.0,129.75607,227.07313,0.0,60.1958
2022-08-10 11:00:00,0.0,109.41156,27.352891,0.0,54.705782,95.735118,0.0,345.41409999999996
2022-08-10 12:00:00,0.0,0.0,0.0,0.0,0.0,0.0,0.0,592.395
2022-08-10 13:00:00,0.0,0.0,0.0,0.0,0.0,0.0,0.0,591.2124
2022-08-10 14:00:00,0.0,30.424509,7.6061273,0.0,15.212255,26.621445,0.0,380.19129999999996
2022-08-10 15:00:00,0.0,269.3336,0.0,0.0,134.6668,0.0,0.0,304.6582
2022-08-10 16:00:00,0.0,549.5188,0.0,0.0,274.7594,0.0,0.0,174.2656
2022-08-10 17:00:00,0.0,807.6378,0.0,0.0,403.8189,0.0,0.0,39.1061
2022-08-10 18:00:00,0.0,1173.09,0.0,0.0,586.545,0.0,0.0,0.0
2022-08-10 19:00:00,0.0,858.05,0.0,0.0,429.025,0.0,0.0,0.0
2022-08-10 20:00:00,0.0,858.45,0.0,0.0,429.225,0.0,0.0,0.0
2022-08-10 21:00:00,0.0,838.45,0.0,0.0,419.225,0.0,0.0,0.0
2022-08-10 22:00:00,0.0,802.45,0.0,0.0,401.225,0.0,0.0,0.0
2022-08-10 23:00:00,0.0,762.05,0.0,0.0,381.025,0.0,0.0,0.0
2022-08-11 00:00:00,0.0,749.65,0.0,0.0,374.825,0.0,0.0,0.0
2022-08-11 01:00:00,0.0,725.65,0.0,0.0,362.825,0.0,0.0,0.0
2022-08-11 02:00:00,0.0,726.05,0.0,0.0,363.025,0.0,0.0,0.0
2022-08-11 03:00:00,0.0,722.05,0.0,0.0,361.025,0.0,0.0,0.0
2022-08-11 04:00:00,0.0,743.45,0.0,0.0,371.725,0.0,0.0,0.0
2022-08-11 05:00:00,0.0,655.7948,0.0,0.0,327.8974,0.0,0.0,42.4276
2022-08-11 06:00:00,0.0,463.9612,0.0,0.0,231.9806,0.0,0.0,166.6444
2022-08-11 07:00:00,0.0,274.727,0.0,0.0,137.3635,0.0,0.0,332.5515
2022-08-11 08:00:00,0.0,0.0,0.0,0.0,0.0,0.0,0.0,485.24559999999997
2022-08-11 09:00:00,0.0,0.0,0.0,0.0,0.0,0.0,0.0,619.04
2022-08-11 10:00:00,0.0,0.0,0.0,0.0,0.0,0.0,0.0,697.6245
2022-08-11 11:00:00,0.0,0.0,0.0,0.0,0.0,0.0,0.0,719.3931
2022-08-11 12:00:00,0.0,0.0,0.0,0.0,0.0,0.0,0.0,691.0252999999999
2022-08-11 13:00:00,0.0,0.0,0.0,0.0,0.0,0.0,0.0,611.5501999999999
2022-08-11 14:00:00,0.0,0.0,0.0,0.0,0.0,0.0,0.0,444.02979999999997
2022-08-11 15:00:00,0.0,202.5206,0.0,0.0,101.2603,0.0,0.0,325.8647
2022-08-11 16:00:00,0.0,546.2598,0.0,0.0,273.1299,0.0,0.0,169.9951
2022-08-11 17:00:00,0.0,844.0248,0.0,0.0,422.0124,0.0,0.0,38.4126
2022-08-11 18:00:00,0.0,1215.29,0.0,0.0,607.645,0.0,0.0,0.0
2022-08-11 19:00:00,0.0,850.25,0.0,0.0,425.125,0.0,0.0,0.0
2022-08-11 20:00:00,0.0,877.45,0.0,0.0,438.725,0.0,0.0,0.0
2022-08-11 21:00:00,0.0,833.45,0.0,0.0,416.725,0.0,0.0,0.0
2022-08-11 22:00:00,0.0,816.61,0.0,0.0,408.305,0.0,0.0,0.0
2022-08-11 23:00:00,0.0,765.51,0.0,0.0,382.755,0.0,0.0,0.0
2022-08-12 00:00:00,0.0,738.05,0.0,0.0,369.025,0.0,0.0,0.0
2022-08-12 01:00:00,0.0,733.79,0.0,0.0,366.895,0.0,0.0,0.0
2022-08-12 02:00:00,0.0,728.93,0.0,0.0,364.465,0.0,0.0,0.0
2022-08-12 03:00:00,0.0,771.01,0.0,0.0,385.505,0.0,0.0,0.0
2022-08-12 04:00:00,0.0,773.05,0.0,0.0,386.525,0.0,0.0,0.0
2022-08-12 05:00:00,0.0,733.7922,0.0,0.0,366.8961,0.0,0.0,11.6289
2022-08-12 06:00:00,0.0,539.1054,0.0,0.0,269.5527,0.0,0.0,124.4723
2022-08-12 07:00:00,0.0,234.5818,0.0,0.0,117.2909,0.0,0.0,350.5241
2022-08-12 08:00:00,0.0,0.0,0.0,0.0,0.0,0.0,0.0,468.76949999999994
2022-08-12 09:00:00,0.0,0.0,0.0,0.0,0.0,0.0,0.0,631.5886999999999
2022-08-12 10:00:00,0.0,853.5048,0.0,0.0,426.7524,0.0,0.0,90.97259999999999
2022-08-12 11:00:00,0.0,967.9658,0.0,0.0,483.9829,0.0,0.0,56.77210000000001
2022-08-12 12:00:00,0.0,0.0,0.0,0.0,0.0,0.0,0.0,567.1151
2022-08-12 13:00:00,0.0,0.0,0.0,0.0,0.0,0.0,0.0,626.0991
2022-08-12 14:00:00,0.0,0.0,0.0,0.0,0.0,0.0,0.0,499.8675
2022-08-12 15:00:00,0.0,244.4468,0.0,0.0,122.2234,0.0,0.0,337.2016
2022-08-12 16:00:00,0.0,590.4954,0.0,0.0,295.2477,0.0,0.0,174.47729999999999
2022-08-12 17:00:00,0.0,886.158,0.0,0.0,443.079,0.0,0.0,36.646
2022-08-12 18:00:00,0.0,1257.89,0.0,0.0,628.945,0.0,0.0,0.0
2022-08-12 19:00:00,0.0,994.65,0.0,0.0,497.325,0.0,0.0,0.0
2022-08-12 20:00:00,0.0,1014.65,0.0,0.0,507.325,0.0,0.0,0.0
2022-08-12 21:00:00,0.0,973.25,0.0,0.0,486.625,0.0,0.0,0.0
2022-08-12 22:00:00,0.0,888.45,0.0,0.0,444.225,0.0,0.0,0.0
2022-08-12 23:00:00,0.0,793.85,0.0,0.0,396.925,0.0,0.0,0.0
2022-08-13 00:00:00,0.0,782.85,0.0,0.0,391.425,0.0,0.0,0.0
2022-08-13 01:00:00,0.0,788.85,0.0,0.0,394.425,0.0,0.0,0.0
2022-08-13 02:00:00,0.0,791.05,0.0,0.0,395.525,0.0,0.0,0.0
2022-08-13 03:00:00,0.0,817.45,0.0,0.0,408.725,0.0,0.0,0.0
2022-08-13 04:00:00,0.0,852.05,0.0,0.0,426.025,0.0,0.0,0.0
2022-08-13 05:00:00,0.0,992.6126,0.0,0.0,496.3063,0.0,0.0,41.018699999999995
2022-08-13 06:00:00,0.0,755.416,0.0,0.0,377.708,0.0,0.0,177.317
2022-08-13 07:00:00,0.0,254.5508,0.0,0.0,127.2754,0.0,0.0,344.9396
2022-08-13 08:00:00,0.0,0.0,0.0,0.0,0.0,0.0,0.0,498.59729999999996
2022-08-13 09:00:00,0.0,0.0,0.0,0.0,0.0,0.0,0.0,632.1216
2022-08-13 10:00:00,0.0,0.0,0.0,0.0,0.0,0.0,0.0,704.3259
2022-08-13 11:00:00,0.0,0.0,0.0,0.0,0.0,0.0,0.0,708.1
2022-08-13 12:00:00,0.0,0.0,0.0,0.0,0.0,0.0,0.0,692.5948
2022-08-13 13:00:00,0.0,0.0,0.0,0.0,0.0,0.0,0.0,608.8638
2022-08-13 14:00:00,0.0,0.0,0.0,0.0,0.0,0.0,0.0,482.8074
2022-08-13 15:00:00,0.0,161.857,0.0,0.0,80.9285,0.0,0.0,329.9965
2022-08-13 16:00:00,0.0,543.2194,0.0,0.0,271.6097,0.0,0.0,167.6153
2022-08-13 17:00:00,0.0,815.152,0.0,0.0,407.576,0.0,0.0,37.449
2022-08-13 18:00:00,0.0,1216.69,0.0,0.0,608.345,0.0,0.0,0.0
2022-08-13 19:00:00,0.0,999.85,0.0,0.0,499.925,0.0,0.0,0.0
2022-08-13 20:00:00,0.0,999.85,0.0,0.0,499.925,0.0,0.0,0.0
2022-08-13 21:00:00,0.0,903.85,0.0,0.0,451.925,0.0,0.0,0.0
2022-08-13 22:00:00,0.0,896.45,0.0,0.0,448.225,0.0,0.0,0.0
2022-08-13 23:00:00,0.0,848.05,0.0,0.0,424.025,0.0,0.0,0.0
2022-08-14 00:00:00,0.0,804.25,0.0,0.0,402.125,0.0,0.0,0.0
2022-08-14 01:00:00,0.0,817.65,0.0,0.0,408.825,0.0,0.0,0.0
2022-08-14 02:00:00,0.0,850.25,0.0,0.0,425.125,0.0,0.0,0.0
2022-08-14 03:00:00,0.0,870.05,0.0,0.0,435.025,0.0,0.0,0.0
2022-08-14 04:00:00,0.0,895.85,0.0,0.0,447.925,0.0,0.0,0.0
2022-08-14 05:00:00,0.0,953.1018,0.0,0.0,476.5509,0.0,0.0,40.2741
2022-08-14 06:00:00,0.0,736.4522,0.0,0.0,368.2261,0.0,0.0,171.4989
2022-08-14 07:00:00,0.0,314.3204,0.0,0.0,157.1602,0.0,0.0,343.65479999999997
2022-08-14 08:00:00,0.0,0.0,0.0,0.0,0.0,0.0,0.0,474.0109
2022-08-14 09:00:00,0.0,0.0,0.0,0.0,0.0,0.0,0.0,627.6320999999999
2022-08-14 10:00:00,0.0,0.0,0.0,0.0,0.0,0.0,0.0,697.9749
2022-08-14 11:00:00,0.0,0.0,0.0,0.0,0.0,0.0,0.0,723.9482999999999
2022-08-14 12:00:00,0.0,0.0,0.0,0.0,0.0,0.0,0.0,686.1342999999999
2022-08-14 13:00:00,0.0,0.0,0.0,0.0,0.0,0.0,0.0,536.1996
2022-08-14 14:00:00,0.0,0.0,0.0,0.0,0.0,0.0,0.0,456.24269999999996
2022-08-14 15:00:00,0.0,63.5752,15.8938,0.0,31.7876,55.6283,0.0,324.60909999999996
2022-08-14 16:00:00,0.0,612.3794,0.0,0.0,306.1897,0.0,0.0,170.53529999999998
2022-08-14 17:00:00,0.0,900.5932,0.0,0.0,450.2966,0.0,0.0,35.8284
2022-08-14 18:00:00,0.0,1197.49,0.0,0.0,598.745,0.0,0.0,0.0
2022-08-14 19:00:00,0.0,966.85,0.0,0.0,483.425,0.0,0.0,0.0
2022-08-14 20:00:00,0.0,960.65,0.0,0.0,480.325,0.0,0.0,0.0
2022-08-14 21:00:00,0.0,873.85,0.0,0.0,436.925,0.0,0.0,0.0
2022-08-14 22:00:00,0.0,830.85,0.0,0.0,415.425,0.0,0.0,0.0
2022-08-14 23:00:00,0.0,790.85,0.0,0.0,395.425,0.0,0.0,0.0
2022-08-15 00:00:00,0.0,759.25,0.0,0.0,379.625,0.0,0.0,0.0
2022-08-15 01:00:00,0.0,796.85,0.0,0.0,398.425,0.0,0.0,0.0
2022-08-15 02:00:00,0.0,797.05,0.0,0.0,398.525,0.0,0.0,0.0
2022-08-15 03:00:00,0.0,779.85,0.0,0.0,389.925,0.0,0.0,0.0
2022-08-15 04:00:00,0.0,841.25,0.0,0.0,420.625,0.0,0.0,0.0
2022-08-15 05:00:00,0.0,956.9618,0.0,0.0,478.4809,0.0,0.0,39.5441
2022-08-15 06:00:00,0.0,802.6826,0.0,0.0,401.3413,0.0,0.0,165.48369999999997
2022-08-15 07:00:00,0.0,393.045,0.0,0.0,196.5225,0.0,0.0,326.4925
2022-08-15 08:00:00,0.0,0.0,0.0,0.0,0.0,0.0,0.0,482.63219999999995
2022-08-15 09:00:00,0.0,0.0,0.0,0.0,0.0,0.0,0.0,590.789
2022-08-15 10:00:00,0.0,0.0,0.0,0.0,0.0,0.0,0.0,676.4764
2022-08-15 11:00:00,0.0,0.0,0.0,0.0,0.0,0.0,0.0,706.0925
2022-08-15 12:00:00,0.0,0.0,0.0,0.0,0.0,0.0,0.0,661.1829
2022-08-15 13:00:00,0.0,0.0,0.0,0.0,0.0,0.0,0.0,554.6613
2022-08-15 14:00:00,0.0,592.3944,0.0,0.0,296.1972,0.0,0.0,110.12780000000001
2022-08-15 15:00:00,0.0,740.6766,0.0,0.0,370.3383,0.0,0.0,34.8867
2022-08-15 16:00:00,0.0,710.5334,0.0,0.0,355.2667,0.0,0.0,93.95830000000001
2022-08-15 17:00:00,0.0,907.6778,0.0,0.0,453.8389,0.0,0.0,36.186099999999996
2022-08-15 18:00:00,0.0,1259.29,0.0,0.0,629.645,0.0,0.0,0.0
2022-08-15 19:00:00,0.0,1018.05,0.0,0.0,509.025,0.0,0.0,0.0
2022-08-15 20:00:00,0.0,965.05,0.0,0.0,482.525,0.0,0.0,0.0
2022-08-15 21:00:00,0.0,926.85,0.0,0.0,463.425,0.0,0.0,0.0
2022-08-15 22:00:00,0.0,839.65,0.0,0.0,419.825,0.0,0.0,0.0
2022-08-15 23:00:00,0.0,780.85,0.0,0.0,390.425,0.0,0.0,0.0
2022-08-16 00:00:00,0.0,755.45,0.0,0.0,377.725,0.0,0.0,0.0
2022-08-16 01:00:00,0.0,804.45,0.0,0.0,402.225,0.0,0.0,0.0
2022-08-16 02:00:00,0.0,744.25,0.0,0.0,372.125,0.0,0.0,0.0
2022-08-16 03:00:00,0.0,761.73,0.0,0.0,380.865,0.0,0.0,0.0
2022-08-16 04:00:00,0.0,837.55,0.0,0.0,418.775,0.0,0.0,0.0
2022-08-16 05:00:00,0.0,953.0198,0.0,0.0,476.5099,0.0,0.0,12.315100000000001
2022-08-16 06:00:00,0.0,681.5622,0.0,0.0,340.7811,0.0,0.0,176.2439
2022-08-16 07:00:00,0.0,326.8586,0.0,0.0,163.4293,0.0,0.0,338.7857
2022-08-16 08:00:00,0.0,0.0,0.0,0.0,0.0,0.0,0.0,496.4949
2022-08-16 09:00:00,0.0,0.0,0.0,0.0,0.0,0.0,0.0,615.2586
2022-08-16 10:00:00,0.0,0.0,0.0,0.0,0.0,0.0,0.0,693.1861
2022-08-16 11:00:00,0.0,0.0,0.0,0.0,0.0,0.0,0.0,709.5672999999999
2022-08-16 12:00:00,0.0,0.0,0.0,0.0,0.0,0.0,0.0,471.9012
2022-08-16 13:00:00,0.0,0.0,0.0,0.0,0.0,0.0,0.0,583.0582999999999
2022-08-16 14:00:00,0.0,72.0466,0.0,0.0,36.0233,0.0,0.0,374.70169999999996
2022-08-16 15:00:00,0.0,462.0836,0.0,0.0,231.0418,0.0,0.0,189.68319999999997
2022-08-16 16:00:00,0.0,595.3024,0.0,0.0,297.6512,0.0,0.0,161.3738
2022-08-16 17:00:00,0.0,851.021,0.0,0.0,425.5105,0.0,0.0,35.5145
2022-08-16 18:00:00,0.0,1261.09,0.0,0.0,630.545,0.0,0.0,0.0
2022-08-16 19:00:00,0.0,971.25,0.0,0.0,485.625,0.0,0.0,0.0
2022-08-16 20:00:00,0.0,925.85,0.0,0.0,462.925,0.0,0.0,0.0
2022-08-16 21:00:00,0.0,892.45,0.0,0.0,446.225,0.0,0.0,0.0
2022-08-16 22:00:00,0.0,847.05,0.0,0.0,423.525,0.0,0.0,0.0
2022-08-16 23:00:00,0.0,774.05,0.0,0.0,387.025,0.0,0.0,0.0
2022-08-17 00:00:00,0.0,730.65,0.0,0.0,365.325,0.0,0.0,0.0
2022-08-17 01:00:00,0.0,730.05,0.0,0.0,365.025,0.0,0.0,0.0
2022-08-17 02:00:00,0.0,733.85,0.0,0.0,366.925,0.0,0.0,0.0
2022-08-17 03:00:00,0.0,738.45,0.0,0.0,369.225,0.0,0.0,0.0
2022-08-17 04:00:00,0.0,792.05,0.0,0.0,396.025,0.0,0.0,0.0
2022-08-17 05:00:00,0.0,853.5768,0.0,0.0,426.7884,0.0,0.0,37.5366
2022-08-17 06:00:00,0.0,701.243,0.0,0.0,350.6215,0.0,0.0,166.4035
2022-08-17 07:00:00,0.0,441.8066,0.0,0.0,220.9033,0.0,0.0,292.2117
2022-08-17 08:00:00,0.0,120.3174,0.0,0.0,60.1587,0.0,0.0,363.7663
2022-08-17 09:00:00,0.0,112.7768,0.0,0.0,56.3884,0.0,0.0,387.9366
2022-08-17 10:00:00,0.0,0.0,0.0,0.0,0.0,0.0,0.0,645.2324
2022-08-17 11:00:00,0.0,0.0,0.0,0.0,0.0,0.0,0.0,690.9157999999999
2022-08-17 12:00:00,0.0,0.0,0.0,0.0,0.0,0.0,0.0,658.4235
2022-08-17 13:00:00,0.0,0.0,0.0,0.0,0.0,0.0,0.0,409.15039999999993
2022-08-17 14:00:00,0.0,0.0,0.0,0.0,0.0,0.0,0.0,451.4685
2022-08-17 15:00:00,0.0,237.2706,0.0,0.0,118.6353,0.0,0.0,313.0897
2022-08-17 16:00:00,0.0,560.7566,0.0,0.0,280.3783,0.0,0.0,153.14669999999998
2022-08-17 17:00:00,0.0,842.3014,0.0,0.0,421.1507,0.0,0.0,34.97429999999999
2022-08-17 18:00:00,0.0,1163.29,0.0,0.0,581.645,0.0,0.0,0.0
2022-08-17 19:00:00,0.0,875.45,0.0,0.0,437.725,0.0,0.0,0.0
2022-08-17 20:00:00,0.0,890.85,0.0,0.0,445.425,0.0,0.0,0.0
2022-08-17 21:00:00,0.0,816.85,0.0,0.0,408.425,0.0,0.0,0.0
2022-08-17 22:00:00,0.0,810.05,0.0,0.0,405.025,0.0,0.0,0.0
2022-08-17 23:00:00,0.0,774.25,0.0,0.0,387.125,0.0,0.0,0.0
2022-08-18 00:00:00,0.0,754.45,0.0,0.0,377.225,0.0,0.0,0.0
2022-08-18 01:00:00,0.0,799.85,0.0,0.0,399.925,0.0,0.0,0.0
2022-08-18 02:00:00,0.0,783.85,0.0,0.0,391.925,0.0,0.0,0.0
2022-08-18 03:00:00,0.0,789.25,0.0,0.0,394.625,0.0,0.0,0.0
2022-08-18 04:00:00,0.0,795.05,0.0,0.0,397.525,0.0,0.0,0.0
2022-08-18 05:00:00,0.0,720.2148,0.0,0.0,360.1074,0.0,0.0,37.3176
2022-08-18 06:00:00,0.0,527.4086,0.0,0.0,263.7043,0.0,0.0,155.92069999999998
2022-08-18 07:00:00,0.0,383.5172,0.0,0.0,191.7586,0.0,0.0,293.9564
2022-08-18 08:00:00,0.0,82.2542,0.0,0.0,41.1271,0.0,0.0,424.29789999999997
2022-08-18 09:00:00,0.0,0.0,0.0,0.0,0.0,0.0,0.0,583.8832
2022-08-18 10:00:00,0.0,0.0,0.0,0.0,0.0,0.0,0.0,665.2927999999999
2022-08-18 11:00:00,0.0,0.0,0.0,0.0,0.0,0.0,0.0,694.1789
2022-08-18 12:00:00,0.0,431.63,0.0,0.0,215.815,0.0,0.0,246.01
2022-08-18 13:00:00,0.0,0.0,0.0,0.0,0.0,0.0,0.0,498.6265
2022-08-18 14:00:00,0.0,187.997,0.0,0.0,93.9985,0.0,0.0,330.7265
2022-08-18 15:00:00,0.0,297.6278,0.0,0.0,148.8139,0.0,0.0,300.81109999999995
2022-08-18 16:00:00,0.0,649.2646,0.0,0.0,324.6323,0.0,0.0,138.69269999999997
2022-08-18 17:00:00,0.0,838.4638,0.0,0.0,419.2319,0.0,0.0,33.1931
2022-08-18 18:00:00,0.0,1133.49,0.0,0.0,566.745,0.0,0.0,0.0
2022-08-18 19:00:00,0.0,874.25,0.0,0.0,437.125,0.0,0.0,0.0
2022-08-18 20:00:00,0.0,830.45,0.0,0.0,415.225,0.0,0.0,0.0
2022-08-18 21:00:00,0.0,845.65,0.0,0.0,422.825,0.0,0.0,0.0
2022-08-18 22:00:00,0.0,831.41,0.0,0.0,415.705,0.0,0.0,0.0
2022-08-18 23:00:00,0.0,814.19,0.0,0.0,407.095,0.0,0.0,0.0
2022-08-19 00:00:00,0.0,774.09,0.0,0.0,387.045,0.0,0.0,0.0
2022-08-19 01:00:00,0.0,746.47,0.0,0.0,373.235,0.0,0.0,0.0
2022-08-19 02:00:00,0.0,736.07,0.0,0.0,368.035,0.0,0.0,0.0
2022-08-19 03:00:00,0.0,736.71,0.0,0.0,368.355,0.0,0.0,0.0
2022-08-19 04:00:00,0.0,739.85,0.0,0.0,369.925,0.0,0.0,0.0
2022-08-19 05:00:00,0.0,682.0444,0.0,0.0,341.0222,0.0,0.0,36.7628
2022-08-19 06:00:00,0.0,531.7058,0.0,0.0,265.8529,0.0,0.0,133.4221
2022-08-19 07:00:00,0.0,398.281,0.0,0.0,199.1405,0.0,0.0,282.2545
2022-08-19 08:00:00,0.0,88.673,0.0,0.0,44.3365,0.0,0.0,417.88849999999996
2022-08-19 09:00:00,0.0,0.0,0.0,0.0,0.0,0.0,0.0,570.8089
2022-08-19 10:00:00,0.0,0.0,0.0,0.0,0.0,0.0,0.0,569.984
2022-08-19 11:00:00,0.0,0.0,0.0,0.0,0.0,0.0,0.0,661.3727
2022-08-19 12:00:00,0.0,0.0,0.0,0.0,0.0,0.0,0.0,633.8882
2022-08-19 13:00:00,0.0,0.0,0.0,0.0,0.0,0.0,0.0,592.3877
2022-08-19 14:00:00,0.0,0.0,0.0,0.0,0.0,0.0,0.0,493.5384
2022-08-19 15:00:00,0.0,243.4978,0.0,0.0,121.7489,0.0,0.0,337.67609999999996
2022-08-19 16:00:00,0.0,561.11,0.0,0.0,280.555,0.0,0.0,167.17
2022-08-19 17:00:00,0.0,900.4178,0.0,0.0,450.2089,0.0,0.0,29.6161
2022-08-19 18:00:00,0.0,1341.49,0.0,0.0,670.745,0.0,0.0,0.0
2022-08-19 19:00:00,0.0,1069.25,0.0,0.0,534.625,0.0,0.0,0.0
2022-08-19 20:00:00,0.0,1047.65,0.0,0.0,523.825,0.0,0.0,0.0
2022-08-19 21:00:00,0.0,877.25,0.0,0.0,438.625,0.0,0.0,0.0
2022-08-19 22:00:00,0.0,786.05,0.0,0.0,393.025,0.0,0.0,0.0
2022-08-19 23:00:00,0.0,736.25,0.0,0.0,368.125,0.0,0.0,0.0
2022-08-20 00:00:00,0.0,742.25,0.0,0.0,371.125,0.0,0.0,0.0
2022-08-20 01:00:00,0.0,732.21,0.0,0.0,366.105,0.0,0.0,0.0
2022-08-20 02:00:00,0.0,741.31,0.0,0.0,370.655,0.0,0.0,0.0
2022-08-20 03:00:00,0.0,762.13,0.0,0.0,381.065,0.0,0.0,0.0
2022-08-20 04:00:00,0.0,852.69,0.0,0.0,426.345,0.0,0.0,0.0
2022-08-20 05:00:00,0.0,952.7858,0.0,0.0,476.3929,0.0,0.0,36.3321
2022-08-20 06:00:00,0.0,1111.3636,0.0,0.0,555.6818,0.0,0.0,45.1432
2022-08-20 07:00:00,0.0,330.8694,0.0,0.0,165.4347,0.0,0.0,350.4803
2022-08-20 08:00:00,0.0,0.0,0.0,0.0,0.0,0.0,0.0,511.41610000000003
2022-08-20 09:00:00,0.0,0.0,0.0,0.0,0.0,0.0,0.0,626.4276
2022-08-20 10:00:00,0.0,0.0,0.0,0.0,0.0,0.0,0.0,695.617
2022-08-20 11:00:00,0.0,0.0,0.0,0.0,0.0,0.0,0.0,729.781
2022-08-20 12:00:00,0.0,0.0,0.0,0.0,0.0,0.0,0.0,673.4541999999999
2022-08-20 13:00:00,0.0,0.0,0.0,0.0,0.0,0.0,0.0,619.2079
2022-08-20 14:00:00,0.0,0.0,0.0,0.0,0.0,0.0,0.0,497.00589999999994
2022-08-20 15:00:00,0.0,150.0514,0.0,0.0,75.0257,0.0,0.0,328.7993
2022-08-20 16:00:00,0.0,578.7102,0.0,0.0,289.3551,0.0,0.0,158.8699
2022-08-20 17:00:00,0.0,893.9948,0.0,0.0,446.9974,0.0,0.0,27.827599999999997
2022-08-20 18:00:00,0.0,1316.29,0.0,0.0,658.145,0.0,0.0,0.0
2022-08-20 19:00:00,0.0,979.05,0.0,0.0,489.525,0.0,0.0,0.0
2022-08-20 20:00:00,0.0,931.85,0.0,0.0,465.925,0.0,0.0,0.0
2022-08-20 21:00:00,0.0,919.85,0.0,0.0,459.925,0.0,0.0,0.0
2022-08-20 22:00:00,0.0,891.09,0.0,0.0,445.545,0.0,0.0,0.0
2022-08-20 23:00:00,0.0,824.37,0.0,0.0,412.185,0.0,0.0,0.0
2022-08-21 00:00:00,0.0,831.73,0.0,0.0,415.865,0.0,0.0,0.0
2022-08-21 01:00:00,0.0,832.49,0.0,0.0,416.245,0.0,0.0,0.0
2022-08-21 02:00:00,0.0,856.81,0.0,0.0,428.405,0.0,0.0,0.0
2022-08-21 03:00:00,0.0,884.03,0.0,0.0,442.015,0.0,0.0,0.0
2022-08-21 04:00:00,0.0,985.19,0.0,0.0,492.595,0.0,0.0,0.0
2022-08-21 05:00:00,0.0,1125.806,0.0,0.0,562.903,0.0,0.0,36.062
2022-08-21 06:00:00,0.0,876.693,0.0,0.0,438.3465,0.0,0.0,186.4785
2022-08-21 07:00:00,0.0,369.544,0.0,0.0,184.772,0.0,0.0,357.043
2022-08-21 08:00:00,0.0,0.0,0.0,0.0,0.0,0.0,0.0,496.26129999999995
2022-08-21 09:00:00,0.0,0.0,0.0,0.0,0.0,0.0,0.0,637.4725
2022-08-21 10:00:00,0.0,0.0,0.0,0.0,0.0,0.0,0.0,729.6204
2022-08-21 11:00:00,0.0,0.0,0.0,0.0,0.0,0.0,0.0,754.7761999999999
2022-08-21 12:00:00,0.0,0.0,0.0,0.0,0.0,0.0,0.0,710.3702999999999
2022-08-21 13:00:00,0.0,0.0,0.0,0.0,0.0,0.0,0.0,622.1644
2022-08-21 14:00:00,0.0,0.0,0.0,0.0,0.0,0.0,0.0,490.20959999999997
2022-08-21 15:00:00,0.0,173.1848,0.0,0.0,86.5924,0.0,0.0,326.0326
2022-08-21 16:00:00,0.0,546.0678,0.0,0.0,273.0339,0.0,0.0,166.49110000000002
2022-08-21 17:00:00,0.0,899.7468,0.0,0.0,449.8734,0.0,0.0,26.9516
2022-08-21 18:00:00,0.0,1309.49,0.0,0.0,654.745,0.0,0.0,0.0
2022-08-21 19:00:00,0.0,1021.05,0.0,0.0,510.525,0.0,0.0,0.0
2022-08-21 20:00:00,0.0,1031.87,0.0,0.0,515.935,0.0,0.0,0.0
2022-08-21 21:00:00,0.0,1109.43,0.0,0.0,554.715,0.0,0.0,0.0
2022-08-21 22:00:00,0.0,1047.75,0.0,0.0,523.875,0.0,0.0,0.0
2022-08-21 23:00:00,0.0,959.39,0.0,0.0,479.695,0.0,0.0,0.0
2022-08-22 00:00:00,0.0,966.95,0.0,0.0,483.475,0.0,0.0,0.0
2022-08-22 01:00:00,0.0,977.57,0.0,0.0,488.785,0.0,0.0,0.0
2022-08-22 02:00:00,0.0,1012.89,0.0,0.0,506.445,0.0,0.0,0.0
2022-08-22 03:00:00,0.0,1004.07,0.0,0.0,502.035,0.0,0.0,0.0
2022-08-22 04:00:00,0.0,1070.37,0.0,0.0,535.185,0.0,0.0,0.0
2022-08-22 05:00:00,0.0,1241.307,0.0,0.0,620.6535,0.0,0.0,35.4415
2022-08-22 06:00:00,0.0,855.9058,0.0,0.0,427.9529,0.0,0.0,185.9821
2022-08-22 07:00:00,0.0,360.1142,0.0,0.0,180.0571,0.0,0.0,352.75789999999995
2022-08-22 08:00:00,0.0,0.0,0.0,0.0,0.0,0.0,0.0,520.0957999999999
2022-08-22 09:00:00,0.0,0.0,0.0,0.0,0.0,0.0,0.0,632.9537999999999
2022-08-22 10:00:00,0.0,0.0,0.0,0.0,0.0,0.0,0.0,712.1661
2022-08-22 11:00:00,0.0,0.0,0.0,0.0,0.0,0.0,0.0,741.7384000000001
2022-08-22 12:00:00,0.0,0.0,0.0,0.0,0.0,0.0,0.0,701.4205
2022-08-22 13:00:00,0.0,0.0,0.0,0.0,0.0,0.0,0.0,572.1959
2022-08-22 14:00:00,0.0,0.0,0.0,0.0,0.0,0.0,0.0,398.98879999999997
2022-08-22 15:00:00,0.0,301.929,0.0,0.0,150.9645,0.0,0.0,254.6605
2022-08-22 16:00:00,0.0,673.503,0.0,0.0,336.7515,0.0,0.0,121.87350000000002
2022-08-22 17:00:00,0.0,895.7478,0.0,0.0,447.8739,0.0,0.0,29.251099999999994
2022-08-22 18:00:00,0.0,1262.29,0.0,0.0,631.145,0.0,0.0,0.0
2022-08-22 19:00:00,0.0,982.65,0.0,0.0,491.325,0.0,0.0,0.0
2022-08-22 20:00:00,0.0,975.25,0.0,0.0,487.625,0.0,0.0,0.0
2022-08-22 21:00:00,0.0,872.85,0.0,0.0,436.425,0.0,0.0,0.0
2022-08-22 22:00:00,0.0,809.25,0.0,0.0,404.625,0.0,0.0,0.0
2022-08-22 23:00:00,0.0,790.99,0.0,0.0,395.495,0.0,0.0,0.0
2022-08-23 00:00:00,0.0,752.37,0.0,0.0,376.185,0.0,0.0,0.0
2022-08-23 01:00:00,0.0,747.21,0.0,0.0,373.605,0.0,0.0,0.0
2022-08-23 02:00:00,0.0,757.85,0.0,0.0,378.925,0.0,0.0,0.0
2022-08-23 03:00:00,0.0,767.77,0.0,0.0,383.885,0.0,0.0,0.0
2022-08-23 04:00:00,0.0,801.31,0.0,0.0,400.655,0.0,0.0,0.0
2022-08-23 05:00:00,0.0,1030.6948,0.0,0.0,515.3474,0.0,0.0,35.1276
2022-08-23 06:00:00,0.0,777.7546,0.0,0.0,388.8773,0.0,0.0,182.8577
2022-08-23 07:00:00,0.0,318.1246,0.0,0.0,159.0623,0.0,0.0,354.0427
2022-08-23 08:00:00,0.0,0.0,0.0,0.0,0.0,0.0,0.0,517.4678
2022-08-23 09:00:00,0.0,0.0,0.0,0.0,0.0,0.0,0.0,640.8597
2022-08-23 10:00:00,0.0,0.0,0.0,0.0,0.0,0.0,0.0,716.6629
2022-08-23 11:00:00,0.0,0.0,0.0,0.0,0.0,0.0,0.0,737.4241
2022-08-23 12:00:00,0.0,0.0,0.0,0.0,0.0,0.0,0.0,709.3921
2022-08-23 13:00:00,0.0,0.0,0.0,0.0,0.0,0.0,0.0,631.1288
2022-08-23 14:00:00,0.0,0.0,0.0,0.0,0.0,0.0,0.0,490.37749999999994
2022-08-23 15:00:00,0.0,128.8968,0.0,0.0,64.4484,0.0,0.0,335.3766
2022-08-23 16:00:00,0.0,569.2404,0.0,0.0,284.6202,0.0,0.0,157.5048
2022-08-23 17:00:00,0.0,850.1466,0.0,0.0,425.0733,0.0,0.0,27.951700000000002
2022-08-23 18:00:00,0.0,1228.69,0.0,0.0,614.345,0.0,0.0,0.0
2022-08-23 19:00:00,0.0,972.45,0.0,0.0,486.225,0.0,0.0,0.0
2022-08-23 20:00:00,0.0,994.27,0.0,0.0,497.135,0.0,0.0,0.0
2022-08-23 21:00:00,0.0,878.25,0.0,0.0,439.125,0.0,0.0,0.0
2022-08-23 22:00:00,0.0,824.35,0.0,0.0,412.175,0.0,0.0,0.0
2022-08-23 23:00:00,0.0,783.65,0.0,0.0,391.825,0.0,0.0,0.0
2022-08-24 00:00:00,0.0,790.93,0.0,0.0,395.465,0.0,0.0,0.0
2022-08-24 01:00:00,0.0,770.09,0.0,0.0,385.045,0.0,0.0,0.0
2022-08-24 02:00:00,0.0,765.61,0.0,0.0,382.805,0.0,0.0,0.0
2022-08-24 03:00:00,0.0,780.45,0.0,0.0,390.225,0.0,0.0,0.0
2022-08-24 04:00:00,0.0,813.41,0.0,0.0,406.705,0.0,0.0,0.0
2022-08-24 05:00:00,0.0,1099.6994,0.0,0.0,549.8497,0.0,0.0,15.045299999999997
2022-08-24 06:00:00,0.0,752.3274,0.0,0.0,376.1637,0.0,0.0,166.3013
2022-08-24 07:00:00,0.0,351.0326,0.0,0.0,175.5163,0.0,0.0,344.69870000000003
2022-08-24 08:00:00,0.0,0.0,0.0,0.0,0.0,0.0,0.0,506.25499999999994
2022-08-24 09:00:00,0.0,0.0,0.0,0.0,0.0,0.0,0.0,634.7276999999999
2022-08-24 10:00:00,0.0,0.0,0.0,0.0,0.0,0.0,0.0,701.4277999999999
2022-08-24 11:00:00,0.0,0.0,0.0,0.0,0.0,0.0,0.0,716.4804
2022-08-24 12:00:00,0.0,0.0,0.0,0.0,0.0,0.0,0.0,680.6885
2022-08-24 13:00:00,0.0,0.0,0.0,0.0,0.0,0.0,0.0,613.2365
2022-08-24 14:00:00,0.0,0.0,0.0,0.0,0.0,0.0,0.0,431.90450000000004
2022-08-24 15:00:00,0.0,258.6208,0.0,0.0,129.3104,0.0,0.0,299.3146
2022-08-24 16:00:00,0.0,579.5394,0.0,0.0,289.7697,0.0,0.0,151.5553
2022-08-24 17:00:00,0.0,939.3564,0.0,0.0,469.6782,0.0,0.0,22.7468
2022-08-24 18:00:00,0.0,1191.29,0.0,0.0,595.645,0.0,0.0,0.0
2022-08-24 19:00:00,0.0,918.65,0.0,0.0,459.325,0.0,0.0,0.0
2022-08-24 20:00:00,0.0,880.45,0.0,0.0,440.225,0.0,0.0,0.0
2022-08-24 21:00:00,0.0,853.65,0.0,0.0,426.825,0.0,0.0,0.0
2022-08-24 22:00:00,0.0,862.25,0.0,0.0,431.125,0.0,0.0,0.0
2022-08-24 23:00:00,0.0,831.65,0.0,0.0,415.825,0.0,0.0,0.0
2022-08-25 00:00:00,0.0,829.45,0.0,0.0,414.725,0.0,0.0,0.0
2022-08-25 01:00:00,0.0,840.45,0.0,0.0,420.225,0.0,0.0,0.0
2022-08-25 02:00:00,0.0,837.85,0.0,0.0,418.925,0.0,0.0,0.0
2022-08-25 03:00:00,0.0,869.25,0.0,0.0,434.625,0.0,0.0,0.0
2022-08-25 04:00:00,0.0,895.25,0.0,0.0,447.625,0.0,0.0,0.0
2022-08-25 05:00:00,0.0,820.233,0.0,0.0,410.1165,0.0,0.0,33.9085
2022-08-25 06:00:00,0.0,604.6318,0.0,0.0,302.3159,0.0,0.0,142.1091
2022-08-25 07:00:00,0.0,427.49,0.0,0.0,213.745,0.0,0.0,305.87
2022-08-25 08:00:00,0.0,26.8762,0.0,0.0,13.4381,0.0,0.0,496.78689999999995
2022-08-25 09:00:00,0.0,0.0,0.0,0.0,0.0,0.0,0.0,638.8449
2022-08-25 10:00:00,0.0,0.0,0.0,0.0,0.0,0.0,0.0,700.9095
2022-08-25 11:00:00,0.0,0.0,0.0,0.0,0.0,0.0,0.0,724.4374
2022-08-25 12:00:00,0.0,0.0,0.0,0.0,0.0,0.0,0.0,710.0564
2022-08-25 13:00:00,0.0,0.0,0.0,0.0,0.0,0.0,0.0,626.6465999999999
2022-08-25 14:00:00,0.0,0.0,0.0,0.0,0.0,0.0,0.0,488.8663999999999
2022-08-25 15:00:00,0.0,224.1576,0.0,0.0,112.0788,0.0,0.0,330.6462
2022-08-25 16:00:00,0.0,577.2106,0.0,0.0,288.6053,0.0,0.0,157.59969999999998
2022-08-25 17:00:00,0.0,893.7048,0.0,0.0,446.8524,0.0,0.0,26.002599999999994
2022-08-25 18:00:00,0.0,1112.19,0.0,0.0,556.095,0.0,0.0,0.0
2022-08-25 19:00:00,0.0,907.21,0.0,0.0,453.605,0.0,0.0,0.0
2022-08-25 20:00:00,0.0,874.65,0.0,0.0,437.325,0.0,0.0,0.0
2022-08-25 21:00:00,0.0,962.09,0.0,0.0,481.045,0.0,0.0,0.0
2022-08-25 22:00:00,0.0,924.15,0.0,0.0,462.075,0.0,0.0,0.0
2022-08-25 23:00:00,0.0,892.97,0.0,0.0,446.485,0.0,0.0,0.0
2022-08-26 00:00:00,0.0,871.77,0.0,0.0,435.885,0.0,0.0,0.0
2022-08-26 01:00:00,0.0,845.01,0.0,0.0,422.505,0.0,0.0,0.0
2022-08-26 02:00:00,0.0,837.31,0.0,0.0,418.655,0.0,0.0,0.0
2022-08-26 03:00:00,0.0,822.99,0.0,0.0,411.495,0.0,0.0,0.0
2022-08-26 04:00:00,0.0,850.45,0.0,0.0,425.225,0.0,0.0,0.0
2022-08-26 05:00:00,0.0,827.258,0.0,0.0,413.629,0.0,0.0,32.996
2022-08-26 06:00:00,0.0,551.1366,0.0,0.0,275.5683,0.0,0.0,172.8567
2022-08-26 07:00:00,0.0,319.9826,0.0,0.0,159.9913,0.0,0.0,353.82370000000003
2022-08-26 08:00:00,0.0,0.0,0.0,0.0,0.0,0.0,0.0,508.3136
2022-08-26 09:00:00,0.0,0.0,0.0,0.0,0.0,0.0,0.0,629.0191
2022-08-26 10:00:00,0.0,0.0,0.0,0.0,0.0,0.0,0.0,707.516
2022-08-26 11:00:00,0.0,0.0,0.0,0.0,0.0,0.0,0.0,735.5772
2022-08-26 12:00:00,0.0,0.0,0.0,0.0,0.0,0.0,0.0,668.7165
2022-08-26 13:00:00,0.0,367.0502,0.0,0.0,183.5251,0.0,0.0,261.7999
2022-08-26 14:00:00,0.0,147.6314,0.0,0.0,73.8157,0.0,0.0,363.10929999999996
2022-08-26 15:00:00,0.0,368.682,0.0,0.0,184.341,0.0,0.0,263.384
2022-08-26 16:00:00,0.0,804.706,0.0,0.0,402.353,0.0,0.0,121.47200000000001
2022-08-26 17:00:00,0.0,996.1442,0.0,0.0,498.0721,0.0,0.0,25.352899999999998
2022-08-26 18:00:00,0.0,1432.69,0.0,0.0,716.345,0.0,0.0,0.0
2022-08-26 19:00:00,0.0,1175.45,0.0,0.0,587.725,0.0,0.0,0.0
2022-08-26 20:00:00,0.0,1076.85,0.0,0.0,538.425,0.0,0.0,0.0
2022-08-26 21:00:00,0.0,1046.65,0.0,0.0,523.325,0.0,0.0,0.0
2022-08-26 22:00:00,0.0,991.65,0.0,0.0,495.825,0.0,0.0,0.0
2022-08-26 23:00:00,0.0,921.65,0.0,0.0,460.825,0.0,0.0,0.0
2022-08-27 00:00:00,0.0,921.85,0.0,0.0,460.925,0.0,0.0,0.0
2022-08-27 01:00:00,0.0,941.85,0.0,0.0,470.925,0.0,0.0,0.0
2022-08-27 02:00:00,0.0,951.25,0.0,0.0,475.625,0.0,0.0,0.0
2022-08-27 03:00:00,0.0,954.65,0.0,0.0,477.325,0.0,0.0,0.0
2022-08-27 04:00:00,0.0,1026.05,0.0,0.0,513.025,0.0,0.0,0.0
2022-08-27 05:00:00,0.0,1282.0974,0.0,0.0,641.0487,0.0,0.0,33.076299999999996
2022-08-27 06:00:00,0.0,936.7838,0.0,0.0,468.3919,0.0,0.0,177.7331
2022-08-27 07:00:00,0.0,409.0456,0.0,0.0,204.5228,0.0,0.0,352.6922
2022-08-27 08:00:00,0.0,0.0,0.0,0.0,0.0,0.0,0.0,509.97799999999995
2022-08-27 09:00:00,0.0,0.0,0.0,0.0,0.0,0.0,0.0,643.3198
2022-08-27 10:00:00,0.0,0.0,0.0,0.0,0.0,0.0,0.0,705.7348
2022-08-27 11:00:00,0.0,0.0,0.0,0.0,0.0,0.0,0.0,706.4282999999999
2022-08-27 12:00:00,0.0,0.0,0.0,0.0,0.0,0.0,0.0,475.0621
2022-08-27 13:00:00,0.0,0.0,0.0,0.0,0.0,0.0,0.0,617.9304000000001
2022-08-27 14:00:00,0.0,0.0,0.0,0.0,0.0,0.0,0.0,468.806
2022-08-27 15:00:00,0.0,188.2024,0.0,0.0,94.1012,0.0,0.0,318.3238
2022-08-27 16:00:00,0.0,641.8992,0.0,0.0,320.9496,0.0,0.0,148.1754
2022-08-27 17:00:00,0.0,935.1576,0.0,0.0,467.5788,0.0,0.0,24.046200000000002
2022-08-27 18:00:00,0.0,1321.49,0.0,0.0,660.745,0.0,0.0,0.0
2022-08-27 19:00:00,0.0,1095.65,0.0,0.0,547.825,0.0,0.0,0.0
2022-08-27 20:00:00,0.0,1165.45,0.0,0.0,582.725,0.0,0.0,0.0
2022-08-27 21:00:00,0.0,1004.85,0.0,0.0,502.425,0.0,0.0,0.0
2022-08-27 22:00:00,0.0,936.45,0.0,0.0,468.225,0.0,0.0,0.0
2022-08-27 23:00:00,0.0,845.25,0.0,0.0,422.625,0.0,0.0,0.0
2022-08-28 00:00:00,0.0,817.45,0.0,0.0,408.725,0.0,0.0,0.0
2022-08-28 01:00:00,0.0,818.85,0.0,0.0,409.425,0.0,0.0,0.0
2022-08-28 02:00:00,0.0,813.45,0.0,0.0,406.725,0.0,0.0,0.0
2022-08-28 03:00:00,0.0,796.85,0.0,0.0,398.425,0.0,0.0,0.0
2022-08-28 04:00:00,0.0,824.05,0.0,0.0,412.025,0.0,0.0,0.0
2022-08-28 05:00:00,0.0,1111.346,0.0,0.0,555.673,0.0,0.0,30.952
2022-08-28 06:00:00,0.0,769.401,0.0,0.0,384.7005,0.0,0.0,172.0245
2022-08-28 07:00:00,0.0,310.3634,0.0,0.0,155.1817,0.0,0.0,340.3333
2022-08-28 08:00:00,0.0,0.0,0.0,0.0,0.0,0.0,0.0,501.0282000000001
2022-08-28 09:00:00,0.0,0.0,0.0,0.0,0.0,0.0,0.0,621.5074000000001
2022-08-28 10:00:00,0.0,108.60153,27.150382,0.0,54.300764,95.026336,0.0,263.69789999999995
2022-08-28 11:00:00,0.0,0.0,0.0,0.0,0.0,0.0,0.0,730.3358
2022-08-28 12:00:00,0.0,0.0,0.0,0.0,0.0,0.0,0.0,684.8203
2022-08-28 13:00:00,0.0,0.0,0.0,0.0,0.0,0.0,0.0,607.36
2022-08-28 14:00:00,0.0,0.0,0.0,0.0,0.0,0.0,0.0,473.843
2022-08-28 15:00:00,0.0,106.67105,26.667764,0.0,53.335527,93.337173,0.0,274.8523
2022-08-28 16:00:00,0.0,707.5902,0.0,0.0,353.7951,0.0,0.0,87.3299
2022-08-28 17:00:00,0.0,907.656,0.0,0.0,453.828,0.0,0.0,6.497
2022-08-28 18:00:00,0.0,1288.69,0.0,0.0,644.345,0.0,0.0,0.0
2022-08-28 19:00:00,0.0,1034.25,0.0,0.0,517.125,0.0,0.0,0.0
2022-08-28 20:00:00,0.0,1050.65,0.0,0.0,525.325,0.0,0.0,0.0
2022-08-28 21:00:00,0.0,965.05,0.0,0.0,482.525,0.0,0.0,0.0
2022-08-28 22:00:00,0.0,852.45,0.0,0.0,426.225,0.0,0.0,0.0
2022-08-28 23:00:00,0.0,809.05,0.0,0.0,404.525,0.0,0.0,0.0
2022-08-29 00:00:00,0.0,837.85,0.0,0.0,418.925,0.0,0.0,0.0
2022-08-29 01:00:00,0.0,829.05,0.0,0.0,414.525,0.0,0.0,0.0
2022-08-29 02:00:00,0.0,878.45,0.0,0.0,439.225,0.0,0.0,0.0
2022-08-29 03:00:00,0.0,873.25,0.0,0.0,436.625,0.0,0.0,0.0
2022-08-29 04:00:00,0.0,858.65,0.0,0.0,429.325,0.0,0.0,0.0
2022-08-29 05:00:00,0.0,1147.1488,0.0,0.0,573.5744,0.0,0.0,31.550600000000003
2022-08-29 06:00:00,0.0,820.1572,0.0,0.0,410.0786,0.0,0.0,179.3464
2022-08-29 07:00:00,0.0,286.8402,0.0,0.0,143.4201,0.0,0.0,357.7949
2022-08-29 08:00:00,0.0,0.0,0.0,0.0,0.0,0.0,0.0,522.7384
2022-08-29 09:00:00,0.0,0.0,0.0,0.0,0.0,0.0,0.0,640.2538
2022-08-29 10:00:00,0.0,0.0,0.0,0.0,0.0,0.0,0.0,723.5176
2022-08-29 11:00:00,0.0,0.0,0.0,0.0,0.0,0.0,0.0,746.9798
2022-08-29 12:00:00,0.0,0.0,0.0,0.0,0.0,0.0,0.0,708.1
2022-08-29 13:00:00,0.0,0.0,0.0,0.0,0.0,0.0,0.0,620.0985
2022-08-29 14:00:00,0.0,0.0,0.0,0.0,0.0,0.0,0.0,480.86560000000003
2022-08-29 15:00:00,0.0,203.762,0.0,0.0,101.881,0.0,0.0,323.244
2022-08-29 16:00:00,0.0,570.6286,0.0,0.0,285.3143,0.0,0.0,150.81069999999997
2022-08-29 17:00:00,0.0,887.1552,0.0,0.0,443.5776,0.0,0.0,21.4474
2022-08-29 18:00:00,0.0,1309.89,0.0,0.0,654.945,0.0,0.0,0.0
2022-08-29 19:00:00,0.0,1013.85,0.0,0.0,506.925,0.0,0.0,0.0
2022-08-29 20:00:00,0.0,1001.85,0.0,0.0,500.925,0.0,0.0,0.0
2022-08-29 21:00:00,0.0,985.41,0.0,0.0,492.705,0.0,0.0,0.0
2022-08-29 22:00:00,0.0,918.37,0.0,0.0,459.185,0.0,0.0,0.0
2022-08-29 23:00:00,0.0,849.83,0.0,0.0,424.915,0.0,0.0,0.0
2022-08-30 00:00:00,0.0,842.91,0.0,0.0,421.455,0.0,0.0,0.0
2022-08-30 01:00:00,0.0,870.41,0.0,0.0,435.205,0.0,0.0,0.0
2022-08-30 02:00:00,0.0,872.19,0.0,0.0,436.095,0.0,0.0,0.0
2022-08-30 03:00:00,0.0,866.91,0.0,0.0,433.455,0.0,0.0,0.0
2022-08-30 04:00:00,0.0,905.29,0.0,0.0,452.645,0.0,0.0,0.0
2022-08-30 05:00:00,0.0,1113.1592,0.0,0.0,556.5796,0.0,0.0,31.375399999999996
2022-08-30 06:00:00,0.0,794.57,0.0,0.0,397.285,0.0,0.0,185.42
2022-08-30 07:00:00,0.0,327.6328,0.0,0.0,163.8164,0.0,0.0,358.29859999999996
2022-08-30 08:00:00,0.0,0.0,0.0,0.0,0.0,0.0,0.0,529.6734
2022-08-30 09:00:00,0.0,0.0,0.0,0.0,0.0,0.0,0.0,655.5545999999999
2022-08-30 10:00:00,0.0,0.0,0.0,0.0,0.0,0.0,0.0,736.1685
2022-08-30 11:00:00,0.0,0.0,0.0,0.0,0.0,0.0,0.0,764.091
2022-08-30 12:00:00,0.0,0.0,0.0,0.0,0.0,0.0,0.0,724.1307999999999
2022-08-30 13:00:00,0.0,0.0,0.0,0.0,0.0,0.0,0.0,626.8947999999999
2022-08-30 14:00:00,0.0,0.0,0.0,0.0,0.0,0.0,0.0,491.6258
2022-08-30 15:00:00,0.0,194.851,0.0,0.0,97.4255,0.0,0.0,323.4995
2022-08-30 16:00:00,0.0,613.4508,0.0,0.0,306.7254,0.0,0.0,149.2996
2022-08-30 17:00:00,0.0,926.554,0.0,0.0,463.277,0.0,0.0,20.148
2022-08-30 18:00:00,0.0,1294.49,0.0,0.0,647.245,0.0,0.0,0.0
2022-08-30 19:00:00,0.0,948.65,0.0,0.0,474.325,0.0,0.0,0.0
2022-08-30 20:00:00,0.0,961.51,0.0,0.0,480.755,0.0,0.0,0.0
2022-08-30 21:00:00,0.0,986.15,0.0,0.0,493.075,0.0,0.0,0.0
2022-08-30 22:00:00,0.0,851.71,0.0,0.0,425.855,0.0,0.0,0.0
2022-08-30 23:00:00,0.0,802.75,0.0,0.0,401.375,0.0,0.0,0.0
2022-08-31 00:00:00,0.0,783.33,0.0,0.0,391.665,0.0,0.0,0.0
2022-08-31 01:00:00,0.0,779.91,0.0,0.0,389.955,0.0,0.0,0.0
2022-08-31 02:00:00,0.0,784.25,0.0,0.0,392.125,0.0,0.0,0.0
2022-08-31 03:00:00,0.0,783.73,0.0,0.0,391.865,0.0,0.0,0.0
2022-08-31 04:00:00,0.0,826.59,0.0,0.0,413.295,0.0,0.0,0.0
2022-08-31 05:00:00,0.0,1055.958,0.0,0.0,527.979,0.0,0.0,30.076
2022-08-31 06:00:00,0.0,804.7816,0.0,0.0,402.3908,0.0,0.0,173.40419999999997
2022-08-31 07:00:00,0.0,376.5572,0.0,0.0,188.2786,0.0,0.0,349.4364
2022-08-31 08:00:00,0.0,0.0,0.0,0.0,0.0,0.0,0.0,508.16759999999994
2022-08-31 09:00:00,0.0,0.0,0.0,0.0,0.0,0.0,0.0,559.3041
2022-08-31 10:00:00,0.0,0.0,0.0,0.0,0.0,0.0,0.0,656.0656
2022-08-31 11:00:00,0.0,0.0,0.0,0.0,0.0,0.0,0.0,638.5455999999999
2022-08-31 12:00:00,0.0,0.0,0.0,0.0,0.0,0.0,0.0,690.5508
2022-08-31 13:00:00,0.0,0.0,0.0,0.0,0.0,0.0,0.0,584.6862
2022-08-31 14:00:00,0.0,145.2184,0.0,0.0,72.6092,0.0,0.0,347.81579999999997
2022-08-31 15:00:00,0.0,630.3736,0.0,0.0,315.1868,0.0,0.0,133.83819999999997
2022-08-31 16:00:00,0.0,786.0572,0.0,0.0,393.0286,0.0,0.0,66.1964
2022-08-31 17:00:00,0.0,959.9504,0.0,0.0,479.9752,0.0,0.0,16.2498
2022-08-31 18:00:00,0.0,1220.29,0.0,0.0,610.145,0.0,0.0,0.0
2022-08-31 19:00:00,0.0,931.81,0.0,0.0,465.905,0.0,0.0,0.0
2022-08-31 20:00:00,0.0,891.17,0.0,0.0,445.585,0.0,0.0,0.0
2022-08-31 21:00:00,0.0,881.03,0.0,0.0,440.515,0.0,0.0,0.0
2022-08-31 22:00:00,0.0,857.45,0.0,0.0,428.725,0.0,0.0,0.0
2022-08-31 23:00:00,0.0,803.99,0.0,0.0,401.995,0.0,0.0,0.0
2022-09-01 00:00:00,0.0,778.21,0.0,0.0,389.105,0.0,0.0,0.0
2022-09-01 01:00:00,0.0,773.41,0.0,0.0,386.705,0.0,0.0,0.0
2022-09-01 02:00:00,0.0,843.15,0.0,0.0,421.575,0.0,0.0,0.0
2022-09-01 03:00:00,0.0,832.57,0.0,0.0,416.285,0.0,0.0,0.0
2022-09-01 04:00:00,0.0,851.89,0.0,0.0,425.945,0.0,0.0,0.0
2022-09-01 05:00:00,0.0,791.111,0.0,0.0,395.5555,0.0,0.0,29.309500000000003
2022-09-01 06:00:00,0.0,576.5784,0.0,0.0,288.2892,0.0,0.0,171.8858
2022-09-01 07:00:00,0.0,429.7414,0.0,0.0,214.8707,0.0,0.0,340.8443
2022-09-01 08:00:00,0.0,113.3342,0.0,0.0,56.6671,0.0,0.0,498.7578999999999
2022-09-01 09:00:00,0.0,80.8356,0.0,0.0,40.4178,0.0,0.0,517.3072
2022-09-01 10:00:00,0.0,280.0046,0.0,0.0,140.0023,0.0,0.0,351.1227
2022-09-01 11:00:00,0.0,0.0,0.0,0.0,0.0,0.0,0.0,729.3137999999999
2022-09-01 12:00:00,0.0,0.0,0.0,0.0,0.0,0.0,0.0,703.2892999999999
2022-09-01 13:00:00,0.0,0.0,0.0,0.0,0.0,0.0,0.0,580.2259
2022-09-01 14:00:00,0.0,0.0,0.0,0.0,0.0,0.0,0.0,474.4416
2022-09-01 15:00:00,0.0,288.2456,0.0,0.0,144.1228,0.0,0.0,314.0022
2022-09-01 16:00:00,0.0,694.0236,0.0,0.0,347.0118,0.0,0.0,124.7132
2022-09-01 17:00:00,0.0,923.5516,0.0,0.0,461.7758,0.0,0.0,17.5492
2022-09-01 18:00:00,0.0,1206.29,0.0,0.0,603.145,0.0,0.0,0.0
2022-09-01 19:00:00,0.0,957.65,0.0,0.0,478.825,0.0,0.0,0.0
2022-09-01 20:00:00,0.0,948.67,0.0,0.0,474.335,0.0,0.0,0.0
2022-09-01 21:00:00,0.0,920.27,0.0,0.0,460.135,0.0,0.0,0.0
2022-09-01 22:00:00,0.0,929.05,0.0,0.0,464.525,0.0,0.0,0.0
2022-09-01 23:00:00,0.0,894.85,0.0,0.0,447.425,0.0,0.0,0.0
2022-09-02 00:00:00,0.0,929.37,0.0,0.0,464.685,0.0,0.0,0.0
2022-09-02 01:00:00,0.0,982.81,0.0,0.0,491.405,0.0,0.0,0.0
2022-09-02 02:00:00,0.0,954.75,0.0,0.0,477.375,0.0,0.0,0.0
2022-09-02 03:00:00,0.0,987.05,0.0,0.0,493.525,0.0,0.0,0.0
2022-09-02 04:00:00,0.0,986.91,0.0,0.0,493.455,0.0,0.0,0.0
2022-09-02 05:00:00,0.0,966.8654,0.0,0.0,483.4327,0.0,0.0,26.6523
2022-09-02 06:00:00,0.0,588.3172,0.0,0.0,294.1586,0.0,0.0,182.2664
2022-09-02 07:00:00,0.0,361.8082,0.0,0.0,180.9041,0.0,0.0,359.4009
2022-09-02 08:00:00,0.0,0.0,0.0,0.0,0.0,0.0,0.0,518.9059
2022-09-02 09:00:00,0.0,0.0,0.0,0.0,0.0,0.0,0.0,638.3557999999999
2022-09-02 10:00:00,0.0,0.0,0.0,0.0,0.0,0.0,0.0,724.9337999999999
2022-09-02 11:00:00,0.0,86.777018,21.694255,0.0,43.388509,75.929891,0.0,468.23659999999995
2022-09-02 12:00:00,0.0,0.0,0.0,0.0,0.0,0.0,0.0,707.4795
2022-09-02 13:00:00,0.0,0.0,0.0,0.0,0.0,0.0,0.0,613.6672
2022-09-02 14:00:00,0.0,0.0,0.0,0.0,0.0,0.0,0.0,456.08209999999997
2022-09-02 15:00:00,0.0,277.0592,0.0,0.0,138.5296,0.0,0.0,318.99539999999996
2022-09-02 16:00:00,0.0,653.6592,0.0,0.0,326.8296,0.0,0.0,143.7954
2022-09-02 17:00:00,0.0,991.9504,0.0,0.0,495.9752,0.0,0.0,16.2498
2022-09-02 18:00:00,0.0,1344.09,0.0,0.0,672.045,0.0,0.0,0.0
2022-09-02 19:00:00,0.0,1036.05,0.0,0.0,518.025,0.0,0.0,0.0
2022-09-02 20:00:00,0.0,1063.45,0.0,0.0,531.725,0.0,0.0,0.0
2022-09-02 21:00:00,0.0,946.05,0.0,0.0,473.025,0.0,0.0,0.0
2022-09-02 22:00:00,0.0,336.23636,84.059091,0.0,168.11818,294.20682,0.0,0.0
2022-09-02 23:00:00,0.0,319.94545,79.986364,0.0,159.97273,279.95227,0.0,0.0
2022-09-03 00:00:00,0.0,308.30909,77.077273,0.0,154.15455,269.77045,0.0,0.0
2022-09-03 01:00:00,0.0,316.08364,79.020909,0.0,158.04182,276.57318,0.0,0.0
2022-09-03 02:00:00,0.0,326.36727,81.591818,0.0,163.18364,285.57136,0.0,0.0
2022-09-03 03:00:00,0.0,331.25455,82.813636,0.0,165.62727,289.84773,0.0,0.0
2022-09-03 04:00:00,0.0,358.61455,89.653636,0.0,179.30727,313.78773,0.0,0.0
2022-09-03 05:00:00,0.0,466.22044,116.55511,0.0,233.11022,407.94288,0.0,23.381899999999998
2022-09-03 06:00:00,0.0,1042.8092,0.0,0.0,521.4046,0.0,0.0,166.0604
2022-09-03 07:00:00,0.0,405.3742,0.0,0.0,202.6871,0.0,0.0,332.31789999999995
2022-09-03 08:00:00,0.0,0.0,0.0,0.0,0.0,0.0,0.0,447.30019999999996
2022-09-03 09:00:00,0.0,0.0,0.0,0.0,0.0,0.0,0.0,561.6692999999999
2022-09-03 10:00:00,0.0,0.0,0.0,0.0,0.0,0.0,0.0,402.11320000000006
2022-09-03 11:00:00,0.0,32.842545,8.2106364,0.0,16.421273,28.737227,0.0,432.1965
2022-09-03 12:00:00,0.0,0.0,0.0,0.0,0.0,0.0,0.0,466.1123
2022-09-03 13:00:00,0.0,0.0,0.0,0.0,0.0,0.0,0.0,572.1521
2022-09-03 14:00:00,0.0,0.0,0.0,0.0,0.0,0.0,0.0,460.5132
2022-09-03 15:00:00,0.0,132.37171,33.092927,0.0,66.185855,115.82525,0.0,233.91389999999998
2022-09-03 16:00:00,0.0,648.6076,0.0,0.0,324.3038,0.0,0.0,131.72119999999998
2022-09-03 17:00:00,0.0,891.348,0.0,0.0,445.674,0.0,0.0,13.650999999999998
2022-09-03 18:00:00,0.0,1325.43,0.0,0.0,662.715,0.0,0.0,0.0
2022-09-03 19:00:00,0.0,1043.53,0.0,0.0,521.765,0.0,0.0,0.0
2022-09-03 20:00:00,0.0,1022.85,0.0,0.0,511.425,0.0,0.0,0.0
2022-09-03 21:00:00,0.0,978.99,0.0,0.0,489.495,0.0,0.0,0.0
2022-09-03 22:00:00,0.0,944.43,0.0,0.0,472.215,0.0,0.0,0.0
2022-09-03 23:00:00,0.0,328.63636,82.159091,0.0,164.31818,287.55682,0.0,0.0
2022-09-04 00:00:00,0.0,334.04727,83.511818,0.0,167.02364,292.29136,0.0,0.0
2022-09-04 01:00:00,0.0,339.80727,84.951818,0.0,169.90364,297.33136,0.0,0.0
2022-09-04 02:00:00,0.0,340.02545,85.006364,0.0,170.01273,297.52227,0.0,0.0
2022-09-04 03:00:00,0.0,350.12,87.53,0.0,175.06,306.355,0.0,0.0
2022-09-04 04:00:00,0.0,360.92727,90.231818,0.0,180.46364,315.81136,0.0,0.0
2022-09-04 05:00:00,0.0,459.27084,114.81771,0.0,229.63542,401.86198,0.0,9.5776
2022-09-04 06:00:00,0.0,358.46189,89.615473,0.0,179.23095,313.65415,0.0,157.4099
2022-09-04 07:00:00,0.0,141.26655,35.316636,0.0,70.633273,123.60823,0.0,338.6835
2022-09-04 08:00:00,0.0,0.0,0.0,0.0,0.0,0.0,0.0,503.32039999999995
2022-09-04 09:00:00,0.0,0.0,0.0,0.0,0.0,0.0,0.0,622.8286999999999
2022-09-04 10:00:00,0.0,0.0,0.0,0.0,0.0,0.0,0.0,694.157
2022-09-04 11:00:00,0.0,0.0,0.0,0.0,0.0,0.0,0.0,738.3366
2022-09-04 12:00:00,0.0,0.0,0.0,0.0,0.0,0.0,0.0,698.1646999999999
2022-09-04 13:00:00,0.0,0.0,0.0,0.0,0.0,0.0,0.0,600.571
2022-09-04 14:00:00,0.0,0.0,0.0,0.0,0.0,0.0,0.0,461.287
2022-09-04 15:00:00,0.0,202.31375,50.578436,0.0,101.15687,177.02453,0.0,129.4436
2022-09-04 16:00:00,0.0,751.7082,0.0,0.0,375.8541,0.0,0.0,88.5709
2022-09-04 17:00:00,0.0,1009.7074,0.0,0.0,504.8537,0.0,0.0,13.001299999999997
2022-09-04 18:00:00,0.0,1297.11,0.0,0.0,648.555,0.0,0.0,0.0
2022-09-04 19:00:00,0.0,1050.89,0.0,0.0,525.445,0.0,0.0,0.0
2022-09-04 20:00:00,0.0,1037.17,0.0,0.0,518.585,0.0,0.0,0.0
2022-09-04 21:00:00,0.0,977.31,0.0,0.0,488.655,0.0,0.0,0.0
2022-09-04 22:00:00,0.0,953.29,0.0,0.0,476.645,0.0,0.0,0.0
2022-09-04 23:00:00,0.0,330.71636,82.679091,0.0,165.35818,289.37682,0.0,0.0
2022-09-05 00:00:00,0.0,329.85818,82.464545,0.0,164.92909,288.62591,0.0,0.0
2022-09-05 01:00:00,0.0,333.37091,83.342727,0.0,166.68545,291.69955,0.0,0.0
2022-09-05 02:00:00,0.0,347.50909,86.877273,0.0,173.75455,304.07045,0.0,0.0
2022-09-05 03:00:00,0.0,349.88,87.47,0.0,174.94,306.145,0.0,0.0
2022-09-05 04:00:00,0.0,1038.65,0.0,0.0,519.325,0.0,0.0,0.0
2022-09-05 05:00:00,0.0,1288.6276,0.0,0.0,644.3138,0.0,0.0,23.681199999999997
2022-09-05 06:00:00,0.0,997.9428,0.0,0.0,498.9714,0.0,0.0,166.6736
2022-09-05 07:00:00,0.0,468.141,0.0,0.0,234.0705,0.0,0.0,345.7645
2022-09-05 08:00:00,0.0,0.0,0.0,0.0,0.0,0.0,0.0,510.62039999999996
2022-09-05 09:00:00,0.0,0.0,0.0,0.0,0.0,0.0,0.0,639.918
2022-09-05 10:00:00,0.0,0.0,0.0,0.0,0.0,0.0,0.0,717.3929
2022-09-05 11:00:00,0.0,0.0,0.0,0.0,0.0,0.0,0.0,742.9648
2022-09-05 12:00:00,0.0,0.0,0.0,0.0,0.0,0.0,0.0,694.1351
2022-09-05 13:00:00,0.0,0.0,0.0,0.0,0.0,0.0,0.0,603.9581999999999
2022-09-05 14:00:00,0.0,0.0,0.0,0.0,0.0,0.0,0.0,460.68839999999994
2022-09-05 15:00:00,0.0,259.8718,0.0,0.0,129.9359,0.0,0.0,292.48909999999995
2022-09-05 16:00:00,0.0,705.6642,0.0,0.0,352.8321,0.0,0.0,126.0929
2022-09-05 17:00:00,0.0,961.4462,0.0,0.0,480.7231,0.0,0.0,11.701900000000002
2022-09-05 18:00:00,0.0,1234.09,0.0,0.0,617.045,0.0,0.0,0.0
2022-09-05 19:00:00,0.0,1030.61,0.0,0.0,515.305,0.0,0.0,0.0
2022-09-05 20:00:00,0.0,1029.09,0.0,0.0,514.545,0.0,0.0,0.0
2022-09-05 21:00:00,0.0,955.57,0.0,0.0,477.785,0.0,0.0,0.0
2022-09-05 22:00:00,0.0,326.27273,81.568182,0.0,163.13636,285.48864,0.0,0.0
2022-09-05 23:00:00,0.0,300.70909,75.177273,0.0,150.35455,263.12045,0.0,0.0
2022-09-06 00:00:00,0.0,823.63,0.0,0.0,411.815,0.0,0.0,0.0
2022-09-06 01:00:00,0.0,295.55273,73.888182,0.0,147.77636,258.60864,0.0,0.0
2022-09-06 02:00:00,0.0,296.32364,74.080909,0.0,148.16182,259.28318,0.0,0.0
2022-09-06 03:00:00,0.0,311.93818,77.984545,0.0,155.96909,272.94591,0.0,0.0
2022-09-06 04:00:00,0.0,942.89,0.0,0.0,471.445,0.0,0.0,0.0
2022-09-06 05:00:00,0.0,1200.3192,0.0,0.0,600.1596,0.0,0.0,21.155399999999997
2022-09-06 06:00:00,0.0,1019.4096,0.0,0.0,509.7048,0.0,0.0,117.3402
2022-09-06 07:00:00,0.0,1122.63,0.0,0.0,561.315,0.0,0.0,0.0
2022-09-06 08:00:00,0.0,0.0,0.0,0.0,0.0,0.0,0.0,494.9327
2022-09-06 09:00:00,0.0,0.0,0.0,0.0,0.0,0.0,0.0,616.7697
2022-09-06 10:00:00,0.0,0.0,0.0,0.0,0.0,0.0,0.0,696.5002999999999
2022-09-06 11:00:00,0.0,0.0,0.0,0.0,0.0,0.0,0.0,712.3996999999999
2022-09-06 12:00:00,0.0,0.0,0.0,0.0,0.0,0.0,0.0,690.0544
2022-09-06 13:00:00,0.0,0.0,0.0,0.0,0.0,0.0,0.0,596.0231
2022-09-06 14:00:00,0.0,0.0,0.0,0.0,0.0,0.0,0.0,426.19589999999994
2022-09-06 15:00:00,0.0,271.0468,0.0,0.0,135.5234,0.0,0.0,286.10159999999996
2022-09-06 16:00:00,0.0,672.2914,0.0,0.0,336.1457,0.0,0.0,114.17930000000001
2022-09-06 17:00:00,0.0,956.1444,0.0,0.0,478.0722,0.0,0.0,9.752799999999999
2022-09-06 18:00:00,0.0,1292.69,0.0,0.0,646.345,0.0,0.0,0.0
2022-09-06 19:00:00,0.0,980.59,0.0,0.0,490.295,0.0,0.0,0.0
2022-09-06 20:00:00,0.0,1078.13,0.0,0.0,539.065,0.0,0.0,0.0
2022-09-06 21:00:00,0.0,1008.53,0.0,0.0,504.265,0.0,0.0,0.0
2022-09-06 22:00:00,0.0,956.25,0.0,0.0,478.125,0.0,0.0,0.0
2022-09-06 23:00:00,0.0,869.63,0.0,0.0,434.815,0.0,0.0,0.0
2022-09-07 00:00:00,0.0,850.25,0.0,0.0,425.125,0.0,0.0,0.0
2022-09-07 01:00:00,0.0,844.83,0.0,0.0,422.415,0.0,0.0,0.0
2022-09-07 02:00:00,0.0,855.63,0.0,0.0,427.815,0.0,0.0,0.0
2022-09-07 03:00:00,0.0,870.79,0.0,0.0,435.395,0.0,0.0,0.0
2022-09-07 04:00:00,0.0,935.61,0.0,0.0,467.805,0.0,0.0,0.0
2022-09-07 05:00:00,0.0,1236.8108,0.0,0.0,618.4054,0.0,0.0,21.549599999999998
2022-09-07 06:00:00,0.0,910.547,0.0,0.0,455.2735,0.0,0.0,142.0215
2022-09-07 07:00:00,0.0,454.6204,0.0,0.0,227.3102,0.0,0.0,325.40479999999997
2022-09-07 08:00:00,0.0,0.0,0.0,0.0,0.0,0.0,0.0,488.80799999999994
2022-09-07 09:00:00,0.0,0.0,0.0,0.0,0.0,0.0,0.0,608.9076
2022-09-07 10:00:00,0.0,0.0,0.0,0.0,0.0,0.0,0.0,687.7622
2022-09-07 11:00:00,0.0,0.0,0.0,0.0,0.0,0.0,0.0,707.8883
2022-09-07 12:00:00,0.0,0.0,0.0,0.0,0.0,0.0,0.0,667.585
2022-09-07 13:00:00,0.0,0.0,0.0,0.0,0.0,0.0,0.0,583.5692999999999
2022-09-07 14:00:00,0.0,0.0,0.0,0.0,0.0,0.0,0.0,442.8910000000001
2022-09-07 15:00:00,0.0,313.3438,0.0,0.0,156.6719,0.0,0.0,282.8531
2022-09-07 16:00:00,0.0,652.8942,0.0,0.0,326.4471,0.0,0.0,114.77789999999999
2022-09-07 17:00:00,0.0,954.1432,0.0,0.0,477.0716,0.0,0.0,8.4534
2022-09-07 18:00:00,0.0,1238.09,0.0,0.0,619.045,0.0,0.0,0.0
2022-09-07 19:00:00,0.0,903.45,0.0,0.0,451.725,0.0,0.0,0.0
2022-09-07 20:00:00,0.0,886.65,0.0,0.0,443.325,0.0,0.0,0.0
2022-09-07 21:00:00,0.0,881.65,0.0,0.0,440.825,0.0,0.0,0.0
2022-09-07 22:00:00,0.0,831.05,0.0,0.0,415.525,0.0,0.0,0.0
2022-09-07 23:00:00,0.0,787.05,0.0,0.0,393.525,0.0,0.0,0.0
2022-09-08 00:00:00,0.0,777.65,0.0,0.0,388.825,0.0,0.0,0.0
2022-09-08 01:00:00,0.0,766.05,0.0,0.0,383.025,0.0,0.0,0.0
2022-09-08 02:00:00,0.0,773.65,0.0,0.0,386.825,0.0,0.0,0.0
2022-09-08 03:00:00,0.0,789.25,0.0,0.0,394.625,0.0,0.0,0.0
2022-09-08 04:00:00,0.0,852.25,0.0,0.0,426.125,0.0,0.0,0.0
2022-09-08 05:00:00,0.0,791.6324,0.0,0.0,395.8162,0.0,0.0,22.308799999999998
2022-09-08 06:00:00,0.0,547.3672,0.0,0.0,273.6836,0.0,0.0,165.8414
2022-09-08 07:00:00,0.0,385.9612,0.0,0.0,192.9806,0.0,0.0,344.03439999999995
2022-09-08 08:00:00,0.0,0.0,0.0,0.0,0.0,0.0,0.0,512.5695
2022-09-08 09:00:00,0.0,0.0,0.0,0.0,0.0,0.0,0.0,626.7561
2022-09-08 10:00:00,0.0,0.0,0.0,0.0,0.0,0.0,0.0,706.6254
2022-09-08 11:00:00,0.0,0.0,0.0,0.0,0.0,0.0,0.0,726.6858
2022-09-08 12:00:00,0.0,0.0,0.0,0.0,0.0,0.0,0.0,685.3751
2022-09-08 13:00:00,0.0,0.0,0.0,0.0,0.0,0.0,0.0,578.9703
2022-09-08 14:00:00,0.0,0.0,0.0,0.0,0.0,0.0,0.0,445.13939999999997
2022-09-08 15:00:00,0.0,448.8164,0.0,0.0,224.4082,0.0,0.0,277.5168
2022-09-08 16:00:00,0.0,739.2358,0.0,0.0,369.6179,0.0,0.0,114.80709999999999
2022-09-08 17:00:00,0.0,927.9554,0.0,0.0,463.9777,0.0,0.0,5.847300000000001
2022-09-08 18:00:00,0.0,1201.89,0.0,0.0,600.945,0.0,0.0,0.0
2022-09-08 19:00:00,0.0,916.65,0.0,0.0,458.325,0.0,0.0,0.0
2022-09-08 20:00:00,0.0,911.85,0.0,0.0,455.925,0.0,0.0,0.0
2022-09-08 21:00:00,0.0,948.65,0.0,0.0,474.325,0.0,0.0,0.0
2022-09-08 22:00:00,0.0,940.05,0.0,0.0,470.025,0.0,0.0,0.0
2022-09-08 23:00:00,0.0,935.25,0.0,0.0,467.625,0.0,0.0,0.0
2022-09-09 00:00:00,0.0,340.81818,85.204545,0.0,170.40909,298.21591,0.0,0.0
2022-09-09 01:00:00,0.0,340.81818,85.204545,0.0,170.40909,298.21591,0.0,0.0
2022-09-09 02:00:00,0.0,336.81818,84.204545,0.0,168.40909,294.71591,0.0,0.0
2022-09-09 03:00:00,0.0,350.92727,87.731818,0.0,175.46364,307.06136,0.0,0.0
2022-09-09 04:00:00,0.0,356.96364,89.240909,0.0,178.48182,312.34318,0.0,0.0
2022-09-09 05:00:00,0.0,916.366,0.0,0.0,458.183,0.0,0.0,18.542
2022-09-09 06:00:00,0.0,658.674,0.0,0.0,329.337,0.0,0.0,142.788
2022-09-09 07:00:00,0.0,550.739,0.0,0.0,275.3695,0.0,0.0,279.8455
2022-09-09 08:00:00,0.0,103.8624,0.0,0.0,51.9312,0.0,0.0,478.1938
2022-09-09 09:00:00,0.0,0.0,0.0,0.0,0.0,0.0,0.0,591.7891
2022-09-09 10:00:00,0.0,0.0,0.0,0.0,0.0,0.0,0.0,677.5640999999999
2022-09-09 11:00:00,0.0,0.0,0.0,0.0,0.0,0.0,0.0,706.3771999999999
2022-09-09 12:00:00,0.0,0.0,0.0,0.0,0.0,0.0,0.0,655.6349
2022-09-09 13:00:00,0.0,0.0,0.0,0.0,0.0,0.0,0.0,580.1675
2022-09-09 14:00:00,0.0,0.0,0.0,0.0,0.0,0.0,0.0,439.1825999999999
2022-09-09 15:00:00,0.0,395.8704,0.0,0.0,197.9352,0.0,0.0,262.9898
2022-09-09 16:00:00,0.0,793.835,0.0,0.0,396.9175,0.0,0.0,75.0075
2022-09-09 17:00:00,0.0,1087.2536,0.0,0.0,543.6268,0.0,0.0,3.8981999999999997
2022-09-09 18:00:00,0.0,1327.69,0.0,0.0,663.845,0.0,0.0,0.0
2022-09-09 19:00:00,0.0,1006.05,0.0,0.0,503.025,0.0,0.0,0.0
2022-09-09 20:00:00,0.0,964.65,0.0,0.0,482.325,0.0,0.0,0.0
2022-09-09 21:00:00,0.0,983.65,0.0,0.0,491.825,0.0,0.0,0.0
2022-09-09 22:00:00,0.0,875.05,0.0,0.0,437.525,0.0,0.0,0.0
2022-09-09 23:00:00,0.0,843.25,0.0,0.0,421.625,0.0,0.0,0.0
2022-09-10 00:00:00,0.0,834.65,0.0,0.0,417.325,0.0,0.0,0.0
2022-09-10 01:00:00,0.0,825.45,0.0,0.0,412.725,0.0,0.0,0.0
2022-09-10 02:00:00,0.0,827.45,0.0,0.0,413.725,0.0,0.0,0.0
2022-09-10 03:00:00,0.0,827.65,0.0,0.0,413.825,0.0,0.0,0.0
2022-09-10 04:00:00,0.0,898.21,0.0,0.0,449.105,0.0,0.0,0.0
2022-09-10 05:00:00,0.0,1213.6372,0.0,0.0,606.8186,0.0,0.0,20.2064
2022-09-10 06:00:00,0.0,866.8414,0.0,0.0,433.4207,0.0,0.0,174.40429999999998
2022-09-10 07:00:00,0.0,286.251,0.0,0.0,143.1255,0.0,0.0,354.8895
2022-09-10 08:00:00,0.0,0.0,0.0,0.0,0.0,0.0,0.0,518.1102
2022-09-10 09:00:00,0.0,0.0,0.0,0.0,0.0,0.0,0.0,640.4727999999999
2022-09-10 10:00:00,0.0,0.0,0.0,0.0,0.0,0.0,0.0,717.3345
2022-09-10 11:00:00,0.0,0.0,0.0,0.0,0.0,0.0,0.0,737.3584000000001
2022-09-10 12:00:00,0.0,0.0,0.0,0.0,0.0,0.0,0.0,630.5812999999999
2022-09-10 13:00:00,0.0,0.0,0.0,0.0,0.0,0.0,0.0,589.6501999999999
2022-09-10 14:00:00,0.0,0.0,0.0,0.0,0.0,0.0,0.0,467.0612999999999
2022-09-10 15:00:00,0.0,238.9644,0.0,0.0,119.4822,0.0,0.0,296.64279999999997
2022-09-10 16:00:00,0.0,701.6968,0.0,0.0,350.8484,0.0,0.0,123.6766
2022-09-10 17:00:00,0.0,1036.6548,0.0,0.0,518.3274,0.0,0.0,5.1975999999999996
2022-09-10 18:00:00,0.0,1227.69,0.0,0.0,613.845,0.0,0.0,0.0
2022-09-10 19:00:00,0.0,1048.65,0.0,0.0,524.325,0.0,0.0,0.0
2022-09-10 20:00:00,0.0,1075.85,0.0,0.0,537.925,0.0,0.0,0.0
2022-09-10 21:00:00,0.0,988.65,0.0,0.0,494.325,0.0,0.0,0.0
2022-09-10 22:00:00,0.0,879.45,0.0,0.0,439.725,0.0,0.0,0.0
2022-09-10 23:00:00,0.0,842.45,0.0,0.0,421.225,0.0,0.0,0.0
2022-09-11 00:00:00,0.0,867.85,0.0,0.0,433.925,0.0,0.0,0.0
2022-09-11 01:00:00,0.0,845.65,0.0,0.0,422.825,0.0,0.0,0.0
2022-09-11 02:00:00,0.0,858.85,0.0,0.0,429.425,0.0,0.0,0.0
2022-09-11 03:00:00,0.0,864.85,0.0,0.0,432.425,0.0,0.0,0.0
2022-09-11 04:00:00,0.0,947.45,0.0,0.0,473.725,0.0,0.0,0.0
2022-09-11 05:00:00,0.0,1197.3056,0.0,0.0,598.6528,0.0,0.0,21.2722
2022-09-11 06:00:00,0.0,912.5596,0.0,0.0,456.2798,0.0,0.0,181.94519999999997
2022-09-11 07:00:00,0.0,341.2156,0.0,0.0,170.6078,0.0,0.0,364.0072
2022-09-11 08:00:00,0.0,0.0,0.0,0.0,0.0,0.0,0.0,526.4467999999999
2022-09-11 09:00:00,0.0,0.0,0.0,0.0,0.0,0.0,0.0,653.8901999999999
2022-09-11 10:00:00,0.0,0.0,0.0,0.0,0.0,0.0,0.0,736.5554000000001
2022-09-11 11:00:00,0.0,0.0,0.0,0.0,0.0,0.0,0.0,760.4482999999999
2022-09-11 12:00:00,0.0,0.0,0.0,0.0,0.0,0.0,0.0,716.0862
2022-09-11 13:00:00,0.0,0.0,0.0,0.0,0.0,0.0,0.0,624.3032999999999
2022-09-11 14:00:00,0.0,0.0,0.0,0.0,0.0,0.0,0.0,472.3392
2022-09-11 15:00:00,0.0,264.587,0.0,0.0,132.2935,0.0,0.0,300.4315
2022-09-11 16:00:00,0.0,721.1138,0.0,0.0,360.5569,0.0,0.0,126.26809999999998
2022-09-11 17:00:00,0.0,1081.153,0.0,0.0,540.5765,0.0,0.0,3.2485
2022-09-11 18:00:00,0.0,1401.69,0.0,0.0,700.845,0.0,0.0,0.0
2022-09-11 19:00:00,0.0,1120.85,0.0,0.0,560.425,0.0,0.0,0.0
2022-09-11 20:00:00,0.0,1031.85,0.0,0.0,515.925,0.0,0.0,0.0
2022-09-11 21:00:00,0.0,1015.85,0.0,0.0,507.925,0.0,0.0,0.0
2022-09-11 22:00:00,0.0,917.85,0.0,0.0,458.925,0.0,0.0,0.0
2022-09-11 23:00:00,0.0,870.05,0.0,0.0,435.025,0.0,0.0,0.0
2022-09-12 00:00:00,0.0,860.45,0.0,0.0,430.225,0.0,0.0,0.0
2022-09-12 01:00:00,0.0,859.45,0.0,0.0,429.725,0.0,0.0,0.0
2022-09-12 02:00:00,0.0,882.65,0.0,0.0,441.325,0.0,0.0,0.0
2022-09-12 03:00:00,0.0,898.65,0.0,0.0,449.325,0.0,0.0,0.0
2022-09-12 04:00:00,0.0,1022.85,0.0,0.0,511.425,0.0,0.0,0.0
2022-09-12 05:00:00,0.0,1243.439,0.0,0.0,621.7195,0.0,0.0,18.5055
2022-09-12 06:00:00,0.0,1023.3488,0.0,0.0,511.6744,0.0,0.0,170.25060000000002
2022-09-12 07:00:00,0.0,457.2838,0.0,0.0,228.6419,0.0,0.0,329.57309999999995
2022-09-12 08:00:00,0.0,0.0,0.0,0.0,0.0,0.0,0.0,528.6952
2022-09-12 09:00:00,0.0,0.0,0.0,0.0,0.0,0.0,0.0,653.2624000000001
2022-09-12 10:00:00,0.0,0.0,0.0,0.0,0.0,0.0,0.0,735.11
2022-09-12 11:00:00,0.0,0.0,0.0,0.0,0.0,0.0,0.0,750.1699
2022-09-12 12:00:00,0.0,0.0,0.0,0.0,0.0,0.0,0.0,710.6257999999999
2022-09-12 13:00:00,0.0,0.0,0.0,0.0,0.0,0.0,0.0,618.821
2022-09-12 14:00:00,0.0,0.0,0.0,0.0,0.0,0.0,0.0,479.0479
2022-09-12 15:00:00,0.0,262.1478,0.0,0.0,131.0739,0.0,0.0,299.3511
2022-09-12 16:00:00,0.0,714.5848,0.0,0.0,357.2924,0.0,0.0,121.6326
2022-09-12 17:00:00,0.0,1036.25,0.0,0.0,518.125,0.0,0.0,0.0
2022-09-12 18:00:00,0.0,1272.49,0.0,0.0,636.245,0.0,0.0,0.0
2022-09-12 19:00:00,0.0,1126.25,0.0,0.0,563.125,0.0,0.0,0.0
2022-09-12 20:00:00,0.0,1064.25,0.0,0.0,532.125,0.0,0.0,0.0
2022-09-12 21:00:00,0.0,1021.25,0.0,0.0,510.625,0.0,0.0,0.0
2022-09-12 22:00:00,0.0,963.25,0.0,0.0,481.625,0.0,0.0,0.0
2022-09-12 23:00:00,0.0,931.25,0.0,0.0,465.625,0.0,0.0,0.0
2022-09-13 00:00:00,0.0,337.03636,84.259091,0.0,168.51818,294.90682,0.0,0.0
2022-09-13 01:00:00,0.0,340.12,85.03,0.0,170.06,297.605,0.0,0.0
2022-09-13 02:00:00,0.0,350.55636,87.639091,0.0,175.27818,306.73682,0.0,0.0
2022-09-13 03:00:00,0.0,991.65,0.0,0.0,495.825,0.0,0.0,0.0
2022-09-13 04:00:00,0.0,1059.95,0.0,0.0,529.975,0.0,0.0,0.0
2022-09-13 05:00:00,0.0,1378.15,0.0,0.0,689.075,0.0,0.0,19.71
2022-09-13 06:00:00,0.0,1008.3258,0.0,0.0,504.1629,0.0,0.0,182.3321
2022-09-13 07:00:00,0.0,401.565,0.0,0.0,200.7825,0.0,0.0,360.0725
2022-09-13 08:00:00,0.0,0.0,0.0,0.0,0.0,0.0,0.0,527.0454
2022-09-13 09:00:00,0.0,0.0,0.0,0.0,0.0,0.0,0.0,657.8906
2022-09-13 10:00:00,0.0,0.0,0.0,0.0,0.0,0.0,0.0,735.7524000000001
2022-09-13 11:00:00,0.0,0.0,0.0,0.0,0.0,0.0,0.0,758.8715
2022-09-13 12:00:00,0.0,0.0,0.0,0.0,0.0,0.0,0.0,714.3488
2022-09-13 13:00:00,0.0,0.0,0.0,0.0,0.0,0.0,0.0,625.4567
2022-09-13 14:00:00,0.0,0.0,0.0,0.0,0.0,0.0,0.0,480.77070000000003
2022-09-13 15:00:00,0.0,250.2572,0.0,0.0,125.1286,0.0,0.0,299.79639999999995
2022-09-13 16:00:00,0.0,695.9714,0.0,0.0,347.9857,0.0,0.0,122.93930000000002
2022-09-13 17:00:00,0.0,961.45,0.0,0.0,480.725,0.0,0.0,0.0
2022-09-13 18:00:00,0.0,1402.33,0.0,0.0,701.165,0.0,0.0,0.0
2022-09-13 19:00:00,0.0,1209.87,0.0,0.0,604.935,0.0,0.0,0.0
2022-09-13 20:00:00,0.0,1114.37,0.0,0.0,557.185,0.0,0.0,0.0
2022-09-13 21:00:00,0.0,1109.29,0.0,0.0,554.645,0.0,0.0,0.0
2022-09-13 22:00:00,0.0,1034.57,0.0,0.0,517.285,0.0,0.0,0.0
2022-09-13 23:00:00,0.0,991.95,0.0,0.0,495.975,0.0,0.0,0.0
2022-09-14 00:00:00,0.0,1002.29,0.0,0.0,501.145,0.0,0.0,0.0
2022-09-14 01:00:00,0.0,1002.45,0.0,0.0,501.225,0.0,0.0,0.0
2022-09-14 02:00:00,0.0,1031.55,0.0,0.0,515.775,0.0,0.0,0.0
2022-09-14 03:00:00,0.0,1044.15,0.0,0.0,522.075,0.0,0.0,0.0
2022-09-14 04:00:00,0.0,1118.63,0.0,0.0,559.315,0.0,0.0,0.0
2022-09-14 05:00:00,0.0,1325.402,0.0,0.0,662.701,0.0,0.0,18.834
2022-09-14 06:00:00,0.0,1043.968,0.0,0.0,521.984,0.0,0.0,180.821
2022-09-14 07:00:00,0.0,476.9626,0.0,0.0,238.4813,0.0,0.0,363.31370000000004
2022-09-14 08:00:00,0.0,0.0,0.0,0.0,0.0,0.0,0.0,525.5197
2022-09-14 09:00:00,0.0,0.0,0.0,0.0,0.0,0.0,0.0,644.1374000000001
2022-09-14 10:00:00,0.0,0.0,0.0,0.0,0.0,0.0,0.0,729.5109
2022-09-14 11:00:00,0.0,0.0,0.0,0.0,0.0,0.0,0.0,743.6364
2022-09-14 12:00:00,0.0,0.0,0.0,0.0,0.0,0.0,0.0,703.2746999999999
2022-09-14 13:00:00,0.0,0.0,0.0,0.0,0.0,0.0,0.0,611.521
2022-09-14 14:00:00,0.0,0.0,0.0,0.0,0.0,0.0,0.0,462.78350000000006
2022-09-14 15:00:00,0.0,297.4532,0.0,0.0,148.7266,0.0,0.0,283.29839999999996
2022-09-14 16:00:00,0.0,696.711,0.0,0.0,348.3555,0.0,0.0,111.06950000000002
2022-09-14 17:00:00,0.0,1011.05,0.0,0.0,505.525,0.0,0.0,0.0
2022-09-14 18:00:00,0.0,1268.11,0.0,0.0,634.055,0.0,0.0,0.0
2022-09-14 19:00:00,0.0,1005.57,0.0,0.0,502.785,0.0,0.0,0.0
2022-09-14 20:00:00,0.0,955.57,0.0,0.0,477.785,0.0,0.0,0.0
2022-09-14 21:00:00,0.0,954.53,0.0,0.0,477.265,0.0,0.0,0.0
2022-09-14 22:00:00,0.0,924.49,0.0,0.0,462.245,0.0,0.0,0.0
2022-09-14 23:00:00,0.0,888.85,0.0,0.0,444.425,0.0,0.0,0.0
2022-09-15 00:00:00,0.0,859.35,0.0,0.0,429.675,0.0,0.0,0.0
2022-09-15 01:00:00,0.0,868.51,0.0,0.0,434.255,0.0,0.0,0.0
2022-09-15 02:00:00,0.0,329.46545,82.366364,0.0,164.73273,288.28227,0.0,0.0
2022-09-15 03:00:00,0.0,346.25818,86.564545,0.0,173.12909,302.97591,0.0,0.0
2022-09-15 04:00:00,0.0,925.23,0.0,0.0,462.615,0.0,0.0,0.0
2022-09-15 05:00:00,0.0,935.7558,0.0,0.0,467.8779,0.0,0.0,14.7971
2022-09-15 06:00:00,0.0,743.5318,0.0,0.0,371.7659,0.0,0.0,152.3291
2022-09-15 07:00:00,0.0,566.5954,0.0,0.0,283.2977,0.0,0.0,326.3173
2022-09-15 08:00:00,0.0,185.6464,0.0,0.0,92.8232,0.0,0.0,441.4018
2022-09-15 09:00:00,0.0,0.0,0.0,0.0,0.0,0.0,0.0,611.6232
2022-09-15 10:00:00,0.0,655.8352,0.0,0.0,327.9176,0.0,0.0,220.0074
2022-09-15 11:00:00,0.0,0.0,0.0,0.0,0.0,0.0,0.0,722.2035999999999
2022-09-15 12:00:00,0.0,0.0,0.0,0.0,0.0,0.0,0.0,681.9149
2022-09-15 13:00:00,0.0,0.0,0.0,0.0,0.0,0.0,0.0,584.0876
2022-09-15 14:00:00,0.0,16.351782,4.0879455,0.0,8.1758909,14.307809,0.0,449.5413
2022-09-15 15:00:00,0.0,147.35055,36.837636,0.0,73.675273,128.93173,0.0,267.618
2022-09-15 16:00:00,0.0,798.3404,0.0,0.0,399.1702,0.0,0.0,102.7548
2022-09-15 17:00:00,0.0,1069.27,0.0,0.0,534.635,0.0,0.0,0.0
2022-09-15 18:00:00,0.0,1384.43,0.0,0.0,692.215,0.0,0.0,0.0
2022-09-15 19:00:00,0.0,1102.45,0.0,0.0,551.225,0.0,0.0,0.0
2022-09-15 20:00:00,0.0,1055.53,0.0,0.0,527.765,0.0,0.0,0.0
2022-09-15 21:00:00,0.0,1125.73,0.0,0.0,562.865,0.0,0.0,0.0
2022-09-15 22:00:00,0.0,404.44727,101.11182,0.0,202.22364,353.89136,0.0,0.0
2022-09-15 23:00:00,0.0,396.18545,99.046364,0.0,198.09273,346.66227,0.0,0.0
2022-09-16 00:00:00,0.0,388.88364,97.220909,0.0,194.44182,340.27318,0.0,0.0
2022-09-16 01:00:00,0.0,386.66545,96.666364,0.0,193.33273,338.33227,0.0,0.0
2022-09-16 02:00:00,0.0,404.38909,101.09727,0.0,202.19455,353.84045,0.0,0.0
2022-09-16 03:00:00,0.0,418.05455,104.51364,0.0,209.02727,365.79773,0.0,0.0
2022-09-16 04:00:00,0.0,423.64727,105.91182,0.0,211.82364,370.69136,0.0,0.0
2022-09-16 05:00:00,0.0,1122.667,0.0,0.0,561.3335,0.0,0.0,14.2715
2022-09-16 06:00:00,0.0,897.1428,0.0,0.0,448.5714,0.0,0.0,157.9136
2022-09-16 07:00:00,0.0,581.6832,0.0,0.0,290.8416,0.0,0.0,337.68339999999995
2022-09-16 08:00:00,0.0,275.325,0.0,0.0,137.6625,0.0,0.0,490.0125
2022-09-16 09:00:00,0.0,0.0,0.0,0.0,0.0,0.0,0.0,614.8352
2022-09-16 10:00:00,0.0,0.0,0.0,0.0,0.0,0.0,0.0,692.8575999999999
2022-09-16 11:00:00,0.0,0.0,0.0,0.0,0.0,0.0,0.0,714.8598
2022-09-16 12:00:00,0.0,0.0,0.0,0.0,0.0,0.0,0.0,551.9603
2022-09-16 13:00:00,0.0,0.0,0.0,0.0,0.0,0.0,0.0,565.4141999999999
2022-09-16 14:00:00,0.0,126.44895,31.612236,0.0,63.224473,110.64283,0.0,296.7377
2022-09-16 15:00:00,0.0,158.62109,39.655273,0.0,79.310545,138.79345,0.0,260.391
2022-09-16 16:00:00,0.0,317.17251,79.293127,0.0,158.58625,277.52595,0.0,91.5128
2022-09-16 17:00:00,0.0,1163.49,0.0,0.0,581.745,0.0,0.0,0.0
2022-09-16 18:00:00,0.0,1442.12,3.4385714,0.0,721.06,12.035,0.0,0.0
2022-09-16 19:00:00,0.0,1166.27,0.0,0.0,583.135,0.0,0.0,0.0
2022-09-16 20:00:00,0.0,398.14182,99.535455,0.0,199.07091,348.37409,0.0,0.0
2022-09-16 21:00:00,0.0,408.62182,102.15545,0.0,204.31091,357.54409,0.0,0.0
2022-09-16 22:00:00,0.0,360.86909,90.217273,0.0,180.43455,315.76045,0.0,0.0
2022-09-16 23:00:00,0.0,357.52364,89.380909,0.0,178.76182,312.83318,0.0,0.0
2022-09-17 00:00:00,0.0,349.0,87.25,0.0,174.5,305.375,0.0,0.0
2022-09-17 01:00:00,0.0,350.44,87.61,0.0,175.22,306.635,0.0,0.0
2022-09-17 02:00:00,0.0,348.31636,87.079091,0.0,174.15818,304.77682,0.0,0.0
2022-09-17 03:00:00,0.0,352.30909,88.077273,0.0,176.15455,308.27045,0.0,0.0
2022-09-17 04:00:00,0.0,372.41818,93.104545,0.0,186.20909,325.86591,0.0,0.0
2022-09-17 05:00:00,0.0,481.52822,120.38205,0.0,240.76411,421.33719,0.0,3.4236999999999997
2022-09-17 06:00:00,0.0,420.16778,105.04195,0.0,210.08389,367.64681,0.0,63.4443
2022-09-17 07:00:00,0.0,207.89229,51.973073,0.0,103.94615,181.90575,0.0,300.37309999999997
2022-09-17 08:00:00,0.0,1.8141091,0.45352727,0.0,0.90705455,1.5873455,0.0,481.2306
2022-09-17 09:00:00,0.0,0.0,0.0,0.0,0.0,0.0,0.0,594.8113
2022-09-17 10:00:00,0.0,0.0,0.0,0.0,0.0,0.0,0.0,660.7521999999999
2022-09-17 11:00:00,0.0,0.0,0.0,0.0,0.0,0.0,0.0,744.0744
2022-09-17 12:00:00,0.0,0.0,0.0,0.0,0.0,0.0,0.0,705.6691
2022-09-17 13:00:00,0.0,0.0,0.0,0.0,0.0,0.0,0.0,607.5717
2022-09-17 14:00:00,0.0,0.0,0.0,0.0,0.0,0.0,0.0,457.15520000000004
2022-09-17 15:00:00,0.0,122.06262,30.515655,0.0,61.031309,106.80479,0.0,271.5089
2022-09-17 16:00:00,0.0,262.68676,65.671691,0.0,131.34338,229.85092,0.0,100.44069999999999
2022-09-17 17:00:00,0.0,371.86545,92.966364,0.0,185.93273,325.38227,0.0,0.0
2022-09-17 18:00:00,0.0,524.35273,131.08818,0.0,262.17636,458.80864,0.0,0.0
2022-09-17 19:00:00,0.0,418.86909,104.71727,0.0,209.43455,366.51045,0.0,0.0
2022-09-17 20:00:00,0.0,439.88,109.97,0.0,219.94,384.895,0.0,0.0
2022-09-17 21:00:00,0.0,419.43636,104.85909,0.0,209.71818,367.00682,0.0,0.0
2022-09-17 22:00:00,0.0,386.41091,96.602727,0.0,193.20545,338.10955,0.0,0.0
2022-09-17 23:00:00,0.0,351.99636,87.999091,0.0,175.99818,307.99682,0.0,0.0
2022-09-18 00:00:00,0.0,349.68364,87.420909,0.0,174.84182,305.97318,0.0,0.0
2022-09-18 01:00:00,0.0,353.62545,88.406364,0.0,176.81273,309.42227,0.0,0.0
2022-09-18 02:00:00,0.0,365.24727,91.311818,0.0,182.62364,319.59136,0.0,0.0
2022-09-18 03:00:00,0.0,369.44364,92.360909,0.0,184.72182,323.26318,0.0,0.0
2022-09-18 04:00:00,0.0,397.45091,99.362727,0.0,198.72545,347.76955,0.0,0.0
2022-09-18 05:00:00,0.0,488.36349,122.09087,0.0,244.18175,427.31805,0.0,12.585199999999999
2022-09-18 06:00:00,0.0,360.46007,90.115018,0.0,180.23004,315.40256,0.0,179.4924
2022-09-18 07:00:00,0.0,149.90647,37.476618,0.0,74.953236,131.16816,0.0,361.5836
2022-09-18 08:00:00,0.0,0.0,0.0,0.0,0.0,0.0,0.0,522.1033
2022-09-18 09:00:00,0.0,0.0,0.0,0.0,0.0,0.0,0.0,665.03
2022-09-18 10:00:00,0.0,0.0,0.0,0.0,0.0,0.0,0.0,741.4682999999999
2022-09-18 11:00:00,0.0,0.0,0.0,0.0,0.0,0.0,0.0,768.8506
2022-09-18 12:00:00,0.0,0.0,0.0,0.0,0.0,0.0,0.0,720.3056
2022-09-18 13:00:00,0.0,0.0,0.0,0.0,0.0,0.0,0.0,620.3394000000001
2022-09-18 14:00:00,0.0,0.0,0.0,0.0,0.0,0.0,0.0,473.87949999999995
2022-09-18 15:00:00,0.0,94.283418,23.570855,0.0,47.141709,82.497991,0.0,290.2553
2022-09-18 16:00:00,0.0,260.12531,65.031327,0.0,130.06265,227.60965,0.0,109.49270000000001
2022-09-18 17:00:00,0.0,374.81091,93.702727,0.0,187.40545,327.95955,0.0,0.0
2022-09-18 18:00:00,0.0,489.74909,122.43727,0.0,244.87455,428.53045,0.0,0.0
2022-09-18 19:00:00,0.0,377.12364,94.280909,0.0,188.56182,329.98318,0.0,0.0
2022-09-18 20:00:00,0.0,391.74182,97.935455,0.0,195.87091,342.77409,0.0,0.0
2022-09-18 21:00:00,0.0,356.89091,89.222727,0.0,178.44545,312.27955,0.0,0.0
2022-09-18 22:00:00,0.0,354.25091,88.562727,0.0,177.12545,309.96955,0.0,0.0
2022-09-18 23:00:00,0.0,302.81818,75.704545,0.0,151.40909,264.96591,0.0,0.0
2022-09-19 00:00:00,0.0,304.87636,76.219091,0.0,152.43818,266.76682,0.0,0.0
2022-09-19 01:00:00,0.0,314.64364,78.660909,0.0,157.32182,275.31318,0.0,0.0
2022-09-19 02:00:00,0.0,324.30909,81.077273,0.0,162.15455,283.77045,0.0,0.0
2022-09-19 03:00:00,0.0,317.10909,79.277273,0.0,158.55455,277.47045,0.0,0.0
2022-09-19 04:00:00,0.0,336.41091,84.102727,0.0,168.20545,294.35955,0.0,0.0
2022-09-19 05:00:00,0.0,1292.3346,0.0,0.0,646.1673,0.0,0.0,12.767700000000001
2022-09-19 06:00:00,0.0,949.733,0.0,0.0,474.8665,0.0,0.0,174.7985
2022-09-19 07:00:00,0.0,356.3058,0.0,0.0,178.1529,0.0,0.0,364.83209999999997
2022-09-19 08:00:00,0.0,0.0,0.0,0.0,0.0,0.0,0.0,529.1842999999999
2022-09-19 09:00:00,0.0,0.0,0.0,0.0,0.0,0.0,0.0,656.0582999999999
2022-09-19 10:00:00,0.0,0.0,0.0,0.0,0.0,0.0,0.0,718.9113
2022-09-19 11:00:00,0.0,0.0,0.0,0.0,0.0,0.0,0.0,710.4214000000001
2022-09-19 12:00:00,0.0,0.0,0.0,0.0,0.0,0.0,0.0,621.7629000000001
2022-09-19 13:00:00,0.0,0.0,0.0,0.0,0.0,0.0,0.0,588.0953
2022-09-19 14:00:00,0.0,0.0,0.0,0.0,0.0,0.0,0.0,446.91330000000005
2022-09-19 15:00:00,0.0,125.63411,31.408527,0.0,62.817055,109.92985,0.0,261.3181
2022-09-19 16:00:00,0.0,745.7402,0.0,0.0,372.8701,0.0,0.0,93.5349
2022-09-19 17:00:00,0.0,1039.45,0.0,0.0,519.725,0.0,0.0,0.0
2022-09-19 18:00:00,0.0,1321.59,0.0,0.0,660.795,0.0,0.0,0.0
2022-09-19 19:00:00,0.0,1094.37,0.0,0.0,547.185,0.0,0.0,0.0
2022-09-19 20:00:00,0.0,1057.85,0.0,0.0,528.925,0.0,0.0,0.0
2022-09-19 21:00:00,0.0,1011.45,0.0,0.0,505.725,0.0,0.0,0.0
2022-09-19 22:00:00,0.0,320.58545,80.146364,0.0,160.29273,280.51227,0.0,0.0
2022-09-19 23:00:00,0.0,303.26182,75.815455,0.0,151.63091,265.35409,0.0,0.0
2022-09-20 00:00:00,0.0,295.91636,73.979091,0.0,147.95818,258.92682,0.0,0.0
2022-09-20 01:00:00,0.0,300.57091,75.142727,0.0,150.28545,262.99955,0.0,0.0
2022-09-20 02:00:00,0.0,300.57091,75.142727,0.0,150.28545,262.99955,0.0,0.0
2022-09-20 03:00:00,0.0,302.88364,75.720909,0.0,151.44182,265.02318,0.0,0.0
2022-09-20 04:00:00,0.0,321.34909,80.337273,0.0,160.67455,281.18045,0.0,0.0
2022-09-20 05:00:00,0.0,1213.3194,0.0,0.0,606.6597,0.0,0.0,11.395299999999999
2022-09-20 06:00:00,0.0,875.758,0.0,0.0,437.879,0.0,0.0,174.616
2022-09-20 07:00:00,0.0,366.9646,0.0,0.0,183.4823,0.0,0.0,362.0727
2022-09-20 08:00:00,0.0,0.0,0.0,0.0,0.0,0.0,0.0,523.9502
2022-09-20 09:00:00,0.0,0.0,0.0,0.0,0.0,0.0,0.0,654.9925
2022-09-20 10:00:00,0.0,0.0,0.0,0.0,0.0,0.0,0.0,729.7882999999999
2022-09-20 11:00:00,0.0,0.0,0.0,0.0,0.0,0.0,0.0,742.0595999999999
2022-09-20 12:00:00,0.0,0.0,0.0,0.0,0.0,0.0,0.0,694.2372999999999
2022-09-20 13:00:00,0.0,0.0,0.0,0.0,0.0,0.0,0.0,596.2420999999999
2022-09-20 14:00:00,0.0,0.0,0.0,0.0,0.0,0.0,0.0,455.84850000000006
2022-09-20 15:00:00,0.0,325.4704,0.0,0.0,162.7352,0.0,0.0,276.1298
2022-09-20 16:00:00,0.0,760.5816,0.0,0.0,380.2908,0.0,0.0,99.6742
2022-09-20 17:00:00,0.0,1018.91,0.0,0.0,509.455,0.0,0.0,0.0
2022-09-20 18:00:00,0.0,1305.53,0.0,0.0,652.765,0.0,0.0,0.0
2022-09-20 19:00:00,0.0,1097.87,0.0,0.0,548.935,0.0,0.0,0.0
2022-09-20 20:00:00,0.0,1156.97,0.0,0.0,578.485,0.0,0.0,0.0
2022-09-20 21:00:00,0.0,1177.93,0.0,0.0,588.965,0.0,0.0,0.0
2022-09-20 22:00:00,0.0,1025.41,0.0,0.0,512.705,0.0,0.0,0.0
2022-09-20 23:00:00,0.0,1024.73,0.0,0.0,512.365,0.0,0.0,0.0
2022-09-21 00:00:00,0.0,374.16364,93.540909,0.0,187.08182,327.39318,0.0,0.0
2022-09-21 01:00:00,0.0,355.95273,88.988182,0.0,177.97636,311.45864,0.0,0.0
2022-09-21 02:00:00,0.0,360.73091,90.182727,0.0,180.36545,315.63955,0.0,0.0
2022-09-21 03:00:00,0.0,361.96727,90.491818,0.0,180.98364,316.72136,0.0,0.0
2022-09-21 04:00:00,0.0,1070.47,0.0,0.0,535.235,0.0,0.0,0.0
2022-09-21 05:00:00,0.0,1246.2846,0.0,0.0,623.1423,0.0,0.0,10.212699999999998
2022-09-21 06:00:00,0.0,1008.3442,0.0,0.0,504.1721,0.0,0.0,174.2729
2022-09-21 07:00:00,0.0,423.876,0.0,0.0,211.938,0.0,0.0,361.277
2022-09-21 08:00:00,0.0,0.0,0.0,0.0,0.0,0.0,0.0,521.1835
2022-09-21 09:00:00,0.0,0.0,0.0,0.0,0.0,0.0,0.0,650.8315
2022-09-21 10:00:00,0.0,0.0,0.0,0.0,0.0,0.0,0.0,575.1816
2022-09-21 11:00:00,0.0,0.0,0.0,0.0,0.0,0.0,0.0,620.3248
2022-09-21 12:00:00,0.0,0.0,0.0,0.0,0.0,0.0,0.0,676.7172999999999
2022-09-21 13:00:00,0.0,0.0,0.0,0.0,0.0,0.0,0.0,547.4124
2022-09-21 14:00:00,0.0,148.2244,0.0,0.0,74.1122,0.0,0.0,360.1528
2022-09-21 15:00:00,0.0,541.7844,0.0,0.0,270.8922,0.0,0.0,213.42279999999997
2022-09-21 16:00:00,0.0,899.897,0.0,0.0,449.9485,0.0,0.0,44.5665
2022-09-21 17:00:00,0.0,1064.51,0.0,0.0,532.255,0.0,0.0,0.0
2022-09-21 18:00:00,0.0,1288.29,0.0,0.0,644.145,0.0,0.0,0.0
2022-09-21 19:00:00,0.0,1009.13,0.0,0.0,504.565,0.0,0.0,0.0
2022-09-21 20:00:00,0.0,1012.27,0.0,0.0,506.135,0.0,0.0,0.0
2022-09-21 21:00:00,0.0,1066.07,0.0,0.0,533.035,0.0,0.0,0.0
2022-09-21 22:00:00,0.0,1111.71,0.0,0.0,555.855,0.0,0.0,0.0
2022-09-21 23:00:00,0.0,1077.55,0.0,0.0,538.775,0.0,0.0,0.0
2022-09-22 00:00:00,0.0,1021.95,0.0,0.0,510.975,0.0,0.0,0.0
2022-09-22 01:00:00,0.0,1049.37,0.0,0.0,524.685,0.0,0.0,0.0
2022-09-22 02:00:00,0.0,1072.57,0.0,0.0,536.285,0.0,0.0,0.0
2022-09-22 03:00:00,0.0,1079.57,0.0,0.0,539.785,0.0,0.0,0.0
2022-09-22 04:00:00,0.0,1063.37,0.0,0.0,531.685,0.0,0.0,0.0
2022-09-22 05:00:00,0.0,1070.0388,0.0,0.0,535.0194,0.0,0.0,11.4756
2022-09-22 06:00:00,0.0,838.8198,0.0,0.0,419.4099,0.0,0.0,151.7451
2022-09-22 07:00:00,0.0,1013.4028,0.0,0.0,506.7014,0.0,0.0,144.0436
2022-09-22 08:00:00,0.0,1152.8604,0.0,0.0,576.4302,0.0,0.0,78.6648
2022-09-22 09:00:00,0.0,943.8156,0.0,0.0,471.9078,0.0,0.0,183.69719999999998
2022-09-22 10:00:00,0.0,241.6638,0.0,0.0,120.8319,0.0,0.0,485.7930999999999
2022-09-22 11:00:00,0.0,243.33076,60.832691,0.0,121.66538,212.91442,0.0,284.8752
2022-09-22 12:00:00,0.0,276.58189,69.145473,0.0,138.29095,242.00915,0.0,161.4249
2022-09-22 13:00:00,0.0,245.45018,61.362545,0.0,122.72509,214.76891,0.0,149.431
2022-09-22 14:00:00,0.0,806.3574,0.0,0.0,403.1787,0.0,0.0,83.44630000000001
2022-09-22 15:00:00,0.0,924.7188,0.0,0.0,462.3594,0.0,0.0,35.565599999999996
2022-09-22 16:00:00,0.0,1032.9646,0.0,0.0,516.4823,0.0,0.0,10.942699999999999
2022-09-22 17:00:00,0.0,1139.09,0.0,0.0,569.545,0.0,0.0,0.0
2022-09-22 18:00:00,0.0,1442.12,1.0214286,0.0,721.06,3.575,0.0,0.0
2022-09-22 19:00:00,0.0,1197.85,0.0,0.0,598.925,0.0,0.0,0.0
2022-09-22 20:00:00,0.0,1151.67,0.0,0.0,575.835,0.0,0.0,0.0
2022-09-22 21:00:00,0.0,1165.11,0.0,0.0,582.555,0.0,0.0,0.0
2022-09-22 22:00:00,0.0,1169.55,0.0,0.0,584.775,0.0,0.0,0.0
2022-09-22 23:00:00,0.0,1152.41,0.0,0.0,576.205,0.0,0.0,0.0
2022-09-23 00:00:00,0.0,1156.01,0.0,0.0,578.005,0.0,0.0,0.0
2022-09-23 01:00:00,0.0,1142.83,0.0,0.0,571.415,0.0,0.0,0.0
2022-09-23 02:00:00,0.0,1131.65,0.0,0.0,565.825,0.0,0.0,0.0
2022-09-23 03:00:00,0.0,1155.83,0.0,0.0,577.915,0.0,0.0,0.0
2022-09-23 04:00:00,0.0,1135.25,0.0,0.0,567.625,0.0,0.0,0.0
2022-09-23 05:00:00,0.0,1153.9186,0.0,0.0,576.9593,0.0,0.0,7.365699999999999
2022-09-23 06:00:00,0.0,871.9748,0.0,0.0,435.9874,0.0,0.0,171.6376
2022-09-23 07:00:00,0.0,579.707,0.0,0.0,289.8535,0.0,0.0,366.8615
2022-09-23 08:00:00,0.0,495.1902,0.0,0.0,247.5951,0.0,0.0,423.12989999999996
2022-09-23 09:00:00,0.0,150.5784,0.0,0.0,75.2892,0.0,0.0,569.7357999999999
2022-09-23 10:00:00,0.0,0.0,0.0,0.0,0.0,0.0,0.0,673.1476
2022-09-23 11:00:00,0.0,119.3148,0.0,0.0,59.6574,0.0,0.0,574.5975999999999
2022-09-23 12:00:00,0.0,0.0,0.0,0.0,0.0,0.0,0.0,560.6327
2022-09-23 13:00:00,0.0,0.0,0.0,0.0,0.0,0.0,0.0,602.6661
2022-09-23 14:00:00,0.0,153.4244,0.0,0.0,76.7122,0.0,0.0,439.7228
2022-09-23 15:00:00,0.0,588.0756,0.0,0.0,294.0378,0.0,0.0,249.39719999999997
2022-09-23 16:00:00,0.0,1032.477,0.0,0.0,516.2385,0.0,0.0,75.9565
2022-09-23 17:00:00,0.0,1359.95,0.0,0.0,679.975,0.0,0.0,0.0
2022-09-23 18:00:00,0.0,1442.12,14.201429,0.0,721.06,49.705,0.0,0.0
2022-09-23 19:00:00,0.0,1227.31,0.0,0.0,613.655,0.0,0.0,0.0
2022-09-23 20:00:00,0.0,1210.55,0.0,0.0,605.275,0.0,0.0,0.0
2022-09-23 21:00:00,0.0,1297.73,0.0,0.0,648.865,0.0,0.0,0.0
2022-09-23 22:00:00,0.0,1152.91,0.0,0.0,576.455,0.0,0.0,0.0
2022-09-23 23:00:00,0.0,1148.31,0.0,0.0,574.155,0.0,0.0,0.0
2022-09-24 00:00:00,0.0,1178.73,0.0,0.0,589.365,0.0,0.0,0.0
2022-09-24 01:00:00,0.0,1191.81,0.0,0.0,595.905,0.0,0.0,0.0
2022-09-24 02:00:00,0.0,1238.85,0.0,0.0,619.425,0.0,0.0,0.0
2022-09-24 03:00:00,0.0,1281.91,0.0,0.0,640.955,0.0,0.0,0.0
2022-09-24 04:00:00,0.0,1382.93,0.0,0.0,691.465,0.0,0.0,0.0
2022-09-24 05:00:00,0.0,1442.12,46.157457,0.0,721.06,161.5511,0.0,6.153899999999999
2022-09-24 06:00:00,0.0,1430.292,0.0,0.0,715.146,0.0,0.0,180.529
2022-09-24 07:00:00,0.0,807.4048,0.0,0.0,403.7024,0.0,0.0,358.88259999999997
2022-09-24 08:00:00,0.0,308.6232,0.0,0.0,154.3116,0.0,0.0,515.0734
2022-09-24 09:00:00,0.0,211.6648,0.0,0.0,105.8324,0.0,0.0,518.0226
2022-09-24 10:00:00,0.0,368.2998,0.0,0.0,184.1499,0.0,0.0,367.82509999999996
2022-09-24 11:00:00,0.0,345.566,0.0,0.0,172.783,0.0,0.0,452.89200000000005
2022-09-24 12:00:00,0.0,197.04233,49.260582,0.0,98.521164,172.41204,0.0,242.84179999999998
2022-09-24 13:00:00,0.0,166.11047,41.527618,0.0,83.055236,145.34666,0.0,260.2231
2022-09-24 14:00:00,0.0,393.0564,0.0,0.0,196.5282,0.0,0.0,306.7168
2022-09-24 15:00:00,0.0,792.3842,0.0,0.0,396.1921,0.0,0.0,175.00289999999998
2022-09-24 16:00:00,0.0,1114.6004,0.0,0.0,557.3002,0.0,0.0,68.4448
2022-09-24 17:00:00,0.0,1327.65,0.0,0.0,663.825,0.0,0.0,0.0
2022-09-24 18:00:00,0.0,1442.12,40.418571,0.0,721.06,141.465,0.0,0.0
2022-09-24 19:00:00,0.0,1417.53,0.0,0.0,708.765,0.0,0.0,0.0
2022-09-24 20:00:00,0.0,1429.75,0.0,0.0,714.875,0.0,0.0,0.0
2022-09-24 21:00:00,0.0,1408.63,0.0,0.0,704.315,0.0,0.0,0.0
2022-09-24 22:00:00,0.0,1272.69,0.0,0.0,636.345,0.0,0.0,0.0
2022-09-24 23:00:00,0.0,468.20727,117.05182,0.0,234.10364,409.68136,0.0,0.0
2022-09-25 00:00:00,0.0,470.33091,117.58273,0.0,235.16545,411.53955,0.0,0.0
2022-09-25 01:00:00,0.0,477.05818,119.26455,0.0,238.52909,417.42591,0.0,0.0
2022-09-25 02:00:00,0.0,489.86545,122.46636,0.0,244.93273,428.63227,0.0,0.0
2022-09-25 03:00:00,0.0,497.13091,124.28273,0.0,248.56545,434.98955,0.0,0.0
2022-09-25 04:00:00,0.0,543.78545,135.94636,0.0,271.89273,475.81227,0.0,0.0
2022-09-25 05:00:00,0.0,817.14,142.85714,0.0,408.57,500.0,0.0,5.475
2022-09-25 06:00:00,0.0,558.0824,139.5206,0.0,279.0412,488.3221,0.0,144.02169999999998
2022-09-25 07:00:00,0.0,330.54807,82.637018,0.0,165.27404,289.22956,0.0,319.1414
2022-09-25 08:00:00,0.0,143.36436,35.841091,0.0,71.682182,125.44382,0.0,490.779
2022-09-25 09:00:00,0.0,0.0,0.0,0.0,0.0,0.0,0.0,642.1882999999999
2022-09-25 10:00:00,0.0,0.0,0.0,0.0,0.0,0.0,0.0,710.9762
2022-09-25 11:00:00,0.0,0.0,0.0,0.0,0.0,0.0,0.0,730.3066
2022-09-25 12:00:00,0.0,0.0,0.0,0.0,0.0,0.0,0.0,676.5713
2022-09-25 13:00:00,0.0,0.0,0.0,0.0,0.0,0.0,0.0,577.2913
2022-09-25 14:00:00,0.0,63.359855,15.839964,0.0,31.679927,55.439873,0.0,402.40520000000004
2022-09-25 15:00:00,0.0,193.75505,48.438764,0.0,96.877527,169.53567,0.0,234.81179999999998
2022-09-25 16:00:00,0.0,992.6814,0.0,0.0,496.3407,0.0,0.0,76.5843
2022-09-25 17:00:00,0.0,1331.45,0.0,0.0,665.725,0.0,0.0,0.0
2022-09-25 18:00:00,0.0,1442.12,31.204286,0.0,721.06,109.215,0.0,0.0
2022-09-25 19:00:00,0.0,1415.75,0.0,0.0,707.875,0.0,0.0,0.0
2022-09-25 20:00:00,0.0,1442.12,0.35,0.0,721.06,1.225,0.0,0.0
2022-09-25 21:00:00,0.0,1347.07,0.0,0.0,673.535,0.0,0.0,0.0
2022-09-25 22:00:00,0.0,440.76,110.19,0.0,220.38,385.665,0.0,0.0
2022-09-25 23:00:00,0.0,441.62545,110.40636,0.0,220.81273,386.42227,0.0,0.0
2022-09-26 00:00:00,0.0,424.83273,106.20818,0.0,212.41636,371.72864,0.0,0.0
2022-09-26 01:00:00,0.0,431.11636,107.77909,0.0,215.55818,377.22682,0.0,0.0
2022-09-26 02:00:00,0.0,413.03636,103.25909,0.0,206.51818,361.40682,0.0,0.0
2022-09-26 03:00:00,0.0,409.80727,102.45182,0.0,204.90364,358.58136,0.0,0.0
2022-09-26 04:00:00,0.0,444.47636,111.11909,0.0,222.23818,388.91682,0.0,0.0
2022-09-26 05:00:00,0.0,570.30538,142.57635,0.0,285.15269,499.01721,0.0,1.3651
2022-09-26 06:00:00,0.0,1442.12,39.185686,0.0,721.06,137.1499,0.0,12.315100000000001
2022-09-26 07:00:00,0.0,1396.4012,0.0,0.0,698.2006,0.0,0.0,40.3544
2022-09-26 08:00:00,0.0,419.54669,104.88667,0.0,209.77335,367.10335,0.0,57.458299999999994
2022-09-26 09:00:00,0.0,391.42313,97.855782,0.0,195.71156,342.49524,0.0,50.6182
2022-09-26 10:00:00,0.0,323.36255,80.840636,0.0,161.68127,282.94223,0.0,102.6015
2022-09-26 11:00:00,0.0,364.7336,91.1834,0.0,182.3668,319.1419,0.0,83.44630000000001
2022-09-26 12:00:00,0.0,237.97753,59.494382,0.0,118.98876,208.23034,0.0,175.8059
2022-09-26 13:00:00,0.0,252.06342,63.015855,0.0,126.03171,220.55549,0.0,137.1378
2022-09-26 14:00:00,0.0,200.91825,50.229564,0.0,100.45913,175.80347,0.0,149.5624
2022-09-26 15:00:00,0.0,257.65564,64.413909,0.0,128.82782,225.44868,0.0,98.1485
2022-09-26 16:00:00,0.0,880.774,0.0,0.0,440.387,0.0,0.0,58.838
2022-09-26 17:00:00,0.0,1255.85,0.0,0.0,627.925,0.0,0.0,0.0
2022-09-26 18:00:00,0.0,1442.12,29.907143,0.0,721.06,104.675,0.0,0.0
2022-09-26 19:00:00,0.0,1409.77,0.0,0.0,704.885,0.0,0.0,0.0
2022-09-26 20:00:00,0.0,1355.01,0.0,0.0,677.505,0.0,0.0,0.0
2022-09-26 21:00:00,0.0,1301.83,0.0,0.0,650.915,0.0,0.0,0.0
2022-09-26 22:00:00,0.0,430.76727,107.69182,0.0,215.38364,376.92136,0.0,0.0
2022-09-26 23:00:00,0.0,410.14182,102.53545,0.0,205.07091,358.87409,0.0,0.0
2022-09-27 00:00:00,0.0,396.86182,99.215455,0.0,198.43091,347.25409,0.0,0.0
2022-09-27 01:00:00,0.0,428.16364,107.04091,0.0,214.08182,374.64318,0.0,0.0
2022-09-27 02:00:00,0.0,440.54182,110.13545,0.0,220.27091,385.47409,0.0,0.0
2022-09-27 03:00:00,0.0,434.69455,108.67364,0.0,217.34727,380.35773,0.0,0.0
2022-09-27 04:00:00,0.0,457.09455,114.27364,0.0,228.54727,399.95773,0.0,0.0
2022-09-27 05:00:00,0.0,1442.12,26.002514,0.0,721.06,91.0088,0.0,0.6861999999999999
2022-09-27 06:00:00,0.0,1297.1776,0.0,0.0,648.5888,0.0,0.0,167.12619999999998
2022-09-27 07:00:00,0.0,772.8908,0.0,0.0,386.4454,0.0,0.0,325.95959999999997
2022-09-27 08:00:00,0.0,298.3226,0.0,0.0,149.1613,0.0,0.0,476.46369999999996
2022-09-27 09:00:00,0.0,0.0,0.0,0.0,0.0,0.0,0.0,616.0324
2022-09-27 10:00:00,0.0,58.438,0.0,0.0,29.219,0.0,0.0,490.70599999999996
2022-09-27 11:00:00,0.0,0.0,0.0,0.0,0.0,0.0,0.0,720.145
2022-09-27 12:00:00,0.0,0.0,0.0,0.0,0.0,0.0,0.0,684.2728
2022-09-27 13:00:00,0.0,168.68989,42.172473,0.0,84.344945,147.60365,0.0,245.7764
2022-09-27 14:00:00,0.0,249.41105,62.352764,0.0,124.70553,218.23467,0.0,176.48479999999998
2022-09-27 15:00:00,0.0,730.9442,0.0,0.0,365.4721,0.0,0.0,229.75289999999995
2022-09-27 16:00:00,0.0,1276.3592,0.0,0.0,638.1796,0.0,0.0,74.44539999999999
2022-09-27 17:00:00,0.0,1428.19,0.0,0.0,714.095,0.0,0.0,0.0
2022-09-27 18:00:00,0.0,1442.12,44.627143,0.0,721.06,156.195,0.0,0.0
2022-09-27 19:00:00,0.0,1442.12,6.3957143,0.0,721.06,22.385,0.0,0.0
2022-09-27 20:00:00,0.0,1442.12,3.1985714,0.0,721.06,11.195,0.0,0.0
2022-09-27 21:00:00,0.0,1409.67,0.0,0.0,704.835,0.0,0.0,0.0
2022-09-27 22:00:00,0.0,1325.87,0.0,0.0,662.935,0.0,0.0,0.0
2022-09-27 23:00:00,0.0,1267.79,0.0,0.0,633.895,0.0,0.0,0.0
2022-09-28 00:00:00,0.0,467.42909,116.85727,0.0,233.71455,409.00045,0.0,0.0
2022-09-28 01:00:00,0.0,472.37455,118.09364,0.0,236.18727,413.32773,0.0,0.0
2022-09-28 02:00:00,0.0,482.57091,120.64273,0.0,241.28545,422.24955,0.0,0.0
2022-09-28 03:00:00,0.0,485.0,121.25,0.0,242.5,424.375,0.0,0.0
2022-09-28 04:00:00,0.0,1411.55,0.0,0.0,705.775,0.0,0.0,0.0
2022-09-28 05:00:00,0.0,1442.12,41.731086,0.0,721.06,146.0588,0.0,0.6861999999999999
2022-09-28 06:00:00,0.0,1442.12,3.4902571,0.0,721.06,12.2159,0.0,165.4691
2022-09-28 07:00:00,0.0,1058.111,0.0,0.0,529.0555,0.0,0.0,273.1295
2022-09-28 08:00:00,0.0,635.4664,0.0,0.0,317.7332,0.0,0.0,399.79179999999997
2022-09-28 09:00:00,0.0,155.1876,0.0,0.0,77.5938,0.0,0.0,589.4312
2022-09-28 10:00:00,0.0,27.5402,0.0,0.0,13.7701,0.0,0.0,614.7549
2022-09-28 11:00:00,0.0,316.971,0.0,0.0,158.4855,0.0,0.0,541.7695
2022-09-28 12:00:00,0.0,468.6302,0.0,0.0,234.3151,0.0,0.0,398.30989999999997
2022-09-28 13:00:00,0.0,687.702,0.0,0.0,343.851,0.0,0.0,316.674
2022-09-28 14:00:00,0.0,576.0822,0.0,0.0,288.0411,0.0,0.0,379.18389999999994
2022-09-28 15:00:00,0.0,1007.0648,0.0,0.0,503.5324,0.0,0.0,181.4926
2022-09-28 16:00:00,0.0,1219.7142,0.0,0.0,609.8571,0.0,0.0,73.16789999999999
2022-09-28 17:00:00,0.0,1442.12,6.1042857,0.0,721.06,21.365,0.0,0.0
2022-09-28 18:00:00,0.0,1442.12,50.764286,0.0,721.06,177.675,0.0,0.0
2022-09-28 19:00:00,0.0,1442.12,11.432857,0.0,721.06,40.015,0.0,0.0
2022-09-28 20:00:00,0.0,1414.67,0.0,0.0,707.335,0.0,0.0,0.0
2022-09-28 21:00:00,0.0,1426.01,0.0,0.0,713.005,0.0,0.0,0.0
2022-09-28 22:00:00,0.0,1436.37,0.0,0.0,718.185,0.0,0.0,0.0
2022-09-28 23:00:00,0.0,1417.69,0.0,0.0,708.845,0.0,0.0,0.0
2022-09-29 00:00:00,0.0,1442.12,8.1871429,0.0,721.06,28.655,0.0,0.0
2022-09-29 01:00:00,0.0,1442.12,8.75,0.0,721.06,30.625,0.0,0.0
2022-09-29 02:00:00,0.0,1442.12,9.0042857,0.0,721.06,31.515,0.0,0.0
2022-09-29 03:00:00,0.0,1442.12,16.938571,0.0,721.06,59.285,0.0,0.0
2022-09-29 04:00:00,0.0,1442.12,23.101429,0.0,721.06,80.855,0.0,0.0
2022-09-29 05:00:00,0.0,1442.12,26.047143,0.0,721.06,91.165,0.0,0.0
2022-09-29 06:00:00,0.0,1316.1986,0.0,0.0,658.0993,0.0,0.0,163.58569999999997
2022-09-29 07:00:00,0.0,1162.6178,0.0,0.0,581.3089,0.0,0.0,334.0261
2022-09-29 08:00:00,0.0,760.5108,0.0,0.0,380.2554,0.0,0.0,491.66959999999995
2022-09-29 09:00:00,0.0,409.2124,0.0,0.0,204.6062,0.0,0.0,611.4187999999999
2022-09-29 10:00:00,0.0,3.606,0.0,0.0,1.803,0.0,0.0,687.222
2022-09-29 11:00:00,0.0,18.1334,0.0,0.0,9.0667,0.0,0.0,715.1882999999999
2022-09-29 12:00:00,0.0,0.0,0.0,0.0,0.0,0.0,0.0,664.8256
2022-09-29 13:00:00,0.0,251.7406,0.0,0.0,125.8703,0.0,0.0,481.35470000000004
2022-09-29 14:00:00,0.0,496.6324,0.0,0.0,248.3162,0.0,0.0,401.9088
2022-09-29 15:00:00,0.0,852.16,0.0,0.0,426.08,0.0,0.0,238.345
2022-09-29 16:00:00,0.0,1288.877,0.0,0.0,644.4385,0.0,0.0,69.3865
2022-09-29 17:00:00,0.0,1365.89,0.0,0.0,682.945,0.0,0.0,0.0
2022-09-29 18:00:00,0.0,1442.12,25.97,0.0,721.06,90.895,0.0,0.0
2022-09-29 19:00:00,0.0,1322.09,0.0,0.0,661.045,0.0,0.0,0.0
2022-09-29 20:00:00,0.0,1297.47,0.0,0.0,648.735,0.0,0.0,0.0
2022-09-29 21:00:00,0.0,1263.93,0.0,0.0,631.965,0.0,0.0,0.0
2022-09-29 22:00:00,0.0,1280.27,0.0,0.0,640.135,0.0,0.0,0.0
2022-09-29 23:00:00,0.0,1261.47,0.0,0.0,630.735,0.0,0.0,0.0
2022-09-30 00:00:00,0.0,1190.47,0.0,0.0,595.235,0.0,0.0,0.0
2022-09-30 01:00:00,0.0,1178.93,0.0,0.0,589.465,0.0,0.0,0.0
2022-09-30 02:00:00,0.0,1169.31,0.0,0.0,584.655,0.0,0.0,0.0
2022-09-30 03:00:00,0.0,1178.63,0.0,0.0,589.315,0.0,0.0,0.0
2022-09-30 04:00:00,0.0,1168.91,0.0,0.0,584.455,0.0,0.0,0.0
2022-09-30 05:00:00,0.0,1201.51,0.0,0.0,600.755,0.0,0.0,0.0
2022-09-30 06:00:00,0.0,961.3166,0.0,0.0,480.6583,0.0,0.0,164.09669999999997
2022-09-30 07:00:00,0.0,771.69,0.0,0.0,385.845,0.0,0.0,342.37
2022-09-30 08:00:00,0.0,311.9746,0.0,0.0,155.9873,0.0,0.0,515.0077
2022-09-30 09:00:00,0.0,107.8778,0.0,0.0,53.9389,0.0,0.0,631.1360999999999
2022-09-30 10:00:00,0.0,595.796,0.0,0.0,297.898,0.0,0.0,372.227
2022-09-30 11:00:00,0.0,48.465382,12.116345,0.0,24.232691,42.407209,0.0,623.3251
2022-09-30 12:00:00,0.0,112.61375,28.153436,0.0,56.306873,98.537027,0.0,426.3710999999999
2022-09-30 13:00:00,0.0,260.54102,65.135255,0.0,130.27051,227.97339,0.0,255.55110000000002
2022-09-30 14:00:00,0.0,258.76836,64.692091,0.0,129.38418,226.42232,0.0,197.4285
2022-09-30 15:00:00,0.0,319.92291,79.980727,0.0,159.96145,279.93255,0.0,211.48100000000002
2022-09-30 16:00:00,0.0,1188.5754,0.0,0.0,594.2877,0.0,0.0,54.0273
2022-09-30 17:00:00,0.0,1361.05,0.0,0.0,680.525,0.0,0.0,0.0
2022-09-30 18:00:00,0.0,1442.12,41.75,0.0,721.06,146.125,0.0,0.0
2022-09-30 19:00:00,0.0,1421.95,0.0,0.0,710.975,0.0,0.0,0.0
2022-09-30 20:00:00,0.0,503.69091,125.92273,0.0,251.84545,440.72955,0.0,0.0
2022-09-30 21:00:00,0.0,496.04727,124.01182,0.0,248.02364,434.04136,0.0,0.0
2022-09-30 22:00:00,0.0,472.04727,118.01182,0.0,236.02364,413.04136,0.0,0.0
2022-09-30 23:00:00,0.0,445.94545,111.48636,0.0,222.97273,390.20227,0.0,0.0
2022-10-01 00:00:00,0.0,448.41818,112.10455,0.0,224.20909,392.36591,0.0,0.0
2022-10-01 01:00:00,0.0,453.00727,113.25182,0.0,226.50364,396.38136,0.0,0.0
2022-10-01 02:00:00,0.0,457.24,114.31,0.0,228.62,400.085,0.0,0.0
2022-10-01 03:00:00,0.0,469.82182,117.45545,0.0,234.91091,411.09409,0.0,0.0
2022-10-01 04:00:00,0.0,504.57091,126.14273,0.0,252.28545,441.49955,0.0,0.0
2022-10-01 05:00:00,0.0,725.18204,181.29551,0.0,362.59102,500.0,38.053982,0.0
2022-10-01 06:00:00,0.0,617.96157,154.49039,0.0,308.98078,500.0,11.516916,97.82730000000001
2022-10-01 07:00:00,0.0,388.31695,97.079236,0.0,194.15847,339.77733,0.0,261.3692
2022-10-01 08:00:00,0.0,120.67964,30.169909,0.0,60.339818,105.59468,0.0,503.5905
2022-10-01 09:00:00,0.0,5.5416727,1.3854182,0.0,2.7708364,4.8489636,0.0,606.8051999999999
2022-10-01 10:00:00,0.0,0.0,0.0,0.0,0.0,0.0,0.0,691.2224
2022-10-01 11:00:00,0.0,229.37687,57.344218,0.0,114.68844,200.70476,0.0,347.9618
2022-10-01 12:00:00,0.0,0.0,0.0,0.0,0.0,0.0,0.0,600.3227999999999
2022-10-01 13:00:00,0.0,108.58575,27.146436,0.0,54.292873,95.012527,0.0,371.21959999999996
2022-10-01 14:00:00,0.0,163.58655,40.896636,0.0,81.793273,143.13823,0.0,307.2935
2022-10-01 15:00:00,0.0,248.10771,62.026927,0.0,124.05385,217.09425,0.0,243.4769
2022-10-01 16:00:00,0.0,407.74036,101.93509,0.0,203.87018,356.77282,0.0,60.882
2022-10-01 17:00:00,0.0,515.64,128.91,0.0,257.82,451.185,0.0,0.0
2022-10-01 18:00:00,0.0,753.85,142.85714,0.0,376.925,500.0,0.0,0.0
2022-10-01 19:00:00,0.0,532.6,133.15,0.0,266.3,466.025,0.0,0.0
2022-10-01 20:00:00,0.0,579.85,142.85714,0.0,289.925,500.0,0.0,0.0
2022-10-01 21:00:00,0.0,546.56364,136.64091,0.0,273.28182,478.24318,0.0,0.0
2022-10-01 22:00:00,0.0,474.92727,118.73182,0.0,237.46364,415.56136,0.0,0.0
2022-10-01 23:00:00,0.0,469.18182,117.29545,0.0,234.59091,410.53409,0.0,0.0
2022-10-02 00:00:00,0.0,463.29091,115.82273,0.0,231.64545,405.37955,0.0,0.0
2022-10-02 01:00:00,0.0,466.62182,116.65545,0.0,233.31091,408.29409,0.0,0.0
2022-10-02 02:00:00,0.0,481.65455,120.41364,0.0,240.82727,421.44773,0.0,0.0
2022-10-02 03:00:00,0.0,495.27636,123.81909,0.0,247.63818,433.36682,0.0,0.0
2022-10-02 04:00:00,0.0,537.03636,134.25909,0.0,268.51818,469.90682,0.0,0.0
2022-10-02 05:00:00,0.0,742.4128,185.6032,0.0,371.2064,500.0,42.318598,0.0
2022-10-02 06:00:00,0.0,577.50953,144.37738,0.0,288.75476,500.0,1.5050365,170.2652
2022-10-02 07:00:00,0.0,340.17942,85.044855,0.0,170.08971,297.65699,0.0,354.56829999999997
2022-10-02 08:00:00,0.0,117.04691,29.261727,0.0,58.523455,102.41605,0.0,533.8855
2022-10-02 09:00:00,0.0,6.6654545,1.6663636,0.0,3.3327273,5.8322727,0.0,643.86
2022-10-02 10:00:00,0.0,0.0,0.0,0.0,0.0,0.0,0.0,715.9256
2022-10-02 11:00:00,0.0,0.0,0.0,0.0,0.0,0.0,0.0,733.4018
2022-10-02 12:00:00,0.0,0.0,0.0,0.0,0.0,0.0,0.0,676.3960999999999
2022-10-02 13:00:00,0.0,21.286836,5.3217091,0.0,10.643418,18.625982,0.0,577.9556
2022-10-02 14:00:00,0.0,118.99004,29.747509,0.0,59.495018,104.11628,0.0,429.01370000000003
2022-10-02 15:00:00,0.0,289.42516,72.356291,0.0,144.71258,253.24702,0.0,252.56539999999998
2022-10-02 16:00:00,0.0,477.34996,119.33749,0.0,238.67498,417.68122,0.0,67.5688
2022-10-02 17:00:00,0.0,607.63,142.85714,0.0,303.815,500.0,0.0,0.0
2022-10-02 18:00:00,0.0,1442.12,66.018571,0.0,721.06,231.065,0.0,0.0
2022-10-02 19:00:00,0.0,688.61,142.85714,0.0,344.305,500.0,0.0,0.0
2022-10-02 20:00:00,0.0,598.05,142.85714,0.0,299.025,500.0,0.0,0.0
2022-10-02 21:00:00,0.0,515.36364,128.84091,0.0,257.68182,450.94318,0.0,0.0
2022-10-02 22:00:00,0.0,527.58182,131.89545,0.0,263.79091,461.63409,0.0,0.0
2022-10-02 23:00:00,0.0,477.61818,119.40455,0.0,238.80909,417.91591,0.0,0.0
2022-10-03 00:00:00,0.0,471.21818,117.80455,0.0,235.60909,412.31591,0.0,0.0
2022-10-03 01:00:00,0.0,488.44727,122.11182,0.0,244.22364,427.39136,0.0,0.0
2022-10-03 02:00:00,0.0,484.94909,121.23727,0.0,242.47455,424.33045,0.0,0.0
2022-10-03 03:00:00,0.0,493.10182,123.27545,0.0,246.55091,431.46409,0.0,0.0
2022-10-03 04:00:00,0.0,515.58182,128.89545,0.0,257.79091,451.13409,0.0,0.0
2022-10-03 05:00:00,0.0,778.65,142.85714,0.0,389.325,500.0,0.0,0.0
2022-10-03 06:00:00,0.0,636.7046,142.85714,0.0,318.3523,500.0,0.0,172.2727
2022-10-03 07:00:00,0.0,1085.3246,0.0,0.0,542.6623,0.0,0.0,293.4527
2022-10-03 08:00:00,0.0,82.575927,20.643982,0.0,41.287964,72.253936,0.0,531.7831
2022-10-03 09:00:00,0.0,0.0,0.0,0.0,0.0,0.0,0.0,650.7877
2022-10-03 10:00:00,0.0,0.0,0.0,0.0,0.0,0.0,0.0,713.4801
2022-10-03 11:00:00,0.0,0.0,0.0,0.0,0.0,0.0,0.0,744.1182
2022-10-03 12:00:00,0.0,0.0,0.0,0.0,0.0,0.0,0.0,677.8852999999999
2022-10-03 13:00:00,0.0,54.872436,13.718109,0.0,27.436218,48.013382,0.0,505.8754
2022-10-03 14:00:00,0.0,221.6688,55.4172,0.0,110.8344,193.9602,0.0,296.7304
2022-10-03 15:00:00,0.0,303.24967,75.812418,0.0,151.62484,265.34346,0.0,223.95669999999998
2022-10-03 16:00:00,0.0,1357.7964,0.0,0.0,678.8982,0.0,0.0,49.026799999999994
2022-10-03 17:00:00,0.0,1442.12,17.59,0.0,721.06,61.565,0.0,0.0
2022-10-03 18:00:00,0.0,1442.12,74.938571,0.0,721.06,262.285,0.0,0.0
2022-10-03 19:00:00,0.0,1442.12,47.961429,0.0,721.06,167.865,0.0,0.0
2022-10-03 20:00:00,0.0,1442.12,37.59,0.0,721.06,131.565,0.0,0.0
2022-10-03 21:00:00,0.0,1442.12,44.704286,0.0,721.06,156.465,0.0,0.0
2022-10-03 22:00:00,0.0,577.45,142.85714,0.0,288.725,500.0,0.0,0.0
2022-10-03 23:00:00,0.0,601.65,142.85714,0.0,300.825,500.0,0.0,0.0
2022-10-04 00:00:00,0.0,568.74545,142.18636,0.0,284.37273,497.65227,0.0,0.0
2022-10-04 01:00:00,0.0,551.72727,137.93182,0.0,275.86364,482.76136,0.0,0.0
2022-10-04 02:00:00,0.0,562.78182,140.69545,0.0,281.39091,492.43409,0.0,0.0
2022-10-04 03:00:00,0.0,610.85,142.85714,0.0,305.425,500.0,0.0,0.0
2022-10-04 04:00:00,0.0,692.85,142.85714,0.0,346.425,500.0,0.0,0.0
2022-10-04 05:00:00,0.0,1442.12,88.247143,0.0,721.06,308.865,0.0,0.0
2022-10-04 06:00:00,0.0,1442.12,50.677714,0.0,721.06,177.372,0.0,163.593
2022-10-04 07:00:00,0.0,1257.4616,0.0,0.0,628.7308,0.0,0.0,345.68420000000003
2022-10-04 08:00:00,0.0,613.5338,0.0,0.0,306.7669,0.0,0.0,515.3580999999999
2022-10-04 09:00:00,0.0,98.638618,24.659655,0.0,49.319309,86.308791,0.0,611.3969000000001
2022-10-04 10:00:00,0.0,0.0,0.0,0.0,0.0,0.0,0.0,690.1858
2022-10-04 11:00:00,0.0,19.742764,4.9356909,0.0,9.8713818,17.274918,0.0,707.5087
2022-10-04 12:00:00,0.0,0.0,0.0,0.0,0.0,0.0,0.0,654.9268
2022-10-04 13:00:00,0.0,48.361818,12.090455,0.0,24.180909,42.316591,0.0,537.8275
2022-10-04 14:00:00,0.0,181.22967,45.307418,0.0,90.614836,158.57596,0.0,363.93420000000003
2022-10-04 15:00:00,0.0,346.60647,86.651618,0.0,173.30324,303.28066,0.0,199.3411
2022-10-04 16:00:00,0.0,469.27004,117.31751,0.0,234.63502,410.61128,0.0,42.478699999999996
2022-10-04 17:00:00,0.0,1442.12,17.99,0.0,721.06,62.965,0.0,0.0
2022-10-04 18:00:00,0.0,1442.12,72.31,0.0,721.06,253.085,0.0,0.0
2022-10-04 19:00:00,0.0,1442.12,28.047143,0.0,721.06,98.165,0.0,0.0
2022-10-04 20:00:00,0.0,562.12727,140.53182,0.0,281.06364,491.86136,0.0,0.0
2022-10-04 21:00:00,0.0,532.09091,133.02273,0.0,266.04545,465.57955,0.0,0.0
2022-10-04 22:00:00,0.0,479.36364,119.84091,0.0,239.68182,419.44318,0.0,0.0
2022-10-04 23:00:00,0.0,454.36,113.59,0.0,227.18,397.565,0.0,0.0
2022-10-05 00:00:00,0.0,445.42909,111.35727,0.0,222.71455,389.75045,0.0,0.0
2022-10-05 01:00:00,0.0,432.93455,108.23364,0.0,216.46727,378.81773,0.0,0.0
2022-10-05 02:00:00,0.0,425.37818,106.34455,0.0,212.68909,372.20591,0.0,0.0
2022-10-05 03:00:00,0.0,422.79636,105.69909,0.0,211.39818,369.94682,0.0,0.0
2022-10-05 04:00:00,0.0,435.76364,108.94091,0.0,217.88182,381.29318,0.0,0.0
2022-10-05 05:00:00,0.0,560.38909,140.09727,0.0,280.19455,490.34045,0.0,0.0
2022-10-05 06:00:00,0.0,421.7144,105.4286,0.0,210.8572,369.0001,0.0,170.44769999999997
2022-10-05 07:00:00,0.0,258.98,64.745,0.0,129.49,226.6075,0.0,366.2775
2022-10-05 08:00:00,0.0,17.810109,4.4525273,0.0,8.9050545,15.583845,0.0,535.5061
2022-10-05 09:00:00,0.0,0.0,0.0,0.0,0.0,0.0,0.0,663.1612
2022-10-05 10:00:00,0.0,0.0,0.0,0.0,0.0,0.0,0.0,740.0812999999999
2022-10-05 11:00:00,0.0,0.0,0.0,0.0,0.0,0.0,0.0,747.3594
2022-10-05 12:00:00,0.0,0.0,0.0,0.0,0.0,0.0,0.0,697.4785
2022-10-05 13:00:00,0.0,0.0,0.0,0.0,0.0,0.0,0.0,586.4455
2022-10-05 14:00:00,0.0,31.266473,7.8166182,0.0,15.633236,27.358164,0.0,430.93359999999996
2022-10-05 15:00:00,0.0,192.31753,48.079382,0.0,96.158764,168.27784,0.0,248.98839999999998
2022-10-05 16:00:00,0.0,388.00618,97.001545,0.0,194.00309,339.50541,0.0,55.51650000000001
2022-10-05 17:00:00,0.0,470.33818,117.58455,0.0,235.16909,411.54591,0.0,0.0
2022-10-05 18:00:00,0.0,570.76727,142.69182,0.0,285.38364,499.42136,0.0,0.0
2022-10-05 19:00:00,0.0,476.07636,119.01909,0.0,238.03818,416.56682,0.0,0.0
2022-10-05 20:00:00,0.0,486.17091,121.54273,0.0,243.08545,425.39955,0.0,0.0
2022-10-05 21:00:00,0.0,461.30545,115.32636,0.0,230.65273,403.64227,0.0,0.0
2022-10-05 22:00:00,0.0,443.55273,110.88818,0.0,221.77636,388.10864,0.0,0.0
2022-10-05 23:00:00,0.0,467.85091,116.96273,0.0,233.92545,409.36955,0.0,0.0
2022-10-06 00:00:00,0.0,444.96364,111.24091,0.0,222.48182,389.34318,0.0,0.0
2022-10-06 01:00:00,0.0,437.41455,109.35364,0.0,218.70727,382.73773,0.0,0.0
2022-10-06 02:00:00,0.0,439.45818,109.86455,0.0,219.72909,384.52591,0.0,0.0
2022-10-06 03:00:00,0.0,435.25455,108.81364,0.0,217.62727,380.84773,0.0,0.0
2022-10-06 04:00:00,0.0,421.02909,105.25727,0.0,210.51455,368.40045,0.0,0.0
2022-10-06 05:00:00,0.0,440.63636,110.15909,0.0,220.31818,385.55682,0.0,0.0
2022-10-06 06:00:00,0.0,340.14204,85.035509,0.0,170.07102,297.62428,0.0,172.19969999999998
2022-10-06 07:00:00,0.0,291.35971,72.839927,0.0,145.67985,254.93975,0.0,362.06539999999995
2022-10-06 08:00:00,0.0,165.7976,41.4494,0.0,82.8988,145.0729,0.0,525.7533
2022-10-06 09:00:00,0.0,114.57076,28.642691,0.0,57.285382,100.24942,0.0,646.5902
2022-10-06 10:00:00,0.0,25.596218,6.3990545,0.0,12.798109,22.396691,0.0,696.2302
2022-10-06 11:00:00,0.0,12.127345,3.0318364,0.0,6.0636727,10.611427,0.0,718.7799
2022-10-06 12:00:00,0.0,0.0,0.0,0.0,0.0,0.0,0.0,645.4440999999999
2022-10-06 13:00:00,0.0,25.730618,6.4326545,0.0,12.865309,22.514291,0.0,570.8454
2022-10-06 14:00:00,0.0,144.1696,36.0424,0.0,72.0848,126.1484,0.0,414.3918
2022-10-06 15:00:00,0.0,347.56749,86.891873,0.0,173.78375,304.12155,0.0,204.31969999999998
2022-10-06 16:00:00,0.0,509.86705,127.46676,0.0,254.93353,446.13367,0.0,37.8578
2022-10-06 17:00:00,0.0,512.89091,128.22273,0.0,256.44545,448.77955,0.0,0.0
2022-10-06 18:00:00,0.0,1442.12,35.195714,0.0,721.06,123.185,0.0,0.0
2022-10-06 19:00:00,0.0,497.98182,124.49545,0.0,248.99091,435.73409,0.0,0.0
2022-10-06 20:00:00,0.0,486.92727,121.73182,0.0,243.46364,426.06136,0.0,0.0
2022-10-06 21:00:00,0.0,466.27273,116.56818,0.0,233.13636,407.98864,0.0,0.0
2022-10-06 22:00:00,0.0,469.4,117.35,0.0,234.7,410.725,0.0,0.0
2022-10-06 23:00:00,0.0,479.36364,119.84091,0.0,239.68182,419.44318,0.0,0.0
2022-10-07 00:00:00,0.0,452.96364,113.24091,0.0,226.48182,396.34318,0.0,0.0
2022-10-07 01:00:00,0.0,450.78182,112.69545,0.0,225.39091,394.43409,0.0,0.0
2022-10-07 02:00:00,0.0,453.23273,113.30818,0.0,226.61636,396.57864,0.0,0.0
2022-10-07 03:00:00,0.0,460.84727,115.21182,0.0,230.42364,403.24136,0.0,0.0
2022-10-07 04:00:00,0.0,459.4,114.85,0.0,229.7,401.975,0.0,0.0
2022-10-07 05:00:00,0.0,486.22909,121.55727,0.0,243.11455,425.45045,0.0,0.0
2022-10-07 06:00:00,0.0,1130.9742,0.0,0.0,565.4871,0.0,0.0,162.9579
2022-10-07 07:00:00,0.0,324.75498,81.188745,0.0,162.37749,284.16061,0.0,355.89689999999996
2022-10-07 08:00:00,0.0,246.17556,61.543891,0.0,123.08778,215.40362,0.0,522.1836
2022-10-07 09:00:00,0.0,161.81687,40.454218,0.0,80.908436,141.58976,0.0,647.6267999999999
2022-10-07 10:00:00,0.0,46.415782,11.603945,0.0,23.207891,40.613809,0.0,719.2032999999999
2022-10-07 11:00:00,0.0,48.404873,12.101218,0.0,24.202436,42.354264,0.0,734.8983
2022-10-07 12:00:00,0.0,31.798764,7.9496909,0.0,15.899382,27.823918,0.0,681.3017
2022-10-07 13:00:00,0.0,55.818473,13.954618,0.0,27.909236,48.841164,0.0,570.8746
2022-10-07 14:00:00,0.0,147.37295,36.843236,0.0,73.686473,128.95133,0.0,419.48720000000003
2022-10-07 15:00:00,0.0,293.80611,73.451527,0.0,146.90305,257.08035,0.0,233.5416
2022-10-07 16:00:00,0.0,481.21855,120.30464,0.0,240.60927,421.06623,0.0,42.4495
2022-10-07 17:00:00,0.0,613.45,142.85714,0.0,306.725,500.0,0.0,0.0
2022-10-07 18:00:00,0.0,1040.87,142.85714,0.0,520.435,500.0,0.0,0.0
2022-10-07 19:00:00,0.0,783.31,142.85714,0.0,391.655,500.0,0.0,0.0
2022-10-07 20:00:00,0.0,779.05,142.85714,0.0,389.525,500.0,0.0,0.0
2022-10-07 21:00:00,0.0,776.59,142.85714,0.0,388.295,500.0,0.0,0.0
2022-10-07 22:00:00,0.0,660.05,142.85714,0.0,330.025,500.0,0.0,0.0
2022-10-07 23:00:00,0.0,568.26545,142.06636,0.0,284.13273,497.23227,0.0,0.0
2022-10-08 00:00:00,0.0,567.43636,141.85909,0.0,283.71818,496.50682,0.0,0.0
2022-10-08 01:00:00,0.0,547.56727,136.89182,0.0,273.78364,479.12136,0.0,0.0
2022-10-08 02:00:00,0.0,514.24364,128.56091,0.0,257.12182,449.96318,0.0,0.0
2022-10-08 03:00:00,0.0,513.54545,128.38636,0.0,256.77273,449.35227,0.0,0.0
2022-10-08 04:00:00,0.0,530.17818,132.54455,0.0,265.08909,463.90591,0.0,0.0
2022-10-08 05:00:00,0.0,778.43,142.85714,0.0,389.215,500.0,0.0,0.0
2022-10-08 06:00:00,0.0,568.72444,142.18111,0.0,284.36222,497.63388,0.0,150.3289
2022-10-08 07:00:00,0.0,340.0872,85.0218,0.0,170.0436,297.5763,0.0,348.1151
2022-10-08 08:00:00,0.0,156.11244,39.028109,0.0,78.056218,136.59838,0.0,512.8104
2022-10-08 09:00:00,0.0,37.988873,9.4972182,0.0,18.994436,33.240264,0.0,640.2902999999999
2022-10-08 10:00:00,0.0,35.126691,8.7816727,0.0,17.563345,30.735855,0.0,644.9258
2022-10-08 11:00:00,0.0,93.929818,23.482455,0.0,46.964909,82.188591,0.0,650.1015
2022-10-08 12:00:00,0.0,7.9251636,1.9812909,0.0,3.9625818,6.9345182,0.0,629.4279
2022-10-08 13:00:00,0.0,93.800436,23.450109,0.0,46.900218,82.075382,0.0,508.6494
2022-10-08 14:00:00,0.0,176.15091,44.037727,0.0,88.075455,154.13205,0.0,386.7175
2022-10-08 15:00:00,0.0,315.23091,78.807727,0.0,157.61545,275.82705,0.0,211.8825
2022-10-08 16:00:00,0.0,488.49236,122.12309,0.0,244.24618,427.43082,0.0,20.148
2022-10-08 17:00:00,0.0,555.36364,138.84091,0.0,277.68182,485.94318,0.0,0.0
2022-10-08 18:00:00,0.0,1442.12,37.167143,0.0,721.06,130.085,0.0,0.0
2022-10-08 19:00:00,0.0,534.49091,133.62273,0.0,267.24545,467.67955,0.0,0.0
2022-10-08 20:00:00,0.0,536.09091,134.02273,0.0,268.04545,469.07955,0.0,0.0
2022-10-08 21:00:00,0.0,479.94545,119.98636,0.0,239.97273,419.95227,0.0,0.0
2022-10-08 22:00:00,0.0,468.16364,117.04091,0.0,234.08182,409.64318,0.0,0.0
2022-10-08 23:00:00,0.0,439.87273,109.96818,0.0,219.93636,384.88864,0.0,0.0
2022-10-09 00:00:00,0.0,419.87273,104.96818,0.0,209.93636,367.38864,0.0,0.0
2022-10-09 01:00:00,0.0,428.52727,107.13182,0.0,214.26364,374.96136,0.0,0.0
2022-10-09 02:00:00,0.0,417.54545,104.38636,0.0,208.77273,365.35227,0.0,0.0
2022-10-09 03:00:00,0.0,419.65455,104.91364,0.0,209.82727,367.19773,0.0,0.0
2022-10-09 04:00:00,0.0,444.67273,111.16818,0.0,222.33636,389.08864,0.0,0.0
2022-10-09 05:00:00,0.0,544.00364,136.00091,0.0,272.00182,476.00318,0.0,0.0
2022-10-09 06:00:00,0.0,548.00327,137.00082,0.0,274.00164,479.50286,0.0,34.2005
2022-10-09 07:00:00,0.0,338.30975,84.577436,0.0,169.15487,296.02103,0.0,230.43910000000002
2022-10-09 08:00:00,0.0,109.17324,27.293309,0.0,54.586618,95.526582,0.0,461.11179999999996
2022-10-09 09:00:00,0.0,0.0,0.0,0.0,0.0,0.0,0.0,579.9266
2022-10-09 10:00:00,0.0,0.0,0.0,0.0,0.0,0.0,0.0,654.7954
2022-10-09 11:00:00,0.0,0.0,0.0,0.0,0.0,0.0,0.0,644.8601
2022-10-09 12:00:00,0.0,135.8248,33.9562,0.0,67.9124,118.8467,0.0,257.5659
2022-10-09 13:00:00,0.0,250.39796,62.599491,0.0,125.19898,219.09822,0.0,110.12780000000001
2022-10-09 14:00:00,0.0,256.7952,64.1988,0.0,128.3976,224.6958,0.0,126.2316
2022-10-09 15:00:00,0.0,343.26611,85.816527,0.0,171.63305,300.35785,0.0,19.8341
2022-10-09 16:00:00,0.0,374.89018,93.722545,0.0,187.44509,328.02891,0.0,13.650999999999998
2022-10-09 17:00:00,0.0,408.67273,102.16818,0.0,204.33636,357.58864,0.0,0.0
2022-10-09 18:00:00,0.0,615.89,142.85714,0.0,307.945,500.0,0.0,0.0
2022-10-09 19:00:00,0.0,483.21818,120.80455,0.0,241.60909,422.81591,0.0,0.0
2022-10-09 20:00:00,0.0,441.90182,110.47545,0.0,220.95091,386.66409,0.0,0.0
2022-10-09 21:00:00,0.0,404.99273,101.24818,0.0,202.49636,354.36864,0.0,0.0
2022-10-09 22:00:00,0.0,374.86909,93.717273,0.0,187.43455,328.01045,0.0,0.0
2022-10-09 23:00:00,0.0,355.21818,88.804545,0.0,177.60909,310.81591,0.0,0.0
2022-10-10 00:00:00,0.0,348.71636,87.179091,0.0,174.35818,305.12682,0.0,0.0
2022-10-10 01:00:00,0.0,351.61818,87.904545,0.0,175.80909,307.66591,0.0,0.0
2022-10-10 02:00:00,0.0,348.26545,87.066364,0.0,174.13273,304.73227,0.0,0.0
2022-10-10 03:00:00,0.0,346.66545,86.666364,0.0,173.33273,303.33227,0.0,0.0
2022-10-10 04:00:00,0.0,375.69091,93.922727,0.0,187.84545,328.72955,0.0,0.0
2022-10-10 05:00:00,0.0,502.21455,125.55364,0.0,251.10727,439.43773,0.0,0.0
2022-10-10 06:00:00,0.0,523.86436,130.96609,0.0,261.93218,458.38132,0.0,15.7315
2022-10-10 07:00:00,0.0,449.11338,112.27835,0.0,224.55669,392.97421,0.0,19.8341
2022-10-10 08:00:00,0.0,342.42756,85.606891,0.0,171.21378,299.62412,0.0,62.247099999999996
2022-10-10 09:00:00,0.0,326.452,81.613,0.0,163.226,285.6455,0.0,65.6635
2022-10-10 10:00:00,0.0,0.0,0.0,0.0,0.0,0.0,0.0,677.513
2022-10-10 11:00:00,0.0,0.0,0.0,0.0,0.0,0.0,0.0,702.2381
2022-10-10 12:00:00,0.0,0.0,0.0,0.0,0.0,0.0,0.0,648.5246999999999
2022-10-10 13:00:00,0.0,0.0,0.0,0.0,0.0,0.0,0.0,544.3172
2022-10-10 14:00:00,0.0,97.063127,24.265782,0.0,48.531564,84.930236,0.0,340.0632
2022-10-10 15:00:00,0.0,194.66727,48.666818,0.0,97.333636,170.33386,0.0,209.3275
2022-10-10 16:00:00,0.0,395.18196,98.795491,0.0,197.59098,345.78422,0.0,16.2498
2022-10-10 17:00:00,0.0,455.98909,113.99727,0.0,227.99455,398.99045,0.0,0.0
2022-10-10 18:00:00,0.0,525.59636,131.39909,0.0,262.79818,459.89682,0.0,0.0
2022-10-10 19:00:00,0.0,439.08727,109.77182,0.0,219.54364,384.20136,0.0,0.0
2022-10-10 20:00:00,0.0,428.38182,107.09545,0.0,214.19091,374.83409,0.0,0.0
2022-10-10 21:00:00,0.0,411.86545,102.96636,0.0,205.93273,360.38227,0.0,0.0
2022-10-10 22:00:00,0.0,359.76364,89.940909,0.0,179.88182,314.79318,0.0,0.0
2022-10-10 23:00:00,0.0,349.59636,87.399091,0.0,174.79818,305.89682,0.0,0.0
2022-10-11 00:00:00,0.0,357.85818,89.464545,0.0,178.92909,313.12591,0.0,0.0
2022-10-11 01:00:00,0.0,396.84,99.21,0.0,198.42,347.235,0.0,0.0
2022-10-11 02:00:00,0.0,371.97455,92.993636,0.0,185.98727,325.47773,0.0,0.0
2022-10-11 03:00:00,0.0,395.57455,98.893636,0.0,197.78727,346.12773,0.0,0.0
2022-10-11 04:00:00,0.0,452.14909,113.03727,0.0,226.07455,395.63045,0.0,0.0
2022-10-11 05:00:00,0.0,577.01,142.85714,0.0,288.505,500.0,0.0,0.0
2022-10-11 06:00:00,0.0,595.9448,142.85714,0.0,297.9724,500.0,0.0,126.74260000000001
2022-10-11 07:00:00,0.0,900.88,0.0,0.0,450.44,0.0,0.0,324.485
2022-10-11 08:00:00,0.0,117.54516,29.386291,0.0,58.772582,102.85202,0.0,494.56039999999996
2022-10-11 09:00:00,0.0,0.0,0.0,0.0,0.0,0.0,0.0,615.0104
2022-10-11 10:00:00,0.0,0.0,0.0,0.0,0.0,0.0,0.0,688.7257999999999
2022-10-11 11:00:00,0.0,448.54909,112.13727,0.0,224.27455,392.48045,0.0,0.0
2022-10-11 12:00:00,0.0,0.0,0.0,0.0,0.0,0.0,0.0,639.5822
2022-10-11 13:00:00,0.0,17.828436,4.4571091,0.0,8.9142182,15.599882,0.0,523.6509
2022-10-11 14:00:00,0.0,179.00124,44.750309,0.0,89.500618,156.62608,0.0,334.8583
2022-10-11 15:00:00,0.0,312.9992,78.2498,0.0,156.4996,273.8743,0.0,175.9811
2022-10-11 16:00:00,0.0,1326.8686,0.0,0.0,663.4343,0.0,0.0,14.300699999999999
2022-10-11 17:00:00,0.0,1442.12,15.838571,0.0,721.06,55.435,0.0,0.0
2022-10-11 18:00:00,0.0,1442.12,48.341429,0.0,721.06,169.195,0.0,0.0
2022-10-11 19:00:00,0.0,1442.12,20.238571,0.0,721.06,70.835,0.0,0.0
2022-10-11 20:00:00,0.0,560.46182,140.11545,0.0,280.23091,490.40409,0.0,0.0
2022-10-11 21:00:00,0.0,552.65818,138.16455,0.0,276.32909,483.57591,0.0,0.0
2022-10-11 22:00:00,0.0,502.22909,125.55727,0.0,251.11455,439.45045,0.0,0.0
2022-10-11 23:00:00,0.0,496.36727,124.09182,0.0,248.18364,434.32136,0.0,0.0
2022-10-12 00:00:00,0.0,496.46909,124.11727,0.0,248.23455,434.41045,0.0,0.0
2022-10-12 01:00:00,0.0,504.89818,126.22455,0.0,252.44909,441.78591,0.0,0.0
2022-10-12 02:00:00,0.0,522.45455,130.61364,0.0,261.22727,457.14773,0.0,0.0
2022-10-12 03:00:00,0.0,532.44727,133.11182,0.0,266.22364,465.89136,0.0,0.0
2022-10-12 04:00:00,0.0,537.65455,134.41364,0.0,268.82727,470.44773,0.0,0.0
2022-10-12 05:00:00,0.0,1442.12,39.73,0.0,721.06,139.055,0.0,0.0
2022-10-12 06:00:00,0.0,1442.12,21.0572,0.0,721.06,73.7002,0.0,125.3848
2022-10-12 07:00:00,0.0,1070.1926,0.0,0.0,535.0963,0.0,0.0,317.68870000000004
2022-10-12 08:00:00,0.0,402.2648,0.0,0.0,201.1324,0.0,0.0,482.9826
2022-10-12 09:00:00,0.0,6.2650909,1.5662727,0.0,3.1325455,5.4819545,0.0,591.9205
2022-10-12 10:00:00,0.0,0.0,0.0,0.0,0.0,0.0,0.0,638.3777
2022-10-12 11:00:00,0.0,418.43273,104.60818,0.0,209.21636,366.12864,0.0,0.0
2022-10-12 12:00:00,0.0,0.0,0.0,0.0,0.0,0.0,0.0,610.3019
2022-10-12 13:00:00,0.0,222.63171,55.657927,0.0,111.31585,194.80275,0.0,149.41639999999998
2022-10-12 14:00:00,0.0,268.81222,67.203055,0.0,134.40611,235.21069,0.0,111.9382
2022-10-12 15:00:00,0.0,309.3,77.325,0.0,154.65,270.6375,0.0,93.2575
2022-10-12 16:00:00,0.0,431.57295,107.89324,0.0,215.78647,377.62633,0.0,11.0522
2022-10-12 17:00:00,0.0,1368.47,0.0,0.0,684.235,0.0,0.0,0.0
2022-10-12 18:00:00,0.0,1442.12,36.998571,0.0,721.06,129.495,0.0,0.0
2022-10-12 19:00:00,0.0,1346.65,0.0,0.0,673.325,0.0,0.0,0.0
2022-10-12 20:00:00,0.0,464.2,116.05,0.0,232.1,406.175,0.0,0.0
2022-10-12 21:00:00,0.0,473.69818,118.42455,0.0,236.84909,414.48591,0.0,0.0
2022-10-12 22:00:00,0.0,452.22182,113.05545,0.0,226.11091,395.69409,0.0,0.0
2022-10-12 23:00:00,0.0,454.84727,113.71182,0.0,227.42364,397.99136,0.0,0.0
2022-10-13 00:00:00,0.0,461.42182,115.35545,0.0,230.71091,403.74409,0.0,0.0
2022-10-13 01:00:00,0.0,472.02545,118.00636,0.0,236.01273,413.02227,0.0,0.0
2022-10-13 02:00:00,0.0,460.46182,115.11545,0.0,230.23091,402.90409,0.0,0.0
2022-10-13 03:00:00,0.0,460.12727,115.03182,0.0,230.06364,402.61136,0.0,0.0
2022-10-13 04:00:00,0.0,463.16,115.79,0.0,231.58,405.265,0.0,0.0
2022-10-13 05:00:00,0.0,475.78545,118.94636,0.0,237.89273,416.31227,0.0,0.0
2022-10-13 06:00:00,0.0,506.77164,126.69291,0.0,253.38582,443.42518,0.0,12.994
2022-10-13 07:00:00,0.0,1442.12,16.9774,0.0,721.06,59.4209,0.0,19.8341
2022-10-13 08:00:00,0.0,1364.6618,0.0,0.0,682.3309,0.0,0.0,30.7841
2022-10-13 09:00:00,0.0,417.27731,104.31933,0.0,208.63865,365.11765,0.0,84.81869999999999
2022-10-13 10:00:00,0.0,399.40109,99.850273,0.0,199.70055,349.47595,0.0,71.1385
2022-10-13 11:00:00,0.0,431.5304,107.8826,0.0,215.7652,377.5891,0.0,47.8807
2022-10-13 12:00:00,0.0,290.25491,72.563727,0.0,145.12745,253.97305,0.0,134.0645
2022-10-13 13:00:00,0.0,287.78145,71.945364,0.0,143.89073,251.80877,0.0,115.5955
2022-10-13 14:00:00,0.0,235.02778,58.756945,0.0,117.51389,205.64931,0.0,145.02179999999998
2022-10-13 15:00:00,0.0,276.14509,69.036273,0.0,138.07255,241.62695,0.0,122.8955
2022-10-13 16:00:00,0.0,382.20567,95.551418,0.0,191.10284,334.42996,0.0,11.0522
2022-10-13 17:00:00,0.0,1103.91,0.0,0.0,551.955,0.0,0.0,0.0
2022-10-13 18:00:00,0.0,1442.12,14.612857,0.0,721.06,51.145,0.0,0.0
2022-10-13 19:00:00,0.0,442.50545,110.62636,0.0,221.25273,387.19227,0.0,0.0
2022-10-13 20:00:00,0.0,408.17818,102.04455,0.0,204.08909,357.15591,0.0,0.0
2022-10-13 21:00:00,0.0,389.53818,97.384545,0.0,194.76909,340.84591,0.0,0.0
2022-10-13 22:00:00,0.0,388.86182,97.215455,0.0,194.43091,340.25409,0.0,0.0
2022-10-13 23:00:00,0.0,423.90909,105.97727,0.0,211.95455,370.92045,0.0,0.0
2022-10-14 00:00:00,0.0,420.13455,105.03364,0.0,210.06727,367.61773,0.0,0.0
2022-10-14 01:00:00,0.0,399.24727,99.811818,0.0,199.62364,349.34136,0.0,0.0
2022-10-14 02:00:00,0.0,402.62909,100.65727,0.0,201.31455,352.30045,0.0,0.0
2022-10-14 03:00:00,0.0,421.72,105.43,0.0,210.86,369.005,0.0,0.0
2022-10-14 04:00:00,0.0,419.59636,104.89909,0.0,209.79818,367.14682,0.0,0.0
2022-10-14 05:00:00,0.0,445.16727,111.29182,0.0,222.58364,389.52136,0.0,0.0
2022-10-14 06:00:00,0.0,1242.865,0.0,0.0,621.4325,0.0,0.0,33.0325
2022-10-14 07:00:00,0.0,1324.2044,0.0,0.0,662.1022,0.0,0.0,109.03280000000001
2022-10-14 08:00:00,0.0,1089.1068,0.0,0.0,544.5534,0.0,0.0,159.0816
2022-10-14 09:00:00,0.0,211.93549,52.983873,0.0,105.96775,185.44355,0.0,402.0037000000001
2022-10-14 10:00:00,0.0,3.9351273,0.98378182,0.0,1.9675636,3.4432364,0.0,634.7642
2022-10-14 11:00:00,0.0,0.0,0.0,0.0,0.0,0.0,0.0,622.0038
2022-10-14 12:00:00,0.0,0.0,0.0,0.0,0.0,0.0,0.0,616.0105
2022-10-14 13:00:00,0.0,0.0,0.0,0.0,0.0,0.0,0.0,502.0283
2022-10-14 14:00:00,0.0,141.18218,35.295545,0.0,70.591091,123.53441,0.0,344.6695
2022-10-14 15:00:00,0.0,315.57804,78.894509,0.0,157.78902,276.13078,0.0,141.7952
2022-10-14 16:00:00,0.0,436.89135,109.22284,0.0,218.44567,382.27993,0.0,1.2993999999999999
2022-10-14 17:00:00,0.0,496.67273,124.16818,0.0,248.33636,434.58864,0.0,0.0
2022-10-14 18:00:00,0.0,699.03,142.85714,0.0,349.515,500.0,0.0,0.0
2022-10-14 19:00:00,0.0,499.45818,124.86455,0.0,249.72909,437.02591,0.0,0.0
2022-10-14 20:00:00,0.0,475.67636,118.91909,0.0,237.83818,416.21682,0.0,0.0
2022-10-14 21:00:00,0.0,491.40727,122.85182,0.0,245.70364,429.98136,0.0,0.0
2022-10-14 22:00:00,0.0,420.30909,105.07727,0.0,210.15455,367.77045,0.0,0.0
2022-10-14 23:00:00,0.0,396.04,99.01,0.0,198.02,346.535,0.0,0.0
2022-10-15 00:00:00,0.0,396.18545,99.046364,0.0,198.09273,346.66227,0.0,0.0
2022-10-15 01:00:00,0.0,399.24,99.81,0.0,199.62,349.335,0.0,0.0
2022-10-15 02:00:00,0.0,411.02909,102.75727,0.0,205.51455,359.65045,0.0,0.0
2022-10-15 03:00:00,0.0,416.81818,104.20455,0.0,208.40909,364.71591,0.0,0.0
2022-10-15 04:00:00,0.0,444.03273,111.00818,0.0,222.01636,388.52864,0.0,0.0
2022-10-15 05:00:00,0.0,625.33,142.85714,0.0,312.665,500.0,0.0,0.0
2022-10-15 06:00:00,0.0,522.91956,130.72989,0.0,261.45978,457.55462,0.0,76.8106
2022-10-15 07:00:00,0.0,368.82531,92.206327,0.0,184.41265,322.72215,0.0,223.9202
2022-10-15 08:00:00,0.0,345.71615,86.429036,0.0,172.85807,302.50163,0.0,101.91529999999999
2022-10-15 09:00:00,0.0,91.344291,22.836073,0.0,45.672145,79.926255,0.0,390.1266
2022-10-15 10:00:00,0.0,0.0,0.0,0.0,0.0,0.0,0.0,577.7731
2022-10-15 11:00:00,0.0,0.0,0.0,0.0,0.0,0.0,0.0,580.1529
2022-10-15 12:00:00,0.0,198.11935,49.529836,0.0,99.059673,173.35443,0.0,185.6609
2022-10-15 13:00:00,0.0,54.956436,13.739109,0.0,27.478218,48.086882,0.0,359.6199
2022-10-15 14:00:00,0.0,113.54902,28.387255,0.0,56.774509,99.355391,0.0,312.3451
2022-10-15 15:00:00,0.0,217.39695,54.349236,0.0,108.69847,190.22233,0.0,164.64419999999998
2022-10-15 16:00:00,0.0,429.26684,107.31671,0.0,214.63342,375.60848,0.0,9.1031
2022-10-15 17:00:00,0.0,521.46545,130.36636,0.0,260.73273,456.28227,0.0,0.0
2022-10-15 18:00:00,0.0,652.67,142.85714,0.0,326.335,500.0,0.0,0.0
2022-10-15 19:00:00,0.0,516.39636,129.09909,0.0,258.19818,451.84682,0.0,0.0
2022-10-15 20:00:00,0.0,518.33091,129.58273,0.0,259.16545,453.53955,0.0,0.0
2022-10-15 21:00:00,0.0,489.66909,122.41727,0.0,244.83455,428.46045,0.0,0.0
2022-10-15 22:00:00,0.0,447.26182,111.81545,0.0,223.63091,391.35409,0.0,0.0
2022-10-15 23:00:00,0.0,427.94545,106.98636,0.0,213.97273,374.45227,0.0,0.0
2022-10-16 00:00:00,0.0,433.13091,108.28273,0.0,216.56545,378.98955,0.0,0.0
2022-10-16 01:00:00,0.0,442.44727,110.61182,0.0,221.22364,387.14136,0.0,0.0
2022-10-16 02:00:00,0.0,452.44727,113.11182,0.0,226.22364,395.89136,0.0,0.0
2022-10-16 03:00:00,0.0,457.03636,114.25909,0.0,228.51818,399.90682,0.0,0.0
2022-10-16 04:00:00,0.0,480.29455,120.07364,0.0,240.14727,420.25773,0.0,0.0
2022-10-16 05:00:00,0.0,737.01,142.85714,0.0,368.505,500.0,0.0,0.0
2022-10-16 06:00:00,0.0,546.08349,136.52087,0.0,273.04175,477.82305,0.0,139.97019999999998
2022-10-16 07:00:00,0.0,301.44509,75.361273,0.0,150.72255,263.76445,0.0,342.808
2022-10-16 08:00:00,0.0,81.274473,20.318618,0.0,40.637236,71.115164,0.0,515.8326
2022-10-16 09:00:00,0.0,0.0,0.0,0.0,0.0,0.0,0.0,633.3407
2022-10-16 10:00:00,0.0,0.0,0.0,0.0,0.0,0.0,0.0,697.8946
2022-10-16 11:00:00,0.0,0.0,0.0,0.0,0.0,0.0,0.0,685.4042999999999
2022-10-16 12:00:00,0.0,0.0,0.0,0.0,0.0,0.0,0.0,629.917
2022-10-16 13:00:00,0.0,0.0,0.0,0.0,0.0,0.0,0.0,513.2338
2022-10-16 14:00:00,0.0,117.55345,29.388364,0.0,58.776727,102.85927,0.0,371.789
2022-10-16 15:00:00,0.0,324.15433,81.038582,0.0,162.07716,283.63504,0.0,122.90280000000001
2022-10-16 16:00:00,0.0,445.78298,111.44575,0.0,222.89149,390.06011,0.0,8.4534
2022-10-16 17:00:00,0.0,505.74909,126.43727,0.0,252.87455,442.53045,0.0,0.0
2022-10-16 18:00:00,0.0,662.35,142.85714,0.0,331.175,500.0,0.0,0.0
2022-10-16 19:00:00,0.0,518.76,129.69,0.0,259.38,453.915,0.0,0.0
2022-10-16 20:00:00,0.0,520.32364,130.08091,0.0,260.16182,455.28318,0.0,0.0
2022-10-16 21:00:00,0.0,493.08,123.27,0.0,246.54,431.445,0.0,0.0
2022-10-16 22:00:00,0.0,492.97818,123.24455,0.0,246.48909,431.35591,0.0,0.0
2022-10-16 23:00:00,0.0,437.05091,109.26273,0.0,218.52545,382.41955,0.0,0.0
2022-10-17 00:00:00,0.0,431.97455,107.99364,0.0,215.98727,377.97773,0.0,0.0
2022-10-17 01:00:00,0.0,431.98182,107.99545,0.0,215.99091,377.98409,0.0,0.0
2022-10-17 02:00:00,0.0,433.80727,108.45182,0.0,216.90364,379.58136,0.0,0.0
2022-10-17 03:00:00,0.0,429.96,107.49,0.0,214.98,376.215,0.0,0.0
2022-10-17 04:00:00,0.0,471.72,117.93,0.0,235.86,412.755,0.0,0.0
2022-10-17 05:00:00,0.0,712.89,142.85714,0.0,356.445,500.0,0.0,0.0
2022-10-17 06:00:00,0.0,547.58175,136.89544,0.0,273.79087,479.13403,0.0,133.1301
2022-10-17 07:00:00,0.0,324.9456,81.2364,0.0,162.4728,284.3274,0.0,334.8948
2022-10-17 08:00:00,0.0,109.14218,27.285545,0.0,54.571091,95.499409,0.0,503.4445
2022-10-17 09:00:00,0.0,0.0,0.0,0.0,0.0,0.0,0.0,621.6972
2022-10-17 10:00:00,0.0,0.0,0.0,0.0,0.0,0.0,0.0,699.0334
2022-10-17 11:00:00,0.0,0.0,0.0,0.0,0.0,0.0,0.0,703.4426
2022-10-17 12:00:00,0.0,0.0,0.0,0.0,0.0,0.0,0.0,652.0214
2022-10-17 13:00:00,0.0,0.0,0.0,0.0,0.0,0.0,0.0,530.9874
2022-10-17 14:00:00,0.0,71.070691,17.767673,0.0,35.535345,62.186855,0.0,384.2428
2022-10-17 15:00:00,0.0,255.54204,63.885509,0.0,127.77102,223.59928,0.0,168.1847
2022-10-17 16:00:00,0.0,427.70058,106.92515,0.0,213.85029,374.23801,0.0,7.146699999999999
2022-10-17 17:00:00,0.0,525.37091,131.34273,0.0,262.68545,459.69955,0.0,0.0
2022-10-17 18:00:00,0.0,709.13,142.85714,0.0,354.565,500.0,0.0,0.0
2022-10-17 19:00:00,0.0,508.46909,127.11727,0.0,254.23455,444.91045,0.0,0.0
2022-10-17 20:00:00,0.0,489.12364,122.28091,0.0,244.56182,427.98318,0.0,0.0
2022-10-17 21:00:00,0.0,463.24727,115.81182,0.0,231.62364,405.34136,0.0,0.0
2022-10-17 22:00:00,0.0,401.4,100.35,0.0,200.7,351.225,0.0,0.0
2022-10-17 23:00:00,0.0,386.23636,96.559091,0.0,193.11818,337.95682,0.0,0.0
2022-10-18 00:00:00,0.0,368.22909,92.057273,0.0,184.11455,322.20045,0.0,0.0
2022-10-18 01:00:00,0.0,361.70545,90.426364,0.0,180.85273,316.49227,0.0,0.0
2022-10-18 02:00:00,0.0,375.66909,93.917273,0.0,187.83455,328.71045,0.0,0.0
2022-10-18 03:00:00,0.0,381.92364,95.480909,0.0,190.96182,334.18318,0.0,0.0
2022-10-18 04:00:00,0.0,409.60364,102.40091,0.0,204.80182,358.40318,0.0,0.0
2022-10-18 05:00:00,0.0,525.80727,131.45182,0.0,262.90364,460.08136,0.0,0.0
2022-10-18 06:00:00,0.0,505.94131,126.48533,0.0,252.97065,442.69865,0.0,120.51569999999998
2022-10-18 07:00:00,0.0,254.56349,63.640873,0.0,127.28175,222.74305,0.0,329.7702
2022-10-18 08:00:00,0.0,84.542109,21.135527,0.0,42.271055,73.974345,0.0,496.77959999999996
2022-10-18 09:00:00,0.0,0.0,0.0,0.0,0.0,0.0,0.0,618.5436
2022-10-18 10:00:00,0.0,0.0,0.0,0.0,0.0,0.0,0.0,622.7192
2022-10-18 11:00:00,0.0,0.0,0.0,0.0,0.0,0.0,0.0,667.8113
2022-10-18 12:00:00,0.0,0.0,0.0,0.0,0.0,0.0,0.0,638.2316999999999
2022-10-18 13:00:00,0.0,0.0,0.0,0.0,0.0,0.0,0.0,536.4405
2022-10-18 14:00:00,0.0,92.569018,23.142255,0.0,46.284509,80.997891,0.0,381.51259999999996
2022-10-18 15:00:00,0.0,260.04684,65.011709,0.0,130.02342,227.54098,0.0,193.6106
2022-10-18 16:00:00,0.0,455.78742,113.94685,0.0,227.89371,398.81399,0.0,5.847300000000001
2022-10-18 17:00:00,0.0,530.62182,132.65545,0.0,265.31091,464.29409,0.0,0.0
2022-10-18 18:00:00,0.0,823.87,142.85714,0.0,411.935,500.0,0.0,0.0
2022-10-18 19:00:00,0.0,699.83,142.85714,0.0,349.915,500.0,0.0,0.0
2022-10-18 20:00:00,0.0,765.87,142.85714,0.0,382.935,500.0,0.0,0.0
2022-10-18 21:00:00,0.0,684.37,142.85714,0.0,342.185,500.0,0.0,0.0
2022-10-18 22:00:00,0.0,562.11273,140.52818,0.0,281.05636,491.84864,0.0,0.0
2022-10-18 23:00:00,0.0,567.20364,141.80091,0.0,283.60182,496.30318,0.0,0.0
2022-10-19 00:00:00,0.0,566.49818,141.62455,0.0,283.24909,495.68591,0.0,0.0
2022-10-19 01:00:00,0.0,574.87,142.85714,0.0,287.435,500.0,0.0,0.0
2022-10-19 02:00:00,0.0,620.63,142.85714,0.0,310.315,500.0,0.0,0.0
2022-10-19 03:00:00,0.0,684.51,142.85714,0.0,342.255,500.0,0.0,0.0
2022-10-19 04:00:00,0.0,790.55,142.85714,0.0,395.275,500.0,0.0,0.0
2022-10-19 05:00:00,0.0,1016.45,142.85714,0.0,508.225,500.0,0.0,0.0
2022-10-19 06:00:00,0.0,898.1278,142.85714,0.0,449.0639,500.0,0.0,115.3911
2022-10-19 07:00:00,0.0,501.88022,125.47005,0.0,250.94011,439.14519,0.0,317.4697
2022-10-19 08:00:00,0.0,236.24095,59.060236,0.0,118.12047,206.71083,0.0,504.2037
2022-10-19 09:00:00,0.0,124.51171,31.127927,0.0,62.255855,108.94775,0.0,624.2814000000001
2022-10-19 10:00:00,0.0,16.243055,4.0607636,0.0,8.1215273,14.212673,0.0,706.6107999999999
2022-10-19 11:00:00,0.0,19.062327,4.7655818,0.0,9.5311636,16.679536,0.0,705.8443
2022-10-19 12:00:00,0.0,0.0,0.0,0.0,0.0,0.0,0.0,670.4100999999999
2022-10-19 13:00:00,0.0,46.940582,11.735145,0.0,23.470291,41.073009,0.0,555.7416999999999
2022-10-19 14:00:00,0.0,171.24393,42.810982,0.0,85.621964,149.83844,0.0,386.91459999999995
2022-10-19 15:00:00,0.0,355.43818,88.859545,0.0,177.71909,311.00841,0.0,197.6475
2022-10-19 16:00:00,0.0,549.41607,137.35402,0.0,274.70804,480.73906,0.0,4.547899999999999
2022-10-19 17:00:00,0.0,589.71,142.85714,0.0,294.855,500.0,0.0,0.0
2022-10-19 18:00:00,0.0,1017.87,142.85714,0.0,508.935,500.0,0.0,0.0
2022-10-19 19:00:00,0.0,683.09,142.85714,0.0,341.545,500.0,0.0,0.0
2022-10-19 20:00:00,0.0,684.45,142.85714,0.0,342.225,500.0,0.0,0.0
2022-10-19 21:00:00,0.0,614.03,142.85714,0.0,307.015,500.0,0.0,0.0
2022-10-19 22:00:00,0.0,638.65,142.85714,0.0,319.325,500.0,0.0,0.0
2022-10-19 23:00:00,0.0,665.79,142.85714,0.0,332.895,500.0,0.0,0.0
2022-10-20 00:00:00,0.0,617.23,142.85714,0.0,308.615,500.0,0.0,0.0
2022-10-20 01:00:00,0.0,568.39636,142.09909,0.0,284.19818,497.34682,0.0,0.0
2022-10-20 02:00:00,0.0,558.14909,139.53727,0.0,279.07455,488.38045,0.0,0.0
2022-10-20 03:00:00,0.0,558.65818,139.66455,0.0,279.32909,488.82591,0.0,0.0
2022-10-20 04:00:00,0.0,547.32,136.83,0.0,273.66,478.905,0.0,0.0
2022-10-20 05:00:00,0.0,542.68,135.67,0.0,271.34,474.845,0.0,0.0
2022-10-20 06:00:00,0.0,484.13258,121.03315,0.0,242.06629,423.61601,0.0,120.44269999999999
2022-10-20 07:00:00,0.0,402.39404,100.59851,0.0,201.19702,352.09478,0.0,326.1932
2022-10-20 08:00:00,0.0,278.09716,69.524291,0.0,139.04858,243.33502,0.0,501.6414
2022-10-20 09:00:00,0.0,190.04967,47.512418,0.0,95.024836,166.29346,0.0,629.1066999999999
2022-10-20 10:00:00,0.0,148.44167,37.110418,0.0,74.220836,129.88646,0.0,688.0177
2022-10-20 11:00:00,0.0,113.81884,28.454709,0.0,56.909418,99.591482,0.0,701.6541
2022-10-20 12:00:00,0.0,38.533891,9.6334727,0.0,19.266945,33.717155,0.0,657.2409
2022-10-20 13:00:00,0.0,85.204945,21.301236,0.0,42.602473,74.554327,0.0,543.3682
2022-10-20 14:00:00,0.0,251.67644,62.919109,0.0,125.83822,220.21688,0.0,363.26989999999995
2022-10-20 15:00:00,0.0,382.14487,95.536218,0.0,191.07244,334.37676,0.0,195.9758
2022-10-20 16:00:00,0.0,564.492,141.123,0.0,282.246,493.9305,0.0,3.2485
2022-10-20 17:00:00,0.0,651.85,142.85714,0.0,325.925,500.0,0.0,0.0
2022-10-20 18:00:00,0.0,980.89,142.85714,0.0,490.445,500.0,0.0,0.0
2022-10-20 19:00:00,0.0,663.45,142.85714,0.0,331.725,500.0,0.0,0.0
2022-10-20 20:00:00,0.0,646.25,142.85714,0.0,323.125,500.0,0.0,0.0
2022-10-20 21:00:00,0.0,714.79,142.85714,0.0,357.395,500.0,0.0,0.0
2022-10-20 22:00:00,0.0,529.63273,132.40818,0.0,264.81636,463.42864,0.0,0.0
2022-10-20 23:00:00,0.0,546.92727,136.73182,0.0,273.46364,478.56136,0.0,0.0
2022-10-21 00:00:00,0.0,564.27273,141.06818,0.0,282.13636,493.73864,0.0,0.0
2022-10-21 01:00:00,0.0,563.58182,140.89545,0.0,281.79091,493.13409,0.0,0.0
2022-10-21 02:00:00,0.0,562.33091,140.58273,0.0,281.16545,492.03955,0.0,0.0
2022-10-21 03:00:00,0.0,566.52727,141.63182,0.0,283.26364,495.71136,0.0,0.0
2022-10-21 04:00:00,0.0,559.34909,139.83727,0.0,279.67455,489.43045,0.0,0.0
2022-10-21 05:00:00,0.0,599.59,142.85714,0.0,299.795,500.0,0.0,0.0
2022-10-21 06:00:00,0.0,523.04335,130.76084,0.0,261.52167,457.66293,0.0,114.23039999999997
2022-10-21 07:00:00,0.0,414.91985,103.72996,0.0,207.45993,363.05487,0.0,312.9802
2022-10-21 08:00:00,0.0,280.77869,70.194673,0.0,140.38935,245.68135,0.0,485.3843
2022-10-21 09:00:00,0.0,202.80509,50.701273,0.0,101.40255,177.45445,0.0,595.388
2022-10-21 10:00:00,0.0,111.59098,27.897745,0.0,55.795491,97.642109,0.0,661.6574
2022-10-21 11:00:00,0.0,130.20167,32.550418,0.0,65.100836,113.92646,0.0,652.9776999999999
2022-10-21 12:00:00,0.0,78.708655,19.677164,0.0,39.354327,68.870073,0.0,603.1406
2022-10-21 13:00:00,0.0,108.8864,27.2216,0.0,54.4432,95.2756,0.0,530.6662
2022-10-21 14:00:00,0.0,207.79811,51.949527,0.0,103.89905,181.82335,0.0,380.7826
2022-10-21 15:00:00,0.0,393.85265,98.463164,0.0,196.92633,344.62107,0.0,192.8076
2022-10-21 16:00:00,0.0,543.46611,135.86653,0.0,271.73305,475.53285,0.0,1.9490999999999998
2022-10-21 17:00:00,0.0,571.32,142.83,0.0,285.66,499.905,0.0,0.0
2022-10-21 18:00:00,0.0,730.21,142.85714,0.0,365.105,500.0,0.0,0.0
2022-10-21 19:00:00,0.0,498.80364,124.70091,0.0,249.40182,436.45318,0.0,0.0
2022-10-21 20:00:00,0.0,506.19273,126.54818,0.0,253.09636,442.91864,0.0,0.0
2022-10-21 21:00:00,0.0,472.50545,118.12636,0.0,236.25273,413.44227,0.0,0.0
2022-10-21 22:00:00,0.0,424.38909,106.09727,0.0,212.19455,371.34045,0.0,0.0
2022-10-21 23:00:00,0.0,399.4,99.85,0.0,199.7,349.475,0.0,0.0
2022-10-22 00:00:00,0.0,385.05091,96.262727,0.0,192.52545,336.91955,0.0,0.0
2022-10-22 01:00:00,0.0,371.77091,92.942727,0.0,185.88545,325.29955,0.0,0.0
2022-10-22 02:00:00,0.0,371.22545,92.806364,0.0,185.61273,324.82227,0.0,0.0
2022-10-22 03:00:00,0.0,406.97091,101.74273,0.0,203.48545,356.09955,0.0,0.0
2022-10-22 04:00:00,0.0,450.31636,112.57909,0.0,225.15818,394.02682,0.0,0.0
2022-10-22 05:00:00,0.0,657.77,142.85714,0.0,328.885,500.0,0.0,0.0
2022-10-22 06:00:00,0.0,584.747,142.85714,0.0,292.3735,500.0,0.0,121.5815
2022-10-22 07:00:00,0.0,360.15731,90.039327,0.0,180.07865,315.13765,0.0,331.5587
2022-10-22 08:00:00,0.0,155.51411,38.878527,0.0,77.757055,136.07485,0.0,499.66309999999993
2022-10-22 09:00:00,0.0,39.147345,9.7868364,0.0,19.573673,34.253927,0.0,614.2074
2022-10-22 10:00:00,0.0,0.0,0.0,0.0,0.0,0.0,0.0,696.201
2022-10-22 11:00:00,0.0,1.6454545,0.41136364,0.0,0.82272727,1.4397727,0.0,694.4125
2022-10-22 12:00:00,0.0,0.0,0.0,0.0,0.0,0.0,0.0,645.8236999999999
2022-10-22 13:00:00,0.0,31.263927,7.8159818,0.0,15.631964,27.355936,0.0,536.7470999999999
2022-10-22 14:00:00,0.0,167.98065,41.995164,0.0,83.990327,146.98307,0.0,372.24159999999995
2022-10-22 15:00:00,0.0,297.63796,74.409491,0.0,148.81898,260.43322,0.0,189.3328
2022-10-22 16:00:00,0.0,523.71273,130.92818,0.0,261.85636,458.24864,0.0,0.0
2022-10-22 17:00:00,0.0,562.98545,140.74636,0.0,281.49273,492.61227,0.0,0.0
2022-10-22 18:00:00,0.0,872.49,142.85714,0.0,436.245,500.0,0.0,0.0
2022-10-22 19:00:00,0.0,603.05,142.85714,0.0,301.525,500.0,0.0,0.0
2022-10-22 20:00:00,0.0,542.17818,135.54455,0.0,271.08909,474.40591,0.0,0.0
2022-10-22 21:00:00,0.0,566.17818,141.54455,0.0,283.08909,495.40591,0.0,0.0
2022-10-22 22:00:00,0.0,506.62909,126.65727,0.0,253.31455,443.30045,0.0,0.0
2022-10-22 23:00:00,0.0,510.68727,127.67182,0.0,255.34364,446.85136,0.0,0.0
2022-10-23 00:00:00,0.0,477.26182,119.31545,0.0,238.63091,417.60409,0.0,0.0
2022-10-23 01:00:00,0.0,496.55636,124.13909,0.0,248.27818,434.48682,0.0,0.0
2022-10-23 02:00:00,0.0,486.65091,121.66273,0.0,243.32545,425.81955,0.0,0.0
2022-10-23 03:00:00,0.0,518.76,129.69,0.0,259.38,453.915,0.0,0.0
2022-10-23 04:00:00,0.0,512.42545,128.10636,0.0,256.21273,448.37227,0.0,0.0
2022-10-23 05:00:00,0.0,926.95,142.85714,0.0,463.475,500.0,0.0,0.0
2022-10-23 06:00:00,0.0,560.93695,140.23424,0.0,280.46847,490.81983,0.0,110.07670000000002
2022-10-23 07:00:00,0.0,382.29927,95.574818,0.0,191.14964,334.51186,0.0,318.2435
2022-10-23 08:00:00,0.0,179.62815,44.907036,0.0,89.814073,157.17463,0.0,484.9463
2022-10-23 09:00:00,0.0,73.865745,18.466436,0.0,36.932873,64.632527,0.0,610.6596
2022-10-23 10:00:00,0.0,21.258109,5.3145273,0.0,10.629055,18.600845,0.0,682.4551
2022-10-23 11:00:00,0.0,44.954036,11.238509,0.0,22.477018,39.334782,0.0,691.1931999999999
2022-10-23 12:00:00,0.0,13.2816,3.3204,0.0,6.6408,11.6214,0.0,637.5527999999999
2022-10-23 13:00:00,0.0,103.29236,25.823091,0.0,51.646182,90.380818,0.0,528.958
2022-10-23 14:00:00,0.0,213.116,53.279,0.0,106.558,186.4765,0.0,374.3805
2022-10-23 15:00:00,0.0,369.9624,92.4906,0.0,184.9812,323.7171,0.0,183.80669999999998
2022-10-23 16:00:00,0.0,552.84,138.21,0.0,276.42,483.735,0.0,0.0
2022-10-23 17:00:00,0.0,684.77,142.85714,0.0,342.385,500.0,0.0,0.0
2022-10-23 18:00:00,0.0,896.65,142.85714,0.0,448.325,500.0,0.0,0.0
2022-10-23 19:00:00,0.0,688.05,142.85714,0.0,344.025,500.0,0.0,0.0
2022-10-23 20:00:00,0.0,737.77,142.85714,0.0,368.885,500.0,0.0,0.0
2022-10-23 21:00:00,0.0,568.48364,142.12091,0.0,284.24182,497.42318,0.0,0.0
2022-10-23 22:00:00,0.0,522.37455,130.59364,0.0,261.18727,457.07773,0.0,0.0
2022-10-23 23:00:00,0.0,496.92727,124.23182,0.0,248.46364,434.81136,0.0,0.0
2022-10-24 00:00:00,0.0,498.92,124.73,0.0,249.46,436.555,0.0,0.0
2022-10-24 01:00:00,0.0,500.74545,125.18636,0.0,250.37273,438.15227,0.0,0.0
2022-10-24 02:00:00,0.0,506.84,126.71,0.0,253.42,443.485,0.0,0.0
2022-10-24 03:00:00,0.0,520.04,130.01,0.0,260.02,455.035,0.0,0.0
2022-10-24 04:00:00,0.0,554.86182,138.71545,0.0,277.43091,485.50409,0.0,0.0
2022-10-24 05:00:00,0.0,781.90444,195.47611,0.0,390.95222,500.0,52.092778,0.0
2022-10-24 06:00:00,0.0,727.9242,142.85714,0.0,363.9621,500.0,0.0,118.79289999999999
2022-10-24 07:00:00,0.0,404.07455,101.01864,0.0,202.03727,353.56523,0.0,332.3325
2022-10-24 08:00:00,0.0,197.43425,49.358564,0.0,98.717127,172.75497,0.0,502.7729
2022-10-24 09:00:00,0.0,66.826109,16.706527,0.0,33.413055,58.472845,0.0,626.8290999999999
2022-10-24 10:00:00,0.0,0.0,0.0,0.0,0.0,0.0,0.0,679.9804
2022-10-24 11:00:00,0.0,16.324436,4.0811091,0.0,8.1622182,14.283882,0.0,681.7689
2022-10-24 12:00:00,0.0,0.0,0.0,0.0,0.0,0.0,0.0,650.0285
2022-10-24 13:00:00,0.0,20.307127,5.0767818,0.0,10.153564,17.768736,0.0,527.0527
2022-10-24 14:00:00,0.0,148.6784,37.1696,0.0,74.3392,130.0936,0.0,376.7822
2022-10-24 15:00:00,0.0,312.68378,78.170945,0.0,156.34189,273.59831,0.0,185.2448
2022-10-24 16:00:00,0.0,491.38545,122.84636,0.0,245.69273,429.96227,0.0,0.0
2022-10-24 17:00:00,0.0,531.02182,132.75545,0.0,265.51091,464.64409,0.0,0.0
2022-10-24 18:00:00,0.0,848.81,142.85714,0.0,424.405,500.0,0.0,0.0
2022-10-24 19:00:00,0.0,629.19,142.85714,0.0,314.595,500.0,0.0,0.0
2022-10-24 20:00:00,0.0,550.22182,137.55545,0.0,275.11091,481.44409,0.0,0.0
2022-10-24 21:00:00,0.0,525.42909,131.35727,0.0,262.71455,459.75045,0.0,0.0
2022-10-24 22:00:00,0.0,495.74909,123.93727,0.0,247.87455,433.78045,0.0,0.0
2022-10-24 23:00:00,0.0,479.68364,119.92091,0.0,239.84182,419.72318,0.0,0.0
2022-10-25 00:00:00,0.0,489.99636,122.49909,0.0,244.99818,428.74682,0.0,0.0
2022-10-25 01:00:00,0.0,485.82909,121.45727,0.0,242.91455,425.10045,0.0,0.0
2022-10-25 02:00:00,0.0,496.31636,124.07909,0.0,248.15818,434.27682,0.0,0.0
2022-10-25 03:00:00,0.0,514.76727,128.69182,0.0,257.38364,450.42136,0.0,0.0
2022-10-25 04:00:00,0.0,530.96364,132.74091,0.0,265.48182,464.59318,0.0,0.0
2022-10-25 05:00:00,0.0,834.61,142.85714,0.0,417.305,500.0,0.0,0.0
2022-10-25 06:00:00,0.0,694.5014,142.85714,0.0,347.2507,500.0,0.0,108.70429999999999
2022-10-25 07:00:00,0.0,397.31884,99.329709,0.0,198.65942,347.65398,0.0,326.2516
2022-10-25 08:00:00,0.0,211.65651,52.914127,0.0,105.82825,185.19945,0.0,500.0573
2022-10-25 09:00:00,0.0,63.999564,15.999891,0.0,31.999782,55.999618,0.0,627.5956
2022-10-25 10:00:00,0.0,0.0,0.0,0.0,0.0,0.0,0.0,697.3252
2022-10-25 11:00:00,0.0,0.0,0.0,0.0,0.0,0.0,0.0,704.8442
2022-10-25 12:00:00,0.0,0.0,0.0,0.0,0.0,0.0,0.0,636.5672999999999
2022-10-25 13:00:00,0.0,37.733891,9.4334727,0.0,18.866945,33.017155,0.0,527.3009000000001
2022-10-25 14:00:00,0.0,157.77804,39.444509,0.0,78.889018,138.05578,0.0,363.35020000000003
2022-10-25 15:00:00,0.0,344.87956,86.219891,0.0,172.43978,301.76962,0.0,176.4556
2022-10-25 16:00:00,0.0,540.15636,135.03909,0.0,270.07818,472.63682,0.0,0.0
2022-10-25 17:00:00,0.0,577.01,142.85714,0.0,288.505,500.0,0.0,0.0
2022-10-25 18:00:00,0.0,808.19,142.85714,0.0,404.095,500.0,0.0,0.0
2022-10-25 19:00:00,0.0,567.94545,141.98636,0.0,283.97273,496.95227,0.0,0.0
2022-10-25 20:00:00,0.0,580.13,142.85714,0.0,290.065,500.0,0.0,0.0
2022-10-25 21:00:00,0.0,568.07636,142.01909,0.0,284.03818,497.06682,0.0,0.0
2022-10-25 22:00:00,0.0,531.52364,132.88091,0.0,265.76182,465.08318,0.0,0.0
2022-10-25 23:00:00,0.0,502.28,125.57,0.0,251.14,439.495,0.0,0.0
2022-10-26 00:00:00,0.0,523.01455,130.75364,0.0,261.50727,457.63773,0.0,0.0
2022-10-26 01:00:00,0.0,539.02909,134.75727,0.0,269.51455,471.65045,0.0,0.0
2022-10-26 02:00:00,0.0,553.63273,138.40818,0.0,276.81636,484.42864,0.0,0.0
2022-10-26 03:00:00,0.0,560.76727,140.19182,0.0,280.38364,490.67136,0.0,0.0
2022-10-26 04:00:00,0.0,569.57455,142.39364,0.0,284.78727,498.37773,0.0,0.0
2022-10-26 05:00:00,0.0,945.41,142.85714,0.0,472.705,500.0,0.0,0.0
2022-10-26 06:00:00,0.0,830.7738,142.85714,0.0,415.3869,500.0,0.0,101.4481
2022-10-26 07:00:00,0.0,438.07811,109.51953,0.0,219.03905,383.31835,0.0,309.6076
2022-10-26 08:00:00,0.0,227.60618,56.901545,0.0,113.80309,199.15541,0.0,482.5665
2022-10-26 09:00:00,0.0,110.77905,27.694764,0.0,55.389527,96.931673,0.0,608.8638
2022-10-26 10:00:00,0.0,14.489745,3.6224364,0.0,7.2448727,12.678527,0.0,670.8116
2022-10-26 11:00:00,0.0,28.376073,7.0940182,0.0,14.188036,24.829064,0.0,683.4479
2022-10-26 12:00:00,0.0,25.558836,6.3897091,0.0,12.779418,22.363982,0.0,630.6616
2022-10-26 13:00:00,0.0,76.310255,19.077564,0.0,38.155127,66.771473,0.0,518.3584
2022-10-26 14:00:00,0.0,219.31913,54.829782,0.0,109.65956,191.90424,0.0,365.32120000000003
2022-10-26 15:00:00,0.0,389.96153,97.490382,0.0,194.98076,341.21634,0.0,170.9879
2022-10-26 16:00:00,0.0,575.25,142.85714,0.0,287.625,500.0,0.0,0.0
2022-10-26 17:00:00,0.0,619.03,142.85714,0.0,309.515,500.0,0.0,0.0
2022-10-26 18:00:00,0.0,934.39,142.85714,0.0,467.195,500.0,0.0,0.0
2022-10-26 19:00:00,0.0,635.01,142.85714,0.0,317.505,500.0,0.0,0.0
2022-10-26 20:00:00,0.0,620.21,142.85714,0.0,310.105,500.0,0.0,0.0
2022-10-26 21:00:00,0.0,601.89,142.85714,0.0,300.945,500.0,0.0,0.0
2022-10-26 22:00:00,0.0,618.79,142.85714,0.0,309.395,500.0,0.0,0.0
2022-10-26 23:00:00,0.0,590.89,142.85714,0.0,295.445,500.0,0.0,0.0
2022-10-27 00:00:00,0.0,561.95273,140.48818,0.0,280.97636,491.70864,0.0,0.0
2022-10-27 01:00:00,0.0,550.41091,137.60273,0.0,275.20545,481.60955,0.0,0.0
2022-10-27 02:00:00,0.0,542.82545,135.70636,0.0,271.41273,474.97227,0.0,0.0
2022-10-27 03:00:00,0.0,547.62545,136.90636,0.0,273.81273,479.17227,0.0,0.0
2022-10-27 04:00:00,0.0,549.86545,137.46636,0.0,274.93273,481.13227,0.0,0.0
2022-10-27 05:00:00,0.0,550.90545,137.72636,0.0,275.45273,482.04227,0.0,0.0
2022-10-27 06:00:00,0.0,515.30633,128.82658,0.0,257.65316,450.89304,0.0,96.03880000000001
2022-10-27 07:00:00,0.0,428.46116,107.11529,0.0,214.23058,374.90352,0.0,288.5909
2022-10-27 08:00:00,0.0,322.73789,80.684473,0.0,161.36895,282.39565,0.0,451.49039999999997
2022-10-27 09:00:00,0.0,301.34,75.335,0.0,150.67,263.6725,0.0,546.9525
2022-10-27 10:00:00,0.0,251.85775,62.964436,0.0,125.92887,220.37553,0.0,625.7706
2022-10-27 11:00:00,0.0,256.57309,64.143273,0.0,128.28655,224.50145,0.0,627.727
2022-10-27 12:00:00,0.0,179.38727,44.846818,0.0,89.693636,156.96386,0.0,567.7575
2022-10-27 13:00:00,0.0,244.30371,61.075927,0.0,122.15185,213.76575,0.0,485.7274
2022-10-27 14:00:00,0.0,324.53818,81.134545,0.0,162.26909,283.97091,0.0,336.165
2022-10-27 15:00:00,0.0,484.43716,121.10929,0.0,242.21858,423.88252,0.0,151.4239
2022-10-27 16:00:00,0.0,665.61,142.85714,0.0,332.805,500.0,0.0,0.0
2022-10-27 17:00:00,0.0,620.77,142.85714,0.0,310.385,500.0,0.0,0.0
2022-10-27 18:00:00,0.0,919.87,142.85714,0.0,459.935,500.0,0.0,0.0
2022-10-27 19:00:00,0.0,584.93,142.85714,0.0,292.465,500.0,0.0,0.0
2022-10-27 20:00:00,0.0,562.55636,140.63909,0.0,281.27818,492.23682,0.0,0.0
2022-10-27 21:00:00,0.0,570.59273,142.64818,0.0,285.29636,499.26864,0.0,0.0
2022-10-27 22:00:00,0.0,557.48727,139.37182,0.0,278.74364,487.80136,0.0,0.0
2022-10-27 23:00:00,0.0,532.24364,133.06091,0.0,266.12182,465.71318,0.0,0.0
2022-10-28 00:00:00,0.0,554.73091,138.68273,0.0,277.36545,485.38955,0.0,0.0
2022-10-28 01:00:00,0.0,556.38909,139.09727,0.0,278.19455,486.84045,0.0,0.0
2022-10-28 02:00:00,0.0,530.39636,132.59909,0.0,265.19818,464.09682,0.0,0.0
2022-10-28 03:00:00,0.0,543.50909,135.87727,0.0,271.75455,475.57045,0.0,0.0
2022-10-28 04:00:00,0.0,542.53455,135.63364,0.0,271.26727,474.71773,0.0,0.0
2022-10-28 05:00:00,0.0,557.90909,139.47727,0.0,278.95455,488.17045,0.0,0.0
2022-10-28 06:00:00,0.0,521.94007,130.48502,0.0,260.97004,456.69756,0.0,85.6874
2022-10-28 07:00:00,0.0,442.01142,110.50285,0.0,221.00571,386.75999,0.0,290.8393
2022-10-28 08:00:00,0.0,313.05396,78.263491,0.0,156.52698,273.92222,0.0,463.88579999999996
2022-10-28 09:00:00,0.0,290.04291,72.510727,0.0,145.02145,253.78755,0.0,587.796
2022-10-28 10:00:00,0.0,210.4536,52.6134,0.0,105.2268,184.1469,0.0,659.0513
2022-10-28 11:00:00,0.0,210.94625,52.736564,0.0,105.47313,184.57797,0.0,666.8039
2022-10-28 12:00:00,0.0,110.17251,27.543127,0.0,55.086255,96.400945,0.0,618.9377999999999
2022-10-28 13:00:00,0.0,210.49724,52.624309,0.0,105.24862,184.18508,0.0,511.5913
2022-10-28 14:00:00,0.0,315.05724,78.764309,0.0,157.52862,275.67508,0.0,344.4213
2022-10-28 15:00:00,0.0,496.47156,124.11789,0.0,248.23578,434.41262,0.0,152.8766
2022-10-28 16:00:00,0.0,707.45,142.85714,0.0,353.725,500.0,0.0,0.0
2022-10-28 17:00:00,0.0,791.25,142.85714,0.0,395.625,500.0,0.0,0.0
2022-10-28 18:00:00,0.0,1192.29,142.85714,0.0,596.145,500.0,0.0,0.0
2022-10-28 19:00:00,0.0,862.25,142.85714,0.0,431.125,500.0,0.0,0.0
2022-10-28 20:00:00,0.0,856.05,142.85714,0.0,428.025,500.0,0.0,0.0
2022-10-28 21:00:00,0.0,791.45,142.85714,0.0,395.725,500.0,0.0,0.0
2022-10-28 22:00:00,0.0,773.81,142.85714,0.0,386.905,500.0,0.0,0.0
2022-10-28 23:00:00,0.0,664.09,142.85714,0.0,332.045,500.0,0.0,0.0
2022-10-29 00:00:00,0.0,638.49,142.85714,0.0,319.245,500.0,0.0,0.0
2022-10-29 01:00:00,0.0,626.75,142.85714,0.0,313.375,500.0,0.0,0.0
2022-10-29 02:00:00,0.0,584.59,142.85714,0.0,292.295,500.0,0.0,0.0
2022-10-29 03:00:00,0.0,559.10909,139.77727,0.0,279.55455,489.22045,0.0,0.0
2022-10-29 04:00:00,0.0,560.09091,140.02273,0.0,280.04545,490.07955,0.0,0.0
2022-10-29 05:00:00,0.0,569.68364,142.42091,0.0,284.84182,498.47318,0.0,0.0
2022-10-29 06:00:00,0.0,781.1256,142.85714,0.0,390.5628,500.0,0.0,90.62219999999999
2022-10-29 07:00:00,0.0,558.83716,139.70929,0.0,279.41858,488.98252,0.0,303.99389999999994
2022-10-29 08:00:00,0.0,295.61971,73.904927,0.0,147.80985,258.66725,0.0,465.9078999999999
2022-10-29 09:00:00,0.0,160.12873,40.032182,0.0,80.064364,140.11264,0.0,590.278
2022-10-29 10:00:00,0.0,115.12531,28.781327,0.0,57.562655,100.73465,0.0,667.5776999999999
2022-10-29 11:00:00,0.0,113.38276,28.345691,0.0,56.691382,99.209918,0.0,674.2937
2022-10-29 12:00:00,0.0,56.959782,14.239945,0.0,28.479891,49.839809,0.0,635.5452999999999
2022-10-29 13:00:00,0.0,156.54735,39.136836,0.0,78.273673,136.97893,0.0,513.1024
2022-10-29 14:00:00,0.0,232.23127,58.057818,0.0,116.11564,203.20236,0.0,362.007
2022-10-29 15:00:00,0.0,408.41905,102.10476,0.0,204.20953,357.36667,0.0,163.9288
2022-10-29 16:00:00,0.0,547.19636,136.79909,0.0,273.59818,478.79682,0.0,0.0
2022-10-29 17:00:00,0.0,660.07,142.85714,0.0,330.035,500.0,0.0,0.0
2022-10-29 18:00:00,0.0,961.83,142.85714,0.0,480.915,500.0,0.0,0.0
2022-10-29 19:00:00,0.0,745.21,142.85714,0.0,372.605,500.0,0.0,0.0
2022-10-29 20:00:00,0.0,578.95,142.85714,0.0,289.475,500.0,0.0,0.0
2022-10-29 21:00:00,0.0,610.15,142.85714,0.0,305.075,500.0,0.0,0.0
2022-10-29 22:00:00,0.0,538.34545,134.58636,0.0,269.17273,471.05227,0.0,0.0
2022-10-29 23:00:00,0.0,544.81818,136.20455,0.0,272.40909,476.71591,0.0,0.0
2022-10-30 00:00:00,0.0,527.04364,131.76091,0.0,263.52182,461.16318,0.0,0.0
2022-10-30 01:00:00,0.0,510.86182,127.71545,0.0,255.43091,447.00409,0.0,0.0
2022-10-30 02:00:00,0.0,507.97455,126.99364,0.0,253.98727,444.47773,0.0,0.0
2022-10-30 03:00:00,0.0,522.57091,130.64273,0.0,261.28545,457.24955,0.0,0.0
2022-10-30 04:00:00,0.0,533.96727,133.49182,0.0,266.98364,467.22136,0.0,0.0
2022-10-30 05:00:00,0.0,549.61818,137.40455,0.0,274.80909,480.91591,0.0,0.0
2022-10-30 06:00:00,0.0,655.9092,142.85714,0.0,327.9546,500.0,0.0,97.4404
2022-10-30 07:00:00,0.0,487.90655,121.97664,0.0,243.95327,426.91823,0.0,313.1335
2022-10-30 08:00:00,0.0,241.77956,60.444891,0.0,120.88978,211.55712,0.0,478.85810000000004
2022-10-30 09:00:00,0.0,142.39353,35.598382,0.0,71.196764,124.59434,0.0,613.5139
2022-10-30 10:00:00,0.0,41.621745,10.405436,0.0,20.810873,36.419027,0.0,677.3451
2022-10-30 11:00:00,0.0,52.887636,13.221909,0.0,26.443818,46.276682,0.0,689.5945
2022-10-30 12:00:00,0.0,64.062545,16.015636,0.0,32.031273,56.054727,0.0,635.319
2022-10-30 13:00:00,0.0,112.4248,28.1062,0.0,56.2124,98.3717,0.0,521.4608999999999
2022-10-30 14:00:00,0.0,197.34167,49.335418,0.0,98.670836,172.67396,0.0,364.8102
2022-10-30 15:00:00,0.0,354.76553,88.691382,0.0,177.38276,310.41984,0.0,164.89239999999998
2022-10-30 16:00:00,0.0,501.08727,125.27182,0.0,250.54364,438.45136,0.0,0.0
2022-10-30 17:00:00,0.0,515.61091,128.90273,0.0,257.80545,451.15955,0.0,0.0
2022-10-30 18:00:00,0.0,748.79,142.85714,0.0,374.395,500.0,0.0,0.0
2022-10-30 19:00:00,0.0,546.65818,136.66455,0.0,273.32909,478.32591,0.0,0.0
2022-10-30 20:00:00,0.0,552.16364,138.04091,0.0,276.08182,483.14318,0.0,0.0
2022-10-30 21:00:00,0.0,527.70545,131.92636,0.0,263.85273,461.74227,0.0,0.0
2022-10-30 22:00:00,0.0,455.4,113.85,0.0,227.7,398.475,0.0,0.0
2022-10-30 23:00:00,0.0,454.87636,113.71909,0.0,227.43818,398.01682,0.0,0.0
2022-10-31 00:00:00,0.0,424.02545,106.00636,0.0,212.01273,371.02227,0.0,0.0
2022-10-31 01:00:00,0.0,392.23636,98.059091,0.0,196.11818,343.20682,0.0,0.0
2022-10-31 02:00:00,0.0,392.17091,98.042727,0.0,196.08545,343.14955,0.0,0.0
2022-10-31 03:00:00,0.0,394.81818,98.704545,0.0,197.40909,345.46591,0.0,0.0
2022-10-31 04:00:00,0.0,400.36727,100.09182,0.0,200.18364,350.32136,0.0,0.0
2022-10-31 05:00:00,0.0,456.47636,114.11909,0.0,228.23818,399.41682,0.0,0.0
2022-10-31 06:00:00,0.0,487.91295,121.97824,0.0,243.95647,426.92383,0.0,98.1047
2022-10-31 07:00:00,0.0,437.44611,109.36153,0.0,218.72305,382.76535,0.0,319.3166
2022-10-31 08:00:00,0.0,174.10138,43.525345,0.0,87.050691,152.33871,0.0,488.1656
2022-10-31 09:00:00,0.0,59.274836,14.818709,0.0,29.637418,51.865482,0.0,607.9221
2022-10-31 10:00:00,0.0,0.0,0.0,0.0,0.0,0.0,0.0,676.126
2022-10-31 11:00:00,0.0,21.430836,5.3577091,0.0,10.715418,18.751982,0.0,678.2576
2022-10-31 12:00:00,0.0,0.0,0.0,0.0,0.0,0.0,0.0,634.078
2022-10-31 13:00:00,0.0,74.674909,18.668727,0.0,37.337455,65.340545,0.0,518.957
2022-10-31 14:00:00,0.0,184.31927,46.079818,0.0,92.159636,161.27936,0.0,365.876
2022-10-31 15:00:00,0.0,324.82742,81.206855,0.0,162.41371,284.22399,0.0,169.3673
2022-10-31 16:00:00,0.0,453.16,113.29,0.0,226.58,396.515,0.0,0.0
2022-10-31 17:00:00,0.0,499.17455,124.79364,0.0,249.58727,436.77773,0.0,0.0
2022-10-31 18:00:00,0.0,689.87,142.85714,0.0,344.935,500.0,0.0,0.0
2022-10-31 19:00:00,0.0,541.56,135.39,0.0,270.78,473.865,0.0,0.0
2022-10-31 20:00:00,0.0,531.33455,132.83364,0.0,265.66727,464.91773,0.0,0.0
2022-10-31 21:00:00,0.0,545.05091,136.26273,0.0,272.52545,476.91955,0.0,0.0
2022-10-31 22:00:00,0.0,514.09091,128.52273,0.0,257.04545,449.82955,0.0,0.0
2022-10-31 23:00:00,0.0,473.71273,118.42818,0.0,236.85636,414.49864,0.0,0.0
2022-11-01 00:00:00,0.0,457.74909,114.43727,0.0,228.87455,400.53045,0.0,0.0
2022-11-01 01:00:00,0.0,477.32,119.33,0.0,238.66,417.655,0.0,0.0
2022-11-01 02:00:00,0.0,467.81455,116.95364,0.0,233.90727,409.33773,0.0,0.0
2022-11-01 03:00:00,0.0,463.80727,115.95182,0.0,231.90364,405.83136,0.0,0.0
2022-11-01 04:00:00,0.0,473.82909,118.45727,0.0,236.91455,414.60045,0.0,0.0
2022-11-01 05:00:00,0.0,494.24364,123.56091,0.0,247.12182,432.46318,0.0,0.0
2022-11-01 06:00:00,0.0,526.00495,131.50124,0.0,263.00247,460.25433,0.0,93.6882
2022-11-01 07:00:00,0.0,478.68844,119.67211,0.0,239.34422,418.85238,0.0,314.68839999999994
2022-11-01 08:00:00,0.0,212.18829,53.047073,0.0,106.09415,185.66475,0.0,484.4060999999999
2022-11-01 09:00:00,0.0,42.882836,10.720709,0.0,21.441418,37.522482,0.0,609.6011
2022-11-01 10:00:00,0.0,5.8450182,1.4612545,0.0,2.9225091,5.1143909,0.0,676.6881
2022-11-01 11:00:00,0.0,50.926255,12.731564,0.0,25.463127,44.560473,0.0,679.0314000000001
2022-11-01 12:00:00,0.0,0.0,0.0,0.0,0.0,0.0,0.0,621.2737999999999
2022-11-01 13:00:00,0.0,97.652364,24.413091,0.0,48.826182,85.445818,0.0,505.233
2022-11-01 14:00:00,0.0,194.79782,48.699455,0.0,97.398909,170.44809,0.0,334.048
2022-11-01 15:00:00,0.0,355.15084,88.787709,0.0,177.57542,310.75698,0.0,159.5926
2022-11-01 16:00:00,0.0,497.08,124.27,0.0,248.54,434.945,0.0,0.0
2022-11-01 17:00:00,0.0,485.72,121.43,0.0,242.86,425.005,0.0,0.0
2022-11-01 18:00:00,0.0,794.95,142.85714,0.0,397.475,500.0,0.0,0.0
2022-11-01 19:00:00,0.0,511.96,127.99,0.0,255.98,447.965,0.0,0.0
2022-11-01 20:00:00,0.0,518.92727,129.73182,0.0,259.46364,454.06136,0.0,0.0
2022-11-01 21:00:00,0.0,507.87273,126.96818,0.0,253.93636,444.38864,0.0,0.0
2022-11-01 22:00:00,0.0,509.90182,127.47545,0.0,254.95091,446.16409,0.0,0.0
2022-11-01 23:00:00,0.0,439.48727,109.87182,0.0,219.74364,384.55136,0.0,0.0
2022-11-02 00:00:00,351.68278,0.0,116.05532,175.84139,0.0,406.19361,0.0,0.0
2022-11-02 01:00:00,342.11178,0.0,112.89689,171.05589,0.0,395.13911,0.0,0.0
2022-11-02 02:00:00,347.65861,0.0,114.72734,173.82931,0.0,401.54569,0.0,0.0
2022-11-02 03:00:00,340.4139,0.0,112.33659,170.20695,0.0,393.17805,0.0,0.0
2022-11-02 04:00:00,342.99396,0.0,113.18801,171.49698,0.0,396.15802,0.0,0.0
2022-11-02 05:00:00,357.22356,0.0,117.88378,178.61178,0.0,412.59322,0.0,0.0
2022-11-02 06:00:00,0.0,419.49775,104.87444,0.0,209.74887,367.06053,0.0,99.8056
2022-11-02 07:00:00,0.0,374.42422,93.606055,0.0,187.21211,327.62119,0.0,314.1117
2022-11-02 08:00:00,0.0,182.57098,45.642745,0.0,91.285491,159.74961,0.0,482.9899
2022-11-02 09:00:00,0.0,64.736582,16.184145,0.0,32.368291,56.644509,0.0,600.1622
2022-11-02 10:00:00,13.0371,0.0,4.3022429,6.5185498,0.0,15.05785,0.0,655.4086
2022-11-02 11:00:00,37.212085,0.0,12.279988,18.606042,0.0,42.979958,0.0,673.279
2022-11-02 12:00:00,0.0,0.0,0.0,0.0,0.0,0.0,0.0,605.0312999999999
2022-11-02 13:00:00,96.068036,0.0,31.702452,48.034018,0.0,110.95858,0.0,486.0923999999999
2022-11-02 14:00:00,0.0,220.62116,55.155291,0.0,110.31058,193.04352,0.0,329.4709
2022-11-02 15:00:00,0.0,356.51418,89.128545,0.0,178.25709,311.94991,0.0,159.578
2022-11-02 16:00:00,0.0,525.21091,131.30273,0.0,262.60545,459.55955,0.0,0.0
2022-11-02 17:00:00,0.0,517.48,129.37,0.0,258.74,452.795,0.0,0.0
2022-11-02 18:00:00,0.0,638.47,142.85714,0.0,319.235,500.0,0.0,0.0
2022-11-02 19:00:00,0.0,494.90545,123.72636,0.0,247.45273,433.04227,0.0,0.0
2022-11-02 20:00:00,0.0,491.02182,122.75545,0.0,245.51091,429.64409,0.0,0.0
2022-11-02 21:00:00,0.0,485.99636,121.49909,0.0,242.99818,425.24682,0.0,0.0
2022-11-02 22:00:00,0.0,450.42545,112.60636,0.0,225.21273,394.12227,0.0,0.0
2022-11-02 23:00:00,0.0,453.98909,113.49727,0.0,226.99455,397.24045,0.0,0.0
2022-11-03 00:00:00,0.0,447.16727,111.79182,0.0,223.58364,391.27136,0.0,0.0
2022-11-03 01:00:00,0.0,415.61091,103.90273,0.0,207.80545,363.65955,0.0,0.0
2022-11-03 02:00:00,0.0,416.11273,104.02818,0.0,208.05636,364.09864,0.0,0.0
2022-11-03 03:00:00,0.0,411.45818,102.86455,0.0,205.72909,360.02591,0.0,0.0
2022-11-03 04:00:00,0.0,415.29818,103.82455,0.0,207.64909,363.38591,0.0,0.0
2022-11-03 05:00:00,0.0,421.35636,105.33909,0.0,210.67818,368.68682,0.0,0.0
2022-11-03 06:00:00,0.0,369.88851,92.472127,0.0,184.94425,323.65245,0.0,85.1983
2022-11-03 07:00:00,0.0,294.48676,73.621691,0.0,147.24338,257.67592,0.0,294.9857
2022-11-03 08:00:00,0.0,173.31149,43.327873,0.0,86.655745,151.64755,0.0,460.11170000000004
2022-11-03 09:00:00,0.0,97.630836,24.407709,0.0,48.815418,85.426982,0.0,572.7726
2022-11-03 10:00:00,0.0,106.66647,26.666618,0.0,53.333236,93.333164,0.0,632.0486
2022-11-03 11:00:00,0.0,165.77462,41.443655,0.0,82.887309,145.05279,0.0,622.7849
2022-11-03 12:00:00,0.0,158.4992,39.6248,0.0,79.2496,138.6868,0.0,542.2586
2022-11-03 13:00:00,0.0,185.27287,46.318218,0.0,92.636436,162.11376,0.0,462.64480000000003
2022-11-03 14:00:00,0.0,309.70269,77.425673,0.0,154.85135,270.98985,0.0,313.9438
2022-11-03 15:00:00,0.0,382.91753,95.729382,0.0,191.45876,335.05284,0.0,150.0734
2022-11-03 16:00:00,0.0,491.39273,122.84818,0.0,245.69636,429.96864,0.0,0.0
2022-11-03 17:00:00,0.0,510.73818,127.68455,0.0,255.36909,446.89591,0.0,0.0
2022-11-03 18:00:00,0.0,753.79,142.85714,0.0,376.895,500.0,0.0,0.0
2022-11-03 19:00:00,0.0,570.87636,142.71909,0.0,285.43818,499.51682,0.0,0.0
2022-11-03 20:00:00,0.0,549.27636,137.31909,0.0,274.63818,480.61682,0.0,0.0
2022-11-03 21:00:00,0.0,532.47636,133.11909,0.0,266.23818,465.91682,0.0,0.0
2022-11-03 22:00:00,0.0,531.53091,132.88273,0.0,265.76545,465.08955,0.0,0.0
2022-11-03 23:00:00,0.0,507.46545,126.86636,0.0,253.73273,444.03227,0.0,0.0
2022-11-04 00:00:00,0.0,501.88,125.47,0.0,250.94,439.145,0.0,0.0
2022-11-04 01:00:00,0.0,500.20727,125.05182,0.0,250.10364,437.68136,0.0,0.0
2022-11-04 02:00:00,0.0,493.93818,123.48455,0.0,246.96909,432.19591,0.0,0.0
2022-11-04 03:00:00,0.0,487.81455,121.95364,0.0,243.90727,426.83773,0.0,0.0
2022-11-04 04:00:00,0.0,496.44,124.11,0.0,248.22,434.385,0.0,0.0
2022-11-04 05:00:00,0.0,494.53455,123.63364,0.0,247.26727,432.71773,0.0,0.0
2022-11-04 06:00:00,0.0,467.45062,116.86265,0.0,233.72531,409.01929,0.0,48.5304
2022-11-04 07:00:00,0.0,408.8128,102.2032,0.0,204.4064,357.7112,0.0,234.60739999999998
2022-11-04 08:00:00,0.0,317.12102,79.280255,0.0,158.56051,277.48089,0.0,334.5736
2022-11-04 09:00:00,0.0,511.23207,127.80802,0.0,255.61604,447.32806,0.0,136.7509
2022-11-04 10:00:00,0.0,610.7838,142.85714,0.0,305.3919,500.0,0.0,38.3031
2022-11-04 11:00:00,0.0,611.5234,142.85714,0.0,305.7617,500.0,0.0,51.98329999999999
2022-11-04 12:00:00,0.0,514.69687,128.67422,0.0,257.34844,450.35976,0.0,41.7268
2022-11-04 13:00:00,0.0,433.6464,108.4116,0.0,216.8232,379.4406,0.0,82.0812
2022-11-04 14:00:00,0.0,438.64676,109.66169,0.0,219.32338,383.81592,0.0,42.405699999999996
2022-11-04 15:00:00,0.0,529.49062,132.37265,0.0,264.74531,463.30429,0.0,21.885399999999997
2022-11-04 16:00:00,0.0,549.17455,137.29364,0.0,274.58727,480.52773,0.0,0.0
2022-11-04 17:00:00,0.0,596.01,142.85714,0.0,298.005,500.0,0.0,0.0
2022-11-04 18:00:00,0.0,965.01,142.85714,0.0,482.505,500.0,0.0,0.0
2022-11-04 19:00:00,0.0,785.91,142.85714,0.0,392.955,500.0,0.0,0.0
2022-11-04 20:00:00,0.0,783.09,142.85714,0.0,391.545,500.0,0.0,0.0
2022-11-04 21:00:00,0.0,597.51,142.85714,0.0,298.755,500.0,0.0,0.0
2022-11-04 22:00:00,0.0,540.39636,135.09909,0.0,270.19818,472.84682,0.0,0.0
2022-11-04 23:00:00,0.0,476.08364,119.02091,0.0,238.04182,416.57318,0.0,0.0
2022-11-05 00:00:00,0.0,449.17455,112.29364,0.0,224.58727,393.02773,0.0,0.0
2022-11-05 01:00:00,0.0,435.97455,108.99364,0.0,217.98727,381.47773,0.0,0.0
2022-11-05 02:00:00,0.0,427.72,106.93,0.0,213.86,374.255,0.0,0.0
2022-11-05 03:00:00,0.0,435.88727,108.97182,0.0,217.94364,381.40136,0.0,0.0
2022-11-05 04:00:00,0.0,428.07636,107.01909,0.0,214.03818,374.56682,0.0,0.0
2022-11-05 05:00:00,0.0,466.74545,116.68636,0.0,233.37273,408.40227,0.0,0.0
2022-11-05 06:00:00,0.0,570.52065,142.63016,0.0,285.26033,499.20557,0.0,67.64909999999999
2022-11-05 07:00:00,0.0,568.30538,142.07635,0.0,284.15269,497.26721,0.0,164.8851
2022-11-05 08:00:00,0.0,208.91353,52.228382,0.0,104.45676,182.79934,0.0,414.58889999999997
2022-11-05 09:00:00,0.0,158.42698,39.606745,0.0,79.213491,138.62361,0.0,454.2279
2022-11-05 10:00:00,0.0,99.979709,24.994927,0.0,49.989855,87.482245,0.0,518.8329
2022-11-05 11:00:00,0.0,408.65695,102.16424,0.0,204.32847,357.57483,0.0,146.94169999999997
2022-11-05 12:00:00,0.0,260.39185,65.097964,0.0,130.19593,227.84287,0.0,270.7862
2022-11-05 13:00:00,0.0,421.41876,105.35469,0.0,210.70938,368.74142,0.0,26.674200000000003
2022-11-05 14:00:00,0.0,311.31942,77.829855,0.0,155.65971,272.40449,0.0,191.96079999999998
2022-11-05 15:00:00,0.0,402.64247,100.66062,0.0,201.32124,352.31216,0.0,42.2816
2022-11-05 16:00:00,0.0,475.87273,118.96818,0.0,237.93636,416.38864,0.0,0.0
2022-11-05 17:00:00,0.0,504.31636,126.07909,0.0,252.15818,441.27682,0.0,0.0
2022-11-05 18:00:00,0.0,829.23,142.85714,0.0,414.615,500.0,0.0,0.0
2022-11-05 19:00:00,0.0,569.42182,142.35545,0.0,284.71091,498.24409,0.0,0.0
2022-11-05 20:00:00,0.0,550.41818,137.60455,0.0,275.20909,481.61591,0.0,0.0
2022-11-05 21:00:00,0.0,664.79,142.85714,0.0,332.395,500.0,0.0,0.0
2022-11-05 22:00:00,0.0,536.38182,134.09545,0.0,268.19091,469.33409,0.0,0.0
2022-11-05 23:00:00,0.0,482.34545,120.58636,0.0,241.17273,422.05227,0.0,0.0
2022-11-06 00:00:00,0.0,453.57455,113.39364,0.0,226.78727,396.87773,0.0,0.0
2022-11-06 01:00:00,0.0,438.92,109.73,0.0,219.46,384.055,0.0,0.0
2022-11-06 02:00:00,0.0,439.84364,109.96091,0.0,219.92182,384.86318,0.0,0.0
2022-11-06 03:00:00,0.0,442.30182,110.57545,0.0,221.15091,387.01409,0.0,0.0
2022-11-06 04:00:00,0.0,451.12364,112.78091,0.0,225.56182,394.73318,0.0,0.0
2022-11-06 05:00:00,0.0,468.77455,117.19364,0.0,234.38727,410.17773,0.0,0.0
2022-11-06 06:00:00,0.0,599.36799,149.842,0.0,299.68399,500.0,6.9150057,23.506000000000004
2022-11-06 07:00:00,0.0,678.65093,169.66273,0.0,339.32547,500.0,26.537534,49.932
2022-11-06 08:00:00,0.0,353.52371,88.380927,0.0,176.76185,309.33325,0.0,196.0999
2022-11-06 09:00:00,0.0,416.40713,104.10178,0.0,208.20356,364.35624,0.0,106.0252
2022-11-06 10:00:00,0.0,417.03098,104.25775,0.0,208.51549,364.90211,0.0,82.7674
2022-11-06 11:00:00,0.0,338.22145,84.555364,0.0,169.11073,295.94377,0.0,261.9605
2022-11-06 12:00:00,0.0,388.70625,97.176564,0.0,194.35313,340.11797,0.0,93.0239
2022-11-06 13:00:00,0.0,433.5968,108.3992,0.0,216.7984,379.3972,0.0,45.8294
2022-11-06 14:00:00,0.0,411.23149,102.80787,0.0,205.61575,359.82755,0.0,29.411699999999996
2022-11-06 15:00:00,0.0,430.32524,107.58131,0.0,215.16262,376.53458,0.0,23.2578
2022-11-06 16:00:00,0.0,466.51273,116.62818,0.0,233.25636,408.19864,0.0,0.0
2022-11-06 17:00:00,0.0,520.65091,130.16273,0.0,260.32545,455.56955,0.0,0.0
2022-11-06 18:00:00,0.0,739.13,142.85714,0.0,369.565,500.0,0.0,0.0
2022-11-06 19:00:00,0.0,604.33,142.85714,0.0,302.165,500.0,0.0,0.0
2022-11-06 20:00:00,0.0,546.97818,136.74455,0.0,273.48909,478.60591,0.0,0.0
2022-11-06 21:00:00,0.0,517.34182,129.33545,0.0,258.67091,452.67409,0.0,0.0
2022-11-06 22:00:00,0.0,500.89091,125.22273,0.0,250.44545,438.27955,0.0,0.0
2022-11-06 23:00:00,0.0,463.97455,115.99364,0.0,231.98727,405.97773,0.0,0.0
2022-11-07 00:00:00,0.0,451.68364,112.92091,0.0,225.84182,395.22318,0.0,0.0
2022-11-07 01:00:00,0.0,437.13818,109.28455,0.0,218.56909,382.49591,0.0,0.0
2022-11-07 02:00:00,0.0,429.66909,107.41727,0.0,214.83455,375.96045,0.0,0.0
2022-11-07 03:00:00,0.0,436.82545,109.20636,0.0,218.41273,382.22227,0.0,0.0
2022-11-07 04:00:00,0.0,442.01818,110.50455,0.0,221.00909,386.76591,0.0,0.0
2022-11-07 05:00:00,0.0,470.52,117.63,0.0,235.26,411.705,0.0,0.0
2022-11-07 06:00:00,0.0,556.628,139.157,0.0,278.314,487.0495,0.0,79.9715
2022-11-07 07:00:00,0.0,715.1254,142.85714,0.0,357.5627,500.0,0.0,119.3623
2022-11-07 08:00:00,0.0,189.32298,47.330745,0.0,94.661491,165.65761,0.0,436.4158999999999
2022-11-07 09:00:00,0.0,132.55033,33.137582,0.0,66.275164,115.98154,0.0,501.2983
2022-11-07 10:00:00,0.0,40.404364,10.101091,0.0,20.202182,35.353818,0.0,599.549
2022-11-07 11:00:00,0.0,83.381236,20.845309,0.0,41.690618,72.958582,0.0,596.0157999999999
2022-11-07 12:00:00,0.0,54.953236,13.738309,0.0,27.476618,48.084082,0.0,563.4943
2022-11-07 13:00:00,0.0,143.97804,35.994509,0.0,71.989018,125.98078,0.0,492.19519999999994
2022-11-07 14:00:00,0.0,253.22458,63.306145,0.0,126.61229,221.57151,0.0,320.7912
2022-11-07 15:00:00,0.0,358.44502,89.611255,0.0,179.22251,313.63939,0.0,135.3931
2022-11-07 16:00:00,0.0,503.58182,125.89545,0.0,251.79091,440.63409,0.0,0.0
2022-11-07 17:00:00,0.0,537.25455,134.31364,0.0,268.62727,470.09773,0.0,0.0
2022-11-07 18:00:00,0.0,822.11,142.85714,0.0,411.055,500.0,0.0,0.0
2022-11-07 19:00:00,0.0,608.23,142.85714,0.0,304.115,500.0,0.0,0.0
2022-11-07 20:00:00,0.0,568.86909,142.21727,0.0,284.43455,497.76045,0.0,0.0
2022-11-07 21:00:00,0.0,554.41091,138.60273,0.0,277.20545,485.10955,0.0,0.0
2022-11-07 22:00:00,0.0,521.25455,130.31364,0.0,260.62727,456.09773,0.0,0.0
2022-11-07 23:00:00,0.0,499.83636,124.95909,0.0,249.91818,437.35682,0.0,0.0
2022-11-08 00:00:00,0.0,475.93818,118.98455,0.0,237.96909,416.44591,0.0,0.0
2022-11-08 01:00:00,0.0,454.24364,113.56091,0.0,227.12182,397.46318,0.0,0.0
2022-11-08 02:00:00,0.0,458.28727,114.57182,0.0,229.14364,401.00136,0.0,0.0
2022-11-08 03:00:00,0.0,457.17455,114.29364,0.0,228.58727,400.02773,0.0,0.0
2022-11-08 04:00:00,0.0,462.45455,115.61364,0.0,231.22727,404.64773,0.0,0.0
2022-11-08 05:00:00,0.0,487.74909,121.93727,0.0,243.87455,426.78045,0.0,0.0
2022-11-08 06:00:00,0.0,560.44676,140.11169,0.0,280.22338,490.39092,0.0,80.7307
2022-11-08 07:00:00,0.0,502.59113,125.64778,0.0,251.29556,439.76724,0.0,296.48220000000003
2022-11-08 08:00:00,0.0,197.26015,49.315036,0.0,98.630073,172.60263,0.0,461.73230000000007
2022-11-08 09:00:00,0.0,80.2912,20.0728,0.0,40.1456,70.2548,0.0,571.6046
2022-11-08 10:00:00,0.0,15.657091,3.9142727,0.0,7.8285455,13.699955,0.0,632.2165
2022-11-08 11:00:00,0.0,66.167855,16.541964,0.0,33.083927,57.896873,0.0,634.0341999999999
2022-11-08 12:00:00,0.0,43.638545,10.909636,0.0,21.819273,38.183727,0.0,582.832
2022-11-08 13:00:00,0.0,92.431055,23.107764,0.0,46.215527,80.877173,0.0,496.7723
2022-11-08 14:00:00,0.0,232.62065,58.155164,0.0,116.31033,203.54307,0.0,304.35159999999996
2022-11-08 15:00:00,0.0,374.27127,93.567818,0.0,187.13564,327.48736,0.0,125.852
2022-11-08 16:00:00,0.0,485.67636,121.41909,0.0,242.83818,424.96682,0.0,0.0
2022-11-08 17:00:00,0.0,534.14182,133.53545,0.0,267.07091,467.37409,0.0,0.0
2022-11-08 18:00:00,0.0,740.79,142.85714,0.0,370.395,500.0,0.0,0.0
2022-11-08 19:00:00,0.0,590.85,142.85714,0.0,295.425,500.0,0.0,0.0
2022-11-08 20:00:00,0.0,602.97,142.85714,0.0,301.485,500.0,0.0,0.0
2022-11-08 21:00:00,0.0,562.33091,140.58273,0.0,281.16545,492.03955,0.0,0.0
2022-11-08 22:00:00,0.0,541.75636,135.43909,0.0,270.87818,474.03682,0.0,0.0
2022-11-08 23:00:00,0.0,504.76727,126.19182,0.0,252.38364,441.67136,0.0,0.0
2022-11-09 00:00:00,0.0,462.42545,115.60636,0.0,231.21273,404.62227,0.0,0.0
2022-11-09 01:00:00,0.0,456.79636,114.19909,0.0,228.39818,399.69682,0.0,0.0
2022-11-09 02:00:00,0.0,451.61091,112.90273,0.0,225.80545,395.15955,0.0,0.0
2022-11-09 03:00:00,0.0,450.17091,112.54273,0.0,225.08545,393.89955,0.0,0.0
2022-11-09 04:00:00,0.0,457.03636,114.25909,0.0,228.51818,399.90682,0.0,0.0
2022-11-09 05:00:00,0.0,469.37091,117.34273,0.0,234.68545,410.69955,0.0,0.0
2022-11-09 06:00:00,0.0,592.8674,142.85714,0.0,296.4337,500.0,0.0,72.8613
2022-11-09 07:00:00,0.0,459.45462,114.86365,0.0,229.72731,402.02279,0.0,285.52489999999995
2022-11-09 08:00:00,0.0,207.14385,51.785964,0.0,103.57193,181.25087,0.0,448.3222
2022-11-09 09:00:00,0.0,99.266473,24.816618,0.0,49.633236,86.858164,0.0,557.2236
2022-11-09 10:00:00,0.0,35.209673,8.8024182,0.0,17.604836,30.808464,0.0,633.1216999999999
2022-11-09 11:00:00,0.0,92.570909,23.142727,0.0,46.285455,80.999545,0.0,613.93
2022-11-09 12:00:00,0.0,45.1768,11.2942,0.0,22.5884,39.5297,0.0,583.6569000000001
2022-11-09 13:00:00,0.0,124.428,31.107,0.0,62.214,108.8745,0.0,484.0265
2022-11-09 14:00:00,0.0,246.37062,61.592655,0.0,123.18531,215.57429,0.0,329.94539999999995
2022-11-09 15:00:00,0.0,360.92422,90.231055,0.0,180.46211,315.80869,0.0,144.2042
2022-11-09 16:00:00,0.0,506.2,126.55,0.0,253.1,442.925,0.0,0.0
2022-11-09 17:00:00,0.0,525.22545,131.30636,0.0,262.61273,459.57227,0.0,0.0
2022-11-09 18:00:00,0.0,717.49,142.85714,0.0,358.745,500.0,0.0,0.0
2022-11-09 19:00:00,0.0,520.43273,130.10818,0.0,260.21636,455.37864,0.0,0.0
2022-11-09 20:00:00,0.0,496.01818,124.00455,0.0,248.00909,434.01591,0.0,0.0
2022-11-09 21:00:00,0.0,491.05091,122.76273,0.0,245.52545,429.66955,0.0,0.0
2022-11-09 22:00:00,0.0,473.71273,118.42818,0.0,236.85636,414.49864,0.0,0.0
2022-11-09 23:00:00,0.0,468.38182,117.09545,0.0,234.19091,409.83409,0.0,0.0
2022-11-10 00:00:00,0.0,458.75273,114.68818,0.0,229.37636,401.40864,0.0,0.0
2022-11-10 01:00:00,0.0,438.67273,109.66818,0.0,219.33636,383.83864,0.0,0.0
2022-11-10 02:00:00,0.0,433.98182,108.49545,0.0,216.99091,379.73409,0.0,0.0
2022-11-10 03:00:00,0.0,437.79273,109.44818,0.0,218.89636,383.06864,0.0,0.0
2022-11-10 04:00:00,0.0,439.05818,109.76455,0.0,219.52909,384.17591,0.0,0.0
2022-11-10 05:00:00,0.0,443.29091,110.82273,0.0,221.64545,387.87955,0.0,0.0
2022-11-10 06:00:00,0.0,418.57324,104.64331,0.0,209.28662,366.25158,0.0,48.2968
2022-11-10 07:00:00,0.0,342.93011,85.732527,0.0,171.46505,300.06385,0.0,214.30610000000001
2022-11-10 08:00:00,0.0,233.30575,58.326436,0.0,116.65287,204.14253,0.0,401.14959999999996
2022-11-10 09:00:00,0.0,183.37535,45.843836,0.0,91.687673,160.45343,0.0,521.5339
2022-11-10 10:00:00,0.0,248.87062,62.217655,0.0,124.43531,217.76179,0.0,473.20789999999994
2022-11-10 11:00:00,0.0,227.93105,56.982764,0.0,113.96553,199.43967,0.0,563.0197999999999
2022-11-10 12:00:00,0.0,303.51309,75.878273,0.0,151.75655,265.57395,0.0,357.4445
2022-11-10 13:00:00,0.0,262.36196,65.590491,0.0,131.18098,229.56672,0.0,352.59729999999996
2022-11-10 14:00:00,0.0,408.77825,102.19456,0.0,204.38913,357.68097,0.0,197.1949
2022-11-10 15:00:00,0.0,489.36676,122.34169,0.0,244.68338,428.19592,0.0,64.3057
2022-11-10 16:00:00,0.0,522.63636,130.65909,0.0,261.31818,457.30682,0.0,0.0
2022-11-10 17:00:00,0.0,555.11636,138.77909,0.0,277.55818,485.72682,0.0,0.0
2022-11-10 18:00:00,0.0,778.15,142.85714,0.0,389.075,500.0,0.0,0.0
2022-11-10 19:00:00,0.0,534.58545,133.64636,0.0,267.29273,467.76227,0.0,0.0
2022-11-10 20:00:00,0.0,513.8,128.45,0.0,256.9,449.575,0.0,0.0
2022-11-10 21:00:00,0.0,483.12364,120.78091,0.0,241.56182,422.73318,0.0,0.0
2022-11-10 22:00:00,0.0,483.74182,120.93545,0.0,241.87091,423.27409,0.0,0.0
2022-11-10 23:00:00,0.0,455.41455,113.85364,0.0,227.70727,398.48773,0.0,0.0
2022-11-11 00:00:00,0.0,452.20727,113.05182,0.0,226.10364,395.68136,0.0,0.0
2022-11-11 01:00:00,0.0,426.78182,106.69545,0.0,213.39091,373.43409,0.0,0.0
2022-11-11 02:00:00,0.0,421.85091,105.46273,0.0,210.92545,369.11955,0.0,0.0
2022-11-11 03:00:00,0.0,419.98909,104.99727,0.0,209.99455,367.49045,0.0,0.0
2022-11-11 04:00:00,0.0,423.21091,105.80273,0.0,211.60545,370.30955,0.0,0.0
2022-11-11 05:00:00,0.0,422.73818,105.68455,0.0,211.36909,369.89591,0.0,0.0
2022-11-11 06:00:00,0.0,388.49687,97.124218,0.0,194.24844,339.93476,0.0,55.23179999999999
2022-11-11 07:00:00,0.0,308.62873,77.157182,0.0,154.31436,270.05014,0.0,253.9305
2022-11-11 08:00:00,0.0,366.92131,91.730327,0.0,183.46065,321.05615,0.0,163.76819999999998
2022-11-11 09:00:00,0.0,426.93382,106.73345,0.0,213.46691,373.56709,0.0,157.461
2022-11-11 10:00:00,0.0,254.66684,63.666709,0.0,127.33342,222.83348,0.0,438.7081
2022-11-11 11:00:00,0.0,453.29353,113.32338,0.0,226.64676,396.63184,0.0,268.40639999999996
2022-11-11 12:00:00,0.0,140.8016,35.2004,0.0,70.4008,123.2014,0.0,575.5028
2022-11-11 13:00:00,0.0,203.45236,50.863091,0.0,101.72618,178.02082,0.0,459.608
2022-11-11 14:00:00,0.0,294.25207,73.563018,0.0,147.12604,257.47056,0.0,329.28839999999997
2022-11-11 15:00:00,0.0,420.34436,105.08609,0.0,210.17218,367.80132,0.0,139.8315
2022-11-11 16:00:00,0.0,531.85091,132.96273,0.0,265.92545,465.36955,0.0,0.0
2022-11-11 17:00:00,0.0,551.68364,137.92091,0.0,275.84182,482.72318,0.0,0.0
2022-11-11 18:00:00,0.0,860.37,142.85714,0.0,430.185,500.0,0.0,0.0
2022-11-11 19:00:00,0.0,711.91,142.85714,0.0,355.955,500.0,0.0,0.0
2022-11-11 20:00:00,0.0,560.49091,140.12273,0.0,280.24545,490.42955,0.0,0.0
2022-11-11 21:00:00,0.0,540.44727,135.11182,0.0,270.22364,472.89136,0.0,0.0
2022-11-11 22:00:00,0.0,500.87636,125.21909,0.0,250.43818,438.26682,0.0,0.0
2022-11-11 23:00:00,0.0,459.35636,114.83909,0.0,229.67818,401.93682,0.0,0.0
2022-11-12 00:00:00,0.0,444.65818,111.16455,0.0,222.32909,389.07591,0.0,0.0
2022-11-12 01:00:00,0.0,426.34545,106.58636,0.0,213.17273,373.05227,0.0,0.0
2022-11-12 02:00:00,0.0,424.57091,106.14273,0.0,212.28545,371.49955,0.0,0.0
2022-11-12 03:00:00,0.0,422.89091,105.72273,0.0,211.44545,370.02955,0.0,0.0
2022-11-12 04:00:00,0.0,430.59273,107.64818,0.0,215.29636,376.76864,0.0,0.0
2022-11-12 05:00:00,0.0,465.06545,116.26636,0.0,232.53273,406.93227,0.0,0.0
2022-11-12 06:00:00,0.0,542.35455,135.58864,0.0,271.17727,474.56023,0.0,20.9875
2022-11-12 07:00:00,0.0,583.5986,142.85714,0.0,291.7993,500.0,0.0,89.8557
2022-11-12 08:00:00,0.0,341.6176,85.4044,0.0,170.8088,298.9154,0.0,162.0308
2022-11-12 09:00:00,0.0,267.19971,66.799927,0.0,133.59985,233.79975,0.0,254.0254
2022-11-12 10:00:00,0.0,217.76407,54.441018,0.0,108.88204,190.54356,0.0,305.70939999999996
2022-11-12 11:00:00,0.0,323.10793,80.776982,0.0,161.55396,282.71944,0.0,230.6216
2022-11-12 12:00:00,0.0,352.55796,88.139491,0.0,176.27898,308.48822,0.0,110.12780000000001
2022-11-12 13:00:00,0.0,372.43185,93.107964,0.0,186.21593,325.87787,0.0,82.0812
2022-11-12 14:00:00,0.0,406.632,101.658,0.0,203.316,355.803,0.0,78.986
2022-11-12 15:00:00,0.0,427.95985,106.98996,0.0,213.97993,374.46487,0.0,37.770199999999996
2022-11-12 16:00:00,0.0,498.30909,124.57727,0.0,249.15455,436.02045,0.0,0.0
2022-11-12 17:00:00,0.0,528.68,132.17,0.0,264.34,462.595,0.0,0.0
2022-11-12 18:00:00,0.0,712.11,142.85714,0.0,356.055,500.0,0.0,0.0
2022-11-12 19:00:00,0.0,659.57,142.85714,0.0,329.785,500.0,0.0,0.0
2022-11-12 20:00:00,0.0,529.69818,132.42455,0.0,264.84909,463.48591,0.0,0.0
2022-11-12 21:00:00,0.0,543.41455,135.85364,0.0,271.70727,475.48773,0.0,0.0
2022-11-12 22:00:00,0.0,510.09091,127.52273,0.0,255.04545,446.32955,0.0,0.0
2022-11-12 23:00:00,0.0,494.6,123.65,0.0,247.3,432.775,0.0,0.0
2022-11-13 00:00:00,0.0,474.01818,118.50455,0.0,237.00909,414.76591,0.0,0.0
2022-11-13 01:00:00,0.0,454.16364,113.54091,0.0,227.08182,397.39318,0.0,0.0
2022-11-13 02:00:00,0.0,448.33091,112.08273,0.0,224.16545,392.28955,0.0,0.0
2022-11-13 03:00:00,0.0,450.67273,112.66818,0.0,225.33636,394.33864,0.0,0.0
2022-11-13 04:00:00,0.0,464.56364,116.14091,0.0,232.28182,406.49318,0.0,0.0
2022-11-13 05:00:00,0.0,517.93091,129.48273,0.0,258.96545,453.18955,0.0,0.0
2022-11-13 06:00:00,0.0,568.776,142.194,0.0,284.388,497.679,0.0,52.998
2022-11-13 07:00:00,0.0,484.55069,121.13767,0.0,242.27535,423.98185,0.0,272.9178
2022-11-13 08:00:00,0.0,221.80684,55.451709,0.0,110.90342,194.08098,0.0,420.6405999999999
2022-11-13 09:00:00,0.0,145.54662,36.386655,0.0,72.773309,127.35329,0.0,527.1184000000001
2022-11-13 10:00:00,0.0,47.608727,11.902182,0.0,23.804364,41.657636,0.0,616.923
2022-11-13 11:00:00,0.0,113.12225,28.280564,0.0,56.561127,98.981973,0.0,586.9419
2022-11-13 12:00:00,0.0,344.52036,86.130091,0.0,172.26018,301.45532,0.0,174.5795
2022-11-13 13:00:00,0.0,349.24291,87.310727,0.0,174.62145,305.58755,0.0,160.016
2022-11-13 14:00:00,0.0,268.68887,67.172218,0.0,134.34444,235.10276,0.0,269.9978
2022-11-13 15:00:00,0.0,415.85164,103.96291,0.0,207.92582,363.87018,0.0,82.709
2022-11-13 16:00:00,0.0,493.31273,123.32818,0.0,246.65636,431.64864,0.0,0.0
2022-11-13 17:00:00,0.0,541.28364,135.32091,0.0,270.64182,473.62318,0.0,0.0
2022-11-13 18:00:00,0.0,867.09,142.85714,0.0,433.545,500.0,0.0,0.0
2022-11-13 19:00:00,0.0,627.87,142.85714,0.0,313.935,500.0,0.0,0.0
2022-11-13 20:00:00,0.0,596.05,142.85714,0.0,298.025,500.0,0.0,0.0
2022-11-13 21:00:00,0.0,611.43,142.85714,0.0,305.715,500.0,0.0,0.0
2022-11-13 22:00:00,0.0,548.08364,137.02091,0.0,274.04182,479.57318,0.0,0.0
2022-11-13 23:00:00,0.0,506.70182,126.67545,0.0,253.35091,443.36409,0.0,0.0
2022-11-14 00:00:00,0.0,473.46545,118.36636,0.0,236.73273,414.28227,0.0,0.0
2022-11-14 01:00:00,0.0,477.93091,119.48273,0.0,238.96545,418.18955,0.0,0.0
2022-11-14 02:00:00,0.0,462.03273,115.50818,0.0,231.01636,404.27864,0.0,0.0
2022-11-14 03:00:00,0.0,460.09091,115.02273,0.0,230.04545,402.57955,0.0,0.0
2022-11-14 04:00:00,0.0,458.57091,114.64273,0.0,229.28545,401.24955,0.0,0.0
2022-11-14 05:00:00,0.0,489.14545,122.28636,0.0,244.57273,428.00227,0.0,0.0
2022-11-14 06:00:00,0.0,622.0476,142.85714,0.0,311.0238,500.0,0.0,15.6512
2022-11-14 07:00:00,0.0,701.9492,142.85714,0.0,350.9746,500.0,0.0,130.2904
2022-11-14 08:00:00,0.0,341.94844,85.487109,0.0,170.97422,299.20488,0.0,254.64589999999998
2022-11-14 09:00:00,0.0,336.84778,84.211945,0.0,168.42389,294.74181,0.0,207.61929999999998
2022-11-14 10:00:00,0.0,249.30771,62.326927,0.0,124.65385,218.14425,0.0,329.6169
2022-11-14 11:00:00,0.0,132.64015,33.160036,0.0,66.320073,116.06013,0.0,537.1048
2022-11-14 12:00:00,0.0,222.09644,55.524109,0.0,111.04822,194.33438,0.0,332.06239999999997
2022-11-14 13:00:00,0.0,175.25324,43.813309,0.0,87.626618,153.34658,0.0,401.25180000000006
2022-11-14 14:00:00,0.0,232.25745,58.064364,0.0,116.12873,203.22527,0.0,327.551
2022-11-14 15:00:00,0.0,385.44545,96.361364,0.0,192.72273,337.26477,0.0,132.6775
2022-11-14 16:00:00,0.0,478.94182,119.73545,0.0,239.47091,419.07409,0.0,0.0
2022-11-14 17:00:00,0.0,560.08364,140.02091,0.0,280.04182,490.07318,0.0,0.0
2022-11-14 18:00:00,0.0,739.45,142.85714,0.0,369.725,500.0,0.0,0.0
2022-11-14 19:00:00,0.0,566.24364,141.56091,0.0,283.12182,495.46318,0.0,0.0
2022-11-14 20:00:00,0.0,672.73,142.85714,0.0,336.365,500.0,0.0,0.0
2022-11-14 21:00:00,0.0,609.93,142.85714,0.0,304.965,500.0,0.0,0.0
2022-11-14 22:00:00,0.0,537.34909,134.33727,0.0,268.67455,470.18045,0.0,0.0
2022-11-14 23:00:00,0.0,486.14909,121.53727,0.0,243.07455,425.38045,0.0,0.0
2022-11-15 00:00:00,0.0,471.09455,117.77364,0.0,235.54727,412.20773,0.0,0.0
2022-11-15 01:00:00,0.0,483.18182,120.79545,0.0,241.59091,422.78409,0.0,0.0
2022-11-15 02:00:00,0.0,481.15273,120.28818,0.0,240.57636,421.00864,0.0,0.0
2022-11-15 03:00:00,0.0,481.59636,120.39909,0.0,240.79818,421.39682,0.0,0.0
2022-11-15 04:00:00,0.0,503.72727,125.93182,0.0,251.86364,440.76136,0.0,0.0
2022-11-15 05:00:00,0.0,516.54909,129.13727,0.0,258.27455,451.98045,0.0,0.0
2022-11-15 06:00:00,0.0,739.1452,142.85714,0.0,369.5726,500.0,0.0,42.2524
2022-11-15 07:00:00,0.0,577.2878,142.85714,0.0,288.6439,500.0,0.0,157.7311
2022-11-15 08:00:00,0.0,288.76087,72.190218,0.0,144.38044,252.66576,0.0,380.00879999999995
2022-11-15 09:00:00,0.0,110.36713,27.591782,0.0,55.183564,96.571236,0.0,553.8802
2022-11-15 10:00:00,0.0,25.145455,6.2863636,0.0,12.572727,22.002273,0.0,626.34
2022-11-15 11:00:00,0.0,54.661745,13.665436,0.0,27.330873,47.829027,0.0,607.2651
2022-11-15 12:00:00,0.0,56.264945,14.066236,0.0,28.132473,49.231827,0.0,528.2207
2022-11-15 13:00:00,0.0,196.23811,49.059527,0.0,98.119055,171.70835,0.0,351.94759999999997
2022-11-15 14:00:00,0.0,294.97731,73.744327,0.0,147.48865,258.10515,0.0,247.06119999999999
2022-11-15 15:00:00,0.0,404.83476,101.20869,0.0,202.41738,354.23042,0.0,90.9872
2022-11-15 16:00:00,0.0,488.32364,122.08091,0.0,244.16182,427.28318,0.0,0.0
2022-11-15 17:00:00,0.0,509.77091,127.44273,0.0,254.88545,446.04955,0.0,0.0
2022-11-15 18:00:00,0.0,782.33,142.85714,0.0,391.165,500.0,0.0,0.0
2022-11-15 19:00:00,0.0,553.61091,138.40273,0.0,276.80545,484.40955,0.0,0.0
2022-11-15 20:00:00,0.0,566.85455,141.71364,0.0,283.42727,495.99773,0.0,0.0
2022-11-15 21:00:00,0.0,528.59273,132.14818,0.0,264.29636,462.51864,0.0,0.0
2022-11-15 22:00:00,0.0,523.89455,130.97364,0.0,261.94727,458.40773,0.0,0.0
2022-11-15 23:00:00,0.0,485.96727,121.49182,0.0,242.98364,425.22136,0.0,0.0
2022-11-16 00:00:00,0.0,466.60727,116.65182,0.0,233.30364,408.28136,0.0,0.0
2022-11-16 01:00:00,0.0,431.49455,107.87364,0.0,215.74727,377.55773,0.0,0.0
2022-11-16 02:00:00,0.0,411.32,102.83,0.0,205.66,359.905,0.0,0.0
2022-11-16 03:00:00,0.0,428.52727,107.13182,0.0,214.26364,374.96136,0.0,0.0
2022-11-16 04:00:00,0.0,443.88727,110.97182,0.0,221.94364,388.40136,0.0,0.0
2022-11-16 05:00:00,0.0,479.47273,119.86818,0.0,239.73636,419.53864,0.0,0.0
2022-11-16 06:00:00,0.0,642.556,142.85714,0.0,321.278,500.0,0.0,33.507
2022-11-16 07:00:00,0.0,526.01702,131.50425,0.0,263.00851,460.26489,0.0,205.8016
2022-11-16 08:00:00,0.0,362.98575,90.746436,0.0,181.49287,317.61253,0.0,307.70959999999997
2022-11-16 09:00:00,0.0,363.16575,90.791436,0.0,181.58287,317.77003,0.0,210.8021
2022-11-16 10:00:00,0.0,273.58182,68.395455,0.0,136.79091,239.38409,0.0,307.33
2022-11-16 11:00:00,0.0,174.1968,43.5492,0.0,87.0984,152.4222,0.0,492.95439999999996
2022-11-16 12:00:00,0.0,155.82407,38.956018,0.0,77.912036,136.34606,0.0,426.7068999999999
2022-11-16 13:00:00,0.0,141.50596,35.376491,0.0,70.752982,123.81772,0.0,431.36430000000007
2022-11-16 14:00:00,0.0,279.64524,69.911309,0.0,139.82262,244.68958,0.0,290.8028
2022-11-16 15:00:00,0.0,417.63549,104.40887,0.0,208.81775,365.43105,0.0,140.84619999999998
2022-11-16 16:00:00,0.0,543.32727,135.83182,0.0,271.66364,475.41136,0.0,0.0
2022-11-16 17:00:00,0.0,571.32,142.83,0.0,285.66,499.905,0.0,0.0
2022-11-16 18:00:00,0.0,788.57,142.85714,0.0,394.285,500.0,0.0,0.0
2022-11-16 19:00:00,0.0,555.96727,138.99182,0.0,277.98364,486.47136,0.0,0.0
2022-11-16 20:00:00,0.0,537.42182,134.35545,0.0,268.71091,470.24409,0.0,0.0
2022-11-16 21:00:00,0.0,554.94182,138.73545,0.0,277.47091,485.57409,0.0,0.0
2022-11-16 22:00:00,0.0,533.70545,133.42636,0.0,266.85273,466.99227,0.0,0.0
2022-11-16 23:00:00,0.0,547.00727,136.75182,0.0,273.50364,478.63136,0.0,0.0
2022-11-17 00:00:00,0.0,503.22545,125.80636,0.0,251.61273,440.32227,0.0,0.0
2022-11-17 01:00:00,0.0,515.50182,128.87545,0.0,257.75091,451.06409,0.0,0.0
2022-11-17 02:00:00,0.0,504.30182,126.07545,0.0,252.15091,441.26409,0.0,0.0
2022-11-17 03:00:00,0.0,488.98545,122.24636,0.0,244.49273,427.86227,0.0,0.0
2022-11-17 04:00:00,0.0,489.29818,122.32455,0.0,244.64909,428.13591,0.0,0.0
2022-11-17 05:00:00,0.0,483.96,120.99,0.0,241.98,423.465,0.0,0.0
2022-11-17 06:00:00,0.0,467.54305,116.88576,0.0,233.77153,409.10017,0.0,19.1333
2022-11-17 07:00:00,0.0,542.67338,135.66835,0.0,271.33669,474.83921,0.0,25.3091
2022-11-17 08:00:00,0.0,521.00298,130.25075,0.0,260.50149,455.87761,0.0,67.0359
2022-11-17 09:00:00,0.0,454.51273,113.62818,0.0,227.25636,397.69864,0.0,238.70999999999998
2022-11-17 10:00:00,0.0,196.34291,49.085727,0.0,98.171455,171.80005,0.0,583.2335
2022-11-17 11:00:00,0.0,467.40225,116.85056,0.0,233.70113,408.97697,0.0,328.88689999999997
2022-11-17 12:00:00,0.0,476.98313,119.24578,0.0,238.49156,417.36024,0.0,192.6032
2022-11-17 13:00:00,0.0,445.64378,111.41095,0.0,222.82189,389.93831,0.0,206.4148
2022-11-17 14:00:00,0.0,484.91098,121.22775,0.0,242.45549,424.29711,0.0,105.0324
2022-11-17 15:00:00,0.0,517.39615,129.34904,0.0,258.69807,452.72163,0.0,85.8553
2022-11-17 16:00:00,0.0,569.34909,142.33727,0.0,284.67455,498.18045,0.0,0.0
2022-11-17 17:00:00,0.0,658.95,142.85714,0.0,329.475,500.0,0.0,0.0
2022-11-17 18:00:00,0.0,933.51,142.85714,0.0,466.755,500.0,0.0,0.0
2022-11-17 19:00:00,0.0,611.45,142.85714,0.0,305.725,500.0,0.0,0.0
2022-11-17 20:00:00,0.0,555.58909,138.89727,0.0,277.79455,486.14045,0.0,0.0
2022-11-17 21:00:00,0.0,546.94909,136.73727,0.0,273.47455,478.58045,0.0,0.0
2022-11-17 22:00:00,0.0,545.74182,136.43545,0.0,272.87091,477.52409,0.0,0.0
2022-11-17 23:00:00,0.0,539.00727,134.75182,0.0,269.50364,471.63136,0.0,0.0
2022-11-18 00:00:00,0.0,536.90545,134.22636,0.0,268.45273,469.79227,0.0,0.0
2022-11-18 01:00:00,0.0,521.58182,130.39545,0.0,260.79091,456.38409,0.0,0.0
2022-11-18 02:00:00,0.0,524.87636,131.21909,0.0,262.43818,459.26682,0.0,0.0
2022-11-18 03:00:00,0.0,536.70182,134.17545,0.0,268.35091,469.61409,0.0,0.0
2022-11-18 04:00:00,0.0,532.34545,133.08636,0.0,266.17273,465.80227,0.0,0.0
2022-11-18 05:00:00,0.0,522.58545,130.64636,0.0,261.29273,457.26227,0.0,0.0
2022-11-18 06:00:00,0.0,503.70247,125.92562,0.0,251.85124,440.73966,0.0,24.2141
2022-11-18 07:00:00,0.0,522.87615,130.71904,0.0,261.43807,457.51663,0.0,51.18029999999999
2022-11-18 08:00:00,0.0,404.18036,101.04509,0.0,202.09018,353.65782,0.0,222.57699999999997
2022-11-18 09:00:00,0.0,259.32764,64.831909,0.0,129.66382,226.91168,0.0,514.0295
2022-11-18 10:00:00,0.0,488.92073,122.23018,0.0,244.46036,427.80564,0.0,260.829
2022-11-18 11:00:00,0.0,543.86291,135.96573,0.0,271.93145,475.88005,0.0,216.7735
2022-11-18 12:00:00,0.0,416.72822,104.18205,0.0,208.36411,364.63719,0.0,242.8637
2022-11-18 13:00:00,0.0,532.59891,133.14973,0.0,266.29945,466.02405,0.0,136.9115
2022-11-18 14:00:00,0.0,469.9432,117.4858,0.0,234.9716,411.2003,0.0,198.1731
2022-11-18 15:00:00,0.0,598.0136,142.85714,0.0,299.0068,500.0,0.0,79.0882
2022-11-18 16:00:00,0.0,833.91,142.85714,0.0,416.955,500.0,0.0,0.0
2022-11-18 17:00:00,0.0,817.75,142.85714,0.0,408.875,500.0,0.0,0.0
2022-11-18 18:00:00,0.0,1072.83,142.85714,0.0,536.415,500.0,0.0,0.0
2022-11-18 19:00:00,0.0,798.93,142.85714,0.0,399.465,500.0,0.0,0.0
2022-11-18 20:00:00,0.0,859.17,142.85714,0.0,429.585,500.0,0.0,0.0
2022-11-18 21:00:00,0.0,730.97,142.85714,0.0,365.485,500.0,0.0,0.0
2022-11-18 22:00:00,0.0,696.47,142.85714,0.0,348.235,500.0,0.0,0.0
2022-11-18 23:00:00,0.0,581.93,142.85714,0.0,290.965,500.0,0.0,0.0
2022-11-19 00:00:00,0.0,568.57818,142.14455,0.0,284.28909,497.50591,0.0,0.0
2022-11-19 01:00:00,0.0,557.82182,139.45545,0.0,278.91091,488.09409,0.0,0.0
2022-11-19 02:00:00,0.0,560.53455,140.13364,0.0,280.26727,490.46773,0.0,0.0
2022-11-19 03:00:00,0.0,565.78545,141.44636,0.0,282.89273,495.06227,0.0,0.0
2022-11-19 04:00:00,0.0,585.07,142.85714,0.0,292.535,500.0,0.0,0.0
2022-11-19 05:00:00,0.0,694.99,142.85714,0.0,347.495,500.0,0.0,0.0
2022-11-19 06:00:00,0.0,1058.3758,142.85714,0.0,529.1879,500.0,0.0,19.1771
2022-11-19 07:00:00,0.0,1144.0726,142.85714,0.0,572.0363,500.0,0.0,63.6487
2022-11-19 08:00:00,0.0,758.8002,142.85714,0.0,379.4001,500.0,0.0,74.55489999999999
2022-11-19 09:00:00,0.0,606.5276,142.85714,0.0,303.2638,500.0,0.0,82.0812
2022-11-19 10:00:00,0.0,581.7074,142.85714,0.0,290.8537,500.0,0.0,88.9213
2022-11-19 11:00:00,0.0,490.36407,122.59102,0.0,245.18204,429.06856,0.0,242.5644
2022-11-19 12:00:00,0.0,439.40327,109.85082,0.0,219.70164,384.47786,0.0,241.88550000000004
2022-11-19 13:00:00,0.0,517.83869,129.45967,0.0,258.91935,453.10885,0.0,86.9868
2022-11-19 14:00:00,0.0,568.48604,142.12151,0.0,284.24302,497.42528,0.0,34.8867
2022-11-19 15:00:00,0.0,567.93767,141.98442,0.0,283.96884,496.94546,0.0,34.0107
2022-11-19 16:00:00,0.0,812.41,142.85714,0.0,406.205,500.0,0.0,0.0
2022-11-19 17:00:00,0.0,943.13,142.85714,0.0,471.565,500.0,0.0,0.0
2022-11-19 18:00:00,0.0,1278.53,142.85714,0.0,639.265,500.0,0.0,0.0
2022-11-19 19:00:00,0.0,1078.17,142.85714,0.0,539.085,500.0,0.0,0.0
2022-11-19 20:00:00,0.0,1015.91,142.85714,0.0,507.955,500.0,0.0,0.0
2022-11-19 21:00:00,0.0,1009.71,142.85714,0.0,504.855,500.0,0.0,0.0
2022-11-19 22:00:00,0.0,913.23,142.85714,0.0,456.615,500.0,0.0,0.0
2022-11-19 23:00:00,0.0,793.93,142.85714,0.0,396.965,500.0,0.0,0.0
2022-11-20 00:00:00,0.0,691.55,142.85714,0.0,345.775,500.0,0.0,0.0
2022-11-20 01:00:00,0.0,670.55,142.85714,0.0,335.275,500.0,0.0,0.0
2022-11-20 02:00:00,0.0,657.11,142.85714,0.0,328.555,500.0,0.0,0.0
2022-11-20 03:00:00,0.0,676.29,142.85714,0.0,338.145,500.0,0.0,0.0
2022-11-20 04:00:00,0.0,727.29,142.85714,0.0,363.645,500.0,0.0,0.0
2022-11-20 05:00:00,0.0,812.49,142.85714,0.0,406.245,500.0,0.0,0.0
2022-11-20 06:00:00,0.0,1151.4998,142.85714,0.0,575.7499,500.0,0.0,1.3651
2022-11-20 07:00:00,0.0,1316.402,142.85714,0.0,658.201,500.0,0.0,23.944
2022-11-20 08:00:00,0.0,889.1832,142.85714,0.0,444.5916,500.0,0.0,58.82339999999999
2022-11-20 09:00:00,0.0,718.738,142.85714,0.0,359.369,500.0,0.0,73.876
2022-11-20 10:00:00,0.0,559.55527,139.88882,0.0,279.77764,489.61086,0.0,97.1265
2022-11-20 11:00:00,0.0,559.7576,139.9394,0.0,279.8788,489.7879,0.0,123.15829999999998
2022-11-20 12:00:00,0.0,482.63535,120.65884,0.0,241.31767,422.30593,0.0,157.0814
2022-11-20 13:00:00,0.0,611.8634,142.85714,0.0,305.9317,500.0,0.0,51.98329999999999
2022-11-20 14:00:00,0.0,513.9,128.475,0.0,256.95,449.6625,0.0,141.0725
2022-11-20 15:00:00,0.0,548.87738,137.21935,0.0,274.43869,480.26771,0.0,99.87859999999999
2022-11-20 16:00:00,0.0,754.91,142.85714,0.0,377.455,500.0,0.0,0.0
2022-11-20 17:00:00,0.0,936.95,142.85714,0.0,468.475,500.0,0.0,0.0
2022-11-20 18:00:00,0.0,1297.83,142.85714,0.0,648.915,500.0,0.0,0.0
2022-11-20 19:00:00,0.0,1184.03,142.85714,0.0,592.015,500.0,0.0,0.0
2022-11-20 20:00:00,0.0,1109.17,142.85714,0.0,554.585,500.0,0.0,0.0
2022-11-20 21:00:00,0.0,1177.73,142.85714,0.0,588.865,500.0,0.0,0.0
2022-11-20 22:00:00,0.0,1093.73,142.85714,0.0,546.865,500.0,0.0,0.0
2022-11-20 23:00:00,0.0,1137.09,142.85714,0.0,568.545,500.0,0.0,0.0
2022-11-21 00:00:00,0.0,1077.57,142.85714,0.0,538.785,500.0,0.0,0.0
2022-11-21 01:00:00,0.0,1058.65,142.85714,0.0,529.325,500.0,0.0,0.0
2022-11-21 02:00:00,0.0,1027.25,142.85714,0.0,513.625,500.0,0.0,0.0
2022-11-21 03:00:00,0.0,999.01,142.85714,0.0,499.505,500.0,0.0,0.0
2022-11-21 04:00:00,0.0,1010.71,142.85714,0.0,505.355,500.0,0.0,0.0
2022-11-21 05:00:00,0.0,1129.41,142.85714,0.0,564.705,500.0,0.0,0.0
2022-11-21 06:00:00,103.44,1442.12,142.85714,51.72,721.06,500.0,0.0,5.475
2022-11-21 07:00:00,0.0,1442.12,115.81963,0.0,721.06,405.3687,0.0,250.61629999999997
2022-11-21 08:00:00,0.0,1332.4432,0.0,0.0,666.2216,0.0,0.0,424.5534
2022-11-21 09:00:00,0.0,1143.9874,0.0,0.0,571.9937,0.0,0.0,480.93129999999996
2022-11-21 10:00:00,0.0,596.0678,142.85714,0.0,298.0339,500.0,0.0,208.83109999999996
2022-11-21 11:00:00,0.0,1166.7414,0.0,0.0,583.3707,0.0,0.0,479.54429999999996
2022-11-21 12:00:00,0.0,1129.1498,0.0,0.0,564.5749,0.0,0.0,409.8001
2022-11-21 13:00:00,0.0,1442.12,7.5968,0.0,721.06,26.5888,0.0,226.25619999999998
2022-11-21 14:00:00,0.0,1442.12,13.059943,0.0,721.06,45.7098,0.0,227.2052
2022-11-21 15:00:00,0.0,1442.12,57.3758,0.0,721.06,200.8153,0.0,88.24969999999999
2022-11-21 16:00:00,0.0,1442.12,85.17,0.0,721.06,298.095,0.0,0.0
2022-11-21 17:00:00,0.0,1442.12,108.26429,0.0,721.06,378.925,0.0,0.0
2022-11-21 18:00:00,242.95,1442.12,142.85714,121.475,721.06,500.0,0.0,0.0
2022-11-21 19:00:00,0.0,1395.71,142.85714,0.0,697.855,500.0,0.0,0.0
2022-11-21 20:00:00,0.0,1270.21,142.85714,0.0,635.105,500.0,0.0,0.0
2022-11-21 21:00:00,0.0,1026.69,142.85714,0.0,513.345,500.0,0.0,0.0
2022-11-21 22:00:00,0.0,964.77,142.85714,0.0,482.385,500.0,0.0,0.0
2022-11-21 23:00:00,0.0,865.59,142.85714,0.0,432.795,500.0,0.0,0.0
2022-11-22 00:00:00,0.0,763.27,142.85714,0.0,381.635,500.0,0.0,0.0
2022-11-22 01:00:00,0.0,792.11,142.85714,0.0,396.055,500.0,0.0,0.0
2022-11-22 02:00:00,0.0,811.03,142.85714,0.0,405.515,500.0,0.0,0.0
2022-11-22 03:00:00,0.0,814.75,142.85714,0.0,407.375,500.0,0.0,0.0
2022-11-22 04:00:00,0.0,874.49,142.85714,0.0,437.245,500.0,0.0,0.0
2022-11-22 05:00:00,0.0,955.71,142.85714,0.0,477.855,500.0,0.0,0.0
2022-11-22 06:00:00,0.0,1369.2,142.85714,0.0,684.6,500.0,0.0,5.475
2022-11-22 07:00:00,0.0,1442.12,225.70391,0.0,721.06,500.0,82.0183,34.8867
2022-11-22 08:00:00,0.0,1114.877,142.85714,0.0,557.4385,500.0,0.0,21.2065
2022-11-22 09:00:00,0.0,913.2566,142.85714,0.0,456.6283,500.0,0.0,102.04669999999999
2022-11-22 10:00:00,0.0,893.6784,142.85714,0.0,446.8392,500.0,0.0,60.1958
2022-11-22 11:00:00,0.0,435.93891,108.98473,0.0,217.96945,381.44655,0.0,478.36899999999997
2022-11-22 12:00:00,0.0,726.8106,142.85714,0.0,363.4053,500.0,0.0,110.87970000000001
2022-11-22 13:00:00,0.0,818.8504,142.85714,0.0,409.4252,500.0,0.0,86.3298
2022-11-22 14:00:00,0.0,504.20269,126.05067,0.0,252.10135,441.17735,0.0,282.0063
2022-11-22 15:00:00,0.0,882.8916,142.85714,0.0,441.4458,500.0,0.0,43.8292
2022-11-22 16:00:00,0.0,1037.79,142.85714,0.0,518.895,500.0,0.0,0.0
2022-11-22 17:00:00,0.0,1136.45,142.85714,0.0,568.225,500.0,0.0,0.0
2022-11-22 18:00:00,0.0,1433.75,142.85714,0.0,716.875,500.0,0.0,0.0
2022-11-22 19:00:00,0.0,1239.35,142.85714,0.0,619.675,500.0,0.0,0.0
2022-11-22 20:00:00,0.0,1223.03,142.85714,0.0,611.515,500.0,0.0,0.0
2022-11-22 21:00:00,0.0,1189.43,142.85714,0.0,594.715,500.0,0.0,0.0
2022-11-22 22:00:00,0.0,1160.93,142.85714,0.0,580.465,500.0,0.0,0.0
2022-11-22 23:00:00,0.0,976.87,142.85714,0.0,488.435,500.0,0.0,0.0
2022-11-23 00:00:00,0.0,906.69,142.85714,0.0,453.345,500.0,0.0,0.0
2022-11-23 01:00:00,0.0,890.87,142.85714,0.0,445.435,500.0,0.0,0.0
2022-11-23 02:00:00,0.0,910.27,142.85714,0.0,455.135,500.0,0.0,0.0
2022-11-23 03:00:00,0.0,945.85,142.85714,0.0,472.925,500.0,0.0,0.0
2022-11-23 04:00:00,0.0,953.29,142.85714,0.0,476.645,500.0,0.0,0.0
2022-11-23 05:00:00,0.0,1024.73,142.85714,0.0,512.365,500.0,0.0,0.0
2022-11-23 06:00:00,0.0,1442.12,154.20815,0.0,721.06,500.0,11.2375,2.7375
2022-11-23 07:00:00,39.1632,1442.12,142.85714,19.5816,721.06,500.0,0.0,52.983399999999996
2022-11-23 08:00:00,0.0,746.1538,142.85714,0.0,373.0769,500.0,0.0,291.9781
2022-11-23 09:00:00,0.0,484.516,121.129,0.0,242.258,423.9515,0.0,418.5455
2022-11-23 10:00:00,0.0,969.5232,142.85714,0.0,484.7616,500.0,0.0,126.7134
2022-11-23 11:00:00,0.0,1064.9422,142.85714,0.0,532.4711,500.0,0.0,93.0239
2022-11-23 12:00:00,0.0,973.0936,142.85714,0.0,486.5468,500.0,0.0,50.6182
2022-11-23 13:00:00,0.0,836.8374,142.85714,0.0,418.4187,500.0,0.0,116.2963
2022-11-23 14:00:00,0.0,1009.2194,142.85714,0.0,504.6097,500.0,0.0,15.045299999999997
2022-11-23 15:00:00,0.0,1027.87,142.85714,0.0,513.935,500.0,0.0,22.63
2022-11-23 16:00:00,0.0,1094.89,142.85714,0.0,547.445,500.0,0.0,0.0
2022-11-23 17:00:00,0.0,1256.61,142.85714,0.0,628.305,500.0,0.0,0.0
2022-11-23 18:00:00,0.0,1442.12,182.72078,0.0,721.06,500.0,39.465,0.0
2022-11-23 19:00:00,0.0,1226.73,142.85714,0.0,613.365,500.0,0.0,0.0
2022-11-23 20:00:00,0.0,1101.95,142.85714,0.0,550.975,500.0,0.0,0.0
2022-11-23 21:00:00,0.0,1114.75,142.85714,0.0,557.375,500.0,0.0,0.0
2022-11-23 22:00:00,0.0,1074.35,142.85714,0.0,537.175,500.0,0.0,0.0
2022-11-23 23:00:00,0.0,1007.93,142.85714,0.0,503.965,500.0,0.0,0.0
2022-11-24 00:00:00,0.0,990.63,142.85714,0.0,495.315,500.0,0.0,0.0
2022-11-24 01:00:00,0.0,959.97,142.85714,0.0,479.985,500.0,0.0,0.0
2022-11-24 02:00:00,0.0,943.13,142.85714,0.0,471.565,500.0,0.0,0.0
2022-11-24 03:00:00,0.0,928.37,142.85714,0.0,464.185,500.0,0.0,0.0
2022-11-24 04:00:00,0.0,919.11,142.85714,0.0,459.555,500.0,0.0,0.0
2022-11-24 05:00:00,0.0,940.89,142.85714,0.0,470.445,500.0,0.0,0.0
2022-11-24 06:00:00,0.0,930.893,142.85714,0.0,465.4465,500.0,0.0,3.2485
2022-11-24 07:00:00,0.0,621.7178,142.85714,0.0,310.8589,500.0,0.0,239.1261
2022-11-24 08:00:00,0.0,1369.0766,0.0,0.0,684.5383,0.0,0.0,391.8567
2022-11-24 09:00:00,0.0,475.49847,118.87462,0.0,237.74924,416.06116,0.0,478.89459999999997
2022-11-24 10:00:00,0.0,509.41062,127.35265,0.0,254.70531,445.73429,0.0,570.1154
2022-11-24 11:00:00,0.0,524.20705,131.05176,0.0,262.10353,458.68117,0.0,501.5903
2022-11-24 12:00:00,0.0,396.464,99.116,0.0,198.232,346.906,0.0,539.397
2022-11-24 13:00:00,0.0,525.42625,131.35656,0.0,262.71313,459.74797,0.0,322.97389999999996
2022-11-24 14:00:00,0.0,590.4764,142.85714,0.0,295.2382,500.0,0.0,221.30679999999998
2022-11-24 15:00:00,0.0,1442.12,61.316743,0.0,721.06,214.6086,0.0,101.96639999999998
2022-11-24 16:00:00,0.0,1442.12,98.824286,0.0,721.06,345.885,0.0,0.0
2022-11-24 17:00:00,0.0,1442.12,107.84429,0.0,721.06,377.455,0.0,0.0
2022-11-24 18:00:00,0.0,1442.12,126.41857,0.0,721.06,442.465,0.0,0.0
2022-11-24 19:00:00,0.0,966.81,142.85714,0.0,483.405,500.0,0.0,0.0
2022-11-24 20:00:00,0.0,925.85,142.85714,0.0,462.925,500.0,0.0,0.0
2022-11-24 21:00:00,0.0,861.41,142.85714,0.0,430.705,500.0,0.0,0.0
2022-11-24 22:00:00,0.0,929.49,142.85714,0.0,464.745,500.0,0.0,0.0
2022-11-24 23:00:00,0.0,879.11,142.85714,0.0,439.555,500.0,0.0,0.0
2022-11-25 00:00:00,0.0,865.55,142.85714,0.0,432.775,500.0,0.0,0.0
2022-11-25 01:00:00,0.0,769.81,142.85714,0.0,384.905,500.0,0.0,0.0
2022-11-25 02:00:00,0.0,760.01,142.85714,0.0,380.005,500.0,0.0,0.0
2022-11-25 03:00:00,0.0,785.23,142.85714,0.0,392.615,500.0,0.0,0.0
2022-11-25 04:00:00,0.0,825.25,142.85714,0.0,412.625,500.0,0.0,0.0
2022-11-25 05:00:00,0.0,815.75,142.85714,0.0,407.875,500.0,0.0,0.0
2022-11-25 06:00:00,0.0,832.33,142.85714,0.0,416.165,500.0,0.0,0.0
2022-11-25 07:00:00,0.0,568.79324,142.19831,0.0,284.39662,497.69408,0.0,237.9143
2022-11-25 08:00:00,0.0,1301.2378,0.0,0.0,650.6189,0.0,0.0,393.1561
2022-11-25 09:00:00,0.0,517.97142,129.49285,0.0,258.98571,453.22499,0.0,401.4343
2022-11-25 10:00:00,0.0,446.02116,111.50529,0.0,223.01058,390.26852,0.0,583.1459
2022-11-25 11:00:00,0.0,423.57505,105.89376,0.0,211.78753,370.62817,0.0,610.5792999999999
2022-11-25 12:00:00,0.0,359.62153,89.905382,0.0,179.81076,314.66884,0.0,562.0854
2022-11-25 13:00:00,0.0,483.84284,120.96071,0.0,241.92142,423.36248,0.0,403.0111
2022-11-25 14:00:00,0.0,1152.5614,142.85714,0.0,576.2807,500.0,0.0,72.93430000000001
2022-11-25 15:00:00,0.0,1442.12,76.538057,0.0,721.06,267.8832,0.0,103.41179999999999
2022-11-25 16:00:00,0.0,1442.12,98.164286,0.0,721.06,343.575,0.0,0.0
2022-11-25 17:00:00,0.0,1442.12,105.76714,0.0,721.06,370.185,0.0,0.0
2022-11-25 18:00:00,110.05,1442.12,142.85714,55.025,721.06,500.0,0.0,0.0
2022-11-25 19:00:00,0.0,1442.12,120.57286,0.0,721.06,422.005,0.0,0.0
2022-11-25 20:00:00,0.0,1257.17,142.85714,0.0,628.585,500.0,0.0,0.0
2022-11-25 21:00:00,0.0,1129.19,142.85714,0.0,564.595,500.0,0.0,0.0
2022-11-25 22:00:00,0.0,1013.03,142.85714,0.0,506.515,500.0,0.0,0.0
2022-11-25 23:00:00,0.0,884.35,142.85714,0.0,442.175,500.0,0.0,0.0
2022-11-26 00:00:00,0.0,801.67,142.85714,0.0,400.835,500.0,0.0,0.0
2022-11-26 01:00:00,0.0,756.67,142.85714,0.0,378.335,500.0,0.0,0.0
2022-11-26 02:00:00,0.0,735.43,142.85714,0.0,367.715,500.0,0.0,0.0
2022-11-26 03:00:00,0.0,755.11,142.85714,0.0,377.555,500.0,0.0,0.0
2022-11-26 04:00:00,0.0,789.03,142.85714,0.0,394.515,500.0,0.0,0.0
2022-11-26 05:00:00,0.0,857.75,142.85714,0.0,428.875,500.0,0.0,0.0
2022-11-26 06:00:00,0.0,1355.71,142.85714,0.0,677.855,500.0,0.0,0.0
2022-11-26 07:00:00,0.0,1377.6014,142.85714,0.0,688.8007,500.0,0.0,33.5143
2022-11-26 08:00:00,0.0,908.9808,142.85714,0.0,454.4904,500.0,0.0,64.9846
2022-11-26 09:00:00,0.0,762.9648,142.85714,0.0,381.4824,500.0,0.0,90.97259999999999
2022-11-26 10:00:00,0.0,580.289,142.85714,0.0,290.1445,500.0,0.0,143.7005
2022-11-26 11:00:00,0.0,568.68065,142.17016,0.0,284.34033,497.59557,0.0,183.7191
2022-11-26 12:00:00,0.0,577.567,142.85714,0.0,288.7835,500.0,0.0,139.1015
2022-11-26 13:00:00,0.0,638.1532,142.85714,0.0,319.0766,500.0,0.0,92.0384
2022-11-26 14:00:00,0.0,676.1316,142.85714,0.0,338.0658,500.0,0.0,72.2992
2022-11-26 15:00:00,0.0,809.2274,142.85714,0.0,404.6137,500.0,0.0,43.6613
2022-11-26 16:00:00,0.0,958.57,142.85714,0.0,479.285,500.0,0.0,0.0
2022-11-26 17:00:00,0.0,1442.12,94.184286,0.0,721.06,329.645,0.0,0.0
2022-11-26 18:00:00,81.27,1442.12,142.85714,40.635,721.06,500.0,0.0,0.0
2022-11-26 19:00:00,0.0,1290.61,142.85714,0.0,645.305,500.0,0.0,0.0
2022-11-26 20:00:00,0.0,1183.97,142.85714,0.0,591.985,500.0,0.0,0.0
2022-11-26 21:00:00,0.0,1228.79,142.85714,0.0,614.395,500.0,0.0,0.0
2022-11-26 22:00:00,0.0,1149.01,142.85714,0.0,574.505,500.0,0.0,0.0
2022-11-26 23:00:00,0.0,1105.55,142.85714,0.0,552.775,500.0,0.0,0.0
2022-11-27 00:00:00,0.0,954.13,142.85714,0.0,477.065,500.0,0.0,0.0
2022-11-27 01:00:00,0.0,965.73,142.85714,0.0,482.865,500.0,0.0,0.0
2022-11-27 02:00:00,0.0,979.35,142.85714,0.0,489.675,500.0,0.0,0.0
2022-11-27 03:00:00,0.0,997.21,142.85714,0.0,498.605,500.0,0.0,0.0
2022-11-27 04:00:00,0.0,1059.05,142.85714,0.0,529.525,500.0,0.0,0.0
2022-11-27 05:00:00,0.0,1168.51,142.85714,0.0,584.255,500.0,0.0,0.0
2022-11-27 06:00:00,0.0,1442.12,249.05411,0.0,721.06,500.0,105.135,0.0
2022-11-27 07:00:00,0.0,1442.12,230.09785,0.0,721.06,500.0,86.3683,34.8867
2022-11-27 08:00:00,0.0,1242.1584,142.85714,0.0,621.0792,500.0,0.0,60.1958
2022-11-27 09:00:00,0.0,1123.5356,142.85714,0.0,561.7678,500.0,0.0,69.0872
2022-11-27 10:00:00,0.0,1108.234,142.85714,0.0,554.117,500.0,0.0,36.938
2022-11-27 11:00:00,0.0,1009.016,142.85714,0.0,504.508,500.0,0.0,55.407
2022-11-27 12:00:00,0.0,853.7406,142.85714,0.0,426.8703,500.0,0.0,60.8747
2022-11-27 13:00:00,0.0,901.7286,142.85714,0.0,450.8643,500.0,0.0,47.8807
2022-11-27 14:00:00,0.0,828.2226,142.85714,0.0,414.1113,500.0,0.0,97.5937
2022-11-27 15:00:00,0.0,1028.4628,142.85714,0.0,514.2314,500.0,0.0,22.133599999999998
2022-11-27 16:00:00,0.0,1203.59,142.85714,0.0,601.795,500.0,0.0,0.0
2022-11-27 17:00:00,0.0,1309.51,142.85714,0.0,654.755,500.0,0.0,0.0
2022-11-27 18:00:00,0.0,1442.12,295.79149,0.0,721.06,500.0,151.405,0.0
2022-11-27 19:00:00,0.0,1408.27,142.85714,0.0,704.135,500.0,0.0,0.0
2022-11-27 20:00:00,0.0,1420.39,142.85714,0.0,710.195,500.0,0.0,0.0
2022-11-27 21:00:00,0.0,1442.12,161.35714,0.0,721.06,500.0,18.315,0.0
2022-11-27 22:00:00,0.0,1373.23,142.85714,0.0,686.615,500.0,0.0,0.0
2022-11-27 23:00:00,0.0,1205.87,142.85714,0.0,602.935,500.0,0.0,0.0
2022-11-28 00:00:00,0.0,1142.47,142.85714,0.0,571.235,500.0,0.0,0.0
2022-11-28 01:00:00,0.0,1148.99,142.85714,0.0,574.495,500.0,0.0,0.0
2022-11-28 02:00:00,0.0,1171.95,142.85714,0.0,585.975,500.0,0.0,0.0
2022-11-28 03:00:00,0.0,1183.91,142.85714,0.0,591.955,500.0,0.0,0.0
2022-11-28 04:00:00,0.0,1225.89,142.85714,0.0,612.945,500.0,0.0,0.0
2022-11-28 05:00:00,0.0,1357.83,142.85714,0.0,678.915,500.0,0.0,0.0
2022-11-28 06:00:00,0.0,1442.12,314.17532,0.0,721.06,500.0,169.605,0.0
2022-11-28 07:00:00,420.2464,1442.12,142.85714,210.1232,721.06,500.0,0.0,82.2418
2022-11-28 08:00:00,0.0,1442.12,99.450914,0.0,721.06,348.0782,0.0,206.70679999999996
2022-11-28 09:00:00,0.0,1442.12,117.12077,0.0,721.06,409.9227,0.0,115.7123
2022-11-28 10:00:00,0.0,1442.12,117.52411,0.0,721.06,411.3344,0.0,41.0406
2022-11-28 11:00:00,0.0,1442.12,111.58126,0.0,721.06,390.5344,0.0,41.0406
2022-11-28 12:00:00,0.0,1442.12,70.607143,0.0,721.06,247.125,0.0,86.87
2022-11-28 13:00:00,0.0,1442.12,57.876571,0.0,721.06,202.568,0.0,94.827
2022-11-28 14:00:00,0.0,1442.12,75.229657,0.0,721.06,263.3038,0.0,64.5612
2022-11-28 15:00:00,0.0,1442.12,95.398171,0.0,721.06,333.8936,0.0,8.891399999999999
2022-11-28 16:00:00,0.0,1442.12,99.904286,0.0,721.06,349.665,0.0,0.0
2022-11-28 17:00:00,0.0,1442.12,131.02714,0.0,721.06,458.595,0.0,0.0
2022-11-28 18:00:00,312.29,1442.12,142.85714,156.145,721.06,500.0,0.0,0.0
2022-11-28 19:00:00,10.75,1442.12,142.85714,5.375,721.06,500.0,0.0,0.0
2022-11-28 20:00:00,77.65,1442.12,142.85714,38.825,721.06,500.0,0.0,0.0
2022-11-28 21:00:00,7.47,1442.12,142.85714,3.735,721.06,500.0,0.0,0.0
2022-11-28 22:00:00,0.0,1335.27,142.85714,0.0,667.635,500.0,0.0,0.0
2022-11-28 23:00:00,0.0,1094.15,142.85714,0.0,547.075,500.0,0.0,0.0
2022-11-29 00:00:00,0.0,917.89,142.85714,0.0,458.945,500.0,0.0,0.0
2022-11-29 01:00:00,0.0,782.45,142.85714,0.0,391.225,500.0,0.0,0.0
2022-11-29 02:00:00,0.0,761.45,142.85714,0.0,380.725,500.0,0.0,0.0
2022-11-29 03:00:00,0.0,729.69,142.85714,0.0,364.845,500.0,0.0,0.0
2022-11-29 04:00:00,0.0,719.63,142.85714,0.0,359.815,500.0,0.0,0.0
2022-11-29 05:00:00,0.0,773.83,142.85714,0.0,386.915,500.0,0.0,0.0
2022-11-29 06:00:00,0.0,1442.12,121.03286,0.0,721.06,423.615,0.0,0.0
2022-11-29 07:00:00,0.0,1442.12,133.2974,0.0,721.06,466.5409,0.0,30.7841
2022-11-29 08:00:00,0.0,1442.12,70.931286,0.0,721.06,248.2595,0.0,39.6755
2022-11-29 09:00:00,0.0,1442.12,48.478714,0.0,721.06,169.6755,0.0,52.6695
2022-11-29 10:00:00,0.0,1442.12,37.944857,0.0,721.06,132.807,0.0,36.938
2022-11-29 11:00:00,0.0,1442.12,59.363114,0.0,721.06,207.7709,0.0,30.7841
2022-11-29 12:00:00,0.0,1442.12,32.165857,0.0,721.06,112.5805,0.0,47.194500000000005
2022-11-29 13:00:00,0.0,1442.12,21.166657,0.0,721.06,74.0833,0.0,87.0817
2022-11-29 14:00:00,0.0,1442.12,42.683171,0.0,721.06,149.3911,0.0,17.1039
2022-11-29 15:00:00,0.0,1442.12,41.213171,0.0,721.06,144.2461,0.0,11.6289
2022-11-29 16:00:00,0.0,1442.12,52.418571,0.0,721.06,183.465,0.0,0.0
2022-11-29 17:00:00,0.0,1442.12,64.878571,0.0,721.06,227.075,0.0,0.0
2022-11-29 18:00:00,5.51,1442.12,142.85714,2.755,721.06,500.0,0.0,0.0
2022-11-29 19:00:00,0.0,1442.12,115.29,0.0,721.06,403.515,0.0,0.0
2022-11-29 20:00:00,0.0,1442.12,85.61,0.0,721.06,299.635,0.0,0.0
2022-11-29 21:00:00,0.0,1442.12,84.07,0.0,721.06,294.245,0.0,0.0
2022-11-29 22:00:00,0.0,1442.12,58.638571,0.0,721.06,205.235,0.0,0.0
2022-11-29 23:00:00,0.0,786.67,142.85714,0.0,393.335,500.0,0.0,0.0
2022-11-30 00:00:00,0.0,695.81,142.85714,0.0,347.905,500.0,0.0,0.0
2022-11-30 01:00:00,0.0,649.89,142.85714,0.0,324.945,500.0,0.0,0.0
2022-11-30 02:00:00,0.0,637.03,142.85714,0.0,318.515,500.0,0.0,0.0
2022-11-30 03:00:00,0.0,635.55,142.85714,0.0,317.775,500.0,0.0,0.0
2022-11-30 04:00:00,0.0,664.41,142.85714,0.0,332.205,500.0,0.0,0.0
2022-11-30 05:00:00,0.0,725.65,142.85714,0.0,362.825,500.0,0.0,0.0
2022-11-30 06:00:00,0.0,1442.12,97.447143,0.0,721.06,341.065,0.0,0.0
2022-11-30 07:00:00,0.0,1442.12,114.68929,0.0,721.06,401.4125,0.0,67.3425
2022-11-30 08:00:00,0.0,1442.12,61.330629,0.0,721.06,214.6572,0.0,96.2578
2022-11-30 09:00:00,0.0,1442.12,15.8374,0.0,721.06,55.4309,0.0,142.4741
2022-11-30 10:00:00,0.0,1363.7962,0.0,0.0,681.8981,0.0,0.0,244.93689999999998
2022-11-30 11:00:00,0.0,1204.3092,0.0,0.0,602.1546,0.0,0.0,379.95039999999995
2022-11-30 12:00:00,0.0,1097.6352,0.0,0.0,548.8176,0.0,0.0,339.7274
2022-11-30 13:00:00,0.0,897.2182,0.0,0.0,448.6091,0.0,0.0,445.17589999999996
2022-11-30 14:00:00,0.0,1442.12,20.363171,0.0,721.06,71.2711,0.0,97.4039
2022-11-30 15:00:00,0.0,1442.12,42.413543,0.0,721.06,148.4474,0.0,9.5776
2022-11-30 16:00:00,0.0,1442.12,58.978571,0.0,721.06,206.425,0.0,0.0
2022-11-30 17:00:00,0.0,1442.12,77.547143,0.0,721.06,271.415,0.0,0.0
2022-11-30 18:00:00,0.0,1442.12,111.73857,0.0,721.06,391.085,0.0,0.0
2022-11-30 19:00:00,0.0,1442.12,74.758571,0.0,721.06,261.655,0.0,0.0
2022-11-30 20:00:00,0.0,1442.12,54.67,0.0,721.06,191.345,0.0,0.0
2022-11-30 21:00:00,0.0,1442.12,55.704286,0.0,721.06,194.965,0.0,0.0
2022-11-30 22:00:00,0.0,1442.12,47.915714,0.0,721.06,167.705,0.0,0.0
2022-11-30 23:00:00,0.0,764.25,142.85714,0.0,382.125,500.0,0.0,0.0
2022-12-01 00:00:00,0.0,745.63,142.85714,0.0,372.815,500.0,0.0,0.0
2022-12-01 01:00:00,0.0,713.77,142.85714,0.0,356.885,500.0,0.0,0.0
2022-12-01 02:00:00,0.0,677.07,142.85714,0.0,338.535,500.0,0.0,0.0
2022-12-01 03:00:00,0.0,710.77,142.85714,0.0,355.385,500.0,0.0,0.0
2022-12-01 04:00:00,0.0,748.47,142.85714,0.0,374.235,500.0,0.0,0.0
2022-12-01 05:00:00,0.0,754.01,142.85714,0.0,377.005,500.0,0.0,0.0
2022-12-01 06:00:00,0.0,1442.12,50.741429,0.0,721.06,177.595,0.0,0.0
2022-12-01 07:00:00,0.0,1442.12,68.8724,0.0,721.06,241.0534,0.0,22.5716
2022-12-01 08:00:00,0.0,1442.12,5.6217143,0.0,721.06,19.676,0.0,280.539
2022-12-01 09:00:00,0.0,1233.3702,0.0,0.0,616.6851,0.0,0.0,503.42990000000003
2022-12-01 10:00:00,0.0,1442.12,89.5136,0.0,721.06,313.2976,0.0,82.7674
2022-12-01 11:00:00,0.0,1442.12,23.022629,0.0,721.06,80.5792,0.0,406.2158
2022-12-01 12:00:00,0.0,1082.4148,0.0,0.0,541.2074,0.0,0.0,560.7275999999999
2022-12-01 13:00:00,0.0,1442.12,49.220829,0.0,721.06,172.2729,0.0,190.36209999999997
2022-12-01 14:00:00,0.0,1385.6864,0.0,0.0,692.8432,0.0,0.0,305.6218
2022-12-01 15:00:00,0.0,1442.12,46.169114,0.0,721.06,161.5919,0.0,97.4331
2022-12-01 16:00:00,0.0,1442.12,85.204286,0.0,721.06,298.215,0.0,0.0
2022-12-01 17:00:00,0.0,1442.12,82.15,0.0,721.06,287.525,0.0,0.0
2022-12-01 18:00:00,0.0,1442.12,103.05571,0.0,721.06,360.695,0.0,0.0
2022-12-01 19:00:00,0.0,1442.12,59.947143,0.0,721.06,209.815,0.0,0.0
2022-12-01 20:00:00,0.0,1442.12,52.275714,0.0,721.06,182.965,0.0,0.0
2022-12-01 21:00:00,0.0,1442.12,43.461429,0.0,721.06,152.115,0.0,0.0
2022-12-01 22:00:00,0.0,1442.12,37.167143,0.0,721.06,130.085,0.0,0.0
2022-12-01 23:00:00,0.0,1442.12,36.898571,0.0,721.06,129.145,0.0,0.0
2022-12-02 00:00:00,0.0,1442.12,25.401429,0.0,721.06,88.905,0.0,0.0
2022-12-02 01:00:00,0.0,565.93818,141.48455,0.0,282.96909,495.19591,0.0,0.0
2022-12-02 02:00:00,0.0,1442.12,12.638571,0.0,721.06,44.235,0.0,0.0
2022-12-02 03:00:00,0.0,1442.12,10.401429,0.0,721.06,36.405,0.0,0.0
2022-12-02 04:00:00,0.0,1442.12,9.3871429,0.0,721.06,32.855,0.0,0.0
2022-12-02 05:00:00,0.0,1442.12,10.778571,0.0,721.06,37.725,0.0,0.0
2022-12-02 06:00:00,0.0,1442.12,14.644286,0.0,721.06,51.255,0.0,0.0
2022-12-02 07:00:00,0.0,1376.962,0.0,0.0,688.481,0.0,0.0,195.494
2022-12-02 08:00:00,0.0,1080.743,0.0,0.0,540.3715,0.0,0.0,359.1235
2022-12-02 09:00:00,0.0,1380.9038,0.0,0.0,690.4519,0.0,0.0,309.13309999999996
2022-12-02 10:00:00,0.0,1442.12,36.511657,0.0,721.06,127.7908,0.0,117.9242
2022-12-02 11:00:00,0.0,1442.12,58.0014,0.0,721.06,203.0049,0.0,136.7801
2022-12-02 12:00:00,0.0,1442.12,27.242029,0.0,721.06,95.3471,0.0,141.7879
2022-12-02 13:00:00,0.0,1442.12,30.884114,0.0,721.06,108.0944,0.0,127.1806
2022-12-02 14:00:00,0.0,1442.12,39.283714,0.0,721.06,137.493,0.0,57.961999999999996
2022-12-02 15:00:00,0.0,607.844,142.85714,0.0,303.922,500.0,0.0,48.253
2022-12-02 16:00:00,0.0,729.87,142.85714,0.0,364.935,500.0,0.0,0.0
2022-12-02 17:00:00,0.0,1442.12,50.33,0.0,721.06,176.155,0.0,0.0
2022-12-02 18:00:00,0.0,1442.12,104.53,0.0,721.06,365.855,0.0,0.0
2022-12-02 19:00:00,0.0,1442.12,60.692857,0.0,721.06,212.425,0.0,0.0
2022-12-02 20:00:00,0.0,902.45,142.85714,0.0,451.225,500.0,0.0,0.0
2022-12-02 21:00:00,0.0,1442.12,40.367143,0.0,721.06,141.285,0.0,0.0
2022-12-02 22:00:00,0.0,637.25,142.85714,0.0,318.625,500.0,0.0,0.0
2022-12-02 23:00:00,0.0,570.99273,142.74818,0.0,285.49636,499.61864,0.0,0.0
2022-12-03 00:00:00,0.0,543.53091,135.88273,0.0,271.76545,475.58955,0.0,0.0
2022-12-03 01:00:00,0.0,539.37091,134.84273,0.0,269.68545,471.94955,0.0,0.0
2022-12-03 02:00:00,0.0,534.33818,133.58455,0.0,267.16909,467.54591,0.0,0.0
2022-12-03 03:00:00,0.0,541.50909,135.37727,0.0,270.75455,473.82045,0.0,0.0
2022-12-03 04:00:00,0.0,546.65818,136.66455,0.0,273.32909,478.32591,0.0,0.0
2022-12-03 05:00:00,0.0,609.01,142.85714,0.0,304.505,500.0,0.0,0.0
2022-12-03 06:00:00,0.0,1119.49,142.85714,0.0,559.745,500.0,0.0,0.0
2022-12-03 07:00:00,0.0,1247.2472,142.85714,0.0,623.6236,500.0,0.0,8.891399999999999
2022-12-03 08:00:00,0.0,726.6992,142.85714,0.0,363.3496,500.0,0.0,32.8354
2022-12-03 09:00:00,0.0,448.35505,112.08876,0.0,224.17753,392.31067,0.0,223.49679999999998
2022-12-03 10:00:00,0.0,1315.9058,0.0,0.0,657.9529,0.0,0.0,159.7021
2022-12-03 11:00:00,0.0,1381.2538,0.0,0.0,690.6269,0.0,0.0,217.5181
2022-12-03 12:00:00,0.0,583.2464,0.0,0.0,291.6232,0.0,0.0,517.3217999999999
2022-12-03 13:00:00,0.0,795.4152,0.0,0.0,397.7076,0.0,0.0,391.5574
2022-12-03 14:00:00,0.0,1134.0544,0.0,0.0,567.0272,0.0,0.0,215.97779999999997
2022-12-03 15:00:00,0.0,1442.12,2.0956857,0.0,721.06,7.3349,0.0,88.6001
2022-12-03 16:00:00,0.0,1442.12,24.547143,0.0,721.06,85.915,0.0,0.0
2022-12-03 17:00:00,0.0,1442.12,36.35,0.0,721.06,127.225,0.0,0.0
2022-12-03 18:00:00,0.0,1442.12,94.044286,0.0,721.06,329.155,0.0,0.0
2022-12-03 19:00:00,0.0,1442.12,47.704286,0.0,721.06,166.965,0.0,0.0
2022-12-03 20:00:00,0.0,788.81,142.85714,0.0,394.405,500.0,0.0,0.0
2022-12-03 21:00:00,0.0,774.61,142.85714,0.0,387.305,500.0,0.0,0.0
2022-12-03 22:00:00,0.0,712.73,142.85714,0.0,356.365,500.0,0.0,0.0
2022-12-03 23:00:00,0.0,539.63273,134.90818,0.0,269.81636,472.17864,0.0,0.0
2022-12-04 00:00:00,0.0,535.77091,133.94273,0.0,267.88545,468.79955,0.0,0.0
2022-12-04 01:00:00,0.0,513.80727,128.45182,0.0,256.90364,449.58136,0.0,0.0
2022-12-04 02:00:00,0.0,514.44727,128.61182,0.0,257.22364,450.14136,0.0,0.0
2022-12-04 03:00:00,0.0,518.76,129.69,0.0,259.38,453.915,0.0,0.0
2022-12-04 04:00:00,0.0,512.71636,128.17909,0.0,256.35818,448.62682,0.0,0.0
2022-12-04 05:00:00,0.0,570.73091,142.68273,0.0,285.36545,499.38955,0.0,0.0
2022-12-04 06:00:00,0.0,1097.19,142.85714,0.0,548.595,500.0,0.0,0.0
2022-12-04 07:00:00,0.0,825.8182,142.85714,0.0,412.9091,500.0,0.0,191.86589999999998
2022-12-04 08:00:00,0.0,399.90764,99.976909,0.0,199.95382,349.91918,0.0,388.652
2022-12-04 09:00:00,0.0,202.84044,50.710109,0.0,101.42022,177.48538,0.0,533.4694000000001
2022-12-04 10:00:00,0.0,431.7822,0.0,0.0,215.8911,0.0,0.0,591.6139000000001
2022-12-04 11:00:00,0.0,527.6458,0.0,0.0,263.8229,0.0,0.0,588.9421
2022-12-04 12:00:00,0.0,1181.298,0.0,0.0,590.649,0.0,0.0,211.846
2022-12-04 13:00:00,0.0,1442.12,16.586,0.0,721.06,58.051,0.0,23.944
2022-12-04 14:00:00,0.0,1239.745,0.0,0.0,619.8725,0.0,0.0,226.4825
2022-12-04 15:00:00,0.0,1442.12,21.700629,0.0,721.06,75.9522,0.0,80.56280000000001
2022-12-04 16:00:00,0.0,1442.12,42.172857,0.0,721.06,147.605,0.0,0.0
2022-12-04 17:00:00,0.0,1442.12,53.112857,0.0,721.06,185.895,0.0,0.0
2022-12-04 18:00:00,0.0,1442.12,114.33,0.0,721.06,400.155,0.0,0.0
2022-12-04 19:00:00,0.0,1442.12,91.412857,0.0,721.06,319.945,0.0,0.0
2022-12-04 20:00:00,0.0,1119.61,142.85714,0.0,559.805,500.0,0.0,0.0
2022-12-04 21:00:00,0.0,977.53,142.85714,0.0,488.765,500.0,0.0,0.0
2022-12-04 22:00:00,0.0,844.25,142.85714,0.0,422.125,500.0,0.0,0.0
2022-12-04 23:00:00,0.0,734.03,142.85714,0.0,367.015,500.0,0.0,0.0
2022-12-05 00:00:00,0.0,711.11,142.85714,0.0,355.555,500.0,0.0,0.0
2022-12-05 01:00:00,0.0,681.81,142.85714,0.0,340.905,500.0,0.0,0.0
2022-12-05 02:00:00,0.0,740.15,142.85714,0.0,370.075,500.0,0.0,0.0
2022-12-05 03:00:00,0.0,756.55,142.85714,0.0,378.275,500.0,0.0,0.0
2022-12-05 04:00:00,0.0,807.35,142.85714,0.0,403.675,500.0,0.0,0.0
2022-12-05 05:00:00,0.0,955.75,142.85714,0.0,477.875,500.0,0.0,0.0
2022-12-05 06:00:00,0.0,1400.21,142.85714,0.0,700.105,500.0,0.0,0.0
2022-12-05 07:00:00,0.0,1442.12,107.935,0.0,721.06,377.7725,0.0,214.0725
2022-12-05 08:00:00,0.0,1344.2334,0.0,0.0,672.1167,0.0,0.0,389.6083
2022-12-05 09:00:00,0.0,952.9582,0.0,0.0,476.4791,0.0,0.0,542.9959
2022-12-05 10:00:00,0.0,794.6856,0.0,0.0,397.3428,0.0,0.0,608.9222
2022-12-05 11:00:00,0.0,822.9268,0.0,0.0,411.4634,0.0,0.0,623.3616
2022-12-05 12:00:00,0.0,941.321,0.0,0.0,470.6605,0.0,0.0,472.0545000000001
2022-12-05 13:00:00,0.0,948.7908,0.0,0.0,474.3954,0.0,0.0,465.3896
2022-12-05 14:00:00,0.0,1230.9692,0.0,0.0,615.4846,0.0,0.0,325.93039999999996
2022-12-05 15:00:00,0.0,1442.12,41.765857,0.0,721.06,146.1805,0.0,96.1045
2022-12-05 16:00:00,0.0,1442.12,90.524286,0.0,721.06,316.835,0.0,0.0
2022-12-05 17:00:00,0.0,1442.12,118.10714,0.0,721.06,413.375,0.0,0.0
2022-12-05 18:00:00,37.43,1442.12,142.85714,18.715,721.06,500.0,0.0,0.0
2022-12-05 19:00:00,0.0,1442.12,131.17,0.0,721.06,459.095,0.0,0.0
2022-12-05 20:00:00,0.0,1442.12,119.53,0.0,721.06,418.355,0.0,0.0
2022-12-05 21:00:00,0.0,1442.12,118.83,0.0,721.06,415.905,0.0,0.0
2022-12-05 22:00:00,0.0,1442.12,111.95,0.0,721.06,391.825,0.0,0.0
2022-12-05 23:00:00,0.0,1156.51,142.85714,0.0,578.255,500.0,0.0,0.0
2022-12-06 00:00:00,0.0,1442.12,84.63,0.0,721.06,296.205,0.0,0.0
2022-12-06 01:00:00,0.0,981.53,142.85714,0.0,490.765,500.0,0.0,0.0
2022-12-06 02:00:00,0.0,957.23,142.85714,0.0,478.615,500.0,0.0,0.0
2022-12-06 03:00:00,0.0,937.03,142.85714,0.0,468.515,500.0,0.0,0.0
2022-12-06 04:00:00,0.0,948.47,142.85714,0.0,474.235,500.0,0.0,0.0
2022-12-06 05:00:00,0.0,1442.12,79.858571,0.0,721.06,279.505,0.0,0.0
2022-12-06 06:00:00,18.49,1442.12,142.85714,9.245,721.06,500.0,0.0,0.0
2022-12-06 07:00:00,0.0,1442.12,103.199,0.0,721.06,361.1965,0.0,203.99849999999998
2022-12-06 08:00:00,0.0,1442.12,10.6632,0.0,721.06,37.3212,0.0,341.68379999999996
2022-12-06 09:00:00,0.0,1224.4046,0.0,0.0,612.2023,0.0,0.0,389.0827
2022-12-06 10:00:00,0.0,1442.12,48.302171,0.0,721.06,169.0576,0.0,82.7674
2022-12-06 11:00:00,0.0,1442.12,28.717886,0.0,721.06,100.5126,0.0,204.31239999999997
2022-12-06 12:00:00,0.0,1442.12,26.235714,0.0,721.06,91.825,0.0,113.88000000000001
2022-12-06 13:00:00,0.0,1442.12,25.9384,0.0,721.06,90.7844,0.0,102.36059999999998
2022-12-06 14:00:00,0.0,1442.12,65.070886,0.0,721.06,227.7481,0.0,48.566900000000004
2022-12-06 15:00:00,0.0,1442.12,77.614971,0.0,721.06,271.6524,0.0,4.1026
2022-12-06 16:00:00,0.0,1442.12,97.47,0.0,721.06,341.145,0.0,0.0
2022-12-06 17:00:00,0.0,1442.12,113.20714,0.0,721.06,396.225,0.0,0.0
2022-12-06 18:00:00,40.27,1442.12,142.85714,20.135,721.06,500.0,0.0,0.0
2022-12-06 19:00:00,0.0,1442.12,118.24429,0.0,721.06,413.855,0.0,0.0
2022-12-06 20:00:00,0.0,1442.12,97.715714,0.0,721.06,342.005,0.0,0.0
2022-12-06 21:00:00,0.0,1442.12,99.91,0.0,721.06,349.685,0.0,0.0
2022-12-06 22:00:00,0.0,1442.12,82.155714,0.0,721.06,287.545,0.0,0.0
2022-12-06 23:00:00,0.0,875.77,142.85714,0.0,437.885,500.0,0.0,0.0
2022-12-07 00:00:00,0.0,756.87,142.85714,0.0,378.435,500.0,0.0,0.0
2022-12-07 01:00:00,0.0,687.07,142.85714,0.0,343.535,500.0,0.0,0.0
2022-12-07 02:00:00,0.0,695.45,142.85714,0.0,347.725,500.0,0.0,0.0
2022-12-07 03:00:00,0.0,726.01,142.85714,0.0,363.005,500.0,0.0,0.0
2022-12-07 04:00:00,0.0,791.41,142.85714,0.0,395.705,500.0,0.0,0.0
2022-12-07 05:00:00,0.0,878.39,142.85714,0.0,439.195,500.0,0.0,0.0
2022-12-07 06:00:00,0.0,1221.01,142.85714,0.0,610.505,500.0,0.0,0.0
2022-12-07 07:00:00,0.0,1442.12,138.7704,0.0,721.06,485.6964,0.0,86.73859999999999
2022-12-07 08:00:00,0.0,1442.12,32.890086,0.0,721.06,115.1153,0.0,205.04969999999997
2022-12-07 09:00:00,0.0,1252.238,0.0,0.0,626.119,0.0,0.0,338.866
2022-12-07 10:00:00,0.0,1070.476,0.0,0.0,535.238,0.0,0.0,407.267
2022-12-07 11:00:00,0.0,964.4488,0.0,0.0,482.2244,0.0,0.0,500.2106
2022-12-07 12:00:00,0.0,864.0528,0.0,0.0,432.0264,0.0,0.0,467.0686
2022-12-07 13:00:00,0.0,955.1168,0.0,0.0,477.5584,0.0,0.0,419.32660000000004
2022-12-07 14:00:00,0.0,1370.0098,0.0,0.0,685.0049,0.0,0.0,279.8601
2022-12-07 15:00:00,0.0,1442.12,52.188714,0.0,721.06,182.6605,0.0,72.0145
2022-12-07 16:00:00,0.0,1442.12,74.341429,0.0,721.06,260.195,0.0,0.0
2022-12-07 17:00:00,0.0,1442.12,76.064286,0.0,721.06,266.225,0.0,0.0
2022-12-07 18:00:00,0.0,1442.12,121.57571,0.0,721.06,425.515,0.0,0.0
2022-12-07 19:00:00,0.0,1442.12,82.135714,0.0,721.06,287.475,0.0,0.0
2022-12-07 20:00:00,0.0,1442.12,68.81,0.0,721.06,240.835,0.0,0.0
2022-12-07 21:00:00,0.0,1442.12,79.512857,0.0,721.06,278.295,0.0,0.0
2022-12-07 22:00:00,0.0,1442.12,63.85,0.0,721.06,223.475,0.0,0.0
2022-12-07 23:00:00,0.0,833.95,142.85714,0.0,416.975,500.0,0.0,0.0
2022-12-08 00:00:00,0.0,785.69,142.85714,0.0,392.845,500.0,0.0,0.0
2022-12-08 01:00:00,0.0,689.07,142.85714,0.0,344.535,500.0,0.0,0.0
2022-12-08 02:00:00,0.0,607.95,142.85714,0.0,303.975,500.0,0.0,0.0
2022-12-08 03:00:00,0.0,565.77818,141.44455,0.0,282.88909,495.05591,0.0,0.0
2022-12-08 04:00:00,0.0,554.89091,138.72273,0.0,277.44545,485.52955,0.0,0.0
2022-12-08 05:00:00,0.0,1442.12,12.101429,0.0,721.06,42.355,0.0,0.0
2022-12-08 06:00:00,0.0,1442.12,14.787143,0.0,721.06,51.755,0.0,0.0
2022-12-08 07:00:00,0.0,1269.3238,0.0,0.0,634.6619,0.0,0.0,200.3631
2022-12-08 08:00:00,0.0,890.6768,0.0,0.0,445.3384,0.0,0.0,395.96659999999997
2022-12-08 09:00:00,0.0,787.7954,0.0,0.0,393.8977,0.0,0.0,526.3372999999999
2022-12-08 10:00:00,0.0,804.3078,0.0,0.0,402.1539,0.0,0.0,597.1911
2022-12-08 11:00:00,0.0,902.4778,0.0,0.0,451.2389,0.0,0.0,631.8661
2022-12-08 12:00:00,0.0,1442.12,18.242571,0.0,721.06,63.849,0.0,226.44600000000003
2022-12-08 13:00:00,0.0,1241.3854,0.0,0.0,620.6927,0.0,0.0,342.0123
2022-12-08 14:00:00,0.0,1173.9442,0.0,0.0,586.9721,0.0,0.0,312.24289999999996
2022-12-08 15:00:00,0.0,1442.12,39.536257,0.0,721.06,138.3769,0.0,72.2481
2022-12-08 16:00:00,0.0,1442.12,56.961429,0.0,721.06,199.365,0.0,0.0
2022-12-08 17:00:00,0.0,1442.12,64.481429,0.0,721.06,225.685,0.0,0.0
2022-12-08 18:00:00,0.0,1442.12,95.404286,0.0,721.06,333.915,0.0,0.0
2022-12-08 19:00:00,0.0,1442.12,55.652857,0.0,721.06,194.785,0.0,0.0
2022-12-08 20:00:00,0.0,1442.12,45.978571,0.0,721.06,160.925,0.0,0.0
2022-12-08 21:00:00,0.0,1442.12,36.032857,0.0,721.06,126.115,0.0,0.0
2022-12-08 22:00:00,0.0,1442.12,39.118571,0.0,721.06,136.915,0.0,0.0
2022-12-08 23:00:00,0.0,1442.12,31.815714,0.0,721.06,111.355,0.0,0.0
2022-12-09 00:00:00,0.0,1442.12,16.392857,0.0,721.06,57.375,0.0,0.0
2022-12-09 01:00:00,0.0,1442.12,13.05,0.0,721.06,45.675,0.0,0.0
2022-12-09 02:00:00,0.0,1442.12,7.6585714,0.0,721.06,26.805,0.0,0.0
2022-12-09 03:00:00,0.0,1442.12,4.2242857,0.0,721.06,14.785,0.0,0.0
2022-12-09 04:00:00,0.0,1442.12,3.8214286,0.0,721.06,13.375,0.0,0.0
2022-12-09 05:00:00,0.0,1442.12,5.91,0.0,721.06,20.685,0.0,0.0
2022-12-09 06:00:00,0.0,1442.12,5.1928571,0.0,721.06,18.175,0.0,0.0
2022-12-09 07:00:00,0.0,1442.12,18.002714,0.0,721.06,63.0095,0.0,28.7255
2022-12-09 08:00:00,0.0,1442.12,15.3448,0.0,721.06,53.7068,0.0,50.6182
2022-12-09 09:00:00,0.0,1442.12,46.991571,0.0,721.06,164.4705,0.0,47.194500000000005
2022-12-09 10:00:00,0.0,1442.12,50.1526,0.0,721.06,175.5341,0.0,61.560900000000004
2022-12-09 11:00:00,0.0,1442.12,108.67129,0.0,721.06,380.3495,0.0,28.7255
2022-12-09 12:00:00,0.0,1442.12,54.760229,0.0,721.06,191.6608,0.0,26.674200000000003
2022-12-09 13:00:00,0.0,1442.12,44.463086,0.0,721.06,155.6208,0.0,37.624199999999995
2022-12-09 14:00:00,0.0,1442.12,39.037429,0.0,721.06,136.631,0.0,12.994
2022-12-09 15:00:00,0.0,1442.12,42.501829,0.0,721.06,148.7564,0.0,19.578599999999998
2022-12-09 16:00:00,0.0,1442.12,57.01,0.0,721.06,199.535,0.0,0.0
2022-12-09 17:00:00,0.0,1442.12,56.215714,0.0,721.06,196.755,0.0,0.0
2022-12-09 18:00:00,0.0,1442.12,95.804286,0.0,721.06,335.315,0.0,0.0
2022-12-09 19:00:00,0.0,1442.12,73.847143,0.0,721.06,258.465,0.0,0.0
2022-12-09 20:00:00,0.0,1442.12,60.232857,0.0,721.06,210.815,0.0,0.0
2022-12-09 21:00:00,0.0,1442.12,57.715714,0.0,721.06,202.005,0.0,0.0
2022-12-09 22:00:00,0.0,1442.12,33.284286,0.0,721.06,116.495,0.0,0.0
2022-12-09 23:00:00,0.0,1442.12,33.975714,0.0,721.06,118.915,0.0,0.0
2022-12-10 00:00:00,0.0,1442.12,32.864286,0.0,721.06,115.025,0.0,0.0
2022-12-10 01:00:00,0.0,1442.12,25.672857,0.0,721.06,89.855,0.0,0.0
2022-12-10 02:00:00,0.0,636.65,142.85714,0.0,318.325,500.0,0.0,0.0
2022-12-10 03:00:00,0.0,649.45,142.85714,0.0,324.725,500.0,0.0,0.0
2022-12-10 04:00:00,0.0,646.69,142.85714,0.0,323.345,500.0,0.0,0.0
2022-12-10 05:00:00,0.0,795.29,142.85714,0.0,397.645,500.0,0.0,0.0
2022-12-10 06:00:00,0.0,1442.12,126.03286,0.0,721.06,441.115,0.0,0.0
2022-12-10 07:00:00,14.3246,1442.12,142.85714,7.1623,721.06,500.0,0.0,10.942699999999999
2022-12-10 08:00:00,0.0,1442.12,75.416971,0.0,721.06,263.9594,0.0,35.565599999999996
2022-12-10 09:00:00,0.0,1442.12,80.195943,0.0,721.06,280.6858,0.0,32.1492
2022-12-10 10:00:00,0.0,1442.12,64.536943,0.0,721.06,225.8793,0.0,53.35569999999999
2022-12-10 11:00:00,0.0,1442.12,93.544086,0.0,721.06,327.4043,0.0,47.8807
2022-12-10 12:00:00,0.0,1442.12,59.523314,0.0,721.06,208.3316,0.0,58.82339999999999
2022-12-10 13:00:00,0.0,1442.12,55.482743,0.0,721.06,194.1896,0.0,80.2854
2022-12-10 14:00:00,0.0,1442.12,49.195771,0.0,721.06,172.1852,0.0,76.1098
2022-12-10 15:00:00,0.0,1442.12,71.917514,0.0,721.06,251.7113,0.0,3.4236999999999997
2022-12-10 16:00:00,0.0,1442.12,71.755714,0.0,721.06,251.145,0.0,0.0
2022-12-10 17:00:00,0.0,1442.12,93.504286,0.0,721.06,327.265,0.0,0.0
2022-12-10 18:00:00,0.0,1442.12,134.16714,0.0,721.06,469.585,0.0,0.0
2022-12-10 19:00:00,0.0,1442.12,87.727143,0.0,721.06,307.045,0.0,0.0
2022-12-10 20:00:00,0.0,1442.12,83.032857,0.0,721.06,290.615,0.0,0.0
2022-12-10 21:00:00,0.0,1442.12,81.77,0.0,721.06,286.195,0.0,0.0
2022-12-10 22:00:00,0.0,1442.12,58.738571,0.0,721.06,205.585,0.0,0.0
2022-12-10 23:00:00,0.0,658.67,142.85714,0.0,329.335,500.0,0.0,0.0
2022-12-11 00:00:00,0.0,1442.12,21.795714,0.0,721.06,76.285,0.0,0.0
2022-12-11 01:00:00,0.0,569.11636,142.27909,0.0,284.55818,497.97682,0.0,0.0
2022-12-11 02:00:00,0.0,582.99,142.85714,0.0,291.495,500.0,0.0,0.0
2022-12-11 03:00:00,0.0,602.47,142.85714,0.0,301.235,500.0,0.0,0.0
2022-12-11 04:00:00,0.0,643.85,142.85714,0.0,321.925,500.0,0.0,0.0
2022-12-11 05:00:00,0.0,717.45,142.85714,0.0,358.725,500.0,0.0,0.0
2022-12-11 06:00:00,0.0,1171.63,142.85714,0.0,585.815,500.0,0.0,0.0
2022-12-11 07:00:00,0.0,962.9162,142.85714,0.0,481.4581,500.0,0.0,140.5469
2022-12-11 08:00:00,0.0,403.96509,100.99127,0.0,201.98255,353.46945,0.0,372.373
2022-12-11 09:00:00,0.0,1442.12,26.6664,0.0,721.06,93.3324,0.0,99.73259999999999
2022-12-11 10:00:00,0.0,969.6868,0.0,0.0,484.8434,0.0,0.0,383.92159999999996
2022-12-11 11:00:00,0.0,947.5748,0.0,0.0,473.7874,0.0,0.0,449.76759999999996
2022-12-11 12:00:00,0.0,541.6796,0.0,0.0,270.8398,0.0,0.0,565.1952
2022-12-11 13:00:00,0.0,848.9194,0.0,0.0,424.4597,0.0,0.0,417.27529999999996
2022-12-11 14:00:00,0.0,1328.1778,0.0,0.0,664.0889,0.0,0.0,180.7261
2022-12-11 15:00:00,0.0,1442.12,33.4034,0.0,721.06,116.9119,0.0,29.543100000000003
2022-12-11 16:00:00,0.0,1442.12,40.812857,0.0,721.06,142.845,0.0,0.0
2022-12-11 17:00:00,0.0,1442.12,62.755714,0.0,721.06,219.645,0.0,0.0
2022-12-11 18:00:00,0.0,1442.12,108.79857,0.0,721.06,380.795,0.0,0.0
2022-12-11 19:00:00,0.0,1442.12,78.05,0.0,721.06,273.175,0.0,0.0
2022-12-11 20:00:00,0.0,1442.12,77.258571,0.0,721.06,270.405,0.0,0.0
2022-12-11 21:00:00,0.0,1442.12,77.147143,0.0,721.06,270.015,0.0,0.0
2022-12-11 22:00:00,0.0,1442.12,58.93,0.0,721.06,206.255,0.0,0.0
2022-12-11 23:00:00,0.0,1442.12,41.427143,0.0,721.06,144.995,0.0,0.0
2022-12-12 00:00:00,0.0,714.47,142.85714,0.0,357.235,500.0,0.0,0.0
2022-12-12 01:00:00,0.0,694.07,142.85714,0.0,347.035,500.0,0.0,0.0
2022-12-12 02:00:00,0.0,704.29,142.85714,0.0,352.145,500.0,0.0,0.0
2022-12-12 03:00:00,0.0,733.51,142.85714,0.0,366.755,500.0,0.0,0.0
2022-12-12 04:00:00,0.0,789.89,142.85714,0.0,394.945,500.0,0.0,0.0
2022-12-12 05:00:00,0.0,911.89,142.85714,0.0,455.945,500.0,0.0,0.0
2022-12-12 06:00:00,0.0,1442.12,124.10143,0.0,721.06,434.355,0.0,0.0
2022-12-12 07:00:00,39.3222,1442.12,142.85714,19.6611,721.06,500.0,0.0,6.153899999999999
2022-12-12 08:00:00,0.0,1442.12,87.105286,0.0,721.06,304.8685,0.0,21.2065
2022-12-12 09:00:00,0.0,1442.12,66.948629,0.0,721.06,234.3202,0.0,67.7148
2022-12-12 10:00:00,0.0,1442.12,56.025829,0.0,721.06,196.0904,0.0,54.0346
2022-12-12 11:00:00,0.0,1442.12,79.047714,0.0,721.06,276.667,0.0,36.938
2022-12-12 12:00:00,0.0,1442.12,51.167657,0.0,721.06,179.0868,0.0,50.6182
2022-12-12 13:00:00,0.0,1054.7142,0.0,0.0,527.3571,0.0,0.0,412.61789999999996
2022-12-12 14:00:00,0.0,1387.536,0.0,0.0,693.768,0.0,0.0,272.217
2022-12-12 15:00:00,0.0,1442.12,50.225914,0.0,721.06,175.7907,0.0,75.1243
2022-12-12 16:00:00,0.0,1442.12,67.032857,0.0,721.06,234.615,0.0,0.0
2022-12-12 17:00:00,0.0,1442.12,90.407143,0.0,721.06,316.425,0.0,0.0
2022-12-12 18:00:00,0.0,1442.12,133.78143,0.0,721.06,468.235,0.0,0.0
2022-12-12 19:00:00,0.0,1442.12,96.235714,0.0,721.06,336.825,0.0,0.0
2022-12-12 20:00:00,0.0,1442.12,100.54143,0.0,721.06,351.895,0.0,0.0
2022-12-12 21:00:00,0.0,1442.12,105.41571,0.0,721.06,368.955,0.0,0.0
2022-12-12 22:00:00,0.0,1442.12,86.327143,0.0,721.06,302.145,0.0,0.0
2022-12-12 23:00:00,0.0,1442.12,61.727143,0.0,721.06,216.045,0.0,0.0
2022-12-13 00:00:00,0.0,1442.12,58.607143,0.0,721.06,205.125,0.0,0.0
2022-12-13 01:00:00,0.0,787.49,142.85714,0.0,393.745,500.0,0.0,0.0
2022-12-13 02:00:00,0.0,799.07,142.85714,0.0,399.535,500.0,0.0,0.0
2022-12-13 03:00:00,0.0,829.29,142.85714,0.0,414.645,500.0,0.0,0.0
2022-12-13 04:00:00,0.0,874.11,142.85714,0.0,437.055,500.0,0.0,0.0
2022-12-13 05:00:00,0.0,1442.12,73.204286,0.0,721.06,256.215,0.0,0.0
2022-12-13 06:00:00,2.45,1442.12,142.85714,1.225,721.06,500.0,0.0,0.0
2022-12-13 07:00:00,0.0,1442.12,128.45463,0.0,721.06,449.5912,0.0,99.3238
2022-12-13 08:00:00,0.0,1442.12,73.348343,0.0,721.06,256.7192,0.0,90.1258
2022-12-13 09:00:00,0.0,1442.12,37.652914,0.0,721.06,131.7852,0.0,187.79979999999998
2022-12-13 10:00:00,0.0,1442.12,52.549857,0.0,721.06,183.9245,0.0,102.0905
2022-12-13 11:00:00,0.0,943.3606,0.0,0.0,471.6803,0.0,0.0,574.0646999999999
2022-12-13 12:00:00,0.0,1121.4758,0.0,0.0,560.7379,0.0,0.0,418.4871
2022-12-13 13:00:00,0.0,1377.7988,0.0,0.0,688.8994,0.0,0.0,326.8356
2022-12-13 14:00:00,0.0,1442.12,14.109771,0.0,721.06,49.3842,0.0,234.30079999999998
2022-12-13 15:00:00,0.0,1442.12,67.779429,0.0,721.06,237.228,0.0,61.977
2022-12-13 16:00:00,0.0,1442.12,96.924286,0.0,721.06,339.235,0.0,0.0
2022-12-13 17:00:00,0.0,1442.12,103.35857,0.0,721.06,361.755,0.0,0.0
2022-12-13 18:00:00,65.81,1442.12,142.85714,32.905,721.06,500.0,0.0,0.0
2022-12-13 19:00:00,12.37,1442.12,142.85714,6.185,721.06,500.0,0.0,0.0
2022-12-13 20:00:00,0.0,1442.12,129.02429,0.0,721.06,451.585,0.0,0.0
2022-12-13 21:00:00,0.0,1442.12,113.02429,0.0,721.06,395.585,0.0,0.0
2022-12-13 22:00:00,0.0,1442.12,103.05571,0.0,721.06,360.695,0.0,0.0
2022-12-13 23:00:00,0.0,1051.33,142.85714,0.0,525.665,500.0,0.0,0.0
2022-12-14 00:00:00,0.0,959.75,142.85714,0.0,479.875,500.0,0.0,0.0
2022-12-14 01:00:00,0.0,943.01,142.85714,0.0,471.505,500.0,0.0,0.0
2022-12-14 02:00:00,0.0,926.25,142.85714,0.0,463.125,500.0,0.0,0.0
2022-12-14 03:00:00,0.0,903.27,142.85714,0.0,451.635,500.0,0.0,0.0
2022-12-14 04:00:00,0.0,922.13,142.85714,0.0,461.065,500.0,0.0,0.0
2022-12-14 05:00:00,0.0,1442.12,80.292857,0.0,721.06,281.025,0.0,0.0
2022-12-14 06:00:00,0.0,1442.12,142.18143,0.0,721.06,497.635,0.0,0.0
2022-12-14 07:00:00,0.0,1442.12,137.70823,0.0,721.06,481.9788,0.0,102.15619999999998
2022-12-14 08:00:00,0.0,1442.12,92.118257,0.0,721.06,322.4139,0.0,101.52109999999999
2022-12-14 09:00:00,0.0,1335.4956,0.0,0.0,667.7478,0.0,0.0,420.94720000000007
2022-12-14 10:00:00,0.0,1218.9162,0.0,0.0,609.4581,0.0,0.0,451.5268999999999
2022-12-14 11:00:00,0.0,1442.12,35.675,0.0,721.06,124.8625,0.0,238.89250000000004
2022-12-14 12:00:00,0.0,1098.9992,0.0,0.0,549.4996,0.0,0.0,464.26539999999994
2022-12-14 13:00:00,0.0,1442.12,35.117943,0.0,721.06,122.9128,0.0,147.5622
2022-12-14 14:00:00,0.0,1442.12,63.792971,0.0,721.06,223.2754,0.0,66.07959999999999
2022-12-14 15:00:00,0.0,1442.12,73.688657,0.0,721.06,257.9103,0.0,100.29469999999999
2022-12-14 16:00:00,0.0,1442.12,109.30714,0.0,721.06,382.575,0.0,0.0
2022-12-14 17:00:00,0.0,1442.12,125.23857,0.0,721.06,438.335,0.0,0.0
2022-12-14 18:00:00,222.87,1442.12,142.85714,111.435,721.06,500.0,0.0,0.0
2022-12-14 19:00:00,0.0,1442.12,129.43286,0.0,721.06,453.015,0.0,0.0
2022-12-14 20:00:00,0.0,1442.12,108.97857,0.0,721.06,381.425,0.0,0.0
2022-12-14 21:00:00,0.0,1442.12,113.08429,0.0,721.06,395.795,0.0,0.0
2022-12-14 22:00:00,0.0,1442.12,103.84143,0.0,721.06,363.445,0.0,0.0
2022-12-14 23:00:00,0.0,1442.12,86.29,0.0,721.06,302.015,0.0,0.0
2022-12-15 00:00:00,0.0,1442.12,82.881429,0.0,721.06,290.085,0.0,0.0
2022-12-15 01:00:00,0.0,985.97,142.85714,0.0,492.985,500.0,0.0,0.0
2022-12-15 02:00:00,0.0,969.83,142.85714,0.0,484.915,500.0,0.0,0.0
2022-12-15 03:00:00,0.0,975.89,142.85714,0.0,487.945,500.0,0.0,0.0
2022-12-15 04:00:00,0.0,995.33,142.85714,0.0,497.665,500.0,0.0,0.0
2022-12-15 05:00:00,0.0,961.57,142.85714,0.0,480.785,500.0,0.0,0.0
2022-12-15 06:00:00,0.0,1442.12,81.184286,0.0,721.06,284.145,0.0,0.0
2022-12-15 07:00:00,0.0,1442.12,102.95174,0.0,721.06,360.3311,0.0,6.153899999999999
2022-12-15 08:00:00,0.0,1442.12,101.96354,0.0,721.06,356.8724,0.0,81.48259999999999
2022-12-15 09:00:00,0.0,1442.12,36.569486,0.0,721.06,127.9932,0.0,407.8218
2022-12-15 10:00:00,0.0,1442.12,13.243543,0.0,721.06,46.3524,0.0,469.1126
2022-12-15 11:00:00,0.0,1442.12,45.113086,0.0,721.06,157.8958,0.0,491.3192000000001
2022-12-15 12:00:00,0.0,1442.12,3.6255429,0.0,721.06,12.6894,0.0,547.2955999999999
2022-12-15 13:00:00,0.0,1422.0086,0.0,0.0,711.0043,0.0,0.0,465.4407
2022-12-15 14:00:00,0.0,1442.12,44.719486,0.0,721.06,156.5182,0.0,262.1868
2022-12-15 15:00:00,0.0,1442.12,104.0256,0.0,721.06,364.0896,0.0,26.995399999999993
2022-12-15 16:00:00,0.0,1442.12,135.69571,0.0,721.06,474.935,0.0,0.0
2022-12-15 17:00:00,0.0,1442.12,134.96714,0.0,721.06,472.385,0.0,0.0
2022-12-15 18:00:00,89.13,1442.12,142.85714,44.565,721.06,500.0,0.0,0.0
2022-12-15 19:00:00,0.0,1442.12,124.93,0.0,721.06,437.255,0.0,0.0
2022-12-15 20:00:00,0.0,1442.12,109.83,0.0,721.06,384.405,0.0,0.0
2022-12-15 21:00:00,0.0,1442.12,95.444286,0.0,721.06,334.055,0.0,0.0
2022-12-15 22:00:00,0.0,1442.12,81.052857,0.0,721.06,283.685,0.0,0.0
2022-12-15 23:00:00,0.0,1442.12,70.961429,0.0,721.06,248.365,0.0,0.0
2022-12-16 00:00:00,0.0,1442.12,66.867143,0.0,721.06,234.035,0.0,0.0
2022-12-16 01:00:00,0.0,856.63,142.85714,0.0,428.315,500.0,0.0,0.0
2022-12-16 02:00:00,0.0,828.03,142.85714,0.0,414.015,500.0,0.0,0.0
2022-12-16 03:00:00,0.0,827.93,142.85714,0.0,413.965,500.0,0.0,0.0
2022-12-16 04:00:00,0.0,848.93,142.85714,0.0,424.465,500.0,0.0,0.0
2022-12-16 05:00:00,0.0,1442.12,55.955714,0.0,721.06,195.845,0.0,0.0
2022-12-16 06:00:00,0.0,1442.12,67.53,0.0,721.06,236.355,0.0,0.0
2022-12-16 07:00:00,0.0,1442.12,67.838829,0.0,721.06,237.4359,0.0,99.03909999999999
2022-12-16 08:00:00,0.0,1442.12,53.246029,0.0,721.06,186.3611,0.0,209.09389999999996
2022-12-16 09:00:00,0.0,1442.12,11.947143,0.0,721.06,41.815,0.0,379.6
2022-12-16 10:00:00,0.0,1329.5498,0.0,0.0,664.7749,0.0,0.0,547.7701
2022-12-16 11:00:00,0.0,1431.3656,0.0,0.0,715.6828,0.0,0.0,518.4022
2022-12-16 12:00:00,0.0,1312.2778,0.0,0.0,656.1389,0.0,0.0,508.49609999999996
2022-12-16 13:00:00,0.0,1442.12,33.202771,0.0,721.06,116.2097,0.0,275.6553
2022-12-16 14:00:00,0.0,1442.12,63.622543,0.0,721.06,222.6789,0.0,124.5161
2022-12-16 15:00:00,0.0,1442.12,101.08809,0.0,721.06,353.8083,0.0,34.8867
2022-12-16 16:00:00,0.0,1442.12,101.03857,0.0,721.06,353.635,0.0,0.0
2022-12-16 17:00:00,0.0,1442.12,115.90143,0.0,721.06,405.655,0.0,0.0
2022-12-16 18:00:00,166.57,1442.12,142.85714,83.285,721.06,500.0,0.0,0.0
2022-12-16 19:00:00,0.0,1442.12,128.73286,0.0,721.06,450.565,0.0,0.0
2022-12-16 20:00:00,0.0,1442.12,114.76143,0.0,721.06,401.665,0.0,0.0
2022-12-16 21:00:00,0.0,1442.12,93.261429,0.0,721.06,326.415,0.0,0.0
2022-12-16 22:00:00,0.0,1442.12,93.412857,0.0,721.06,326.945,0.0,0.0
2022-12-16 23:00:00,0.0,963.35,142.85714,0.0,481.675,500.0,0.0,0.0
2022-12-17 00:00:00,0.0,879.81,142.85714,0.0,439.905,500.0,0.0,0.0
2022-12-17 01:00:00,0.0,847.05,142.85714,0.0,423.525,500.0,0.0,0.0
2022-12-17 02:00:00,0.0,861.43,142.85714,0.0,430.715,500.0,0.0,0.0
2022-12-17 03:00:00,0.0,878.63,142.85714,0.0,439.315,500.0,0.0,0.0
2022-12-17 04:00:00,0.0,887.03,142.85714,0.0,443.515,500.0,0.0,0.0
2022-12-17 05:00:00,0.0,1097.05,142.85714,0.0,548.525,500.0,0.0,0.0
2022-12-17 06:00:00,0.0,1442.12,228.40765,0.0,721.06,500.0,84.695,0.0
2022-12-17 07:00:00,0.0,1442.12,189.21654,0.0,721.06,500.0,45.8958,119.74919999999999
2022-12-17 08:00:00,0.0,668.7908,142.85714,0.0,334.3954,500.0,0.0,339.09959999999995
2022-12-17 09:00:00,0.0,1411.3786,0.0,0.0,705.6893,0.0,0.0,410.3257
2022-12-17 10:00:00,0.0,1024.7758,0.0,0.0,512.3879,0.0,0.0,589.3071
2022-12-17 11:00:00,0.0,387.7128,96.9282,0.0,193.8564,339.2487,0.0,566.2099000000001
2022-12-17 12:00:00,0.0,457.34698,114.33675,0.0,228.67349,400.17861,0.0,415.1729
2022-12-17 13:00:00,0.0,442.07411,110.51853,0.0,221.03705,386.81485,0.0,396.00309999999996
2022-12-17 14:00:00,0.0,741.1754,142.85714,0.0,370.5877,500.0,0.0,175.9373
2022-12-17 15:00:00,0.0,1102.9218,142.85714,0.0,551.4609,500.0,0.0,46.8441
2022-12-17 16:00:00,0.0,1442.12,98.415714,0.0,721.06,344.455,0.0,0.0
2022-12-17 17:00:00,0.0,1442.12,127.27,0.0,721.06,445.445,0.0,0.0
2022-12-17 18:00:00,96.91,1442.12,142.85714,48.455,721.06,500.0,0.0,0.0
2022-12-17 19:00:00,0.0,1400.11,142.85714,0.0,700.055,500.0,0.0,0.0
2022-12-17 20:00:00,0.0,1379.15,142.85714,0.0,689.575,500.0,0.0,0.0
2022-12-17 21:00:00,0.0,1235.71,142.85714,0.0,617.855,500.0,0.0,0.0
2022-12-17 22:00:00,0.0,1248.81,142.85714,0.0,624.405,500.0,0.0,0.0
2022-12-17 23:00:00,0.0,1039.77,142.85714,0.0,519.885,500.0,0.0,0.0
2022-12-18 00:00:00,0.0,946.53,142.85714,0.0,473.265,500.0,0.0,0.0
2022-12-18 01:00:00,0.0,893.83,142.85714,0.0,446.915,500.0,0.0,0.0
2022-12-18 02:00:00,0.0,879.05,142.85714,0.0,439.525,500.0,0.0,0.0
2022-12-18 03:00:00,0.0,896.25,142.85714,0.0,448.125,500.0,0.0,0.0
2022-12-18 04:00:00,0.0,920.63,142.85714,0.0,460.315,500.0,0.0,0.0
2022-12-18 05:00:00,0.0,1070.71,142.85714,0.0,535.355,500.0,0.0,0.0
2022-12-18 06:00:00,0.0,1442.12,188.38745,0.0,721.06,500.0,45.075,0.0
2022-12-18 07:00:00,0.0,1227.9108,142.85714,0.0,613.9554,500.0,0.0,182.1496
2022-12-18 08:00:00,0.0,503.23309,125.80827,0.0,251.61655,440.32895,0.0,376.0595
2022-12-18 09:00:00,0.0,367.32276,91.830691,0.0,183.66138,321.40742,0.0,518.9862
2022-12-18 10:00:00,0.0,286.94655,71.736636,0.0,143.47327,251.07823,0.0,600.0235
2022-12-18 11:00:00,0.0,323.4536,80.8634,0.0,161.7268,283.0219,0.0,620.7262999999999
2022-12-18 12:00:00,0.0,271.86967,67.967418,0.0,135.93484,237.88596,0.0,584.3942
2022-12-18 13:00:00,0.0,334.48116,83.620291,0.0,167.24058,292.67102,0.0,473.4633999999999
2022-12-18 14:00:00,0.0,455.47513,113.86878,0.0,227.73756,398.54074,0.0,334.18670000000003
2022-12-18 15:00:00,0.0,681.6356,142.85714,0.0,340.8178,500.0,0.0,123.83720000000001
2022-12-18 16:00:00,0.0,1024.85,142.85714,0.0,512.425,500.0,0.0,0.0
2022-12-18 17:00:00,0.0,1095.05,142.85714,0.0,547.525,500.0,0.0,0.0
2022-12-18 18:00:00,0.0,1388.87,142.85714,0.0,694.435,500.0,0.0,0.0
2022-12-18 19:00:00,0.0,1146.23,142.85714,0.0,573.115,500.0,0.0,0.0
2022-12-18 20:00:00,0.0,1237.97,142.85714,0.0,618.985,500.0,0.0,0.0
2022-12-18 21:00:00,0.0,1218.01,142.85714,0.0,609.005,500.0,0.0,0.0
2022-12-18 22:00:00,0.0,1223.45,142.85714,0.0,611.725,500.0,0.0,0.0
2022-12-18 23:00:00,0.0,1127.01,142.85714,0.0,563.505,500.0,0.0,0.0
2022-12-19 00:00:00,0.0,1101.65,142.85714,0.0,550.825,500.0,0.0,0.0
2022-12-19 01:00:00,0.0,1097.95,142.85714,0.0,548.975,500.0,0.0,0.0
2022-12-19 02:00:00,0.0,1072.17,142.85714,0.0,536.085,500.0,0.0,0.0
2022-12-19 03:00:00,0.0,1025.43,142.85714,0.0,512.715,500.0,0.0,0.0
2022-12-19 04:00:00,0.0,1014.77,142.85714,0.0,507.385,500.0,0.0,0.0
2022-12-19 05:00:00,0.0,1113.53,142.85714,0.0,556.765,500.0,0.0,0.0
2022-12-19 06:00:00,0.0,1442.12,193.9531,0.0,721.06,500.0,50.585,0.0
2022-12-19 07:00:00,0.0,1260.7702,142.85714,0.0,630.3851,500.0,0.0,171.2799
2022-12-19 08:00:00,0.0,559.89884,139.97471,0.0,279.94942,489.91148,0.0,378.9941
2022-12-19 09:00:00,0.0,372.71025,93.177564,0.0,186.35513,326.12147,0.0,518.3584
2022-12-19 10:00:00,0.0,289.60153,72.400382,0.0,144.80076,253.40134,0.0,602.7829
2022-12-19 11:00:00,0.0,334.88051,83.720127,0.0,167.44025,293.02045,0.0,609.4843
2022-12-19 12:00:00,0.0,272.77833,68.194582,0.0,136.38916,238.68104,0.0,583.0948
2022-12-19 13:00:00,0.0,330.58996,82.647491,0.0,165.29498,289.26622,0.0,503.74379999999996
2022-12-19 14:00:00,0.0,479.07055,119.76764,0.0,239.53527,419.18673,0.0,307.403
2022-12-19 15:00:00,0.0,876.4762,142.85714,0.0,438.2381,500.0,0.0,35.4269
2022-12-19 16:00:00,0.0,1009.43,142.85714,0.0,504.715,500.0,0.0,0.0
2022-12-19 17:00:00,0.0,1023.51,142.85714,0.0,511.755,500.0,0.0,0.0
2022-12-19 18:00:00,0.0,1372.67,142.85714,0.0,686.335,500.0,0.0,0.0
2022-12-19 19:00:00,0.0,1125.01,142.85714,0.0,562.505,500.0,0.0,0.0
2022-12-19 20:00:00,0.0,1112.61,142.85714,0.0,556.305,500.0,0.0,0.0
2022-12-19 21:00:00,0.0,1071.93,142.85714,0.0,535.965,500.0,0.0,0.0
2022-12-19 22:00:00,0.0,946.63,142.85714,0.0,473.315,500.0,0.0,0.0
2022-12-19 23:00:00,0.0,818.57,142.85714,0.0,409.285,500.0,0.0,0.0
2022-12-20 00:00:00,0.0,743.75,142.85714,0.0,371.875,500.0,0.0,0.0
2022-12-20 01:00:00,0.0,678.43,142.85714,0.0,339.215,500.0,0.0,0.0
2022-12-20 02:00:00,0.0,702.83,142.85714,0.0,351.415,500.0,0.0,0.0
2022-12-20 03:00:00,0.0,716.91,142.85714,0.0,358.455,500.0,0.0,0.0
2022-12-20 04:00:00,0.0,749.67,142.85714,0.0,374.835,500.0,0.0,0.0
2022-12-20 05:00:00,0.0,849.59,142.85714,0.0,424.795,500.0,0.0,0.0
2022-12-20 06:00:00,0.0,1208.73,142.85714,0.0,604.365,500.0,0.0,0.0
2022-12-20 07:00:00,0.0,1240.1446,142.85714,0.0,620.0723,500.0,0.0,183.9527
2022-12-20 08:00:00,0.0,515.60756,128.90189,0.0,257.80378,451.15662,0.0,383.2646
2022-12-20 09:00:00,0.0,361.40829,90.352073,0.0,180.70415,316.23225,0.0,512.3285999999999
2022-12-20 10:00:00,0.0,298.92749,74.731873,0.0,149.46375,261.56155,0.0,606.5496999999999
2022-12-20 11:00:00,0.0,316.92516,79.231291,0.0,158.46258,277.30952,0.0,618.1129
2022-12-20 12:00:00,0.0,289.9176,72.4794,0.0,144.9588,253.6779,0.0,578.6782999999999
2022-12-20 13:00:00,0.0,358.74902,89.687255,0.0,179.37451,313.90539,0.0,503.6051
2022-12-20 14:00:00,0.0,487.89178,121.97295,0.0,243.94589,426.90531,0.0,340.2238
2022-12-20 15:00:00,0.0,671.9532,142.85714,0.0,335.9766,500.0,0.0,136.5684
2022-12-20 16:00:00,0.0,1008.49,142.85714,0.0,504.245,500.0,0.0,0.0
2022-12-20 17:00:00,0.0,1079.17,142.85714,0.0,539.585,500.0,0.0,0.0
2022-12-20 18:00:00,26.01,1442.12,142.85714,13.005,721.06,500.0,0.0,0.0
2022-12-20 19:00:00,0.0,1212.01,142.85714,0.0,606.005,500.0,0.0,0.0
2022-12-20 20:00:00,0.0,1249.21,142.85714,0.0,624.605,500.0,0.0,0.0
2022-12-20 21:00:00,0.0,1210.51,142.85714,0.0,605.255,500.0,0.0,0.0
2022-12-20 22:00:00,0.0,1137.91,142.85714,0.0,568.955,500.0,0.0,0.0
2022-12-20 23:00:00,0.0,1024.95,142.85714,0.0,512.475,500.0,0.0,0.0
2022-12-21 00:00:00,0.0,942.43,142.85714,0.0,471.215,500.0,0.0,0.0
2022-12-21 01:00:00,0.0,892.17,142.85714,0.0,446.085,500.0,0.0,0.0
2022-12-21 02:00:00,0.0,918.33,142.85714,0.0,459.165,500.0,0.0,0.0
2022-12-21 03:00:00,0.0,893.95,142.85714,0.0,446.975,500.0,0.0,0.0
2022-12-21 04:00:00,0.0,933.95,142.85714,0.0,466.975,500.0,0.0,0.0
2022-12-21 05:00:00,0.0,1039.09,142.85714,0.0,519.545,500.0,0.0,0.0
2022-12-21 06:00:00,0.0,1317.05,142.85714,0.0,658.525,500.0,0.0,0.0
2022-12-21 07:00:00,0.0,1245.5526,142.85714,0.0,622.7763,500.0,0.0,184.09869999999998
2022-12-21 08:00:00,0.0,614.594,142.85714,0.0,307.297,500.0,0.0,382.958
2022-12-21 09:00:00,0.0,461.38415,115.34604,0.0,230.69207,403.71113,0.0,508.5618
2022-12-21 10:00:00,0.0,381.96938,95.492345,0.0,190.98469,334.22321,0.0,602.4471
2022-12-21 11:00:00,0.0,399.71491,99.928727,0.0,199.85745,349.75055,0.0,620.427
2022-12-21 12:00:00,0.0,367.57767,91.894418,0.0,183.78884,321.63046,0.0,576.7656999999999
2022-12-21 13:00:00,0.0,449.54669,112.38667,0.0,224.77335,393.35335,0.0,483.0483
2022-12-21 14:00:00,0.0,538.796,134.699,0.0,269.398,471.4465,0.0,342.2605
2022-12-21 15:00:00,0.0,930.0486,142.85714,0.0,465.0243,500.0,0.0,135.48069999999998
2022-12-21 16:00:00,0.0,1266.59,142.85714,0.0,633.295,500.0,0.0,0.0
2022-12-21 17:00:00,0.0,1166.85,142.85714,0.0,583.425,500.0,0.0,0.0
2022-12-21 18:00:00,151.73,1442.12,142.85714,75.865,721.06,500.0,0.0,0.0
2022-12-21 19:00:00,0.0,1197.83,142.85714,0.0,598.915,500.0,0.0,0.0
2022-12-21 20:00:00,0.0,1130.55,142.85714,0.0,565.275,500.0,0.0,0.0
2022-12-21 21:00:00,0.0,1246.85,142.85714,0.0,623.425,500.0,0.0,0.0
2022-12-21 22:00:00,0.0,1183.83,142.85714,0.0,591.915,500.0,0.0,0.0
2022-12-21 23:00:00,0.0,1098.25,142.85714,0.0,549.125,500.0,0.0,0.0
2022-12-22 00:00:00,0.0,1036.09,142.85714,0.0,518.045,500.0,0.0,0.0
2022-12-22 01:00:00,0.0,994.19,142.85714,0.0,497.095,500.0,0.0,0.0
2022-12-22 02:00:00,0.0,980.67,142.85714,0.0,490.335,500.0,0.0,0.0
2022-12-22 03:00:00,0.0,963.17,142.85714,0.0,481.585,500.0,0.0,0.0
2022-12-22 04:00:00,0.0,996.57,142.85714,0.0,498.285,500.0,0.0,0.0
2022-12-22 05:00:00,0.0,980.63,142.85714,0.0,490.315,500.0,0.0,0.0
2022-12-22 06:00:00,0.0,1022.47,142.85714,0.0,511.235,500.0,0.0,0.0
2022-12-22 07:00:00,0.0,808.4782,142.85714,0.0,404.2391,500.0,0.0,168.5059
2022-12-22 08:00:00,0.0,556.83375,139.20844,0.0,278.41687,487.22953,0.0,361.9486
2022-12-22 09:00:00,0.0,475.40516,118.85129,0.0,237.70258,415.97952,0.0,492.55289999999997
2022-12-22 10:00:00,0.0,524.31091,131.07773,0.0,262.15545,458.77205,0.0,577.2475
2022-12-22 11:00:00,0.0,661.9722,142.85714,0.0,330.9861,500.0,0.0,416.0488999999999
2022-12-22 12:00:00,0.0,445.98807,111.49702,0.0,222.99404,390.23956,0.0,541.0614
2022-12-22 13:00:00,0.0,716.3344,142.85714,0.0,358.1672,500.0,0.0,318.1778
2022-12-22 14:00:00,0.0,1063.784,142.85714,0.0,531.892,500.0,0.0,87.673
2022-12-22 15:00:00,0.0,1124.797,142.85714,0.0,562.3985,500.0,0.0,69.3865
2022-12-22 16:00:00,0.0,1290.21,142.85714,0.0,645.105,500.0,0.0,0.0
2022-12-22 17:00:00,0.0,1267.43,142.85714,0.0,633.715,500.0,0.0,0.0
2022-12-22 18:00:00,112.61,1442.12,142.85714,56.305,721.06,500.0,0.0,0.0
2022-12-22 19:00:00,0.0,1226.77,142.85714,0.0,613.385,500.0,0.0,0.0
2022-12-22 20:00:00,0.0,1217.41,142.85714,0.0,608.705,500.0,0.0,0.0
2022-12-22 21:00:00,0.0,1223.03,142.85714,0.0,611.515,500.0,0.0,0.0
2022-12-22 22:00:00,0.0,1211.79,142.85714,0.0,605.895,500.0,0.0,0.0
2022-12-22 23:00:00,0.0,1171.91,142.85714,0.0,585.955,500.0,0.0,0.0
2022-12-23 00:00:00,0.0,1194.97,142.85714,0.0,597.485,500.0,0.0,0.0
2022-12-23 01:00:00,0.0,1090.23,142.85714,0.0,545.115,500.0,0.0,0.0
2022-12-23 02:00:00,0.0,1049.69,142.85714,0.0,524.845,500.0,0.0,0.0
2022-12-23 03:00:00,0.0,1069.61,142.85714,0.0,534.805,500.0,0.0,0.0
2022-12-23 04:00:00,0.0,1074.69,142.85714,0.0,537.345,500.0,0.0,0.0
2022-12-23 05:00:00,0.0,1061.93,142.85714,0.0,530.965,500.0,0.0,0.0
2022-12-23 06:00:00,0.0,1137.95,142.85714,0.0,568.975,500.0,0.0,0.0
2022-12-23 07:00:00,0.0,991.5488,142.85714,0.0,495.7744,500.0,0.0,145.4306
2022-12-23 08:00:00,0.0,847.022,142.85714,0.0,423.511,500.0,0.0,213.744
2022-12-23 09:00:00,0.0,559.12415,139.78104,0.0,279.56207,489.23363,0.0,437.5693
2022-12-23 10:00:00,0.0,1320.2276,142.85714,0.0,660.1138,500.0,0.0,149.97119999999998
2022-12-23 11:00:00,0.0,1410.8434,142.85714,0.0,705.4217,500.0,0.0,203.09329999999997
2022-12-23 12:00:00,0.0,1269.7802,142.85714,0.0,634.8901,500.0,0.0,116.89489999999998
2022-12-23 13:00:00,0.0,1266.528,142.85714,0.0,633.264,500.0,0.0,68.401
2022-12-23 14:00:00,0.0,1328.3236,142.85714,0.0,664.1618,500.0,0.0,45.1432
2022-12-23 15:00:00,0.0,1388.0922,142.85714,0.0,694.0461,500.0,0.0,11.6289
2022-12-23 16:00:00,0.0,1423.55,142.85714,0.0,711.775,500.0,0.0,0.0
2022-12-23 17:00:00,42.81,1442.12,142.85714,21.405,721.06,500.0,0.0,0.0
2022-12-23 18:00:00,233.03,1442.12,142.85714,116.515,721.06,500.0,0.0,0.0
2022-12-23 19:00:00,0.0,1398.87,142.85714,0.0,699.435,500.0,0.0,0.0
2022-12-23 20:00:00,0.0,1413.07,142.85714,0.0,706.535,500.0,0.0,0.0
2022-12-23 21:00:00,0.0,1281.67,142.85714,0.0,640.835,500.0,0.0,0.0
2022-12-23 22:00:00,0.0,1246.69,142.85714,0.0,623.345,500.0,0.0,0.0
2022-12-23 23:00:00,0.0,1242.45,142.85714,0.0,621.225,500.0,0.0,0.0
2022-12-24 00:00:00,0.0,1181.97,142.85714,0.0,590.985,500.0,0.0,0.0
2022-12-24 01:00:00,0.0,970.97468,242.74367,0.0,485.48734,500.0,98.887661,0.0
2022-12-24 02:00:00,0.0,961.66364,240.41591,0.0,480.83182,500.0,96.58318,0.0
2022-12-24 03:00:00,0.0,961.94458,240.48614,0.0,480.97229,500.0,96.652711,0.0
2022-12-24 04:00:00,0.0,982.50645,245.62661,0.0,491.25323,500.0,101.74177,0.0
2022-12-24 05:00:00,0.0,993.8108,248.4527,0.0,496.9054,500.0,104.5396,0.0
2022-12-24 06:00:00,0.0,1019.5098,254.87745,0.0,509.7549,500.0,110.9001,0.0
2022-12-24 07:00:00,0.0,1285.58,142.85714,0.0,642.79,500.0,0.0,60.955
2022-12-24 08:00:00,0.0,847.8382,142.85714,0.0,423.9191,500.0,0.0,302.8259
2022-12-24 09:00:00,0.0,1267.6524,142.85714,0.0,633.8262,500.0,0.0,216.4888
2022-12-24 10:00:00,0.0,880.7016,142.85714,0.0,440.3508,500.0,0.0,543.5142
2022-12-24 11:00:00,0.0,1112.645,142.85714,0.0,556.3225,500.0,0.0,457.8925
2022-12-24 12:00:00,0.0,887.578,142.85714,0.0,443.789,500.0,0.0,463.69599999999997
2022-12-24 13:00:00,0.0,1072.6746,142.85714,0.0,536.3373,500.0,0.0,270.4577
2022-12-24 14:00:00,0.0,1383.626,142.85714,0.0,691.813,500.0,0.0,111.25200000000001
2022-12-24 15:00:00,0.0,1296.5652,142.85714,0.0,648.2826,500.0,0.0,99.9224
2022-12-24 16:00:00,0.0,1442.12,171.77128,0.0,721.06,500.0,28.625,0.0
2022-12-24 17:00:00,0.0,1442.12,175.46825,0.0,721.06,500.0,32.285,0.0
2022-12-24 18:00:00,0.0,1442.12,301.06421,0.0,721.06,500.0,156.625,0.0
2022-12-24 19:00:00,0.0,1425.85,142.85714,0.0,712.925,500.0,0.0,0.0
2022-12-24 20:00:00,0.0,1393.93,142.85714,0.0,696.965,500.0,0.0,0.0
2022-12-24 21:00:00,0.0,1332.57,142.85714,0.0,666.285,500.0,0.0,0.0
2022-12-24 22:00:00,0.0,1293.33,142.85714,0.0,646.665,500.0,0.0,0.0
2022-12-24 23:00:00,0.0,1237.69,142.85714,0.0,618.845,500.0,0.0,0.0
2022-12-25 00:00:00,0.0,1152.43,142.85714,0.0,576.215,500.0,0.0,0.0
2022-12-25 01:00:00,0.0,1094.69,142.85714,0.0,547.345,500.0,0.0,0.0
2022-12-25 02:00:00,0.0,1047.81,142.85714,0.0,523.905,500.0,0.0,0.0
2022-12-25 03:00:00,0.0,1007.45,142.85714,0.0,503.725,500.0,0.0,0.0
2022-12-25 04:00:00,0.0,989.35,142.85714,0.0,494.675,500.0,0.0,0.0
2022-12-25 05:00:00,0.0,994.95,142.85714,0.0,497.475,500.0,0.0,0.0
2022-12-25 06:00:00,0.0,986.13,142.85714,0.0,493.065,500.0,0.0,0.0
2022-12-25 07:00:00,0.0,748.3864,142.85714,0.0,374.1932,500.0,0.0,182.9818
2022-12-25 08:00:00,0.0,470.46567,117.61642,0.0,235.23284,411.65746,0.0,378.42470000000003
2022-12-25 09:00:00,0.0,407.00022,101.75005,0.0,203.50011,356.12519,0.0,513.1097
2022-12-25 10:00:00,0.0,356.85629,89.214073,0.0,178.42815,312.24925,0.0,610.3675999999999
2022-12-25 11:00:00,0.0,387.57542,96.893855,0.0,193.78771,339.12849,0.0,625.2887999999999
2022-12-25 12:00:00,0.0,323.21658,80.804145,0.0,161.60829,282.81451,0.0,587.7521999999999
2022-12-25 13:00:00,0.0,377.43076,94.357691,0.0,188.71538,330.25192,0.0,487.26770000000005
2022-12-25 14:00:00,0.0,470.10487,117.52622,0.0,235.05244,411.34176,0.0,342.3408
2022-12-25 15:00:00,0.0,827.9958,142.85714,0.0,413.9979,500.0,0.0,148.3871
2022-12-25 16:00:00,0.0,927.99,142.85714,0.0,463.995,500.0,0.0,0.0
2022-12-25 17:00:00,0.0,931.19,142.85714,0.0,465.595,500.0,0.0,0.0
2022-12-25 18:00:00,0.0,1185.65,142.85714,0.0,592.825,500.0,0.0,0.0
2022-12-25 19:00:00,0.0,849.47,142.85714,0.0,424.735,500.0,0.0,0.0
2022-12-25 20:00:00,0.0,799.33,142.85714,0.0,399.665,500.0,0.0,0.0
2022-12-25 21:00:00,0.0,879.93,142.85714,0.0,439.965,500.0,0.0,0.0
2022-12-25 22:00:00,0.0,815.01,142.85714,0.0,407.505,500.0,0.0,0.0
2022-12-25 23:00:00,0.0,779.39,142.85714,0.0,389.695,500.0,0.0,0.0
2022-12-26 00:00:00,0.0,691.56331,172.89083,0.0,345.78165,500.0,29.733347,0.0
2022-12-26 01:00:00,0.0,596.75394,149.18849,0.0,298.37697,500.0,6.2680291,0.0
2022-12-26 02:00:00,0.0,566.77455,141.69364,0.0,283.38727,495.92773,0.0,0.0
2022-12-26 03:00:00,0.0,575.16197,143.79049,0.0,287.58098,500.0,0.92401577,0.0
2022-12-26 04:00:00,0.0,608.31247,152.07812,0.0,304.15624,500.0,9.1287649,0.0
2022-12-26 05:00:00,0.0,611.7506,152.93765,0.0,305.8753,500.0,9.9797014,0.0
2022-12-26 06:00:00,0.0,635.42953,158.85738,0.0,317.71476,500.0,15.840237,0.0
2022-12-26 07:00:00,0.0,533.51484,133.37871,0.0,266.75742,466.82548,0.0,190.36209999999997
2022-12-26 08:00:00,0.0,405.54618,101.38655,0.0,202.77309,354.85291,0.0,381.27899999999994
2022-12-26 09:00:00,0.0,347.40255,86.850636,0.0,173.70127,303.97723,0.0,521.9865
2022-12-26 10:00:00,0.0,345.22116,86.305291,0.0,172.61058,302.06852,0.0,610.8859
2022-12-26 11:00:00,0.0,354.29404,88.573509,0.0,177.14702,310.00728,0.0,621.6606999999999
2022-12-26 12:00:00,0.0,310.41025,77.602564,0.0,155.20513,271.60897,0.0,606.1409
2022-12-26 13:00:00,0.0,379.41455,94.853636,0.0,189.70727,331.98773,0.0,504.42999999999995
2022-12-26 14:00:00,0.0,466.83891,116.70973,0.0,233.41945,408.48405,0.0,344.2315
2022-12-26 15:00:00,0.0,625.50872,156.37718,0.0,312.75436,500.0,13.384838,152.9058
2022-12-26 16:00:00,0.0,857.77066,214.44267,0.0,428.88533,500.0,70.869668,0.0
2022-12-26 17:00:00,0.0,865.28906,216.32226,0.0,432.64453,500.0,72.730471,0.0
2022-12-26 18:00:00,0.0,963.2021,240.80053,0.0,481.60105,500.0,96.963949,0.0
2022-12-26 19:00:00,0.0,813.46297,203.36574,0.0,406.73149,500.0,59.903514,0.0
2022-12-26 20:00:00,0.0,808.37936,202.09484,0.0,404.18968,500.0,58.64532,0.0
2022-12-26 21:00:00,0.0,738.43956,184.60989,0.0,369.21978,500.0,41.33522,0.0
2022-12-26 22:00:00,0.0,722.80076,180.70019,0.0,361.40038,500.0,37.464618,0.0
2022-12-26 23:00:00,0.0,697.06163,174.26541,0.0,348.53082,500.0,31.094183,0.0
2022-12-27 00:00:00,0.0,672.45963,168.11491,0.0,336.22981,500.0,25.005186,0.0
2022-12-27 01:00:00,0.0,665.52986,166.38247,0.0,332.76493,500.0,23.290069,0.0
2022-12-27 02:00:00,0.0,690.78739,172.69685,0.0,345.39369,500.0,29.541307,0.0
2022-12-27 03:00:00,0.0,706.97468,176.74367,0.0,353.48734,500.0,33.547661,0.0
2022-12-27 04:00:00,0.0,743.57668,185.89417,0.0,371.78834,500.0,42.606658,0.0
2022-12-27 05:00:00,0.0,760.52652,190.13163,0.0,380.26326,500.0,46.801742,0.0
2022-12-27 06:00:00,0.0,827.0817,206.77043,0.0,413.54085,500.0,63.27415,0.0
2022-12-27 07:00:00,0.0,822.505,142.85714,0.0,411.2525,500.0,0.0,178.3025
2022-12-27 08:00:00,0.0,467.24422,116.81105,0.0,233.62211,408.83869,0.0,380.72419999999994
2022-12-27 09:00:00,0.0,396.25796,99.064491,0.0,198.12898,346.72572,0.0,505.24030000000005
2022-12-27 10:00:00,0.0,375.30204,93.825509,0.0,187.65102,328.38928,0.0,576.9847
2022-12-27 11:00:00,0.0,364.83833,91.209582,0.0,182.41916,319.23354,0.0,635.4722999999999
2022-12-27 12:00:00,0.0,334.38989,83.597473,0.0,167.19495,292.59115,0.0,594.1689
2022-12-27 13:00:00,0.0,369.98713,92.496782,0.0,184.99356,323.73874,0.0,498.5827
2022-12-27 14:00:00,0.0,452.91745,113.22936,0.0,226.45873,396.30277,0.0,346.7135
2022-12-27 15:00:00,0.0,693.421,142.85714,0.0,346.7105,500.0,0.0,152.3145
2022-12-27 16:00:00,0.0,962.17,142.85714,0.0,481.085,500.0,0.0,0.0
2022-12-27 17:00:00,0.0,991.77,142.85714,0.0,495.885,500.0,0.0,0.0
2022-12-27 18:00:00,0.0,1375.29,142.85714,0.0,687.645,500.0,0.0,0.0
2022-12-27 19:00:00,0.0,1009.11,142.85714,0.0,504.555,500.0,0.0,0.0
2022-12-27 20:00:00,0.0,1037.69,142.85714,0.0,518.845,500.0,0.0,0.0
2022-12-27 21:00:00,0.0,997.87,142.85714,0.0,498.935,500.0,0.0,0.0
2022-12-27 22:00:00,0.0,916.43,142.85714,0.0,458.215,500.0,0.0,0.0
2022-12-27 23:00:00,0.0,948.59,142.85714,0.0,474.295,500.0,0.0,0.0
2022-12-28 00:00:00,0.0,765.39608,191.34902,0.0,382.69804,500.0,48.006959,0.0
2022-12-28 01:00:00,0.0,752.91448,188.22862,0.0,376.45724,500.0,44.917762,0.0
2022-12-28 02:00:00,0.0,757.50311,189.37578,0.0,378.75155,500.0,46.053447,0.0
2022-12-28 03:00:00,0.0,761.54324,190.38581,0.0,380.77162,500.0,47.05338,0.0
2022-12-28 04:00:00,0.0,759.04157,189.76039,0.0,379.52078,500.0,46.434216,0.0
2022-12-28 05:00:00,0.0,788.29909,197.07477,0.0,394.14955,500.0,53.675454,0.0
2022-12-28 06:00:00,0.0,793.71715,198.42929,0.0,396.85858,500.0,55.016424,0.0
2022-12-28 07:00:00,0.0,699.42926,174.85731,0.0,349.71463,500.0,31.68017,175.7402
2022-12-28 08:00:00,0.0,489.17062,122.29265,0.0,244.58531,428.02429,0.0,378.8554
2022-12-28 09:00:00,0.0,403.68422,100.92105,0.0,201.84211,353.22369,0.0,515.4092
2022-12-28 10:00:00,0.0,333.71396,83.428491,0.0,166.85698,291.99972,0.0,609.3382999999999
2022-12-28 11:00:00,0.0,381.956,95.489,0.0,190.978,334.2115,0.0,630.2455
2022-12-28 12:00:00,0.0,293.79287,73.448218,0.0,146.89644,257.06876,0.0,606.8198
2022-12-28 13:00:00,0.0,359.75418,89.938545,0.0,179.87709,314.78491,0.0,498.663
2022-12-28 14:00:00,0.0,454.9752,113.7438,0.0,227.4876,398.1033,0.0,353.4441
2022-12-28 15:00:00,0.0,650.1044,142.85714,0.0,325.0522,500.0,0.0,156.4828
2022-12-28 16:00:00,0.0,985.53,142.85714,0.0,492.765,500.0,0.0,0.0
2022-12-28 17:00:00,0.0,1136.55,142.85714,0.0,568.275,500.0,0.0,0.0
2022-12-28 18:00:00,0.0,1442.12,143.25613,0.0,721.06,500.0,0.395,0.0
2022-12-28 19:00:00,0.0,1195.09,142.85714,0.0,597.545,500.0,0.0,0.0
2022-12-28 20:00:00,0.0,921.0215,230.25538,0.0,460.51075,500.0,86.52425,0.0
2022-12-28 21:00:00,0.0,901.86431,225.46608,0.0,450.93215,500.0,81.782845,0.0
2022-12-28 22:00:00,0.0,882.51983,220.62996,0.0,441.25991,500.0,76.995086,0.0
2022-12-28 23:00:00,0.0,868.19207,217.04802,0.0,434.09603,500.0,73.448966,0.0
2022-12-29 00:00:00,0.0,883.59006,220.89752,0.0,441.79503,500.0,77.259969,0.0
2022-12-29 01:00:00,0.0,875.72384,218.93096,0.0,437.86192,500.0,75.313079,0.0
2022-12-29 02:00:00,0.0,850.0516,212.5129,0.0,425.0258,500.0,68.9592,0.0
2022-12-29 03:00:00,0.0,855.26899,213.81725,0.0,427.6345,500.0,70.250504,0.0
2022-12-29 04:00:00,0.0,842.54658,210.63665,0.0,421.27329,500.0,67.101708,0.0
2022-12-29 05:00:00,0.0,866.73387,216.68347,0.0,433.36694,500.0,73.088063,0.0
2022-12-29 06:00:00,0.0,807.16197,201.79049,0.0,403.58098,500.0,58.344016,0.0
2022-12-29 07:00:00,0.0,654.29602,163.574,0.0,327.14801,500.0,20.509692,181.04729999999998
2022-12-29 08:00:00,0.0,461.85447,115.46362,0.0,230.92724,404.12266,0.0,378.0451
2022-12-29 09:00:00,0.0,399.10553,99.776382,0.0,199.55276,349.21734,0.0,526.4249
2022-12-29 10:00:00,0.0,403.59193,100.89798,0.0,201.79596,353.14294,0.0,561.7861
2022-12-29 11:00:00,0.0,470.81833,117.70458,0.0,235.40916,411.96604,0.0,536.0097999999999
2022-12-29 12:00:00,0.0,341.24015,85.310036,0.0,170.62007,298.58513,0.0,541.8498
2022-12-29 13:00:00,0.0,422.24531,105.56133,0.0,211.12265,369.46465,0.0,486.5377000000001
2022-12-29 14:00:00,0.0,492.87629,123.21907,0.0,246.43815,431.26675,0.0,349.21009999999995
2022-12-29 15:00:00,0.0,680.67635,170.16909,0.0,340.33817,500.0,27.038825,147.898
2022-12-29 16:00:00,0.0,924.7807,231.19517,0.0,462.39035,500.0,87.454651,0.0
2022-12-29 17:00:00,0.0,874.88103,218.72026,0.0,437.44052,500.0,75.104484,0.0
2022-12-29 18:00:00,0.0,1057.6503,264.41257,0.0,528.82513,500.0,120.33987,0.0
2022-12-29 19:00:00,0.0,939.7506,234.93765,0.0,469.8753,500.0,91.159701,0.0
2022-12-29 20:00:00,0.0,835.93789,208.98447,0.0,417.96894,500.0,65.466056,0.0
2022-12-29 21:00:00,0.0,854.25227,213.56307,0.0,427.12613,500.0,69.998865,0.0
2022-12-29 22:00:00,0.0,836.60678,209.1517,0.0,418.30339,500.0,65.631608,0.0
2022-12-29 23:00:00,0.0,820.91448,205.22862,0.0,410.45724,500.0,61.747762,0.0
2022-12-30 00:00:00,0.0,804.08505,201.02126,0.0,402.04252,500.0,57.582477,0.0
2022-12-30 01:00:00,0.0,780.71381,195.17845,0.0,390.3569,500.0,51.798096,0.0
2022-12-30 02:00:00,0.0,773.65026,193.41257,0.0,386.82513,500.0,50.049869,0.0
2022-12-30 03:00:00,0.0,766.76063,191.69016,0.0,383.38032,500.0,48.344685,0.0
2022-12-30 04:00:00,0.0,777.35595,194.33899,0.0,388.67797,500.0,50.967026,0.0
2022-12-30 05:00:00,0.0,780.75394,195.18849,0.0,390.37697,500.0,51.808029,0.0
2022-12-30 06:00:00,0.0,779.46966,194.86742,0.0,389.73483,500.0,51.49017,0.0
2022-12-30 07:00:00,0.0,675.94364,168.98591,0.0,337.97182,500.0,25.86748,157.01569999999998
2022-12-30 08:00:00,0.0,460.93215,115.23304,0.0,230.46607,403.31563,0.0,368.8033
2022-12-30 09:00:00,0.0,420.28342,105.07085,0.0,210.14171,367.74799,0.0,504.14529999999996
2022-12-30 10:00:00,0.0,328.81527,82.203818,0.0,164.40764,287.71336,0.0,598.454
2022-12-30 11:00:00,0.0,436.90836,109.22709,0.0,218.45418,382.29482,0.0,603.126
2022-12-30 12:00:00,0.0,647.82391,161.95598,0.0,323.91195,500.0,18.907846,255.6752
2022-12-30 13:00:00,0.0,459.38,114.845,0.0,229.69,401.9575,0.0,472.8575
2022-12-30 14:00:00,0.0,482.11513,120.52878,0.0,241.05756,421.85074,0.0,349.5167
2022-12-30 15:00:00,0.0,654.44973,163.61243,0.0,327.22486,500.0,20.547736,170.0024
2022-12-30 16:00:00,0.0,891.02819,222.75705,0.0,445.51409,500.0,79.100905,0.0
2022-12-30 17:00:00,0.0,879.0817,219.77043,0.0,439.54085,500.0,76.14415,0.0
2022-12-30 18:00:00,0.0,1119.8576,279.96441,0.0,559.92881,500.0,135.73619,0.0
2022-12-30 19:00:00,0.0,915.83086,228.95772,0.0,457.91543,500.0,85.239568,0.0
2022-12-30 20:00:00,0.0,862.54658,215.63665,0.0,431.27329,500.0,72.051708,0.0
2022-12-30 21:00:00,0.0,798.03822,199.50956,0.0,399.01911,500.0,56.085889,0.0
2022-12-30 22:00:00,0.0,765.1419,191.28548,0.0,382.57095,500.0,47.944049,0.0
2022-12-30 23:00:00,0.0,784.87434,196.21859,0.0,392.43717,500.0,52.827828,0.0
2022-12-31 00:00:00,0.0,709.36933,177.34233,0.0,354.68466,500.0,34.140337,0.0
2022-12-31 01:00:00,0.0,686.0516,171.5129,0.0,343.0258,500.0,28.3692,0.0
2022-12-31 02:00:00,0.0,681.98471,170.49618,0.0,340.99236,500.0,27.362645,0.0
2022-12-31 03:00:00,0.0,679.85762,169.96441,0.0,339.92881,500.0,26.83619,0.0
2022-12-31 04:00:00,0.0,694.19876,173.54969,0.0,347.09938,500.0,30.385621,0.0
2022-12-31 05:00:00,0.0,686.82752,171.70688,0.0,343.41376,500.0,28.56124,0.0
2022-12-31 06:00:00,0.0,690.18538,172.54634,0.0,345.09269,500.0,29.39231,0.0
2022-12-31 07:00:00,0.0,558.90255,139.72564,0.0,279.45127,489.03973,0.0,180.164
2022-12-31 08:00:00,0.0,411.04996,102.76249,0.0,205.52498,359.66872,0.0,359.7513
2022-12-31 09:00:00,0.0,356.33404,89.083509,0.0,178.16702,311.79228,0.0,491.3557
2022-12-31 10:00:00,0.0,273.26822,68.317055,0.0,136.63411,239.10969,0.0,585.0512
2022-12-31 11:00:00,0.0,356.42305,89.105764,0.0,178.21153,311.87017,0.0,606.0532999999999
2022-12-31 12:00:00,0.0,287.68145,71.920364,0.0,143.84073,251.72127,0.0,589.913
2022-12-31 13:00:00,0.0,368.75273,92.188182,0.0,184.37636,322.65864,0.0,476.69
2022-12-31 14:00:00,0.0,439.64596,109.91149,0.0,219.82298,384.69022,0.0,315.8418
2022-12-31 15:00:00,0.0,560.10844,140.02711,0.0,280.05422,490.09488,0.0,150.9859
2022-12-31 16:00:00,0.0,775.54993,193.88748,0.0,387.77496,500.0,50.520036,0.0
2022-12-31 17:00:00,0.0,756.68705,189.17176,0.0,378.34353,500.0,45.851474,0.0
2022-12-31 18:00:00,0.0,972.32585,243.08146,0.0,486.16292,500.0,99.222076,0.0
2022-12-31 19:00:00,0.0,785.74391,196.43598,0.0,392.87195,500.0,53.043046,0.0
2022-12-31 20:00:00,0.0,760.98137,190.24534,0.0,380.49068,500.0,46.914317,0.0
2022-12-31 21:00:00,0.0,727.83086,181.95772,0.0,363.91543,500.0,38.709568,0.0
2022-12-31 22:00:00,0.0,694.06498,173.51624,0.0,347.03249,500.0,30.352511,0.0
2022-12-31 23:00:00,,,,,,,,
