,gas_bus_chp_flow,biomass_bus_biomass_chp_flow,electricity_grid_electrical_bus_flow,chp_thermal_bus_flow,biomass_chp_thermal_bus_flow,heat_pump_thermal_bus_flow,electric_boiler_thermal_bus_flow,solar_collector_thermal_bus_flow
2022-01-01 00:00:00,0.0,1442.12,64.127143,0.0,721.06,224.445,0.0,0.0
2022-01-01 01:00:00,0.0,1442.12,62.078571,0.0,721.06,217.275,0.0,0.0
2022-01-01 02:00:00,0.0,1442.12,59.952857,0.0,721.06,209.835,0.0,0.0
2022-01-01 03:00:00,0.0,1442.12,53.15,0.0,721.06,186.025,0.0,0.0
2022-01-01 04:00:00,0.0,1442.12,46.544286,0.0,721.06,162.905,0.0,0.0
2022-01-01 05:00:00,0.0,1442.12,42.95,0.0,721.06,150.325,0.0,0.0
2022-01-01 06:00:00,0.0,1442.12,45.67,0.0,721.06,159.845,0.0,0.0
2022-01-01 07:00:00,0.0,1442.12,50.318686,0.0,721.06,176.1154,0.0,41.989599999999996
2022-01-01 08:00:00,0.0,1442.12,39.514514,0.0,721.06,138.3008,0.0,66.82419999999999
2022-01-01 09:00:00,0.0,1442.12,32.111143,0.0,721.06,112.389,0.0,110.37600000000002
2022-01-01 10:00:00,0.0,1442.12,37.3398,0.0,721.06,130.6893,0.0,156.2857
2022-01-01 11:00:00,0.0,1442.12,76.012771,0.0,721.06,266.0447,0.0,123.4503
2022-01-01 12:00:00,0.0,1442.12,62.707114,0.0,721.06,219.4749,0.0,93.7101
2022-01-01 13:00:00,0.0,1442.12,81.232686,0.0,721.06,284.3144,0.0,88.49059999999999
2022-01-01 14:00:00,0.0,1442.12,72.310171,0.0,721.06,253.0856,0.0,45.8294
2022-01-01 15:00:00,0.0,1442.12,81.859743,0.0,721.06,286.5091,0.0,24.695899999999998
2022-01-01 16:00:00,0.0,1442.12,91.747143,0.0,721.06,321.115,0.0,0.0
2022-01-01 17:00:00,0.0,1442.12,86.801429,0.0,721.06,303.805,0.0,0.0
2022-01-01 18:00:00,0.0,1442.12,115.03857,0.0,721.06,402.635,0.0,0.0
2022-01-01 19:00:00,0.0,1442.12,68.035714,0.0,721.06,238.125,0.0,0.0
2022-01-01 20:00:00,0.0,1442.12,78.41,0.0,721.06,274.435,0.0,0.0
2022-01-01 21:00:00,0.0,1442.12,83.581429,0.0,721.06,292.535,0.0,0.0
2022-01-01 22:00:00,0.0,1442.12,66.407143,0.0,721.06,232.425,0.0,0.0
2022-01-01 23:00:00,0.0,1442.12,68.352857,0.0,721.06,239.235,0.0,0.0
2022-01-02 00:00:00,0.0,1442.12,61.067143,0.0,721.06,213.735,0.0,0.0
2022-01-02 01:00:00,0.0,1442.12,53.298571,0.0,721.06,186.545,0.0,0.0
2022-01-02 02:00:00,0.0,1442.12,51.381429,0.0,721.06,179.835,0.0,0.0
2022-01-02 03:00:00,0.0,1442.12,52.372857,0.0,721.06,183.305,0.0,0.0
2022-01-02 04:00:00,0.0,1442.12,50.621429,0.0,721.06,177.175,0.0,0.0
2022-01-02 05:00:00,0.0,1442.12,54.947143,0.0,721.06,192.315,0.0,0.0
2022-01-02 06:00:00,0.0,1442.12,74.552857,0.0,721.06,260.935,0.0,0.0
2022-01-02 07:00:00,0.0,1442.12,82.621486,0.0,721.06,289.1752,0.0,60.0498
2022-01-02 08:00:00,0.0,1442.12,48.049629,0.0,721.06,168.1737,0.0,102.0613
2022-01-02 09:00:00,0.0,1442.12,45.829171,0.0,721.06,160.4021,0.0,134.1229
2022-01-02 10:00:00,0.0,1442.12,63.194571,0.0,721.06,221.181,0.0,99.864
2022-01-02 11:00:00,0.0,1442.12,69.096971,0.0,721.06,241.8394,0.0,130.4656
2022-01-02 12:00:00,0.0,1442.12,40.818143,0.0,721.06,142.8635,0.0,125.2315
2022-01-02 13:00:00,0.0,1442.12,11.047314,0.0,721.06,38.6656,0.0,196.2094
2022-01-02 14:00:00,0.0,1442.12,37.396,0.0,721.06,130.886,0.0,66.649
2022-01-02 15:00:00,0.0,1442.12,54.053771,0.0,721.06,189.1882,0.0,36.6168
2022-01-02 16:00:00,0.0,1442.12,75.83,0.0,721.06,265.405,0.0,0.0
2022-01-02 17:00:00,0.0,1442.12,77.81,0.0,721.06,272.335,0.0,0.0
2022-01-02 18:00:00,0.0,1442.12,128.53571,0.0,721.06,449.875,0.0,0.0
2022-01-02 19:00:00,0.0,1442.12,96.695714,0.0,721.06,338.435,0.0,0.0
2022-01-02 20:00:00,0.0,1442.12,93.887143,0.0,721.06,328.605,0.0,0.0
2022-01-02 21:00:00,0.0,1442.12,74.487143,0.0,721.06,260.705,0.0,0.0
2022-01-02 22:00:00,0.0,1442.12,66.015714,0.0,721.06,231.055,0.0,0.0
2022-01-02 23:00:00,0.0,1442.12,56.441429,0.0,721.06,197.545,0.0,0.0
2022-01-03 00:00:00,0.0,1442.12,48.035714,0.0,721.06,168.125,0.0,0.0
2022-01-03 01:00:00,0.0,1442.12,41.95,0.0,721.06,146.825,0.0,0.0
2022-01-03 02:00:00,0.0,1442.12,41.841429,0.0,721.06,146.445,0.0,0.0
2022-01-03 03:00:00,0.0,1442.12,44.301429,0.0,721.06,155.055,0.0,0.0
2022-01-03 04:00:00,0.0,1442.12,46.521429,0.0,721.06,162.825,0.0,0.0
2022-01-03 05:00:00,0.0,1442.12,54.487143,0.0,721.06,190.705,0.0,0.0
2022-01-03 06:00:00,0.0,1442.12,89.944286,0.0,721.06,314.805,0.0,0.0
2022-01-03 07:00:00,0.0,1442.12,99.889257,0.0,721.06,349.6124,0.0,63.962599999999995
2022-01-03 08:00:00,0.0,1442.12,30.091,0.0,721.06,105.3185,0.0,246.04649999999998
2022-01-03 09:00:00,0.0,1169.2668,0.0,0.0,584.6334,0.0,0.0,488.31160000000006
2022-01-03 10:00:00,0.0,1026.5172,0.0,0.0,513.2586,0.0,0.0,555.2964000000001
2022-01-03 11:00:00,0.0,906.6636,0.0,0.0,453.3318,0.0,0.0,653.9631999999999
2022-01-03 12:00:00,0.0,754.9928,0.0,0.0,377.4964,0.0,0.0,602.1186
2022-01-03 13:00:00,0.0,942.57,0.0,0.0,471.285,0.0,0.0,511.0
2022-01-03 14:00:00,0.0,1285.1758,0.0,0.0,642.5879,0.0,0.0,344.7571
2022-01-03 15:00:00,0.0,1442.12,39.053229,0.0,721.06,136.6863,0.0,176.06869999999998
2022-01-03 16:00:00,0.0,1442.12,86.035714,0.0,721.06,301.125,0.0,0.0
2022-01-03 17:00:00,0.0,1442.12,90.61,0.0,721.06,317.135,0.0,0.0
2022-01-03 18:00:00,0.0,1442.12,120.47,0.0,721.06,421.645,0.0,0.0
2022-01-03 19:00:00,0.0,1442.12,99.747143,0.0,721.06,349.115,0.0,0.0
2022-01-03 20:00:00,0.0,1442.12,108.18143,0.0,721.06,378.635,0.0,0.0
2022-01-03 21:00:00,0.0,1442.12,84.21,0.0,721.06,294.735,0.0,0.0
2022-01-03 22:00:00,0.0,1442.12,84.847143,0.0,721.06,296.965,0.0,0.0
2022-01-03 23:00:00,0.0,1442.12,71.135714,0.0,721.06,248.975,0.0,0.0
2022-01-04 00:00:00,0.0,1442.12,57.021429,0.0,721.06,199.575,0.0,0.0
2022-01-04 01:00:00,0.0,1442.12,47.807143,0.0,721.06,167.325,0.0,0.0
2022-01-04 02:00:00,0.0,1442.12,44.501429,0.0,721.06,155.755,0.0,0.0
2022-01-04 03:00:00,0.0,1442.12,42.712857,0.0,721.06,149.495,0.0,0.0
2022-01-04 04:00:00,0.0,1442.12,52.344286,0.0,721.06,183.205,0.0,0.0
2022-01-04 05:00:00,0.0,1442.12,56.37,0.0,721.06,197.295,0.0,0.0
2022-01-04 06:00:00,0.0,1442.12,82.487143,0.0,721.06,288.705,0.0,0.0
2022-01-04 07:00:00,0.0,1442.12,78.491657,0.0,721.06,274.7208,0.0,163.18419999999998
2022-01-04 08:00:00,0.0,1386.702,0.0,0.0,693.351,0.0,0.0,361.934
2022-01-04 09:00:00,0.0,1170.2238,0.0,0.0,585.1119,0.0,0.0,493.0931
2022-01-04 10:00:00,0.0,928.6132,0.0,0.0,464.3066,0.0,0.0,570.9184
2022-01-04 11:00:00,0.0,993.6818,0.0,0.0,496.8409,0.0,0.0,654.2040999999999
2022-01-04 12:00:00,0.0,981.6858,0.0,0.0,490.8429,0.0,0.0,598.4321
2022-01-04 13:00:00,0.0,1134.7762,0.0,0.0,567.3881,0.0,0.0,504.08689999999996
2022-01-04 14:00:00,0.0,1353.1158,0.0,0.0,676.5579,0.0,0.0,358.6271
2022-01-04 15:00:00,0.0,1442.12,24.629086,0.0,721.06,86.2018,0.0,191.14319999999998
2022-01-04 16:00:00,0.0,1442.12,83.384286,0.0,721.06,291.845,0.0,0.0
2022-01-04 17:00:00,0.0,1442.12,94.264286,0.0,721.06,329.925,0.0,0.0
2022-01-04 18:00:00,0.0,1442.12,204.83189,0.0,721.06,500.0,61.355,0.0
2022-01-04 19:00:00,0.0,1442.12,95.864286,0.0,721.06,335.525,0.0,0.0
2022-01-04 20:00:00,0.0,1442.12,120.15,0.0,721.06,420.525,0.0,0.0
2022-01-04 21:00:00,0.0,1442.12,101.37857,0.0,721.06,354.825,0.0,0.0
2022-01-04 22:00:00,0.0,1442.12,92.241429,0.0,721.06,322.845,0.0,0.0
2022-01-04 23:00:00,0.0,1442.12,76.844286,0.0,721.06,268.955,0.0,0.0
2022-01-05 00:00:00,0.0,1442.12,66.044286,0.0,721.06,231.155,0.0,0.0
2022-01-05 01:00:00,0.0,1442.12,54.672857,0.0,721.06,191.355,0.0,0.0
2022-01-05 02:00:00,0.0,1442.12,47.672857,0.0,721.06,166.855,0.0,0.0
2022-01-05 03:00:00,0.0,1442.12,48.572857,0.0,721.06,170.005,0.0,0.0
2022-01-05 04:00:00,0.0,1442.12,51.481429,0.0,721.06,180.185,0.0,0.0
2022-01-05 05:00:00,0.0,1442.12,52.07,0.0,721.06,182.245,0.0,0.0
2022-01-05 06:00:00,0.0,1442.12,76.892857,0.0,721.06,269.125,0.0,0.0
2022-01-05 07:00:00,0.0,1442.12,55.790657,0.0,721.06,195.2673,0.0,185.0477
2022-01-05 08:00:00,0.0,1403.8042,0.0,0.0,701.9021,0.0,0.0,369.18289999999996
2022-01-05 09:00:00,0.0,1121.0302,0.0,0.0,560.5151,0.0,0.0,501.9698999999999
2022-01-05 10:00:00,0.0,1130.6164,0.0,0.0,565.3082,0.0,0.0,597.9867999999999
2022-01-05 11:00:00,0.0,1023.0908,0.0,0.0,511.5454,0.0,0.0,670.5196
2022-01-05 12:00:00,0.0,957.7952,0.0,0.0,478.8976,0.0,0.0,605.4474
2022-01-05 13:00:00,0.0,1220.1382,0.0,0.0,610.0691,0.0,0.0,490.4359
2022-01-05 14:00:00,0.0,1442.12,4.7258857,0.0,721.06,16.5406,0.0,368.85439999999994
2022-01-05 15:00:00,0.0,1442.12,44.8166,0.0,721.06,156.8581,0.0,196.02689999999998
2022-01-05 16:00:00,0.0,1442.12,118.90714,0.0,721.06,416.175,0.0,0.0
2022-01-05 17:00:00,0.0,1442.12,115.05,0.0,721.06,402.675,0.0,0.0
2022-01-05 18:00:00,0.0,1442.12,227.81169,0.0,721.06,500.0,84.105,0.0
2022-01-05 19:00:00,0.0,1442.12,124.67857,0.0,721.06,436.375,0.0,0.0
2022-01-05 20:00:00,0.0,1442.12,109.61857,0.0,721.06,383.665,0.0,0.0
2022-01-05 21:00:00,0.0,1442.12,111.56143,0.0,721.06,390.465,0.0,0.0
2022-01-05 22:00:00,0.0,1442.12,129.78143,0.0,721.06,454.235,0.0,0.0
2022-01-05 23:00:00,0.0,1442.12,105.75286,0.0,721.06,370.135,0.0,0.0
2022-01-06 00:00:00,0.0,1442.12,101.21571,0.0,721.06,354.255,0.0,0.0
2022-01-06 01:00:00,0.0,1442.12,93.19,0.0,721.06,326.165,0.0,0.0
2022-01-06 02:00:00,0.0,1442.12,94.958571,0.0,721.06,332.355,0.0,0.0
2022-01-06 03:00:00,0.0,1442.12,100.78714,0.0,721.06,352.755,0.0,0.0
2022-01-06 04:00:00,0.0,1442.12,106.26714,0.0,721.06,371.935,0.0,0.0
2022-01-06 05:00:00,0.0,1442.12,110.09286,0.0,721.06,385.325,0.0,0.0
2022-01-06 06:00:00,0.0,1442.12,115.31571,0.0,721.06,403.605,0.0,0.0
2022-01-06 07:00:00,0.0,1442.12,125.68406,0.0,721.06,439.8942,0.0,31.360799999999994
2022-01-06 08:00:00,0.0,1442.12,116.85126,0.0,721.06,408.9794,0.0,99.0756
2022-01-06 09:00:00,0.0,1442.12,82.664343,0.0,721.06,289.3252,0.0,311.89979999999997
2022-01-06 10:00:00,0.0,1442.12,73.6224,0.0,721.06,257.6784,0.0,361.65659999999997
2022-01-06 11:00:00,0.0,1442.12,299.06209,0.0,721.06,500.0,154.6429,129.0421
2022-01-06 12:00:00,0.0,1442.12,190.76038,0.0,721.06,500.0,47.4242,113.8508
2022-01-06 13:00:00,0.0,1442.12,131.27666,0.0,721.06,459.4683,0.0,140.73669999999998
2022-01-06 14:00:00,0.0,1442.12,158.31098,0.0,721.06,500.0,15.2993,42.405699999999996
2022-01-06 15:00:00,0.0,1442.12,134.70814,0.0,721.06,471.4785,0.0,89.8265
2022-01-06 16:00:00,0.0,1442.12,214.38745,0.0,721.06,500.0,70.815,0.0
2022-01-06 17:00:00,0.0,1442.12,230.9632,0.0,721.06,500.0,87.225,0.0
2022-01-06 18:00:00,57.262455,1442.12,379.42661,28.631227,721.06,500.0,234.20377,0.0
2022-01-06 19:00:00,0.0,1442.12,294.9127,0.0,721.06,500.0,150.535,0.0
2022-01-06 20:00:00,0.0,1442.12,233.28644,0.0,721.06,500.0,89.525,0.0
2022-01-06 21:00:00,0.0,1442.12,236.9329,0.0,721.06,500.0,93.135,0.0
2022-01-06 22:00:00,0.0,1442.12,179.48846,0.0,721.06,500.0,36.265,0.0
2022-01-06 23:00:00,0.0,1442.12,208.68038,0.0,721.06,500.0,65.165,0.0
2022-01-07 00:00:00,0.0,1442.12,149.71068,0.0,721.06,500.0,6.785,0.0
2022-01-07 01:00:00,0.0,1442.12,136.36714,0.0,721.06,477.285,0.0,0.0
2022-01-07 02:00:00,0.0,1442.12,132.99571,0.0,721.06,465.485,0.0,0.0
2022-01-07 03:00:00,0.0,1442.12,133.54143,0.0,721.06,467.395,0.0,0.0
2022-01-07 04:00:00,0.0,1442.12,133.54143,0.0,721.06,467.395,0.0,0.0
2022-01-07 05:00:00,0.0,1442.12,134.99857,0.0,721.06,472.495,0.0,0.0
2022-01-07 06:00:00,0.0,1442.12,137.11857,0.0,721.06,479.915,0.0,0.0
2022-01-07 07:00:00,0.0,1442.12,161.91189,0.0,721.06,500.0,18.8642,37.9308
2022-01-07 08:00:00,0.0,1442.12,125.78674,0.0,721.06,440.2536,0.0,137.3714
2022-01-07 09:00:00,0.0,1442.12,160.12755,0.0,721.06,500.0,17.0977,110.2373
2022-01-07 10:00:00,0.0,1442.12,230.97613,0.0,721.06,500.0,87.2378,117.99719999999999
2022-01-07 11:00:00,0.0,1442.12,347.55573,0.0,721.06,500.0,202.6516,58.82339999999999
2022-01-07 12:00:00,0.0,1442.12,179.34593,0.0,721.06,500.0,36.1239,75.24109999999999
2022-01-07 13:00:00,0.0,1442.12,139.51843,0.0,721.06,488.3145,0.0,91.8705
2022-01-07 14:00:00,0.0,1442.12,142.752,0.0,721.06,499.632,0.0,31.463
2022-01-07 15:00:00,0.0,1442.12,238.58048,0.0,721.06,500.0,94.7661,11.6289
2022-01-07 16:00:00,0.0,1442.12,210.21573,0.0,721.06,500.0,66.685,0.0
2022-01-07 17:00:00,0.0,1442.12,228.27633,0.0,721.06,500.0,84.565,0.0
2022-01-07 18:00:00,25.243585,1442.12,368.86038,12.621792,721.06,500.0,223.74321,0.0
2022-01-07 19:00:00,0.0,1442.12,181.20563,0.0,721.06,500.0,37.965,0.0
2022-01-07 20:00:00,0.0,1442.12,171.71068,0.0,721.06,500.0,28.565,0.0
2022-01-07 21:00:00,0.0,1442.12,135.41857,0.0,721.06,473.965,0.0,0.0
2022-01-07 22:00:00,0.0,1442.12,117.93286,0.0,721.06,412.765,0.0,0.0
2022-01-07 23:00:00,0.0,1442.12,107.47286,0.0,721.06,376.155,0.0,0.0
2022-01-08 00:00:00,0.0,1442.12,92.504286,0.0,721.06,323.765,0.0,0.0
2022-01-08 01:00:00,0.0,1442.12,95.418571,0.0,721.06,333.965,0.0,0.0
2022-01-08 02:00:00,0.0,1442.12,94.138571,0.0,721.06,329.485,0.0,0.0
2022-01-08 03:00:00,0.0,1442.12,92.91,0.0,721.06,325.185,0.0,0.0
2022-01-08 04:00:00,0.0,1442.12,101.81857,0.0,721.06,356.365,0.0,0.0
2022-01-08 05:00:00,0.0,1442.12,116.76714,0.0,721.06,408.685,0.0,0.0
2022-01-08 06:00:00,0.0,1442.12,229.82179,0.0,721.06,500.0,86.095,0.0
2022-01-08 07:00:00,0.0,1442.12,335.00442,0.0,721.06,500.0,190.2258,42.3692
2022-01-08 08:00:00,0.0,1442.12,122.08706,0.0,721.06,427.3047,0.0,103.0103
2022-01-08 09:00:00,0.0,1442.12,120.66297,0.0,721.06,422.3204,0.0,54.0346
2022-01-08 10:00:00,0.0,1442.12,122.31486,0.0,721.06,428.102,0.0,31.463
2022-01-08 11:00:00,0.0,1442.12,108.77857,0.0,721.06,380.725,0.0,153.3
2022-01-08 12:00:00,0.0,1442.12,85.619771,0.0,721.06,299.6692,0.0,121.5158
2022-01-08 13:00:00,0.0,1442.12,83.126086,0.0,721.06,290.9413,0.0,79.3437
2022-01-08 14:00:00,0.0,1394.0244,0.0,0.0,697.0122,0.0,0.0,368.9128
2022-01-08 15:00:00,0.0,1442.12,84.951571,0.0,721.06,297.3305,0.0,98.2945
2022-01-08 16:00:00,0.0,1442.12,122.75,0.0,721.06,429.625,0.0,0.0
2022-01-08 17:00:00,0.0,1442.12,153.17532,0.0,721.06,500.0,10.215,0.0
2022-01-08 18:00:00,0.0,1442.12,300.55916,0.0,721.06,500.0,156.125,0.0
2022-01-08 19:00:00,0.0,1442.12,236.07431,0.0,721.06,500.0,92.285,0.0
2022-01-08 20:00:00,0.0,1442.12,209.26623,0.0,721.06,500.0,65.745,0.0
2022-01-08 21:00:00,0.0,1442.12,177.74098,0.0,721.06,500.0,34.535,0.0
2022-01-08 22:00:00,0.0,1442.12,137.44143,0.0,721.06,481.045,0.0,0.0
2022-01-08 23:00:00,0.0,1442.12,107.18429,0.0,721.06,375.145,0.0,0.0
2022-01-09 00:00:00,0.0,1442.12,92.498571,0.0,721.06,323.745,0.0,0.0
2022-01-09 01:00:00,0.0,1442.12,92.952857,0.0,721.06,325.335,0.0,0.0
2022-01-09 02:00:00,0.0,1442.12,82.181429,0.0,721.06,287.635,0.0,0.0
2022-01-09 03:00:00,0.0,1442.12,84.492857,0.0,721.06,295.725,0.0,0.0
2022-01-09 04:00:00,0.0,1442.12,86.978571,0.0,721.06,304.425,0.0,0.0
2022-01-09 05:00:00,0.0,1442.12,98.407143,0.0,721.06,344.425,0.0,0.0
2022-01-09 06:00:00,0.0,1442.12,175.9733,0.0,721.06,500.0,32.785,0.0
2022-01-09 07:00:00,0.0,1442.12,219.22613,0.0,721.06,500.0,75.6053,115.2597
2022-01-09 08:00:00,0.0,1442.12,33.389657,0.0,721.06,116.8638,0.0,360.2112
2022-01-09 09:00:00,0.0,1442.12,63.444571,0.0,721.06,222.056,0.0,209.72900000000004
2022-01-09 10:00:00,0.0,1442.12,51.408143,0.0,721.06,179.9285,0.0,285.4665
2022-01-09 11:00:00,0.0,1442.12,118.41869,0.0,721.06,414.4654,0.0,59.509600000000006
2022-01-09 12:00:00,0.0,1442.12,41.647971,0.0,721.06,145.7679,0.0,266.64709999999997
2022-01-09 13:00:00,0.0,1442.12,94.044114,0.0,721.06,329.1544,0.0,41.0406
2022-01-09 14:00:00,0.0,1442.12,62.578343,0.0,721.06,219.0242,0.0,141.5908
2022-01-09 15:00:00,0.0,1442.12,62.561286,0.0,721.06,218.9645,0.0,208.6705
2022-01-09 16:00:00,0.0,1442.12,137.73286,0.0,721.06,482.065,0.0,0.0
2022-01-09 17:00:00,0.0,1442.12,160.02381,0.0,721.06,500.0,16.995,0.0
2022-01-09 18:00:00,0.0,1442.12,340.05411,0.0,721.06,500.0,195.225,0.0
2022-01-09 19:00:00,0.0,1442.12,234.39755,0.0,721.06,500.0,90.625,0.0
2022-01-09 20:00:00,0.0,1442.12,204.78139,0.0,721.06,500.0,61.305,0.0
2022-01-09 21:00:00,0.0,1442.12,240.99351,0.0,721.06,500.0,97.155,0.0
2022-01-09 22:00:00,0.0,1442.12,212.80159,0.0,721.06,500.0,69.245,0.0
2022-01-09 23:00:00,0.0,1442.12,134.84143,0.0,721.06,471.945,0.0,0.0
2022-01-10 00:00:00,0.0,1442.12,122.59286,0.0,721.06,429.075,0.0,0.0
2022-01-10 01:00:00,0.0,1442.12,116.23571,0.0,721.06,406.825,0.0,0.0
2022-01-10 02:00:00,0.0,1442.12,119.29,0.0,721.06,417.515,0.0,0.0
2022-01-10 03:00:00,0.0,1442.12,123.57571,0.0,721.06,432.515,0.0,0.0
2022-01-10 04:00:00,0.0,1442.12,124.01571,0.0,721.06,434.055,0.0,0.0
2022-01-10 05:00:00,0.0,1442.12,141.37,0.0,721.06,494.795,0.0,0.0
2022-01-10 06:00:00,0.0,1442.12,345.21573,0.0,721.06,500.0,200.335,0.0
2022-01-10 07:00:00,101.62546,1442.12,394.0664,50.812732,721.06,500.0,248.69717,12.315100000000001
2022-01-10 08:00:00,0.0,1442.12,262.19482,0.0,721.06,500.0,118.1443,47.8807
2022-01-10 09:00:00,0.0,1442.12,135.603,0.0,721.06,474.6105,0.0,99.0245
2022-01-10 10:00:00,0.0,1442.12,122.85403,0.0,721.06,429.9891,0.0,145.14589999999998
2022-01-10 11:00:00,0.0,1442.12,206.89543,0.0,721.06,500.0,63.3979,62.247099999999996
2022-01-10 12:00:00,0.0,1442.12,124.20869,0.0,721.06,434.7304,0.0,64.9846
2022-01-10 13:00:00,0.0,1442.12,125.61409,0.0,721.06,439.6493,0.0,42.405699999999996
2022-01-10 14:00:00,0.0,1442.12,141.10494,0.0,721.06,493.8673,0.0,16.4177
2022-01-10 15:00:00,0.0,1442.12,94.352257,0.0,721.06,330.2329,0.0,177.9521
2022-01-10 16:00:00,0.0,1442.12,162.23593,0.0,721.06,500.0,19.185,0.0
2022-01-10 17:00:00,0.0,1442.12,200.79149,0.0,721.06,500.0,57.355,0.0
2022-01-10 18:00:00,0.0,1442.12,355.42785,0.0,721.06,500.0,210.445,0.0
2022-01-10 19:00:00,0.0,1442.12,209.21573,0.0,721.06,500.0,65.695,0.0
2022-01-10 20:00:00,0.0,1442.12,176.87229,0.0,721.06,500.0,33.675,0.0
2022-01-10 21:00:00,0.0,1442.12,194.9228,0.0,721.06,500.0,51.545,0.0
2022-01-10 22:00:00,0.0,1442.12,140.20143,0.0,721.06,490.705,0.0,0.0
2022-01-10 23:00:00,0.0,1442.12,115.39286,0.0,721.06,403.875,0.0,0.0
2022-01-11 00:00:00,0.0,1442.12,106.36714,0.0,721.06,372.285,0.0,0.0
2022-01-11 01:00:00,0.0,1442.12,102.44143,0.0,721.06,358.545,0.0,0.0
2022-01-11 02:00:00,0.0,1442.12,103.02143,0.0,721.06,360.575,0.0,0.0
2022-01-11 03:00:00,0.0,1442.12,107.22429,0.0,721.06,375.285,0.0,0.0
2022-01-11 04:00:00,0.0,1442.12,108.96714,0.0,721.06,381.385,0.0,0.0
2022-01-11 05:00:00,0.0,1442.12,121.23,0.0,721.06,424.305,0.0,0.0
2022-01-11 06:00:00,0.0,1442.12,274.47835,0.0,721.06,500.0,130.305,0.0
2022-01-11 07:00:00,0.0,1442.12,299.09351,0.0,721.06,500.0,154.674,66.211
2022-01-11 08:00:00,0.0,1442.12,72.367171,0.0,721.06,253.2851,0.0,255.9599
2022-01-11 09:00:00,0.0,1442.12,97.906314,0.0,721.06,342.6721,0.0,111.49289999999998
2022-01-11 10:00:00,0.0,1442.12,114.52334,0.0,721.06,400.8317,0.0,51.98329999999999
2022-01-11 11:00:00,0.0,1442.12,121.02686,0.0,721.06,423.594,0.0,68.401
2022-01-11 12:00:00,0.0,1442.12,78.009057,0.0,721.06,273.0317,0.0,123.52330000000002
2022-01-11 13:00:00,0.0,1442.12,82.767657,0.0,721.06,289.6868,0.0,100.2582
2022-01-11 14:00:00,0.0,1442.12,90.801657,0.0,721.06,317.8058,0.0,32.1492
2022-01-11 15:00:00,0.0,1442.12,108.53566,0.0,721.06,379.8748,0.0,13.6802
2022-01-11 16:00:00,0.0,1442.12,113.98714,0.0,721.06,398.955,0.0,0.0
2022-01-11 17:00:00,0.0,1442.12,130.10143,0.0,721.06,455.355,0.0,0.0
2022-01-11 18:00:00,0.0,1442.12,275.26623,0.0,721.06,500.0,131.085,0.0
2022-01-11 19:00:00,0.0,1442.12,141.90429,0.0,721.06,496.665,0.0,0.0
2022-01-11 20:00:00,0.0,1442.12,165.9632,0.0,721.06,500.0,22.875,0.0
2022-01-11 21:00:00,0.0,1442.12,156.09452,0.0,721.06,500.0,13.105,0.0
2022-01-11 22:00:00,0.0,1442.12,122.69571,0.0,721.06,429.435,0.0,0.0
2022-01-11 23:00:00,0.0,1442.12,96.358571,0.0,721.06,337.255,0.0,0.0
2022-01-12 00:00:00,0.0,1442.12,78.024286,0.0,721.06,273.085,0.0,0.0
2022-01-12 01:00:00,0.0,1442.12,79.97,0.0,721.06,279.895,0.0,0.0
2022-01-12 02:00:00,0.0,1442.12,81.881429,0.0,721.06,286.585,0.0,0.0
2022-01-12 03:00:00,0.0,1442.12,80.315714,0.0,721.06,281.105,0.0,0.0
2022-01-12 04:00:00,0.0,1442.12,86.852857,0.0,721.06,303.985,0.0,0.0
2022-01-12 05:00:00,0.0,1442.12,95.315714,0.0,721.06,333.605,0.0,0.0
2022-01-12 06:00:00,0.0,1442.12,200.58947,0.0,721.06,500.0,57.155,0.0
2022-01-12 07:00:00,0.0,1442.12,201.74997,0.0,721.06,500.0,58.3039,124.88109999999998
2022-01-12 08:00:00,0.0,1442.12,131.29797,0.0,721.06,459.5429,0.0,56.77210000000001
2022-01-12 09:00:00,0.0,1442.12,108.25654,0.0,721.06,378.8979,0.0,62.247099999999996
2022-01-12 10:00:00,0.0,1442.12,106.25,0.0,721.06,371.875,0.0,86.87
2022-01-12 11:00:00,0.0,1442.12,119.24749,0.0,721.06,417.3662,0.0,91.6588
2022-01-12 12:00:00,0.0,1442.12,82.651743,0.0,721.06,289.2811,0.0,118.5739
2022-01-12 13:00:00,0.0,1442.12,104.8066,0.0,721.06,366.8231,0.0,43.0919
2022-01-12 14:00:00,0.0,1442.12,108.62417,0.0,721.06,380.1846,0.0,27.3604
2022-01-12 15:00:00,0.0,1442.12,107.1474,0.0,721.06,375.0159,0.0,25.3091
2022-01-12 16:00:00,0.0,1442.12,129.02714,0.0,721.06,451.595,0.0,0.0
2022-01-12 17:00:00,0.0,1442.12,140.88429,0.0,721.06,493.095,0.0,0.0
2022-01-12 18:00:00,0.0,1442.12,288.74098,0.0,721.06,500.0,144.425,0.0
2022-01-12 19:00:00,0.0,1442.12,173.71068,0.0,721.06,500.0,30.545,0.0
2022-01-12 20:00:00,0.0,1442.12,136.55571,0.0,721.06,477.945,0.0,0.0
2022-01-12 21:00:00,0.0,1442.12,141.27857,0.0,721.06,494.475,0.0,0.0
2022-01-12 22:00:00,0.0,1442.12,117.88429,0.0,721.06,412.595,0.0,0.0
2022-01-12 23:00:00,0.0,1442.12,111.62714,0.0,721.06,390.695,0.0,0.0
2022-01-13 00:00:00,0.0,1442.12,107.00429,0.0,721.06,374.515,0.0,0.0
2022-01-13 01:00:00,0.0,1442.12,95.924286,0.0,721.06,335.735,0.0,0.0
2022-01-13 02:00:00,0.0,1442.12,91.312857,0.0,721.06,319.595,0.0,0.0
2022-01-13 03:00:00,0.0,1442.12,90.427143,0.0,721.06,316.495,0.0,0.0
2022-01-13 04:00:00,0.0,1442.12,92.732857,0.0,721.06,324.565,0.0,0.0
2022-01-13 05:00:00,0.0,1442.12,90.784286,0.0,721.06,317.745,0.0,0.0
2022-01-13 06:00:00,0.0,1442.12,100.35571,0.0,721.06,351.245,0.0,0.0
2022-01-13 07:00:00,0.0,1442.12,116.04703,0.0,721.06,406.1646,0.0,29.550399999999993
2022-01-13 08:00:00,0.0,1442.12,109.69163,0.0,721.06,383.9207,0.0,44.464299999999994
2022-01-13 09:00:00,0.0,1442.12,121.945,0.0,721.06,426.8075,0.0,93.2575
2022-01-13 10:00:00,0.0,1442.12,127.90354,0.0,721.06,447.6624,0.0,161.0526
2022-01-13 11:00:00,0.0,1442.12,123.95711,0.0,721.06,433.8499,0.0,274.38509999999997
2022-01-13 12:00:00,0.0,1442.12,184.23411,0.0,721.06,500.0,40.9632,36.251799999999996
2022-01-13 13:00:00,0.0,1442.12,127.32251,0.0,721.06,445.6288,0.0,87.5562
2022-01-13 14:00:00,0.0,1442.12,77.988829,0.0,721.06,272.9609,0.0,173.8641
2022-01-13 15:00:00,0.0,1442.12,105.35823,0.0,721.06,368.7538,0.0,76.24119999999999
2022-01-13 16:00:00,0.0,1442.12,191.9329,0.0,721.06,500.0,48.585,0.0
2022-01-13 17:00:00,0.0,1442.12,137.64714,0.0,721.06,481.765,0.0,0.0
2022-01-13 18:00:00,0.0,1442.12,280.41775,0.0,721.06,500.0,136.185,0.0
2022-01-13 19:00:00,0.0,1442.12,151.73088,0.0,721.06,500.0,8.785,0.0
2022-01-13 20:00:00,0.0,1442.12,129.10143,0.0,721.06,451.855,0.0,0.0
2022-01-13 21:00:00,0.0,1442.12,119.75286,0.0,721.06,419.135,0.0,0.0
2022-01-13 22:00:00,0.0,1442.12,111.32143,0.0,721.06,389.625,0.0,0.0
2022-01-13 23:00:00,0.0,1442.12,100.94714,0.0,721.06,353.315,0.0,0.0
2022-01-14 00:00:00,0.0,1442.12,84.772857,0.0,721.06,296.705,0.0,0.0
2022-01-14 01:00:00,0.0,1442.12,85.687143,0.0,721.06,299.905,0.0,0.0
2022-01-14 02:00:00,0.0,1442.12,82.59,0.0,721.06,289.065,0.0,0.0
2022-01-14 03:00:00,0.0,1442.12,82.924286,0.0,721.06,290.235,0.0,0.0
2022-01-14 04:00:00,0.0,1442.12,83.144286,0.0,721.06,291.005,0.0,0.0
2022-01-14 05:00:00,0.0,1442.12,84.512857,0.0,721.06,295.795,0.0,0.0
2022-01-14 06:00:00,0.0,1442.12,84.512857,0.0,721.06,295.795,0.0,0.0
2022-01-14 07:00:00,0.0,1442.12,50.4214,0.0,721.06,176.4749,0.0,195.9101
2022-01-14 08:00:00,0.0,1442.12,13.636,0.0,721.06,47.726,0.0,365.949
2022-01-14 09:00:00,0.0,1369.8944,0.0,0.0,684.9472,0.0,0.0,510.8978
2022-01-14 10:00:00,0.0,1442.12,1.8938286,0.0,721.06,6.6284,0.0,640.5165999999999
2022-01-14 11:00:00,0.0,1284.3762,0.0,0.0,642.1881,0.0,0.0,687.3169
2022-01-14 12:00:00,0.0,1128.2282,0.0,0.0,564.1141,0.0,0.0,644.1009
2022-01-14 13:00:00,0.0,1442.12,10.483743,0.0,721.06,36.6931,0.0,489.1219
2022-01-14 14:00:00,0.0,1442.12,14.1576,0.0,721.06,49.5516,0.0,423.0934
2022-01-14 15:00:00,0.0,1442.12,78.549,0.0,721.06,274.9215,0.0,232.1035
2022-01-14 16:00:00,0.0,1442.12,180.30664,0.0,721.06,500.0,37.075,0.0
2022-01-14 17:00:00,0.0,1442.12,213.03391,0.0,721.06,500.0,69.475,0.0
2022-01-14 18:00:00,16.219755,1442.12,365.88252,8.1098775,721.06,500.0,220.79512,0.0
2022-01-14 19:00:00,0.0,1442.12,283.8925,0.0,721.06,500.0,139.625,0.0
2022-01-14 20:00:00,0.0,1442.12,217.52886,0.0,721.06,500.0,73.925,0.0
2022-01-14 21:00:00,0.0,1442.12,180.13492,0.0,721.06,500.0,36.905,0.0
2022-01-14 22:00:00,0.0,1442.12,168.15512,0.0,721.06,500.0,25.045,0.0
2022-01-14 23:00:00,0.0,1442.12,129.73,0.0,721.06,454.055,0.0,0.0
2022-01-15 00:00:00,0.0,1442.12,107.55286,0.0,721.06,376.435,0.0,0.0
2022-01-15 01:00:00,0.0,1442.12,110.77286,0.0,721.06,387.705,0.0,0.0
2022-01-15 02:00:00,0.0,1442.12,109.38714,0.0,721.06,382.855,0.0,0.0
2022-01-15 03:00:00,0.0,1442.12,106.85571,0.0,721.06,373.995,0.0,0.0
2022-01-15 04:00:00,0.0,1442.12,110.29286,0.0,721.06,386.025,0.0,0.0
2022-01-15 05:00:00,0.0,1442.12,126.09857,0.0,721.06,441.345,0.0,0.0
2022-01-15 06:00:00,0.0,1442.12,344.56926,0.0,721.06,500.0,199.695,0.0
2022-01-15 07:00:00,0.0,1442.12,242.8531,0.0,721.06,500.0,98.996,126.509
2022-01-15 08:00:00,0.0,1442.12,60.017057,0.0,721.06,210.0597,0.0,314.3453
2022-01-15 09:00:00,0.0,1442.12,7.8349714,0.0,721.06,27.4224,0.0,512.9126
2022-01-15 10:00:00,0.0,1261.0404,0.0,0.0,630.5202,0.0,0.0,608.6447999999999
2022-01-15 11:00:00,0.0,1226.6926,0.0,0.0,613.3463,0.0,0.0,652.0287
2022-01-15 12:00:00,0.0,1162.0024,0.0,0.0,581.0012,0.0,0.0,623.4637999999999
2022-01-15 13:00:00,0.0,1442.12,17.313486,0.0,721.06,60.5972,0.0,448.8478
2022-01-15 14:00:00,0.0,1442.12,100.39977,0.0,721.06,351.3992,0.0,126.6258
2022-01-15 15:00:00,0.0,1442.12,95.004543,0.0,721.06,332.5159,0.0,121.66909999999999
2022-01-15 16:00:00,0.0,1442.12,174.77128,0.0,721.06,500.0,31.595,0.0
2022-01-15 17:00:00,0.0,1442.12,219.08442,0.0,721.06,500.0,75.465,0.0
2022-01-15 18:00:00,39.456721,1442.12,373.55072,19.728361,721.06,500.0,228.38664,0.0
2022-01-15 19:00:00,0.0,1442.12,301.08442,0.0,721.06,500.0,156.645,0.0
2022-01-15 20:00:00,0.0,1442.12,288.32684,0.0,721.06,500.0,144.015,0.0
2022-01-15 21:00:00,0.0,1442.12,256.52886,0.0,721.06,500.0,112.535,0.0
2022-01-15 22:00:00,0.0,1442.12,165.62987,0.0,721.06,500.0,22.545,0.0
2022-01-15 23:00:00,0.0,1442.12,117.96143,0.0,721.06,412.865,0.0,0.0
2022-01-16 00:00:00,0.0,1442.12,103.36429,0.0,721.06,361.775,0.0,0.0
2022-01-16 01:00:00,0.0,1442.12,98.987143,0.0,721.06,346.455,0.0,0.0
2022-01-16 02:00:00,0.0,1442.12,94.132857,0.0,721.06,329.465,0.0,0.0
2022-01-16 03:00:00,0.0,1442.12,92.172857,0.0,721.06,322.605,0.0,0.0
2022-01-16 04:00:00,0.0,1442.12,92.521429,0.0,721.06,323.825,0.0,0.0
2022-01-16 05:00:00,0.0,1442.12,109.04714,0.0,721.06,381.665,0.0,0.0
2022-01-16 06:00:00,0.0,1442.12,214.00361,0.0,721.06,500.0,70.435,0.0
2022-01-16 07:00:00,0.0,1442.12,260.33583,0.0,721.06,500.0,116.3039,81.08109999999999
2022-01-16 08:00:00,0.0,1442.12,70.917029,0.0,721.06,248.2096,0.0,205.84539999999996
2022-01-16 09:00:00,0.0,1442.12,55.052086,0.0,721.06,192.6823,0.0,213.88269999999994
2022-01-16 10:00:00,0.0,1442.12,36.329629,0.0,721.06,127.1537,0.0,332.0113
2022-01-16 11:00:00,0.0,1258.8064,0.0,0.0,629.4032,0.0,0.0,561.1217999999999
2022-01-16 12:00:00,0.0,1222.5124,0.0,0.0,611.2562,0.0,0.0,536.9587999999999
2022-01-16 13:00:00,0.0,1442.12,59.582,0.0,721.06,208.537,0.0,222.35799999999998
2022-01-16 14:00:00,0.0,1442.12,90.506571,0.0,721.06,316.773,0.0,129.502
2022-01-16 15:00:00,0.0,1442.12,97.018171,0.0,721.06,339.5636,0.0,101.6014
2022-01-16 16:00:00,0.0,1442.12,123.50143,0.0,721.06,432.255,0.0,0.0
2022-01-16 17:00:00,0.0,1442.12,135.35857,0.0,721.06,473.755,0.0,0.0
2022-01-16 18:00:00,0.0,1442.12,299.98341,0.0,721.06,500.0,155.555,0.0
2022-01-16 19:00:00,0.0,1442.12,181.87229,0.0,721.06,500.0,38.625,0.0
2022-01-16 20:00:00,0.0,1442.12,186.82179,0.0,721.06,500.0,43.525,0.0
2022-01-16 21:00:00,0.0,1442.12,187.9127,0.0,721.06,500.0,44.605,0.0
2022-01-16 22:00:00,0.0,1442.12,139.57,0.0,721.06,488.495,0.0,0.0
2022-01-16 23:00:00,0.0,1442.12,121.37,0.0,721.06,424.795,0.0,0.0
2022-01-17 00:00:00,0.0,1442.12,105.77286,0.0,721.06,370.205,0.0,0.0
2022-01-17 01:00:00,0.0,1442.12,110.59571,0.0,721.06,387.085,0.0,0.0
2022-01-17 02:00:00,0.0,1442.12,108.05286,0.0,721.06,378.185,0.0,0.0
2022-01-17 03:00:00,0.0,1442.12,108.39286,0.0,721.06,379.375,0.0,0.0
2022-01-17 04:00:00,0.0,1442.12,112.29857,0.0,721.06,393.045,0.0,0.0
2022-01-17 05:00:00,0.0,1442.12,132.60714,0.0,721.06,464.125,0.0,0.0
2022-01-17 06:00:00,0.0,1442.12,307.01371,0.0,721.06,500.0,162.515,0.0
2022-01-17 07:00:00,0.0,1442.12,298.46462,0.0,721.06,500.0,154.0514,81.2636
2022-01-17 08:00:00,0.0,1442.12,135.383,0.0,721.06,473.8405,0.0,142.0945
2022-01-17 09:00:00,0.0,1442.12,31.556343,0.0,721.06,110.4472,0.0,424.0278
2022-01-17 10:00:00,0.0,1174.0672,0.0,0.0,587.0336,0.0,0.0,635.2314
2022-01-17 11:00:00,0.0,1231.8694,0.0,0.0,615.9347,0.0,0.0,660.0002999999999
2022-01-17 12:00:00,0.0,1199.2508,0.0,0.0,599.6254,0.0,0.0,589.4896
2022-01-17 13:00:00,0.0,1442.12,8.5102286,0.0,721.06,29.7858,0.0,458.4692
2022-01-17 14:00:00,0.0,1442.12,91.999,0.0,721.06,321.9965,0.0,149.2485
2022-01-17 15:00:00,0.0,1442.12,79.540114,0.0,721.06,278.3904,0.0,229.2346
2022-01-17 16:00:00,0.0,1442.12,161.34704,0.0,721.06,500.0,18.305,0.0
2022-01-17 17:00:00,0.0,1442.12,221.34704,0.0,721.06,500.0,77.705,0.0
2022-01-17 18:00:00,86.511275,1442.12,389.07872,43.255638,721.06,500.0,243.75936,0.0
2022-01-17 19:00:00,0.0,1442.12,304.57937,0.0,721.06,500.0,160.105,0.0
2022-01-17 20:00:00,0.0,1442.12,317.22583,0.0,721.06,500.0,172.625,0.0
2022-01-17 21:00:00,0.0,1442.12,283.99351,0.0,721.06,500.0,139.725,0.0
2022-01-17 22:00:00,0.0,1442.12,198.03391,0.0,721.06,500.0,54.625,0.0
2022-01-17 23:00:00,0.0,1442.12,135.72143,0.0,721.06,475.025,0.0,0.0
2022-01-18 00:00:00,0.0,1442.12,122.43857,0.0,721.06,428.535,0.0,0.0
2022-01-18 01:00:00,0.0,1442.12,122.01,0.0,721.06,427.035,0.0,0.0
2022-01-18 02:00:00,0.0,1442.12,127.95286,0.0,721.06,447.835,0.0,0.0
2022-01-18 03:00:00,0.0,1442.12,134.84143,0.0,721.06,471.945,0.0,0.0
2022-01-18 04:00:00,0.0,1442.12,133.04714,0.0,721.06,465.665,0.0,0.0
2022-01-18 05:00:00,0.0,1442.12,141.22714,0.0,721.06,494.295,0.0,0.0
2022-01-18 06:00:00,17.320517,1442.12,366.24577,8.6602585,721.06,500.0,221.15474,0.0
2022-01-18 07:00:00,76.237537,1442.12,385.68839,38.118768,721.06,500.0,240.40293,42.4933
2022-01-18 08:00:00,0.0,1442.12,167.52078,0.0,721.06,500.0,24.417,85.118
2022-01-18 09:00:00,0.0,1442.12,3.2845714,0.0,721.06,11.496,0.0,541.879
2022-01-18 10:00:00,0.0,1192.9014,0.0,0.0,596.4507,0.0,0.0,627.0043
2022-01-18 11:00:00,0.0,1442.12,7.1513143,0.0,721.06,25.0296,0.0,526.3154000000001
2022-01-18 12:00:00,0.0,1160.4364,0.0,0.0,580.2182,0.0,0.0,575.3567999999999
2022-01-18 13:00:00,0.0,1282.8036,0.0,0.0,641.4018,0.0,0.0,518.1832
2022-01-18 14:00:00,0.0,1442.12,3.2443714,0.0,721.06,11.3553,0.0,402.87969999999996
2022-01-18 15:00:00,0.0,1442.12,71.118,0.0,721.06,248.913,0.0,200.312
2022-01-18 16:00:00,0.0,1442.12,129.40714,0.0,721.06,452.925,0.0,0.0
2022-01-18 17:00:00,0.0,1442.12,156.82179,0.0,721.06,500.0,13.825,0.0
2022-01-18 18:00:00,0.0,1442.12,300.56926,0.0,721.06,500.0,156.135,0.0
2022-01-18 19:00:00,0.0,1442.12,226.10462,0.0,721.06,500.0,82.415,0.0
2022-01-18 20:00:00,0.0,1442.12,208.50866,0.0,721.06,500.0,64.995,0.0
2022-01-18 21:00:00,0.0,1442.12,241.32684,0.0,721.06,500.0,97.485,0.0
2022-01-18 22:00:00,0.0,1442.12,211.9127,0.0,721.06,500.0,68.365,0.0
2022-01-18 23:00:00,0.0,1442.12,162.28644,0.0,721.06,500.0,19.235,0.0
2022-01-19 00:00:00,0.0,1442.12,130.52143,0.0,721.06,456.825,0.0,0.0
2022-01-19 01:00:00,0.0,1442.12,130.74714,0.0,721.06,457.615,0.0,0.0
2022-01-19 02:00:00,0.0,1442.12,124.74429,0.0,721.06,436.605,0.0,0.0
2022-01-19 03:00:00,0.0,1442.12,120.28429,0.0,721.06,420.995,0.0,0.0
2022-01-19 04:00:00,0.0,1442.12,120.88429,0.0,721.06,423.095,0.0,0.0
2022-01-19 05:00:00,0.0,1442.12,137.05,0.0,721.06,479.675,0.0,0.0
2022-01-19 06:00:00,0.0,1442.12,299.69048,0.0,721.06,500.0,155.265,0.0
2022-01-19 07:00:00,0.0,1442.12,261.35573,0.0,721.06,500.0,117.3136,195.04139999999998
2022-01-19 08:00:00,0.0,1442.12,73.765171,0.0,721.06,258.1781,0.0,389.47689999999994
2022-01-19 09:00:00,0.0,1442.12,0.4374,0.0,721.06,1.5309,0.0,543.9741
2022-01-19 10:00:00,0.0,1213.8384,0.0,0.0,606.9192,0.0,0.0,610.6157999999999
2022-01-19 11:00:00,0.0,1434.7434,0.0,0.0,717.3717,0.0,0.0,576.8532999999999
2022-01-19 12:00:00,0.0,1319.4276,0.0,0.0,659.7138,0.0,0.0,530.3012
2022-01-19 13:00:00,0.0,1442.12,56.271114,0.0,721.06,196.9489,0.0,236.93610000000004
2022-01-19 14:00:00,0.0,1442.12,83.6634,0.0,721.06,292.8219,0.0,152.1831
2022-01-19 15:00:00,0.0,1442.12,104.87737,0.0,721.06,367.0708,0.0,111.35419999999999
2022-01-19 16:00:00,0.0,1442.12,198.55916,0.0,721.06,500.0,55.145,0.0
2022-01-19 17:00:00,0.0,1442.12,272.65007,0.0,721.06,500.0,128.495,0.0
2022-01-19 18:00:00,29.465189,1442.12,370.25351,14.732594,721.06,500.0,225.12241,0.0
2022-01-19 19:00:00,0.0,1442.12,305.56926,0.0,721.06,500.0,161.085,0.0
2022-01-19 20:00:00,0.0,1442.12,220.01371,0.0,721.06,500.0,76.385,0.0
2022-01-19 21:00:00,0.0,1442.12,228.86219,0.0,721.06,500.0,85.145,0.0
2022-01-19 22:00:00,0.0,1442.12,190.70058,0.0,721.06,500.0,47.365,0.0
2022-01-19 23:00:00,0.0,1442.12,148.09452,0.0,721.06,500.0,5.185,0.0
2022-01-20 00:00:00,0.0,1442.12,135.49,0.0,721.06,474.215,0.0,0.0
2022-01-20 01:00:00,0.0,1442.12,136.63571,0.0,721.06,478.225,0.0,0.0
2022-01-20 02:00:00,0.0,1442.12,137.77857,0.0,721.06,482.225,0.0,0.0
2022-01-20 03:00:00,0.0,1442.12,134.61286,0.0,721.06,471.145,0.0,0.0
2022-01-20 04:00:00,0.0,1442.12,132.33,0.0,721.06,463.155,0.0,0.0
2022-01-20 05:00:00,0.0,1442.12,132.90429,0.0,721.06,465.165,0.0,0.0
2022-01-20 06:00:00,0.0,1442.12,163.53896,0.0,721.06,500.0,20.475,0.0
2022-01-20 07:00:00,0.0,1442.12,123.66951,0.0,721.06,432.8433,0.0,200.2317
2022-01-20 08:00:00,0.0,1442.12,73.115857,0.0,721.06,255.9055,0.0,386.2795
2022-01-20 09:00:00,0.0,1442.12,52.851086,0.0,721.06,184.9788,0.0,543.8062
2022-01-20 10:00:00,0.0,1442.12,32.213686,0.0,721.06,112.7479,0.0,614.8571
2022-01-20 11:00:00,0.0,1442.12,134.74031,0.0,721.06,471.5911,0.0,290.85389999999995
2022-01-20 12:00:00,0.0,1442.12,13.799857,0.0,721.06,48.2995,0.0,534.6155
2022-01-20 13:00:00,0.0,1442.12,88.490286,0.0,721.06,309.716,0.0,233.08900000000003
2022-01-20 14:00:00,0.0,1442.12,42.749543,0.0,721.06,149.6234,0.0,385.3816
2022-01-20 15:00:00,0.0,1442.12,131.81294,0.0,721.06,461.3453,0.0,159.0597
2022-01-20 16:00:00,0.0,1442.12,288.58947,0.0,721.06,500.0,144.275,0.0
2022-01-20 17:00:00,0.0,1442.12,345.24603,0.0,721.06,500.0,200.365,0.0
2022-01-20 18:00:00,102.79288,1442.12,394.45165,51.396439,721.06,500.0,249.07856,0.0
2022-01-20 19:00:00,0.0,1442.12,335.13492,0.0,721.06,500.0,190.355,0.0
2022-01-20 20:00:00,0.0,1442.12,306.75108,0.0,721.06,500.0,162.255,0.0
2022-01-20 21:00:00,0.0,1442.12,277.55916,0.0,721.06,500.0,133.355,0.0
2022-01-20 22:00:00,0.0,1442.12,257.77128,0.0,721.06,500.0,113.765,0.0
2022-01-20 23:00:00,0.0,1442.12,253.84199,0.0,721.06,500.0,109.875,0.0
2022-01-21 00:00:00,0.0,1442.12,230.943,0.0,721.06,500.0,87.205,0.0
2022-01-21 01:00:00,0.0,1442.12,214.58947,0.0,721.06,500.0,71.015,0.0
2022-01-21 02:00:00,0.0,1442.12,196.32684,0.0,721.06,500.0,52.935,0.0
2022-01-21 03:00:00,0.0,1442.12,198.06421,0.0,721.06,500.0,54.655,0.0
2022-01-21 04:00:00,0.0,1442.12,208.52886,0.0,721.06,500.0,65.015,0.0
2022-01-21 05:00:00,0.0,1442.12,225.03391,0.0,721.06,500.0,81.355,0.0
2022-01-21 06:00:00,0.0,1442.12,240.34704,0.0,721.06,500.0,96.515,0.0
2022-01-21 07:00:00,0.0,1442.12,320.023,0.0,721.06,500.0,175.3942,30.630799999999997
2022-01-21 08:00:00,0.0,1442.12,243.55391,0.0,721.06,500.0,99.6898,85.5852
2022-01-21 09:00:00,0.0,1442.12,118.00714,0.0,721.06,413.025,0.0,398.58
2022-01-21 10:00:00,0.0,1442.12,250.7629,0.0,721.06,500.0,106.8267,214.4083
2022-01-21 11:00:00,6.281446,1442.12,362.60288,3.140723,721.06,500.0,217.54828,73.876
2022-01-21 12:00:00,0.0,1442.12,133.37123,0.0,721.06,466.7993,0.0,220.52569999999994
2022-01-21 13:00:00,0.0,1442.12,172.62755,0.0,721.06,500.0,29.4727,70.45230000000001
2022-01-21 14:00:00,0.0,1442.12,82.622486,0.0,721.06,289.1787,0.0,288.5763
2022-01-21 15:00:00,0.0,1442.12,230.82654,0.0,721.06,500.0,87.0897,25.995300000000004
2022-01-21 16:00:00,0.0,1442.12,281.39755,0.0,721.06,500.0,137.155,0.0
2022-01-21 17:00:00,43.72671,1442.12,374.95981,21.863355,721.06,500.0,229.78164,0.0
2022-01-21 18:00:00,251.40785,1442.12,443.49459,125.70393,721.06,500.0,297.63107,0.0
2022-01-21 19:00:00,11.453818,1442.12,364.30976,5.7269091,721.06,500.0,219.23809,0.0
2022-01-21 20:00:00,0.0,1442.12,333.98341,0.0,721.06,500.0,189.215,0.0
2022-01-21 21:00:00,0.0,1442.12,248.16522,0.0,721.06,500.0,104.255,0.0
2022-01-21 22:00:00,0.0,1442.12,251.18543,0.0,721.06,500.0,107.245,0.0
2022-01-21 23:00:00,0.0,1442.12,170.53896,0.0,721.06,500.0,27.405,0.0
2022-01-22 00:00:00,0.0,1442.12,140.94714,0.0,721.06,493.315,0.0,0.0
2022-01-22 01:00:00,0.0,1442.12,140.88714,0.0,721.06,493.105,0.0,0.0
2022-01-22 02:00:00,0.0,1442.12,144.27633,0.0,721.06,500.0,1.405,0.0
2022-01-22 03:00:00,0.0,1442.12,154.14502,0.0,721.06,500.0,11.175,0.0
2022-01-22 04:00:00,0.0,1442.12,176.24603,0.0,721.06,500.0,33.055,0.0
2022-01-22 05:00:00,0.0,1442.12,235.51876,0.0,721.06,500.0,91.735,0.0
2022-01-22 06:00:00,98.970451,1442.12,393.19025,49.485225,721.06,500.0,247.82977,0.0
2022-01-22 07:00:00,290.32886,1442.12,456.33852,145.16443,721.06,500.0,310.34657,31.974
2022-01-22 08:00:00,0.0,1442.12,322.03846,0.0,721.06,500.0,177.3895,39.6755
2022-01-22 09:00:00,0.0,1442.12,136.37989,0.0,721.06,477.3296,0.0,149.6354
2022-01-22 10:00:00,0.0,1442.12,144.44916,0.0,721.06,500.0,1.5761,98.49889999999999
2022-01-22 11:00:00,0.0,1442.12,207.12997,0.0,721.06,500.0,63.6301,74.55489999999999
2022-01-22 12:00:00,0.0,1442.12,14.998514,0.0,721.06,52.4948,0.0,518.1102
2022-01-22 13:00:00,0.0,1442.12,6.0558,0.0,721.06,21.1953,0.0,556.9096999999999
2022-01-22 14:00:00,0.0,1442.12,31.965457,0.0,721.06,111.8791,0.0,440.79589999999996
2022-01-22 15:00:00,0.0,1442.12,86.929771,0.0,721.06,304.2542,0.0,239.4108
2022-01-22 16:00:00,0.0,1442.12,226.20563,0.0,721.06,500.0,82.515,0.0
2022-01-22 17:00:00,0.0,1442.12,306.42785,0.0,721.06,500.0,161.935,0.0
2022-01-22 18:00:00,149.83533,1442.12,409.97566,74.917667,721.06,500.0,264.44733,0.0
2022-01-22 19:00:00,34.001296,1442.12,371.75043,17.000648,721.06,500.0,226.60435,0.0
2022-01-22 20:00:00,0.0,1442.12,357.05411,0.0,721.06,500.0,212.055,0.0
2022-01-22 21:00:00,31.001417,1442.12,370.76047,15.500708,721.06,500.0,225.62429,0.0
2022-01-22 22:00:00,0.0,1442.12,255.01371,0.0,721.06,500.0,111.035,0.0
2022-01-22 23:00:00,0.0,1442.12,184.11472,0.0,721.06,500.0,40.845,0.0
2022-01-23 00:00:00,0.0,1442.12,137.21571,0.0,721.06,480.255,0.0,0.0
2022-01-23 01:00:00,0.0,1442.12,137.36143,0.0,721.06,480.765,0.0,0.0
2022-01-23 02:00:00,0.0,1442.12,131.07571,0.0,721.06,458.765,0.0,0.0
2022-01-23 03:00:00,0.0,1442.12,126.63286,0.0,721.06,443.215,0.0,0.0
2022-01-23 04:00:00,0.0,1442.12,129.37857,0.0,721.06,452.825,0.0,0.0
2022-01-23 05:00:00,0.0,1442.12,142.74714,0.0,721.06,499.615,0.0,0.0
2022-01-23 06:00:00,0.0,1442.12,326.9127,0.0,721.06,500.0,182.215,0.0
2022-01-23 07:00:00,0.0,1442.12,317.40371,0.0,721.06,500.0,172.8011,142.66389999999998
2022-01-23 08:00:00,0.0,1442.12,115.6142,0.0,721.06,404.6497,0.0,227.47529999999998
2022-01-23 09:00:00,0.0,1442.12,45.661486,0.0,721.06,159.8152,0.0,375.40979999999996
2022-01-23 10:00:00,0.0,1442.12,90.437914,0.0,721.06,316.5327,0.0,178.4923
2022-01-23 11:00:00,0.0,1240.7498,0.0,0.0,620.3749,0.0,0.0,652.1600999999999
2022-01-23 12:00:00,0.0,1297.4906,0.0,0.0,648.7453,0.0,0.0,521.8697
2022-01-23 13:00:00,0.0,1243.359,0.0,0.0,621.6795,0.0,0.0,552.1355
2022-01-23 14:00:00,0.0,1439.45,0.0,0.0,719.725,0.0,0.0,438.7300000000001
2022-01-23 15:00:00,0.0,1442.12,64.243486,0.0,721.06,224.8522,0.0,245.54280000000003
2022-01-23 16:00:00,0.0,1442.12,142.85571,0.0,721.06,499.995,0.0,0.0
2022-01-23 17:00:00,0.0,1442.12,167.81169,0.0,721.06,500.0,24.705,0.0
2022-01-23 18:00:00,0.0,1442.12,355.80159,0.0,721.06,500.0,210.815,0.0
2022-01-23 19:00:00,0.0,1442.12,258.30664,0.0,721.06,500.0,114.295,0.0
2022-01-23 20:00:00,0.0,1442.12,282.43795,0.0,721.06,500.0,138.185,0.0
2022-01-23 21:00:00,0.0,1442.12,272.20563,0.0,721.06,500.0,128.055,0.0
2022-01-23 22:00:00,0.0,1442.12,147.81169,0.0,721.06,500.0,4.905,0.0
2022-01-23 23:00:00,0.0,1442.12,126.00714,0.0,721.06,441.025,0.0,0.0
2022-01-24 00:00:00,0.0,1442.12,93.375714,0.0,721.06,326.815,0.0,0.0
2022-01-24 01:00:00,0.0,1442.12,90.387143,0.0,721.06,316.355,0.0,0.0
2022-01-24 02:00:00,0.0,1442.12,85.861429,0.0,721.06,300.515,0.0,0.0
2022-01-24 03:00:00,0.0,1442.12,92.558571,0.0,721.06,323.955,0.0,0.0
2022-01-24 04:00:00,0.0,1442.12,96.004286,0.0,721.06,336.015,0.0,0.0
2022-01-24 05:00:00,0.0,1442.12,112.86429,0.0,721.06,395.025,0.0,0.0
2022-01-24 06:00:00,0.0,1442.12,249.99351,0.0,721.06,500.0,106.065,0.0
2022-01-24 07:00:00,0.0,1442.12,191.98755,0.0,721.06,500.0,48.6391,69.9559
2022-01-24 08:00:00,0.0,1442.12,99.1652,0.0,721.06,347.0782,0.0,167.2868
2022-01-24 09:00:00,0.0,1442.12,96.9598,0.0,721.06,339.3593,0.0,42.405699999999996
2022-01-24 10:00:00,0.0,1442.12,21.961714,0.0,721.06,76.866,0.0,211.919
2022-01-24 11:00:00,0.0,1442.12,96.616257,0.0,721.06,338.1569,0.0,43.7781
2022-01-24 12:00:00,0.0,1442.12,59.194771,0.0,721.06,207.1817,0.0,51.98329999999999
2022-01-24 13:00:00,0.0,1442.12,58.362286,0.0,721.06,204.268,0.0,55.407
2022-01-24 14:00:00,0.0,1442.12,36.651457,0.0,721.06,128.2801,0.0,122.7349
2022-01-24 15:00:00,0.0,1442.12,27.1694,0.0,721.06,95.0929,0.0,173.5721
2022-01-24 16:00:00,0.0,1442.12,95.324286,0.0,721.06,333.635,0.0,0.0
2022-01-24 17:00:00,0.0,1442.12,105.72143,0.0,721.06,370.025,0.0,0.0
2022-01-24 18:00:00,0.0,1442.12,202.30664,0.0,721.06,500.0,58.855,0.0
2022-01-24 19:00:00,0.0,1442.12,104.25286,0.0,721.06,364.885,0.0,0.0
2022-01-24 20:00:00,0.0,1442.12,117.94143,0.0,721.06,412.795,0.0,0.0
2022-01-24 21:00:00,0.0,1442.12,94.032857,0.0,721.06,329.115,0.0,0.0
2022-01-24 22:00:00,0.0,1442.12,76.835714,0.0,721.06,268.925,0.0,0.0
2022-01-24 23:00:00,0.0,1442.12,52.418571,0.0,721.06,183.465,0.0,0.0
2022-01-25 00:00:00,0.0,1442.12,33.075714,0.0,721.06,115.765,0.0,0.0
2022-01-25 01:00:00,0.0,1442.12,33.358571,0.0,721.06,116.755,0.0,0.0
2022-01-25 02:00:00,0.0,1442.12,36.938571,0.0,721.06,129.285,0.0,0.0
2022-01-25 03:00:00,0.0,1442.12,36.71,0.0,721.06,128.485,0.0,0.0
2022-01-25 04:00:00,0.0,1442.12,38.904286,0.0,721.06,136.165,0.0,0.0
2022-01-25 05:00:00,0.0,1442.12,55.538571,0.0,721.06,194.385,0.0,0.0
2022-01-25 06:00:00,0.0,1442.12,115.43571,0.0,721.06,404.025,0.0,0.0
2022-01-25 07:00:00,0.0,1442.12,110.6064,0.0,721.06,387.1224,0.0,196.8226
2022-01-25 08:00:00,0.0,1326.537,0.0,0.0,663.2685,0.0,0.0,406.6465
2022-01-25 09:00:00,0.0,775.7742,0.0,0.0,387.8871,0.0,0.0,568.8379
2022-01-25 10:00:00,0.0,548.119,0.0,0.0,274.0595,0.0,0.0,666.0155
2022-01-25 11:00:00,0.0,647.583,0.0,0.0,323.7915,0.0,0.0,683.2435
2022-01-25 12:00:00,0.0,407.478,0.0,0.0,203.739,0.0,0.0,657.146
2022-01-25 13:00:00,0.0,563.2224,0.0,0.0,281.6112,0.0,0.0,584.0437999999999
2022-01-25 14:00:00,0.0,789.7934,0.0,0.0,394.8967,0.0,0.0,456.0383
2022-01-25 15:00:00,0.0,1297.483,0.0,0.0,648.7415,0.0,0.0,263.4935
2022-01-25 16:00:00,0.0,1442.12,68.447143,0.0,721.06,239.565,0.0,0.0
2022-01-25 17:00:00,0.0,1442.12,87.547143,0.0,721.06,306.415,0.0,0.0
2022-01-25 18:00:00,0.0,1442.12,177.71068,0.0,721.06,500.0,34.505,0.0
2022-01-25 19:00:00,0.0,1442.12,118.44714,0.0,721.06,414.565,0.0,0.0
2022-01-25 20:00:00,0.0,1442.12,101.61571,0.0,721.06,355.655,0.0,0.0
2022-01-25 21:00:00,0.0,1442.12,108.45571,0.0,721.06,379.595,0.0,0.0
2022-01-25 22:00:00,0.0,1442.12,94.441429,0.0,721.06,330.545,0.0,0.0
2022-01-25 23:00:00,0.0,1442.12,71.624286,0.0,721.06,250.685,0.0,0.0
2022-01-26 00:00:00,0.0,1442.12,60.592857,0.0,721.06,212.075,0.0,0.0
2022-01-26 01:00:00,0.0,1442.12,57.71,0.0,721.06,201.985,0.0,0.0
2022-01-26 02:00:00,0.0,1442.12,53.372857,0.0,721.06,186.805,0.0,0.0
2022-01-26 03:00:00,0.0,1442.12,57.172857,0.0,721.06,200.105,0.0,0.0
2022-01-26 04:00:00,0.0,1442.12,61.972857,0.0,721.06,216.905,0.0,0.0
2022-01-26 05:00:00,0.0,1442.12,90.372857,0.0,721.06,316.305,0.0,0.0
2022-01-26 06:00:00,0.0,1442.12,176.49856,0.0,721.06,500.0,33.305,0.0
2022-01-26 07:00:00,0.0,1442.12,138.13954,0.0,721.06,483.4884,0.0,182.8066
2022-01-26 08:00:00,0.0,1442.12,63.214657,0.0,721.06,221.2513,0.0,234.8337
2022-01-26 09:00:00,0.0,1258.0856,0.0,0.0,629.0428,0.0,0.0,492.1222
2022-01-26 10:00:00,0.0,953.6904,0.0,0.0,476.8452,0.0,0.0,558.6397999999999
2022-01-26 11:00:00,0.0,778.922,0.0,0.0,389.461,0.0,0.0,659.774
2022-01-26 12:00:00,0.0,616.5434,0.0,0.0,308.2717,0.0,0.0,645.4732999999999
2022-01-26 13:00:00,0.0,794.477,0.0,0.0,397.2385,0.0,0.0,557.0265
2022-01-26 14:00:00,0.0,1023.2566,0.0,0.0,511.6283,0.0,0.0,432.7367
2022-01-26 15:00:00,0.0,1442.12,9.4973714,0.0,721.06,33.2408,0.0,257.3542
2022-01-26 16:00:00,0.0,1442.12,91.021429,0.0,721.06,318.575,0.0,0.0
2022-01-26 17:00:00,0.0,1442.12,111.21286,0.0,721.06,389.245,0.0,0.0
2022-01-26 18:00:00,0.0,1442.12,242.71068,0.0,721.06,500.0,98.855,0.0
2022-01-26 19:00:00,0.0,1442.12,106.03571,0.0,721.06,371.125,0.0,0.0
2022-01-26 20:00:00,0.0,1442.12,95.067143,0.0,721.06,332.735,0.0,0.0
2022-01-26 21:00:00,0.0,1442.12,98.524286,0.0,721.06,344.835,0.0,0.0
2022-01-26 22:00:00,0.0,1442.12,91.204286,0.0,721.06,319.215,0.0,0.0
2022-01-26 23:00:00,0.0,1442.12,85.944286,0.0,721.06,300.805,0.0,0.0
2022-01-27 00:00:00,0.0,1442.12,70.104286,0.0,721.06,245.365,0.0,0.0
2022-01-27 01:00:00,0.0,1442.12,67.518571,0.0,721.06,236.315,0.0,0.0
2022-01-27 02:00:00,0.0,1442.12,64.455714,0.0,721.06,225.595,0.0,0.0
2022-01-27 03:00:00,0.0,1442.12,65.65,0.0,721.06,229.775,0.0,0.0
2022-01-27 04:00:00,0.0,1442.12,72.735714,0.0,721.06,254.575,0.0,0.0
2022-01-27 05:00:00,0.0,1442.12,76.164286,0.0,721.06,266.575,0.0,0.0
2022-01-27 06:00:00,0.0,1442.12,83.035714,0.0,721.06,290.625,0.0,0.0
2022-01-27 07:00:00,0.0,1442.12,59.2028,0.0,721.06,207.2098,0.0,214.06519999999998
2022-01-27 08:00:00,0.0,1442.12,11.887143,0.0,721.06,41.605,0.0,385.44
2022-01-27 09:00:00,0.0,1442.12,111.72454,0.0,721.06,391.0359,0.0,126.04910000000001
2022-01-27 10:00:00,0.0,1442.12,165.43967,0.0,721.06,500.0,22.3567,57.458299999999994
2022-01-27 11:00:00,0.0,1442.12,240.27664,0.0,721.06,500.0,96.4453,66.3497
2022-01-27 12:00:00,0.0,1442.12,127.08117,0.0,721.06,444.7841,0.0,61.560900000000004
2022-01-27 13:00:00,0.0,1442.12,118.06446,0.0,721.06,413.2256,0.0,45.8294
2022-01-27 14:00:00,0.0,1442.12,117.7106,0.0,721.06,411.9871,0.0,30.0979
2022-01-27 15:00:00,0.0,1442.12,96.871629,0.0,721.06,339.0507,0.0,142.2843
2022-01-27 16:00:00,0.0,1442.12,182.00361,0.0,721.06,500.0,38.755,0.0
2022-01-27 17:00:00,0.0,1442.12,156.61977,0.0,721.06,500.0,13.625,0.0
2022-01-27 18:00:00,0.0,1442.12,329.30664,0.0,721.06,500.0,184.585,0.0
2022-01-27 19:00:00,0.0,1442.12,190.23593,0.0,721.06,500.0,46.905,0.0
2022-01-27 20:00:00,0.0,1442.12,137.10143,0.0,721.06,479.855,0.0,0.0
2022-01-27 21:00:00,0.0,1442.12,175.50866,0.0,721.06,500.0,32.325,0.0
2022-01-27 22:00:00,0.0,1442.12,156.98341,0.0,721.06,500.0,13.985,0.0
2022-01-27 23:00:00,0.0,1442.12,125.81286,0.0,721.06,440.345,0.0,0.0
2022-01-28 00:00:00,0.0,1442.12,108.75571,0.0,721.06,380.645,0.0,0.0
2022-01-28 01:00:00,0.0,1442.12,98.012857,0.0,721.06,343.045,0.0,0.0
2022-01-28 02:00:00,0.0,1442.12,83.858571,0.0,721.06,293.505,0.0,0.0
2022-01-28 03:00:00,0.0,1442.12,72.875714,0.0,721.06,255.065,0.0,0.0
2022-01-28 04:00:00,0.0,1442.12,75.687143,0.0,721.06,264.905,0.0,0.0
2022-01-28 05:00:00,0.0,1442.12,74.787143,0.0,721.06,261.755,0.0,0.0
2022-01-28 06:00:00,0.0,1442.12,80.858571,0.0,721.06,283.005,0.0,0.0
2022-01-28 07:00:00,0.0,1442.12,51.653943,0.0,721.06,180.7888,0.0,224.06619999999998
2022-01-28 08:00:00,0.0,1431.4184,0.0,0.0,715.7092,0.0,0.0,410.5958
2022-01-28 09:00:00,0.0,1229.4568,0.0,0.0,614.7284,0.0,0.0,561.6766
2022-01-28 10:00:00,0.0,1287.107,0.0,0.0,643.5535,0.0,0.0,636.2315
2022-01-28 11:00:00,0.0,1442.12,89.129086,0.0,721.06,311.9518,0.0,275.0932
2022-01-28 12:00:00,0.0,1442.12,84.735629,0.0,721.06,296.5747,0.0,167.9803
2022-01-28 13:00:00,0.0,1442.12,52.992086,0.0,721.06,185.4723,0.0,216.8027
2022-01-28 14:00:00,0.0,1442.12,83.940086,0.0,721.06,293.7903,0.0,87.8847
2022-01-28 15:00:00,0.0,1442.12,93.235257,0.0,721.06,326.3234,0.0,22.5716
2022-01-28 16:00:00,0.0,1442.12,114.89866,0.0,721.06,402.1453,0.0,0.6496999999999999
2022-01-28 17:00:00,0.0,1442.12,136.79286,0.0,721.06,478.775,0.0,0.0
2022-01-28 18:00:00,0.0,1442.12,237.00361,0.0,721.06,500.0,93.205,0.0
2022-01-28 19:00:00,0.0,1442.12,134.30429,0.0,721.06,470.065,0.0,0.0
2022-01-28 20:00:00,0.0,1442.12,138.84429,0.0,721.06,485.955,0.0,0.0
2022-01-28 21:00:00,0.0,1442.12,124.26714,0.0,721.06,434.935,0.0,0.0
2022-01-28 22:00:00,0.0,1442.12,124.55,0.0,721.06,435.925,0.0,0.0
2022-01-28 23:00:00,0.0,1442.12,88.887143,0.0,721.06,311.105,0.0,0.0
2022-01-29 00:00:00,0.0,1442.12,81.532857,0.0,721.06,285.365,0.0,0.0
2022-01-29 01:00:00,0.0,1442.12,80.344286,0.0,721.06,281.205,0.0,0.0
2022-01-29 02:00:00,0.0,1442.12,80.51,0.0,721.06,281.785,0.0,0.0
2022-01-29 03:00:00,0.0,1442.12,78.304286,0.0,721.06,274.065,0.0,0.0
2022-01-29 04:00:00,0.0,1442.12,79.581429,0.0,721.06,278.535,0.0,0.0
2022-01-29 05:00:00,0.0,1442.12,93.91,0.0,721.06,328.685,0.0,0.0
2022-01-29 06:00:00,0.0,1442.12,173.09452,0.0,721.06,500.0,29.935,0.0
2022-01-29 07:00:00,0.0,1442.12,130.13389,0.0,721.06,455.4686,0.0,215.11639999999997
2022-01-29 08:00:00,0.0,1442.12,29.666657,0.0,721.06,103.8333,0.0,343.31170000000003
2022-01-29 09:00:00,0.0,1172.795,0.0,0.0,586.3975,0.0,0.0,499.8675
2022-01-29 10:00:00,0.0,1442.12,26.644686,0.0,721.06,93.2564,0.0,276.5386
2022-01-29 11:00:00,0.0,1442.12,43.807829,0.0,721.06,153.3274,0.0,275.2976
2022-01-29 12:00:00,0.0,887.4656,0.0,0.0,443.7328,0.0,0.0,638.8521999999999
2022-01-29 13:00:00,0.0,945.0332,0.0,0.0,472.5166,0.0,0.0,588.4384
2022-01-29 14:00:00,0.0,1320.6028,0.0,0.0,660.3014,0.0,0.0,391.5136
2022-01-29 15:00:00,0.0,1442.12,12.258114,0.0,721.06,42.9034,0.0,268.5816
2022-01-29 16:00:00,0.0,1442.12,99.553286,0.0,721.06,348.4365,0.0,3.2485
2022-01-29 17:00:00,0.0,1442.12,124.02143,0.0,721.06,434.075,0.0,0.0
2022-01-29 18:00:00,0.0,1442.12,277.76118,0.0,721.06,500.0,133.555,0.0
2022-01-29 19:00:00,0.0,1442.12,179.9531,0.0,721.06,500.0,36.725,0.0
2022-01-29 20:00:00,0.0,1442.12,133.45,0.0,721.06,467.075,0.0,0.0
2022-01-29 21:00:00,0.0,1442.12,134.55857,0.0,721.06,470.955,0.0,0.0
2022-01-29 22:00:00,0.0,1442.12,140.36714,0.0,721.06,491.285,0.0,0.0
2022-01-29 23:00:00,0.0,1442.12,97.407143,0.0,721.06,340.925,0.0,0.0
2022-01-30 00:00:00,0.0,1442.12,89.427143,0.0,721.06,312.995,0.0,0.0
2022-01-30 01:00:00,0.0,1442.12,89.484286,0.0,721.06,313.195,0.0,0.0
2022-01-30 02:00:00,0.0,1442.12,89.404286,0.0,721.06,312.915,0.0,0.0
2022-01-30 03:00:00,0.0,1442.12,88.232857,0.0,721.06,308.815,0.0,0.0
2022-01-30 04:00:00,0.0,1442.12,95.638571,0.0,721.06,334.735,0.0,0.0
2022-01-30 05:00:00,0.0,1442.12,119.05571,0.0,721.06,416.695,0.0,0.0
2022-01-30 06:00:00,0.0,1442.12,278.67027,0.0,721.06,500.0,134.455,0.0
2022-01-30 07:00:00,0.0,1442.12,170.95068,0.0,721.06,500.0,27.8126,218.1824
2022-01-30 08:00:00,0.0,1442.12,36.297514,0.0,721.06,127.0413,0.0,412.2237
2022-01-30 09:00:00,0.0,1176.4684,0.0,0.0,588.2342,0.0,0.0,567.1808
2022-01-30 10:00:00,0.0,1027.5418,0.0,0.0,513.7709,0.0,0.0,652.0141
2022-01-30 11:00:00,0.0,1150.8658,0.0,0.0,575.4329,0.0,0.0,661.9421
2022-01-30 12:00:00,0.0,1088.2508,0.0,0.0,544.1254,0.0,0.0,632.5595999999999
2022-01-30 13:00:00,0.0,1212.4382,0.0,0.0,606.2191,0.0,0.0,560.5159
2022-01-30 14:00:00,0.0,1427.8206,0.0,0.0,713.9103,0.0,0.0,448.5047
2022-01-30 15:00:00,0.0,1442.12,51.324857,0.0,721.06,179.637,0.0,260.318
2022-01-30 16:00:00,0.0,1442.12,129.89051,0.0,721.06,454.6168,0.0,3.8981999999999997
2022-01-30 17:00:00,0.0,1442.12,192.24603,0.0,721.06,500.0,48.895,0.0
2022-01-30 18:00:00,0.0,1442.12,311.9228,0.0,721.06,500.0,167.375,0.0
2022-01-30 19:00:00,0.0,1442.12,225.46825,0.0,721.06,500.0,81.785,0.0
2022-01-30 20:00:00,0.0,1442.12,191.46825,0.0,721.06,500.0,48.125,0.0
2022-01-30 21:00:00,0.0,1442.12,309.10462,0.0,721.06,500.0,164.585,0.0
2022-01-30 22:00:00,0.0,1442.12,164.20563,0.0,721.06,500.0,21.135,0.0
2022-01-30 23:00:00,0.0,1442.12,128.66714,0.0,721.06,450.335,0.0,0.0
2022-01-31 00:00:00,0.0,1442.12,113.72714,0.0,721.06,398.045,0.0,0.0
2022-01-31 01:00:00,0.0,1442.12,110.91286,0.0,721.06,388.195,0.0,0.0
2022-01-31 02:00:00,0.0,1442.12,109.61857,0.0,721.06,383.665,0.0,0.0
2022-01-31 03:00:00,0.0,1442.12,116.13286,0.0,721.06,406.465,0.0,0.0
2022-01-31 04:00:00,0.0,1442.12,123.11,0.0,721.06,430.885,0.0,0.0
2022-01-31 05:00:00,0.0,1442.12,140.21,0.0,721.06,490.735,0.0,0.0
2022-01-31 06:00:00,0.0,1442.12,323.47835,0.0,721.06,500.0,178.815,0.0
2022-01-31 07:00:00,5.5600235,1442.12,362.36481,2.7800118,721.06,500.0,217.31259,36.4124
2022-01-31 08:00:00,0.0,1442.12,138.78977,0.0,721.06,485.7642,0.0,54.7208
2022-01-31 09:00:00,0.0,1442.12,108.18297,0.0,721.06,378.6404,0.0,64.9846
2022-01-31 10:00:00,0.0,1442.12,36.594171,0.0,721.06,128.0796,0.0,277.38539999999995
2022-01-31 11:00:00,0.0,1442.12,75.464086,0.0,721.06,264.1243,0.0,195.34069999999997
2022-01-31 12:00:00,0.0,1442.12,14.670829,0.0,721.06,51.3479,0.0,298.03709999999995
2022-01-31 13:00:00,0.0,1442.12,4.0874286,0.0,721.06,14.306,0.0,337.479
2022-01-31 14:00:00,0.0,1308.3896,0.0,0.0,654.1948,0.0,0.0,430.51020000000005
2022-01-31 15:00:00,0.0,1442.12,47.256429,0.0,721.06,165.3975,0.0,278.6775
2022-01-31 16:00:00,0.0,1442.12,117.28783,0.0,721.06,410.5074,0.0,5.1975999999999996
2022-01-31 17:00:00,0.0,1442.12,143.10462,0.0,721.06,500.0,0.245,0.0
2022-01-31 18:00:00,1.8251741,1442.12,361.13231,0.91258705,721.06,500.0,216.09241,0.0
2022-01-31 19:00:00,0.0,1442.12,230.60967,0.0,721.06,500.0,86.875,0.0
2022-01-31 20:00:00,0.0,1442.12,185.50866,0.0,721.06,500.0,42.225,0.0
2022-01-31 21:00:00,0.0,1442.12,215.54906,0.0,721.06,500.0,71.965,0.0
2022-01-31 22:00:00,0.0,1442.12,151.38745,0.0,721.06,500.0,8.445,0.0
2022-01-31 23:00:00,0.0,1442.12,129.71,0.0,721.06,453.985,0.0,0.0
2022-02-01 00:00:00,0.0,1442.12,107.38429,0.0,721.06,375.845,0.0,0.0
2022-02-01 01:00:00,0.0,1442.12,86.278571,0.0,721.06,301.975,0.0,0.0
2022-02-01 02:00:00,0.0,1442.12,80.424286,0.0,721.06,281.485,0.0,0.0
2022-02-01 03:00:00,0.0,1442.12,75.364286,0.0,721.06,263.775,0.0,0.0
2022-02-01 04:00:00,0.0,1442.12,84.298571,0.0,721.06,295.045,0.0,0.0
2022-02-01 05:00:00,0.0,1442.12,100.17,0.0,721.06,350.595,0.0,0.0
2022-02-01 06:00:00,0.0,1442.12,220.12482,0.0,721.06,500.0,76.495,0.0
2022-02-01 07:00:00,0.0,1442.12,279.73987,0.0,721.06,500.0,135.5139,138.02110000000002
2022-02-01 08:00:00,0.0,1442.12,127.30046,0.0,721.06,445.5516,0.0,73.4234
2022-02-01 09:00:00,0.0,1280.7478,0.0,0.0,640.3739,0.0,0.0,549.0110999999999
2022-02-01 10:00:00,0.0,1442.12,94.339829,0.0,721.06,330.1894,0.0,46.5156
2022-02-01 11:00:00,0.0,1442.12,23.998029,0.0,721.06,83.9931,0.0,331.4419
2022-02-01 12:00:00,0.0,1442.12,73.4964,0.0,721.06,257.2374,0.0,96.4476
2022-02-01 13:00:00,0.0,1442.12,15.7348,0.0,721.06,55.0718,0.0,305.7532
2022-02-01 14:00:00,0.0,1370.506,0.0,0.0,685.253,0.0,0.0,388.652
2022-02-01 15:00:00,0.0,1442.12,63.055343,0.0,721.06,220.6937,0.0,149.51129999999998
2022-02-01 16:00:00,0.0,1442.12,112.83086,0.0,721.06,394.908,0.0,6.497
2022-02-01 17:00:00,0.0,1442.12,165.72078,0.0,721.06,500.0,22.635,0.0
2022-02-01 18:00:00,0.0,1442.12,273.26623,0.0,721.06,500.0,129.105,0.0
2022-02-01 19:00:00,0.0,1442.12,219.57937,0.0,721.06,500.0,75.955,0.0
2022-02-01 20:00:00,0.0,1442.12,133.19571,0.0,721.06,466.185,0.0,0.0
2022-02-01 21:00:00,0.0,1442.12,192.65007,0.0,721.06,500.0,49.295,0.0
2022-02-01 22:00:00,0.0,1442.12,129.51286,0.0,721.06,453.295,0.0,0.0
2022-02-01 23:00:00,0.0,1442.12,111.40143,0.0,721.06,389.905,0.0,0.0
2022-02-02 00:00:00,0.0,1442.12,101.94429,0.0,721.06,356.805,0.0,0.0
2022-02-02 01:00:00,0.0,1442.12,105.35,0.0,721.06,368.725,0.0,0.0
2022-02-02 02:00:00,0.0,1442.12,105.28714,0.0,721.06,368.505,0.0,0.0
2022-02-02 03:00:00,0.0,1442.12,109.21857,0.0,721.06,382.265,0.0,0.0
2022-02-02 04:00:00,0.0,1442.12,115.32429,0.0,721.06,403.635,0.0,0.0
2022-02-02 05:00:00,0.0,1442.12,126.85286,0.0,721.06,443.985,0.0,0.0
2022-02-02 06:00:00,0.0,1442.12,246.01371,0.0,721.06,500.0,102.125,0.0
2022-02-02 07:00:00,0.0,1442.12,186.31482,0.0,721.06,500.0,43.0231,210.26190000000003
2022-02-02 08:00:00,0.0,1442.12,51.943771,0.0,721.06,181.8032,0.0,401.9818
2022-02-02 09:00:00,0.0,1325.271,0.0,0.0,662.6355,0.0,0.0,573.1595
2022-02-02 10:00:00,0.0,1100.2952,0.0,0.0,550.1476,0.0,0.0,669.6874
2022-02-02 11:00:00,0.0,1442.12,236.56926,0.0,721.06,500.0,92.775,0.0
2022-02-02 12:00:00,0.0,1143.4478,0.0,0.0,571.7239,0.0,0.0,624.2011
2022-02-02 13:00:00,0.0,1220.3184,0.0,0.0,610.1592,0.0,0.0,572.6557999999999
2022-02-02 14:00:00,0.0,1378.8302,0.0,0.0,689.4151,0.0,0.0,463.2799
2022-02-02 15:00:00,0.0,1442.12,47.818486,0.0,721.06,167.3647,0.0,271.64029999999997
2022-02-02 16:00:00,0.0,1442.12,140.08531,0.0,721.06,490.2986,0.0,7.796399999999999
2022-02-02 17:00:00,0.0,1442.12,179.50866,0.0,721.06,500.0,36.285,0.0
2022-02-02 18:00:00,0.0,1442.12,357.30664,0.0,721.06,500.0,212.305,0.0
2022-02-02 19:00:00,0.0,1442.12,297.34704,0.0,721.06,500.0,152.945,0.0
2022-02-02 20:00:00,0.0,1442.12,159.02381,0.0,721.06,500.0,16.005,0.0
2022-02-02 21:00:00,0.0,1442.12,174.21573,0.0,721.06,500.0,31.045,0.0
2022-02-02 22:00:00,0.0,1442.12,138.85857,0.0,721.06,486.005,0.0,0.0
2022-02-02 23:00:00,0.0,1442.12,138.85857,0.0,721.06,486.005,0.0,0.0
2022-02-03 00:00:00,0.0,1442.12,133.02143,0.0,721.06,465.575,0.0,0.0
2022-02-03 01:00:00,0.0,1442.12,130.38429,0.0,721.06,456.345,0.0,0.0
2022-02-03 02:00:00,0.0,1442.12,129.50714,0.0,721.06,453.275,0.0,0.0
2022-02-03 03:00:00,0.0,1442.12,128.23857,0.0,721.06,448.835,0.0,0.0
2022-02-03 04:00:00,0.0,1442.12,127.61286,0.0,721.06,446.645,0.0,0.0
2022-02-03 05:00:00,0.0,1442.12,128.00143,0.0,721.06,448.005,0.0,0.0
2022-02-03 06:00:00,0.0,1442.12,126.64429,0.0,721.06,443.255,0.0,0.0
2022-02-03 07:00:00,0.0,1442.12,101.84834,0.0,721.06,356.4692,0.0,217.14579999999998
2022-02-03 08:00:00,0.0,1442.12,48.7754,0.0,721.06,170.7139,0.0,422.72110000000004
2022-02-03 09:00:00,0.0,1442.12,31.0478,0.0,721.06,108.6673,0.0,570.4876999999999
2022-02-03 10:00:00,0.0,1442.12,2.0996571,0.0,721.06,7.3488,0.0,665.7162
2022-02-03 11:00:00,0.0,1442.12,23.621886,0.0,721.06,82.6766,0.0,669.4684
2022-02-03 12:00:00,0.0,1442.12,10.208943,0.0,721.06,35.7313,0.0,634.8737
2022-02-03 13:00:00,0.0,1442.12,8.5286286,0.0,721.06,29.8502,0.0,594.0447999999999
2022-02-03 14:00:00,0.0,1442.12,40.734257,0.0,721.06,142.5699,0.0,467.1051
2022-02-03 15:00:00,0.0,1442.12,82.730829,0.0,721.06,289.5579,0.0,273.9471
2022-02-03 16:00:00,0.0,1442.12,241.13149,0.0,721.06,500.0,97.2916,8.4534
2022-02-03 17:00:00,0.0,1442.12,269.28644,0.0,721.06,500.0,125.165,0.0
2022-02-03 18:00:00,42.226771,1442.12,374.46483,21.113385,721.06,500.0,229.29161,0.0
2022-02-03 19:00:00,0.0,1442.12,232.29654,0.0,721.06,500.0,88.545,0.0
2022-02-03 20:00:00,0.0,1442.12,171.24603,0.0,721.06,500.0,28.105,0.0
2022-02-03 21:00:00,0.0,1442.12,195.43795,0.0,721.06,500.0,52.055,0.0
2022-02-03 22:00:00,0.0,1442.12,138.80714,0.0,721.06,485.825,0.0,0.0
2022-02-03 23:00:00,0.0,1442.12,150.9127,0.0,721.06,500.0,7.975,0.0
2022-02-04 00:00:00,0.0,1442.12,142.29,0.0,721.06,498.015,0.0,0.0
2022-02-04 01:00:00,0.0,1442.12,135.59571,0.0,721.06,474.585,0.0,0.0
2022-02-04 02:00:00,0.0,1442.12,129.05286,0.0,721.06,451.685,0.0,0.0
2022-02-04 03:00:00,0.0,1442.12,132.39571,0.0,721.06,463.385,0.0,0.0
2022-02-04 04:00:00,0.0,1442.12,135.42143,0.0,721.06,473.975,0.0,0.0
2022-02-04 05:00:00,0.0,1442.12,140.98429,0.0,721.06,493.445,0.0,0.0
2022-02-04 06:00:00,0.0,1442.12,151.77128,0.0,721.06,500.0,8.825,0.0
2022-02-04 07:00:00,0.0,1442.12,105.15629,0.0,721.06,368.047,0.0,218.708
2022-02-04 08:00:00,0.0,1442.12,59.734914,0.0,721.06,209.0722,0.0,420.7428
2022-02-04 09:00:00,0.0,1442.12,47.162343,0.0,721.06,165.0682,0.0,554.1868
2022-02-04 10:00:00,0.0,1442.12,98.490057,0.0,721.06,344.7152,0.0,362.2698
2022-02-04 11:00:00,0.0,1442.12,89.852086,0.0,721.06,314.4823,0.0,472.30269999999996
2022-02-04 12:00:00,0.0,1442.12,75.315486,0.0,721.06,263.6042,0.0,378.11080000000004
2022-02-04 13:00:00,0.0,1414.6584,0.0,0.0,707.3292,0.0,0.0,548.5658
2022-02-04 14:00:00,0.0,1442.12,39.094714,0.0,721.06,136.8315,0.0,401.4635
2022-02-04 15:00:00,0.0,1442.12,85.824943,0.0,721.06,300.3873,0.0,255.12769999999998
2022-02-04 16:00:00,0.0,1442.12,189.1624,0.0,721.06,500.0,45.8422,9.752799999999999
2022-02-04 17:00:00,0.16798286,1442.12,360.58543,0.083991429,721.06,500.0,215.55101,0.0
2022-02-04 18:00:00,132.58603,1442.12,404.28339,66.293015,721.06,500.0,258.81198,0.0
2022-02-04 19:00:00,97.627763,1442.12,392.74716,48.813881,721.06,500.0,247.39112,0.0
2022-02-04 20:00:00,0.0,1442.12,354.43795,0.0,721.06,500.0,209.465,0.0
2022-02-04 21:00:00,0.0,1442.12,327.25613,0.0,721.06,500.0,182.555,0.0
2022-02-04 22:00:00,0.0,1442.12,249.78139,0.0,721.06,500.0,105.855,0.0
2022-02-04 23:00:00,0.0,1442.12,193.34704,0.0,721.06,500.0,49.985,0.0
2022-02-05 00:00:00,0.0,1442.12,183.87229,0.0,721.06,500.0,40.605,0.0
2022-02-05 01:00:00,0.0,1442.12,177.24603,0.0,721.06,500.0,34.045,0.0
2022-02-05 02:00:00,0.0,1442.12,153.71068,0.0,721.06,500.0,10.745,0.0
2022-02-05 03:00:00,0.0,1442.12,152.05411,0.0,721.06,500.0,9.105,0.0
2022-02-05 04:00:00,0.0,1442.12,148.69048,0.0,721.06,500.0,5.775,0.0
2022-02-05 05:00:00,0.0,1442.12,196.22583,0.0,721.06,500.0,52.835,0.0
2022-02-05 06:00:00,63.89122,1442.12,381.6141,31.94561,721.06,500.0,236.36939,0.0
2022-02-05 07:00:00,56.18395,1442.12,379.0707,28.091975,721.06,500.0,233.85143,96.3016
2022-02-05 08:00:00,0.0,1442.12,114.48446,0.0,721.06,400.6956,0.0,257.5294
2022-02-05 09:00:00,0.0,1442.12,45.733,0.0,721.06,160.0655,0.0,437.3795
2022-02-05 10:00:00,0.0,1305.6202,0.0,0.0,652.8101,0.0,0.0,651.9849
2022-02-05 11:00:00,0.0,1433.0856,0.0,0.0,716.5428,0.0,0.0,654.1822
2022-02-05 12:00:00,0.0,1265.0586,0.0,0.0,632.5293,0.0,0.0,631.5156999999999
2022-02-05 13:00:00,0.0,1389.7252,0.0,0.0,694.8626,0.0,0.0,573.6924
2022-02-05 14:00:00,0.0,1442.12,16.422657,0.0,721.06,57.4793,0.0,446.8256999999999
2022-02-05 15:00:00,0.0,1442.12,79.7104,0.0,721.06,278.9864,0.0,257.5586
2022-02-05 16:00:00,0.0,1442.12,210.6433,0.0,721.06,500.0,67.1083,7.146699999999999
2022-02-05 17:00:00,0.0,1442.12,310.40765,0.0,721.06,500.0,165.875,0.0
2022-02-05 18:00:00,163.18964,1442.12,414.38258,81.594818,721.06,500.0,268.81018,0.0
2022-02-05 19:00:00,90.297413,1442.12,390.32815,45.148707,721.06,500.0,244.99629,0.0
2022-02-05 20:00:00,14.417408,1442.12,365.28774,7.2087041,721.06,500.0,220.2063,0.0
2022-02-05 21:00:00,61.87114,1442.12,380.94748,30.93557,721.06,500.0,235.70943,0.0
2022-02-05 22:00:00,168.65716,1442.12,416.18686,84.328578,721.06,500.0,270.59642,0.0
2022-02-05 23:00:00,0.0,1442.12,346.16522,0.0,721.06,500.0,201.275,0.0
2022-02-06 00:00:00,0.0,1442.12,258.80159,0.0,721.06,500.0,114.785,0.0
2022-02-06 01:00:00,0.0,1442.12,270.8824,0.0,721.06,500.0,126.745,0.0
2022-02-06 02:00:00,0.0,1442.12,279.44805,0.0,721.06,500.0,135.225,0.0
2022-02-06 03:00:00,0.0,1442.12,284.47835,0.0,721.06,500.0,140.205,0.0
2022-02-06 04:00:00,0.0,1442.12,295.81169,0.0,721.06,500.0,151.425,0.0
2022-02-06 05:00:00,0.0,1442.12,334.31674,0.0,721.06,500.0,189.545,0.0
2022-02-06 06:00:00,252.5691,1442.12,443.8778,126.28455,721.06,500.0,298.01045,0.0
2022-02-06 07:00:00,117.66659,1442.12,399.35998,58.833296,721.06,500.0,253.9378,198.1439
2022-02-06 08:00:00,0.0,1442.12,97.517229,0.0,721.06,341.3103,0.0,396.67470000000003
2022-02-06 09:00:00,0.0,1101.389,0.0,0.0,550.6945,0.0,0.0,534.2505
2022-02-06 10:00:00,0.0,1442.12,37.7644,0.0,721.06,132.1754,0.0,639.1296
2022-02-06 11:00:00,0.0,1442.12,22.082229,0.0,721.06,77.2878,0.0,624.6171999999999
2022-02-06 12:00:00,0.0,1423.7928,0.0,0.0,711.8964,0.0,0.0,602.1186
2022-02-06 13:00:00,0.0,1442.12,17.466514,0.0,721.06,61.1328,0.0,520.5922
2022-02-06 14:00:00,0.0,1442.12,40.148657,0.0,721.06,140.5203,0.0,420.76469999999995
2022-02-06 15:00:00,0.0,1442.12,106.2792,0.0,721.06,371.9772,0.0,251.74779999999998
2022-02-06 16:00:00,0.0,1442.12,242.64815,0.0,721.06,500.0,98.7931,11.701900000000002
2022-02-06 17:00:00,0.0,1442.12,302.03391,0.0,721.06,500.0,157.585,0.0
2022-02-06 18:00:00,223.48962,1442.12,434.28158,111.74481,721.06,500.0,288.51019,0.0
2022-02-06 19:00:00,164.76215,1442.12,414.90151,82.381076,721.06,500.0,269.32392,0.0
2022-02-06 20:00:00,134.93271,1442.12,405.05779,67.466355,721.06,500.0,259.57864,0.0
2022-02-06 21:00:00,179.51962,1442.12,419.77148,89.759811,721.06,500.0,274.14519,0.0
2022-02-06 22:00:00,33.021497,1442.12,371.42709,16.510748,721.06,500.0,226.28425,0.0
2022-02-06 23:00:00,0.0,1442.12,295.99351,0.0,721.06,500.0,151.605,0.0
2022-02-07 00:00:00,0.0,1442.12,256.40765,0.0,721.06,500.0,112.415,0.0
2022-02-07 01:00:00,0.0,1442.12,243.30664,0.0,721.06,500.0,99.445,0.0
2022-02-07 02:00:00,0.0,1442.12,247.74098,0.0,721.06,500.0,103.835,0.0
2022-02-07 03:00:00,0.0,1442.12,258.79149,0.0,721.06,500.0,114.775,0.0
2022-02-07 04:00:00,0.0,1442.12,289.9026,0.0,721.06,500.0,145.575,0.0
2022-02-07 05:00:00,13.945653,1442.12,365.13207,6.9728266,721.06,500.0,220.05217,0.0
2022-02-07 06:00:00,317.87695,1442.12,465.42939,158.93847,721.06,500.0,319.34653,0.0
2022-02-07 07:00:00,188.63804,1442.12,422.78055,94.319022,721.06,500.0,277.12418,221.67179999999996
2022-02-07 08:00:00,0.0,1442.12,138.30151,0.0,721.06,484.0553,0.0,413.82969999999995
2022-02-07 09:00:00,0.0,1442.12,75.003429,0.0,721.06,262.512,0.0,550.493
2022-02-07 10:00:00,0.0,1442.12,70.4222,0.0,721.06,246.4777,0.0,502.2473
2022-02-07 11:00:00,0.0,1442.12,24.632771,0.0,721.06,86.2147,0.0,614.0102999999999
2022-02-07 12:00:00,0.0,1442.12,61.405743,0.0,721.06,214.9201,0.0,408.1649
2022-02-07 13:00:00,0.0,1442.12,144.22835,0.0,721.06,500.0,1.3575,89.6075
2022-02-07 14:00:00,0.0,1442.12,164.03674,0.0,721.06,500.0,20.9678,69.0872
2022-02-07 15:00:00,0.0,1442.12,176.80118,0.0,721.06,500.0,33.6046,27.3604
2022-02-07 16:00:00,0.0,1442.12,291.18229,0.0,721.06,500.0,146.8419,9.1031
2022-02-07 17:00:00,0.0,1442.12,304.22583,0.0,721.06,500.0,159.755,0.0
2022-02-07 18:00:00,189.71679,1442.12,423.13654,94.858396,721.06,500.0,277.4766,0.0
2022-02-07 19:00:00,83.608167,1442.12,388.1207,41.804083,721.06,500.0,242.81092,0.0
2022-02-07 20:00:00,21.082462,1442.12,367.48721,10.541231,721.06,500.0,222.38377,0.0
2022-02-07 21:00:00,0.0,1442.12,354.98341,0.0,721.06,500.0,210.005,0.0
2022-02-07 22:00:00,0.0,1442.12,347.66017,0.0,721.06,500.0,202.755,0.0
2022-02-07 23:00:00,0.0,1442.12,240.51876,0.0,721.06,500.0,96.685,0.0
2022-02-08 00:00:00,0.0,1442.12,223.21573,0.0,721.06,500.0,79.555,0.0
2022-02-08 01:00:00,0.0,1442.12,242.12482,0.0,721.06,500.0,98.275,0.0
2022-02-08 02:00:00,0.0,1442.12,177.14502,0.0,721.06,500.0,33.945,0.0
2022-02-08 03:00:00,0.0,1442.12,189.26623,0.0,721.06,500.0,45.945,0.0
2022-02-08 04:00:00,0.0,1442.12,234.14502,0.0,721.06,500.0,90.375,0.0
2022-02-08 05:00:00,0.0,1442.12,272.37734,0.0,721.06,500.0,128.225,0.0
2022-02-08 06:00:00,139.56559,1442.12,406.58664,69.782794,721.06,500.0,261.09221,0.0
2022-02-08 07:00:00,70.266326,1442.12,383.71789,35.133163,721.06,500.0,238.45214,234.97969999999998
2022-02-08 08:00:00,0.0,1442.12,80.075057,0.0,721.06,280.2627,0.0,422.3123
2022-02-08 09:00:00,0.0,1442.12,21.521486,0.0,721.06,75.3252,0.0,579.0798
2022-02-08 10:00:00,0.0,1209.3422,0.0,0.0,604.6711,0.0,0.0,679.9439
2022-02-08 11:00:00,0.0,1289.6778,0.0,0.0,644.8389,0.0,0.0,665.4461
2022-02-08 12:00:00,0.0,1014.1258,0.0,0.0,507.0629,0.0,0.0,670.7021
2022-02-08 13:00:00,0.0,1032.1432,0.0,0.0,516.0716,0.0,0.0,621.6534
2022-02-08 14:00:00,0.0,1324.068,0.0,0.0,662.034,0.0,0.0,478.66100000000006
2022-02-08 15:00:00,0.0,1442.12,37.28,0.0,721.06,130.48,0.0,295.285
2022-02-08 16:00:00,0.0,1442.12,125.52694,0.0,721.06,439.3443,0.0,14.300699999999999
2022-02-08 17:00:00,0.0,1442.12,261.37734,0.0,721.06,500.0,117.335,0.0
2022-02-08 18:00:00,59.681712,1442.12,380.22497,29.840856,721.06,500.0,234.99414,0.0
2022-02-08 19:00:00,0.0,1442.12,309.11472,0.0,721.06,500.0,164.595,0.0
2022-02-08 20:00:00,0.0,1442.12,266.04401,0.0,721.06,500.0,121.955,0.0
2022-02-08 21:00:00,0.0,1442.12,266.9329,0.0,721.06,500.0,122.835,0.0
2022-02-08 22:00:00,0.0,1442.12,197.79149,0.0,721.06,500.0,54.385,0.0
2022-02-08 23:00:00,0.0,1442.12,125.38143,0.0,721.06,438.835,0.0,0.0
2022-02-09 00:00:00,0.0,1442.12,119.13,0.0,721.06,416.955,0.0,0.0
2022-02-09 01:00:00,0.0,1442.12,115.71571,0.0,721.06,405.005,0.0,0.0
2022-02-09 02:00:00,0.0,1442.12,115.93857,0.0,721.06,405.785,0.0,0.0
2022-02-09 03:00:00,0.0,1442.12,114.79571,0.0,721.06,401.785,0.0,0.0
2022-02-09 04:00:00,0.0,1442.12,121.41286,0.0,721.06,424.945,0.0,0.0
2022-02-09 05:00:00,0.0,1442.12,162.17532,0.0,721.06,500.0,19.125,0.0
2022-02-09 06:00:00,106.92981,1442.12,395.81684,53.464903,721.06,500.0,250.4301,0.0
2022-02-09 07:00:00,0.0,1442.12,300.82027,0.0,721.06,500.0,156.3835,234.00150000000002
2022-02-09 08:00:00,0.0,1442.12,83.075086,0.0,721.06,290.7628,0.0,426.42220000000003
2022-02-09 09:00:00,0.0,1442.12,13.683714,0.0,721.06,47.893,0.0,571.882
2022-02-09 10:00:00,0.0,1072.163,0.0,0.0,536.0815,0.0,0.0,684.7035
2022-02-09 11:00:00,0.0,1037.4536,0.0,0.0,518.7268,0.0,0.0,690.8281999999999
2022-02-09 12:00:00,0.0,839.3712,0.0,0.0,419.6856,0.0,0.0,667.0594
2022-02-09 13:00:00,0.0,870.4372,0.0,0.0,435.2186,0.0,0.0,618.8064
2022-02-09 14:00:00,0.0,1093.994,0.0,0.0,546.997,0.0,0.0,480.04799999999994
2022-02-09 15:00:00,0.0,1442.12,8.7665429,0.0,721.06,30.6829,0.0,294.02209999999997
2022-02-09 16:00:00,0.0,1442.12,113.084,0.0,721.06,395.794,0.0,13.650999999999998
2022-02-09 17:00:00,0.0,1442.12,210.87229,0.0,721.06,500.0,67.335,0.0
2022-02-09 18:00:00,38.162419,1442.12,373.1236,19.081209,721.06,500.0,227.96379,0.0
2022-02-09 19:00:00,0.0,1442.12,233.71068,0.0,721.06,500.0,89.945,0.0
2022-02-09 20:00:00,0.0,1442.12,232.28644,0.0,721.06,500.0,88.535,0.0
2022-02-09 21:00:00,0.0,1442.12,236.71068,0.0,721.06,500.0,92.915,0.0
2022-02-09 22:00:00,0.0,1442.12,294.09452,0.0,721.06,500.0,149.725,0.0
2022-02-09 23:00:00,0.0,1442.12,290.06421,0.0,721.06,500.0,145.735,0.0
2022-02-10 00:00:00,0.0,1442.12,248.37734,0.0,721.06,500.0,104.465,0.0
2022-02-10 01:00:00,0.0,1442.12,222.35714,0.0,721.06,500.0,78.705,0.0
2022-02-10 02:00:00,0.0,1442.12,252.38745,0.0,721.06,500.0,108.435,0.0
2022-02-10 03:00:00,0.0,1442.12,241.51876,0.0,721.06,500.0,97.675,0.0
2022-02-10 04:00:00,0.0,1442.12,271.59957,0.0,721.06,500.0,127.455,0.0
2022-02-10 05:00:00,0.0,1442.12,267.35714,0.0,721.06,500.0,123.255,0.0
2022-02-10 06:00:00,0.0,1442.12,291.00361,0.0,721.06,500.0,146.665,0.0
2022-02-10 07:00:00,0.0,1442.12,176.1824,0.0,721.06,500.0,32.992,242.433
2022-02-10 08:00:00,0.0,1442.12,93.201514,0.0,721.06,326.2053,0.0,432.80969999999996
2022-02-10 09:00:00,0.0,1442.12,65.288971,0.0,721.06,228.5114,0.0,579.1236
2022-02-10 10:00:00,0.0,1442.12,18.641886,0.0,721.06,65.2466,0.0,693.5584
2022-02-10 11:00:00,0.0,1442.12,20.248914,0.0,721.06,70.8712,0.0,699.3838
2022-02-10 12:00:00,0.0,1351.2136,0.0,0.0,675.6068,0.0,0.0,681.3381999999999
2022-02-10 13:00:00,0.0,1252.7504,0.0,0.0,626.3752,0.0,0.0,626.5297999999999
2022-02-10 14:00:00,0.0,1442.12,9.3020286,0.0,721.06,32.5571,0.0,487.07789999999994
2022-02-10 15:00:00,0.0,1442.12,87.499943,0.0,721.06,306.2498,0.0,297.28520000000003
2022-02-10 16:00:00,0.0,1442.12,220.14462,0.0,721.06,500.0,76.5146,14.950400000000002
2022-02-10 17:00:00,43.690421,1442.12,374.94784,21.845211,721.06,500.0,229.76979,0.0
2022-02-10 18:00:00,83.463011,1442.12,388.07279,41.731506,721.06,500.0,242.76349,0.0
2022-02-10 19:00:00,0.0,1442.12,286.05411,0.0,721.06,500.0,141.765,0.0
2022-02-10 20:00:00,0.0,1442.12,219.9733,0.0,721.06,500.0,76.345,0.0
2022-02-10 21:00:00,0.0,1442.12,194.62987,0.0,721.06,500.0,51.255,0.0
2022-02-10 22:00:00,0.0,1442.12,159.02381,0.0,721.06,500.0,16.005,0.0
2022-02-10 23:00:00,0.0,1442.12,157.9228,0.0,721.06,500.0,14.915,0.0
2022-02-11 00:00:00,0.0,1442.12,154.00361,0.0,721.06,500.0,11.035,0.0
2022-02-11 01:00:00,0.0,1442.12,138.87857,0.0,721.06,486.075,0.0,0.0
2022-02-11 02:00:00,0.0,1442.12,132.47,0.0,721.06,463.645,0.0,0.0
2022-02-11 03:00:00,0.0,1442.12,131.68714,0.0,721.06,460.905,0.0,0.0
2022-02-11 04:00:00,0.0,1442.12,133.32143,0.0,721.06,466.625,0.0,0.0
2022-02-11 05:00:00,0.0,1442.12,132.65286,0.0,721.06,464.285,0.0,0.0
2022-02-11 06:00:00,0.0,1442.12,134.56714,0.0,721.06,470.985,0.0,0.0
2022-02-11 07:00:00,0.0,1442.12,94.4222,0.0,721.06,330.4777,0.0,242.36729999999997
2022-02-11 08:00:00,0.0,1442.12,39.357914,0.0,721.06,137.7527,0.0,436.9123000000001
2022-02-11 09:00:00,0.0,1442.12,24.177114,0.0,721.06,84.6199,0.0,583.9051
2022-02-11 10:00:00,0.0,1442.12,10.761543,0.0,721.06,37.6654,0.0,693.8796
2022-02-11 11:00:00,0.0,1442.12,38.161086,0.0,721.06,133.5638,0.0,709.8811999999999
2022-02-11 12:00:00,0.0,1430.9732,0.0,0.0,715.4866,0.0,0.0,695.7484000000001
2022-02-11 13:00:00,0.0,1397.0054,0.0,0.0,698.5027,0.0,0.0,631.0922999999999
2022-02-11 14:00:00,0.0,1442.12,34.408371,0.0,721.06,120.4293,0.0,478.2157000000001
2022-02-11 15:00:00,0.0,1442.12,84.559686,0.0,721.06,295.9589,0.0,298.98609999999996
2022-02-11 16:00:00,0.0,1442.12,252.58906,0.0,721.06,500.0,108.6346,14.950400000000002
2022-02-11 17:00:00,0.0,1442.12,307.61977,0.0,721.06,500.0,163.115,0.0
2022-02-11 18:00:00,151.22641,1442.12,410.43471,75.613204,721.06,500.0,264.9018,0.0
2022-02-11 19:00:00,21.142944,1442.12,367.50717,10.571472,721.06,500.0,222.40353,0.0
2022-02-11 20:00:00,0.0,1442.12,287.51876,0.0,721.06,500.0,143.215,0.0
2022-02-11 21:00:00,0.0,1442.12,237.77128,0.0,721.06,500.0,93.965,0.0
2022-02-11 22:00:00,0.0,1442.12,212.37734,0.0,721.06,500.0,68.825,0.0
2022-02-11 23:00:00,0.0,1442.12,140.48714,0.0,721.06,491.705,0.0,0.0
2022-02-12 00:00:00,0.0,1442.12,125.77571,0.0,721.06,440.215,0.0,0.0
2022-02-12 01:00:00,0.0,1442.12,124.41571,0.0,721.06,435.455,0.0,0.0
2022-02-12 02:00:00,0.0,1442.12,118.53571,0.0,721.06,414.875,0.0,0.0
2022-02-12 03:00:00,0.0,1442.12,116.47571,0.0,721.06,407.665,0.0,0.0
2022-02-12 04:00:00,0.0,1442.12,113.29857,0.0,721.06,396.545,0.0,0.0
2022-02-12 05:00:00,0.0,1442.12,129.53571,0.0,721.06,453.375,0.0,0.0
2022-02-12 06:00:00,0.0,1442.12,300.04401,0.0,721.06,500.0,155.615,0.0
2022-02-12 07:00:00,0.0,1442.12,189.18128,0.0,721.06,500.0,45.8609,227.1541
2022-02-12 08:00:00,0.0,1442.12,20.097229,0.0,721.06,70.3403,0.0,428.79470000000003
2022-02-12 09:00:00,0.0,1242.8816,0.0,0.0,621.4408,0.0,0.0,531.1042
2022-02-12 10:00:00,0.0,966.5228,0.0,0.0,483.2614,0.0,0.0,657.2336
2022-02-12 11:00:00,0.0,923.3426,0.0,0.0,461.6713,0.0,0.0,701.3036999999999
2022-02-12 12:00:00,0.0,737.7066,0.0,0.0,368.8533,0.0,0.0,672.5417
2022-02-12 13:00:00,0.0,998.4506,0.0,0.0,499.2253,0.0,0.0,608.0097
2022-02-12 14:00:00,0.0,1442.12,1.1396,0.0,721.06,3.9886,0.0,332.64639999999997
2022-02-12 15:00:00,0.0,1442.12,40.726829,0.0,721.06,142.5439,0.0,181.8211
2022-02-12 16:00:00,0.0,1442.12,96.813343,0.0,721.06,338.8467,0.0,19.4983
2022-02-12 17:00:00,0.0,1442.12,135.45286,0.0,721.06,474.085,0.0,0.0
2022-02-12 18:00:00,0.0,1442.12,273.9127,0.0,721.06,500.0,129.745,0.0
2022-02-12 19:00:00,0.0,1442.12,189.04401,0.0,721.06,500.0,45.725,0.0
2022-02-12 20:00:00,0.0,1442.12,148.58947,0.0,721.06,500.0,5.675,0.0
2022-02-12 21:00:00,0.0,1442.12,131.65857,0.0,721.06,460.805,0.0,0.0
2022-02-12 22:00:00,0.0,1442.12,125.88429,0.0,721.06,440.595,0.0,0.0
2022-02-12 23:00:00,0.0,1442.12,106.47571,0.0,721.06,372.665,0.0,0.0
2022-02-13 00:00:00,0.0,1442.12,94.97,0.0,721.06,332.395,0.0,0.0
2022-02-13 01:00:00,0.0,1442.12,98.555714,0.0,721.06,344.945,0.0,0.0
2022-02-13 02:00:00,0.0,1442.12,92.812857,0.0,721.06,324.845,0.0,0.0
2022-02-13 03:00:00,0.0,1442.12,92.092857,0.0,721.06,322.325,0.0,0.0
2022-02-13 04:00:00,0.0,1442.12,95.624286,0.0,721.06,334.685,0.0,0.0
2022-02-13 05:00:00,0.0,1442.12,106.99571,0.0,721.06,374.485,0.0,0.0
2022-02-13 06:00:00,0.0,1442.12,278.07431,0.0,721.06,500.0,133.865,0.0
2022-02-13 07:00:00,0.0,1442.12,125.40171,0.0,721.06,438.906,0.0,228.709
2022-02-13 08:00:00,0.0,1442.12,21.2842,0.0,721.06,74.4947,0.0,417.64029999999997
2022-02-13 09:00:00,0.0,1143.3468,0.0,0.0,571.6734,0.0,0.0,567.8815999999999
2022-02-13 10:00:00,0.0,905.781,0.0,0.0,452.8905,0.0,0.0,675.7245
2022-02-13 11:00:00,0.0,999.7802,0.0,0.0,499.8901,0.0,0.0,689.9449000000001
2022-02-13 12:00:00,0.0,973.0656,0.0,0.0,486.5328,0.0,0.0,601.6221999999999
2022-02-13 13:00:00,0.0,986.643,0.0,0.0,493.3215,0.0,0.0,575.2035
2022-02-13 14:00:00,0.0,1323.671,0.0,0.0,661.8355,0.0,0.0,415.4795
2022-02-13 15:00:00,0.0,1442.12,52.272086,0.0,721.06,182.9523,0.0,227.02270000000001
2022-02-13 16:00:00,0.0,1442.12,114.88737,0.0,721.06,402.1058,0.0,17.5492
2022-02-13 17:00:00,0.0,1442.12,173.42785,0.0,721.06,500.0,30.265,0.0
2022-02-13 18:00:00,0.0,1442.12,327.943,0.0,721.06,500.0,183.235,0.0
2022-02-13 19:00:00,0.0,1442.12,198.58947,0.0,721.06,500.0,55.175,0.0
2022-02-13 20:00:00,0.0,1442.12,144.08442,0.0,721.06,500.0,1.215,0.0
2022-02-13 21:00:00,0.0,1442.12,239.84199,0.0,721.06,500.0,96.015,0.0
2022-02-13 22:00:00,0.0,1442.12,142.18143,0.0,721.06,497.635,0.0,0.0
2022-02-13 23:00:00,0.0,1442.12,135.76714,0.0,721.06,475.185,0.0,0.0
2022-02-14 00:00:00,0.0,1442.12,118.26143,0.0,721.06,413.915,0.0,0.0
2022-02-14 01:00:00,0.0,1442.12,115.76143,0.0,721.06,405.165,0.0,0.0
2022-02-14 02:00:00,0.0,1442.12,117.66429,0.0,721.06,411.825,0.0,0.0
2022-02-14 03:00:00,0.0,1442.12,118.81857,0.0,721.06,415.865,0.0,0.0
2022-02-14 04:00:00,0.0,1442.12,121.07571,0.0,721.06,423.765,0.0,0.0
2022-02-14 05:00:00,0.0,1442.12,138.22714,0.0,721.06,483.795,0.0,0.0
2022-02-14 06:00:00,0.0,1442.12,347.15512,0.0,721.06,500.0,202.255,0.0
2022-02-14 07:00:00,0.0,1442.12,221.29371,0.0,721.06,500.0,77.6522,234.59279999999998
2022-02-14 08:00:00,0.0,1442.12,90.037486,0.0,721.06,315.1312,0.0,232.18380000000002
2022-02-14 09:00:00,0.0,1442.12,6.6607429,0.0,721.06,23.3126,0.0,417.47239999999994
2022-02-14 10:00:00,0.0,1150.6604,0.0,0.0,575.3302,0.0,0.0,571.4147999999999
2022-02-14 11:00:00,0.0,1418.568,0.0,0.0,709.284,0.0,0.0,448.001
2022-02-14 12:00:00,0.0,1262.977,0.0,0.0,631.4885,0.0,0.0,387.6665
2022-02-14 13:00:00,0.0,1348.619,0.0,0.0,674.3095,0.0,0.0,377.6655
2022-02-14 14:00:00,0.0,1237.0186,0.0,0.0,618.5093,0.0,0.0,420.5457
2022-02-14 15:00:00,0.0,1442.12,17.844429,0.0,721.06,62.4555,0.0,251.95949999999996
2022-02-14 16:00:00,0.0,1442.12,90.986114,0.0,721.06,318.4514,0.0,63.01359999999999
2022-02-14 17:00:00,0.0,1442.12,189.9329,0.0,721.06,500.0,46.605,0.0
2022-02-14 18:00:00,60.238141,1442.12,380.40859,30.119071,721.06,500.0,235.17593,0.0
2022-02-14 19:00:00,0.0,1442.12,286.72078,0.0,721.06,500.0,142.425,0.0
2022-02-14 20:00:00,0.0,1442.12,305.9329,0.0,721.06,500.0,161.445,0.0
2022-02-14 21:00:00,0.0,1442.12,279.35714,0.0,721.06,500.0,135.135,0.0
2022-02-14 22:00:00,0.0,1442.12,184.26623,0.0,721.06,500.0,40.995,0.0
2022-02-14 23:00:00,0.0,1442.12,132.93857,0.0,721.06,465.285,0.0,0.0
2022-02-15 00:00:00,0.0,1442.12,128.46143,0.0,721.06,449.615,0.0,0.0
2022-02-15 01:00:00,0.0,1442.12,125.71857,0.0,721.06,440.015,0.0,0.0
2022-02-15 02:00:00,0.0,1442.12,130.45286,0.0,721.06,456.585,0.0,0.0
2022-02-15 03:00:00,0.0,1442.12,133.41286,0.0,721.06,466.945,0.0,0.0
2022-02-15 04:00:00,0.0,1442.12,135.87571,0.0,721.06,475.565,0.0,0.0
2022-02-15 05:00:00,0.0,1442.12,196.03391,0.0,721.06,500.0,52.645,0.0
2022-02-15 06:00:00,35.168467,1442.12,372.13559,17.584233,721.06,500.0,226.98567,1.3651
2022-02-15 07:00:00,13.260761,1442.12,364.90605,6.6303807,721.06,500.0,219.82842,132.0862
2022-02-15 08:00:00,0.0,1442.12,94.934057,0.0,721.06,332.2692,0.0,268.9758
2022-02-15 09:00:00,0.0,1442.12,47.601771,0.0,721.06,166.6062,0.0,298.9788
2022-02-15 10:00:00,0.0,1442.12,36.757971,0.0,721.06,128.6529,0.0,261.9021
2022-02-15 11:00:00,0.0,1442.12,80.251829,0.0,721.06,280.8814,0.0,164.4836
2022-02-15 12:00:00,0.0,1442.12,78.934829,0.0,721.06,276.2719,0.0,38.3031
2022-02-15 13:00:00,0.0,1442.12,73.192257,0.0,721.06,256.1729,0.0,56.77210000000001
2022-02-15 14:00:00,0.0,1442.12,82.986629,0.0,721.06,290.4532,0.0,36.251799999999996
2022-02-15 15:00:00,0.0,1442.12,116.47103,0.0,721.06,407.6486,0.0,14.366399999999999
2022-02-15 16:00:00,0.0,1442.12,137.57751,0.0,721.06,481.5213,0.0,3.4236999999999997
2022-02-15 17:00:00,0.0,1442.12,178.74098,0.0,721.06,500.0,35.525,0.0
2022-02-15 18:00:00,32.356201,1442.12,371.20755,16.178101,721.06,500.0,226.0669,0.0
2022-02-15 19:00:00,0.0,1442.12,298.87229,0.0,721.06,500.0,154.455,0.0
2022-02-15 20:00:00,0.0,1442.12,254.87229,0.0,721.06,500.0,110.895,0.0
2022-02-15 21:00:00,0.0,1442.12,212.22583,0.0,721.06,500.0,68.675,0.0
2022-02-15 22:00:00,0.0,1442.12,192.61977,0.0,721.06,500.0,49.265,0.0
2022-02-15 23:00:00,0.0,1442.12,134.64143,0.0,721.06,471.245,0.0,0.0
2022-02-16 00:00:00,0.0,1442.12,116.67,0.0,721.06,408.345,0.0,0.0
2022-02-16 01:00:00,0.0,1442.12,108.65,0.0,721.06,380.275,0.0,0.0
2022-02-16 02:00:00,0.0,1442.12,105.41571,0.0,721.06,368.955,0.0,0.0
2022-02-16 03:00:00,0.0,1442.12,102.39571,0.0,721.06,358.385,0.0,0.0
2022-02-16 04:00:00,0.0,1442.12,104.52429,0.0,721.06,365.835,0.0,0.0
2022-02-16 05:00:00,0.0,1442.12,117.19571,0.0,721.06,410.185,0.0,0.0
2022-02-16 06:00:00,0.0,1442.12,254.97583,0.0,721.06,500.0,110.9975,2.7375
2022-02-16 07:00:00,0.0,1442.12,179.61664,0.0,721.06,500.0,36.3919,236.8631
2022-02-16 08:00:00,0.0,1442.12,146.80442,0.0,721.06,500.0,3.9078,69.0872
2022-02-16 09:00:00,0.0,1442.12,89.169857,0.0,721.06,312.0945,0.0,196.9905
2022-02-16 10:00:00,0.0,1442.12,24.456657,0.0,721.06,85.5983,0.0,388.2067
2022-02-16 11:00:00,0.0,1129.5736,0.0,0.0,564.7868,0.0,0.0,649.2181999999999
2022-02-16 12:00:00,0.0,1366.6578,0.0,0.0,683.3289,0.0,0.0,430.3861
2022-02-16 13:00:00,0.0,973.4092,0.0,0.0,486.7046,0.0,0.0,620.1204
2022-02-16 14:00:00,0.0,1442.12,17.831886,0.0,721.06,62.4116,0.0,323.0834
2022-02-16 15:00:00,0.0,1442.12,40.2976,0.0,721.06,141.0416,0.0,256.6534
2022-02-16 16:00:00,0.0,1442.12,103.50189,0.0,721.06,362.2566,0.0,91.30839999999999
2022-02-16 17:00:00,0.0,1442.12,197.03391,0.0,721.06,500.0,53.635,0.0
2022-02-16 18:00:00,0.0,1442.12,349.59957,0.0,721.06,500.0,204.675,0.0
2022-02-16 19:00:00,0.0,1442.12,211.73088,0.0,721.06,500.0,68.185,0.0
2022-02-16 20:00:00,0.0,1442.12,136.79571,0.0,721.06,478.785,0.0,0.0
2022-02-16 21:00:00,0.0,1442.12,128.85286,0.0,721.06,450.985,0.0,0.0
2022-02-16 22:00:00,0.0,1442.12,130.53571,0.0,721.06,456.875,0.0,0.0
2022-02-16 23:00:00,0.0,1442.12,112.67857,0.0,721.06,394.375,0.0,0.0
2022-02-17 00:00:00,0.0,1442.12,114.41286,0.0,721.06,400.445,0.0,0.0
2022-02-17 01:00:00,0.0,1442.12,102.35286,0.0,721.06,358.235,0.0,0.0
2022-02-17 02:00:00,0.0,1442.12,101.97286,0.0,721.06,356.905,0.0,0.0
2022-02-17 03:00:00,0.0,1442.12,101.30429,0.0,721.06,354.565,0.0,0.0
2022-02-17 04:00:00,0.0,1442.12,105.70143,0.0,721.06,369.955,0.0,0.0
2022-02-17 05:00:00,0.0,1442.12,104.29571,0.0,721.06,365.035,0.0,0.0
2022-02-17 06:00:00,0.0,1442.12,111.10323,0.0,721.06,388.8613,0.0,3.4236999999999997
2022-02-17 07:00:00,0.0,1442.12,102.50777,0.0,721.06,358.7772,0.0,150.27779999999998
2022-02-17 08:00:00,0.0,1442.12,53.905829,0.0,721.06,188.6704,0.0,419.76460000000003
2022-02-17 09:00:00,0.0,1442.12,9.3916857,0.0,721.06,32.8709,0.0,589.2341
2022-02-17 10:00:00,0.0,1442.12,29.089771,0.0,721.06,101.8142,0.0,578.1307999999999
2022-02-17 11:00:00,0.0,1442.12,22.0558,0.0,721.06,77.1953,0.0,624.0696999999999
2022-02-17 12:00:00,0.0,1133.4954,0.0,0.0,566.7477,0.0,0.0,694.9672999999999
2022-02-17 13:00:00,0.0,1170.5362,0.0,0.0,585.2681,0.0,0.0,588.0369000000001
2022-02-17 14:00:00,0.0,1442.12,4.7920286,0.0,721.06,16.7721,0.0,458.9728999999999
2022-02-17 15:00:00,0.0,1442.12,20.889714,0.0,721.06,73.114,0.0,312.221
2022-02-17 16:00:00,0.0,1442.12,108.45194,0.0,721.06,379.5818,0.0,102.81320000000001
2022-02-17 17:00:00,0.0,1442.12,261.61977,0.0,721.06,500.0,117.575,0.0
2022-02-17 18:00:00,12.179595,1442.12,364.54927,6.0897976,721.06,500.0,219.4752,0.0
2022-02-17 19:00:00,0.0,1442.12,218.62987,0.0,721.06,500.0,75.015,0.0
2022-02-17 20:00:00,0.0,1442.12,142.50429,0.0,721.06,498.765,0.0,0.0
2022-02-17 21:00:00,0.0,1442.12,135.91571,0.0,721.06,475.705,0.0,0.0
2022-02-17 22:00:00,0.0,1442.12,134.41286,0.0,721.06,470.445,0.0,0.0
2022-02-17 23:00:00,0.0,1442.12,130.90714,0.0,721.06,458.175,0.0,0.0
2022-02-18 00:00:00,0.0,1442.12,109.73571,0.0,721.06,384.075,0.0,0.0
2022-02-18 01:00:00,0.0,1442.12,107.17,0.0,721.06,375.095,0.0,0.0
2022-02-18 02:00:00,0.0,1442.12,106.65571,0.0,721.06,373.295,0.0,0.0
2022-02-18 03:00:00,0.0,1442.12,104.94429,0.0,721.06,367.305,0.0,0.0
2022-02-18 04:00:00,0.0,1442.12,108.69571,0.0,721.06,380.435,0.0,0.0
2022-02-18 05:00:00,0.0,1442.12,108.30429,0.0,721.06,379.065,0.0,0.0
2022-02-18 06:00:00,0.0,1442.12,110.04,0.0,721.06,385.14,0.0,5.475
2022-02-18 07:00:00,0.0,1442.12,64.807114,0.0,721.06,226.8249,0.0,255.04009999999997
2022-02-18 08:00:00,0.0,1442.12,39.069429,0.0,721.06,136.743,0.0,441.212
2022-02-18 09:00:00,0.0,1424.6254,0.0,0.0,712.3127,0.0,0.0,585.1022999999999
2022-02-18 10:00:00,0.0,1442.12,1.6543143,0.0,721.06,5.7901,0.0,644.6849
2022-02-18 11:00:00,0.0,1414.1728,0.0,0.0,707.0864,0.0,0.0,724.0286
2022-02-18 12:00:00,0.0,1012.3646,0.0,0.0,506.1823,0.0,0.0,726.3426999999999
2022-02-18 13:00:00,0.0,1115.0332,0.0,0.0,557.5166,0.0,0.0,631.5084
2022-02-18 14:00:00,0.0,1413.4436,0.0,0.0,706.7218,0.0,0.0,483.87320000000005
2022-02-18 15:00:00,0.0,1442.12,44.063714,0.0,721.06,154.223,0.0,311.272
2022-02-18 16:00:00,0.0,1442.12,116.60429,0.0,721.06,408.115,0.0,103.66000000000001
2022-02-18 17:00:00,0.0,1442.12,208.68038,0.0,721.06,500.0,65.165,0.0
2022-02-18 18:00:00,77.414868,1442.12,386.07691,38.707434,721.06,500.0,240.78757,0.0
2022-02-18 19:00:00,0.0,1442.12,268.58947,0.0,721.06,500.0,124.475,0.0
2022-02-18 20:00:00,0.0,1442.12,213.33694,0.0,721.06,500.0,69.775,0.0
2022-02-18 21:00:00,0.0,1442.12,132.75,0.0,721.06,464.625,0.0,0.0
2022-02-18 22:00:00,0.0,1442.12,150.71068,0.0,721.06,500.0,7.775,0.0
2022-02-18 23:00:00,0.0,1442.12,122.26429,0.0,721.06,427.925,0.0,0.0
2022-02-19 00:00:00,0.0,1442.12,102.13571,0.0,721.06,357.475,0.0,0.0
2022-02-19 01:00:00,0.0,1442.12,102.35286,0.0,721.06,358.235,0.0,0.0
2022-02-19 02:00:00,0.0,1442.12,95.272857,0.0,721.06,333.455,0.0,0.0
2022-02-19 03:00:00,0.0,1442.12,97.195714,0.0,721.06,340.185,0.0,0.0
2022-02-19 04:00:00,0.0,1442.12,102.65857,0.0,721.06,359.305,0.0,0.0
2022-02-19 05:00:00,0.0,1442.12,119.69286,0.0,721.06,418.925,0.0,0.0
2022-02-19 06:00:00,0.0,1442.12,302.15118,0.0,721.06,500.0,157.7011,6.153899999999999
2022-02-19 07:00:00,0.0,1442.12,184.2126,0.0,721.06,500.0,40.9419,257.30310000000003
2022-02-19 08:00:00,0.0,1442.12,38.677571,0.0,721.06,135.3715,0.0,438.69350000000003
2022-02-19 09:00:00,0.0,1287.4766,0.0,0.0,643.7383,0.0,0.0,578.0066999999999
2022-02-19 10:00:00,0.0,1235.9348,0.0,0.0,617.9674,0.0,0.0,584.8176
2022-02-19 11:00:00,0.0,1314.2692,0.0,0.0,657.1346,0.0,0.0,637.6404
2022-02-19 12:00:00,0.0,1273.9668,0.0,0.0,636.9834,0.0,0.0,577.3716
2022-02-19 13:00:00,0.0,1442.12,37.947029,0.0,721.06,132.8146,0.0,376.30039999999997
2022-02-19 14:00:00,0.0,1442.12,64.0132,0.0,721.06,224.0462,0.0,235.4688
2022-02-19 15:00:00,0.0,1442.12,107.57931,0.0,721.06,376.5276,0.0,104.6674
2022-02-19 16:00:00,0.0,1442.12,133.43157,0.0,721.06,467.0105,0.0,51.5745
2022-02-19 17:00:00,0.0,1442.12,252.9329,0.0,721.06,500.0,108.975,0.0
2022-02-19 18:00:00,120.9615,1442.12,400.44729,60.48075,721.06,500.0,255.01425,0.0
2022-02-19 19:00:00,0.0,1442.12,316.24603,0.0,721.06,500.0,171.655,0.0
2022-02-19 20:00:00,0.0,1442.12,337.15512,0.0,721.06,500.0,192.355,0.0
2022-02-19 21:00:00,0.0,1442.12,340.07431,0.0,721.06,500.0,195.245,0.0
2022-02-19 22:00:00,0.0,1442.12,248.86219,0.0,721.06,500.0,104.945,0.0
2022-02-19 23:00:00,0.0,1442.12,152.70058,0.0,721.06,500.0,9.745,0.0
2022-02-20 00:00:00,0.0,1442.12,141.04143,0.0,721.06,493.645,0.0,0.0
2022-02-20 01:00:00,0.0,1442.12,133.98714,0.0,721.06,468.955,0.0,0.0
2022-02-20 02:00:00,0.0,1442.12,131.24429,0.0,721.06,459.355,0.0,0.0
2022-02-20 03:00:00,0.0,1442.12,135.24429,0.0,721.06,473.355,0.0,0.0
2022-02-20 04:00:00,0.0,1442.12,137.99571,0.0,721.06,482.985,0.0,0.0
2022-02-20 05:00:00,0.0,1442.12,189.22583,0.0,721.06,500.0,45.905,0.0
2022-02-20 06:00:00,61.768322,1442.12,380.91355,30.884161,721.06,500.0,235.67584,5.475
2022-02-20 07:00:00,87.044359,1442.12,389.25464,43.522179,721.06,500.0,243.93352,84.97930000000001
2022-02-20 08:00:00,0.0,1442.12,90.825486,0.0,721.06,317.8892,0.0,307.6658
2022-02-20 09:00:00,0.0,1442.12,47.244571,0.0,721.06,165.356,0.0,430.919
2022-02-20 10:00:00,0.0,1442.12,46.506,0.0,721.06,162.771,0.0,357.554
2022-02-20 11:00:00,0.0,1412.5986,0.0,0.0,706.2993,0.0,0.0,532.9657
2022-02-20 12:00:00,0.0,960.0922,0.0,0.0,480.0461,0.0,0.0,678.1189
2022-02-20 13:00:00,0.0,1442.12,28.051543,0.0,721.06,98.1804,0.0,329.2446
2022-02-20 14:00:00,0.0,1442.12,56.118486,0.0,721.06,196.4147,0.0,278.21029999999996
2022-02-20 15:00:00,0.0,1442.12,100.13903,0.0,721.06,350.4866,0.0,143.1384
2022-02-20 16:00:00,0.0,1442.12,126.37811,0.0,721.06,442.3234,0.0,49.5816
2022-02-20 17:00:00,0.0,1442.12,270.83189,0.0,721.06,500.0,126.695,0.0
2022-02-20 18:00:00,206.53063,1442.12,428.68511,103.26531,721.06,500.0,282.96969,0.0
2022-02-20 19:00:00,134.06178,1442.12,404.77039,67.030889,721.06,500.0,259.29411,0.0
2022-02-20 20:00:00,36.481035,1442.12,372.56874,18.240517,721.06,500.0,227.41448,0.0
2022-02-20 21:00:00,125.42503,1442.12,401.92026,62.712514,721.06,500.0,256.47249,0.0
2022-02-20 22:00:00,0.0,1442.12,328.9127,0.0,721.06,500.0,184.195,0.0
2022-02-20 23:00:00,0.0,1442.12,213.07431,0.0,721.06,500.0,69.515,0.0
2022-02-21 00:00:00,0.0,1442.12,176.21573,0.0,721.06,500.0,33.025,0.0
2022-02-21 01:00:00,0.0,1442.12,149.9228,0.0,721.06,500.0,6.995,0.0
2022-02-21 02:00:00,0.0,1442.12,159.67027,0.0,721.06,500.0,16.645,0.0
2022-02-21 03:00:00,0.0,1442.12,147.73088,0.0,721.06,500.0,4.825,0.0
2022-02-21 04:00:00,0.0,1442.12,154.59957,0.0,721.06,500.0,11.625,0.0
2022-02-21 05:00:00,0.0,1442.12,227.10462,0.0,721.06,500.0,83.405,0.0
2022-02-21 06:00:00,150.78332,1442.12,410.2885,75.39166,721.06,500.0,264.75704,7.5263
2022-02-21 07:00:00,35.767233,1442.12,372.33319,17.883616,721.06,500.0,227.18128,211.9701
2022-02-21 08:00:00,0.0,1442.12,155.79785,0.0,721.06,500.0,12.8113,170.59369999999998
2022-02-21 09:00:00,0.0,1442.12,43.825371,0.0,721.06,153.3888,0.0,455.47619999999995
2022-02-21 10:00:00,0.0,1442.12,3.2844857,0.0,721.06,11.4957,0.0,585.7592999999999
2022-02-21 11:00:00,0.0,1230.4448,0.0,0.0,615.2224,0.0,0.0,715.1225999999999
2022-02-21 12:00:00,0.0,1156.108,0.0,0.0,578.054,0.0,0.0,610.791
2022-02-21 13:00:00,0.0,1063.3778,0.0,0.0,531.6889,0.0,0.0,599.0160999999999
2022-02-21 14:00:00,0.0,1442.12,9.0331143,0.0,721.06,31.6159,0.0,321.6891
2022-02-21 15:00:00,0.0,1442.12,98.935743,0.0,721.06,346.2751,0.0,90.9799
2022-02-21 16:00:00,0.0,1442.12,126.6588,0.0,721.06,443.3058,0.0,54.779199999999996
2022-02-21 17:00:00,0.0,1442.12,215.65007,0.0,721.06,500.0,72.065,0.0
2022-02-21 18:00:00,159.65752,1442.12,413.21698,79.82876,721.06,500.0,267.65624,0.0
2022-02-21 19:00:00,23.804127,1442.12,368.38536,11.902063,721.06,500.0,223.27294,0.0
2022-02-21 20:00:00,83.426722,1442.12,388.06082,41.713361,721.06,500.0,242.75164,0.0
2022-02-21 21:00:00,0.0,1442.12,348.36724,0.0,721.06,500.0,203.455,0.0
2022-02-21 22:00:00,4.1718537,1442.12,361.90671,2.0859268,721.06,500.0,216.85907,0.0
2022-02-21 23:00:00,0.0,1442.12,289.08442,0.0,721.06,500.0,144.765,0.0
2022-02-22 00:00:00,0.0,1442.12,275.18543,0.0,721.06,500.0,131.005,0.0
2022-02-22 01:00:00,0.0,1442.12,245.79149,0.0,721.06,500.0,101.905,0.0
2022-02-22 02:00:00,0.0,1442.12,209.02381,0.0,721.06,500.0,65.505,0.0
2022-02-22 03:00:00,0.0,1442.12,193.77128,0.0,721.06,500.0,50.405,0.0
2022-02-22 04:00:00,0.0,1442.12,217.70058,0.0,721.06,500.0,74.095,0.0
2022-02-22 05:00:00,0.0,1442.12,270.81169,0.0,721.06,500.0,126.675,0.0
2022-02-22 06:00:00,193.20052,1442.12,424.28617,96.600261,721.06,500.0,278.61474,12.41
2022-02-22 07:00:00,119.39322,1442.12,399.92976,59.696608,721.06,500.0,254.50189,122.67649999999999
2022-02-22 08:00:00,0.0,1442.12,88.683743,0.0,721.06,310.3931,0.0,414.6618999999999
2022-02-22 09:00:00,0.0,1442.12,17.1504,0.0,721.06,60.0264,0.0,509.40860000000004
2022-02-22 10:00:00,0.0,1442.12,105.95029,0.0,721.06,370.826,0.0,184.909
2022-02-22 11:00:00,0.0,1371.6752,0.0,0.0,685.8376,0.0,0.0,614.2074
2022-02-22 12:00:00,0.0,1247.8686,0.0,0.0,623.9343,0.0,0.0,572.0206999999999
2022-02-22 13:00:00,0.0,1104.3382,0.0,0.0,552.1691,0.0,0.0,618.9159000000001
2022-02-22 14:00:00,0.0,1393.4584,0.0,0.0,696.7292,0.0,0.0,450.74580000000003
2022-02-22 15:00:00,0.0,1442.12,39.1378,0.0,721.06,136.9823,0.0,312.4327
2022-02-22 16:00:00,0.0,1442.12,123.02677,0.0,721.06,430.5937,0.0,118.12130000000002
2022-02-22 17:00:00,0.0,1442.12,294.68038,0.0,721.06,500.0,150.305,0.0
2022-02-22 18:00:00,204.17185,1442.12,427.90671,102.08593,721.06,500.0,282.19907,0.0
2022-02-22 19:00:00,21.796143,1442.12,367.72273,10.898072,721.06,500.0,222.61693,0.0
2022-02-22 20:00:00,0.0,1442.12,349.30664,0.0,721.06,500.0,204.385,0.0
2022-02-22 21:00:00,0.0,1442.12,276.85209,0.0,721.06,500.0,132.655,0.0
2022-02-22 22:00:00,0.0,1442.12,209.47835,0.0,721.06,500.0,65.955,0.0
2022-02-22 23:00:00,0.0,1442.12,141.45571,0.0,721.06,495.095,0.0,0.0
2022-02-23 00:00:00,0.0,1442.12,128.40143,0.0,721.06,449.405,0.0,0.0
2022-02-23 01:00:00,0.0,1442.12,125.24143,0.0,721.06,438.345,0.0,0.0
2022-02-23 02:00:00,0.0,1442.12,121.53,0.0,721.06,425.355,0.0,0.0
2022-02-23 03:00:00,0.0,1442.12,124.81286,0.0,721.06,436.845,0.0,0.0
2022-02-23 04:00:00,0.0,1442.12,124.81,0.0,721.06,436.835,0.0,0.0
2022-02-23 05:00:00,0.0,1442.12,142.66714,0.0,721.06,499.335,0.0,0.0
2022-02-23 06:00:00,0.0,1442.12,340.87189,0.0,721.06,500.0,196.0346,22.9804
2022-02-23 07:00:00,0.0,1442.12,303.78219,0.0,721.06,500.0,159.3158,278.8892
2022-02-23 08:00:00,0.0,1442.12,67.137743,0.0,721.06,234.9821,0.0,466.27290000000005
2022-02-23 09:00:00,0.0,1391.7182,0.0,0.0,695.8591,0.0,0.0,575.1159
2022-02-23 10:00:00,0.0,1186.2782,0.0,0.0,593.1391,0.0,0.0,670.0159
2022-02-23 11:00:00,0.0,1199.242,0.0,0.0,599.621,0.0,0.0,673.644
2022-02-23 12:00:00,0.0,896.6678,0.0,0.0,448.3339,0.0,0.0,754.1410999999998
2022-02-23 13:00:00,0.0,1168.4638,0.0,0.0,584.2319,0.0,0.0,636.1731
2022-02-23 14:00:00,0.0,1442.12,19.532886,0.0,721.06,68.3651,0.0,500.50989999999996
2022-02-23 15:00:00,0.0,1442.12,65.007714,0.0,721.06,227.527,0.0,317.258
2022-02-23 16:00:00,0.0,1442.12,128.11294,0.0,721.06,448.3953,0.0,120.3697
2022-02-23 17:00:00,0.0,1442.12,333.01371,0.0,721.06,500.0,188.255,0.0
2022-02-23 18:00:00,204.37749,1442.12,427.97457,102.18875,721.06,500.0,282.26625,0.0
2022-02-23 19:00:00,42.202578,1442.12,374.45685,21.101289,721.06,500.0,229.28371,0.0
2022-02-23 20:00:00,42.674333,1442.12,374.61253,21.337167,721.06,500.0,229.43783,0.0
2022-02-23 21:00:00,34.860132,1442.12,372.03384,17.430066,721.06,500.0,226.88493,0.0
2022-02-23 22:00:00,0.0,1442.12,342.55916,0.0,721.06,500.0,197.705,0.0
2022-02-23 23:00:00,0.0,1442.12,287.9026,0.0,721.06,500.0,143.595,0.0
2022-02-24 00:00:00,0.0,1442.12,279.9026,0.0,721.06,500.0,135.675,0.0
2022-02-24 01:00:00,0.0,1442.12,257.33694,0.0,721.06,500.0,113.335,0.0
2022-02-24 02:00:00,0.0,1442.12,260.37734,0.0,721.06,500.0,116.345,0.0
2022-02-24 03:00:00,0.0,1442.12,269.00361,0.0,721.06,500.0,124.885,0.0
2022-02-24 04:00:00,0.0,1442.12,272.54906,0.0,721.06,500.0,128.395,0.0
2022-02-24 05:00:00,0.0,1442.12,296.9531,0.0,721.06,500.0,152.555,0.0
2022-02-24 06:00:00,0.0,1442.12,288.71179,0.0,721.06,500.0,144.3961,26.228900000000003
2022-02-24 07:00:00,0.0,1442.12,139.14671,0.0,721.06,487.0135,0.0,282.9115
2022-02-24 08:00:00,0.0,1442.12,108.06254,0.0,721.06,378.2189,0.0,465.4261
2022-02-24 09:00:00,0.0,1442.12,72.9876,0.0,721.06,255.4566,0.0,613.9884000000001
2022-02-24 10:00:00,0.0,1442.12,34.574457,0.0,721.06,121.0106,0.0,700.2744
2022-02-24 11:00:00,0.0,1442.12,3.0559714,0.0,721.06,10.6959,0.0,782.3190999999999
2022-02-24 12:00:00,0.0,1234.1464,0.0,0.0,617.0732,0.0,0.0,751.6518000000001
2022-02-24 13:00:00,0.0,1319.1586,0.0,0.0,659.5793,0.0,0.0,619.8357
2022-02-24 14:00:00,0.0,1442.12,17.570914,0.0,721.06,61.4982,0.0,505.2768
2022-02-24 15:00:00,0.0,1442.12,82.468429,0.0,721.06,288.6395,0.0,314.1555
2022-02-24 16:00:00,0.0,1442.12,176.10088,0.0,721.06,500.0,32.9113,113.65369999999999
2022-02-24 17:00:00,0.0,1442.12,346.72078,0.0,721.06,500.0,201.825,0.0
2022-02-24 18:00:00,159.22205,1442.12,413.07328,79.611027,721.06,500.0,267.51397,0.0
2022-02-24 19:00:00,0.0,1442.12,321.21573,0.0,721.06,500.0,176.575,0.0
2022-02-24 20:00:00,0.0,1442.12,300.29654,0.0,721.06,500.0,155.865,0.0
2022-02-24 21:00:00,0.0,1442.12,291.71068,0.0,721.06,500.0,147.365,0.0
2022-02-24 22:00:00,0.0,1442.12,297.26623,0.0,721.06,500.0,152.865,0.0
2022-02-24 23:00:00,0.0,1442.12,299.46825,0.0,721.06,500.0,155.045,0.0
2022-02-25 00:00:00,0.0,1442.12,271.99351,0.0,721.06,500.0,127.845,0.0
2022-02-25 01:00:00,0.0,1442.12,270.68038,0.0,721.06,500.0,126.545,0.0
2022-02-25 02:00:00,0.0,1442.12,287.77128,0.0,721.06,500.0,143.465,0.0
2022-02-25 03:00:00,0.0,1442.12,321.84199,0.0,721.06,500.0,177.195,0.0
2022-02-25 04:00:00,0.0,1442.12,338.72078,0.0,721.06,500.0,193.905,0.0
2022-02-25 05:00:00,0.0,1442.12,322.44805,0.0,721.06,500.0,177.795,0.0
2022-02-25 06:00:00,0.0,1442.12,289.42462,0.0,721.06,500.0,145.1018,26.8932
2022-02-25 07:00:00,0.0,1442.12,185.03896,0.0,721.06,500.0,41.76,274.845
2022-02-25 08:00:00,0.0,1442.12,104.56031,0.0,721.06,365.9611,0.0,463.8638999999999
2022-02-25 09:00:00,0.0,1442.12,92.870171,0.0,721.06,325.0456,0.0,552.4494
2022-02-25 10:00:00,0.0,1442.12,45.516429,0.0,721.06,159.3075,0.0,655.3575
2022-02-25 11:00:00,0.0,1442.12,21.573057,0.0,721.06,75.5057,0.0,755.1193000000001
2022-02-25 12:00:00,0.0,1147.4632,0.0,0.0,573.7316,0.0,0.0,747.9433999999999
2022-02-25 13:00:00,0.0,1328.505,0.0,0.0,664.2525,0.0,0.0,643.3125
2022-02-25 14:00:00,0.0,1442.12,32.621514,0.0,721.06,114.1753,0.0,485.3697
2022-02-25 15:00:00,0.0,1442.12,59.141714,0.0,721.06,206.996,0.0,314.849
2022-02-25 16:00:00,0.0,1442.12,118.651,0.0,721.06,415.2785,0.0,121.2165
2022-02-25 17:00:00,0.0,1442.12,291.56926,0.0,721.06,500.0,147.225,0.0
2022-02-25 18:00:00,155.32705,1442.12,411.78793,77.663525,721.06,500.0,266.24148,0.0
2022-02-25 19:00:00,0.0,1442.12,282.47835,0.0,721.06,500.0,138.225,0.0
2022-02-25 20:00:00,0.0,1442.12,238.49856,0.0,721.06,500.0,94.685,0.0
2022-02-25 21:00:00,0.0,1442.12,215.51876,0.0,721.06,500.0,71.935,0.0
2022-02-25 22:00:00,0.0,1442.12,209.28644,0.0,721.06,500.0,65.765,0.0
2022-02-25 23:00:00,0.0,1442.12,171.85209,0.0,721.06,500.0,28.705,0.0
2022-02-26 00:00:00,0.0,1442.12,169.81169,0.0,721.06,500.0,26.685,0.0
2022-02-26 01:00:00,0.0,1442.12,184.33694,0.0,721.06,500.0,41.065,0.0
2022-02-26 02:00:00,0.0,1442.12,163.25613,0.0,721.06,500.0,20.195,0.0
2022-02-26 03:00:00,0.0,1442.12,175.54906,0.0,721.06,500.0,32.365,0.0
2022-02-26 04:00:00,0.0,1442.12,217.8824,0.0,721.06,500.0,74.275,0.0
2022-02-26 05:00:00,0.0,1442.12,268.33694,0.0,721.06,500.0,124.225,0.0
2022-02-26 06:00:00,42.108832,1442.12,374.42591,21.054416,721.06,500.0,229.25308,22.4475
2022-02-26 07:00:00,171.70893,1442.12,417.19395,85.854464,721.06,500.0,271.59344,87.0671
2022-02-26 08:00:00,0.0,1442.12,141.15429,0.0,721.06,494.04,0.0,212.795
2022-02-26 09:00:00,0.0,1442.12,135.991,0.0,721.06,475.9685,0.0,127.0565
2022-02-26 10:00:00,0.0,1442.12,53.716429,0.0,721.06,188.0075,0.0,401.3175
2022-02-26 11:00:00,0.0,1442.12,87.325343,0.0,721.06,305.6387,0.0,234.5563
2022-02-26 12:00:00,0.0,1442.12,65.581029,0.0,721.06,229.5336,0.0,250.52139999999997
2022-02-26 13:00:00,0.0,1442.12,107.50897,0.0,721.06,376.2814,0.0,72.50359999999999
2022-02-26 14:00:00,0.0,1442.12,109.39623,0.0,721.06,382.8868,0.0,50.6182
2022-02-26 15:00:00,0.0,1442.12,128.76451,0.0,721.06,450.6758,0.0,32.1492
2022-02-26 16:00:00,0.0,1442.12,162.63835,0.0,721.06,500.0,19.5834,22.5716
2022-02-26 17:00:00,0.0,1442.12,258.83189,0.0,721.06,500.0,114.815,0.0
2022-02-26 18:00:00,223.2477,1442.12,434.20174,111.62385,721.06,500.0,288.43115,0.0
2022-02-26 19:00:00,45.928234,1442.12,375.68632,22.964117,721.06,500.0,230.50088,0.0
2022-02-26 20:00:00,72.273946,1442.12,384.3804,36.136973,721.06,500.0,239.10803,0.0
2022-02-26 21:00:00,21.856624,1442.12,367.74269,10.928312,721.06,500.0,222.63669,0.0
2022-02-26 22:00:00,38.089841,1442.12,373.09965,19.04492,721.06,500.0,227.94008,0.0
2022-02-26 23:00:00,0.0,1442.12,302.33694,0.0,721.06,500.0,157.885,0.0
2022-02-27 00:00:00,0.0,1442.12,277.13492,0.0,721.06,500.0,132.935,0.0
2022-02-27 01:00:00,0.0,1442.12,290.18543,0.0,721.06,500.0,145.855,0.0
2022-02-27 02:00:00,0.0,1442.12,311.32684,0.0,721.06,500.0,166.785,0.0
2022-02-27 03:00:00,12.869084,1442.12,364.7768,6.4345418,721.06,500.0,219.70046,0.0
2022-02-27 04:00:00,0.0,1442.12,360.10462,0.0,721.06,500.0,215.075,0.0
2022-02-27 05:00:00,69.153104,1442.12,383.35052,34.576552,721.06,500.0,238.08845,0.0
2022-02-27 06:00:00,280.49035,1442.12,453.09182,140.24517,721.06,500.0,307.13233,2.7375
2022-02-27 07:00:00,355.47559,1442.12,477.83695,177.7378,721.06,500.0,331.63,72.0072
2022-02-27 08:00:00,112.88287,1442.12,397.78135,56.441437,721.06,500.0,252.37496,97.6886
2022-02-27 09:00:00,111.33032,1442.12,397.269,55.665158,721.06,500.0,251.86774,56.77210000000001
2022-02-27 10:00:00,68.467245,1442.12,383.12419,34.233622,721.06,500.0,237.86438,55.407
2022-02-27 11:00:00,0.0,1442.12,346.29078,0.0,721.06,500.0,201.3993,140.2257
2022-02-27 12:00:00,0.0,1442.12,334.04835,0.0,721.06,500.0,189.2793,42.405699999999996
2022-02-27 13:00:00,0.0,1442.12,277.27139,0.0,721.06,500.0,133.0701,74.55489999999999
2022-02-27 14:00:00,0.0,1442.12,217.75189,0.0,721.06,500.0,74.1458,154.05919999999998
2022-02-27 15:00:00,0.0,1442.12,220.36088,0.0,721.06,500.0,76.7287,156.44629999999998
2022-02-27 16:00:00,126.17923,1442.12,402.16915,63.089616,721.06,500.0,256.71888,21.2065
2022-02-27 17:00:00,209.02246,1442.12,429.50741,104.51123,721.06,500.0,283.78377,0.0
2022-02-27 18:00:00,433.57793,1442.12,503.61072,216.78896,721.06,500.0,357.14604,0.0
2022-02-27 19:00:00,333.08198,1442.12,470.44705,166.54099,721.06,500.0,324.31401,0.0
2022-02-27 20:00:00,260.29862,1442.12,446.42855,130.14931,721.06,500.0,300.53569,0.0
2022-02-27 21:00:00,243.7509,1442.12,440.9678,121.87545,721.06,500.0,295.12955,0.0
2022-02-27 22:00:00,214.39322,1442.12,431.27976,107.19661,721.06,500.0,285.53839,0.0
2022-02-27 23:00:00,167.41124,1442.12,415.77571,83.70562,721.06,500.0,270.18938,0.0
2022-02-28 00:00:00,128.07412,1442.12,402.79446,64.037058,721.06,500.0,257.33794,0.0
2022-02-28 01:00:00,101.60744,1442.12,394.06046,50.80372,721.06,500.0,248.69128,0.0
2022-02-28 02:00:00,106.77256,1442.12,395.76494,53.386278,721.06,500.0,250.37872,0.0
2022-02-28 03:00:00,94.398054,1442.12,391.68136,47.199027,721.06,500.0,246.33597,0.0
2022-02-28 04:00:00,108.5749,1442.12,396.35972,54.287451,721.06,500.0,250.96755,0.0
2022-02-28 05:00:00,182.24129,1442.12,420.66962,91.120643,721.06,500.0,275.03436,0.0
2022-02-28 06:00:00,240.84392,1442.12,440.00849,120.42196,721.06,500.0,294.17984,42.2232
2022-02-28 07:00:00,466.4736,1442.12,514.4632,233.2368,721.06,500.0,367.89,50.6182
2022-02-28 08:00:00,0.0,1442.12,349.14623,0.0,721.06,500.0,204.2262,180.7188
2022-02-28 09:00:00,0.0,1442.12,130.585,0.0,721.06,457.0475,0.0,306.4175
2022-02-28 10:00:00,0.0,1442.12,107.57791,0.0,721.06,376.5227,0.0,364.6423
2022-02-28 11:00:00,0.18649018,1442.12,360.59154,0.093245088,721.06,500.0,215.55705,71.82469999999999
2022-02-28 12:00:00,0.0,1442.12,182.11633,0.0,721.06,500.0,38.8666,165.76839999999999
2022-02-28 13:00:00,0.0,1442.12,113.20494,0.0,721.06,396.2173,0.0,349.2977
2022-02-28 14:00:00,0.0,1442.12,104.37003,0.0,721.06,365.2951,0.0,323.1199
2022-02-28 15:00:00,0.0,1442.12,120.73971,0.0,721.06,422.589,0.0,256.376
2022-02-28 16:00:00,0.0,1442.12,275.14775,0.0,721.06,500.0,130.9677,108.77730000000001
2022-02-28 17:00:00,160.28653,1442.12,413.42455,80.143263,721.06,500.0,267.86174,0.0
2022-02-28 18:00:00,442.7832,1442.12,506.64846,221.3916,721.06,500.0,360.1534,0.0
2022-02-28 19:00:00,281.03166,1442.12,453.27045,140.51583,721.06,500.0,307.30917,0.0
2022-02-28 20:00:00,396.2125,1442.12,491.28012,198.10625,721.06,500.0,344.93875,0.0
2022-02-28 21:00:00,295.03916,1442.12,457.89292,147.51958,721.06,500.0,311.88542,0.0
2022-02-28 22:00:00,348.14185,1442.12,475.41681,174.07093,721.06,500.0,329.23407,0.0
2022-02-28 23:00:00,183.07593,1442.12,420.94506,91.537965,721.06,500.0,275.30703,0.0
2022-03-01 00:00:00,178.83013,1442.12,419.54394,89.415067,721.06,500.0,273.91993,0.0
2022-03-01 01:00:00,142.96464,1442.12,407.70833,71.482322,721.06,500.0,262.20268,0.0
2022-03-01 02:00:00,78.297897,1442.12,386.36831,39.148948,721.06,500.0,241.07605,0.0
2022-03-01 03:00:00,66.383055,1442.12,382.43641,33.191527,721.06,500.0,237.18347,0.0
2022-03-01 04:00:00,92.631996,1442.12,391.09856,46.315998,721.06,500.0,245.759,0.0
2022-03-01 05:00:00,136.9044,1442.12,405.70845,68.452202,721.06,500.0,260.2228,0.0
2022-03-01 06:00:00,215.08924,1442.12,431.50945,107.54462,721.06,500.0,285.76578,37.974599999999995
2022-03-01 07:00:00,385.18431,1442.12,487.64082,192.59216,721.06,500.0,341.33584,55.407
2022-03-01 08:00:00,140.6043,1442.12,406.92942,70.302148,721.06,500.0,261.43155,88.9213
2022-03-01 09:00:00,0.0,1442.12,137.64906,0.0,721.06,481.7717,0.0,376.83330000000007
2022-03-01 10:00:00,0.0,1442.12,105.18411,0.0,721.06,368.1444,0.0,382.68059999999997
2022-03-01 11:00:00,0.0,1442.12,353.01947,0.0,721.06,500.0,208.0607,44.464299999999994
2022-03-01 12:00:00,0.0,1442.12,191.93098,0.0,721.06,500.0,48.5831,43.0919
2022-03-01 13:00:00,0.0,1442.12,202.71633,0.0,721.06,500.0,59.2606,40.3544
2022-03-01 14:00:00,0.0,1442.12,198.23038,0.0,721.06,500.0,54.8195,39.6755
2022-03-01 15:00:00,0.0,1442.12,234.40977,0.0,721.06,500.0,90.6371,30.0979
2022-03-01 16:00:00,0.0,1442.12,263.05492,0.0,721.06,500.0,118.9958,34.3392
2022-03-01 17:00:00,39.855899,1442.12,373.68245,19.927949,721.06,500.0,228.51705,0.0
2022-03-01 18:00:00,333.26342,1442.12,470.50693,166.63171,721.06,500.0,324.37329,0.0
2022-03-01 19:00:00,127.61446,1442.12,402.64277,63.807228,721.06,500.0,257.18777,0.0
2022-03-01 20:00:00,164.43555,1442.12,414.79373,82.217776,721.06,500.0,269.21722,0.0
2022-03-01 21:00:00,133.10617,1442.12,404.45504,66.553085,721.06,500.0,258.98191,0.0
2022-03-01 22:00:00,75.285922,1442.12,385.37435,37.642961,721.06,500.0,240.09204,0.0
2022-03-01 23:00:00,30.529662,1442.12,370.60479,15.264831,721.06,500.0,225.47017,0.0
2022-03-02 00:00:00,0.0,1442.12,352.77128,0.0,721.06,500.0,207.815,0.0
2022-03-02 01:00:00,0.0,1442.12,320.68038,0.0,721.06,500.0,176.045,0.0
2022-03-02 02:00:00,0.0,1442.12,326.01371,0.0,721.06,500.0,181.325,0.0
2022-03-02 03:00:00,0.0,1442.12,338.27633,0.0,721.06,500.0,193.465,0.0
2022-03-02 04:00:00,0.0,1442.12,358.06421,0.0,721.06,500.0,213.055,0.0
2022-03-02 05:00:00,62.161451,1442.12,381.04328,31.080725,721.06,500.0,235.80427,0.0
2022-03-02 06:00:00,125.88638,1442.12,402.07251,62.943191,721.06,500.0,256.62321,20.3086
2022-03-02 07:00:00,190.77038,1442.12,423.48422,95.385189,721.06,500.0,277.82081,140.379
2022-03-02 08:00:00,107.75877,1442.12,396.09039,53.879383,721.06,500.0,250.70092,71.82469999999999
2022-03-02 09:00:00,3.3559591,1442.12,361.63747,1.6779796,721.06,500.0,216.59252,58.1445
2022-03-02 10:00:00,0.0,1442.12,221.56411,0.0,721.06,500.0,77.9199,99.18509999999999
2022-03-02 11:00:00,0.0,1442.12,197.90765,0.0,721.06,500.0,54.5,92.345
2022-03-02 12:00:00,0.0,1442.12,43.192857,0.0,721.06,151.175,0.0,395.66
2022-03-02 13:00:00,0.0,1442.12,41.986114,0.0,721.06,146.9514,0.0,382.02360000000004
2022-03-02 14:00:00,0.0,1442.12,93.996629,0.0,721.06,328.9882,0.0,177.5068
2022-03-02 15:00:00,0.0,1442.12,108.82297,0.0,721.06,380.8804,0.0,129.9546
2022-03-02 16:00:00,0.0,1442.12,136.89143,0.0,721.06,479.12,0.0,114.245
2022-03-02 17:00:00,0.0,1442.12,303.60967,0.0,721.06,500.0,159.145,0.0
2022-03-02 18:00:00,178.30999,1442.12,419.3723,89.154997,721.06,500.0,273.75,0.0
2022-03-02 19:00:00,13.945653,1442.12,365.13207,6.9728266,721.06,500.0,220.05217,0.0
2022-03-02 20:00:00,0.0,1442.12,342.19553,0.0,721.06,500.0,197.345,0.0
2022-03-02 21:00:00,7.5346213,1442.12,363.01643,3.7673106,721.06,500.0,217.95769,0.0
2022-03-02 22:00:00,0.0,1442.12,354.49856,0.0,721.06,500.0,209.525,0.0
2022-03-02 23:00:00,0.0,1442.12,358.73088,0.0,721.06,500.0,213.715,0.0
2022-03-03 00:00:00,0.0,1442.12,349.78139,0.0,721.06,500.0,204.855,0.0
2022-03-03 01:00:00,0.0,1442.12,356.29654,0.0,721.06,500.0,211.305,0.0
2022-03-03 02:00:00,0.0,1442.12,356.9329,0.0,721.06,500.0,211.935,0.0
2022-03-03 03:00:00,0.0,1442.12,358.48846,0.0,721.06,500.0,213.475,0.0
2022-03-03 04:00:00,26.054036,1442.12,369.12783,13.027018,721.06,500.0,224.00798,0.0
2022-03-03 05:00:00,54.734331,1442.12,378.59233,27.367165,721.06,500.0,233.37783,0.0
2022-03-03 06:00:00,1.0932278,1442.12,360.89077,0.5466139,721.06,500.0,215.85329,78.7451
2022-03-03 07:00:00,83.250721,1442.12,388.00274,41.625361,721.06,500.0,242.69414,80.5555
2022-03-03 08:00:00,0.0,1442.12,156.37876,0.0,721.06,500.0,13.3864,348.80859999999996
2022-03-03 09:00:00,0.0,1442.12,63.041,0.0,721.06,220.6435,0.0,571.2615
2022-03-03 10:00:00,0.0,1442.12,52.338314,0.0,721.06,183.1841,0.0,669.6509
2022-03-03 11:00:00,0.0,1442.12,29.467371,0.0,721.06,103.1358,0.0,716.8892
2022-03-03 12:00:00,0.0,1442.12,105.02263,0.0,721.06,367.5792,0.0,179.1858
2022-03-03 13:00:00,0.0,1442.12,125.88869,0.0,721.06,440.6104,0.0,64.9846
2022-03-03 14:00:00,0.0,1442.12,96.806257,0.0,721.06,338.8219,0.0,150.72310000000002
2022-03-03 15:00:00,0.0,1442.12,145.80351,0.0,721.06,500.0,2.9169,43.7781
2022-03-03 16:00:00,0.0,1442.12,128.38746,0.0,721.06,449.3561,0.0,64.91890000000001
2022-03-03 17:00:00,0.0,1442.12,294.27633,0.0,721.06,500.0,149.905,0.0
2022-03-03 18:00:00,98.220481,1442.12,392.94276,49.11024,721.06,500.0,247.58476,0.0
2022-03-03 19:00:00,0.0,1442.12,295.73088,0.0,721.06,500.0,151.345,0.0
2022-03-03 20:00:00,0.0,1442.12,244.9733,0.0,721.06,500.0,101.095,0.0
2022-03-03 21:00:00,0.0,1442.12,284.16522,0.0,721.06,500.0,139.895,0.0
2022-03-03 22:00:00,0.0,1442.12,301.943,0.0,721.06,500.0,157.495,0.0
2022-03-03 23:00:00,0.0,1442.12,257.80159,0.0,721.06,500.0,113.795,0.0
2022-03-04 00:00:00,0.0,1442.12,261.9329,0.0,721.06,500.0,117.885,0.0
2022-03-04 01:00:00,0.0,1442.12,253.73088,0.0,721.06,500.0,109.765,0.0
2022-03-04 02:00:00,0.0,1442.12,261.35714,0.0,721.06,500.0,117.315,0.0
2022-03-04 03:00:00,0.0,1442.12,277.21573,0.0,721.06,500.0,133.015,0.0
2022-03-04 04:00:00,0.0,1442.12,290.9026,0.0,721.06,500.0,146.565,0.0
2022-03-04 05:00:00,0.0,1442.12,281.87229,0.0,721.06,500.0,137.625,0.0
2022-03-04 06:00:00,0.0,1442.12,236.35684,0.0,721.06,500.0,92.5647,81.11030000000001
2022-03-04 07:00:00,0.0,1442.12,133.50869,0.0,721.06,467.2804,0.0,266.46459999999996
2022-03-04 08:00:00,0.0,1442.12,78.577343,0.0,721.06,275.0207,0.0,431.36430000000007
2022-03-04 09:00:00,0.0,1442.12,49.462057,0.0,721.06,173.1172,0.0,586.0877999999999
2022-03-04 10:00:00,0.0,1442.12,10.373171,0.0,721.06,36.3061,0.0,709.5089
2022-03-04 11:00:00,0.0,1442.12,3.0549714,0.0,721.06,10.6924,0.0,756.0025999999999
2022-03-04 12:00:00,0.0,1133.9238,0.0,0.0,566.9619,0.0,0.0,747.1331
2022-03-04 13:00:00,0.0,1390.2072,0.0,0.0,695.1036,0.0,0.0,580.4814
2022-03-04 14:00:00,0.0,1442.12,13.9316,0.0,721.06,48.7606,0.0,477.6243999999999
2022-03-04 15:00:00,0.0,1442.12,88.183286,0.0,721.06,308.6415,0.0,255.46350000000004
2022-03-04 16:00:00,0.0,1442.12,206.50613,0.0,721.06,500.0,63.0125,75.3725
2022-03-04 17:00:00,22.449342,1442.12,367.93828,11.224671,721.06,500.0,222.83033,0.0
2022-03-04 18:00:00,296.97456,1442.12,458.53161,148.48728,721.06,500.0,312.51772,0.0
2022-03-04 19:00:00,120.33249,1442.12,400.23972,60.166246,721.06,500.0,254.80875,0.0
2022-03-04 20:00:00,104.20814,1442.12,394.91869,52.104071,721.06,500.0,249.54093,0.0
2022-03-04 21:00:00,86.511275,1442.12,389.07872,43.255638,721.06,500.0,243.75936,0.0
2022-03-04 22:00:00,8.0668579,1442.12,363.19206,4.033429,721.06,500.0,218.13157,0.0
2022-03-04 23:00:00,0.0,1442.12,278.52886,0.0,721.06,500.0,134.315,0.0
2022-03-05 00:00:00,0.0,1442.12,259.9329,0.0,721.06,500.0,115.905,0.0
2022-03-05 01:00:00,0.0,1442.12,207.11472,0.0,721.06,500.0,63.615,0.0
2022-03-05 02:00:00,0.0,1442.12,207.9531,0.0,721.06,500.0,64.445,0.0
2022-03-05 03:00:00,0.0,1442.12,209.32684,0.0,721.06,500.0,65.805,0.0
2022-03-05 04:00:00,0.0,1442.12,228.51876,0.0,721.06,500.0,84.805,0.0
2022-03-05 05:00:00,0.0,1442.12,298.04401,0.0,721.06,500.0,153.635,0.0
2022-03-05 06:00:00,196.77364,1442.12,425.4653,98.386822,721.06,500.0,279.78208,66.84609999999999
2022-03-05 07:00:00,241.34906,1442.12,440.17519,120.67453,721.06,500.0,294.34487,109.2956
2022-03-05 08:00:00,0.0,1442.12,235.85492,0.0,721.06,500.0,92.0678,147.92719999999997
2022-03-05 09:00:00,0.0,1442.12,13.001486,0.0,721.06,45.5052,0.0,541.1197999999999
2022-03-05 10:00:00,0.0,1442.12,33.678943,0.0,721.06,117.8763,0.0,462.2287
2022-03-05 11:00:00,0.0,1224.0374,0.0,0.0,612.0187,0.0,0.0,706.1362999999999
2022-03-05 12:00:00,0.0,1442.12,9.9238571,0.0,721.06,34.7335,0.0,435.4815
2022-03-05 13:00:00,0.0,1223.6768,0.0,0.0,611.8384,0.0,0.0,576.2766
2022-03-05 14:00:00,0.0,1442.12,52.007086,0.0,721.06,182.0248,0.0,290.35020000000003
2022-03-05 15:00:00,0.0,1442.12,114.26626,0.0,721.06,399.9319,0.0,38.3031
2022-03-05 16:00:00,0.0,1442.12,115.82657,0.0,721.06,405.393,0.0,46.282
2022-03-05 17:00:00,0.0,1442.12,219.23593,0.0,721.06,500.0,75.615,0.0
2022-03-05 18:00:00,29.755499,1442.12,370.34931,14.87775,721.06,500.0,225.21725,0.0
2022-03-05 19:00:00,64.254108,1442.12,381.73386,32.127054,721.06,500.0,236.48795,0.0
2022-03-05 20:00:00,0.0,1442.12,304.69048,0.0,721.06,500.0,160.215,0.0
2022-03-05 21:00:00,0.0,1442.12,342.08442,0.0,721.06,500.0,197.235,0.0
2022-03-05 22:00:00,0.0,1442.12,208.29654,0.0,721.06,500.0,64.785,0.0
2022-03-05 23:00:00,0.0,1442.12,141.36143,0.0,721.06,494.765,0.0,0.0
2022-03-06 00:00:00,0.0,1442.12,126.55571,0.0,721.06,442.945,0.0,0.0
2022-03-06 01:00:00,0.0,1442.12,132.32143,0.0,721.06,463.125,0.0,0.0
2022-03-06 02:00:00,0.0,1442.12,129.23286,0.0,721.06,452.315,0.0,0.0
2022-03-06 03:00:00,0.0,1442.12,125.66429,0.0,721.06,439.825,0.0,0.0
2022-03-06 04:00:00,0.0,1442.12,129.46429,0.0,721.06,453.125,0.0,0.0
2022-03-06 05:00:00,0.0,1442.12,169.81169,0.0,721.06,500.0,26.685,0.0
2022-03-06 06:00:00,52.99428,1442.12,378.01811,26.49714,721.06,500.0,232.80936,26.608500000000003
2022-03-06 07:00:00,37.171128,1442.12,372.79647,18.585564,721.06,500.0,227.63994,103.03949999999999
2022-03-06 08:00:00,0.0,1442.12,48.782514,0.0,721.06,170.7388,0.0,373.7162
2022-03-06 09:00:00,0.0,1272.6318,0.0,0.0,636.3159,0.0,0.0,548.7191
2022-03-06 10:00:00,0.0,903.4052,0.0,0.0,451.7026,0.0,0.0,684.6524000000001
2022-03-06 11:00:00,0.0,812.182,0.0,0.0,406.091,0.0,0.0,771.464
2022-03-06 12:00:00,0.0,966.2436,0.0,0.0,483.1218,0.0,0.0,580.9631999999999
2022-03-06 13:00:00,0.0,1374.5646,0.0,0.0,687.2823,0.0,0.0,410.2527
2022-03-06 14:00:00,0.0,1363.8222,0.0,0.0,681.9111,0.0,0.0,382.10389999999995
2022-03-06 15:00:00,0.0,1442.12,83.794343,0.0,721.06,293.2802,0.0,90.3448
2022-03-06 16:00:00,0.0,1442.12,110.29454,0.0,721.06,386.0309,0.0,30.7841
2022-03-06 17:00:00,0.0,1442.12,154.15512,0.0,721.06,500.0,11.185,0.0
2022-03-06 18:00:00,53.681954,1442.12,378.24504,26.840977,721.06,500.0,233.03402,0.0
2022-03-06 19:00:00,0.0,1442.12,299.8824,0.0,721.06,500.0,155.455,0.0
2022-03-06 20:00:00,0.0,1442.12,248.42785,0.0,721.06,500.0,104.515,0.0
2022-03-06 21:00:00,0.0,1442.12,254.10462,0.0,721.06,500.0,110.135,0.0
2022-03-06 22:00:00,0.0,1442.12,231.9632,0.0,721.06,500.0,88.215,0.0
2022-03-06 23:00:00,0.0,1442.12,129.17857,0.0,721.06,452.125,0.0,0.0
2022-03-07 00:00:00,0.0,1442.12,117.46143,0.0,721.06,411.115,0.0,0.0
2022-03-07 01:00:00,0.0,1442.12,114.83,0.0,721.06,401.905,0.0,0.0
2022-03-07 02:00:00,0.0,1442.12,114.50429,0.0,721.06,400.765,0.0,0.0
2022-03-07 03:00:00,0.0,1442.12,116.51,0.0,721.06,407.785,0.0,0.0
2022-03-07 04:00:00,0.0,1442.12,121.67571,0.0,721.06,425.865,0.0,0.0
2022-03-07 05:00:00,0.0,1442.12,138.44714,0.0,721.06,484.565,0.0,0.0
2022-03-07 06:00:00,0.0,1442.12,287.9428,0.0,721.06,500.0,143.6348,92.5202
2022-03-07 07:00:00,0.0,1442.12,218.93694,0.0,721.06,500.0,75.319,276.816
2022-03-07 08:00:00,0.0,1442.12,43.003286,0.0,721.06,150.5115,0.0,462.0535
2022-03-07 09:00:00,0.0,1077.1018,0.0,0.0,538.5509,0.0,0.0,620.6241
2022-03-07 10:00:00,0.0,1136.1364,0.0,0.0,568.0682,0.0,0.0,611.1267999999999
2022-03-07 11:00:00,0.0,828.0182,0.0,0.0,414.0091,0.0,0.0,753.9658999999999
2022-03-07 12:00:00,0.0,1105.3672,0.0,0.0,552.6836,0.0,0.0,533.0314000000001
2022-03-07 13:00:00,0.0,796.6678,0.0,0.0,398.3339,0.0,0.0,632.2311
2022-03-07 14:00:00,0.0,1133.6672,0.0,0.0,566.8336,0.0,0.0,456.38140000000004
2022-03-07 15:00:00,0.0,1442.12,25.809543,0.0,721.06,90.3334,0.0,267.85159999999996
2022-03-07 16:00:00,0.0,1442.12,106.84329,0.0,721.06,373.9515,0.0,96.3235
2022-03-07 17:00:00,0.0,1442.12,217.15512,0.0,721.06,500.0,73.555,0.0
2022-03-07 18:00:00,0.0,1442.12,352.9329,0.0,721.06,500.0,207.975,0.0
2022-03-07 19:00:00,0.0,1442.12,226.85209,0.0,721.06,500.0,83.155,0.0
2022-03-07 20:00:00,0.0,1442.12,226.53896,0.0,721.06,500.0,82.845,0.0
2022-03-07 21:00:00,0.0,1442.12,206.55916,0.0,721.06,500.0,63.065,0.0
2022-03-07 22:00:00,0.0,1442.12,162.13492,0.0,721.06,500.0,19.085,0.0
2022-03-07 23:00:00,0.0,1442.12,113.38429,0.0,721.06,396.845,0.0,0.0
2022-03-08 00:00:00,0.0,1442.12,116.98143,0.0,721.06,409.435,0.0,0.0
2022-03-08 01:00:00,0.0,1442.12,115.74714,0.0,721.06,405.115,0.0,0.0
2022-03-08 02:00:00,0.0,1442.12,111.47857,0.0,721.06,390.175,0.0,0.0
2022-03-08 03:00:00,0.0,1442.12,118.37286,0.0,721.06,414.305,0.0,0.0
2022-03-08 04:00:00,0.0,1442.12,124.68714,0.0,721.06,436.405,0.0,0.0
2022-03-08 05:00:00,0.0,1442.12,135.11857,0.0,721.06,472.915,0.0,0.0
2022-03-08 06:00:00,0.0,1442.12,290.49633,0.0,721.06,500.0,146.1628,75.2922
2022-03-08 07:00:00,0.0,1442.12,223.7633,0.0,721.06,500.0,80.0971,288.51789999999994
2022-03-08 08:00:00,0.0,1442.12,60.673029,0.0,721.06,212.3556,0.0,343.66939999999994
2022-03-08 09:00:00,0.0,1442.12,117.7618,0.0,721.06,412.1663,0.0,84.81869999999999
2022-03-08 10:00:00,0.0,1072.9614,0.0,0.0,536.4807,0.0,0.0,599.9943
2022-03-08 11:00:00,0.0,1164.9128,0.0,0.0,582.4564,0.0,0.0,637.1586
2022-03-08 12:00:00,0.0,1175.1924,0.0,0.0,587.5962,0.0,0.0,536.9587999999999
2022-03-08 13:00:00,0.0,902.0452,0.0,0.0,451.0226,0.0,0.0,644.5024000000001
2022-03-08 14:00:00,0.0,1253.203,0.0,0.0,626.6015,0.0,0.0,444.5335
2022-03-08 15:00:00,0.0,1442.12,8.6272286,0.0,721.06,30.1953,0.0,326.9597
2022-03-08 16:00:00,0.0,1442.12,89.562257,0.0,721.06,313.4679,0.0,110.42710000000001
2022-03-08 17:00:00,0.0,1442.12,135.90143,0.0,721.06,475.655,0.0,0.0
2022-03-08 18:00:00,0.0,1442.12,300.57937,0.0,721.06,500.0,156.145,0.0
2022-03-08 19:00:00,0.0,1442.12,238.10462,0.0,721.06,500.0,94.295,0.0
2022-03-08 20:00:00,0.0,1442.12,187.9733,0.0,721.06,500.0,44.665,0.0
2022-03-08 21:00:00,0.0,1442.12,173.82179,0.0,721.06,500.0,30.655,0.0
2022-03-08 22:00:00,0.0,1442.12,134.29286,0.0,721.06,470.025,0.0,0.0
2022-03-08 23:00:00,0.0,1442.12,103.28143,0.0,721.06,361.485,0.0,0.0
2022-03-09 00:00:00,0.0,1442.12,101.49857,0.0,721.06,355.245,0.0,0.0
2022-03-09 01:00:00,0.0,1442.12,92.858571,0.0,721.06,325.005,0.0,0.0
2022-03-09 02:00:00,0.0,1442.12,94.195714,0.0,721.06,329.685,0.0,0.0
2022-03-09 03:00:00,0.0,1442.12,92.678571,0.0,721.06,324.375,0.0,0.0
2022-03-09 04:00:00,0.0,1442.12,95.215714,0.0,721.06,333.255,0.0,0.0
2022-03-09 05:00:00,0.0,1442.12,112.70429,0.0,721.06,394.465,0.0,0.0
2022-03-09 06:00:00,0.0,1442.12,285.55886,0.0,721.06,500.0,141.2747,20.5203
2022-03-09 07:00:00,0.0,1442.12,329.96745,0.0,721.06,500.0,185.2392,83.5558
2022-03-09 08:00:00,0.0,1442.12,136.00586,0.0,721.06,476.0205,0.0,58.1445
2022-03-09 09:00:00,0.0,1442.12,40.696057,0.0,721.06,142.4362,0.0,270.5088
2022-03-09 10:00:00,0.0,1442.12,46.5918,0.0,721.06,163.0713,0.0,196.1437
2022-03-09 11:00:00,0.0,1442.12,42.046457,0.0,721.06,147.1626,0.0,283.15239999999994
2022-03-09 12:00:00,0.0,1442.12,40.252229,0.0,721.06,140.8828,0.0,200.85219999999995
2022-03-09 13:00:00,0.0,1442.12,46.843029,0.0,721.06,163.9506,0.0,138.1744
2022-03-09 14:00:00,0.0,1442.12,65.9474,0.0,721.06,230.8159,0.0,112.17909999999999
2022-03-09 15:00:00,0.0,1442.12,69.842571,0.0,721.06,244.449,0.0,112.56599999999999
2022-03-09 16:00:00,0.0,1442.12,100.34851,0.0,721.06,351.2198,0.0,49.8152
2022-03-09 17:00:00,0.0,1442.12,142.63286,0.0,721.06,499.215,0.0,0.0
2022-03-09 18:00:00,0.0,1442.12,278.15512,0.0,721.06,500.0,133.945,0.0
2022-03-09 19:00:00,0.0,1442.12,145.8925,0.0,721.06,500.0,3.005,0.0
2022-03-09 20:00:00,0.0,1442.12,126.90429,0.0,721.06,444.165,0.0,0.0
2022-03-09 21:00:00,0.0,1442.12,117.83857,0.0,721.06,412.435,0.0,0.0
2022-03-09 22:00:00,0.0,1442.12,106.71286,0.0,721.06,373.495,0.0,0.0
2022-03-09 23:00:00,0.0,1442.12,93.864286,0.0,721.06,328.525,0.0,0.0
2022-03-10 00:00:00,0.0,1442.12,91.298571,0.0,721.06,319.545,0.0,0.0
2022-03-10 01:00:00,0.0,1442.12,87.615714,0.0,721.06,306.655,0.0,0.0
2022-03-10 02:00:00,0.0,1442.12,99.055714,0.0,721.06,346.695,0.0,0.0
2022-03-10 03:00:00,0.0,1442.12,103.47571,0.0,721.06,362.165,0.0,0.0
2022-03-10 04:00:00,0.0,1442.12,108.45571,0.0,721.06,379.595,0.0,0.0
2022-03-10 05:00:00,0.0,1442.12,113.93857,0.0,721.06,398.785,0.0,0.0
2022-03-10 06:00:00,0.0,1442.12,93.5866,0.0,721.06,327.5531,0.0,107.3319
2022-03-10 07:00:00,0.0,1442.12,72.755571,0.0,721.06,254.6445,0.0,292.6205
2022-03-10 08:00:00,0.0,1442.12,43.267971,0.0,721.06,151.4379,0.0,486.3771
2022-03-10 09:00:00,0.0,1430.5758,0.0,0.0,715.2879,0.0,0.0,646.2470999999999
2022-03-10 10:00:00,0.0,1430.7444,0.0,0.0,715.3722,0.0,0.0,740.4827999999999
2022-03-10 11:00:00,0.0,1387.1258,0.0,0.0,693.5629,0.0,0.0,798.4521
2022-03-10 12:00:00,0.0,1224.3292,0.0,0.0,612.1646,0.0,0.0,744.2204
2022-03-10 13:00:00,0.0,1267.649,0.0,0.0,633.8245,0.0,0.0,643.0205
2022-03-10 14:00:00,0.0,1442.12,7.6317143,0.0,721.06,26.711,0.0,507.20399999999995
2022-03-10 15:00:00,0.0,1442.12,70.313543,0.0,721.06,246.0974,0.0,329.31759999999997
2022-03-10 16:00:00,0.0,1442.12,127.83394,0.0,721.06,447.4188,0.0,144.4962
2022-03-10 17:00:00,0.0,1442.12,274.83189,0.0,721.06,500.0,130.655,0.0
2022-03-10 18:00:00,0.0,1442.12,348.33694,0.0,721.06,500.0,203.425,0.0
2022-03-10 19:00:00,0.0,1442.12,216.71068,0.0,721.06,500.0,73.115,0.0
2022-03-10 20:00:00,0.0,1442.12,161.65007,0.0,721.06,500.0,18.605,0.0
2022-03-10 21:00:00,0.0,1442.12,136.73286,0.0,721.06,478.565,0.0,0.0
2022-03-10 22:00:00,0.0,1442.12,189.38745,0.0,721.06,500.0,46.065,0.0
2022-03-10 23:00:00,0.0,1442.12,160.07431,0.0,721.06,500.0,17.045,0.0
2022-03-11 00:00:00,0.0,1442.12,139.07286,0.0,721.06,486.755,0.0,0.0
2022-03-11 01:00:00,0.0,1442.12,121.76143,0.0,721.06,426.165,0.0,0.0
2022-03-11 02:00:00,0.0,1442.12,119.85286,0.0,721.06,419.485,0.0,0.0
2022-03-11 03:00:00,0.0,1442.12,121.63286,0.0,721.06,425.715,0.0,0.0
2022-03-11 04:00:00,0.0,1442.12,122.87,0.0,721.06,430.045,0.0,0.0
2022-03-11 05:00:00,0.0,1442.12,120.47571,0.0,721.06,421.665,0.0,0.0
2022-03-11 06:00:00,0.0,1442.12,94.257143,0.0,721.06,329.9,0.0,107.675
2022-03-11 07:00:00,0.0,1442.12,75.734686,0.0,721.06,265.0714,0.0,259.3836
2022-03-11 08:00:00,0.0,1442.12,29.101371,0.0,721.06,101.8548,0.0,429.0502
2022-03-11 09:00:00,0.0,1442.12,31.642,0.0,721.06,110.747,0.0,451.578
2022-03-11 10:00:00,0.0,1193.9486,0.0,0.0,596.9743,0.0,0.0,701.2307
2022-03-11 11:00:00,0.0,1211.0932,0.0,0.0,605.5466,0.0,0.0,790.6484
2022-03-11 12:00:00,0.0,943.6482,0.0,0.0,471.8241,0.0,0.0,703.9609
2022-03-11 13:00:00,0.0,997.6774,0.0,0.0,498.8387,0.0,0.0,655.0363
2022-03-11 14:00:00,0.0,1235.0796,0.0,0.0,617.5398,0.0,0.0,506.7952
2022-03-11 15:00:00,0.0,1442.12,19.108229,0.0,721.06,66.8788,0.0,326.9962
2022-03-11 16:00:00,0.0,1442.12,87.971943,0.0,721.06,307.9018,0.0,140.04319999999998
2022-03-11 17:00:00,0.0,1442.12,142.63286,0.0,721.06,499.215,0.0,0.0
2022-03-11 18:00:00,0.0,1442.12,334.20563,0.0,721.06,500.0,189.435,0.0
2022-03-11 19:00:00,0.0,1442.12,243.68038,0.0,721.06,500.0,99.815,0.0
2022-03-11 20:00:00,0.0,1442.12,173.50866,0.0,721.06,500.0,30.345,0.0
2022-03-11 21:00:00,0.0,1442.12,198.8824,0.0,721.06,500.0,55.465,0.0
2022-03-11 22:00:00,0.0,1442.12,130.81857,0.0,721.06,457.865,0.0,0.0
2022-03-11 23:00:00,0.0,1442.12,98.564286,0.0,721.06,344.975,0.0,0.0
2022-03-12 00:00:00,0.0,1442.12,87.738571,0.0,721.06,307.085,0.0,0.0
2022-03-12 01:00:00,0.0,1442.12,81.31,0.0,721.06,284.585,0.0,0.0
2022-03-12 02:00:00,0.0,1442.12,83.252857,0.0,721.06,291.385,0.0,0.0
2022-03-12 03:00:00,0.0,1442.12,85.487143,0.0,721.06,299.205,0.0,0.0
2022-03-12 04:00:00,0.0,1442.12,88.375714,0.0,721.06,309.315,0.0,0.0
2022-03-12 05:00:00,0.0,1442.12,102.03571,0.0,721.06,357.125,0.0,0.0
2022-03-12 06:00:00,0.0,1442.12,185.74684,0.0,721.06,500.0,42.4608,53.68419999999999
2022-03-12 07:00:00,0.0,1442.12,119.3924,0.0,721.06,417.8734,0.0,286.10159999999996
2022-03-12 08:00:00,0.0,1442.12,8.7613714,0.0,721.06,30.6648,0.0,453.8702
2022-03-12 09:00:00,0.0,1125.5408,0.0,0.0,562.7704,0.0,0.0,524.1546
2022-03-12 10:00:00,0.0,1442.12,13.959257,0.0,721.06,48.8574,0.0,282.5976
2022-03-12 11:00:00,0.0,1442.12,26.950371,0.0,721.06,94.3263,0.0,338.8587
2022-03-12 12:00:00,0.0,1442.12,31.881,0.0,721.06,111.5835,0.0,179.9815
2022-03-12 13:00:00,0.0,1442.12,42.302714,0.0,721.06,148.0595,0.0,126.5455
2022-03-12 14:00:00,0.0,1442.12,43.976743,0.0,721.06,153.9186,0.0,101.2364
2022-03-12 15:00:00,0.0,1442.12,62.624829,0.0,721.06,219.1869,0.0,43.7781
2022-03-12 16:00:00,0.0,1442.12,73.3428,0.0,721.06,256.6998,0.0,19.1552
2022-03-12 17:00:00,0.0,1442.12,94.061429,0.0,721.06,329.215,0.0,0.0
2022-03-12 18:00:00,0.0,1442.12,184.33694,0.0,721.06,500.0,41.065,0.0
2022-03-12 19:00:00,0.0,1442.12,134.61,0.0,721.06,471.135,0.0,0.0
2022-03-12 20:00:00,0.0,1442.12,126.62714,0.0,721.06,443.195,0.0,0.0
2022-03-12 21:00:00,0.0,1442.12,126.22143,0.0,721.06,441.775,0.0,0.0
2022-03-12 22:00:00,0.0,1442.12,125.14429,0.0,721.06,438.005,0.0,0.0
2022-03-12 23:00:00,0.0,1442.12,91.458571,0.0,721.06,320.105,0.0,0.0
2022-03-13 00:00:00,0.0,1442.12,75.998571,0.0,721.06,265.995,0.0,0.0
2022-03-13 01:00:00,0.0,1442.12,74.481429,0.0,721.06,260.685,0.0,0.0
2022-03-13 02:00:00,0.0,1442.12,77.564286,0.0,721.06,271.475,0.0,0.0
2022-03-13 03:00:00,0.0,1442.12,77.095714,0.0,721.06,269.835,0.0,0.0
2022-03-13 04:00:00,0.0,1442.12,78.798571,0.0,721.06,275.795,0.0,0.0
2022-03-13 05:00:00,0.0,1442.12,95.495714,0.0,721.06,334.235,0.0,0.0
2022-03-13 06:00:00,0.0,1442.12,224.57543,0.0,721.06,500.0,80.9011,6.153899999999999
2022-03-13 07:00:00,0.0,1442.12,289.74553,0.0,721.06,500.0,145.4195,39.6755
2022-03-13 08:00:00,0.0,1442.12,111.40143,0.0,721.06,389.905,0.0,86.87
2022-03-13 09:00:00,0.0,1442.12,62.535714,0.0,721.06,218.875,0.0,167.17
2022-03-13 10:00:00,0.0,1442.12,18.599914,0.0,721.06,65.0997,0.0,301.20529999999997
2022-03-13 11:00:00,0.0,1442.12,96.6702,0.0,721.06,338.3457,0.0,125.8593
2022-03-13 12:00:00,0.0,1442.12,44.060714,0.0,721.06,154.2125,0.0,209.69249999999997
2022-03-13 13:00:00,0.0,1442.12,19.516686,0.0,721.06,68.3084,0.0,273.3266
2022-03-13 14:00:00,0.0,1347.2008,0.0,0.0,673.6004,0.0,0.0,387.64459999999997
2022-03-13 15:00:00,0.0,1442.12,88.8754,0.0,721.06,311.0639,0.0,93.49109999999999
2022-03-13 16:00:00,0.0,1442.12,99.1298,0.0,721.06,346.9543,0.0,58.8307
2022-03-13 17:00:00,0.0,1442.12,128.55571,0.0,721.06,449.945,0.0,0.0
2022-03-13 18:00:00,0.0,1442.12,326.86219,0.0,721.06,500.0,182.165,0.0
2022-03-13 19:00:00,0.0,1442.12,265.78139,0.0,721.06,500.0,121.695,0.0
2022-03-13 20:00:00,0.0,1442.12,224.06421,0.0,721.06,500.0,80.395,0.0
2022-03-13 21:00:00,0.0,1442.12,239.98341,0.0,721.06,500.0,96.155,0.0
2022-03-13 22:00:00,0.0,1442.12,181.84199,0.0,721.06,500.0,38.595,0.0
2022-03-13 23:00:00,0.0,1442.12,132.66714,0.0,721.06,464.335,0.0,0.0
2022-03-14 00:00:00,0.0,1442.12,115.29,0.0,721.06,403.515,0.0,0.0
2022-03-14 01:00:00,0.0,1442.12,112.73857,0.0,721.06,394.585,0.0,0.0
2022-03-14 02:00:00,0.0,1442.12,118.36143,0.0,721.06,414.265,0.0,0.0
2022-03-14 03:00:00,0.0,1442.12,117.20714,0.0,721.06,410.225,0.0,0.0
2022-03-14 04:00:00,0.0,1442.12,121.54714,0.0,721.06,425.415,0.0,0.0
2022-03-14 05:00:00,0.0,1442.12,136.97571,0.0,721.06,479.415,0.0,0.0
2022-03-14 06:00:00,0.0,1442.12,288.9933,0.0,721.06,500.0,144.6748,115.1502
2022-03-14 07:00:00,0.0,1442.12,202.25058,0.0,721.06,500.0,58.7995,287.8755
2022-03-14 08:00:00,0.0,1442.12,32.100629,0.0,721.06,112.3522,0.0,482.0627999999999
2022-03-14 09:00:00,0.0,1272.4436,0.0,0.0,636.2218,0.0,0.0,629.8732
2022-03-14 10:00:00,0.0,971.1078,0.0,0.0,485.5539,0.0,0.0,742.4611
2022-03-14 11:00:00,0.0,949.5794,0.0,0.0,474.7897,0.0,0.0,777.8952999999999
2022-03-14 12:00:00,0.0,825.4956,0.0,0.0,412.7478,0.0,0.0,712.2171999999999
2022-03-14 13:00:00,0.0,999.8146,0.0,0.0,499.9073,0.0,0.0,622.3177
2022-03-14 14:00:00,0.0,1191.8274,0.0,0.0,595.9137,0.0,0.0,489.6913
2022-03-14 15:00:00,0.0,1442.12,14.135571,0.0,721.06,49.4745,0.0,331.3105
2022-03-14 16:00:00,0.0,1442.12,87.118714,0.0,721.06,304.9155,0.0,138.8095
2022-03-14 17:00:00,0.0,1442.12,172.60967,0.0,721.06,500.0,29.455,0.0
2022-03-14 18:00:00,29.973233,1442.12,370.42117,14.986616,721.06,500.0,225.28838,0.0
2022-03-14 19:00:00,0.0,1442.12,275.9531,0.0,721.06,500.0,131.765,0.0
2022-03-14 20:00:00,0.0,1442.12,311.05411,0.0,721.06,500.0,166.515,0.0
2022-03-14 21:00:00,0.0,1442.12,335.45815,0.0,721.06,500.0,190.675,0.0
2022-03-14 22:00:00,0.0,1442.12,338.79149,0.0,721.06,500.0,193.975,0.0
2022-03-14 23:00:00,0.0,1442.12,224.73088,0.0,721.06,500.0,81.055,0.0
2022-03-15 00:00:00,0.0,1442.12,206.83189,0.0,721.06,500.0,63.335,0.0
2022-03-15 01:00:00,0.0,1442.12,197.08442,0.0,721.06,500.0,53.685,0.0
2022-03-15 02:00:00,0.0,1442.12,210.71068,0.0,721.06,500.0,67.175,0.0
2022-03-15 03:00:00,0.0,1442.12,229.36724,0.0,721.06,500.0,85.645,0.0
2022-03-15 04:00:00,0.0,1442.12,244.27633,0.0,721.06,500.0,100.405,0.0
2022-03-15 05:00:00,0.0,1442.12,338.00361,0.0,721.06,500.0,193.195,0.0
2022-03-15 06:00:00,165.59353,1442.12,415.17586,82.796765,721.06,500.0,269.59553,119.71270000000001
2022-03-15 07:00:00,0.0,1442.12,331.73906,0.0,721.06,500.0,186.9931,313.92189999999994
2022-03-15 08:00:00,0.0,1442.12,55.106143,0.0,721.06,192.8715,0.0,468.62350000000004
2022-03-15 09:00:00,0.0,1359.1928,0.0,0.0,679.5964,0.0,0.0,553.9386
2022-03-15 10:00:00,0.0,1145.6594,0.0,0.0,572.8297,0.0,0.0,600.5052999999999
2022-03-15 11:00:00,0.0,1029.253,0.0,0.0,514.6265,0.0,0.0,674.1185
2022-03-15 12:00:00,0.0,1088.2818,0.0,0.0,544.1409,0.0,0.0,547.6241
2022-03-15 13:00:00,0.0,1087.99,0.0,0.0,543.995,0.0,0.0,542.39
2022-03-15 14:00:00,0.0,1442.12,0.22417143,0.0,721.06,0.7846,0.0,386.52039999999994
2022-03-15 15:00:00,0.0,1442.12,79.715,0.0,721.06,279.0025,0.0,146.1825
2022-03-15 16:00:00,0.0,1442.12,98.8064,0.0,721.06,345.8224,0.0,117.25259999999999
2022-03-15 17:00:00,0.0,1442.12,211.02381,0.0,721.06,500.0,67.485,0.0
2022-03-15 18:00:00,98.692236,1442.12,393.09844,49.346118,721.06,500.0,247.73888,0.0
2022-03-15 19:00:00,0.0,1442.12,357.22583,0.0,721.06,500.0,212.225,0.0
2022-03-15 20:00:00,78.564015,1442.12,386.45613,39.282008,721.06,500.0,241.16299,0.0
2022-03-15 21:00:00,0.3131383,1442.12,360.63334,0.15656915,721.06,500.0,215.59843,0.0
2022-03-15 22:00:00,0.0,1442.12,310.30664,0.0,721.06,500.0,165.775,0.0
2022-03-15 23:00:00,0.0,1442.12,267.36724,0.0,721.06,500.0,123.265,0.0
2022-03-16 00:00:00,0.0,1442.12,246.28644,0.0,721.06,500.0,102.395,0.0
2022-03-16 01:00:00,0.0,1442.12,238.8925,0.0,721.06,500.0,95.075,0.0
2022-03-16 02:00:00,0.0,1442.12,254.04401,0.0,721.06,500.0,110.075,0.0
2022-03-16 03:00:00,0.0,1442.12,270.25613,0.0,721.06,500.0,126.125,0.0
2022-03-16 04:00:00,0.0,1442.12,306.58947,0.0,721.06,500.0,162.095,0.0
2022-03-16 05:00:00,0.0,1442.12,358.57937,0.0,721.06,500.0,213.565,0.0
2022-03-16 06:00:00,149.36902,1442.12,409.82178,74.684512,721.06,500.0,264.29499,101.72549999999998
2022-03-16 07:00:00,44.814046,1442.12,375.31864,22.407023,721.06,500.0,230.13688,253.3611
2022-03-16 08:00:00,0.0,1442.12,113.2998,0.0,721.06,396.5493,0.0,343.1657
2022-03-16 09:00:00,0.0,1442.12,38.195429,0.0,721.06,133.684,0.0,429.0210000000001
2022-03-16 10:00:00,0.0,1306.3012,0.0,0.0,653.1506,0.0,0.0,536.7544
2022-03-16 11:00:00,0.0,1328.379,0.0,0.0,664.1895,0.0,0.0,557.2455
2022-03-16 12:00:00,0.0,1293.8226,0.0,0.0,646.9113,0.0,0.0,505.6637
2022-03-16 13:00:00,0.0,1380.0694,0.0,0.0,690.0347,0.0,0.0,417.64029999999997
2022-03-16 14:00:00,0.0,1442.12,23.363029,0.0,721.06,81.7706,0.0,312.64439999999996
2022-03-16 15:00:00,0.0,1442.12,53.271943,0.0,721.06,186.4518,0.0,232.0232
2022-03-16 16:00:00,0.0,1442.12,126.38254,0.0,721.06,442.3389,0.0,54.436099999999996
2022-03-16 17:00:00,0.0,1442.12,205.82179,0.0,721.06,500.0,62.335,0.0
2022-03-16 18:00:00,84.140403,1442.12,388.29633,42.070202,721.06,500.0,242.9848,0.0
2022-03-16 19:00:00,0.0,1442.12,319.42785,0.0,721.06,500.0,174.805,0.0
2022-03-16 20:00:00,0.0,1442.12,261.72078,0.0,721.06,500.0,117.675,0.0
2022-03-16 21:00:00,0.0,1442.12,237.38745,0.0,721.06,500.0,93.585,0.0
2022-03-16 22:00:00,0.0,1442.12,300.65007,0.0,721.06,500.0,156.215,0.0
2022-03-16 23:00:00,0.0,1442.12,270.14502,0.0,721.06,500.0,126.015,0.0
2022-03-17 00:00:00,0.0,1442.12,232.47835,0.0,721.06,500.0,88.725,0.0
2022-03-17 01:00:00,0.0,1442.12,229.24603,0.0,721.06,500.0,85.525,0.0
2022-03-17 02:00:00,0.0,1442.12,218.86219,0.0,721.06,500.0,75.245,0.0
2022-03-17 03:00:00,0.0,1442.12,239.34704,0.0,721.06,500.0,95.525,0.0
2022-03-17 04:00:00,0.0,1442.12,248.30664,0.0,721.06,500.0,104.395,0.0
2022-03-17 05:00:00,0.0,1442.12,263.09452,0.0,721.06,500.0,119.035,0.0
2022-03-17 06:00:00,0.0,1442.12,162.80078,0.0,721.06,500.0,19.7442,124.0708
2022-03-17 07:00:00,0.0,1442.12,170.19603,0.0,721.06,500.0,27.0655,210.3495
2022-03-17 08:00:00,0.0,1442.12,125.53974,0.0,721.06,439.3891,0.0,280.19589999999994
2022-03-17 09:00:00,0.0,1442.12,40.139371,0.0,721.06,140.4878,0.0,630.4572
2022-03-17 10:00:00,0.0,1442.12,20.688343,0.0,721.06,72.4092,0.0,563.8957999999999
2022-03-17 11:00:00,0.0,1442.12,7.5001429,0.0,721.06,26.2505,0.0,601.9945
2022-03-17 12:00:00,0.0,1442.12,68.602857,0.0,721.06,240.11,0.0,228.125
2022-03-17 13:00:00,0.0,1254.804,0.0,0.0,627.402,0.0,0.0,485.523
2022-03-17 14:00:00,0.0,1442.12,88.8098,0.0,721.06,310.8343,0.0,47.8807
2022-03-17 15:00:00,0.0,1442.12,102.76794,0.0,721.06,359.6878,0.0,69.0872
2022-03-17 16:00:00,0.0,1442.12,86.125286,0.0,721.06,301.4385,0.0,120.48650000000002
2022-03-17 17:00:00,0.0,1442.12,142.20429,0.0,721.06,497.715,0.0,0.0
2022-03-17 18:00:00,15.32463,1442.12,365.58713,7.6623149,721.06,500.0,220.50269,0.0
2022-03-17 19:00:00,0.0,1442.12,212.69048,0.0,721.06,500.0,69.135,0.0
2022-03-17 20:00:00,0.0,1442.12,180.8824,0.0,721.06,500.0,37.645,0.0
2022-03-17 21:00:00,0.0,1442.12,215.59957,0.0,721.06,500.0,72.015,0.0
2022-03-17 22:00:00,0.0,1442.12,166.13492,0.0,721.06,500.0,23.045,0.0
2022-03-17 23:00:00,0.0,1442.12,175.48846,0.0,721.06,500.0,32.305,0.0
2022-03-18 00:00:00,0.0,1442.12,167.60967,0.0,721.06,500.0,24.505,0.0
2022-03-18 01:00:00,0.0,1442.12,152.11472,0.0,721.06,500.0,9.165,0.0
2022-03-18 02:00:00,0.0,1442.12,149.9632,0.0,721.06,500.0,7.035,0.0
2022-03-18 03:00:00,0.0,1442.12,172.45815,0.0,721.06,500.0,29.305,0.0
2022-03-18 04:00:00,0.0,1442.12,191.21573,0.0,721.06,500.0,47.875,0.0
2022-03-18 05:00:00,0.0,1442.12,198.943,0.0,721.06,500.0,55.525,0.0
2022-03-18 06:00:00,0.0,1442.12,137.68606,0.0,721.06,481.9012,0.0,97.8638
2022-03-18 07:00:00,0.0,1442.12,107.78406,0.0,721.06,377.2442,0.0,260.5808
2022-03-18 08:00:00,0.0,1442.12,61.629229,0.0,721.06,215.7023,0.0,434.34270000000004
2022-03-18 09:00:00,0.0,1442.12,7.3716857,0.0,721.06,25.8009,0.0,598.7241
2022-03-18 10:00:00,0.0,1442.12,11.506229,0.0,721.06,40.2718,0.0,619.6532
2022-03-18 11:00:00,0.0,1442.12,2.0324286,0.0,721.06,7.1135,0.0,577.1015
2022-03-18 12:00:00,0.0,1418.5458,0.0,0.0,709.2729,0.0,0.0,348.0421
2022-03-18 13:00:00,0.0,1061.032,0.0,0.0,530.516,0.0,0.0,506.10900000000004
2022-03-18 14:00:00,0.0,1427.7652,0.0,0.0,713.8826,0.0,0.0,261.25239999999997
2022-03-18 15:00:00,0.0,1442.12,10.252343,0.0,721.06,35.8832,0.0,214.37179999999998
2022-03-18 16:00:00,0.0,1442.12,63.705029,0.0,721.06,222.9676,0.0,82.03739999999999
2022-03-18 17:00:00,0.0,1442.12,105.86143,0.0,721.06,370.515,0.0,0.0
2022-03-18 18:00:00,0.0,1442.12,281.28644,0.0,721.06,500.0,137.045,0.0
2022-03-18 19:00:00,0.0,1442.12,208.87229,0.0,721.06,500.0,65.355,0.0
2022-03-18 20:00:00,0.0,1442.12,126.99857,0.0,721.06,444.495,0.0,0.0
2022-03-18 21:00:00,0.0,1442.12,141.60714,0.0,721.06,495.625,0.0,0.0
2022-03-18 22:00:00,0.0,1442.12,108.33286,0.0,721.06,379.165,0.0,0.0
2022-03-18 23:00:00,0.0,1442.12,106.94429,0.0,721.06,374.305,0.0,0.0
2022-03-19 00:00:00,0.0,1442.12,96.124286,0.0,721.06,336.435,0.0,0.0
2022-03-19 01:00:00,0.0,1442.12,93.884286,0.0,721.06,328.595,0.0,0.0
2022-03-19 02:00:00,0.0,1442.12,96.724286,0.0,721.06,338.535,0.0,0.0
2022-03-19 03:00:00,0.0,1442.12,101.23286,0.0,721.06,354.315,0.0,0.0
2022-03-19 04:00:00,0.0,1442.12,104.51286,0.0,721.06,365.795,0.0,0.0
2022-03-19 05:00:00,0.0,1442.12,121.39286,0.0,721.06,424.875,0.0,0.0
2022-03-19 06:00:00,0.0,1442.12,332.73866,0.0,721.06,500.0,187.9827,41.2523
2022-03-19 07:00:00,0.0,1442.12,305.18462,0.0,721.06,500.0,160.7042,97.0608
2022-03-19 08:00:00,0.0,1442.12,73.843886,0.0,721.06,258.4536,0.0,199.4214
2022-03-19 09:00:00,0.0,1442.12,27.713086,0.0,721.06,96.9958,0.0,217.5692
2022-03-19 10:00:00,0.0,1442.12,23.5076,0.0,721.06,82.2766,0.0,189.85839999999996
2022-03-19 11:00:00,0.0,1442.12,43.727371,0.0,721.06,153.0458,0.0,119.01920000000001
2022-03-19 12:00:00,0.0,1442.12,30.462514,0.0,721.06,106.6188,0.0,87.5562
2022-03-19 13:00:00,0.0,1442.12,37.275057,0.0,721.06,130.4627,0.0,70.45230000000001
2022-03-19 14:00:00,0.0,1442.12,56.671114,0.0,721.06,198.3489,0.0,69.7661
2022-03-19 15:00:00,0.0,1442.12,62.169371,0.0,721.06,217.5928,0.0,63.61219999999999
2022-03-19 16:00:00,0.0,1442.12,81.872714,0.0,721.06,286.5545,0.0,34.2005
2022-03-19 17:00:00,0.0,1442.12,124.09286,0.0,721.06,434.325,0.0,0.0
2022-03-19 18:00:00,0.0,1442.12,271.73088,0.0,721.06,500.0,127.585,0.0
2022-03-19 19:00:00,0.0,1442.12,185.943,0.0,721.06,500.0,42.655,0.0
2022-03-19 20:00:00,0.0,1442.12,142.79,0.0,721.06,499.765,0.0,0.0
2022-03-19 21:00:00,0.0,1442.12,197.61977,0.0,721.06,500.0,54.215,0.0
2022-03-19 22:00:00,0.0,1442.12,133.89,0.0,721.06,468.615,0.0,0.0
2022-03-19 23:00:00,0.0,1442.12,115.34143,0.0,721.06,403.695,0.0,0.0
2022-03-20 00:00:00,0.0,1442.12,107.46429,0.0,721.06,376.125,0.0,0.0
2022-03-20 01:00:00,0.0,1442.12,102.56714,0.0,721.06,358.985,0.0,0.0
2022-03-20 02:00:00,0.0,1442.12,99.407143,0.0,721.06,347.925,0.0,0.0
2022-03-20 03:00:00,0.0,1442.12,105.15571,0.0,721.06,368.045,0.0,0.0
2022-03-20 04:00:00,0.0,1442.12,110.15286,0.0,721.06,385.535,0.0,0.0
2022-03-20 05:00:00,0.0,1442.12,128.71286,0.0,721.06,450.495,0.0,0.0
2022-03-20 06:00:00,0.0,1442.12,346.02462,0.0,721.06,500.0,201.1358,32.1492
2022-03-20 07:00:00,43.597159,1442.12,374.91706,21.79858,721.06,500.0,229.73932,62.247099999999996
2022-03-20 08:00:00,0.0,1442.12,91.011057,0.0,721.06,318.5387,0.0,145.4963
2022-03-20 09:00:00,0.0,1442.12,50.899057,0.0,721.06,178.1467,0.0,204.18830000000003
2022-03-20 10:00:00,0.0,1442.12,26.650314,0.0,721.06,93.2761,0.0,234.2789
2022-03-20 11:00:00,0.0,1442.12,37.9166,0.0,721.06,132.7081,0.0,263.1869
2022-03-20 12:00:00,0.0,961.3582,0.0,0.0,480.6791,0.0,0.0,470.72589999999997
2022-03-20 13:00:00,0.0,843.058,0.0,0.0,421.529,0.0,0.0,522.826
2022-03-20 14:00:00,0.0,1098.027,0.0,0.0,549.0135,0.0,0.0,398.2515
2022-03-20 15:00:00,0.0,1442.12,24.866143,0.0,721.06,87.0315,0.0,137.2035
2022-03-20 16:00:00,0.0,1442.12,51.7628,0.0,721.06,181.1698,0.0,84.8552
2022-03-20 17:00:00,0.0,1442.12,111.27286,0.0,721.06,389.455,0.0,0.0
2022-03-20 18:00:00,0.0,1442.12,256.84199,0.0,721.06,500.0,112.845,0.0
2022-03-20 19:00:00,0.0,1442.12,238.02381,0.0,721.06,500.0,94.215,0.0
2022-03-20 20:00:00,0.0,1442.12,194.19553,0.0,721.06,500.0,50.825,0.0
2022-03-20 21:00:00,0.0,1442.12,235.62987,0.0,721.06,500.0,91.845,0.0
2022-03-20 22:00:00,0.0,1442.12,239.63997,0.0,721.06,500.0,95.815,0.0
2022-03-20 23:00:00,0.0,1442.12,146.17532,0.0,721.06,500.0,3.285,0.0
2022-03-21 00:00:00,0.0,1442.12,136.75,0.0,721.06,478.625,0.0,0.0
2022-03-21 01:00:00,0.0,1442.12,133.00429,0.0,721.06,465.515,0.0,0.0
2022-03-21 02:00:00,0.0,1442.12,127.15,0.0,721.06,445.025,0.0,0.0
2022-03-21 03:00:00,0.0,1442.12,128.84714,0.0,721.06,450.965,0.0,0.0
2022-03-21 04:00:00,0.0,1442.12,128.51857,0.0,721.06,449.815,0.0,0.0
2022-03-21 05:00:00,0.0,1442.12,180.60967,0.0,721.06,500.0,37.375,0.0
2022-03-21 06:00:00,0.0,1442.12,241.54512,0.0,721.06,500.0,97.7011,133.9039
2022-03-21 07:00:00,0.0,1442.12,139.13334,0.0,721.06,486.9667,0.0,326.8283
2022-03-21 08:00:00,0.0,1442.12,21.372371,0.0,721.06,74.8033,0.0,462.3017
2022-03-21 09:00:00,0.0,1254.3478,0.0,0.0,627.1739,0.0,0.0,462.87109999999996
2022-03-21 10:00:00,0.0,1071.4332,0.0,0.0,535.7166,0.0,0.0,409.5883999999999
2022-03-21 11:00:00,0.0,919.85,0.0,0.0,459.925,0.0,0.0,505.16
2022-03-21 12:00:00,0.0,449.2082,0.0,0.0,224.6041,0.0,0.0,592.2709
2022-03-21 13:00:00,0.0,793.2626,0.0,0.0,396.6313,0.0,0.0,364.0437
2022-03-21 14:00:00,0.0,694.5094,0.0,0.0,347.2547,0.0,0.0,419.1003
2022-03-21 15:00:00,0.0,974.3132,0.0,0.0,487.1566,0.0,0.0,293.5184
2022-03-21 16:00:00,0.0,1382.9164,0.0,0.0,691.4582,0.0,0.0,106.69680000000001
2022-03-21 17:00:00,0.0,1442.12,53.49,0.0,721.06,187.215,0.0,0.0
2022-03-21 18:00:00,0.0,1442.12,146.66017,0.0,721.06,500.0,3.765,0.0
2022-03-21 19:00:00,0.0,1442.12,122.77286,0.0,721.06,429.705,0.0,0.0
2022-03-21 20:00:00,0.0,1442.12,116.62143,0.0,721.06,408.175,0.0,0.0
2022-03-21 21:00:00,0.0,1442.12,121.03571,0.0,721.06,423.625,0.0,0.0
2022-03-21 22:00:00,0.0,1442.12,120.58143,0.0,721.06,422.035,0.0,0.0
2022-03-21 23:00:00,0.0,1442.12,85.81,0.0,721.06,300.335,0.0,0.0
2022-03-22 00:00:00,0.0,1442.12,86.221429,0.0,721.06,301.775,0.0,0.0
2022-03-22 01:00:00,0.0,1442.12,85.675714,0.0,721.06,299.865,0.0,0.0
2022-03-22 02:00:00,0.0,1442.12,87.464286,0.0,721.06,306.125,0.0,0.0
2022-03-22 03:00:00,0.0,1442.12,92.921429,0.0,721.06,325.225,0.0,0.0
2022-03-22 04:00:00,0.0,1442.12,96.795714,0.0,721.06,338.785,0.0,0.0
2022-03-22 05:00:00,0.0,1442.12,111.72714,0.0,721.06,391.045,0.0,0.0
2022-03-22 06:00:00,0.0,1442.12,196.65169,0.0,721.06,500.0,53.2566,83.27839999999999
2022-03-22 07:00:00,0.0,1442.12,101.36791,0.0,721.06,354.7877,0.0,327.77729999999997
2022-03-22 08:00:00,0.0,1253.336,0.0,0.0,626.668,0.0,0.0,505.087
2022-03-22 09:00:00,0.0,781.5226,0.0,0.0,390.7613,0.0,0.0,627.5736999999999
2022-03-22 10:00:00,0.0,398.459,0.0,0.0,199.2295,0.0,0.0,726.6055
2022-03-22 11:00:00,0.0,385.7586,0.0,0.0,192.8793,0.0,0.0,731.5256999999999
2022-03-22 12:00:00,0.0,204.6484,0.0,0.0,102.3242,0.0,0.0,718.2907999999999
2022-03-22 13:00:00,0.0,161.4798,0.0,0.0,80.7399,0.0,0.0,658.3651
2022-03-22 14:00:00,0.0,523.8616,0.0,0.0,261.9308,0.0,0.0,485.11420000000004
2022-03-22 15:00:00,0.0,840.7954,0.0,0.0,420.3977,0.0,0.0,318.2873
2022-03-22 16:00:00,0.0,1235.8434,0.0,0.0,617.9217,0.0,0.0,149.0733
2022-03-22 17:00:00,0.0,1442.12,51.467143,0.0,721.06,180.135,0.0,0.0
2022-03-22 18:00:00,0.0,1442.12,102.40143,0.0,721.06,358.405,0.0,0.0
2022-03-22 19:00:00,0.0,1442.12,71.195714,0.0,721.06,249.185,0.0,0.0
2022-03-22 20:00:00,0.0,1442.12,86.244286,0.0,721.06,301.855,0.0,0.0
2022-03-22 21:00:00,0.0,1442.12,86.215714,0.0,721.06,301.755,0.0,0.0
2022-03-22 22:00:00,0.0,1442.12,75.541429,0.0,721.06,264.395,0.0,0.0
2022-03-22 23:00:00,0.0,1442.12,58.158571,0.0,721.06,203.555,0.0,0.0
2022-03-23 00:00:00,0.0,1442.12,59.381429,0.0,721.06,207.835,0.0,0.0
2022-03-23 01:00:00,0.0,1442.12,57.041429,0.0,721.06,199.645,0.0,0.0
2022-03-23 02:00:00,0.0,1442.12,64.598571,0.0,721.06,226.095,0.0,0.0
2022-03-23 03:00:00,0.0,1442.12,73.238571,0.0,721.06,256.335,0.0,0.0
2022-03-23 04:00:00,0.0,1442.12,92.895714,0.0,721.06,325.135,0.0,0.0
2022-03-23 05:00:00,0.0,1442.12,118.27571,0.0,721.06,413.965,0.0,0.0
2022-03-23 06:00:00,0.0,1442.12,141.15837,0.0,721.06,494.0543,0.0,149.3507
2022-03-23 07:00:00,0.0,1442.12,54.201743,0.0,721.06,189.7061,0.0,346.6989
2022-03-23 08:00:00,0.0,1147.693,0.0,0.0,573.8465,0.0,0.0,511.3285
2022-03-23 09:00:00,0.0,542.247,0.0,0.0,271.1235,0.0,0.0,634.7715
2022-03-23 10:00:00,0.0,209.935,0.0,0.0,104.9675,0.0,0.0,713.0275
2022-03-23 11:00:00,0.0,185.5606,0.0,0.0,92.7803,0.0,0.0,739.7746999999999
2022-03-23 12:00:00,0.0,111.872,0.0,0.0,55.936,0.0,0.0,678.389
2022-03-23 13:00:00,0.0,236.7554,0.0,0.0,118.3777,0.0,0.0,655.5473
2022-03-23 14:00:00,0.0,490.6792,0.0,0.0,245.3396,0.0,0.0,518.2854
2022-03-23 15:00:00,0.0,867.192,0.0,0.0,433.596,0.0,0.0,341.129
2022-03-23 16:00:00,0.0,1338.9932,0.0,0.0,669.4966,0.0,0.0,152.6284
2022-03-23 17:00:00,0.0,1442.12,59.35,0.0,721.06,207.725,0.0,0.0
2022-03-23 18:00:00,0.0,1442.12,113.58429,0.0,721.06,397.545,0.0,0.0
2022-03-23 19:00:00,0.0,1442.12,92.887143,0.0,721.06,325.105,0.0,0.0
2022-03-23 20:00:00,0.0,1442.12,82.455714,0.0,721.06,288.595,0.0,0.0
2022-03-23 21:00:00,0.0,1442.12,87.807143,0.0,721.06,307.325,0.0,0.0
2022-03-23 22:00:00,0.0,1442.12,86.755714,0.0,721.06,303.645,0.0,0.0
2022-03-23 23:00:00,0.0,1442.12,80.91,0.0,721.06,283.185,0.0,0.0
2022-03-24 00:00:00,0.0,1442.12,70.961429,0.0,721.06,248.365,0.0,0.0
2022-03-24 01:00:00,0.0,1442.12,71.741429,0.0,721.06,251.095,0.0,0.0
2022-03-24 02:00:00,0.0,1442.12,73.758571,0.0,721.06,258.155,0.0,0.0
2022-03-24 03:00:00,0.0,1442.12,74.978571,0.0,721.06,262.425,0.0,0.0
2022-03-24 04:00:00,0.0,1442.12,80.45,0.0,721.06,281.575,0.0,0.0
2022-03-24 05:00:00,0.0,1442.12,82.738571,0.0,721.06,289.585,0.0,0.0
2022-03-24 06:00:00,0.0,1442.12,48.678057,0.0,721.06,170.3732,0.0,147.21179999999998
2022-03-24 07:00:00,0.0,1442.12,11.955371,0.0,721.06,41.8438,0.0,348.5312
2022-03-24 08:00:00,0.0,1213.3496,0.0,0.0,606.6748,0.0,0.0,519.5702
2022-03-24 09:00:00,0.0,882.954,0.0,0.0,441.477,0.0,0.0,654.518
2022-03-24 10:00:00,0.0,706.9276,0.0,0.0,353.4638,0.0,0.0,758.7912
2022-03-24 11:00:00,0.0,756.1448,0.0,0.0,378.0724,0.0,0.0,781.5526
2022-03-24 12:00:00,0.0,566.2744,0.0,0.0,283.1372,0.0,0.0,735.0078
2022-03-24 13:00:00,0.0,543.065,0.0,0.0,271.5325,0.0,0.0,654.9925
2022-03-24 14:00:00,0.0,689.8342,0.0,0.0,344.9171,0.0,0.0,503.8679
2022-03-24 15:00:00,0.0,988.2726,0.0,0.0,494.1363,0.0,0.0,333.7487
2022-03-24 16:00:00,0.0,1442.12,8.2386857,0.0,721.06,28.8354,0.0,152.2196
2022-03-24 17:00:00,0.0,1442.12,60.647143,0.0,721.06,212.265,0.0,0.0
2022-03-24 18:00:00,0.0,1442.12,130.42714,0.0,721.06,456.495,0.0,0.0
2022-03-24 19:00:00,0.0,1442.12,64.504286,0.0,721.06,225.765,0.0,0.0
2022-03-24 20:00:00,0.0,1442.12,50.744286,0.0,721.06,177.605,0.0,0.0
2022-03-24 21:00:00,0.0,1442.12,53.958571,0.0,721.06,188.855,0.0,0.0
2022-03-24 22:00:00,0.0,1442.12,59.015714,0.0,721.06,206.555,0.0,0.0
2022-03-24 23:00:00,0.0,1442.12,43.052857,0.0,721.06,150.685,0.0,0.0
2022-03-25 00:00:00,0.0,1442.12,38.975714,0.0,721.06,136.415,0.0,0.0
2022-03-25 01:00:00,0.0,1442.12,35.998571,0.0,721.06,125.995,0.0,0.0
2022-03-25 02:00:00,0.0,1442.12,39.427143,0.0,721.06,137.995,0.0,0.0
2022-03-25 03:00:00,0.0,1442.12,46.07,0.0,721.06,161.245,0.0,0.0
2022-03-25 04:00:00,0.0,1442.12,40.667143,0.0,721.06,142.335,0.0,0.0
2022-03-25 05:00:00,0.0,1442.12,47.481429,0.0,721.06,166.185,0.0,0.0
2022-03-25 06:00:00,0.0,1442.12,12.106114,0.0,721.06,42.3714,0.0,152.0736
2022-03-25 07:00:00,0.0,1291.2696,0.0,0.0,645.6348,0.0,0.0,352.4002
2022-03-25 08:00:00,0.0,1089.3352,0.0,0.0,544.6676,0.0,0.0,517.8474
2022-03-25 09:00:00,0.0,800.324,0.0,0.0,400.162,0.0,0.0,650.503
2022-03-25 10:00:00,0.0,498.4212,0.0,0.0,249.2106,0.0,0.0,734.5844000000001
2022-03-25 11:00:00,0.0,468.2428,0.0,0.0,234.1214,0.0,0.0,749.2135999999998
2022-03-25 12:00:00,0.0,140.4552,0.0,0.0,70.2276,0.0,0.0,698.8874000000001
2022-03-25 13:00:00,0.0,303.4614,0.0,0.0,151.7307,0.0,0.0,595.6143
2022-03-25 14:00:00,0.0,451.2352,0.0,0.0,225.6176,0.0,0.0,478.42740000000003
2022-03-25 15:00:00,0.0,805.023,0.0,0.0,402.5115,0.0,0.0,308.0235
2022-03-25 16:00:00,0.0,1363.2758,0.0,0.0,681.6379,0.0,0.0,140.3571
2022-03-25 17:00:00,0.0,1442.12,73.301771,0.0,721.06,256.5562,0.0,2.5987999999999998
2022-03-25 18:00:00,0.0,1442.12,117.70143,0.0,721.06,411.955,0.0,0.0
2022-03-25 19:00:00,0.0,1442.12,76.952857,0.0,721.06,269.335,0.0,0.0
2022-03-25 20:00:00,0.0,1442.12,52.955714,0.0,721.06,185.345,0.0,0.0
2022-03-25 21:00:00,0.0,1442.12,35.967143,0.0,721.06,125.885,0.0,0.0
2022-03-25 22:00:00,0.0,1442.12,67.744286,0.0,721.06,237.105,0.0,0.0
2022-03-25 23:00:00,0.0,1442.12,54.195714,0.0,721.06,189.685,0.0,0.0
2022-03-26 00:00:00,0.0,1442.12,51.552857,0.0,721.06,180.435,0.0,0.0
2022-03-26 01:00:00,0.0,1442.12,53.312857,0.0,721.06,186.595,0.0,0.0
2022-03-26 02:00:00,0.0,1442.12,59.241429,0.0,721.06,207.345,0.0,0.0
2022-03-26 03:00:00,0.0,1442.12,65.678571,0.0,721.06,229.875,0.0,0.0
2022-03-26 04:00:00,0.0,1442.12,86.038571,0.0,721.06,301.135,0.0,0.0
2022-03-26 05:00:00,0.0,1442.12,207.99351,0.0,721.06,500.0,64.485,0.0
2022-03-26 06:00:00,0.0,1442.12,205.12573,0.0,721.06,500.0,61.6459,55.2391
2022-03-26 07:00:00,0.0,1442.12,105.9324,0.0,721.06,370.7634,0.0,92.65159999999999
2022-03-26 08:00:00,0.0,1404.8216,0.0,0.0,702.4108,0.0,0.0,366.12420000000003
2022-03-26 09:00:00,0.0,943.1166,0.0,0.0,471.5583,0.0,0.0,547.3466999999999
2022-03-26 10:00:00,0.0,693.4656,0.0,0.0,346.7328,0.0,0.0,639.5822
2022-03-26 11:00:00,0.0,1391.9536,0.0,0.0,695.9768,0.0,0.0,340.4282
2022-03-26 12:00:00,0.0,1212.9566,0.0,0.0,606.4783,0.0,0.0,340.0267
2022-03-26 13:00:00,0.0,864.5362,0.0,0.0,432.2681,0.0,0.0,447.14689999999996
2022-03-26 14:00:00,0.0,1174.5374,0.0,0.0,587.2687,0.0,0.0,279.0863
2022-03-26 15:00:00,0.0,1415.4986,0.0,0.0,707.7493,0.0,0.0,168.6957
2022-03-26 16:00:00,0.0,1442.12,45.036743,0.0,721.06,157.6286,0.0,66.1964
2022-03-26 17:00:00,0.0,1442.12,83.661514,0.0,721.06,292.8153,0.0,0.6496999999999999
2022-03-26 18:00:00,0.0,1442.12,197.56926,0.0,721.06,500.0,54.165,0.0
2022-03-26 19:00:00,0.0,1442.12,122.40714,0.0,721.06,428.425,0.0,0.0
2022-03-26 20:00:00,0.0,1442.12,127.88143,0.0,721.06,447.585,0.0,0.0
2022-03-26 21:00:00,0.0,1442.12,127.43857,0.0,721.06,446.035,0.0,0.0
2022-03-26 22:00:00,0.0,1442.12,105.96429,0.0,721.06,370.875,0.0,0.0
2022-03-26 23:00:00,0.0,1442.12,101.98429,0.0,721.06,356.945,0.0,0.0
2022-03-27 00:00:00,0.0,1442.12,111.19571,0.0,721.06,389.185,0.0,0.0
2022-03-27 01:00:00,0.0,1442.12,115.37857,0.0,721.06,403.825,0.0,0.0
2022-03-27 02:00:00,0.0,1442.12,124.39,0.0,721.06,435.365,0.0,0.0
2022-03-27 03:00:00,0.0,1442.12,128.55857,0.0,721.06,449.955,0.0,0.0
2022-03-27 04:00:00,0.0,1442.12,150.87229,0.0,721.06,500.0,7.935,0.0
2022-03-27 05:00:00,66.443536,1442.12,382.45637,33.221768,721.06,500.0,237.20323,0.0
2022-03-27 06:00:00,0.0,1442.12,292.61027,0.0,721.06,500.0,148.2556,88.1694
2022-03-27 07:00:00,0.0,1442.12,87.6402,0.0,721.06,306.7407,0.0,261.2743
2022-03-27 08:00:00,0.0,1418.1586,0.0,0.0,709.0793,0.0,0.0,409.5957
2022-03-27 09:00:00,0.0,909.15,0.0,0.0,454.575,0.0,0.0,582.54
2022-03-27 10:00:00,0.0,624.637,0.0,0.0,312.3185,0.0,0.0,663.6065
2022-03-27 11:00:00,0.0,738.0096,0.0,0.0,369.0048,0.0,0.0,604.2502
2022-03-27 12:00:00,0.0,422.6928,0.0,0.0,211.3464,0.0,0.0,661.9786
2022-03-27 13:00:00,0.0,585.8138,0.0,0.0,292.9069,0.0,0.0,567.9181
2022-03-27 14:00:00,0.0,818.0988,0.0,0.0,409.0494,0.0,0.0,427.57559999999995
2022-03-27 15:00:00,0.0,1183.1542,0.0,0.0,591.5771,0.0,0.0,260.7779
2022-03-27 16:00:00,0.0,1442.12,31.022829,0.0,721.06,108.5799,0.0,115.24509999999998
2022-03-27 17:00:00,0.0,1442.12,94.481857,0.0,721.06,330.6865,0.0,3.2485
2022-03-27 18:00:00,0.0,1442.12,223.54906,0.0,721.06,500.0,79.885,0.0
2022-03-27 19:00:00,0.0,1442.12,130.92429,0.0,721.06,458.235,0.0,0.0
2022-03-27 20:00:00,0.0,1442.12,132.38143,0.0,721.06,463.335,0.0,0.0
2022-03-27 21:00:00,0.0,1442.12,118.39857,0.0,721.06,414.395,0.0,0.0
2022-03-27 22:00:00,0.0,1442.12,126.36143,0.0,721.06,442.265,0.0,0.0
2022-03-27 23:00:00,0.0,1442.12,108.13,0.0,721.06,378.455,0.0,0.0
2022-03-28 00:00:00,0.0,1442.12,113.46429,0.0,721.06,397.125,0.0,0.0
2022-03-28 01:00:00,0.0,1442.12,116.60714,0.0,721.06,408.125,0.0,0.0
2022-03-28 02:00:00,0.0,1442.12,122.75857,0.0,721.06,429.655,0.0,0.0
2022-03-28 03:00:00,0.0,1442.12,131.30143,0.0,721.06,459.555,0.0,0.0
2022-03-28 04:00:00,0.0,1442.12,167.15512,0.0,721.06,500.0,24.055,0.0
2022-03-28 05:00:00,71.681228,1442.12,384.18481,35.840614,721.06,500.0,238.91439,0.0
2022-03-28 06:00:00,0.0,1442.12,304.28785,0.0,721.06,500.0,159.8164,103.52860000000001
2022-03-28 07:00:00,0.0,1442.12,81.888371,0.0,721.06,286.6093,0.0,257.7557
2022-03-28 08:00:00,0.0,1426.7904,0.0,0.0,713.3952,0.0,0.0,399.4998
2022-03-28 09:00:00,0.0,934.0364,0.0,0.0,467.0182,0.0,0.0,549.8068
2022-03-28 10:00:00,0.0,607.3152,0.0,0.0,303.6576,0.0,0.0,636.1074
2022-03-28 11:00:00,0.0,663.8106,0.0,0.0,331.9053,0.0,0.0,635.0197
2022-03-28 12:00:00,0.0,387.0442,0.0,0.0,193.5221,0.0,0.0,645.1229000000001
2022-03-28 13:00:00,0.0,572.954,0.0,0.0,286.477,0.0,0.0,543.558
2022-03-28 14:00:00,0.0,858.1954,0.0,0.0,429.0977,0.0,0.0,405.15729999999996
2022-03-28 15:00:00,0.0,1154.3614,0.0,0.0,577.1807,0.0,0.0,271.4943
2022-03-28 16:00:00,0.0,1442.12,23.947771,0.0,721.06,83.8172,0.0,115.9678
2022-03-28 17:00:00,0.0,1442.12,73.519086,0.0,721.06,257.3168,0.0,3.8981999999999997
2022-03-28 18:00:00,0.0,1442.12,210.943,0.0,721.06,500.0,67.405,0.0
2022-03-28 19:00:00,0.0,1442.12,115.59857,0.0,721.06,404.595,0.0,0.0
2022-03-28 20:00:00,0.0,1442.12,120.80429,0.0,721.06,422.815,0.0,0.0
2022-03-28 21:00:00,0.0,1442.12,111.41571,0.0,721.06,389.955,0.0,0.0
2022-03-28 22:00:00,0.0,1442.12,97.821429,0.0,721.06,342.375,0.0,0.0
2022-03-28 23:00:00,0.0,1442.12,93.644286,0.0,721.06,327.755,0.0,0.0
2022-03-29 00:00:00,0.0,1442.12,110.64143,0.0,721.06,387.245,0.0,0.0
2022-03-29 01:00:00,0.0,1442.12,113.66714,0.0,721.06,397.835,0.0,0.0
2022-03-29 02:00:00,0.0,1442.12,120.86714,0.0,721.06,423.035,0.0,0.0
2022-03-29 03:00:00,0.0,1442.12,128.16429,0.0,721.06,448.575,0.0,0.0
2022-03-29 04:00:00,0.0,1442.12,170.9329,0.0,721.06,500.0,27.795,0.0
2022-03-29 05:00:00,0.0,1442.12,269.75603,0.0,721.06,500.0,125.6299,1.3651
2022-03-29 06:00:00,0.0,1442.12,265.39805,0.0,721.06,500.0,121.3155,127.1295
2022-03-29 07:00:00,0.0,1442.12,101.77283,0.0,721.06,356.2049,0.0,227.30010000000004
2022-03-29 08:00:00,0.0,1359.7318,0.0,0.0,679.8659,0.0,0.0,439.2191
2022-03-29 09:00:00,0.0,903.7902,0.0,0.0,451.8951,0.0,0.0,576.4299
2022-03-29 10:00:00,0.0,715.8098,0.0,0.0,357.9049,0.0,0.0,644.8601
2022-03-29 11:00:00,0.0,625.9888,0.0,0.0,312.9944,0.0,0.0,681.9806
2022-03-29 12:00:00,0.0,584.9602,0.0,0.0,292.4801,0.0,0.0,612.5649000000001
2022-03-29 13:00:00,0.0,1049.6694,0.0,0.0,524.8347,0.0,0.0,417.64029999999997
2022-03-29 14:00:00,0.0,951.4306,0.0,0.0,475.7153,0.0,0.0,414.5597
2022-03-29 15:00:00,0.0,1439.9828,0.0,0.0,719.9914,0.0,0.0,204.6336
2022-03-29 16:00:00,0.0,1442.12,53.272486,0.0,721.06,186.4537,0.0,83.0813
2022-03-29 17:00:00,0.0,1442.12,77.230514,0.0,721.06,270.3068,0.0,3.8981999999999997
2022-03-29 18:00:00,0.0,1442.12,169.82179,0.0,721.06,500.0,26.695,0.0
2022-03-29 19:00:00,0.0,1442.12,106.30714,0.0,721.06,372.075,0.0,0.0
2022-03-29 20:00:00,0.0,1442.12,103.83286,0.0,721.06,363.415,0.0,0.0
2022-03-29 21:00:00,0.0,1442.12,111.01286,0.0,721.06,388.545,0.0,0.0
2022-03-29 22:00:00,0.0,1442.12,112.03286,0.0,721.06,392.115,0.0,0.0
2022-03-29 23:00:00,0.0,1442.12,101.62143,0.0,721.06,355.675,0.0,0.0
2022-03-30 00:00:00,0.0,1442.12,94.495714,0.0,721.06,330.735,0.0,0.0
2022-03-30 01:00:00,0.0,1442.12,95.261429,0.0,721.06,333.415,0.0,0.0
2022-03-30 02:00:00,0.0,1442.12,94.661429,0.0,721.06,331.315,0.0,0.0
2022-03-30 03:00:00,0.0,1442.12,95.958571,0.0,721.06,335.855,0.0,0.0
2022-03-30 04:00:00,0.0,1442.12,101.94429,0.0,721.06,356.805,0.0,0.0
2022-03-30 05:00:00,0.0,1442.12,114.07966,0.0,721.06,399.2788,0.0,0.6861999999999999
2022-03-30 06:00:00,0.0,1442.12,108.09271,0.0,721.06,378.3245,0.0,34.2005
2022-03-30 07:00:00,0.0,1442.12,106.93389,0.0,721.06,374.2686,0.0,103.4264
2022-03-30 08:00:00,0.0,1442.12,81.433714,0.0,721.06,285.018,0.0,145.197
2022-03-30 09:00:00,0.0,1442.12,69.181943,0.0,721.06,242.1368,0.0,163.76819999999998
2022-03-30 10:00:00,0.0,1442.12,19.627857,0.0,721.06,68.6975,0.0,239.9875
2022-03-30 11:00:00,0.0,1442.12,11.363086,0.0,721.06,39.7708,0.0,256.6242
2022-03-30 12:00:00,0.0,1403.4126,0.0,0.0,701.7063,0.0,0.0,274.6187
2022-03-30 13:00:00,0.0,1442.12,9.3917143,0.0,721.06,32.871,0.0,173.594
2022-03-30 14:00:00,0.0,1442.12,5.286,0.0,721.06,18.501,0.0,136.364
2022-03-30 15:00:00,0.0,1442.12,7.7721143,0.0,721.06,27.2024,0.0,129.6626
2022-03-30 16:00:00,0.0,1442.12,38.834171,0.0,721.06,135.9196,0.0,74.44539999999999
2022-03-30 17:00:00,0.0,1442.12,60.462029,0.0,721.06,211.6171,0.0,4.547899999999999
2022-03-30 18:00:00,0.0,1442.12,110.79571,0.0,721.06,387.785,0.0,0.0
2022-03-30 19:00:00,0.0,1442.12,82.681429,0.0,721.06,289.385,0.0,0.0
2022-03-30 20:00:00,0.0,1442.12,86.641429,0.0,721.06,303.245,0.0,0.0
2022-03-30 21:00:00,0.0,1442.12,96.558571,0.0,721.06,337.955,0.0,0.0
2022-03-30 22:00:00,0.0,1442.12,101.03857,0.0,721.06,353.635,0.0,0.0
2022-03-30 23:00:00,0.0,1442.12,93.038571,0.0,721.06,325.635,0.0,0.0
2022-03-31 00:00:00,0.0,1442.12,97.581429,0.0,721.06,341.535,0.0,0.0
2022-03-31 01:00:00,0.0,1442.12,96.741429,0.0,721.06,338.595,0.0,0.0
2022-03-31 02:00:00,0.0,1442.12,98.421429,0.0,721.06,344.475,0.0,0.0
2022-03-31 03:00:00,0.0,1442.12,100.55571,0.0,721.06,351.945,0.0,0.0
2022-03-31 04:00:00,0.0,1442.12,99.172857,0.0,721.06,347.105,0.0,0.0
2022-03-31 05:00:00,0.0,1442.12,104.75394,0.0,721.06,366.6388,0.0,5.0662
2022-03-31 06:00:00,0.0,1442.12,114.32889,0.0,721.06,400.1511,0.0,17.1039
2022-03-31 07:00:00,0.0,1442.12,118.22266,0.0,721.06,413.7793,0.0,53.35569999999999
2022-03-31 08:00:00,0.0,1442.12,107.10271,0.0,721.06,374.8595,0.0,39.6755
2022-03-31 09:00:00,0.0,1442.12,106.0144,0.0,721.06,371.0504,0.0,64.9846
2022-03-31 10:00:00,0.0,1442.12,46.940057,0.0,721.06,164.2902,0.0,165.5348
2022-03-31 11:00:00,0.0,1005.5984,0.0,0.0,502.7992,0.0,0.0,564.6257999999999
2022-03-31 12:00:00,0.0,1075.729,0.0,0.0,537.8645,0.0,0.0,373.6505
2022-03-31 13:00:00,0.0,1378.1526,0.0,0.0,689.0763,0.0,0.0,238.11869999999996
2022-03-31 14:00:00,0.0,1392.856,0.0,0.0,696.428,0.0,0.0,180.237
2022-03-31 15:00:00,0.0,1425.7954,0.0,0.0,712.8977,0.0,0.0,155.4973
2022-03-31 16:00:00,0.0,1442.12,5.4719714,0.0,721.06,19.1519,0.0,139.7731
2022-03-31 17:00:00,0.0,1442.12,62.919343,0.0,721.06,220.2177,0.0,5.847300000000001
2022-03-31 18:00:00,0.0,1442.12,112.73,0.0,721.06,394.555,0.0,0.0
2022-03-31 19:00:00,0.0,1442.12,103.47,0.0,721.06,362.145,0.0,0.0
2022-03-31 20:00:00,0.0,1442.12,101.71,0.0,721.06,355.985,0.0,0.0
2022-03-31 21:00:00,0.0,1442.12,102.41286,0.0,721.06,358.445,0.0,0.0
2022-03-31 22:00:00,0.0,1442.12,93.17,0.0,721.06,326.095,0.0,0.0
2022-03-31 23:00:00,0.0,1442.12,96.455714,0.0,721.06,337.595,0.0,0.0
2022-04-01 00:00:00,0.0,1442.12,92.747143,0.0,721.06,324.615,0.0,0.0
2022-04-01 01:00:00,0.0,1442.12,89.978571,0.0,721.06,314.925,0.0,0.0
2022-04-01 02:00:00,0.0,1442.12,84.075714,0.0,721.06,294.265,0.0,0.0
2022-04-01 03:00:00,0.0,1442.12,88.41,0.0,721.06,309.435,0.0,0.0
2022-04-01 04:00:00,0.0,1442.12,90.167143,0.0,721.06,315.585,0.0,0.0
2022-04-01 05:00:00,0.0,1442.12,91.274257,0.0,721.06,319.4599,0.0,1.3651
2022-04-01 06:00:00,0.0,1442.12,77.729571,0.0,721.06,272.0535,0.0,77.7815
2022-04-01 07:00:00,0.0,1442.12,66.9672,0.0,721.06,234.3852,0.0,224.2998
2022-04-01 08:00:00,0.0,1442.12,10.243286,0.0,721.06,35.8515,0.0,384.6735
2022-04-01 09:00:00,0.0,1442.12,16.862514,0.0,721.06,59.0188,0.0,356.19620000000003
2022-04-01 10:00:00,0.0,1239.2826,0.0,0.0,619.6413,0.0,0.0,473.54370000000006
2022-04-01 11:00:00,0.0,1442.12,114.29069,0.0,721.06,400.0174,0.0,96.4476
2022-04-01 12:00:00,0.0,1095.2336,0.0,0.0,547.6168,0.0,0.0,501.0282000000001
2022-04-01 13:00:00,0.0,969.8254,0.0,0.0,484.9127,0.0,0.0,540.5722999999999
2022-04-01 14:00:00,0.0,994.5238,0.0,0.0,497.2619,0.0,0.0,498.93309999999997
2022-04-01 15:00:00,0.0,1442.12,8.9201429,0.0,721.06,31.2205,0.0,274.2245
2022-04-01 16:00:00,0.0,1442.12,64.860829,0.0,721.06,227.0129,0.0,145.1021
2022-04-01 17:00:00,0.0,1442.12,113.17103,0.0,721.06,396.0986,0.0,7.796399999999999
2022-04-01 18:00:00,0.0,1442.12,173.30664,0.0,721.06,500.0,30.145,0.0
2022-04-01 19:00:00,0.0,1442.12,103.91286,0.0,721.06,363.695,0.0,0.0
2022-04-01 20:00:00,0.0,1442.12,100.38714,0.0,721.06,351.355,0.0,0.0
2022-04-01 21:00:00,0.0,1442.12,106.55857,0.0,721.06,372.955,0.0,0.0
2022-04-01 22:00:00,0.0,1442.12,97.435714,0.0,721.06,341.025,0.0,0.0
2022-04-01 23:00:00,0.0,1442.12,91.972857,0.0,721.06,321.905,0.0,0.0
2022-04-02 00:00:00,0.0,1442.12,86.855714,0.0,721.06,303.995,0.0,0.0
2022-04-02 01:00:00,0.0,1442.12,86.541429,0.0,721.06,302.895,0.0,0.0
2022-04-02 02:00:00,0.0,1442.12,86.65,0.0,721.06,303.275,0.0,0.0
2022-04-02 03:00:00,0.0,1442.12,87.89,0.0,721.06,307.615,0.0,0.0
2022-04-02 04:00:00,0.0,1442.12,88.958571,0.0,721.06,311.355,0.0,0.0
2022-04-02 05:00:00,0.0,1442.12,95.510343,0.0,721.06,334.2862,0.0,4.7888
2022-04-02 06:00:00,0.0,1442.12,47.331743,0.0,721.06,165.6611,0.0,170.4039
2022-04-02 07:00:00,0.0,1442.12,31.0944,0.0,721.06,108.8304,0.0,308.0746
2022-04-02 08:00:00,0.0,1167.3704,0.0,0.0,583.6852,0.0,0.0,504.61980000000005
2022-04-02 09:00:00,0.0,903.3228,0.0,0.0,451.6614,0.0,0.0,666.7236
2022-04-02 10:00:00,0.0,734.9878,0.0,0.0,367.4939,0.0,0.0,726.4010999999999
2022-04-02 11:00:00,0.0,1442.12,10.466314,0.0,721.06,36.6321,0.0,355.31289999999996
2022-04-02 12:00:00,0.0,1442.12,14.829486,0.0,721.06,51.9032,0.0,192.4718
2022-04-02 13:00:00,0.0,753.1686,0.0,0.0,376.5843,0.0,0.0,545.0106999999999
2022-04-02 14:00:00,0.0,1442.12,26.884743,0.0,721.06,94.0966,0.0,64.2984
2022-04-02 15:00:00,0.0,1442.12,20.511371,0.0,721.06,71.7898,0.0,97.9952
2022-04-02 16:00:00,0.0,1442.12,6.0710857,0.0,721.06,21.2488,0.0,153.9862
2022-04-02 17:00:00,0.0,1442.12,88.821771,0.0,721.06,310.8762,0.0,2.5987999999999998
2022-04-02 18:00:00,0.0,1442.12,146.19553,0.0,721.06,500.0,3.305,0.0
2022-04-02 19:00:00,0.0,1442.12,92.732857,0.0,721.06,324.565,0.0,0.0
2022-04-02 20:00:00,0.0,1442.12,96.624286,0.0,721.06,338.185,0.0,0.0
2022-04-02 21:00:00,0.0,1442.12,99.904286,0.0,721.06,349.665,0.0,0.0
2022-04-02 22:00:00,0.0,1442.12,99.275714,0.0,721.06,347.465,0.0,0.0
2022-04-02 23:00:00,0.0,1442.12,96.041429,0.0,721.06,336.145,0.0,0.0
2022-04-03 00:00:00,0.0,1442.12,102.25571,0.0,721.06,357.895,0.0,0.0
2022-04-03 01:00:00,0.0,1442.12,105.46714,0.0,721.06,369.135,0.0,0.0
2022-04-03 02:00:00,0.0,1442.12,112.62143,0.0,721.06,394.175,0.0,0.0
2022-04-03 03:00:00,0.0,1442.12,118.97286,0.0,721.06,416.405,0.0,0.0
2022-04-03 04:00:00,0.0,1442.12,132.76714,0.0,721.06,464.685,0.0,0.0
2022-04-03 05:00:00,0.0,1442.12,240.05038,0.0,721.06,500.0,96.2213,3.4236999999999997
2022-04-03 06:00:00,0.0,1442.12,144.38098,0.0,721.06,500.0,1.5086,152.3364
2022-04-03 07:00:00,0.0,1442.12,31.120914,0.0,721.06,108.9232,0.0,330.4418
2022-04-03 08:00:00,0.0,1008.9528,0.0,0.0,504.4764,0.0,0.0,499.1885999999999
2022-04-03 09:00:00,0.0,855.721,0.0,0.0,427.8605,0.0,0.0,494.6845
2022-04-03 10:00:00,0.0,348.9396,0.0,0.0,174.4698,0.0,0.0,688.5652
2022-04-03 11:00:00,0.0,556.7114,0.0,0.0,278.3557,0.0,0.0,581.3793
2022-04-03 12:00:00,0.0,219.6762,0.0,0.0,109.8381,0.0,0.0,628.1869
2022-04-03 13:00:00,0.0,312.9054,0.0,0.0,156.4527,0.0,0.0,555.1723
2022-04-03 14:00:00,0.0,754.2578,0.0,0.0,377.1289,0.0,0.0,331.10609999999997
2022-04-03 15:00:00,0.0,1149.1598,0.0,0.0,574.5799,0.0,0.0,152.4751
2022-04-03 16:00:00,0.0,1442.12,6.7716286,0.0,721.06,23.7007,0.0,44.464299999999994
2022-04-03 17:00:00,0.0,1442.12,57.456486,0.0,721.06,201.0977,0.0,5.847300000000001
2022-04-03 18:00:00,0.0,1442.12,125.25571,0.0,721.06,438.395,0.0,0.0
2022-04-03 19:00:00,0.0,1442.12,101.44143,0.0,721.06,355.045,0.0,0.0
2022-04-03 20:00:00,0.0,1442.12,97.61,0.0,721.06,341.635,0.0,0.0
2022-04-03 21:00:00,0.0,1442.12,97.307143,0.0,721.06,340.575,0.0,0.0
2022-04-03 22:00:00,0.0,1442.12,67.798571,0.0,721.06,237.295,0.0,0.0
2022-04-03 23:00:00,0.0,1442.12,63.858571,0.0,721.06,223.505,0.0,0.0
2022-04-04 00:00:00,0.0,1442.12,65.815714,0.0,721.06,230.355,0.0,0.0
2022-04-04 01:00:00,0.0,1442.12,53.532857,0.0,721.06,187.365,0.0,0.0
2022-04-04 02:00:00,0.0,1442.12,49.964286,0.0,721.06,174.875,0.0,0.0
2022-04-04 03:00:00,0.0,1442.12,52.49,0.0,721.06,183.715,0.0,0.0
2022-04-04 04:00:00,0.0,1442.12,63.252857,0.0,721.06,221.385,0.0,0.0
2022-04-04 05:00:00,0.0,1442.12,104.73071,0.0,721.06,366.5575,0.0,2.7375
2022-04-04 06:00:00,0.0,1442.12,117.30871,0.0,721.06,410.5805,0.0,47.194500000000005
2022-04-04 07:00:00,0.0,1442.12,56.744114,0.0,721.06,198.6044,0.0,148.35060000000001
2022-04-04 08:00:00,0.0,1217.4468,0.0,0.0,608.7234,0.0,0.0,300.7016
2022-04-04 09:00:00,0.0,884.9212,0.0,0.0,442.4606,0.0,0.0,497.33439999999996
2022-04-04 10:00:00,0.0,884.6082,0.0,0.0,442.3041,0.0,0.0,479.12089999999995
2022-04-04 11:00:00,0.0,906.6354,0.0,0.0,453.3177,0.0,0.0,497.8673
2022-04-04 12:00:00,0.0,881.5568,0.0,0.0,440.7784,0.0,0.0,421.5166
2022-04-04 13:00:00,0.0,723.1012,0.0,0.0,361.5506,0.0,0.0,507.5544
2022-04-04 14:00:00,0.0,1318.952,0.0,0.0,659.476,0.0,0.0,185.639
2022-04-04 15:00:00,0.0,1442.12,22.998971,0.0,721.06,80.4964,0.0,104.9886
2022-04-04 16:00:00,0.0,1442.12,38.440714,0.0,721.06,134.5425,0.0,65.8825
2022-04-04 17:00:00,0.0,1442.12,69.1016,0.0,721.06,241.8556,0.0,1.2993999999999999
2022-04-04 18:00:00,0.0,1442.12,105.22714,0.0,721.06,368.295,0.0,0.0
2022-04-04 19:00:00,0.0,1442.12,65.195714,0.0,721.06,228.185,0.0,0.0
2022-04-04 20:00:00,0.0,1442.12,65.004286,0.0,721.06,227.515,0.0,0.0
2022-04-04 21:00:00,0.0,1442.12,63.055714,0.0,721.06,220.695,0.0,0.0
2022-04-04 22:00:00,0.0,1442.12,48.081429,0.0,721.06,168.285,0.0,0.0
2022-04-04 23:00:00,0.0,1442.12,45.547143,0.0,721.06,159.415,0.0,0.0
2022-04-05 00:00:00,0.0,1442.12,37.464286,0.0,721.06,131.125,0.0,0.0
2022-04-05 01:00:00,0.0,1442.12,34.955714,0.0,721.06,122.345,0.0,0.0
2022-04-05 02:00:00,0.0,1442.12,35.452857,0.0,721.06,124.085,0.0,0.0
2022-04-05 03:00:00,0.0,1442.12,43.15,0.0,721.06,151.025,0.0,0.0
2022-04-05 04:00:00,0.0,1442.12,59.798571,0.0,721.06,209.295,0.0,0.0
2022-04-05 05:00:00,0.0,1442.12,104.23106,0.0,721.06,364.8087,0.0,7.5263
2022-04-05 06:00:00,0.0,1442.12,87.898543,0.0,721.06,307.6449,0.0,138.9701
2022-04-05 07:00:00,0.0,1442.12,23.014057,0.0,721.06,80.5492,0.0,288.6858
2022-04-05 08:00:00,0.0,1086.3684,0.0,0.0,543.1842,0.0,0.0,439.4308
2022-04-05 09:00:00,0.0,874.4916,0.0,0.0,437.2458,0.0,0.0,575.9992
2022-04-05 10:00:00,0.0,675.387,0.0,0.0,337.6935,0.0,0.0,671.2715
2022-04-05 11:00:00,0.0,736.4486,0.0,0.0,368.2243,0.0,0.0,665.4607
2022-04-05 12:00:00,0.0,492.943,0.0,0.0,246.4715,0.0,0.0,665.7235
2022-04-05 13:00:00,0.0,621.1816,0.0,0.0,310.5908,0.0,0.0,569.7941999999999
2022-04-05 14:00:00,0.0,756.5546,0.0,0.0,378.2773,0.0,0.0,432.5177
2022-04-05 15:00:00,0.0,1028.0114,0.0,0.0,514.0057,0.0,0.0,279.1593
2022-04-05 16:00:00,0.0,1442.12,19.019257,0.0,721.06,66.5674,0.0,124.18759999999997
2022-04-05 17:00:00,0.0,1442.12,59.6524,0.0,721.06,208.7834,0.0,12.351600000000001
2022-04-05 18:00:00,0.0,1442.12,98.63,0.0,721.06,345.205,0.0,0.0
2022-04-05 19:00:00,0.0,1442.12,77.055714,0.0,721.06,269.695,0.0,0.0
2022-04-05 20:00:00,0.0,1442.12,71.598571,0.0,721.06,250.595,0.0,0.0
2022-04-05 21:00:00,0.0,1442.12,79.324286,0.0,721.06,277.635,0.0,0.0
2022-04-05 22:00:00,0.0,1442.12,43.964286,0.0,721.06,153.875,0.0,0.0
2022-04-05 23:00:00,0.0,1442.12,34.358571,0.0,721.06,120.255,0.0,0.0
2022-04-06 00:00:00,0.0,1442.12,31.832857,0.0,721.06,111.415,0.0,0.0
2022-04-06 01:00:00,0.0,1442.12,34.452857,0.0,721.06,120.585,0.0,0.0
2022-04-06 02:00:00,0.0,1442.12,34.207143,0.0,721.06,119.725,0.0,0.0
2022-04-06 03:00:00,0.0,1442.12,69.521429,0.0,721.06,243.325,0.0,0.0
2022-04-06 04:00:00,0.0,1442.12,80.701429,0.0,721.06,282.455,0.0,0.0
2022-04-06 05:00:00,0.0,1442.12,129.16606,0.0,721.06,452.0812,0.0,10.2638
2022-04-06 06:00:00,0.0,1442.12,113.82651,0.0,721.06,398.3928,0.0,122.01219999999998
2022-04-06 07:00:00,0.0,1442.12,39.617314,0.0,721.06,138.6606,0.0,278.33439999999996
2022-04-06 08:00:00,0.0,1258.7438,0.0,0.0,629.3719,0.0,0.0,436.8831
2022-04-06 09:00:00,0.0,929.4968,0.0,0.0,464.7484,0.0,0.0,558.7565999999999
2022-04-06 10:00:00,0.0,713.2572,0.0,0.0,356.6286,0.0,0.0,646.5464000000001
2022-04-06 11:00:00,0.0,768.06,0.0,0.0,384.03,0.0,0.0,659.555
2022-04-06 12:00:00,0.0,459.0274,0.0,0.0,229.5137,0.0,0.0,669.2712999999999
2022-04-06 13:00:00,0.0,562.8648,0.0,0.0,281.4324,0.0,0.0,593.9426
2022-04-06 14:00:00,0.0,827.95,0.0,0.0,413.975,0.0,0.0,445.3
2022-04-06 15:00:00,0.0,1243.5958,0.0,0.0,621.7979,0.0,0.0,289.27709999999996
2022-04-06 16:00:00,0.0,1442.12,39.018971,0.0,721.06,136.5664,0.0,83.08859999999999
2022-04-06 17:00:00,0.0,1442.12,63.323571,0.0,721.06,221.6325,0.0,10.4025
2022-04-06 18:00:00,0.0,1442.12,104.70429,0.0,721.06,366.465,0.0,0.0
2022-04-06 19:00:00,0.0,1442.12,76.29,0.0,721.06,267.015,0.0,0.0
2022-04-06 20:00:00,0.0,1442.12,77.498571,0.0,721.06,271.245,0.0,0.0
2022-04-06 21:00:00,0.0,1442.12,88.718571,0.0,721.06,310.515,0.0,0.0
2022-04-06 22:00:00,0.0,1442.12,83.741429,0.0,721.06,293.095,0.0,0.0
2022-04-06 23:00:00,0.0,1442.12,83.287143,0.0,721.06,291.505,0.0,0.0
2022-04-07 00:00:00,0.0,1442.12,82.358571,0.0,721.06,288.255,0.0,0.0
2022-04-07 01:00:00,0.0,1442.12,86.041429,0.0,721.06,301.145,0.0,0.0
2022-04-07 02:00:00,0.0,1442.12,91.021429,0.0,721.06,318.575,0.0,0.0
2022-04-07 03:00:00,0.0,1442.12,92.267143,0.0,721.06,322.935,0.0,0.0
2022-04-07 04:00:00,0.0,1442.12,87.215714,0.0,721.06,305.255,0.0,0.0
2022-04-07 05:00:00,0.0,1442.12,84.875343,0.0,721.06,297.0637,0.0,2.0513
2022-04-07 06:00:00,0.0,1442.12,77.329886,0.0,721.06,270.6546,0.0,27.3604
2022-04-07 07:00:00,0.0,1442.12,55.656943,0.0,721.06,194.7993,0.0,142.4157
2022-04-07 08:00:00,0.0,1442.12,53.067629,0.0,721.06,185.7367,0.0,175.7183
2022-04-07 09:00:00,0.0,1389.382,0.0,0.0,694.691,0.0,0.0,363.394
2022-04-07 10:00:00,0.0,484.6802,0.0,0.0,242.3401,0.0,0.0,703.8149000000001
2022-04-07 11:00:00,0.0,416.595,0.0,0.0,208.2975,0.0,0.0,728.3575
2022-04-07 12:00:00,0.0,174.9904,0.0,0.0,87.4952,0.0,0.0,700.2597999999999
2022-04-07 13:00:00,0.0,283.2454,0.0,0.0,141.6227,0.0,0.0,609.1922999999999
2022-04-07 14:00:00,0.0,633.7778,0.0,0.0,316.8889,0.0,0.0,470.53610000000003
2022-04-07 15:00:00,0.0,876.4944,0.0,0.0,438.2472,0.0,0.0,322.5578
2022-04-07 16:00:00,0.0,1336.29,0.0,0.0,668.145,0.0,0.0,148.19
2022-04-07 17:00:00,0.0,1442.12,41.341143,0.0,721.06,144.694,0.0,13.650999999999998
2022-04-07 18:00:00,0.0,1442.12,101.21286,0.0,721.06,354.245,0.0,0.0
2022-04-07 19:00:00,0.0,1442.12,65.207143,0.0,721.06,228.225,0.0,0.0
2022-04-07 20:00:00,0.0,1442.12,71.124286,0.0,721.06,248.935,0.0,0.0
2022-04-07 21:00:00,0.0,1442.12,55.735714,0.0,721.06,195.075,0.0,0.0
2022-04-07 22:00:00,0.0,1442.12,38.478571,0.0,721.06,134.675,0.0,0.0
2022-04-07 23:00:00,0.0,1442.12,35.824286,0.0,721.06,125.385,0.0,0.0
2022-04-08 00:00:00,0.0,1442.12,31.29,0.0,721.06,109.515,0.0,0.0
2022-04-08 01:00:00,0.0,1442.12,34.824286,0.0,721.06,121.885,0.0,0.0
2022-04-08 02:00:00,0.0,1442.12,39.43,0.0,721.06,138.005,0.0,0.0
2022-04-08 03:00:00,0.0,1442.12,50.452857,0.0,721.06,176.585,0.0,0.0
2022-04-08 04:00:00,0.0,1442.12,55.361429,0.0,721.06,193.765,0.0,0.0
2022-04-08 05:00:00,0.0,1442.12,51.8686,0.0,721.06,181.5401,0.0,19.804899999999996
2022-04-08 06:00:00,0.0,1442.12,5.1199143,0.0,721.06,17.9197,0.0,185.1353
2022-04-08 07:00:00,0.0,1217.08,0.0,0.0,608.54,0.0,0.0,377.045
2022-04-08 08:00:00,0.0,893.3266,0.0,0.0,446.6633,0.0,0.0,538.9517
2022-04-08 09:00:00,0.0,538.5942,0.0,0.0,269.2971,0.0,0.0,675.4179
2022-04-08 10:00:00,0.0,211.9244,0.0,0.0,105.9622,0.0,0.0,760.9227999999999
2022-04-08 11:00:00,0.0,87.1022,0.0,0.0,43.5511,0.0,0.0,777.7639
2022-04-08 12:00:00,0.0,0.0,0.0,0.0,0.0,0.0,0.0,764.2443000000001
2022-04-08 13:00:00,0.0,49.3952,0.0,0.0,24.6976,0.0,0.0,665.3074
2022-04-08 14:00:00,0.0,354.9356,0.0,0.0,177.4678,0.0,0.0,509.2772
2022-04-08 15:00:00,0.0,820.0362,0.0,0.0,410.0181,0.0,0.0,343.4869
2022-04-08 16:00:00,0.0,1304.4138,0.0,0.0,652.2069,0.0,0.0,159.1181
2022-04-08 17:00:00,0.0,1442.12,64.801229,0.0,721.06,226.8043,0.0,14.300699999999999
2022-04-08 18:00:00,0.0,1442.12,124.02429,0.0,721.06,434.085,0.0,0.0
2022-04-08 19:00:00,0.0,1442.12,80.861429,0.0,721.06,283.015,0.0,0.0
2022-04-08 20:00:00,0.0,1442.12,70.998571,0.0,721.06,248.495,0.0,0.0
2022-04-08 21:00:00,0.0,1442.12,71.341429,0.0,721.06,249.695,0.0,0.0
2022-04-08 22:00:00,0.0,1442.12,54.278571,0.0,721.06,189.975,0.0,0.0
2022-04-08 23:00:00,0.0,1442.12,43.39,0.0,721.06,151.865,0.0,0.0
2022-04-09 00:00:00,0.0,1442.12,35.792857,0.0,721.06,125.275,0.0,0.0
2022-04-09 01:00:00,0.0,1442.12,42.241429,0.0,721.06,147.845,0.0,0.0
2022-04-09 02:00:00,0.0,1442.12,49.158571,0.0,721.06,172.055,0.0,0.0
2022-04-09 03:00:00,0.0,1442.12,55.858571,0.0,721.06,195.505,0.0,0.0
2022-04-09 04:00:00,0.0,1442.12,70.038571,0.0,721.06,245.135,0.0,0.0
2022-04-09 05:00:00,0.0,1442.12,129.5442,0.0,721.06,453.4047,0.0,21.2503
2022-04-09 06:00:00,0.0,1442.12,82.392029,0.0,721.06,288.3721,0.0,180.1129
2022-04-09 07:00:00,0.0,1251.9296,0.0,0.0,625.9648,0.0,0.0,345.8302
2022-04-09 08:00:00,0.0,470.1764,0.0,0.0,235.0882,0.0,0.0,532.2868
2022-04-09 09:00:00,0.0,114.5794,0.0,0.0,57.2897,0.0,0.0,658.1752999999999
2022-04-09 10:00:00,0.0,651.5994,0.0,0.0,325.7997,0.0,0.0,346.4653
2022-04-09 11:00:00,0.0,802.7962,0.0,0.0,401.3981,0.0,0.0,330.34689999999995
2022-04-09 12:00:00,0.0,402.9358,0.0,0.0,201.4679,0.0,0.0,444.03709999999995
2022-04-09 13:00:00,0.0,427.8548,0.0,0.0,213.9274,0.0,0.0,452.6876
2022-04-09 14:00:00,0.0,471.776,0.0,0.0,235.888,0.0,0.0,491.217
2022-04-09 15:00:00,0.0,988.5904,0.0,0.0,494.2952,0.0,0.0,322.1198
2022-04-09 16:00:00,0.0,1426.1112,0.0,0.0,713.0556,0.0,0.0,153.1394
2022-04-09 17:00:00,0.0,1442.12,72.318457,0.0,721.06,253.1146,0.0,14.950400000000002
2022-04-09 18:00:00,0.0,1442.12,126.51,0.0,721.06,442.785,0.0,0.0
2022-04-09 19:00:00,0.0,1442.12,92.644286,0.0,721.06,324.255,0.0,0.0
2022-04-09 20:00:00,0.0,1442.12,103.72429,0.0,721.06,363.035,0.0,0.0
2022-04-09 21:00:00,0.0,1442.12,78.715714,0.0,721.06,275.505,0.0,0.0
2022-04-09 22:00:00,0.0,1442.12,63.801429,0.0,721.06,223.305,0.0,0.0
2022-04-09 23:00:00,0.0,1442.12,53.021429,0.0,721.06,185.575,0.0,0.0
2022-04-10 00:00:00,0.0,1442.12,48.355714,0.0,721.06,169.245,0.0,0.0
2022-04-10 01:00:00,0.0,1442.12,49.538571,0.0,721.06,173.385,0.0,0.0
2022-04-10 02:00:00,0.0,1442.12,51.704286,0.0,721.06,180.965,0.0,0.0
2022-04-10 03:00:00,0.0,1442.12,56.03,0.0,721.06,196.105,0.0,0.0
2022-04-10 04:00:00,0.0,1442.12,69.898571,0.0,721.06,244.645,0.0,0.0
2022-04-10 05:00:00,0.0,1442.12,167.41613,0.0,721.06,500.0,24.3134,14.5416
2022-04-10 06:00:00,0.0,1442.12,89.410143,0.0,721.06,312.9355,0.0,177.4995
2022-04-10 07:00:00,0.0,1334.9912,0.0,0.0,667.4956,0.0,0.0,331.9894
2022-04-10 08:00:00,0.0,634.2488,0.0,0.0,317.1244,0.0,0.0,519.9205999999999
2022-04-10 09:00:00,0.0,265.24,0.0,0.0,132.62,0.0,0.0,650.065
2022-04-10 10:00:00,0.0,0.0,0.0,0.0,0.0,0.0,0.0,741.461
2022-04-10 11:00:00,0.0,277.1148,0.0,0.0,138.5574,0.0,0.0,636.6476
2022-04-10 12:00:00,0.0,35.6588,0.0,0.0,17.8294,0.0,0.0,658.2556
2022-04-10 13:00:00,0.0,40.6544,0.0,0.0,20.3272,0.0,0.0,635.7277999999999
2022-04-10 14:00:00,0.0,287.3952,0.0,0.0,143.6976,0.0,0.0,519.3073999999999
2022-04-10 15:00:00,0.0,657.3266,0.0,0.0,328.6633,0.0,0.0,350.6117
2022-04-10 16:00:00,0.0,1263.0536,0.0,0.0,631.5268,0.0,0.0,162.30819999999997
2022-04-10 17:00:00,0.0,1442.12,29.458457,0.0,721.06,103.1046,0.0,14.950400000000002
2022-04-10 18:00:00,0.0,1442.12,108.21286,0.0,721.06,378.745,0.0,0.0
2022-04-10 19:00:00,0.0,1442.12,84.164286,0.0,721.06,294.575,0.0,0.0
2022-04-10 20:00:00,0.0,1442.12,96.778571,0.0,721.06,338.725,0.0,0.0
2022-04-10 21:00:00,0.0,1442.12,83.038571,0.0,721.06,290.635,0.0,0.0
2022-04-10 22:00:00,0.0,1442.12,71.632857,0.0,721.06,250.715,0.0,0.0
2022-04-10 23:00:00,0.0,1442.12,67.192857,0.0,721.06,235.175,0.0,0.0
2022-04-11 00:00:00,0.0,1442.12,67.967143,0.0,721.06,237.885,0.0,0.0
2022-04-11 01:00:00,0.0,1442.12,66.704286,0.0,721.06,233.465,0.0,0.0
2022-04-11 02:00:00,0.0,1442.12,77.432857,0.0,721.06,271.015,0.0,0.0
2022-04-11 03:00:00,0.0,1442.12,85.161429,0.0,721.06,298.065,0.0,0.0
2022-04-11 04:00:00,0.0,1442.12,102.87571,0.0,721.06,360.065,0.0,0.0
2022-04-11 05:00:00,0.0,1442.12,237.68482,0.0,721.06,500.0,93.8794,23.8856
2022-04-11 06:00:00,0.0,1442.12,113.9954,0.0,721.06,398.9839,0.0,189.1211
2022-04-11 07:00:00,0.0,1290.1448,0.0,0.0,645.0724,0.0,0.0,378.5926
2022-04-11 08:00:00,0.0,642.0658,0.0,0.0,321.0329,0.0,0.0,555.3620999999999
2022-04-11 09:00:00,0.0,82.8934,0.0,0.0,41.4467,0.0,0.0,696.9382999999999
2022-04-11 10:00:00,0.0,0.0,0.0,0.0,0.0,0.0,0.0,778.5815
2022-04-11 11:00:00,0.0,0.0,0.0,0.0,0.0,0.0,0.0,795.4956
2022-04-11 12:00:00,0.0,0.0,0.0,0.0,0.0,0.0,0.0,758.8860999999998
2022-04-11 13:00:00,0.0,0.0,0.0,0.0,0.0,0.0,0.0,656.7664
2022-04-11 14:00:00,0.0,254.9748,0.0,0.0,127.4874,0.0,0.0,514.7375999999999
2022-04-11 15:00:00,0.0,621.9218,0.0,0.0,310.9609,0.0,0.0,332.2741
2022-04-11 16:00:00,0.0,1217.3592,0.0,0.0,608.6796,0.0,0.0,155.4754
2022-04-11 17:00:00,0.0,1442.12,38.747114,0.0,721.06,135.6149,0.0,15.600100000000003
2022-04-11 18:00:00,0.0,1442.12,100.29571,0.0,721.06,351.035,0.0,0.0
2022-04-11 19:00:00,0.0,1442.12,86.467143,0.0,721.06,302.635,0.0,0.0
2022-04-11 20:00:00,0.0,1442.12,74.478571,0.0,721.06,260.675,0.0,0.0
2022-04-11 21:00:00,0.0,1442.12,76.71,0.0,721.06,268.485,0.0,0.0
2022-04-11 22:00:00,0.0,1442.12,62.672857,0.0,721.06,219.355,0.0,0.0
2022-04-11 23:00:00,0.0,1442.12,56.592857,0.0,721.06,198.075,0.0,0.0
2022-04-12 00:00:00,0.0,1442.12,57.575714,0.0,721.06,201.515,0.0,0.0
2022-04-12 01:00:00,0.0,1442.12,59.238571,0.0,721.06,207.335,0.0,0.0
2022-04-12 02:00:00,0.0,1442.12,64.964286,0.0,721.06,227.375,0.0,0.0
2022-04-12 03:00:00,0.0,1442.12,71.138571,0.0,721.06,248.985,0.0,0.0
2022-04-12 04:00:00,0.0,1442.12,90.824286,0.0,721.06,317.885,0.0,0.0
2022-04-12 05:00:00,0.0,1442.12,139.7504,0.0,721.06,489.1264,0.0,29.0686
2022-04-12 06:00:00,0.0,1442.12,91.6128,0.0,721.06,320.6448,0.0,184.50019999999998
2022-04-12 07:00:00,0.0,1227.7138,0.0,0.0,613.8569,0.0,0.0,378.8481
2022-04-12 08:00:00,0.0,614.8858,0.0,0.0,307.4429,0.0,0.0,529.8121
2022-04-12 09:00:00,0.0,235.1406,0.0,0.0,117.5703,0.0,0.0,635.3847
2022-04-12 10:00:00,0.0,0.0,0.0,0.0,0.0,0.0,0.0,693.9161
2022-04-12 11:00:00,0.0,36.381,0.0,0.0,18.1905,0.0,0.0,696.1645
2022-04-12 12:00:00,0.0,0.0,0.0,0.0,0.0,0.0,0.0,712.2317999999999
2022-04-12 13:00:00,0.0,0.0,0.0,0.0,0.0,0.0,0.0,626.6392999999999
2022-04-12 14:00:00,0.0,187.8726,0.0,0.0,93.9363,0.0,0.0,509.6787
2022-04-12 15:00:00,0.0,696.2772,0.0,0.0,348.1386,0.0,0.0,299.0664
2022-04-12 16:00:00,0.0,1127.69,0.0,0.0,563.845,0.0,0.0,140.89
2022-04-12 17:00:00,0.0,1442.12,29.315771,0.0,721.06,102.6052,0.0,16.2498
2022-04-12 18:00:00,0.0,1442.12,78.307143,0.0,721.06,274.075,0.0,0.0
2022-04-12 19:00:00,0.0,1442.12,49.31,0.0,721.06,172.585,0.0,0.0
2022-04-12 20:00:00,0.0,1442.12,63.79,0.0,721.06,223.265,0.0,0.0
2022-04-12 21:00:00,0.0,1442.12,53.181429,0.0,721.06,186.135,0.0,0.0
2022-04-12 22:00:00,0.0,1442.12,38.147143,0.0,721.06,133.515,0.0,0.0
2022-04-12 23:00:00,0.0,1442.12,32.975714,0.0,721.06,115.415,0.0,0.0
2022-04-13 00:00:00,0.0,1442.12,40.981429,0.0,721.06,143.435,0.0,0.0
2022-04-13 01:00:00,0.0,1442.12,48.621429,0.0,721.06,170.175,0.0,0.0
2022-04-13 02:00:00,0.0,1442.12,49.287143,0.0,721.06,172.505,0.0,0.0
2022-04-13 03:00:00,0.0,1442.12,60.418571,0.0,721.06,211.465,0.0,0.0
2022-04-13 04:00:00,0.0,1442.12,79.358571,0.0,721.06,277.755,0.0,0.0
2022-04-13 05:00:00,0.0,1442.12,130.13731,0.0,721.06,455.4806,0.0,31.594399999999997
2022-04-13 06:00:00,0.0,1442.12,75.697343,0.0,721.06,264.9407,0.0,192.65429999999998
2022-04-13 07:00:00,0.0,1072.452,0.0,0.0,536.226,0.0,0.0,379.81899999999996
2022-04-13 08:00:00,0.0,509.5118,0.0,0.0,254.7559,0.0,0.0,520.2491
2022-04-13 09:00:00,0.0,869.7814,0.0,0.0,434.8907,0.0,0.0,272.9543
2022-04-13 10:00:00,0.0,0.0,0.0,0.0,0.0,0.0,0.0,785.9764
2022-04-13 11:00:00,0.0,0.0,0.0,0.0,0.0,0.0,0.0,802.0875
2022-04-13 12:00:00,0.0,0.0,0.0,0.0,0.0,0.0,0.0,756.5500999999998
2022-04-13 13:00:00,0.0,67.8614,0.0,0.0,33.9307,0.0,0.0,534.2942999999999
2022-04-13 14:00:00,0.0,691.8724,0.0,0.0,345.9362,0.0,0.0,228.8988
2022-04-13 15:00:00,0.0,671.8596,0.0,0.0,335.9298,0.0,0.0,279.03520000000003
2022-04-13 16:00:00,0.0,1048.9312,0.0,0.0,524.4656,0.0,0.0,152.4094
2022-04-13 17:00:00,0.0,1442.12,0.8104,0.0,721.06,2.8364,0.0,18.848599999999998
2022-04-13 18:00:00,0.0,1442.12,68.858571,0.0,721.06,241.005,0.0,0.0
2022-04-13 19:00:00,0.0,1442.12,44.078571,0.0,721.06,154.275,0.0,0.0
2022-04-13 20:00:00,0.0,1442.12,48.47,0.0,721.06,169.645,0.0,0.0
2022-04-13 21:00:00,0.0,1442.12,43.852857,0.0,721.06,153.485,0.0,0.0
2022-04-13 22:00:00,0.0,1442.12,33.73,0.0,721.06,118.055,0.0,0.0
2022-04-13 23:00:00,0.0,1442.12,39.441429,0.0,721.06,138.045,0.0,0.0
2022-04-14 00:00:00,0.0,1442.12,33.39,0.0,721.06,116.865,0.0,0.0
2022-04-14 01:00:00,0.0,1442.12,43.152857,0.0,721.06,151.035,0.0,0.0
2022-04-14 02:00:00,0.0,1442.12,38.955714,0.0,721.06,136.345,0.0,0.0
2022-04-14 03:00:00,0.0,1442.12,45.881429,0.0,721.06,160.585,0.0,0.0
2022-04-14 04:00:00,0.0,1442.12,51.107143,0.0,721.06,178.875,0.0,0.0
2022-04-14 05:00:00,0.0,1442.12,49.040057,0.0,721.06,171.6402,0.0,21.7248
2022-04-14 06:00:00,0.0,1442.12,11.672829,0.0,721.06,40.8549,0.0,101.01009999999998
2022-04-14 07:00:00,0.0,1231.1196,0.0,0.0,615.5598,0.0,0.0,278.3052
2022-04-14 08:00:00,0.0,798.4072,0.0,0.0,399.2036,0.0,0.0,463.68139999999994
2022-04-14 09:00:00,0.0,622.0542,0.0,0.0,311.0271,0.0,0.0,532.3379
2022-04-14 10:00:00,0.0,402.7958,0.0,0.0,201.3979,0.0,0.0,547.6971
2022-04-14 11:00:00,0.0,324.5268,0.0,0.0,162.2634,0.0,0.0,617.5215999999999
2022-04-14 12:00:00,0.0,264.2666,0.0,0.0,132.1333,0.0,0.0,464.4917000000001
2022-04-14 13:00:00,0.0,598.2152,0.0,0.0,299.1076,0.0,0.0,260.8874
2022-04-14 14:00:00,0.0,733.6248,0.0,0.0,366.8124,0.0,0.0,172.0026
2022-04-14 15:00:00,0.0,1187.0108,0.0,0.0,593.5054,0.0,0.0,59.509600000000006
2022-04-14 16:00:00,0.0,1298.5494,0.0,0.0,649.2747,0.0,0.0,20.5203
2022-04-14 17:00:00,0.0,1442.12,6.5838286,0.0,721.06,23.0434,0.0,12.351600000000001
2022-04-14 18:00:00,0.0,1442.12,64.101429,0.0,721.06,224.355,0.0,0.0
2022-04-14 19:00:00,0.0,1442.12,11.135714,0.0,721.06,38.975,0.0,0.0
2022-04-14 20:00:00,0.0,1442.12,21.532857,0.0,721.06,75.365,0.0,0.0
2022-04-14 21:00:00,0.0,1442.12,9.17,0.0,721.06,32.095,0.0,0.0
2022-04-14 22:00:00,0.0,1442.12,15.235714,0.0,721.06,53.325,0.0,0.0
2022-04-14 23:00:00,0.0,1442.12,12.212857,0.0,721.06,42.745,0.0,0.0
2022-04-15 00:00:00,0.0,1442.12,5.5957143,0.0,721.06,19.585,0.0,0.0
2022-04-15 01:00:00,0.0,1442.12,8.1528571,0.0,721.06,28.535,0.0,0.0
2022-04-15 02:00:00,0.0,1442.12,9.4614286,0.0,721.06,33.115,0.0,0.0
2022-04-15 03:00:00,0.0,1442.12,20.652857,0.0,721.06,72.285,0.0,0.0
2022-04-15 04:00:00,0.0,1442.12,20.49,0.0,721.06,71.715,0.0,0.0
2022-04-15 05:00:00,0.0,1442.12,16.617514,0.0,721.06,58.1613,0.0,22.4037
2022-04-15 06:00:00,0.0,1442.12,12.063743,0.0,721.06,42.2231,0.0,43.0919
2022-04-15 07:00:00,0.0,1442.12,19.166457,0.0,721.06,67.0826,0.0,112.33239999999999
2022-04-15 08:00:00,0.0,1442.12,13.197,0.0,721.06,46.1895,0.0,115.5955
2022-04-15 09:00:00,0.0,1175.9842,0.0,0.0,587.9921,0.0,0.0,277.93289999999996
2022-04-15 10:00:00,0.0,842.7154,0.0,0.0,421.3577,0.0,0.0,354.0573
2022-04-15 11:00:00,0.0,1038.3902,0.0,0.0,519.1951,0.0,0.0,220.91989999999998
2022-04-15 12:00:00,0.0,741.0614,0.0,0.0,370.5307,0.0,0.0,310.91429999999997
2022-04-15 13:00:00,0.0,780.6098,0.0,0.0,390.3049,0.0,0.0,252.8501
2022-04-15 14:00:00,0.0,1124.5466,0.0,0.0,562.2733,0.0,0.0,140.37169999999998
2022-04-15 15:00:00,0.0,1082.915,0.0,0.0,541.4575,0.0,0.0,134.1375
2022-04-15 16:00:00,0.0,1402.2258,0.0,0.0,701.1129,0.0,0.0,56.77210000000001
2022-04-15 17:00:00,0.0,1442.12,28.241314,0.0,721.06,98.8446,0.0,14.950400000000002
2022-04-15 18:00:00,0.0,1442.12,100.36714,0.0,721.06,351.285,0.0,0.0
2022-04-15 19:00:00,0.0,1442.12,45.43,0.0,721.06,159.005,0.0,0.0
2022-04-15 20:00:00,0.0,1442.12,32.655714,0.0,721.06,114.295,0.0,0.0
2022-04-15 21:00:00,0.0,1442.12,22.812857,0.0,721.06,79.845,0.0,0.0
2022-04-15 22:00:00,0.0,1442.12,12.178571,0.0,721.06,42.625,0.0,0.0
2022-04-15 23:00:00,0.0,1442.12,3.1214286,0.0,721.06,10.925,0.0,0.0
2022-04-16 00:00:00,0.0,1442.12,1.3414286,0.0,721.06,4.695,0.0,0.0
2022-04-16 01:00:00,0.0,1442.12,1.2214286,0.0,721.06,4.275,0.0,0.0
2022-04-16 02:00:00,0.0,1442.12,1.5928571,0.0,721.06,5.575,0.0,0.0
2022-04-16 03:00:00,0.0,1442.12,1.9614286,0.0,721.06,6.865,0.0,0.0
2022-04-16 04:00:00,0.0,1442.12,15.858571,0.0,721.06,55.505,0.0,0.0
2022-04-16 05:00:00,0.0,1442.12,81.207829,0.0,721.06,284.2274,0.0,9.5776
2022-04-16 06:00:00,0.0,1442.12,84.538114,0.0,721.06,295.8834,0.0,22.5716
2022-04-16 07:00:00,0.0,1442.12,22.126943,0.0,721.06,77.4443,0.0,47.8807
2022-04-16 08:00:00,0.0,1057.8394,0.0,0.0,528.9197,0.0,0.0,201.19529999999997
2022-04-16 09:00:00,0.0,747.7136,0.0,0.0,373.8568,0.0,0.0,343.3482
2022-04-16 10:00:00,0.0,934.9322,0.0,0.0,467.4661,0.0,0.0,185.3689
2022-04-16 11:00:00,0.0,1034.4926,0.0,0.0,517.2463,0.0,0.0,171.68869999999998
2022-04-16 12:00:00,0.0,0.0,0.0,0.0,0.0,0.0,0.0,622.3615
2022-04-16 13:00:00,0.0,0.0,0.0,0.0,0.0,0.0,0.0,607.8564
2022-04-16 14:00:00,0.0,68.1198,0.0,0.0,34.0599,0.0,0.0,470.75509999999997
2022-04-16 15:00:00,0.0,456.8978,0.0,0.0,228.4489,0.0,0.0,298.98609999999996
2022-04-16 16:00:00,0.0,977.0146,0.0,0.0,488.5073,0.0,0.0,147.81769999999997
2022-04-16 17:00:00,0.0,1321.3874,0.0,0.0,660.6937,0.0,0.0,13.001299999999997
2022-04-16 18:00:00,0.0,1442.12,39.415714,0.0,721.06,137.955,0.0,0.0
2022-04-16 19:00:00,0.0,1442.12,30.944286,0.0,721.06,108.305,0.0,0.0
2022-04-16 20:00:00,0.0,1442.12,49.827143,0.0,721.06,174.395,0.0,0.0
2022-04-16 21:00:00,0.0,1442.12,38.607143,0.0,721.06,135.125,0.0,0.0
2022-04-16 22:00:00,0.0,1442.12,24.041429,0.0,721.06,84.145,0.0,0.0
2022-04-16 23:00:00,0.0,1442.12,18.13,0.0,721.06,63.455,0.0,0.0
2022-04-17 00:00:00,0.0,1442.12,15.595714,0.0,721.06,54.585,0.0,0.0
2022-04-17 01:00:00,0.0,1442.12,15.612857,0.0,721.06,54.645,0.0,0.0
2022-04-17 02:00:00,0.0,1442.12,19.404286,0.0,721.06,67.915,0.0,0.0
2022-04-17 03:00:00,0.0,1442.12,26.232857,0.0,721.06,91.815,0.0,0.0
2022-04-17 04:00:00,0.0,1442.12,27.315714,0.0,721.06,95.605,0.0,0.0
2022-04-17 05:00:00,0.0,1442.12,88.391771,0.0,721.06,309.3712,0.0,37.273799999999994
2022-04-17 06:00:00,0.0,1442.12,40.1078,0.0,721.06,140.3773,0.0,182.12769999999998
2022-04-17 07:00:00,0.0,1383.5176,0.0,0.0,691.7588,0.0,0.0,76.6062
2022-04-17 08:00:00,0.0,604.4306,0.0,0.0,302.2153,0.0,0.0,359.0797
2022-04-17 09:00:00,0.0,516.1608,0.0,0.0,258.0804,0.0,0.0,394.21459999999996
2022-04-17 10:00:00,0.0,1011.0876,0.0,0.0,505.5438,0.0,0.0,82.0812
2022-04-17 11:00:00,0.0,1160.9356,0.0,0.0,580.4678,0.0,0.0,69.0872
2022-04-17 12:00:00,0.0,673.5528,0.0,0.0,336.7764,0.0,0.0,164.8486
2022-04-17 13:00:00,0.0,687.8976,0.0,0.0,343.9488,0.0,0.0,163.47619999999998
2022-04-17 14:00:00,0.0,789.385,0.0,0.0,394.6925,0.0,0.0,84.1325
2022-04-17 15:00:00,0.0,814.2876,0.0,0.0,407.1438,0.0,0.0,82.0812
2022-04-17 16:00:00,0.0,953.3784,0.0,0.0,476.6892,0.0,0.0,58.7358
2022-04-17 17:00:00,0.0,1355.8554,0.0,0.0,677.9277,0.0,0.0,5.847300000000001
2022-04-17 18:00:00,0.0,1442.12,28.701429,0.0,721.06,100.455,0.0,0.0
2022-04-17 19:00:00,0.0,1442.12,18.927143,0.0,721.06,66.245,0.0,0.0
2022-04-17 20:00:00,0.0,1442.12,16.552857,0.0,721.06,57.935,0.0,0.0
2022-04-17 21:00:00,0.0,1442.12,1.01,0.0,721.06,3.535,0.0,0.0
2022-04-17 22:00:00,0.0,1323.35,0.0,0.0,661.675,0.0,0.0,0.0
2022-04-17 23:00:00,0.0,1293.55,0.0,0.0,646.775,0.0,0.0,0.0
2022-04-18 00:00:00,0.0,1285.55,0.0,0.0,642.775,0.0,0.0,0.0
2022-04-18 01:00:00,0.0,1322.17,0.0,0.0,661.085,0.0,0.0,0.0
2022-04-18 02:00:00,0.0,1370.55,0.0,0.0,685.275,0.0,0.0,0.0
2022-04-18 03:00:00,0.0,1401.89,0.0,0.0,700.945,0.0,0.0,0.0
2022-04-18 04:00:00,0.0,1442.12,12.481429,0.0,721.06,43.685,0.0,0.0
2022-04-18 05:00:00,0.0,1442.12,75.605657,0.0,721.06,264.6198,0.0,19.1552
2022-04-18 06:00:00,0.0,1442.12,35.977,0.0,721.06,125.9195,0.0,126.5455
2022-04-18 07:00:00,0.0,1130.234,0.0,0.0,565.117,0.0,0.0,239.878
2022-04-18 08:00:00,0.0,296.4066,0.0,0.0,148.2033,0.0,0.0,510.4817
2022-04-18 09:00:00,0.0,27.7156,0.0,0.0,13.8578,0.0,0.0,628.2672
2022-04-18 10:00:00,0.0,0.0,0.0,0.0,0.0,0.0,0.0,716.9914
2022-04-18 11:00:00,0.0,0.0,0.0,0.0,0.0,0.0,0.0,690.3464
2022-04-18 12:00:00,0.0,0.0,0.0,0.0,0.0,0.0,0.0,614.879
2022-04-18 13:00:00,0.0,0.0,0.0,0.0,0.0,0.0,0.0,591.1467
2022-04-18 14:00:00,0.0,99.2356,0.0,0.0,49.6178,0.0,0.0,488.10720000000003
2022-04-18 15:00:00,0.0,392.2266,0.0,0.0,196.1133,0.0,0.0,328.7117
2022-04-18 16:00:00,0.0,867.3332,0.0,0.0,433.6666,0.0,0.0,160.6584
2022-04-18 17:00:00,0.0,1129.9552,0.0,0.0,564.9776,0.0,0.0,21.4474
2022-04-18 18:00:00,0.0,1442.12,21.081429,0.0,721.06,73.785,0.0,0.0
2022-04-18 19:00:00,0.0,1442.12,0.63857143,0.0,721.06,2.235,0.0,0.0
2022-04-18 20:00:00,0.0,1442.12,25.535714,0.0,721.06,89.375,0.0,0.0
2022-04-18 21:00:00,0.0,1405.05,0.0,0.0,702.525,0.0,0.0,0.0
2022-04-18 22:00:00,0.0,1315.91,0.0,0.0,657.955,0.0,0.0,0.0
2022-04-18 23:00:00,0.0,1295.87,0.0,0.0,647.935,0.0,0.0,0.0
2022-04-19 00:00:00,0.0,1312.97,0.0,0.0,656.485,0.0,0.0,0.0
2022-04-19 01:00:00,0.0,1358.85,0.0,0.0,679.425,0.0,0.0,0.0
2022-04-19 02:00:00,0.0,1403.97,0.0,0.0,701.985,0.0,0.0,0.0
2022-04-19 03:00:00,0.0,1399.91,0.0,0.0,699.955,0.0,0.0,0.0
2022-04-19 04:00:00,0.0,1442.12,18.321429,0.0,721.06,64.125,0.0,0.0
2022-04-19 05:00:00,0.0,1442.12,61.752286,0.0,721.06,216.133,0.0,40.442
2022-04-19 06:00:00,0.0,1442.12,16.770457,0.0,721.06,58.6966,0.0,203.7284
2022-04-19 07:00:00,0.0,824.0512,0.0,0.0,412.0256,0.0,0.0,386.7394
2022-04-19 08:00:00,0.0,0.0,0.0,0.0,0.0,0.0,0.0,567.3049
2022-04-19 09:00:00,0.0,0.0,0.0,0.0,0.0,0.0,0.0,691.2151
2022-04-19 10:00:00,0.0,0.0,0.0,0.0,0.0,0.0,0.0,781.0416
2022-04-19 11:00:00,0.0,0.0,0.0,0.0,0.0,0.0,0.0,791.174
2022-04-19 12:00:00,0.0,0.0,0.0,0.0,0.0,0.0,0.0,765.7991999999999
2022-04-19 13:00:00,0.0,0.0,0.0,0.0,0.0,0.0,0.0,661.9494
2022-04-19 14:00:00,0.0,0.0,0.0,0.0,0.0,0.0,0.0,518.154
2022-04-19 15:00:00,0.0,263.3536,0.0,0.0,131.6768,0.0,0.0,343.3482
2022-04-19 16:00:00,0.0,760.6888,0.0,0.0,380.3444,0.0,0.0,163.6806
2022-04-19 17:00:00,0.0,1193.1552,0.0,0.0,596.5776,0.0,0.0,21.4474
2022-04-19 18:00:00,0.0,1442.12,20.13,0.0,721.06,70.455,0.0,0.0
2022-04-19 19:00:00,0.0,1435.79,0.0,0.0,717.895,0.0,0.0,0.0
2022-04-19 20:00:00,0.0,1442.12,39.461429,0.0,721.06,138.115,0.0,0.0
2022-04-19 21:00:00,0.0,1442.12,6.67,0.0,721.06,23.345,0.0,0.0
2022-04-19 22:00:00,0.0,1297.21,0.0,0.0,648.605,0.0,0.0,0.0
2022-04-19 23:00:00,0.0,1232.57,0.0,0.0,616.285,0.0,0.0,0.0
2022-04-20 00:00:00,0.0,1258.29,0.0,0.0,629.145,0.0,0.0,0.0
2022-04-20 01:00:00,0.0,1188.25,0.0,0.0,594.125,0.0,0.0,0.0
2022-04-20 02:00:00,0.0,1279.27,0.0,0.0,639.635,0.0,0.0,0.0
2022-04-20 03:00:00,0.0,1281.97,0.0,0.0,640.985,0.0,0.0,0.0
2022-04-20 04:00:00,0.0,1416.83,0.0,0.0,708.415,0.0,0.0,0.0
2022-04-20 05:00:00,0.0,1442.12,35.168914,0.0,721.06,123.0912,0.0,40.92379999999999
2022-04-20 06:00:00,0.0,1391.9532,0.0,0.0,695.9766,0.0,0.0,189.12839999999997
2022-04-20 07:00:00,0.0,718.0928,0.0,0.0,359.0464,0.0,0.0,344.42859999999996
2022-04-20 08:00:00,0.0,47.4094,0.0,0.0,23.7047,0.0,0.0,516.1903
2022-04-20 09:00:00,0.0,0.0,0.0,0.0,0.0,0.0,0.0,639.5603
2022-04-20 10:00:00,0.0,0.0,0.0,0.0,0.0,0.0,0.0,682.915
2022-04-20 11:00:00,0.0,0.0,0.0,0.0,0.0,0.0,0.0,654.007
2022-04-20 12:00:00,0.0,0.0,0.0,0.0,0.0,0.0,0.0,519.4023
2022-04-20 13:00:00,0.0,0.0,0.0,0.0,0.0,0.0,0.0,500.89680000000004
2022-04-20 14:00:00,0.0,767.9204,0.0,0.0,383.9602,0.0,0.0,78.6648
2022-04-20 15:00:00,0.0,813.2308,0.0,0.0,406.6154,0.0,0.0,59.509600000000006
2022-04-20 16:00:00,0.0,927.0696,0.0,0.0,463.5348,0.0,0.0,120.99020000000002
2022-04-20 17:00:00,0.0,1118.051,0.0,0.0,559.0255,0.0,0.0,16.8995
2022-04-20 18:00:00,0.0,1397.49,0.0,0.0,698.745,0.0,0.0,0.0
2022-04-20 19:00:00,0.0,1182.69,0.0,0.0,591.345,0.0,0.0,0.0
2022-04-20 20:00:00,0.0,1142.47,0.0,0.0,571.235,0.0,0.0,0.0
2022-04-20 21:00:00,0.0,1115.17,0.0,0.0,557.585,0.0,0.0,0.0
2022-04-20 22:00:00,0.0,1050.07,0.0,0.0,525.035,0.0,0.0,0.0
2022-04-20 23:00:00,0.0,955.41,0.0,0.0,477.705,0.0,0.0,0.0
2022-04-21 00:00:00,0.0,930.85,0.0,0.0,465.425,0.0,0.0,0.0
2022-04-21 01:00:00,0.0,1044.99,0.0,0.0,522.495,0.0,0.0,0.0
2022-04-21 02:00:00,0.0,1065.25,0.0,0.0,532.625,0.0,0.0,0.0
2022-04-21 03:00:00,0.0,1294.03,0.0,0.0,647.015,0.0,0.0,0.0
2022-04-21 04:00:00,0.0,1264.69,0.0,0.0,632.345,0.0,0.0,0.0
2022-04-21 05:00:00,0.0,1240.4792,0.0,0.0,620.2396,0.0,0.0,21.885399999999997
2022-04-21 06:00:00,0.0,1202.8788,0.0,0.0,601.4394,0.0,0.0,46.5156
2022-04-21 07:00:00,0.0,1351.215,0.0,0.0,675.6075,0.0,0.0,89.6075
2022-04-21 08:00:00,0.0,881.026,0.0,0.0,440.513,0.0,0.0,255.792
2022-04-21 09:00:00,0.0,1028.705,0.0,0.0,514.3525,0.0,0.0,184.8725
2022-04-21 10:00:00,0.0,745.0622,0.0,0.0,372.5311,0.0,0.0,303.99389999999994
2022-04-21 11:00:00,0.0,715.0138,0.0,0.0,357.5069,0.0,0.0,386.1481
2022-04-21 12:00:00,0.0,486.843,0.0,0.0,243.4215,0.0,0.0,334.3035
2022-04-21 13:00:00,0.0,616.9716,0.0,0.0,308.4858,0.0,0.0,216.8392
2022-04-21 14:00:00,0.0,467.0228,0.0,0.0,233.5114,0.0,0.0,282.0136
2022-04-21 15:00:00,0.0,989.1412,0.0,0.0,494.5706,0.0,0.0,40.3544
2022-04-21 16:00:00,0.0,1022.4166,0.0,0.0,511.2083,0.0,0.0,34.8867
2022-04-21 17:00:00,0.0,1179.0976,0.0,0.0,589.5488,0.0,0.0,24.046200000000002
2022-04-21 18:00:00,0.0,1442.12,5.4957143,0.0,721.06,19.235,0.0,0.0
2022-04-21 19:00:00,0.0,1307.71,0.0,0.0,653.855,0.0,0.0,0.0
2022-04-21 20:00:00,0.0,1257.29,0.0,0.0,628.645,0.0,0.0,0.0
2022-04-21 21:00:00,0.0,1309.17,0.0,0.0,654.585,0.0,0.0,0.0
2022-04-21 22:00:00,0.0,1248.97,0.0,0.0,624.485,0.0,0.0,0.0
2022-04-21 23:00:00,0.0,1196.97,0.0,0.0,598.485,0.0,0.0,0.0
2022-04-22 00:00:00,0.0,1198.93,0.0,0.0,599.465,0.0,0.0,0.0
2022-04-22 01:00:00,0.0,1199.53,0.0,0.0,599.765,0.0,0.0,0.0
2022-04-22 02:00:00,0.0,1247.33,0.0,0.0,623.665,0.0,0.0,0.0
2022-04-22 03:00:00,0.0,1288.25,0.0,0.0,644.125,0.0,0.0,0.0
2022-04-22 04:00:00,0.0,1320.83,0.0,0.0,660.415,0.0,0.0,0.0
2022-04-22 05:00:00,0.0,1301.511,0.0,0.0,650.7555,0.0,0.0,43.9095
2022-04-22 06:00:00,0.0,986.5022,0.0,0.0,493.2511,0.0,0.0,187.19389999999999
2022-04-22 07:00:00,0.0,872.8744,0.0,0.0,436.4372,0.0,0.0,340.07779999999997
2022-04-22 08:00:00,0.0,794.7042,0.0,0.0,397.3521,0.0,0.0,393.2729
2022-04-22 09:00:00,0.0,1406.4334,0.0,0.0,703.2167,0.0,0.0,144.32829999999998
2022-04-22 10:00:00,0.0,1042.8776,0.0,0.0,521.4388,0.0,0.0,240.12619999999995
2022-04-22 11:00:00,0.0,1352.0818,0.0,0.0,676.0409,0.0,0.0,117.65409999999999
2022-04-22 12:00:00,0.0,769.001,0.0,0.0,384.5005,0.0,0.0,297.5845
2022-04-22 13:00:00,0.0,389.1536,0.0,0.0,194.5768,0.0,0.0,383.4982
2022-04-22 14:00:00,0.0,914.2162,0.0,0.0,457.1081,0.0,0.0,135.43689999999998
2022-04-22 15:00:00,0.0,973.7612,0.0,0.0,486.8806,0.0,0.0,209.7144
2022-04-22 16:00:00,0.0,1191.902,0.0,0.0,595.951,0.0,0.0,103.514
2022-04-22 17:00:00,0.0,1442.12,34.0626,0.0,721.06,119.2191,0.0,24.695899999999998
2022-04-22 18:00:00,0.0,1442.12,74.644286,0.0,721.06,261.255,0.0,0.0
2022-04-22 19:00:00,0.0,1442.12,42.141429,0.0,721.06,147.495,0.0,0.0
2022-04-22 20:00:00,0.0,1442.12,26.25,0.0,721.06,91.875,0.0,0.0
2022-04-22 21:00:00,0.0,1442.12,21.564286,0.0,721.06,75.475,0.0,0.0
2022-04-22 22:00:00,0.0,1442.12,4.2014286,0.0,721.06,14.705,0.0,0.0
2022-04-22 23:00:00,0.0,1417.53,0.0,0.0,708.765,0.0,0.0,0.0
2022-04-23 00:00:00,0.0,1406.07,0.0,0.0,703.035,0.0,0.0,0.0
2022-04-23 01:00:00,0.0,1425.15,0.0,0.0,712.575,0.0,0.0,0.0
2022-04-23 02:00:00,0.0,1442.12,1.25,0.0,721.06,4.375,0.0,0.0
2022-04-23 03:00:00,0.0,1442.12,2.8985714,0.0,721.06,10.145,0.0,0.0
2022-04-23 04:00:00,0.0,1442.12,18.564286,0.0,721.06,64.975,0.0,0.0
2022-04-23 05:00:00,0.0,1442.12,66.283629,0.0,721.06,231.9927,0.0,46.3623
2022-04-23 06:00:00,0.0,1442.12,5.7972571,0.0,721.06,20.2904,0.0,206.60459999999998
2022-04-23 07:00:00,0.0,692.8806,0.0,0.0,346.4403,0.0,0.0,384.9947
2022-04-23 08:00:00,0.0,154.4564,0.0,0.0,77.2282,0.0,0.0,566.5967999999999
2022-04-23 09:00:00,0.0,0.0,0.0,0.0,0.0,0.0,0.0,686.054
2022-04-23 10:00:00,0.0,0.0,0.0,0.0,0.0,0.0,0.0,748.9289
2022-04-23 11:00:00,0.0,0.0,0.0,0.0,0.0,0.0,0.0,751.8927
2022-04-23 12:00:00,0.0,0.0,0.0,0.0,0.0,0.0,0.0,715.1445
2022-04-23 13:00:00,0.0,37.6026,0.0,0.0,18.8013,0.0,0.0,621.0037
2022-04-23 14:00:00,0.0,405.6972,0.0,0.0,202.8486,0.0,0.0,463.31640000000004
2022-04-23 15:00:00,0.0,848.5092,0.0,0.0,424.2546,0.0,0.0,295.27039999999994
2022-04-23 16:00:00,0.0,1287.5068,0.0,0.0,643.7534,0.0,0.0,137.1816
2022-04-23 17:00:00,0.0,1442.12,18.035143,0.0,721.06,63.123,0.0,27.301999999999996
2022-04-23 18:00:00,0.0,1442.12,56.621429,0.0,721.06,198.175,0.0,0.0
2022-04-23 19:00:00,0.0,1442.12,38.138571,0.0,721.06,133.485,0.0,0.0
2022-04-23 20:00:00,0.0,1442.12,24.487143,0.0,721.06,85.705,0.0,0.0
2022-04-23 21:00:00,0.0,1442.12,14.598571,0.0,721.06,51.095,0.0,0.0
2022-04-23 22:00:00,0.0,1405.15,0.0,0.0,702.575,0.0,0.0,0.0
2022-04-23 23:00:00,0.0,1364.05,0.0,0.0,682.025,0.0,0.0,0.0
2022-04-24 00:00:00,0.0,1344.71,0.0,0.0,672.355,0.0,0.0,0.0
2022-04-24 01:00:00,0.0,1346.47,0.0,0.0,673.235,0.0,0.0,0.0
2022-04-24 02:00:00,0.0,1289.97,0.0,0.0,644.985,0.0,0.0,0.0
2022-04-24 03:00:00,0.0,1355.65,0.0,0.0,677.825,0.0,0.0,0.0
2022-04-24 04:00:00,0.0,1385.01,0.0,0.0,692.505,0.0,0.0,0.0
2022-04-24 05:00:00,0.0,1442.12,44.557086,0.0,721.06,155.9498,0.0,46.895199999999996
2022-04-24 06:00:00,0.0,1439.6294,0.0,0.0,719.8147,0.0,0.0,168.7103
2022-04-24 07:00:00,0.0,997.3442,0.0,0.0,498.6721,0.0,0.0,269.9029
2022-04-24 08:00:00,0.0,415.9824,0.0,0.0,207.9912,0.0,0.0,459.9438
2022-04-24 09:00:00,0.0,182.568,0.0,0.0,91.284,0.0,0.0,561.881
2022-04-24 10:00:00,0.0,0.0,0.0,0.0,0.0,0.0,0.0,626.6831
2022-04-24 11:00:00,0.0,0.0,0.0,0.0,0.0,0.0,0.0,643.86
2022-04-24 12:00:00,0.0,0.0,0.0,0.0,0.0,0.0,0.0,622.9455
2022-04-24 13:00:00,0.0,0.0,0.0,0.0,0.0,0.0,0.0,565.2609
2022-04-24 14:00:00,0.0,140.9544,0.0,0.0,70.4772,0.0,0.0,435.70779999999996
2022-04-24 15:00:00,0.0,555.2544,0.0,0.0,277.6272,0.0,0.0,288.9778
2022-04-24 16:00:00,0.0,1053.6852,0.0,0.0,526.8426,0.0,0.0,142.9924
2022-04-24 17:00:00,0.0,1412.066,0.0,0.0,706.033,0.0,0.0,27.301999999999996
2022-04-24 18:00:00,0.0,1442.12,49.764286,0.0,721.06,174.175,0.0,0.0
2022-04-24 19:00:00,0.0,1442.12,53.97,0.0,721.06,188.895,0.0,0.0
2022-04-24 20:00:00,0.0,1442.12,23.252857,0.0,721.06,81.385,0.0,0.0
2022-04-24 21:00:00,0.0,1442.12,12.73,0.0,721.06,44.555,0.0,0.0
2022-04-24 22:00:00,0.0,1388.99,0.0,0.0,694.495,0.0,0.0,0.0
2022-04-24 23:00:00,0.0,1305.41,0.0,0.0,652.705,0.0,0.0,0.0
2022-04-25 00:00:00,0.0,1332.13,0.0,0.0,666.065,0.0,0.0,0.0
2022-04-25 01:00:00,0.0,1329.81,0.0,0.0,664.905,0.0,0.0,0.0
2022-04-25 02:00:00,0.0,1331.51,0.0,0.0,665.755,0.0,0.0,0.0
2022-04-25 03:00:00,0.0,1376.03,0.0,0.0,688.015,0.0,0.0,0.0
2022-04-25 04:00:00,0.0,1442.12,9.3614286,0.0,721.06,32.765,0.0,0.0
2022-04-25 05:00:00,0.0,1442.12,59.885657,0.0,721.06,209.5998,0.0,49.0852
2022-04-25 06:00:00,0.0,1442.12,10.691914,0.0,721.06,37.4217,0.0,211.8533
2022-04-25 07:00:00,0.0,888.2474,0.0,0.0,444.1237,0.0,0.0,391.87129999999996
2022-04-25 08:00:00,0.0,228.7098,0.0,0.0,114.3549,0.0,0.0,560.1800999999999
2022-04-25 09:00:00,0.0,0.0,0.0,0.0,0.0,0.0,0.0,690.0763
2022-04-25 10:00:00,0.0,0.0,0.0,0.0,0.0,0.0,0.0,773.2525
2022-04-25 11:00:00,0.0,0.0,0.0,0.0,0.0,0.0,0.0,781.9176
2022-04-25 12:00:00,0.0,0.0,0.0,0.0,0.0,0.0,0.0,730.5329
2022-04-25 13:00:00,0.0,0.0,0.0,0.0,0.0,0.0,0.0,652.4521
2022-04-25 14:00:00,0.0,113.4342,0.0,0.0,56.7171,0.0,0.0,508.97790000000003
2022-04-25 15:00:00,0.0,485.7894,0.0,0.0,242.8947,0.0,0.0,332.96029999999996
2022-04-25 16:00:00,0.0,902.245,0.0,0.0,451.1225,0.0,0.0,157.1325
2022-04-25 17:00:00,0.0,1242.0248,0.0,0.0,621.0124,0.0,0.0,26.002599999999994
2022-04-25 18:00:00,0.0,1442.12,47.264286,0.0,721.06,165.425,0.0,0.0
2022-04-25 19:00:00,0.0,1442.12,22.235714,0.0,721.06,77.825,0.0,0.0
2022-04-25 20:00:00,0.0,1442.12,30.872857,0.0,721.06,108.055,0.0,0.0
2022-04-25 21:00:00,0.0,1442.12,15.341429,0.0,721.06,53.695,0.0,0.0
2022-04-25 22:00:00,0.0,1386.53,0.0,0.0,693.265,0.0,0.0,0.0
2022-04-25 23:00:00,0.0,1346.03,0.0,0.0,673.015,0.0,0.0,0.0
2022-04-26 00:00:00,0.0,1320.25,0.0,0.0,660.125,0.0,0.0,0.0
2022-04-26 01:00:00,0.0,1377.51,0.0,0.0,688.755,0.0,0.0,0.0
2022-04-26 02:00:00,0.0,1413.35,0.0,0.0,706.675,0.0,0.0,0.0
2022-04-26 03:00:00,0.0,1435.71,0.0,0.0,717.855,0.0,0.0,0.0
2022-04-26 04:00:00,0.0,1442.12,17.947143,0.0,721.06,62.815,0.0,0.0
2022-04-26 05:00:00,0.0,1442.12,65.242057,0.0,721.06,228.3472,0.0,49.5378
2022-04-26 06:00:00,0.0,1442.12,32.352514,0.0,721.06,113.2338,0.0,198.88119999999998
2022-04-26 07:00:00,0.0,1056.0498,0.0,0.0,528.0249,0.0,0.0,344.83009999999996
2022-04-26 08:00:00,0.0,378.2398,0.0,0.0,189.1199,0.0,0.0,523.3151
2022-04-26 09:00:00,0.0,82.0794,0.0,0.0,41.0397,0.0,0.0,628.2452999999999
2022-04-26 10:00:00,0.0,0.0,0.0,0.0,0.0,0.0,0.0,695.8214
2022-04-26 11:00:00,0.0,0.0,0.0,0.0,0.0,0.0,0.0,710.1148
2022-04-26 12:00:00,0.0,0.0,0.0,0.0,0.0,0.0,0.0,718.9843
2022-04-26 13:00:00,0.0,0.0,0.0,0.0,0.0,0.0,0.0,649.3204000000001
2022-04-26 14:00:00,0.0,155.95,0.0,0.0,77.975,0.0,0.0,500.78
2022-04-26 15:00:00,0.0,527.5556,0.0,0.0,263.7778,0.0,0.0,331.1572
2022-04-26 16:00:00,0.0,1127.6346,0.0,0.0,563.8173,0.0,0.0,156.5777
2022-04-26 17:00:00,0.0,1442.12,9.1265714,0.0,721.06,31.943,0.0,27.301999999999996
2022-04-26 18:00:00,0.0,1442.12,80.347143,0.0,721.06,281.215,0.0,0.0
2022-04-26 19:00:00,0.0,1442.12,22.501429,0.0,721.06,78.755,0.0,0.0
2022-04-26 20:00:00,0.0,1442.12,57.955714,0.0,721.06,202.845,0.0,0.0
2022-04-26 21:00:00,0.0,1442.12,21.638571,0.0,721.06,75.735,0.0,0.0
2022-04-26 22:00:00,0.0,1442.12,5.5214286,0.0,721.06,19.325,0.0,0.0
2022-04-26 23:00:00,0.0,1442.12,1.4614286,0.0,721.06,5.115,0.0,0.0
2022-04-27 00:00:00,0.0,1442.12,1.6042857,0.0,721.06,5.615,0.0,0.0
2022-04-27 01:00:00,0.0,1442.12,2.8157143,0.0,721.06,9.855,0.0,0.0
2022-04-27 02:00:00,0.0,1442.12,5.7185714,0.0,721.06,20.015,0.0,0.0
2022-04-27 03:00:00,0.0,1442.12,10.178571,0.0,721.06,35.625,0.0,0.0
2022-04-27 04:00:00,0.0,1442.12,26.141429,0.0,721.06,91.495,0.0,0.0
2022-04-27 05:00:00,0.0,1442.12,61.413914,0.0,721.06,214.9487,0.0,50.596299999999985
2022-04-27 06:00:00,0.0,1442.12,17.379914,0.0,721.06,60.8297,0.0,193.1653
2022-04-27 07:00:00,0.0,991.8906,0.0,0.0,495.9453,0.0,0.0,356.8897
2022-04-27 08:00:00,0.0,333.9698,0.0,0.0,166.9849,0.0,0.0,539.7401
2022-04-27 09:00:00,0.0,62.8824,0.0,0.0,31.4412,0.0,0.0,651.9337999999999
2022-04-27 10:00:00,0.0,1219.85,0.0,0.0,609.925,0.0,0.0,0.0
2022-04-27 11:00:00,0.0,37.1566,0.0,0.0,18.5783,0.0,0.0,746.6366999999999
2022-04-27 12:00:00,0.0,0.0,0.0,0.0,0.0,0.0,0.0,721.8824000000001
2022-04-27 13:00:00,0.0,0.0,0.0,0.0,0.0,0.0,0.0,634.2532
2022-04-27 14:00:00,0.0,420.7518,0.0,0.0,210.3759,0.0,0.0,413.66909999999996
2022-04-27 15:00:00,0.0,620.6586,0.0,0.0,310.3293,0.0,0.0,313.2357
2022-04-27 16:00:00,0.0,964.9086,0.0,0.0,482.4543,0.0,0.0,153.73069999999998
2022-04-27 17:00:00,0.0,1393.6884,0.0,0.0,696.8442,0.0,0.0,29.900800000000004
2022-04-27 18:00:00,0.0,1442.12,49.47,0.0,721.06,173.145,0.0,0.0
2022-04-27 19:00:00,0.0,1442.12,19.275714,0.0,721.06,67.465,0.0,0.0
2022-04-27 20:00:00,0.0,1442.12,42.184286,0.0,721.06,147.645,0.0,0.0
2022-04-27 21:00:00,0.0,1442.12,25.378571,0.0,721.06,88.825,0.0,0.0
2022-04-27 22:00:00,0.0,1442.12,17.641429,0.0,721.06,61.745,0.0,0.0
2022-04-27 23:00:00,0.0,1442.12,18.835714,0.0,721.06,65.925,0.0,0.0
2022-04-28 00:00:00,0.0,1442.12,14.627143,0.0,721.06,51.195,0.0,0.0
2022-04-28 01:00:00,0.0,1442.12,13.275714,0.0,721.06,46.465,0.0,0.0
2022-04-28 02:00:00,0.0,1442.12,14.507143,0.0,721.06,50.775,0.0,0.0
2022-04-28 03:00:00,0.0,1442.12,22.418571,0.0,721.06,78.465,0.0,0.0
2022-04-28 04:00:00,0.0,1442.12,29.807143,0.0,721.06,104.325,0.0,0.0
2022-04-28 05:00:00,0.0,1442.12,10.289714,0.0,721.06,36.014,0.0,39.201
2022-04-28 06:00:00,0.0,1222.2996,0.0,0.0,611.1498,0.0,0.0,145.44519999999997
2022-04-28 07:00:00,0.0,994.7268,0.0,0.0,497.3634,0.0,0.0,320.41159999999996
2022-04-28 08:00:00,0.0,716.4172,0.0,0.0,358.2086,0.0,0.0,453.0963999999999
2022-04-28 09:00:00,0.0,583.8906,0.0,0.0,291.9453,0.0,0.0,525.5197
2022-04-28 10:00:00,0.0,813.8,0.0,0.0,406.9,0.0,0.0,339.085
2022-04-28 11:00:00,0.0,395.8168,0.0,0.0,197.9084,0.0,0.0,541.2366
2022-04-28 12:00:00,0.0,56.0028,0.0,0.0,28.0014,0.0,0.0,585.6936
2022-04-28 13:00:00,0.0,0.0,0.0,0.0,0.0,0.0,0.0,594.8551
2022-04-28 14:00:00,0.0,270.6124,0.0,0.0,135.3062,0.0,0.0,447.1687999999999
2022-04-28 15:00:00,0.0,1017.617,0.0,0.0,508.8085,0.0,0.0,156.2565
2022-04-28 16:00:00,0.0,1265.0478,0.0,0.0,632.5239,0.0,0.0,83.27109999999999
2022-04-28 17:00:00,0.0,1442.12,4.2034571,0.0,721.06,14.7121,0.0,25.352899999999998
2022-04-28 18:00:00,0.0,1442.12,47.741429,0.0,721.06,167.095,0.0,0.0
2022-04-28 19:00:00,0.0,1411.15,0.0,0.0,705.575,0.0,0.0,0.0
2022-04-28 20:00:00,0.0,1442.12,4.4242857,0.0,721.06,15.485,0.0,0.0
2022-04-28 21:00:00,0.0,1442.12,0.32428571,0.0,721.06,1.135,0.0,0.0
2022-04-28 22:00:00,0.0,1442.12,5.3614286,0.0,721.06,18.765,0.0,0.0
2022-04-28 23:00:00,0.0,1442.12,4.23,0.0,721.06,14.805,0.0,0.0
2022-04-29 00:00:00,0.0,1442.12,8.7728571,0.0,721.06,30.705,0.0,0.0
2022-04-29 01:00:00,0.0,1442.12,3.6957143,0.0,721.06,12.935,0.0,0.0
2022-04-29 02:00:00,0.0,1438.05,0.0,0.0,719.025,0.0,0.0,0.0
2022-04-29 03:00:00,0.0,1429.89,0.0,0.0,714.945,0.0,0.0,0.0
2022-04-29 04:00:00,0.0,1442.12,3.8414286,0.0,721.06,13.445,0.0,0.0
2022-04-29 05:00:00,0.0,1402.6616,0.0,0.0,701.3308,0.0,0.0,26.674200000000003
2022-04-29 06:00:00,0.0,1442.12,3.3494571,0.0,721.06,11.7231,0.0,43.0919
2022-04-29 07:00:00,0.0,1442.12,12.871429,0.0,721.06,45.05,0.0,92.345
2022-04-29 08:00:00,0.0,1442.12,2.2255143,0.0,721.06,7.7893,0.0,129.2757
2022-04-29 09:00:00,0.0,1282.0856,0.0,0.0,641.0428,0.0,0.0,185.52219999999997
2022-04-29 10:00:00,0.0,1171.2056,0.0,0.0,585.6028,0.0,0.0,246.11219999999997
2022-04-29 11:00:00,0.0,1253.02,0.0,0.0,626.51,0.0,0.0,267.545
2022-04-29 12:00:00,0.0,755.9028,0.0,0.0,377.9514,0.0,0.0,349.17359999999996
2022-04-29 13:00:00,0.0,770.5724,0.0,0.0,385.2862,0.0,0.0,307.0088
2022-04-29 14:00:00,0.0,975.5756,0.0,0.0,487.7878,0.0,0.0,158.8772
2022-04-29 15:00:00,0.0,1086.2096,0.0,0.0,543.1048,0.0,0.0,134.13019999999997
2022-04-29 16:00:00,0.0,1314.5962,0.0,0.0,657.2981,0.0,0.0,48.566900000000004
2022-04-29 17:00:00,0.0,1341.0872,0.0,0.0,670.5436,0.0,0.0,28.601399999999998
2022-04-29 18:00:00,0.0,1442.12,61.29,0.0,721.06,214.515,0.0,0.0
2022-04-29 19:00:00,0.0,1442.12,28.327143,0.0,721.06,99.145,0.0,0.0
2022-04-29 20:00:00,0.0,1442.12,20.93,0.0,721.06,73.255,0.0,0.0
2022-04-29 21:00:00,0.0,1442.12,19.264286,0.0,721.06,67.425,0.0,0.0
2022-04-29 22:00:00,0.0,1442.12,18.718571,0.0,721.06,65.515,0.0,0.0
2022-04-29 23:00:00,0.0,1442.12,1.9928571,0.0,721.06,6.975,0.0,0.0
2022-04-30 00:00:00,0.0,1442.12,3.7385714,0.0,721.06,13.085,0.0,0.0
2022-04-30 01:00:00,0.0,1442.12,5.0357143,0.0,721.06,17.625,0.0,0.0
2022-04-30 02:00:00,0.0,1442.12,10.218571,0.0,721.06,35.765,0.0,0.0
2022-04-30 03:00:00,0.0,1442.12,18.044286,0.0,721.06,63.155,0.0,0.0
2022-04-30 04:00:00,0.0,1442.12,28.238571,0.0,721.06,98.835,0.0,0.0
2022-04-30 05:00:00,0.0,1442.12,30.4678,0.0,721.06,106.6373,0.0,54.37769999999999
2022-04-30 06:00:00,0.0,1228.1034,0.0,0.0,614.0517,0.0,0.0,206.01329999999996
2022-04-30 07:00:00,0.0,803.6074,0.0,0.0,401.8037,0.0,0.0,378.7312999999999
2022-04-30 08:00:00,0.0,409.5986,0.0,0.0,204.7993,0.0,0.0,543.1857
2022-04-30 09:00:00,0.0,367.0572,0.0,0.0,183.5286,0.0,0.0,480.83639999999997
2022-04-30 10:00:00,0.0,215.2064,0.0,0.0,107.6032,0.0,0.0,542.8717999999999
2022-04-30 11:00:00,0.0,7.2604,0.0,0.0,3.6302,0.0,0.0,688.9448
2022-04-30 12:00:00,0.0,0.0,0.0,0.0,0.0,0.0,0.0,715.6555
2022-04-30 13:00:00,0.0,163.5244,0.0,0.0,81.7622,0.0,0.0,546.3027999999999
2022-04-30 14:00:00,0.0,553.3024,0.0,0.0,276.6512,0.0,0.0,351.17379999999997
2022-04-30 15:00:00,0.0,870.8172,0.0,0.0,435.4086,0.0,0.0,212.19639999999998
2022-04-30 16:00:00,0.0,1175.2598,0.0,0.0,587.6299,0.0,0.0,102.83510000000001
2022-04-30 17:00:00,0.0,1243.7902,0.0,0.0,621.8951,0.0,0.0,31.8499
2022-04-30 18:00:00,0.0,1442.12,32.607143,0.0,721.06,114.125,0.0,0.0
2022-04-30 19:00:00,0.0,1442.12,1.4128571,0.0,721.06,4.945,0.0,0.0
2022-04-30 20:00:00,0.0,1442.12,2.0985714,0.0,721.06,7.345,0.0,0.0
2022-04-30 21:00:00,0.0,1391.31,0.0,0.0,695.655,0.0,0.0,0.0
2022-04-30 22:00:00,0.0,1395.55,0.0,0.0,697.775,0.0,0.0,0.0
2022-04-30 23:00:00,0.0,1404.13,0.0,0.0,702.065,0.0,0.0,0.0
2022-05-01 00:00:00,0.0,1407.29,0.0,0.0,703.645,0.0,0.0,0.0
2022-05-01 01:00:00,0.0,1415.17,0.0,0.0,707.585,0.0,0.0,0.0
2022-05-01 02:00:00,0.0,1442.12,1.0957143,0.0,721.06,3.835,0.0,0.0
2022-05-01 03:00:00,0.0,1442.12,2.3071429,0.0,721.06,8.075,0.0,0.0
2022-05-01 04:00:00,0.0,1442.12,1.3128571,0.0,721.06,4.595,0.0,0.0
2022-05-01 05:00:00,0.0,1343.1426,0.0,0.0,671.5713,0.0,0.0,54.5237
2022-05-01 06:00:00,0.0,1173.1542,0.0,0.0,586.5771,0.0,0.0,151.2779
2022-05-01 07:00:00,0.0,1164.0574,0.0,0.0,582.0287,0.0,0.0,279.0863
2022-05-01 08:00:00,0.0,678.5014,0.0,0.0,339.2507,0.0,0.0,489.76429999999993
2022-05-01 09:00:00,0.0,770.284,0.0,0.0,385.142,0.0,0.0,510.343
2022-05-01 10:00:00,0.0,510.3474,0.0,0.0,255.1737,0.0,0.0,566.3412999999999
2022-05-01 11:00:00,0.0,342.6372,0.0,0.0,171.3186,0.0,0.0,654.5764
2022-05-01 12:00:00,0.0,268.9944,0.0,0.0,134.4972,0.0,0.0,540.0977999999999
2022-05-01 13:00:00,0.0,355.4154,0.0,0.0,177.7077,0.0,0.0,475.2373
2022-05-01 14:00:00,0.0,236.906,0.0,0.0,118.453,0.0,0.0,479.1720000000001
2022-05-01 15:00:00,0.0,497.0094,0.0,0.0,248.5047,0.0,0.0,338.0703
2022-05-01 16:00:00,0.0,1088.6034,0.0,0.0,544.3017,0.0,0.0,163.67329999999998
2022-05-01 17:00:00,0.0,1406.0866,0.0,0.0,703.0433,0.0,0.0,27.951700000000002
2022-05-01 18:00:00,0.0,1442.12,80.378571,0.0,721.06,281.325,0.0,0.0
2022-05-01 19:00:00,0.0,1442.12,44.015714,0.0,721.06,154.055,0.0,0.0
2022-05-01 20:00:00,0.0,1442.12,27.538571,0.0,721.06,96.385,0.0,0.0
2022-05-01 21:00:00,0.0,1442.12,10.824286,0.0,721.06,37.885,0.0,0.0
2022-05-01 22:00:00,0.0,1406.43,0.0,0.0,703.215,0.0,0.0,0.0
2022-05-01 23:00:00,0.0,1423.39,0.0,0.0,711.695,0.0,0.0,0.0
2022-05-02 00:00:00,0.0,1334.19,0.0,0.0,667.095,0.0,0.0,0.0
2022-05-02 01:00:00,0.0,1354.97,0.0,0.0,677.485,0.0,0.0,0.0
2022-05-02 02:00:00,0.0,1351.99,0.0,0.0,675.995,0.0,0.0,0.0
2022-05-02 03:00:00,0.0,1364.51,0.0,0.0,682.255,0.0,0.0,0.0
2022-05-02 04:00:00,0.0,1442.12,6.6385714,0.0,721.06,23.235,0.0,0.0
2022-05-02 05:00:00,0.0,1442.12,49.129657,0.0,721.06,171.9538,0.0,57.261199999999995
2022-05-02 06:00:00,0.0,1351.4128,0.0,0.0,675.7064,0.0,0.0,211.5686
2022-05-02 07:00:00,0.0,811.3768,0.0,0.0,405.6884,0.0,0.0,385.0166
2022-05-02 08:00:00,0.0,153.022,0.0,0.0,76.511,0.0,0.0,551.004
2022-05-02 09:00:00,0.0,0.0,0.0,0.0,0.0,0.0,0.0,678.9073
2022-05-02 10:00:00,0.0,0.0,0.0,0.0,0.0,0.0,0.0,754.8419
2022-05-02 11:00:00,0.0,0.0,0.0,0.0,0.0,0.0,0.0,770.223
2022-05-02 12:00:00,0.0,0.0,0.0,0.0,0.0,0.0,0.0,739.5703
2022-05-02 13:00:00,0.0,0.0,0.0,0.0,0.0,0.0,0.0,661.3435
2022-05-02 14:00:00,0.0,55.2788,0.0,0.0,27.6394,0.0,0.0,511.5256
2022-05-02 15:00:00,0.0,478.6326,0.0,0.0,239.3163,0.0,0.0,338.8587
2022-05-02 16:00:00,0.0,963.1826,0.0,0.0,481.5913,0.0,0.0,160.37369999999999
2022-05-02 17:00:00,0.0,1360.5078,0.0,0.0,680.2539,0.0,0.0,29.251099999999994
2022-05-02 18:00:00,0.0,1442.12,45.901429,0.0,721.06,160.655,0.0,0.0
2022-05-02 19:00:00,0.0,1442.12,7.0757143,0.0,721.06,24.765,0.0,0.0
2022-05-02 20:00:00,0.0,1442.12,22.31,0.0,721.06,78.085,0.0,0.0
2022-05-02 21:00:00,0.0,1442.12,16.861429,0.0,721.06,59.015,0.0,0.0
2022-05-02 22:00:00,0.0,1426.71,0.0,0.0,713.355,0.0,0.0,0.0
2022-05-02 23:00:00,0.0,1413.51,0.0,0.0,706.755,0.0,0.0,0.0
2022-05-03 00:00:00,0.0,1420.21,0.0,0.0,710.105,0.0,0.0,0.0
2022-05-03 01:00:00,0.0,1437.79,0.0,0.0,718.895,0.0,0.0,0.0
2022-05-03 02:00:00,0.0,1442.12,9.1014286,0.0,721.06,31.855,0.0,0.0
2022-05-03 03:00:00,0.0,1442.12,16.998571,0.0,721.06,59.495,0.0,0.0
2022-05-03 04:00:00,0.0,1442.12,21.824286,0.0,721.06,76.385,0.0,0.0
2022-05-03 05:00:00,0.0,1442.12,61.206771,0.0,721.06,214.2237,0.0,53.151300000000006
2022-05-03 06:00:00,0.0,1419.2626,0.0,0.0,709.6313,0.0,0.0,208.5537
2022-05-03 07:00:00,0.0,709.0232,0.0,0.0,354.5116,0.0,0.0,373.4534
2022-05-03 08:00:00,0.0,140.3032,0.0,0.0,70.1516,0.0,0.0,531.1334
2022-05-03 09:00:00,0.0,0.0,0.0,0.0,0.0,0.0,0.0,659.117
2022-05-03 10:00:00,0.0,0.0,0.0,0.0,0.0,0.0,0.0,653.0871999999999
2022-05-03 11:00:00,0.0,37.337,0.0,0.0,18.6685,0.0,0.0,702.2965
2022-05-03 12:00:00,0.0,0.0,0.0,0.0,0.0,0.0,0.0,733.4164000000001
2022-05-03 13:00:00,0.0,61.326,0.0,0.0,30.663,0.0,0.0,633.202
2022-05-03 14:00:00,0.0,423.6958,0.0,0.0,211.8479,0.0,0.0,501.70709999999997
2022-05-03 15:00:00,0.0,816.2954,0.0,0.0,408.1477,0.0,0.0,319.7473
2022-05-03 16:00:00,0.0,1326.3238,0.0,0.0,663.1619,0.0,0.0,158.0231
2022-05-03 17:00:00,0.0,1442.12,32.984057,0.0,721.06,115.4442,0.0,29.900800000000004
2022-05-03 18:00:00,0.0,1442.12,78.59,0.0,721.06,275.065,0.0,0.0
2022-05-03 19:00:00,0.0,1442.12,30.001429,0.0,721.06,105.005,0.0,0.0
2022-05-03 20:00:00,0.0,1442.12,40.538571,0.0,721.06,141.885,0.0,0.0
2022-05-03 21:00:00,0.0,1442.12,44.195714,0.0,721.06,154.685,0.0,0.0
2022-05-03 22:00:00,0.0,1442.12,13.907143,0.0,721.06,48.675,0.0,0.0
2022-05-03 23:00:00,0.0,1442.12,5.1128571,0.0,721.06,17.895,0.0,0.0
2022-05-04 00:00:00,0.0,1435.91,0.0,0.0,717.955,0.0,0.0,0.0
2022-05-04 01:00:00,0.0,1425.45,0.0,0.0,712.725,0.0,0.0,0.0
2022-05-04 02:00:00,0.0,1436.19,0.0,0.0,718.095,0.0,0.0,0.0
2022-05-04 03:00:00,0.0,1442.12,11.998571,0.0,721.06,41.995,0.0,0.0
2022-05-04 04:00:00,0.0,1442.12,23.621429,0.0,721.06,82.675,0.0,0.0
2022-05-04 05:00:00,0.0,1442.12,65.137257,0.0,721.06,227.9804,0.0,58.4146
2022-05-04 06:00:00,0.0,1442.12,16.256114,0.0,721.06,56.8964,0.0,212.29859999999996
2022-05-04 07:00:00,0.0,897.9196,0.0,0.0,448.9598,0.0,0.0,379.0452
2022-05-04 08:00:00,0.0,343.2078,0.0,0.0,171.6039,0.0,0.0,539.5210999999999
2022-05-04 09:00:00,0.0,0.0,0.0,0.0,0.0,0.0,0.0,660.431
2022-05-04 10:00:00,0.0,0.0,0.0,0.0,0.0,0.0,0.0,722.0867999999999
2022-05-04 11:00:00,0.0,414.758,0.0,0.0,207.379,0.0,0.0,432.306
2022-05-04 12:00:00,0.0,53.163,0.0,0.0,26.5815,0.0,0.0,507.3134999999999
2022-05-04 13:00:00,0.0,540.2474,0.0,0.0,270.1237,0.0,0.0,283.8313
2022-05-04 14:00:00,0.0,186.6464,0.0,0.0,93.3232,0.0,0.0,413.66179999999997
2022-05-04 15:00:00,0.0,614.696,0.0,0.0,307.348,0.0,0.0,238.63700000000003
2022-05-04 16:00:00,0.0,813.8864,0.0,0.0,406.9432,0.0,0.0,149.40179999999998
2022-05-04 17:00:00,0.0,1275.9326,0.0,0.0,637.9663,0.0,0.0,34.448699999999995
2022-05-04 18:00:00,0.0,1442.12,21.758571,0.0,721.06,76.155,0.0,0.0
2022-05-04 19:00:00,0.0,1297.15,0.0,0.0,648.575,0.0,0.0,0.0
2022-05-04 20:00:00,0.0,1442.12,4.7242857,0.0,721.06,16.535,0.0,0.0
2022-05-04 21:00:00,0.0,1427.23,0.0,0.0,713.615,0.0,0.0,0.0
2022-05-04 22:00:00,0.0,1357.11,0.0,0.0,678.555,0.0,0.0,0.0
2022-05-04 23:00:00,0.0,1367.65,0.0,0.0,683.825,0.0,0.0,0.0
2022-05-05 00:00:00,0.0,1318.89,0.0,0.0,659.445,0.0,0.0,0.0
2022-05-05 01:00:00,0.0,1309.93,0.0,0.0,654.965,0.0,0.0,0.0
2022-05-05 02:00:00,0.0,1373.77,0.0,0.0,686.885,0.0,0.0,0.0
2022-05-05 03:00:00,0.0,1402.07,0.0,0.0,701.035,0.0,0.0,0.0
2022-05-05 04:00:00,0.0,1414.35,0.0,0.0,707.175,0.0,0.0,0.0
2022-05-05 05:00:00,0.0,1326.3578,0.0,0.0,663.1789,0.0,0.0,57.3561
2022-05-05 06:00:00,0.0,1322.9586,0.0,0.0,661.4793,0.0,0.0,42.405699999999996
2022-05-05 07:00:00,0.0,809.1588,0.0,0.0,404.5794,0.0,0.0,331.2156
2022-05-05 08:00:00,0.0,793.068,0.0,0.0,396.534,0.0,0.0,364.051
2022-05-05 09:00:00,0.0,847.6078,0.0,0.0,423.8039,0.0,0.0,326.36109999999996
2022-05-05 10:00:00,0.0,256.512,0.0,0.0,128.256,0.0,0.0,528.009
2022-05-05 11:00:00,0.0,167.1452,0.0,0.0,83.5726,0.0,0.0,574.4224
2022-05-05 12:00:00,0.0,0.0,0.0,0.0,0.0,0.0,0.0,613.6745
2022-05-05 13:00:00,0.0,0.0,0.0,0.0,0.0,0.0,0.0,609.2506999999999
2022-05-05 14:00:00,0.0,593.103,0.0,0.0,296.5515,0.0,0.0,236.4835
2022-05-05 15:00:00,0.0,637.9616,0.0,0.0,318.9808,0.0,0.0,228.15419999999995
2022-05-05 16:00:00,0.0,839.7652,0.0,0.0,419.8826,0.0,0.0,156.1324
2022-05-05 17:00:00,0.0,1065.6902,0.0,0.0,532.8451,0.0,0.0,31.8499
2022-05-05 18:00:00,0.0,1441.77,0.0,0.0,720.885,0.0,0.0,0.0
2022-05-05 19:00:00,0.0,1151.47,0.0,0.0,575.735,0.0,0.0,0.0
2022-05-05 20:00:00,0.0,1267.65,0.0,0.0,633.825,0.0,0.0,0.0
2022-05-05 21:00:00,0.0,1236.23,0.0,0.0,618.115,0.0,0.0,0.0
2022-05-05 22:00:00,0.0,1226.47,0.0,0.0,613.235,0.0,0.0,0.0
2022-05-05 23:00:00,0.0,1190.87,0.0,0.0,595.435,0.0,0.0,0.0
2022-05-06 00:00:00,0.0,1170.87,0.0,0.0,585.435,0.0,0.0,0.0
2022-05-06 01:00:00,0.0,1150.31,0.0,0.0,575.155,0.0,0.0,0.0
2022-05-06 02:00:00,0.0,1151.13,0.0,0.0,575.565,0.0,0.0,0.0
2022-05-06 03:00:00,0.0,1153.15,0.0,0.0,576.575,0.0,0.0,0.0
2022-05-06 04:00:00,0.0,1159.97,0.0,0.0,579.985,0.0,0.0,0.0
2022-05-06 05:00:00,0.0,1043.4064,0.0,0.0,521.7032,0.0,0.0,59.611799999999995
2022-05-06 06:00:00,0.0,874.852,0.0,0.0,437.426,0.0,0.0,151.329
2022-05-06 07:00:00,0.0,692.5908,0.0,0.0,346.2954,0.0,0.0,285.07959999999997
2022-05-06 08:00:00,0.0,486.0146,0.0,0.0,243.0073,0.0,0.0,395.28770000000003
2022-05-06 09:00:00,0.0,311.4466,0.0,0.0,155.7233,0.0,0.0,491.5017
2022-05-06 10:00:00,0.0,898.9596,0.0,0.0,449.4798,0.0,0.0,181.94519999999997
2022-05-06 11:00:00,0.0,1133.609,0.0,0.0,566.8045,0.0,0.0,121.0705
2022-05-06 12:00:00,0.0,948.3182,0.0,0.0,474.1591,0.0,0.0,56.0859
2022-05-06 13:00:00,0.0,781.6382,0.0,0.0,390.8191,0.0,0.0,153.9059
2022-05-06 14:00:00,0.0,663.6922,0.0,0.0,331.8461,0.0,0.0,197.7789
2022-05-06 15:00:00,0.0,585.765,0.0,0.0,292.8825,0.0,0.0,259.3325
2022-05-06 16:00:00,0.0,914.4762,0.0,0.0,457.2381,0.0,0.0,152.2269
2022-05-06 17:00:00,0.0,1087.6708,0.0,0.0,543.8354,0.0,0.0,32.4996
2022-05-06 18:00:00,0.0,1442.12,7.3328571,0.0,721.06,25.665,0.0,0.0
2022-05-06 19:00:00,0.0,1201.93,0.0,0.0,600.965,0.0,0.0,0.0
2022-05-06 20:00:00,0.0,1193.05,0.0,0.0,596.525,0.0,0.0,0.0
2022-05-06 21:00:00,0.0,1186.81,0.0,0.0,593.405,0.0,0.0,0.0
2022-05-06 22:00:00,0.0,1084.21,0.0,0.0,542.105,0.0,0.0,0.0
2022-05-06 23:00:00,0.0,1020.39,0.0,0.0,510.195,0.0,0.0,0.0
2022-05-07 00:00:00,0.0,1014.13,0.0,0.0,507.065,0.0,0.0,0.0
2022-05-07 01:00:00,0.0,972.51,0.0,0.0,486.255,0.0,0.0,0.0
2022-05-07 02:00:00,0.0,1048.83,0.0,0.0,524.415,0.0,0.0,0.0
2022-05-07 03:00:00,0.0,1059.43,0.0,0.0,529.715,0.0,0.0,0.0
2022-05-07 04:00:00,0.0,1191.11,0.0,0.0,595.555,0.0,0.0,0.0
2022-05-07 05:00:00,0.0,1442.12,6.6078,0.0,721.06,23.1273,0.0,16.4177
2022-05-07 06:00:00,0.0,1188.7196,0.0,0.0,594.3598,0.0,0.0,112.59519999999999
2022-05-07 07:00:00,0.0,1018.1314,0.0,0.0,509.0657,0.0,0.0,138.99929999999998
2022-05-07 08:00:00,0.0,784.9598,0.0,0.0,392.4799,0.0,0.0,88.23509999999999
2022-05-07 09:00:00,0.0,752.0308,0.0,0.0,376.0154,0.0,0.0,146.3796
2022-05-07 10:00:00,0.0,742.6016,0.0,0.0,371.3008,0.0,0.0,113.54420000000002
2022-05-07 11:00:00,0.0,587.8358,0.0,0.0,293.9179,0.0,0.0,260.07710000000003
2022-05-07 12:00:00,0.0,412.8192,0.0,0.0,206.4096,0.0,0.0,245.9954
2022-05-07 13:00:00,0.0,654.8442,0.0,0.0,327.4221,0.0,0.0,111.49289999999998
2022-05-07 14:00:00,0.0,767.4406,0.0,0.0,383.7203,0.0,0.0,60.8747
2022-05-07 15:00:00,0.0,743.9722,0.0,0.0,371.9861,0.0,0.0,98.49889999999999
2022-05-07 16:00:00,0.0,833.3494,0.0,0.0,416.6747,0.0,0.0,112.50030000000001
2022-05-07 17:00:00,0.0,1087.9466,0.0,0.0,543.9733,0.0,0.0,27.951700000000002
2022-05-07 18:00:00,0.0,1442.12,4.1414286,0.0,721.06,14.495,0.0,0.0
2022-05-07 19:00:00,0.0,1228.93,0.0,0.0,614.465,0.0,0.0,0.0
2022-05-07 20:00:00,0.0,1211.91,0.0,0.0,605.955,0.0,0.0,0.0
2022-05-07 21:00:00,0.0,1142.85,0.0,0.0,571.425,0.0,0.0,0.0
2022-05-07 22:00:00,0.0,1074.05,0.0,0.0,537.025,0.0,0.0,0.0
2022-05-07 23:00:00,0.0,1028.19,0.0,0.0,514.095,0.0,0.0,0.0
2022-05-08 00:00:00,0.0,992.89,0.0,0.0,496.445,0.0,0.0,0.0
2022-05-08 01:00:00,0.0,1027.77,0.0,0.0,513.885,0.0,0.0,0.0
2022-05-08 02:00:00,0.0,1044.95,0.0,0.0,522.475,0.0,0.0,0.0
2022-05-08 03:00:00,0.0,1074.71,0.0,0.0,537.355,0.0,0.0,0.0
2022-05-08 04:00:00,0.0,1202.93,0.0,0.0,601.465,0.0,0.0,0.0
2022-05-08 05:00:00,0.0,1402.0368,0.0,0.0,701.0184,0.0,0.0,61.6266
2022-05-08 06:00:00,0.0,1081.9734,0.0,0.0,540.9867,0.0,0.0,211.48829999999995
2022-05-08 07:00:00,0.0,461.3908,0.0,0.0,230.6954,0.0,0.0,364.64959999999996
2022-05-08 08:00:00,0.0,0.0,0.0,0.0,0.0,0.0,0.0,518.0226
2022-05-08 09:00:00,0.0,47.259,0.0,0.0,23.6295,0.0,0.0,435.3355000000001
2022-05-08 10:00:00,0.0,0.0,0.0,0.0,0.0,0.0,0.0,698.7049000000001
2022-05-08 11:00:00,0.0,27.8444,0.0,0.0,13.9222,0.0,0.0,511.99279999999993
2022-05-08 12:00:00,0.0,77.9148,0.0,0.0,38.9574,0.0,0.0,408.1576
2022-05-08 13:00:00,0.0,235.4394,0.0,0.0,117.7197,0.0,0.0,317.26529999999997
2022-05-08 14:00:00,0.0,184.1374,0.0,0.0,92.0687,0.0,0.0,356.4663
2022-05-08 15:00:00,0.0,609.7422,0.0,0.0,304.8711,0.0,0.0,171.13389999999998
2022-05-08 16:00:00,0.0,733.0238,0.0,0.0,366.5119,0.0,0.0,130.2831
2022-05-08 17:00:00,0.0,1160.012,0.0,0.0,580.006,0.0,0.0,33.799
2022-05-08 18:00:00,0.0,1442.12,4.3957143,0.0,721.06,15.385,0.0,0.0
2022-05-08 19:00:00,0.0,1213.67,0.0,0.0,606.835,0.0,0.0,0.0
2022-05-08 20:00:00,0.0,1273.51,0.0,0.0,636.755,0.0,0.0,0.0
2022-05-08 21:00:00,0.0,1374.95,0.0,0.0,687.475,0.0,0.0,0.0
2022-05-08 22:00:00,0.0,1183.39,0.0,0.0,591.695,0.0,0.0,0.0
2022-05-08 23:00:00,0.0,1128.37,0.0,0.0,564.185,0.0,0.0,0.0
2022-05-09 00:00:00,0.0,1110.83,0.0,0.0,555.415,0.0,0.0,0.0
2022-05-09 01:00:00,0.0,1127.39,0.0,0.0,563.695,0.0,0.0,0.0
2022-05-09 02:00:00,0.0,1129.63,0.0,0.0,564.815,0.0,0.0,0.0
2022-05-09 03:00:00,0.0,1135.03,0.0,0.0,567.515,0.0,0.0,0.0
2022-05-09 04:00:00,0.0,1202.27,0.0,0.0,601.135,0.0,0.0,0.0
2022-05-09 05:00:00,0.0,1432.2002,0.0,0.0,716.1001,0.0,0.0,62.14490000000001
2022-05-09 06:00:00,0.0,1135.115,0.0,0.0,567.5575,0.0,0.0,143.6275
2022-05-09 07:00:00,0.0,789.5244,0.0,0.0,394.7622,0.0,0.0,228.75279999999998
2022-05-09 08:00:00,0.0,411.0662,0.0,0.0,205.5331,0.0,0.0,287.64189999999996
2022-05-09 09:00:00,0.0,525.9484,0.0,0.0,262.9742,0.0,0.0,199.99079999999998
2022-05-09 10:00:00,0.0,466.7394,0.0,0.0,233.3697,0.0,0.0,230.39529999999996
2022-05-09 11:00:00,0.0,466.4858,0.0,0.0,233.2429,0.0,0.0,302.0521
2022-05-09 12:00:00,0.0,654.1158,0.0,0.0,327.0579,0.0,0.0,149.1171
2022-05-09 13:00:00,0.0,644.191,0.0,0.0,322.0955,0.0,0.0,139.5395
2022-05-09 14:00:00,0.0,857.4808,0.0,0.0,428.7404,0.0,0.0,64.9846
2022-05-09 15:00:00,0.0,631.6722,0.0,0.0,315.8361,0.0,0.0,165.6589
2022-05-09 16:00:00,0.0,782.3582,0.0,0.0,391.1791,0.0,0.0,115.21589999999999
2022-05-09 17:00:00,0.0,1041.2562,0.0,0.0,520.6281,0.0,0.0,38.3469
2022-05-09 18:00:00,0.0,1442.12,3.8042857,0.0,721.06,13.315,0.0,0.0
2022-05-09 19:00:00,0.0,1242.29,0.0,0.0,621.145,0.0,0.0,0.0
2022-05-09 20:00:00,0.0,1318.87,0.0,0.0,659.435,0.0,0.0,0.0
2022-05-09 21:00:00,0.0,1248.89,0.0,0.0,624.445,0.0,0.0,0.0
2022-05-09 22:00:00,0.0,1213.55,0.0,0.0,606.775,0.0,0.0,0.0
2022-05-09 23:00:00,0.0,1184.21,0.0,0.0,592.105,0.0,0.0,0.0
2022-05-10 00:00:00,0.0,1193.17,0.0,0.0,596.585,0.0,0.0,0.0
2022-05-10 01:00:00,0.0,1187.45,0.0,0.0,593.725,0.0,0.0,0.0
2022-05-10 02:00:00,0.0,1197.27,0.0,0.0,598.635,0.0,0.0,0.0
2022-05-10 03:00:00,0.0,1210.11,0.0,0.0,605.055,0.0,0.0,0.0
2022-05-10 04:00:00,0.0,1194.97,0.0,0.0,597.485,0.0,0.0,0.0
2022-05-10 05:00:00,0.0,1022.3584,0.0,0.0,511.1792,0.0,0.0,63.8458
2022-05-10 06:00:00,0.0,668.7486,0.0,0.0,334.3743,0.0,0.0,215.7807
2022-05-10 07:00:00,0.0,518.0326,0.0,0.0,259.0163,0.0,0.0,381.19870000000003
2022-05-10 08:00:00,0.0,154.5044,0.0,0.0,77.2522,0.0,0.0,538.2728
2022-05-10 09:00:00,0.0,0.0,0.0,0.0,0.0,0.0,0.0,657.7519
2022-05-10 10:00:00,0.0,0.0,0.0,0.0,0.0,0.0,0.0,733.7302999999999
2022-05-10 11:00:00,0.0,0.0,0.0,0.0,0.0,0.0,0.0,752.2357999999999
2022-05-10 12:00:00,0.0,0.0,0.0,0.0,0.0,0.0,0.0,725.4594000000001
2022-05-10 13:00:00,0.0,0.0,0.0,0.0,0.0,0.0,0.0,633.4429
2022-05-10 14:00:00,0.0,0.0,0.0,0.0,0.0,0.0,0.0,494.6626
2022-05-10 15:00:00,0.0,259.2174,0.0,0.0,129.6087,0.0,0.0,330.9163
2022-05-10 16:00:00,0.0,637.1406,0.0,0.0,318.5703,0.0,0.0,160.1547
2022-05-10 17:00:00,0.0,985.852,0.0,0.0,492.926,0.0,0.0,33.799
2022-05-10 18:00:00,0.0,1361.89,0.0,0.0,680.945,0.0,0.0,0.0
2022-05-10 19:00:00,0.0,1067.45,0.0,0.0,533.725,0.0,0.0,0.0
2022-05-10 20:00:00,0.0,1126.05,0.0,0.0,563.025,0.0,0.0,0.0
2022-05-10 21:00:00,0.0,1076.65,0.0,0.0,538.325,0.0,0.0,0.0
2022-05-10 22:00:00,0.0,1110.85,0.0,0.0,555.425,0.0,0.0,0.0
2022-05-10 23:00:00,0.0,987.19,0.0,0.0,493.595,0.0,0.0,0.0
2022-05-11 00:00:00,0.0,966.43,0.0,0.0,483.215,0.0,0.0,0.0
2022-05-11 01:00:00,0.0,956.25,0.0,0.0,478.125,0.0,0.0,0.0
2022-05-11 02:00:00,0.0,958.99,0.0,0.0,479.495,0.0,0.0,0.0
2022-05-11 03:00:00,0.0,973.71,0.0,0.0,486.855,0.0,0.0,0.0
2022-05-11 04:00:00,0.0,1014.57,0.0,0.0,507.285,0.0,0.0,0.0
2022-05-11 05:00:00,0.0,916.3456,0.0,0.0,458.1728,0.0,0.0,65.0722
2022-05-11 06:00:00,0.0,627.8596,0.0,0.0,313.9298,0.0,0.0,207.49519999999995
2022-05-11 07:00:00,0.0,406.2282,0.0,0.0,203.1141,0.0,0.0,366.7009
2022-05-11 08:00:00,0.0,0.0,0.0,0.0,0.0,0.0,0.0,522.5047999999999
2022-05-11 09:00:00,0.0,0.0,0.0,0.0,0.0,0.0,0.0,641.1006
2022-05-11 10:00:00,0.0,0.0,0.0,0.0,0.0,0.0,0.0,720.0062999999999
2022-05-11 11:00:00,0.0,0.0,0.0,0.0,0.0,0.0,0.0,732.9491999999999
2022-05-11 12:00:00,0.0,0.0,0.0,0.0,0.0,0.0,0.0,708.2606
2022-05-11 13:00:00,0.0,0.0,0.0,0.0,0.0,0.0,0.0,618.4414
2022-05-11 14:00:00,0.0,0.0,0.0,0.0,0.0,0.0,0.0,486.4208999999999
2022-05-11 15:00:00,0.0,253.802,0.0,0.0,126.901,0.0,0.0,327.624
2022-05-11 16:00:00,0.0,676.2998,0.0,0.0,338.1499,0.0,0.0,159.7751
2022-05-11 17:00:00,0.0,934.3538,0.0,0.0,467.1769,0.0,0.0,35.7481
2022-05-11 18:00:00,0.0,1372.89,0.0,0.0,686.445,0.0,0.0,0.0
2022-05-11 19:00:00,0.0,1043.45,0.0,0.0,521.725,0.0,0.0,0.0
2022-05-11 20:00:00,0.0,1065.65,0.0,0.0,532.825,0.0,0.0,0.0
2022-05-11 21:00:00,0.0,1054.39,0.0,0.0,527.195,0.0,0.0,0.0
2022-05-11 22:00:00,0.0,1025.47,0.0,0.0,512.735,0.0,0.0,0.0
2022-05-11 23:00:00,0.0,1055.97,0.0,0.0,527.985,0.0,0.0,0.0
2022-05-12 00:00:00,0.0,1021.51,0.0,0.0,510.755,0.0,0.0,0.0
2022-05-12 01:00:00,0.0,1021.93,0.0,0.0,510.965,0.0,0.0,0.0
2022-05-12 02:00:00,0.0,1051.87,0.0,0.0,525.935,0.0,0.0,0.0
2022-05-12 03:00:00,0.0,1035.21,0.0,0.0,517.605,0.0,0.0,0.0
2022-05-12 04:00:00,0.0,991.99,0.0,0.0,495.995,0.0,0.0,0.0
2022-05-12 05:00:00,0.0,786.397,0.0,0.0,393.1985,0.0,0.0,65.0065
2022-05-12 06:00:00,0.0,498.154,0.0,0.0,249.077,0.0,0.0,217.24799999999996
2022-05-12 07:00:00,0.0,439.1606,0.0,0.0,219.5803,0.0,0.0,383.5347
2022-05-12 08:00:00,0.0,51.8434,0.0,0.0,25.9217,0.0,0.0,544.0033
2022-05-12 09:00:00,0.0,0.0,0.0,0.0,0.0,0.0,0.0,667.3367999999999
2022-05-12 10:00:00,0.0,0.0,0.0,0.0,0.0,0.0,0.0,744.0817
2022-05-12 11:00:00,0.0,0.0,0.0,0.0,0.0,0.0,0.0,766.4124
2022-05-12 12:00:00,0.0,0.0,0.0,0.0,0.0,0.0,0.0,739.271
2022-05-12 13:00:00,0.0,0.0,0.0,0.0,0.0,0.0,0.0,641.7576
2022-05-12 14:00:00,0.0,0.0,0.0,0.0,0.0,0.0,0.0,497.31979999999993
2022-05-12 15:00:00,0.0,301.8864,0.0,0.0,150.9432,0.0,0.0,336.2818
2022-05-12 16:00:00,0.0,676.6084,0.0,0.0,338.3042,0.0,0.0,164.2208
2022-05-12 17:00:00,0.0,964.8532,0.0,0.0,482.4266,0.0,0.0,35.0984
2022-05-12 18:00:00,0.0,1325.89,0.0,0.0,662.945,0.0,0.0,0.0
2022-05-12 19:00:00,0.0,989.65,0.0,0.0,494.825,0.0,0.0,0.0
2022-05-12 20:00:00,0.0,1088.45,0.0,0.0,544.225,0.0,0.0,0.0
2022-05-12 21:00:00,0.0,995.65,0.0,0.0,497.825,0.0,0.0,0.0
2022-05-12 22:00:00,0.0,1051.65,0.0,0.0,525.825,0.0,0.0,0.0
2022-05-12 23:00:00,0.0,1036.25,0.0,0.0,518.125,0.0,0.0,0.0
2022-05-13 00:00:00,0.0,1073.85,0.0,0.0,536.925,0.0,0.0,0.0
2022-05-13 01:00:00,0.0,1052.25,0.0,0.0,526.125,0.0,0.0,0.0
2022-05-13 02:00:00,0.0,1063.45,0.0,0.0,531.725,0.0,0.0,0.0
2022-05-13 03:00:00,0.0,1064.89,0.0,0.0,532.445,0.0,0.0,0.0
2022-05-13 04:00:00,0.0,1051.05,0.0,0.0,525.525,0.0,0.0,0.0
2022-05-13 05:00:00,0.0,872.4048,0.0,0.0,436.2024,0.0,0.0,65.4226
2022-05-13 06:00:00,0.0,516.346,0.0,0.0,258.173,0.0,0.0,220.75200000000004
2022-05-13 07:00:00,0.0,337.753,0.0,0.0,168.8765,0.0,0.0,385.0385
2022-05-13 08:00:00,0.0,48.944,0.0,0.0,24.472,0.0,0.0,544.653
2022-05-13 09:00:00,0.0,0.0,0.0,0.0,0.0,0.0,0.0,653.3572999999999
2022-05-13 10:00:00,0.0,0.0,0.0,0.0,0.0,0.0,0.0,716.422
2022-05-13 11:00:00,0.0,0.0,0.0,0.0,0.0,0.0,0.0,738.1102999999999
2022-05-13 12:00:00,0.0,0.0,0.0,0.0,0.0,0.0,0.0,709.414
2022-05-13 13:00:00,0.0,0.0,0.0,0.0,0.0,0.0,0.0,619.7042999999999
2022-05-13 14:00:00,0.0,0.0,0.0,0.0,0.0,0.0,0.0,480.62469999999996
2022-05-13 15:00:00,0.0,263.2494,0.0,0.0,131.6247,0.0,0.0,331.5003
2022-05-13 16:00:00,0.0,783.9312,0.0,0.0,391.9656,0.0,0.0,163.3594
2022-05-13 17:00:00,0.0,1102.2532,0.0,0.0,551.1266,0.0,0.0,35.0984
2022-05-13 18:00:00,0.0,1442.12,4.6814286,0.0,721.06,16.385,0.0,0.0
2022-05-13 19:00:00,0.0,1175.45,0.0,0.0,587.725,0.0,0.0,0.0
2022-05-13 20:00:00,0.0,1228.45,0.0,0.0,614.225,0.0,0.0,0.0
2022-05-13 21:00:00,0.0,1154.85,0.0,0.0,577.425,0.0,0.0,0.0
2022-05-13 22:00:00,0.0,1018.05,0.0,0.0,509.025,0.0,0.0,0.0
2022-05-13 23:00:00,0.0,958.45,0.0,0.0,479.225,0.0,0.0,0.0
2022-05-14 00:00:00,0.0,956.55,0.0,0.0,478.275,0.0,0.0,0.0
2022-05-14 01:00:00,0.0,967.73,0.0,0.0,483.865,0.0,0.0,0.0
2022-05-14 02:00:00,0.0,1006.13,0.0,0.0,503.065,0.0,0.0,0.0
2022-05-14 03:00:00,0.0,1031.61,0.0,0.0,515.805,0.0,0.0,0.0
2022-05-14 04:00:00,0.0,1087.2312,0.0,0.0,543.6156,0.0,0.0,1.2993999999999999
2022-05-14 05:00:00,0.0,1250.19,0.0,0.0,625.095,0.0,0.0,66.43
2022-05-14 06:00:00,0.0,944.0078,0.0,0.0,472.0039,0.0,0.0,225.6211
2022-05-14 07:00:00,0.0,418.6832,0.0,0.0,209.3416,0.0,0.0,390.97339999999997
2022-05-14 08:00:00,0.0,0.0,0.0,0.0,0.0,0.0,0.0,550.4273
2022-05-14 09:00:00,0.0,0.0,0.0,0.0,0.0,0.0,0.0,674.5784
2022-05-14 10:00:00,0.0,0.0,0.0,0.0,0.0,0.0,0.0,752.0752
2022-05-14 11:00:00,0.0,0.0,0.0,0.0,0.0,0.0,0.0,774.3329
2022-05-14 12:00:00,0.0,0.0,0.0,0.0,0.0,0.0,0.0,746.1914
2022-05-14 13:00:00,0.0,0.0,0.0,0.0,0.0,0.0,0.0,648.5831
2022-05-14 14:00:00,0.0,0.0,0.0,0.0,0.0,0.0,0.0,502.56850000000003
2022-05-14 15:00:00,0.0,189.3336,0.0,0.0,94.6668,0.0,0.0,341.1582
2022-05-14 16:00:00,0.0,669.8122,0.0,0.0,334.9061,0.0,0.0,167.1189
2022-05-14 17:00:00,0.0,970.6532,0.0,0.0,485.3266,0.0,0.0,35.0984
2022-05-14 18:00:00,0.0,1442.12,3.71,0.0,721.06,12.985,0.0,0.0
2022-05-14 19:00:00,0.0,1106.07,0.0,0.0,553.035,0.0,0.0,0.0
2022-05-14 20:00:00,0.0,1268.69,0.0,0.0,634.345,0.0,0.0,0.0
2022-05-14 21:00:00,0.0,1043.85,0.0,0.0,521.925,0.0,0.0,0.0
2022-05-14 22:00:00,0.0,994.57,0.0,0.0,497.285,0.0,0.0,0.0
2022-05-14 23:00:00,0.0,922.79,0.0,0.0,461.395,0.0,0.0,0.0
2022-05-15 00:00:00,0.0,906.09,0.0,0.0,453.045,0.0,0.0,0.0
2022-05-15 01:00:00,0.0,924.87,0.0,0.0,462.435,0.0,0.0,0.0
2022-05-15 02:00:00,0.0,939.65,0.0,0.0,469.825,0.0,0.0,0.0
2022-05-15 03:00:00,0.0,1008.67,0.0,0.0,504.335,0.0,0.0,0.0
2022-05-15 04:00:00,0.0,1063.9312,0.0,0.0,531.9656,0.0,0.0,1.2993999999999999
2022-05-15 05:00:00,0.0,1218.8282,0.0,0.0,609.4141,0.0,0.0,66.67089999999999
2022-05-15 06:00:00,0.0,844.024,0.0,0.0,422.012,0.0,0.0,224.91299999999998
2022-05-15 07:00:00,0.0,380.7856,0.0,0.0,190.3928,0.0,0.0,389.1922
2022-05-15 08:00:00,0.0,0.0,0.0,0.0,0.0,0.0,0.0,540.9884000000001
2022-05-15 09:00:00,0.0,0.0,0.0,0.0,0.0,0.0,0.0,655.5035
2022-05-15 10:00:00,0.0,0.0,0.0,0.0,0.0,0.0,0.0,722.5467
2022-05-15 11:00:00,0.0,0.0,0.0,0.0,0.0,0.0,0.0,744.1474000000001
2022-05-15 12:00:00,0.0,0.0,0.0,0.0,0.0,0.0,0.0,710.6915
2022-05-15 13:00:00,0.0,0.0,0.0,0.0,0.0,0.0,0.0,621.7847999999999
2022-05-15 14:00:00,0.0,0.0,0.0,0.0,0.0,0.0,0.0,484.7711
2022-05-15 15:00:00,0.0,200.2754,0.0,0.0,100.1377,0.0,0.0,332.8873
2022-05-15 16:00:00,0.0,626.5296,0.0,0.0,313.2648,0.0,0.0,164.06019999999998
2022-05-15 17:00:00,0.0,1053.7538,0.0,0.0,526.8769,0.0,0.0,35.7481
2022-05-15 18:00:00,0.0,1442.12,6.9385714,0.0,721.06,24.285,0.0,0.0
2022-05-15 19:00:00,0.0,1210.47,0.0,0.0,605.235,0.0,0.0,0.0
2022-05-15 20:00:00,0.0,1130.41,0.0,0.0,565.205,0.0,0.0,0.0
2022-05-15 21:00:00,0.0,1083.41,0.0,0.0,541.705,0.0,0.0,0.0
2022-05-15 22:00:00,0.0,1006.89,0.0,0.0,503.445,0.0,0.0,0.0
2022-05-15 23:00:00,0.0,954.19,0.0,0.0,477.095,0.0,0.0,0.0
2022-05-16 00:00:00,0.0,915.35,0.0,0.0,457.675,0.0,0.0,0.0
2022-05-16 01:00:00,0.0,920.15,0.0,0.0,460.075,0.0,0.0,0.0
2022-05-16 02:00:00,0.0,948.35,0.0,0.0,474.175,0.0,0.0,0.0
2022-05-16 03:00:00,0.0,973.51,0.0,0.0,486.755,0.0,0.0,0.0
2022-05-16 04:00:00,0.0,1039.0118,0.0,0.0,519.5059,0.0,0.0,1.9490999999999998
2022-05-16 05:00:00,0.0,1226.9818,0.0,0.0,613.4909,0.0,0.0,67.2841
2022-05-16 06:00:00,0.0,922.7154,0.0,0.0,461.3577,0.0,0.0,225.57729999999998
2022-05-16 07:00:00,0.0,400.5062,0.0,0.0,200.2531,0.0,0.0,389.84189999999995
2022-05-16 08:00:00,0.0,0.0,0.0,0.0,0.0,0.0,0.0,545.2807999999999
2022-05-16 09:00:00,0.0,0.0,0.0,0.0,0.0,0.0,0.0,671.2787999999999
2022-05-16 10:00:00,0.0,0.0,0.0,0.0,0.0,0.0,0.0,744.0451999999999
2022-05-16 11:00:00,0.0,0.0,0.0,0.0,0.0,0.0,0.0,766.2737
2022-05-16 12:00:00,0.0,0.0,0.0,0.0,0.0,0.0,0.0,739.0009
2022-05-16 13:00:00,0.0,0.0,0.0,0.0,0.0,0.0,0.0,646.0719
2022-05-16 14:00:00,0.0,0.0,0.0,0.0,0.0,0.0,0.0,503.0941
2022-05-16 15:00:00,0.0,234.8652,0.0,0.0,117.4326,0.0,0.0,340.09239999999994
2022-05-16 16:00:00,0.0,698.2196,0.0,0.0,349.1098,0.0,0.0,166.6152
2022-05-16 17:00:00,0.0,1085.5562,0.0,0.0,542.7781,0.0,0.0,38.3469
2022-05-16 18:00:00,0.0,1410.69,0.0,0.0,705.345,0.0,0.0,0.0
2022-05-16 19:00:00,0.0,1211.33,0.0,0.0,605.665,0.0,0.0,0.0
2022-05-16 20:00:00,0.0,1167.65,0.0,0.0,583.825,0.0,0.0,0.0
2022-05-16 21:00:00,0.0,1060.93,0.0,0.0,530.465,0.0,0.0,0.0
2022-05-16 22:00:00,0.0,979.91,0.0,0.0,489.955,0.0,0.0,0.0
2022-05-16 23:00:00,0.0,910.25,0.0,0.0,455.125,0.0,0.0,0.0
2022-05-17 00:00:00,0.0,877.99,0.0,0.0,438.995,0.0,0.0,0.0
2022-05-17 01:00:00,0.0,906.45,0.0,0.0,453.225,0.0,0.0,0.0
2022-05-17 02:00:00,0.0,941.03,0.0,0.0,470.515,0.0,0.0,0.0
2022-05-17 03:00:00,0.0,981.19,0.0,0.0,490.595,0.0,0.0,0.0
2022-05-17 04:00:00,0.0,1081.0324,0.0,0.0,540.5162,0.0,0.0,2.5987999999999998
2022-05-17 05:00:00,0.0,1274.7896,0.0,0.0,637.3948,0.0,0.0,67.7002
2022-05-17 06:00:00,0.0,1046.3574,0.0,0.0,523.1787,0.0,0.0,225.79630000000003
2022-05-17 07:00:00,0.0,455.6834,0.0,0.0,227.8417,0.0,0.0,385.5933
2022-05-17 08:00:00,0.0,0.0,0.0,0.0,0.0,0.0,0.0,538.8641
2022-05-17 09:00:00,0.0,0.0,0.0,0.0,0.0,0.0,0.0,634.0707
2022-05-17 10:00:00,0.0,0.0,0.0,0.0,0.0,0.0,0.0,710.8229
2022-05-17 11:00:00,0.0,0.0,0.0,0.0,0.0,0.0,0.0,736.3217999999999
2022-05-17 12:00:00,0.0,0.0,0.0,0.0,0.0,0.0,0.0,712.0566
2022-05-17 13:00:00,0.0,0.0,0.0,0.0,0.0,0.0,0.0,618.8356
2022-05-17 14:00:00,0.0,0.0,0.0,0.0,0.0,0.0,0.0,485.49379999999996
2022-05-17 15:00:00,0.0,294.7236,0.0,0.0,147.3618,0.0,0.0,332.7632
2022-05-17 16:00:00,0.0,729.6856,0.0,0.0,364.8428,0.0,0.0,165.08219999999997
2022-05-17 17:00:00,0.0,1034.8544,0.0,0.0,517.4272,0.0,0.0,36.3978
2022-05-17 18:00:00,0.0,1442.12,10.881429,0.0,721.06,38.085,0.0,0.0
2022-05-17 19:00:00,0.0,1238.45,0.0,0.0,619.225,0.0,0.0,0.0
2022-05-17 20:00:00,0.0,1237.79,0.0,0.0,618.895,0.0,0.0,0.0
2022-05-17 21:00:00,0.0,1299.83,0.0,0.0,649.915,0.0,0.0,0.0
2022-05-17 22:00:00,0.0,1158.85,0.0,0.0,579.425,0.0,0.0,0.0
2022-05-17 23:00:00,0.0,1125.83,0.0,0.0,562.915,0.0,0.0,0.0
2022-05-18 00:00:00,0.0,1055.85,0.0,0.0,527.925,0.0,0.0,0.0
2022-05-18 01:00:00,0.0,1082.79,0.0,0.0,541.395,0.0,0.0,0.0
2022-05-18 02:00:00,0.0,1103.55,0.0,0.0,551.775,0.0,0.0,0.0
2022-05-18 03:00:00,0.0,1109.89,0.0,0.0,554.945,0.0,0.0,0.0
2022-05-18 04:00:00,0.0,1172.9524,0.0,0.0,586.4762,0.0,0.0,2.5987999999999998
2022-05-18 05:00:00,0.0,1306.0214,0.0,0.0,653.0107,0.0,0.0,67.82430000000001
2022-05-18 06:00:00,0.0,1024.1248,0.0,0.0,512.0624,0.0,0.0,221.64260000000002
2022-05-18 07:00:00,0.0,501.0026,0.0,0.0,250.5013,0.0,0.0,386.6737
2022-05-18 08:00:00,0.0,0.0,0.0,0.0,0.0,0.0,0.0,540.9227
2022-05-18 09:00:00,0.0,0.0,0.0,0.0,0.0,0.0,0.0,659.1461999999999
2022-05-18 10:00:00,0.0,0.0,0.0,0.0,0.0,0.0,0.0,734.7012
2022-05-18 11:00:00,0.0,0.0,0.0,0.0,0.0,0.0,0.0,752.3525999999998
2022-05-18 12:00:00,0.0,0.0,0.0,0.0,0.0,0.0,0.0,722.3496
2022-05-18 13:00:00,0.0,0.0,0.0,0.0,0.0,0.0,0.0,627.9898
2022-05-18 14:00:00,0.0,0.0,0.0,0.0,0.0,0.0,0.0,487.2458
2022-05-18 15:00:00,0.0,347.4368,0.0,0.0,173.7184,0.0,0.0,328.8066
2022-05-18 16:00:00,0.0,660.2216,0.0,0.0,330.1108,0.0,0.0,163.9142
2022-05-18 17:00:00,0.0,984.1562,0.0,0.0,492.0781,0.0,0.0,38.3469
2022-05-18 18:00:00,0.0,1375.89,0.0,0.0,687.945,0.0,0.0,0.0
2022-05-18 19:00:00,0.0,1075.65,0.0,0.0,537.825,0.0,0.0,0.0
2022-05-18 20:00:00,0.0,1151.25,0.0,0.0,575.625,0.0,0.0,0.0
2022-05-18 21:00:00,0.0,1227.49,0.0,0.0,613.745,0.0,0.0,0.0
2022-05-18 22:00:00,0.0,1142.39,0.0,0.0,571.195,0.0,0.0,0.0
2022-05-18 23:00:00,0.0,1068.35,0.0,0.0,534.175,0.0,0.0,0.0
2022-05-19 00:00:00,0.0,1052.71,0.0,0.0,526.355,0.0,0.0,0.0
2022-05-19 01:00:00,0.0,1050.71,0.0,0.0,525.355,0.0,0.0,0.0
2022-05-19 02:00:00,0.0,1089.29,0.0,0.0,544.645,0.0,0.0,0.0
2022-05-19 03:00:00,0.0,1120.63,0.0,0.0,560.315,0.0,0.0,0.0
2022-05-19 04:00:00,0.0,1095.8524,0.0,0.0,547.9262,0.0,0.0,2.5987999999999998
2022-05-19 05:00:00,0.0,908.0898,0.0,0.0,454.0449,0.0,0.0,68.89009999999999
2022-05-19 06:00:00,0.0,681.0736,0.0,0.0,340.5368,0.0,0.0,182.74819999999997
2022-05-19 07:00:00,0.0,541.4208,0.0,0.0,270.7104,0.0,0.0,345.3046
2022-05-19 08:00:00,0.0,179.6618,0.0,0.0,89.8309,0.0,0.0,510.3941
2022-05-19 09:00:00,0.0,0.0,0.0,0.0,0.0,0.0,0.0,645.7872
2022-05-19 10:00:00,0.0,0.0,0.0,0.0,0.0,0.0,0.0,727.8902999999999
2022-05-19 11:00:00,0.0,0.0,0.0,0.0,0.0,0.0,0.0,757.6524000000001
2022-05-19 12:00:00,0.0,0.0,0.0,0.0,0.0,0.0,0.0,719.4369
2022-05-19 13:00:00,0.0,0.0,0.0,0.0,0.0,0.0,0.0,629.5812
2022-05-19 14:00:00,0.0,3.5654,0.0,0.0,1.7827,0.0,0.0,496.0423
2022-05-19 15:00:00,0.0,296.6178,0.0,0.0,148.3089,0.0,0.0,336.2161
2022-05-19 16:00:00,0.0,645.8618,0.0,0.0,322.9309,0.0,0.0,167.29410000000001
2022-05-19 17:00:00,0.0,935.355,0.0,0.0,467.6775,0.0,0.0,37.0475
2022-05-19 18:00:00,0.0,1231.29,0.0,0.0,615.645,0.0,0.0,0.0
2022-05-19 19:00:00,0.0,998.85,0.0,0.0,499.425,0.0,0.0,0.0
2022-05-19 20:00:00,0.0,1000.85,0.0,0.0,500.425,0.0,0.0,0.0
2022-05-19 21:00:00,0.0,1035.79,0.0,0.0,517.895,0.0,0.0,0.0
2022-05-19 22:00:00,0.0,1000.73,0.0,0.0,500.365,0.0,0.0,0.0
2022-05-19 23:00:00,0.0,948.33,0.0,0.0,474.165,0.0,0.0,0.0
2022-05-20 00:00:00,0.0,915.63,0.0,0.0,457.815,0.0,0.0,0.0
2022-05-20 01:00:00,0.0,895.09,0.0,0.0,447.545,0.0,0.0,0.0
2022-05-20 02:00:00,0.0,928.03,0.0,0.0,464.015,0.0,0.0,0.0
2022-05-20 03:00:00,0.0,970.13,0.0,0.0,485.065,0.0,0.0,0.0
2022-05-20 04:00:00,0.0,874.5536,0.0,0.0,437.2768,0.0,0.0,3.8981999999999997
2022-05-20 05:00:00,0.0,731.5058,0.0,0.0,365.7529,0.0,0.0,69.18209999999999
2022-05-20 06:00:00,0.0,422.096,0.0,0.0,211.048,0.0,0.0,230.60699999999997
2022-05-20 07:00:00,0.0,331.9368,0.0,0.0,165.9684,0.0,0.0,398.8866
2022-05-20 08:00:00,0.0,0.0,0.0,0.0,0.0,0.0,0.0,554.0772999999999
2022-05-20 09:00:00,0.0,0.0,0.0,0.0,0.0,0.0,0.0,670.4977
2022-05-20 10:00:00,0.0,0.0,0.0,0.0,0.0,0.0,0.0,743.1181
2022-05-20 11:00:00,0.0,0.0,0.0,0.0,0.0,0.0,0.0,748.7025999999998
2022-05-20 12:00:00,0.0,0.0,0.0,0.0,0.0,0.0,0.0,723.3205
2022-05-20 13:00:00,0.0,0.0,0.0,0.0,0.0,0.0,0.0,626.3910999999999
2022-05-20 14:00:00,0.0,0.0,0.0,0.0,0.0,0.0,0.0,494.7355999999999
2022-05-20 15:00:00,0.0,239.8618,0.0,0.0,119.9309,0.0,0.0,335.1941
2022-05-20 16:00:00,0.0,724.828,0.0,0.0,362.414,0.0,0.0,168.411
2022-05-20 17:00:00,0.0,1061.2556,0.0,0.0,530.6278,0.0,0.0,37.697199999999995
2022-05-20 18:00:00,0.0,1442.12,13.11,0.0,721.06,45.885,0.0,0.0
2022-05-20 19:00:00,0.0,1198.25,0.0,0.0,599.125,0.0,0.0,0.0
2022-05-20 20:00:00,0.0,1084.55,0.0,0.0,542.275,0.0,0.0,0.0
2022-05-20 21:00:00,0.0,1030.03,0.0,0.0,515.015,0.0,0.0,0.0
2022-05-20 22:00:00,0.0,966.59,0.0,0.0,483.295,0.0,0.0,0.0
2022-05-20 23:00:00,0.0,984.21,0.0,0.0,492.105,0.0,0.0,0.0
2022-05-21 00:00:00,0.0,905.43,0.0,0.0,452.715,0.0,0.0,0.0
2022-05-21 01:00:00,0.0,925.19,0.0,0.0,462.595,0.0,0.0,0.0
2022-05-21 02:00:00,0.0,954.69,0.0,0.0,477.345,0.0,0.0,0.0
2022-05-21 03:00:00,0.0,954.29,0.0,0.0,477.145,0.0,0.0,0.0
2022-05-21 04:00:00,0.0,1032.3942,0.0,0.0,516.1971,0.0,0.0,4.547899999999999
2022-05-21 05:00:00,0.0,1206.5542,0.0,0.0,603.2771,0.0,0.0,69.5179
2022-05-21 06:00:00,0.0,954.9888,0.0,0.0,477.4944,0.0,0.0,230.1106
2022-05-21 07:00:00,0.0,299.9374,0.0,0.0,149.9687,0.0,0.0,397.3463
2022-05-21 08:00:00,0.0,0.0,0.0,0.0,0.0,0.0,0.0,556.3111
2022-05-21 09:00:00,0.0,0.0,0.0,0.0,0.0,0.0,0.0,680.1191
2022-05-21 10:00:00,0.0,0.0,0.0,0.0,0.0,0.0,0.0,757.375
2022-05-21 11:00:00,0.0,0.0,0.0,0.0,0.0,0.0,0.0,780.2459
2022-05-21 12:00:00,0.0,0.0,0.0,0.0,0.0,0.0,0.0,740.9719
2022-05-21 13:00:00,0.0,0.0,0.0,0.0,0.0,0.0,0.0,651.7732
2022-05-21 14:00:00,0.0,0.0,0.0,0.0,0.0,0.0,0.0,512.2994
2022-05-21 15:00:00,0.0,221.5252,0.0,0.0,110.7626,0.0,0.0,345.9324
2022-05-21 16:00:00,0.0,670.0286,0.0,0.0,335.0143,0.0,0.0,171.98069999999998
2022-05-21 17:00:00,0.0,1125.875,0.0,0.0,562.9375,0.0,0.0,37.0475
2022-05-21 18:00:00,0.0,1380.35,0.0,0.0,690.175,0.0,0.0,0.0
2022-05-21 19:00:00,0.0,1146.35,0.0,0.0,573.175,0.0,0.0,0.0
2022-05-21 20:00:00,0.0,1160.59,0.0,0.0,580.295,0.0,0.0,0.0
2022-05-21 21:00:00,0.0,1160.51,0.0,0.0,580.255,0.0,0.0,0.0
2022-05-21 22:00:00,0.0,986.07,0.0,0.0,493.035,0.0,0.0,0.0
2022-05-21 23:00:00,0.0,939.75,0.0,0.0,469.875,0.0,0.0,0.0
2022-05-22 00:00:00,0.0,950.99,0.0,0.0,475.495,0.0,0.0,0.0
2022-05-22 01:00:00,0.0,988.05,0.0,0.0,494.025,0.0,0.0,0.0
2022-05-22 02:00:00,0.0,1000.29,0.0,0.0,500.145,0.0,0.0,0.0
2022-05-22 03:00:00,0.0,1014.51,0.0,0.0,507.255,0.0,0.0,0.0
2022-05-22 04:00:00,0.0,1028.7548,0.0,0.0,514.3774,0.0,0.0,5.1975999999999996
2022-05-22 05:00:00,0.0,1201.8564,0.0,0.0,600.9282,0.0,0.0,69.4668
2022-05-22 06:00:00,0.0,900.901,0.0,0.0,450.4505,0.0,0.0,223.8545
2022-05-22 07:00:00,0.0,325.701,0.0,0.0,162.8505,0.0,0.0,389.5645
2022-05-22 08:00:00,0.0,0.0,0.0,0.0,0.0,0.0,0.0,540.784
2022-05-22 09:00:00,0.0,0.0,0.0,0.0,0.0,0.0,0.0,654.3209
2022-05-22 10:00:00,0.0,0.0,0.0,0.0,0.0,0.0,0.0,721.3567999999999
2022-05-22 11:00:00,0.0,0.0,0.0,0.0,0.0,0.0,0.0,739.0228
2022-05-22 12:00:00,0.0,0.0,0.0,0.0,0.0,0.0,0.0,694.6022999999999
2022-05-22 13:00:00,0.0,0.0,0.0,0.0,0.0,0.0,0.0,608.1484
2022-05-22 14:00:00,0.0,0.0,0.0,0.0,0.0,0.0,0.0,478.94570000000004
2022-05-22 15:00:00,0.0,257.4872,0.0,0.0,128.7436,0.0,0.0,324.98139999999995
2022-05-22 16:00:00,0.0,646.4914,0.0,0.0,323.2457,0.0,0.0,165.27929999999998
2022-05-22 17:00:00,0.0,1090.7574,0.0,0.0,545.3787,0.0,0.0,39.6463
2022-05-22 18:00:00,0.0,1442.12,12.412857,0.0,721.06,43.445,0.0,0.0
2022-05-22 19:00:00,0.0,1122.97,0.0,0.0,561.485,0.0,0.0,0.0
2022-05-22 20:00:00,0.0,1098.97,0.0,0.0,549.485,0.0,0.0,0.0
2022-05-22 21:00:00,0.0,1111.59,0.0,0.0,555.795,0.0,0.0,0.0
2022-05-22 22:00:00,0.0,1052.91,0.0,0.0,526.455,0.0,0.0,0.0
2022-05-22 23:00:00,0.0,1033.35,0.0,0.0,516.675,0.0,0.0,0.0
2022-05-23 00:00:00,0.0,979.13,0.0,0.0,489.565,0.0,0.0,0.0
2022-05-23 01:00:00,0.0,982.25,0.0,0.0,491.125,0.0,0.0,0.0
2022-05-23 02:00:00,0.0,991.47,0.0,0.0,495.735,0.0,0.0,0.0
2022-05-23 03:00:00,0.0,1008.19,0.0,0.0,504.095,0.0,0.0,0.0
2022-05-23 04:00:00,0.0,1038.8942,0.0,0.0,519.4471,0.0,0.0,4.547899999999999
2022-05-23 05:00:00,0.0,1270.9328,0.0,0.0,635.4664,0.0,0.0,72.1386
2022-05-23 06:00:00,0.0,961.1704,0.0,0.0,480.5852,0.0,0.0,214.07979999999998
2022-05-23 07:00:00,0.0,423.4404,0.0,0.0,211.7202,0.0,0.0,376.5048
2022-05-23 08:00:00,0.0,0.0,0.0,0.0,0.0,0.0,0.0,527.1038
2022-05-23 09:00:00,0.0,0.0,0.0,0.0,0.0,0.0,0.0,644.9476999999999
2022-05-23 10:00:00,0.0,0.0,0.0,0.0,0.0,0.0,0.0,718.5097999999999
2022-05-23 11:00:00,0.0,0.0,0.0,0.0,0.0,0.0,0.0,736.1831
2022-05-23 12:00:00,0.0,0.0,0.0,0.0,0.0,0.0,0.0,699.1867
2022-05-23 13:00:00,0.0,0.0,0.0,0.0,0.0,0.0,0.0,615.9959
2022-05-23 14:00:00,0.0,0.0,0.0,0.0,0.0,0.0,0.0,483.99
2022-05-23 15:00:00,0.0,207.3488,0.0,0.0,103.6744,0.0,0.0,327.20059999999995
2022-05-23 16:00:00,0.0,659.6188,0.0,0.0,329.8094,0.0,0.0,164.7756
2022-05-23 17:00:00,0.0,996.5258,0.0,0.0,498.2629,0.0,0.0,42.9021
2022-05-23 18:00:00,0.0,1440.85,0.0,0.0,720.425,0.0,0.0,0.0
2022-05-23 19:00:00,0.0,1090.45,0.0,0.0,545.225,0.0,0.0,0.0
2022-05-23 20:00:00,0.0,1240.29,0.0,0.0,620.145,0.0,0.0,0.0
2022-05-23 21:00:00,0.0,1225.99,0.0,0.0,612.995,0.0,0.0,0.0
2022-05-23 22:00:00,0.0,1069.13,0.0,0.0,534.565,0.0,0.0,0.0
2022-05-23 23:00:00,0.0,1028.87,0.0,0.0,514.435,0.0,0.0,0.0
2022-05-24 00:00:00,0.0,1005.21,0.0,0.0,502.605,0.0,0.0,0.0
2022-05-24 01:00:00,0.0,997.41,0.0,0.0,498.705,0.0,0.0,0.0
2022-05-24 02:00:00,0.0,1028.01,0.0,0.0,514.005,0.0,0.0,0.0
2022-05-24 03:00:00,0.0,1046.47,0.0,0.0,523.235,0.0,0.0,0.0
2022-05-24 04:00:00,0.0,1147.5148,0.0,0.0,573.7574,0.0,0.0,5.1975999999999996
2022-05-24 05:00:00,0.0,1327.9014,0.0,0.0,663.9507,0.0,0.0,73.6643
2022-05-24 06:00:00,0.0,1002.578,0.0,0.0,501.289,0.0,0.0,213.306
2022-05-24 07:00:00,0.0,479.6646,0.0,0.0,239.8323,0.0,0.0,373.7527
2022-05-24 08:00:00,0.0,0.0,0.0,0.0,0.0,0.0,0.0,517.6722
2022-05-24 09:00:00,0.0,0.0,0.0,0.0,0.0,0.0,0.0,614.6089000000001
2022-05-24 10:00:00,0.0,0.0,0.0,0.0,0.0,0.0,0.0,692.9671
2022-05-24 11:00:00,0.0,0.0,0.0,0.0,0.0,0.0,0.0,718.3127
2022-05-24 12:00:00,0.0,0.0,0.0,0.0,0.0,0.0,0.0,690.6456999999999
2022-05-24 13:00:00,0.0,0.0,0.0,0.0,0.0,0.0,0.0,605.1554
2022-05-24 14:00:00,0.0,0.0,0.0,0.0,0.0,0.0,0.0,478.74859999999995
2022-05-24 15:00:00,0.0,255.5688,0.0,0.0,127.7844,0.0,0.0,322.82059999999996
2022-05-24 16:00:00,0.0,665.1744,0.0,0.0,332.5872,0.0,0.0,164.1478
2022-05-24 17:00:00,0.0,1067.9458,0.0,0.0,533.9729,0.0,0.0,42.9021
2022-05-24 18:00:00,0.0,1420.51,0.0,0.0,710.255,0.0,0.0,0.0
2022-05-24 19:00:00,0.0,1115.89,0.0,0.0,557.945,0.0,0.0,0.0
2022-05-24 20:00:00,0.0,1147.01,0.0,0.0,573.505,0.0,0.0,0.0
2022-05-24 21:00:00,0.0,1108.03,0.0,0.0,554.015,0.0,0.0,0.0
2022-05-24 22:00:00,0.0,1009.85,0.0,0.0,504.925,0.0,0.0,0.0
2022-05-24 23:00:00,0.0,989.47,0.0,0.0,494.735,0.0,0.0,0.0
2022-05-25 00:00:00,0.0,1028.77,0.0,0.0,514.385,0.0,0.0,0.0
2022-05-25 01:00:00,0.0,1021.19,0.0,0.0,510.595,0.0,0.0,0.0
2022-05-25 02:00:00,0.0,1043.97,0.0,0.0,521.985,0.0,0.0,0.0
2022-05-25 03:00:00,0.0,1072.79,0.0,0.0,536.395,0.0,0.0,0.0
2022-05-25 04:00:00,0.0,1102.4118,0.0,0.0,551.2059,0.0,0.0,1.9490999999999998
2022-05-25 05:00:00,0.0,1230.1896,0.0,0.0,615.0948,0.0,0.0,71.3502
2022-05-25 06:00:00,0.0,1096.246,0.0,0.0,548.123,0.0,0.0,141.182
2022-05-25 07:00:00,0.0,436.9842,0.0,0.0,218.4921,0.0,0.0,348.01289999999995
2022-05-25 08:00:00,0.0,212.2852,0.0,0.0,106.1426,0.0,0.0,364.1824
2022-05-25 09:00:00,0.0,592.32,0.0,0.0,296.16,0.0,0.0,168.265
2022-05-25 10:00:00,0.0,401.2076,0.0,0.0,200.6038,0.0,0.0,226.62119999999996
2022-05-25 11:00:00,0.0,356.2454,0.0,0.0,178.1227,0.0,0.0,344.9323
2022-05-25 12:00:00,0.0,260.229,0.0,0.0,130.1145,0.0,0.0,338.6105
2022-05-25 13:00:00,0.0,621.821,0.0,0.0,310.9105,0.0,0.0,145.0145
2022-05-25 14:00:00,0.0,324.613,0.0,0.0,162.3065,0.0,0.0,279.9185
2022-05-25 15:00:00,0.0,351.4862,0.0,0.0,175.7431,0.0,0.0,293.48189999999994
2022-05-25 16:00:00,0.0,703.2426,0.0,0.0,351.6213,0.0,0.0,139.20369999999997
2022-05-25 17:00:00,0.0,923.7512,0.0,0.0,461.8756,0.0,0.0,48.7494
2022-05-25 18:00:00,0.0,1288.09,0.0,0.0,644.045,0.0,0.0,0.0
2022-05-25 19:00:00,0.0,1003.03,0.0,0.0,501.515,0.0,0.0,0.0
2022-05-25 20:00:00,0.0,1004.61,0.0,0.0,502.305,0.0,0.0,0.0
2022-05-25 21:00:00,0.0,1096.87,0.0,0.0,548.435,0.0,0.0,0.0
2022-05-25 22:00:00,0.0,1016.45,0.0,0.0,508.225,0.0,0.0,0.0
2022-05-25 23:00:00,0.0,1013.01,0.0,0.0,506.505,0.0,0.0,0.0
2022-05-26 00:00:00,0.0,961.85,0.0,0.0,480.925,0.0,0.0,0.0
2022-05-26 01:00:00,0.0,984.03,0.0,0.0,492.015,0.0,0.0,0.0
2022-05-26 02:00:00,0.0,1008.11,0.0,0.0,504.055,0.0,0.0,0.0
2022-05-26 03:00:00,0.0,1009.03,0.0,0.0,504.515,0.0,0.0,0.0
2022-05-26 04:00:00,0.0,965.7354,0.0,0.0,482.8677,0.0,0.0,5.847300000000001
2022-05-26 05:00:00,0.0,790.7972,0.0,0.0,395.3986,0.0,0.0,74.2264
2022-05-26 06:00:00,0.0,599.0592,0.0,0.0,299.5296,0.0,0.0,197.81539999999998
2022-05-26 07:00:00,0.0,598.7454,0.0,0.0,299.3727,0.0,0.0,287.2623
2022-05-26 08:00:00,0.0,181.2718,0.0,0.0,90.6359,0.0,0.0,477.17909999999995
2022-05-26 09:00:00,0.0,0.0,0.0,0.0,0.0,0.0,0.0,571.6995
2022-05-26 10:00:00,0.0,505.3258,0.0,0.0,252.6629,0.0,0.0,322.4921
2022-05-26 11:00:00,0.0,893.8824,0.0,0.0,446.9412,0.0,0.0,173.0538
2022-05-26 12:00:00,0.0,786.609,0.0,0.0,393.3045,0.0,0.0,121.0705
2022-05-26 13:00:00,0.0,82.3778,0.0,0.0,41.1889,0.0,0.0,452.2861
2022-05-26 14:00:00,0.0,648.0434,0.0,0.0,324.0217,0.0,0.0,160.7533
2022-05-26 15:00:00,0.0,715.6586,0.0,0.0,357.8293,0.0,0.0,151.9057
2022-05-26 16:00:00,0.0,802.6548,0.0,0.0,401.3274,0.0,0.0,106.6676
2022-05-26 17:00:00,0.0,960.0514,0.0,0.0,480.0257,0.0,0.0,33.1493
2022-05-26 18:00:00,0.0,1253.35,0.0,0.0,626.675,0.0,0.0,0.0
2022-05-26 19:00:00,0.0,1049.23,0.0,0.0,524.615,0.0,0.0,0.0
2022-05-26 20:00:00,0.0,974.97,0.0,0.0,487.485,0.0,0.0,0.0
2022-05-26 21:00:00,0.0,994.09,0.0,0.0,497.045,0.0,0.0,0.0
2022-05-26 22:00:00,0.0,970.41,0.0,0.0,485.205,0.0,0.0,0.0
2022-05-26 23:00:00,0.0,977.75,0.0,0.0,488.875,0.0,0.0,0.0
2022-05-27 00:00:00,0.0,926.29,0.0,0.0,463.145,0.0,0.0,0.0
2022-05-27 01:00:00,0.0,923.45,0.0,0.0,461.725,0.0,0.0,0.0
2022-05-27 02:00:00,0.0,904.01,0.0,0.0,452.005,0.0,0.0,0.0
2022-05-27 03:00:00,0.0,938.19,0.0,0.0,469.095,0.0,0.0,0.0
2022-05-27 04:00:00,0.0,904.7572,0.0,0.0,452.3786,0.0,0.0,7.796399999999999
2022-05-27 05:00:00,0.0,862.6068,0.0,0.0,431.3034,0.0,0.0,22.5716
2022-05-27 06:00:00,0.0,817.946,0.0,0.0,408.973,0.0,0.0,49.932
2022-05-27 07:00:00,0.0,721.954,0.0,0.0,360.977,0.0,0.0,186.588
2022-05-27 08:00:00,0.0,554.3206,0.0,0.0,277.1603,0.0,0.0,319.29470000000003
2022-05-27 09:00:00,0.0,924.8282,0.0,0.0,462.4141,0.0,0.0,148.4309
2022-05-27 10:00:00,0.0,997.7696,0.0,0.0,498.8848,0.0,0.0,100.55020000000002
2022-05-27 11:00:00,0.0,430.3434,0.0,0.0,215.1717,0.0,0.0,403.1133
2022-05-27 12:00:00,0.0,394.3212,0.0,0.0,197.1606,0.0,0.0,307.53439999999995
2022-05-27 13:00:00,0.0,164.2158,0.0,0.0,82.1079,0.0,0.0,417.7570999999999
2022-05-27 14:00:00,0.0,115.7408,0.0,0.0,57.8704,0.0,0.0,419.03459999999995
2022-05-27 15:00:00,0.0,919.9556,0.0,0.0,459.9778,0.0,0.0,69.0872
2022-05-27 16:00:00,0.0,727.5676,0.0,0.0,363.7838,0.0,0.0,160.92119999999997
2022-05-27 17:00:00,0.0,1081.2992,0.0,0.0,540.6496,0.0,0.0,41.5954
2022-05-27 18:00:00,0.0,1442.12,3.3728571,0.0,721.06,11.805,0.0,0.0
2022-05-27 19:00:00,0.0,1213.47,0.0,0.0,606.735,0.0,0.0,0.0
2022-05-27 20:00:00,0.0,1154.25,0.0,0.0,577.125,0.0,0.0,0.0
2022-05-27 21:00:00,0.0,1203.85,0.0,0.0,601.925,0.0,0.0,0.0
2022-05-27 22:00:00,0.0,1070.79,0.0,0.0,535.395,0.0,0.0,0.0
2022-05-27 23:00:00,0.0,995.93,0.0,0.0,497.965,0.0,0.0,0.0
2022-05-28 00:00:00,0.0,976.01,0.0,0.0,488.005,0.0,0.0,0.0
2022-05-28 01:00:00,0.0,993.53,0.0,0.0,496.765,0.0,0.0,0.0
2022-05-28 02:00:00,0.0,1032.49,0.0,0.0,516.245,0.0,0.0,0.0
2022-05-28 03:00:00,0.0,1036.09,0.0,0.0,518.045,0.0,0.0,0.0
2022-05-28 04:00:00,0.0,1085.885,0.0,0.0,542.9425,0.0,0.0,10.4025
2022-05-28 05:00:00,0.0,1310.6066,0.0,0.0,655.3033,0.0,0.0,70.29169999999999
2022-05-28 06:00:00,0.0,971.6966,0.0,0.0,485.8483,0.0,0.0,216.65669999999994
2022-05-28 07:00:00,0.0,398.4804,0.0,0.0,199.2402,0.0,0.0,369.2048
2022-05-28 08:00:00,0.0,0.0,0.0,0.0,0.0,0.0,0.0,509.2553
2022-05-28 09:00:00,0.0,699.2246,0.0,0.0,349.6123,0.0,0.0,97.81269999999999
2022-05-28 10:00:00,0.0,482.2818,0.0,0.0,241.1409,0.0,0.0,205.9841
2022-05-28 11:00:00,0.0,395.9678,0.0,0.0,197.9839,0.0,0.0,309.5711
2022-05-28 12:00:00,0.0,429.863,0.0,0.0,214.9315,0.0,0.0,234.2935
2022-05-28 13:00:00,0.0,419.952,0.0,0.0,209.976,0.0,0.0,219.949
2022-05-28 14:00:00,0.0,708.7678,0.0,0.0,354.3839,0.0,0.0,75.24109999999999
2022-05-28 15:00:00,0.0,729.8928,0.0,0.0,364.9464,0.0,0.0,77.97859999999999
2022-05-28 16:00:00,0.0,843.9782,0.0,0.0,421.9891,0.0,0.0,67.0359
2022-05-28 17:00:00,0.0,1000.9536,0.0,0.0,500.4768,0.0,0.0,51.3482
2022-05-28 18:00:00,0.0,1373.09,0.0,0.0,686.545,0.0,0.0,0.0
2022-05-28 19:00:00,0.0,1139.05,0.0,0.0,569.525,0.0,0.0,0.0
2022-05-28 20:00:00,0.0,1123.75,0.0,0.0,561.875,0.0,0.0,0.0
2022-05-28 21:00:00,0.0,1124.39,0.0,0.0,562.195,0.0,0.0,0.0
2022-05-28 22:00:00,0.0,1008.37,0.0,0.0,504.185,0.0,0.0,0.0
2022-05-28 23:00:00,0.0,919.05,0.0,0.0,459.525,0.0,0.0,0.0
2022-05-29 00:00:00,0.0,946.79,0.0,0.0,473.395,0.0,0.0,0.0
2022-05-29 01:00:00,0.0,941.75,0.0,0.0,470.875,0.0,0.0,0.0
2022-05-29 02:00:00,0.0,950.71,0.0,0.0,475.355,0.0,0.0,0.0
2022-05-29 03:00:00,0.0,957.59,0.0,0.0,478.795,0.0,0.0,0.0
2022-05-29 04:00:00,0.0,999.8856,0.0,0.0,499.9428,0.0,0.0,11.0522
2022-05-29 05:00:00,0.0,1131.3618,0.0,0.0,565.6809,0.0,0.0,71.66409999999999
2022-05-29 06:00:00,0.0,842.9864,0.0,0.0,421.4932,0.0,0.0,215.83180000000002
2022-05-29 07:00:00,0.0,402.4422,0.0,0.0,201.2211,0.0,0.0,376.99389999999994
2022-05-29 08:00:00,0.0,0.0,0.0,0.0,0.0,0.0,0.0,524.7459
2022-05-29 09:00:00,0.0,0.0,0.0,0.0,0.0,0.0,0.0,638.7646
2022-05-29 10:00:00,0.0,0.0,0.0,0.0,0.0,0.0,0.0,712.1004
2022-05-29 11:00:00,0.0,0.0,0.0,0.0,0.0,0.0,0.0,733.4966999999999
2022-05-29 12:00:00,0.0,0.0,0.0,0.0,0.0,0.0,0.0,701.7636
2022-05-29 13:00:00,0.0,0.0,0.0,0.0,0.0,0.0,0.0,615.1782999999999
2022-05-29 14:00:00,0.0,0.0,0.0,0.0,0.0,0.0,0.0,487.5451
2022-05-29 15:00:00,0.0,250.1618,0.0,0.0,125.0809,0.0,0.0,331.54409999999996
2022-05-29 16:00:00,0.0,670.7926,0.0,0.0,335.3963,0.0,0.0,170.22869999999998
2022-05-29 17:00:00,0.0,952.0592,0.0,0.0,476.0296,0.0,0.0,41.5954
2022-05-29 18:00:00,0.0,1379.89,0.0,0.0,689.945,0.0,0.0,0.0
2022-05-29 19:00:00,0.0,1084.25,0.0,0.0,542.125,0.0,0.0,0.0
2022-05-29 20:00:00,0.0,1077.93,0.0,0.0,538.965,0.0,0.0,0.0
2022-05-29 21:00:00,0.0,1083.89,0.0,0.0,541.945,0.0,0.0,0.0
2022-05-29 22:00:00,0.0,986.89,0.0,0.0,493.445,0.0,0.0,0.0
2022-05-29 23:00:00,0.0,849.15,0.0,0.0,424.575,0.0,0.0,0.0
2022-05-30 00:00:00,0.0,827.69,0.0,0.0,413.845,0.0,0.0,0.0
2022-05-30 01:00:00,0.0,828.33,0.0,0.0,414.165,0.0,0.0,0.0
2022-05-30 02:00:00,0.0,832.21,0.0,0.0,416.105,0.0,0.0,0.0
2022-05-30 03:00:00,0.0,829.95,0.0,0.0,414.975,0.0,0.0,0.0
2022-05-30 04:00:00,0.0,871.5662,0.0,0.0,435.7831,0.0,0.0,11.701900000000002
2022-05-30 05:00:00,0.0,1073.2248,0.0,0.0,536.6124,0.0,0.0,70.53259999999999
2022-05-30 06:00:00,0.0,915.7002,0.0,0.0,457.8501,0.0,0.0,216.1749
2022-05-30 07:00:00,0.0,444.3832,0.0,0.0,222.1916,0.0,0.0,343.5234
2022-05-30 08:00:00,0.0,0.0,0.0,0.0,0.0,0.0,0.0,531.9875
2022-05-30 09:00:00,0.0,0.0,0.0,0.0,0.0,0.0,0.0,637.8666999999999
2022-05-30 10:00:00,0.0,0.0,0.0,0.0,0.0,0.0,0.0,718.4586999999999
2022-05-30 11:00:00,0.0,0.0,0.0,0.0,0.0,0.0,0.0,724.4593
2022-05-30 12:00:00,0.0,0.0,0.0,0.0,0.0,0.0,0.0,697.2521999999999
2022-05-30 13:00:00,0.0,0.0,0.0,0.0,0.0,0.0,0.0,611.6451
2022-05-30 14:00:00,0.0,0.0,0.0,0.0,0.0,0.0,0.0,487.567
2022-05-30 15:00:00,0.0,242.3228,0.0,0.0,121.1614,0.0,0.0,329.4636
2022-05-30 16:00:00,0.0,674.2176,0.0,0.0,337.1088,0.0,0.0,169.31619999999998
2022-05-30 17:00:00,0.0,918.0458,0.0,0.0,459.0229,0.0,0.0,42.9021
2022-05-30 18:00:00,0.0,1384.69,0.0,0.0,692.345,0.0,0.0,0.0
2022-05-30 19:00:00,0.0,1161.45,0.0,0.0,580.725,0.0,0.0,0.0
2022-05-30 20:00:00,0.0,1051.85,0.0,0.0,525.925,0.0,0.0,0.0
2022-05-30 21:00:00,0.0,1002.25,0.0,0.0,501.125,0.0,0.0,0.0
2022-05-30 22:00:00,0.0,992.25,0.0,0.0,496.125,0.0,0.0,0.0
2022-05-30 23:00:00,0.0,890.49,0.0,0.0,445.245,0.0,0.0,0.0
2022-05-31 00:00:00,0.0,889.53,0.0,0.0,444.765,0.0,0.0,0.0
2022-05-31 01:00:00,0.0,908.21,0.0,0.0,454.105,0.0,0.0,0.0
2022-05-31 02:00:00,0.0,928.51,0.0,0.0,464.255,0.0,0.0,0.0
2022-05-31 03:00:00,0.0,964.95,0.0,0.0,482.475,0.0,0.0,0.0
2022-05-31 04:00:00,0.0,1036.1838,0.0,0.0,518.0919,0.0,0.0,9.1031
2022-05-31 05:00:00,0.0,1124.9372,0.0,0.0,562.4686,0.0,0.0,74.95639999999999
2022-05-31 06:00:00,0.0,855.6552,0.0,0.0,427.8276,0.0,0.0,214.89740000000003
2022-05-31 07:00:00,0.0,364.8658,0.0,0.0,182.4329,0.0,0.0,368.4821
2022-05-31 08:00:00,0.0,0.0,0.0,0.0,0.0,0.0,0.0,509.4378
2022-05-31 09:00:00,0.0,0.0,0.0,0.0,0.0,0.0,0.0,599.6731
2022-05-31 10:00:00,0.0,0.0,0.0,0.0,0.0,0.0,0.0,690.9231
2022-05-31 11:00:00,0.0,0.0,0.0,0.0,0.0,0.0,0.0,704.9464
2022-05-31 12:00:00,0.0,0.0,0.0,0.0,0.0,0.0,0.0,641.3706999999999
2022-05-31 13:00:00,0.0,0.0,0.0,0.0,0.0,0.0,0.0,573.6194
2022-05-31 14:00:00,0.0,81.4066,0.0,0.0,40.7033,0.0,0.0,392.2217
2022-05-31 15:00:00,0.0,243.2688,0.0,0.0,121.6344,0.0,0.0,322.0906
2022-05-31 16:00:00,0.0,615.8596,0.0,0.0,307.9298,0.0,0.0,163.69519999999997
2022-05-31 17:00:00,0.0,972.4554,0.0,0.0,486.2277,0.0,0.0,53.297299999999986
2022-05-31 18:00:00,0.0,1365.49,0.0,0.0,682.745,0.0,0.0,0.0
2022-05-31 19:00:00,0.0,1216.85,0.0,0.0,608.425,0.0,0.0,0.0
2022-05-31 20:00:00,0.0,1065.47,0.0,0.0,532.735,0.0,0.0,0.0
2022-05-31 21:00:00,0.0,1107.81,0.0,0.0,553.905,0.0,0.0,0.0
2022-05-31 22:00:00,0.0,1000.79,0.0,0.0,500.395,0.0,0.0,0.0
2022-05-31 23:00:00,0.0,995.77,0.0,0.0,497.885,0.0,0.0,0.0
2022-06-01 00:00:00,0.0,986.05,0.0,0.0,493.025,0.0,0.0,0.0
2022-06-01 01:00:00,0.0,1018.99,0.0,0.0,509.495,0.0,0.0,0.0
2022-06-01 02:00:00,0.0,1045.27,0.0,0.0,522.635,0.0,0.0,0.0
2022-06-01 03:00:00,0.0,1048.77,0.0,0.0,524.385,0.0,0.0,0.0
2022-06-01 04:00:00,0.0,1027.485,0.0,0.0,513.7425,0.0,0.0,10.4025
2022-06-01 05:00:00,0.0,1122.1786,0.0,0.0,561.0893,0.0,0.0,75.25569999999999
2022-06-01 06:00:00,0.0,851.6152,0.0,0.0,425.8076,0.0,0.0,207.5974
2022-06-01 07:00:00,0.0,376.6124,0.0,0.0,188.3062,0.0,0.0,365.4088
2022-06-01 08:00:00,0.0,0.0,0.0,0.0,0.0,0.0,0.0,511.2993
2022-06-01 09:00:00,0.0,0.0,0.0,0.0,0.0,0.0,0.0,618.6311999999999
2022-06-01 10:00:00,0.0,0.0,0.0,0.0,0.0,0.0,0.0,693.7117
2022-06-01 11:00:00,0.0,0.0,0.0,0.0,0.0,0.0,0.0,711.4653
2022-06-01 12:00:00,0.0,0.0,0.0,0.0,0.0,0.0,0.0,680.9805
2022-06-01 13:00:00,0.0,0.0,0.0,0.0,0.0,0.0,0.0,591.5044
2022-06-01 14:00:00,0.0,0.0,0.0,0.0,0.0,0.0,0.0,470.1346
2022-06-01 15:00:00,0.0,335.8206,0.0,0.0,167.9103,0.0,0.0,322.2147
2022-06-01 16:00:00,0.0,617.7362,0.0,0.0,308.8681,0.0,0.0,167.55689999999998
2022-06-01 17:00:00,0.0,845.6494,0.0,0.0,422.8247,0.0,0.0,46.80029999999999
2022-06-01 18:00:00,0.0,1314.29,0.0,0.0,657.145,0.0,0.0,0.0
2022-06-01 19:00:00,0.0,1019.65,0.0,0.0,509.825,0.0,0.0,0.0
2022-06-01 20:00:00,0.0,1053.45,0.0,0.0,526.725,0.0,0.0,0.0
2022-06-01 21:00:00,0.0,965.77,0.0,0.0,482.885,0.0,0.0,0.0
2022-06-01 22:00:00,0.0,921.31,0.0,0.0,460.655,0.0,0.0,0.0
2022-06-01 23:00:00,0.0,849.87,0.0,0.0,424.935,0.0,0.0,0.0
2022-06-02 00:00:00,0.0,821.87,0.0,0.0,410.935,0.0,0.0,0.0
2022-06-02 01:00:00,0.0,809.11,0.0,0.0,404.555,0.0,0.0,0.0
2022-06-02 02:00:00,0.0,824.39,0.0,0.0,412.195,0.0,0.0,0.0
2022-06-02 03:00:00,0.0,820.71,0.0,0.0,410.355,0.0,0.0,0.0
2022-06-02 04:00:00,0.0,770.9862,0.0,0.0,385.4931,0.0,0.0,11.701900000000002
2022-06-02 05:00:00,0.0,682.5284,0.0,0.0,341.2642,0.0,0.0,71.5108
2022-06-02 06:00:00,0.0,436.5802,0.0,0.0,218.2901,0.0,0.0,217.6349
2022-06-02 07:00:00,0.0,360.5888,0.0,0.0,180.2944,0.0,0.0,381.2206
2022-06-02 08:00:00,0.0,60.624,0.0,0.0,30.312,0.0,0.0,531.513
2022-06-02 09:00:00,0.0,0.0,0.0,0.0,0.0,0.0,0.0,646.5245
2022-06-02 10:00:00,0.0,0.0,0.0,0.0,0.0,0.0,0.0,720.7436
2022-06-02 11:00:00,0.0,0.0,0.0,0.0,0.0,0.0,0.0,740.0375
2022-06-02 12:00:00,0.0,0.0,0.0,0.0,0.0,0.0,0.0,689.0689
2022-06-02 13:00:00,0.0,0.0,0.0,0.0,0.0,0.0,0.0,599.4833
2022-06-02 14:00:00,0.0,0.0,0.0,0.0,0.0,0.0,0.0,476.4198999999999
2022-06-02 15:00:00,0.0,361.9702,0.0,0.0,180.9851,0.0,0.0,326.0399
2022-06-02 16:00:00,0.0,650.6566,0.0,0.0,325.3283,0.0,0.0,171.39669999999998
2022-06-02 17:00:00,0.0,971.0482,0.0,0.0,485.5241,0.0,0.0,45.5009
2022-06-02 18:00:00,0.0,1285.5918,0.0,0.0,642.7959,0.0,0.0,1.9490999999999998
2022-06-02 19:00:00,0.0,977.45,0.0,0.0,488.725,0.0,0.0,0.0
2022-06-02 20:00:00,0.0,944.65,0.0,0.0,472.325,0.0,0.0,0.0
2022-06-02 21:00:00,0.0,984.45,0.0,0.0,492.225,0.0,0.0,0.0
2022-06-02 22:00:00,0.0,904.81,0.0,0.0,452.405,0.0,0.0,0.0
2022-06-02 23:00:00,0.0,844.71,0.0,0.0,422.355,0.0,0.0,0.0
2022-06-03 00:00:00,0.0,802.65,0.0,0.0,401.325,0.0,0.0,0.0
2022-06-03 01:00:00,0.0,843.07,0.0,0.0,421.535,0.0,0.0,0.0
2022-06-03 02:00:00,0.0,870.67,0.0,0.0,435.335,0.0,0.0,0.0
2022-06-03 03:00:00,0.0,851.41,0.0,0.0,425.705,0.0,0.0,0.0
2022-06-03 04:00:00,0.0,799.7262,0.0,0.0,399.8631,0.0,0.0,11.701900000000002
2022-06-03 05:00:00,0.0,641.6378,0.0,0.0,320.8189,0.0,0.0,75.6061
2022-06-03 06:00:00,0.0,437.47,0.0,0.0,218.735,0.0,0.0,206.59
2022-06-03 07:00:00,0.0,354.6046,0.0,0.0,177.3023,0.0,0.0,367.91270000000003
2022-06-03 08:00:00,0.0,0.0,0.0,0.0,0.0,0.0,0.0,511.292
2022-06-03 09:00:00,0.0,0.0,0.0,0.0,0.0,0.0,0.0,618.5509000000001
2022-06-03 10:00:00,0.0,0.0,0.0,0.0,0.0,0.0,0.0,705.2238
2022-06-03 11:00:00,0.0,0.0,0.0,0.0,0.0,0.0,0.0,707.6839
2022-06-03 12:00:00,0.0,0.0,0.0,0.0,0.0,0.0,0.0,693.0400999999999
2022-06-03 13:00:00,0.0,0.0,0.0,0.0,0.0,0.0,0.0,605.8562
2022-06-03 14:00:00,0.0,0.0,0.0,0.0,0.0,0.0,0.0,483.0848
2022-06-03 15:00:00,0.0,240.2364,0.0,0.0,120.1182,0.0,0.0,330.8068
2022-06-03 16:00:00,0.0,635.3648,0.0,0.0,317.6824,0.0,0.0,170.5426
2022-06-03 17:00:00,0.0,1019.8506,0.0,0.0,509.9253,0.0,0.0,48.0997
2022-06-03 18:00:00,0.0,1404.1918,0.0,0.0,702.0959,0.0,0.0,1.9490999999999998
2022-06-03 19:00:00,0.0,1214.05,0.0,0.0,607.025,0.0,0.0,0.0
2022-06-03 20:00:00,0.0,1076.65,0.0,0.0,538.325,0.0,0.0,0.0
2022-06-03 21:00:00,0.0,1079.05,0.0,0.0,539.525,0.0,0.0,0.0
2022-06-03 22:00:00,0.0,901.05,0.0,0.0,450.525,0.0,0.0,0.0
2022-06-03 23:00:00,0.0,803.25,0.0,0.0,401.625,0.0,0.0,0.0
2022-06-04 00:00:00,0.0,790.01,0.0,0.0,395.005,0.0,0.0,0.0
2022-06-04 01:00:00,0.0,793.67,0.0,0.0,396.835,0.0,0.0,0.0
2022-06-04 02:00:00,0.0,795.51,0.0,0.0,397.755,0.0,0.0,0.0
2022-06-04 03:00:00,0.0,795.99,0.0,0.0,397.995,0.0,0.0,0.0
2022-06-04 04:00:00,0.0,829.8262,0.0,0.0,414.9131,0.0,0.0,11.701900000000002
2022-06-04 05:00:00,0.0,1027.1724,0.0,0.0,513.5862,0.0,0.0,74.1388
2022-06-04 06:00:00,0.0,789.1236,0.0,0.0,394.5618,0.0,0.0,208.66320000000002
2022-06-04 07:00:00,0.0,357.814,0.0,0.0,178.907,0.0,0.0,364.708
2022-06-04 08:00:00,0.0,0.0,0.0,0.0,0.0,0.0,0.0,497.07160000000005
2022-06-04 09:00:00,0.0,0.0,0.0,0.0,0.0,0.0,0.0,620.5511
2022-06-04 10:00:00,0.0,0.0,0.0,0.0,0.0,0.0,0.0,688.317
2022-06-04 11:00:00,0.0,0.0,0.0,0.0,0.0,0.0,0.0,714.159
2022-06-04 12:00:00,0.0,0.0,0.0,0.0,0.0,0.0,0.0,680.8564
2022-06-04 13:00:00,0.0,0.0,0.0,0.0,0.0,0.0,0.0,594.9572999999999
2022-06-04 14:00:00,0.0,0.0,0.0,0.0,0.0,0.0,0.0,473.4707
2022-06-04 15:00:00,0.0,219.825,0.0,0.0,109.9125,0.0,0.0,322.1125
2022-06-04 16:00:00,0.0,663.1548,0.0,0.0,331.5774,0.0,0.0,169.4476
2022-06-04 17:00:00,0.0,956.1512,0.0,0.0,478.0756,0.0,0.0,48.7494
2022-06-04 18:00:00,0.0,1325.1918,0.0,0.0,662.5959,0.0,0.0,1.9490999999999998
2022-06-04 19:00:00,0.0,1091.45,0.0,0.0,545.725,0.0,0.0,0.0
2022-06-04 20:00:00,0.0,1065.45,0.0,0.0,532.725,0.0,0.0,0.0
2022-06-04 21:00:00,0.0,1029.25,0.0,0.0,514.625,0.0,0.0,0.0
2022-06-04 22:00:00,0.0,965.79,0.0,0.0,482.895,0.0,0.0,0.0
2022-06-04 23:00:00,0.0,854.65,0.0,0.0,427.325,0.0,0.0,0.0
2022-06-05 00:00:00,0.0,878.69,0.0,0.0,439.345,0.0,0.0,0.0
2022-06-05 01:00:00,0.0,931.05,0.0,0.0,465.525,0.0,0.0,0.0
2022-06-05 02:00:00,0.0,960.77,0.0,0.0,480.385,0.0,0.0,0.0
2022-06-05 03:00:00,0.0,982.01,0.0,0.0,491.005,0.0,0.0,0.0
2022-06-05 04:00:00,0.0,1028.2274,0.0,0.0,514.1137,0.0,0.0,13.001299999999997
2022-06-05 05:00:00,0.0,1220.1038,0.0,0.0,610.0519,0.0,0.0,74.0731
2022-06-05 06:00:00,0.0,910.6012,0.0,0.0,455.3006,0.0,0.0,207.52439999999999
2022-06-05 07:00:00,0.0,533.6824,0.0,0.0,266.8412,0.0,0.0,365.7738
2022-06-05 08:00:00,0.0,0.0,0.0,0.0,0.0,0.0,0.0,509.0071
2022-06-05 09:00:00,0.0,0.0,0.0,0.0,0.0,0.0,0.0,622.6315999999999
2022-06-05 10:00:00,0.0,0.0,0.0,0.0,0.0,0.0,0.0,694.8651
2022-06-05 11:00:00,0.0,0.0,0.0,0.0,0.0,0.0,0.0,717.0425
2022-06-05 12:00:00,0.0,0.0,0.0,0.0,0.0,0.0,0.0,675.8996999999999
2022-06-05 13:00:00,0.0,0.0,0.0,0.0,0.0,0.0,0.0,594.3441
2022-06-05 14:00:00,0.0,0.0,0.0,0.0,0.0,0.0,0.0,468.222
2022-06-05 15:00:00,0.0,243.2276,0.0,0.0,121.6138,0.0,0.0,323.7112
2022-06-05 16:00:00,0.0,677.1694,0.0,0.0,338.5847,0.0,0.0,169.44029999999998
2022-06-05 17:00:00,0.0,996.525,0.0,0.0,498.2625,0.0,0.0,41.0625
2022-06-05 18:00:00,0.0,1277.1918,0.0,0.0,638.5959,0.0,0.0,1.9490999999999998
2022-06-05 19:00:00,0.0,1130.65,0.0,0.0,565.325,0.0,0.0,0.0
2022-06-05 20:00:00,0.0,1104.65,0.0,0.0,552.325,0.0,0.0,0.0
2022-06-05 21:00:00,0.0,1108.65,0.0,0.0,554.325,0.0,0.0,0.0
2022-06-05 22:00:00,0.0,1110.65,0.0,0.0,555.325,0.0,0.0,0.0
2022-06-05 23:00:00,0.0,1108.85,0.0,0.0,554.425,0.0,0.0,0.0
2022-06-06 00:00:00,0.0,1050.21,0.0,0.0,525.105,0.0,0.0,0.0
2022-06-06 01:00:00,0.0,1060.21,0.0,0.0,530.105,0.0,0.0,0.0
2022-06-06 02:00:00,0.0,1038.27,0.0,0.0,519.135,0.0,0.0,0.0
2022-06-06 03:00:00,0.0,970.85,0.0,0.0,485.425,0.0,0.0,0.0
2022-06-06 04:00:00,0.0,962.4474,0.0,0.0,481.2237,0.0,0.0,13.001299999999997
2022-06-06 05:00:00,0.0,868.9216,0.0,0.0,434.4608,0.0,0.0,50.764199999999995
2022-06-06 06:00:00,0.0,581.2424,0.0,0.0,290.6212,0.0,0.0,184.00379999999998
2022-06-06 07:00:00,0.0,382.423,0.0,0.0,191.2115,0.0,0.0,356.2035
2022-06-06 08:00:00,0.0,59.0926,0.0,0.0,29.5463,0.0,0.0,502.37870000000004
2022-06-06 09:00:00,0.0,0.0,0.0,0.0,0.0,0.0,0.0,621.9454000000001
2022-06-06 10:00:00,0.0,0.0,0.0,0.0,0.0,0.0,0.0,686.1635
2022-06-06 11:00:00,0.0,0.0,0.0,0.0,0.0,0.0,0.0,685.5210999999999
2022-06-06 12:00:00,0.0,0.0,0.0,0.0,0.0,0.0,0.0,664.5701
2022-06-06 13:00:00,0.0,0.0,0.0,0.0,0.0,0.0,0.0,591.1686
2022-06-06 14:00:00,0.0,0.0,0.0,0.0,0.0,0.0,0.0,474.8212000000001
2022-06-06 15:00:00,0.0,351.5,0.0,0.0,175.75,0.0,0.0,326.675
2022-06-06 16:00:00,0.0,605.997,0.0,0.0,302.9985,0.0,0.0,170.1265
2022-06-06 17:00:00,0.0,1016.3462,0.0,0.0,508.1731,0.0,0.0,44.5519
2022-06-06 18:00:00,0.0,1442.12,2.3389143,0.0,721.06,8.1862,0.0,2.5987999999999998
2022-06-06 19:00:00,0.0,1218.25,0.0,0.0,609.125,0.0,0.0,0.0
2022-06-06 20:00:00,0.0,1201.85,0.0,0.0,600.925,0.0,0.0,0.0
2022-06-06 21:00:00,0.0,1149.65,0.0,0.0,574.825,0.0,0.0,0.0
2022-06-06 22:00:00,0.0,1068.25,0.0,0.0,534.125,0.0,0.0,0.0
2022-06-06 23:00:00,0.0,998.05,0.0,0.0,499.025,0.0,0.0,0.0
2022-06-07 00:00:00,0.0,986.05,0.0,0.0,493.025,0.0,0.0,0.0
2022-06-07 01:00:00,0.0,984.25,0.0,0.0,492.125,0.0,0.0,0.0
2022-06-07 02:00:00,0.0,1011.65,0.0,0.0,505.825,0.0,0.0,0.0
2022-06-07 03:00:00,0.0,1015.45,0.0,0.0,507.725,0.0,0.0,0.0
2022-06-07 04:00:00,0.0,1034.9468,0.0,0.0,517.4734,0.0,0.0,12.351600000000001
2022-06-07 05:00:00,0.0,1165.6102,0.0,0.0,582.8051,0.0,0.0,74.9199
2022-06-07 06:00:00,0.0,843.632,0.0,0.0,421.816,0.0,0.0,206.809
2022-06-07 07:00:00,0.0,353.9662,0.0,0.0,176.9831,0.0,0.0,362.83189999999996
2022-06-07 08:00:00,0.0,0.0,0.0,0.0,0.0,0.0,0.0,511.876
2022-06-07 09:00:00,0.0,0.0,0.0,0.0,0.0,0.0,0.0,630.5959
2022-06-07 10:00:00,0.0,0.0,0.0,0.0,0.0,0.0,0.0,703.7126999999999
2022-06-07 11:00:00,0.0,0.0,0.0,0.0,0.0,0.0,0.0,722.335
2022-06-07 12:00:00,0.0,0.0,0.0,0.0,0.0,0.0,0.0,688.974
2022-06-07 13:00:00,0.0,0.0,0.0,0.0,0.0,0.0,0.0,612.2437
2022-06-07 14:00:00,0.0,0.0,0.0,0.0,0.0,0.0,0.0,479.683
2022-06-07 15:00:00,0.0,206.765,0.0,0.0,103.3825,0.0,0.0,337.4425
2022-06-07 16:00:00,0.0,599.8192,0.0,0.0,299.9096,0.0,0.0,175.9154
2022-06-07 17:00:00,0.0,956.745,0.0,0.0,478.3725,0.0,0.0,35.9525
2022-06-07 18:00:00,0.0,1312.4924,0.0,0.0,656.2462,0.0,0.0,2.5987999999999998
2022-06-07 19:00:00,0.0,1033.65,0.0,0.0,516.825,0.0,0.0,0.0
2022-06-07 20:00:00,0.0,1030.85,0.0,0.0,515.425,0.0,0.0,0.0
2022-06-07 21:00:00,0.0,1030.45,0.0,0.0,515.225,0.0,0.0,0.0
2022-06-07 22:00:00,0.0,900.85,0.0,0.0,450.425,0.0,0.0,0.0
2022-06-07 23:00:00,0.0,886.05,0.0,0.0,443.025,0.0,0.0,0.0
2022-06-08 00:00:00,0.0,852.45,0.0,0.0,426.225,0.0,0.0,0.0
2022-06-08 01:00:00,0.0,867.25,0.0,0.0,433.625,0.0,0.0,0.0
2022-06-08 02:00:00,0.0,902.05,0.0,0.0,451.025,0.0,0.0,0.0
2022-06-08 03:00:00,0.0,902.45,0.0,0.0,451.225,0.0,0.0,0.0
2022-06-08 04:00:00,0.0,920.9566,0.0,0.0,460.4783,0.0,0.0,7.146699999999999
2022-06-08 05:00:00,0.0,1131.4538,0.0,0.0,565.7269,0.0,0.0,68.59809999999999
2022-06-08 06:00:00,0.0,802.8454,0.0,0.0,401.4227,0.0,0.0,212.8023
2022-06-08 07:00:00,0.0,388.5078,0.0,0.0,194.2539,0.0,0.0,384.7611
2022-06-08 08:00:00,0.0,0.0,0.0,0.0,0.0,0.0,0.0,533.3599
2022-06-08 09:00:00,0.0,0.0,0.0,0.0,0.0,0.0,0.0,646.6120999999999
2022-06-08 10:00:00,0.0,0.0,0.0,0.0,0.0,0.0,0.0,714.4875
2022-06-08 11:00:00,0.0,0.0,0.0,0.0,0.0,0.0,0.0,741.7676
2022-06-08 12:00:00,0.0,0.0,0.0,0.0,0.0,0.0,0.0,703.8222
2022-06-08 13:00:00,0.0,0.0,0.0,0.0,0.0,0.0,0.0,612.2875
2022-06-08 14:00:00,0.0,23.158,0.0,0.0,11.579,0.0,0.0,423.54599999999994
2022-06-08 15:00:00,0.0,206.5828,0.0,0.0,103.2914,0.0,0.0,336.0336
2022-06-08 16:00:00,0.0,573.076,0.0,0.0,286.538,0.0,0.0,169.287
2022-06-08 17:00:00,0.0,876.2038,0.0,0.0,438.1019,0.0,0.0,55.823100000000004
2022-06-08 18:00:00,0.0,1317.0924,0.0,0.0,658.5462,0.0,0.0,2.5987999999999998
2022-06-08 19:00:00,0.0,1005.25,0.0,0.0,502.625,0.0,0.0,0.0
2022-06-08 20:00:00,0.0,983.05,0.0,0.0,491.525,0.0,0.0,0.0
2022-06-08 21:00:00,0.0,1002.65,0.0,0.0,501.325,0.0,0.0,0.0
2022-06-08 22:00:00,0.0,984.45,0.0,0.0,492.225,0.0,0.0,0.0
2022-06-08 23:00:00,0.0,928.05,0.0,0.0,464.025,0.0,0.0,0.0
2022-06-09 00:00:00,0.0,903.05,0.0,0.0,451.525,0.0,0.0,0.0
2022-06-09 01:00:00,0.0,900.85,0.0,0.0,450.425,0.0,0.0,0.0
2022-06-09 02:00:00,0.0,904.39,0.0,0.0,452.195,0.0,0.0,0.0
2022-06-09 03:00:00,0.0,917.85,0.0,0.0,458.925,0.0,0.0,0.0
2022-06-09 04:00:00,0.0,871.256,0.0,0.0,435.628,0.0,0.0,6.497
2022-06-09 05:00:00,0.0,783.301,0.0,0.0,391.6505,0.0,0.0,51.5745
2022-06-09 06:00:00,0.0,624.526,0.0,0.0,312.263,0.0,0.0,130.962
2022-06-09 07:00:00,0.0,616.051,0.0,0.0,308.0255,0.0,0.0,216.18949999999998
2022-06-09 08:00:00,0.0,368.9312,0.0,0.0,184.4656,0.0,0.0,382.35939999999994
2022-06-09 09:00:00,0.0,475.97,0.0,0.0,237.985,0.0,0.0,327.04
2022-06-09 10:00:00,0.0,127.2858,0.0,0.0,63.6429,0.0,0.0,514.4821
2022-06-09 11:00:00,0.0,18.5238,0.0,0.0,9.2619,0.0,0.0,587.9931
2022-06-09 12:00:00,0.0,252.4294,0.0,0.0,126.2147,0.0,0.0,365.8103
2022-06-09 13:00:00,0.0,0.0,0.0,0.0,0.0,0.0,0.0,454.4833999999999
2022-06-09 14:00:00,0.0,91.4176,0.0,0.0,45.7088,0.0,0.0,410.2162
2022-06-09 15:00:00,0.0,290.9436,0.0,0.0,145.4718,0.0,0.0,313.0532
2022-06-09 16:00:00,0.0,571.8036,0.0,0.0,285.9018,0.0,0.0,173.62319999999997
2022-06-09 17:00:00,0.0,924.8602,0.0,0.0,462.4301,0.0,0.0,36.5949
2022-06-09 18:00:00,0.0,1173.1942,0.0,0.0,586.5971,0.0,0.0,4.547899999999999
2022-06-09 19:00:00,0.0,977.05,0.0,0.0,488.525,0.0,0.0,0.0
2022-06-09 20:00:00,0.0,936.25,0.0,0.0,468.125,0.0,0.0,0.0
2022-06-09 21:00:00,0.0,913.65,0.0,0.0,456.825,0.0,0.0,0.0
2022-06-09 22:00:00,0.0,841.05,0.0,0.0,420.525,0.0,0.0,0.0
2022-06-09 23:00:00,0.0,810.05,0.0,0.0,405.025,0.0,0.0,0.0
2022-06-10 00:00:00,0.0,814.25,0.0,0.0,407.125,0.0,0.0,0.0
2022-06-10 01:00:00,0.0,824.43,0.0,0.0,412.215,0.0,0.0,0.0
2022-06-10 02:00:00,0.0,807.31,0.0,0.0,403.655,0.0,0.0,0.0
2022-06-10 03:00:00,0.0,815.55,0.0,0.0,407.775,0.0,0.0,0.0
2022-06-10 04:00:00,0.0,750.748,0.0,0.0,375.374,0.0,0.0,13.650999999999998
2022-06-10 05:00:00,0.0,651.1826,0.0,0.0,325.5913,0.0,0.0,74.2337
2022-06-10 06:00:00,0.0,633.847,0.0,0.0,316.9235,0.0,0.0,109.90149999999998
2022-06-10 07:00:00,0.0,455.4934,0.0,0.0,227.7467,0.0,0.0,274.2683
2022-06-10 08:00:00,0.0,163.6976,0.0,0.0,81.8488,0.0,0.0,433.57620000000003
2022-06-10 09:00:00,0.0,32.235,0.0,0.0,16.1175,0.0,0.0,520.3075
2022-06-10 10:00:00,0.0,40.5548,0.0,0.0,20.2774,0.0,0.0,527.1476
2022-06-10 11:00:00,0.0,0.0,0.0,0.0,0.0,0.0,0.0,704.6325
2022-06-10 12:00:00,0.0,0.0,0.0,0.0,0.0,0.0,0.0,672.4249
2022-06-10 13:00:00,0.0,0.0,0.0,0.0,0.0,0.0,0.0,532.5641999999999
2022-06-10 14:00:00,0.0,0.0,0.0,0.0,0.0,0.0,0.0,481.85839999999996
2022-06-10 15:00:00,0.0,212.0524,0.0,0.0,106.0262,0.0,0.0,338.3988
2022-06-10 16:00:00,0.0,595.5742,0.0,0.0,297.7871,0.0,0.0,174.6379
2022-06-10 17:00:00,0.0,929.2206,0.0,0.0,464.6103,0.0,0.0,37.5147
2022-06-10 18:00:00,0.0,1314.9942,0.0,0.0,657.4971,0.0,0.0,4.547899999999999
2022-06-10 19:00:00,0.0,1025.25,0.0,0.0,512.625,0.0,0.0,0.0
2022-06-10 20:00:00,0.0,1034.25,0.0,0.0,517.125,0.0,0.0,0.0
2022-06-10 21:00:00,0.0,1053.05,0.0,0.0,526.525,0.0,0.0,0.0
2022-06-10 22:00:00,0.0,841.85,0.0,0.0,420.925,0.0,0.0,0.0
2022-06-10 23:00:00,0.0,777.85,0.0,0.0,388.925,0.0,0.0,0.0
2022-06-11 00:00:00,0.0,835.85,0.0,0.0,417.925,0.0,0.0,0.0
2022-06-11 01:00:00,0.0,800.25,0.0,0.0,400.125,0.0,0.0,0.0
2022-06-11 02:00:00,0.0,811.45,0.0,0.0,405.725,0.0,0.0,0.0
2022-06-11 03:00:00,0.0,811.25,0.0,0.0,405.625,0.0,0.0,0.0
2022-06-11 04:00:00,0.0,800.548,0.0,0.0,400.274,0.0,0.0,13.650999999999998
2022-06-11 05:00:00,0.0,868.2978,0.0,0.0,434.1489,0.0,0.0,67.5761
2022-06-11 06:00:00,0.0,631.0436,0.0,0.0,315.5218,0.0,0.0,214.5032
2022-06-11 07:00:00,0.0,280.0694,0.0,0.0,140.0347,0.0,0.0,379.6803
2022-06-11 08:00:00,0.0,0.0,0.0,0.0,0.0,0.0,0.0,522.9428
2022-06-11 09:00:00,0.0,0.0,0.0,0.0,0.0,0.0,0.0,638.5164
2022-06-11 10:00:00,0.0,0.0,0.0,0.0,0.0,0.0,0.0,706.2969
2022-06-11 11:00:00,0.0,0.0,0.0,0.0,0.0,0.0,0.0,733.65
2022-06-11 12:00:00,0.0,0.0,0.0,0.0,0.0,0.0,0.0,692.4269
2022-06-11 13:00:00,0.0,0.0,0.0,0.0,0.0,0.0,0.0,607.0096
2022-06-11 14:00:00,0.0,0.0,0.0,0.0,0.0,0.0,0.0,485.97560000000004
2022-06-11 15:00:00,0.0,209.2692,0.0,0.0,104.6346,0.0,0.0,334.69039999999995
2022-06-11 16:00:00,0.0,559.6496,0.0,0.0,279.8248,0.0,0.0,177.2002
2022-06-11 17:00:00,0.0,885.5738,0.0,0.0,442.7869,0.0,0.0,37.9381
2022-06-11 18:00:00,0.0,1240.0948,0.0,0.0,620.0474,0.0,0.0,5.1975999999999996
2022-06-11 19:00:00,0.0,954.65,0.0,0.0,477.325,0.0,0.0,0.0
2022-06-11 20:00:00,0.0,952.65,0.0,0.0,476.325,0.0,0.0,0.0
2022-06-11 21:00:00,0.0,940.05,0.0,0.0,470.025,0.0,0.0,0.0
2022-06-11 22:00:00,0.0,856.45,0.0,0.0,428.225,0.0,0.0,0.0
2022-06-11 23:00:00,0.0,863.05,0.0,0.0,431.525,0.0,0.0,0.0
2022-06-12 00:00:00,0.0,758.85,0.0,0.0,379.425,0.0,0.0,0.0
2022-06-12 01:00:00,0.0,786.25,0.0,0.0,393.125,0.0,0.0,0.0
2022-06-12 02:00:00,0.0,801.05,0.0,0.0,400.525,0.0,0.0,0.0
2022-06-12 03:00:00,0.0,818.85,0.0,0.0,409.425,0.0,0.0,0.0
2022-06-12 04:00:00,0.0,837.348,0.0,0.0,418.674,0.0,0.0,13.650999999999998
2022-06-12 05:00:00,0.0,1028.134,0.0,0.0,514.067,0.0,0.0,69.058
2022-06-12 06:00:00,0.0,700.0262,0.0,0.0,350.0131,0.0,0.0,213.9119
2022-06-12 07:00:00,0.0,307.0014,0.0,0.0,153.5007,0.0,0.0,376.61429999999996
2022-06-12 08:00:00,0.0,0.0,0.0,0.0,0.0,0.0,0.0,521.3952
2022-06-12 09:00:00,0.0,0.0,0.0,0.0,0.0,0.0,0.0,636.0709
2022-06-12 10:00:00,0.0,0.0,0.0,0.0,0.0,0.0,0.0,710.1951
2022-06-12 11:00:00,0.0,0.0,0.0,0.0,0.0,0.0,0.0,734.0077
2022-06-12 12:00:00,0.0,0.0,0.0,0.0,0.0,0.0,0.0,700.5736999999999
2022-06-12 13:00:00,0.0,0.0,0.0,0.0,0.0,0.0,0.0,620.1715
2022-06-12 14:00:00,0.0,0.0,0.0,0.0,0.0,0.0,0.0,492.02729999999997
2022-06-12 15:00:00,0.0,194.6462,0.0,0.0,97.3231,0.0,0.0,340.20189999999997
2022-06-12 16:00:00,0.0,548.3004,0.0,0.0,274.1502,0.0,0.0,178.67479999999998
2022-06-12 17:00:00,0.0,908.3576,0.0,0.0,454.1788,0.0,0.0,38.6462
2022-06-12 18:00:00,0.0,1325.3954,0.0,0.0,662.6977,0.0,0.0,5.847300000000001
2022-06-12 19:00:00,0.0,1024.85,0.0,0.0,512.425,0.0,0.0,0.0
2022-06-12 20:00:00,0.0,1026.05,0.0,0.0,513.025,0.0,0.0,0.0
2022-06-12 21:00:00,0.0,999.45,0.0,0.0,499.725,0.0,0.0,0.0
2022-06-12 22:00:00,0.0,990.27,0.0,0.0,495.135,0.0,0.0,0.0
2022-06-12 23:00:00,0.0,870.53,0.0,0.0,435.265,0.0,0.0,0.0
2022-06-13 00:00:00,0.0,890.27,0.0,0.0,445.135,0.0,0.0,0.0
2022-06-13 01:00:00,0.0,904.07,0.0,0.0,452.035,0.0,0.0,0.0
2022-06-13 02:00:00,0.0,912.03,0.0,0.0,456.015,0.0,0.0,0.0
2022-06-13 03:00:00,0.0,914.97,0.0,0.0,457.485,0.0,0.0,0.0
2022-06-13 04:00:00,0.0,896.648,0.0,0.0,448.324,0.0,0.0,13.650999999999998
2022-06-13 05:00:00,0.0,998.159,0.0,0.0,499.0795,0.0,0.0,68.1455
2022-06-13 06:00:00,0.0,862.8304,0.0,0.0,431.4152,0.0,0.0,214.8098
2022-06-13 07:00:00,0.0,297.9044,0.0,0.0,148.9522,0.0,0.0,379.8628
2022-06-13 08:00:00,0.0,0.0,0.0,0.0,0.0,0.0,0.0,525.7314
2022-06-13 09:00:00,0.0,0.0,0.0,0.0,0.0,0.0,0.0,641.3852999999999
2022-06-13 10:00:00,0.0,0.0,0.0,0.0,0.0,0.0,0.0,712.8012
2022-06-13 11:00:00,0.0,0.0,0.0,0.0,0.0,0.0,0.0,728.759
2022-06-13 12:00:00,0.0,0.0,0.0,0.0,0.0,0.0,0.0,703.209
2022-06-13 13:00:00,0.0,0.0,0.0,0.0,0.0,0.0,0.0,620.1787999999999
2022-06-13 14:00:00,0.0,0.0,0.0,0.0,0.0,0.0,0.0,497.00589999999994
2022-06-13 15:00:00,0.0,219.7444,0.0,0.0,109.8722,0.0,0.0,345.5528
2022-06-13 16:00:00,0.0,569.751,0.0,0.0,284.8755,0.0,0.0,181.1495
2022-06-13 17:00:00,0.0,951.7094,0.0,0.0,475.8547,0.0,0.0,38.7703
2022-06-13 18:00:00,0.0,1240.3954,0.0,0.0,620.1977,0.0,0.0,5.847300000000001
2022-06-13 19:00:00,0.0,1006.25,0.0,0.0,503.125,0.0,0.0,0.0
2022-06-13 20:00:00,0.0,1044.05,0.0,0.0,522.025,0.0,0.0,0.0
2022-06-13 21:00:00,0.0,1041.85,0.0,0.0,520.925,0.0,0.0,0.0
2022-06-13 22:00:00,0.0,936.85,0.0,0.0,468.425,0.0,0.0,0.0
2022-06-13 23:00:00,0.0,849.45,0.0,0.0,424.725,0.0,0.0,0.0
2022-06-14 00:00:00,0.0,822.45,0.0,0.0,411.225,0.0,0.0,0.0
2022-06-14 01:00:00,0.0,803.45,0.0,0.0,401.725,0.0,0.0,0.0
2022-06-14 02:00:00,0.0,804.05,0.0,0.0,402.025,0.0,0.0,0.0
2022-06-14 03:00:00,0.0,810.85,0.0,0.0,405.425,0.0,0.0,0.0
2022-06-14 04:00:00,0.0,823.148,0.0,0.0,411.574,0.0,0.0,13.650999999999998
2022-06-14 05:00:00,0.0,1028.7898,0.0,0.0,514.3949,0.0,0.0,67.4301
2022-06-14 06:00:00,0.0,746.173,0.0,0.0,373.0865,0.0,0.0,217.1385
2022-06-14 07:00:00,0.0,301.9064,0.0,0.0,150.9532,0.0,0.0,377.1617999999999
2022-06-14 08:00:00,0.0,0.0,0.0,0.0,0.0,0.0,0.0,529.8047999999999
2022-06-14 09:00:00,0.0,0.0,0.0,0.0,0.0,0.0,0.0,649.919
2022-06-14 10:00:00,0.0,0.0,0.0,0.0,0.0,0.0,0.0,719.5245
2022-06-14 11:00:00,0.0,0.0,0.0,0.0,0.0,0.0,0.0,743.3809
2022-06-14 12:00:00,0.0,0.0,0.0,0.0,0.0,0.0,0.0,695.9163
2022-06-14 13:00:00,0.0,0.0,0.0,0.0,0.0,0.0,0.0,619.9232999999999
2022-06-14 14:00:00,0.0,0.0,0.0,0.0,0.0,0.0,0.0,496.83070000000004
2022-06-14 15:00:00,0.0,243.1986,0.0,0.0,121.5993,0.0,0.0,344.6257
2022-06-14 16:00:00,0.0,571.9116,0.0,0.0,285.9558,0.0,0.0,181.0692
2022-06-14 17:00:00,0.0,930.467,0.0,0.0,465.2335,0.0,0.0,39.0915
2022-06-14 18:00:00,0.0,1236.7954,0.0,0.0,618.3977,0.0,0.0,5.847300000000001
2022-06-14 19:00:00,0.0,1005.05,0.0,0.0,502.525,0.0,0.0,0.0
2022-06-14 20:00:00,0.0,1039.25,0.0,0.0,519.625,0.0,0.0,0.0
2022-06-14 21:00:00,0.0,993.05,0.0,0.0,496.525,0.0,0.0,0.0
2022-06-14 22:00:00,0.0,918.85,0.0,0.0,459.425,0.0,0.0,0.0
2022-06-14 23:00:00,0.0,819.65,0.0,0.0,409.825,0.0,0.0,0.0
2022-06-15 00:00:00,0.0,768.65,0.0,0.0,384.325,0.0,0.0,0.0
2022-06-15 01:00:00,0.0,759.45,0.0,0.0,379.725,0.0,0.0,0.0
2022-06-15 02:00:00,0.0,760.95,0.0,0.0,380.475,0.0,0.0,0.0
2022-06-15 03:00:00,0.0,769.03,0.0,0.0,384.515,0.0,0.0,0.0
2022-06-15 04:00:00,0.0,830.748,0.0,0.0,415.374,0.0,0.0,13.650999999999998
2022-06-15 05:00:00,0.0,895.0088,0.0,0.0,447.5044,0.0,0.0,67.32059999999998
2022-06-15 06:00:00,0.0,758.124,0.0,0.0,379.062,0.0,0.0,213.963
2022-06-15 07:00:00,0.0,328.6022,0.0,0.0,164.3011,0.0,0.0,379.91389999999996
2022-06-15 08:00:00,0.0,0.0,0.0,0.0,0.0,0.0,0.0,531.8706999999999
2022-06-15 09:00:00,0.0,0.0,0.0,0.0,0.0,0.0,0.0,649.4299
2022-06-15 10:00:00,0.0,0.0,0.0,0.0,0.0,0.0,0.0,722.6051
2022-06-15 11:00:00,0.0,0.0,0.0,0.0,0.0,0.0,0.0,743.6875
2022-06-15 12:00:00,0.0,0.0,0.0,0.0,0.0,0.0,0.0,710.2024
2022-06-15 13:00:00,0.0,0.0,0.0,0.0,0.0,0.0,0.0,622.8652
2022-06-15 14:00:00,0.0,0.0,0.0,0.0,0.0,0.0,0.0,494.72830000000005
2022-06-15 15:00:00,0.0,255.1594,0.0,0.0,127.5797,0.0,0.0,343.5453
2022-06-15 16:00:00,0.0,614.0168,0.0,0.0,307.0084,0.0,0.0,180.6166
2022-06-15 17:00:00,0.0,884.3148,0.0,0.0,442.1574,0.0,0.0,40.9676
2022-06-15 18:00:00,0.0,1248.696,0.0,0.0,624.348,0.0,0.0,6.497
2022-06-15 19:00:00,0.0,935.65,0.0,0.0,467.825,0.0,0.0,0.0
2022-06-15 20:00:00,0.0,931.25,0.0,0.0,465.625,0.0,0.0,0.0
2022-06-15 21:00:00,0.0,948.45,0.0,0.0,474.225,0.0,0.0,0.0
2022-06-15 22:00:00,0.0,863.65,0.0,0.0,431.825,0.0,0.0,0.0
2022-06-15 23:00:00,0.0,802.81,0.0,0.0,401.405,0.0,0.0,0.0
2022-06-16 00:00:00,0.0,819.13,0.0,0.0,409.565,0.0,0.0,0.0
2022-06-16 01:00:00,0.0,794.29,0.0,0.0,397.145,0.0,0.0,0.0
2022-06-16 02:00:00,0.0,797.35,0.0,0.0,398.675,0.0,0.0,0.0
2022-06-16 03:00:00,0.0,798.53,0.0,0.0,399.265,0.0,0.0,0.0
2022-06-16 04:00:00,0.0,742.0086,0.0,0.0,371.0043,0.0,0.0,14.300699999999999
2022-06-16 05:00:00,0.0,641.517,0.0,0.0,320.7585,0.0,0.0,66.4665
2022-06-16 06:00:00,0.0,452.18,0.0,0.0,226.09,0.0,0.0,211.33500000000004
2022-06-16 07:00:00,0.0,372.1246,0.0,0.0,186.0623,0.0,0.0,373.7527
2022-06-16 08:00:00,0.0,95.8734,0.0,0.0,47.9367,0.0,0.0,474.2883
2022-06-16 09:00:00,0.0,391.7902,0.0,0.0,195.8951,0.0,0.0,335.52989999999994
2022-06-16 10:00:00,0.0,18.6398,0.0,0.0,9.3199,0.0,0.0,547.4051
2022-06-16 11:00:00,0.0,0.0,0.0,0.0,0.0,0.0,0.0,691.0836999999999
2022-06-16 12:00:00,0.0,0.0,0.0,0.0,0.0,0.0,0.0,615.3754
2022-06-16 13:00:00,0.0,0.0,0.0,0.0,0.0,0.0,0.0,605.3744
2022-06-16 14:00:00,0.0,0.0,0.0,0.0,0.0,0.0,0.0,468.14899999999994
2022-06-16 15:00:00,0.0,354.9832,0.0,0.0,177.4916,0.0,0.0,334.0334
2022-06-16 16:00:00,0.0,695.715,0.0,0.0,347.8575,0.0,0.0,178.6675
2022-06-16 17:00:00,0.0,881.3432,0.0,0.0,440.6716,0.0,0.0,44.9534
2022-06-16 18:00:00,0.0,1198.6948,0.0,0.0,599.3474,0.0,0.0,5.1975999999999996
2022-06-16 19:00:00,0.0,927.85,0.0,0.0,463.925,0.0,0.0,0.0
2022-06-16 20:00:00,0.0,895.25,0.0,0.0,447.625,0.0,0.0,0.0
2022-06-16 21:00:00,0.0,851.65,0.0,0.0,425.825,0.0,0.0,0.0
2022-06-16 22:00:00,0.0,850.85,0.0,0.0,425.425,0.0,0.0,0.0
2022-06-16 23:00:00,0.0,823.65,0.0,0.0,411.825,0.0,0.0,0.0
2022-06-17 00:00:00,0.0,848.25,0.0,0.0,424.125,0.0,0.0,0.0
2022-06-17 01:00:00,0.0,847.05,0.0,0.0,423.525,0.0,0.0,0.0
2022-06-17 02:00:00,0.0,844.85,0.0,0.0,422.425,0.0,0.0,0.0
2022-06-17 03:00:00,0.0,807.45,0.0,0.0,403.725,0.0,0.0,0.0
2022-06-17 04:00:00,0.0,756.148,0.0,0.0,378.074,0.0,0.0,13.650999999999998
2022-06-17 05:00:00,0.0,622.8408,0.0,0.0,311.4204,0.0,0.0,67.90459999999999
2022-06-17 06:00:00,0.0,414.1774,0.0,0.0,207.0887,0.0,0.0,209.73629999999997
2022-06-17 07:00:00,0.0,262.3294,0.0,0.0,131.1647,0.0,0.0,371.6503
2022-06-17 08:00:00,0.0,0.0,0.0,0.0,0.0,0.0,0.0,520.6433
2022-06-17 09:00:00,0.0,0.0,0.0,0.0,0.0,0.0,0.0,636.2242
2022-06-17 10:00:00,0.0,0.0,0.0,0.0,0.0,0.0,0.0,708.4358
2022-06-17 11:00:00,0.0,0.0,0.0,0.0,0.0,0.0,0.0,729.5692999999999
2022-06-17 12:00:00,0.0,0.0,0.0,0.0,0.0,0.0,0.0,693.6167999999999
2022-06-17 13:00:00,0.0,0.0,0.0,0.0,0.0,0.0,0.0,615.1125999999999
2022-06-17 14:00:00,0.0,0.0,0.0,0.0,0.0,0.0,0.0,486.5742
2022-06-17 15:00:00,0.0,343.194,0.0,0.0,171.597,0.0,0.0,338.428
2022-06-17 16:00:00,0.0,690.7134,0.0,0.0,345.3567,0.0,0.0,179.36829999999998
2022-06-17 17:00:00,0.0,1034.4298,0.0,0.0,517.2149,0.0,0.0,49.9101
2022-06-17 18:00:00,0.0,1375.0972,0.0,0.0,687.5486,0.0,0.0,7.796399999999999
2022-06-17 19:00:00,0.0,1039.05,0.0,0.0,519.525,0.0,0.0,0.0
2022-06-17 20:00:00,0.0,969.05,0.0,0.0,484.525,0.0,0.0,0.0
2022-06-17 21:00:00,0.0,1030.05,0.0,0.0,515.025,0.0,0.0,0.0
2022-06-17 22:00:00,0.0,850.65,0.0,0.0,425.325,0.0,0.0,0.0
2022-06-17 23:00:00,0.0,836.85,0.0,0.0,418.425,0.0,0.0,0.0
2022-06-18 00:00:00,0.0,815.65,0.0,0.0,407.825,0.0,0.0,0.0
2022-06-18 01:00:00,0.0,839.45,0.0,0.0,419.725,0.0,0.0,0.0
2022-06-18 02:00:00,0.0,872.05,0.0,0.0,436.025,0.0,0.0,0.0
2022-06-18 03:00:00,0.0,870.05,0.0,0.0,435.025,0.0,0.0,0.0
2022-06-18 04:00:00,0.0,920.5566,0.0,0.0,460.2783,0.0,0.0,7.146699999999999
2022-06-18 05:00:00,0.0,987.955,0.0,0.0,493.9775,0.0,0.0,73.5475
2022-06-18 06:00:00,0.0,738.581,0.0,0.0,369.2905,0.0,0.0,199.0345
2022-06-18 07:00:00,0.0,383.7676,0.0,0.0,191.8838,0.0,0.0,333.9312
2022-06-18 08:00:00,0.0,0.0,0.0,0.0,0.0,0.0,0.0,509.3502
2022-06-18 09:00:00,0.0,0.0,0.0,0.0,0.0,0.0,0.0,619.4415
2022-06-18 10:00:00,0.0,0.0,0.0,0.0,0.0,0.0,0.0,696.8287999999999
2022-06-18 11:00:00,0.0,0.0,0.0,0.0,0.0,0.0,0.0,717.9842
2022-06-18 12:00:00,0.0,0.0,0.0,0.0,0.0,0.0,0.0,686.492
2022-06-18 13:00:00,0.0,0.0,0.0,0.0,0.0,0.0,0.0,605.7029
2022-06-18 14:00:00,0.0,0.0,0.0,0.0,0.0,0.0,0.0,487.2093
2022-06-18 15:00:00,0.0,195.4578,0.0,0.0,97.7289,0.0,0.0,340.5961
2022-06-18 16:00:00,0.0,564.7628,0.0,0.0,282.3814,0.0,0.0,180.5436
2022-06-18 17:00:00,0.0,921.4546,0.0,0.0,460.7273,0.0,0.0,42.6977
2022-06-18 18:00:00,0.0,1285.8838,0.0,0.0,642.9419,0.0,0.0,9.1031
2022-06-18 19:00:00,0.0,1048.25,0.0,0.0,524.125,0.0,0.0,0.0
2022-06-18 20:00:00,0.0,1028.25,0.0,0.0,514.125,0.0,0.0,0.0
2022-06-18 21:00:00,0.0,968.05,0.0,0.0,484.025,0.0,0.0,0.0
2022-06-18 22:00:00,0.0,845.05,0.0,0.0,422.525,0.0,0.0,0.0
2022-06-18 23:00:00,0.0,780.05,0.0,0.0,390.025,0.0,0.0,0.0
2022-06-19 00:00:00,0.0,755.05,0.0,0.0,377.525,0.0,0.0,0.0
2022-06-19 01:00:00,0.0,740.05,0.0,0.0,370.025,0.0,0.0,0.0
2022-06-19 02:00:00,0.0,751.45,0.0,0.0,375.725,0.0,0.0,0.0
2022-06-19 03:00:00,0.0,753.45,0.0,0.0,376.725,0.0,0.0,0.0
2022-06-19 04:00:00,0.0,784.748,0.0,0.0,392.374,0.0,0.0,13.650999999999998
2022-06-19 05:00:00,0.0,942.6146,0.0,0.0,471.3073,0.0,0.0,67.51769999999999
2022-06-19 06:00:00,0.0,719.4796,0.0,0.0,359.7398,0.0,0.0,209.68519999999998
2022-06-19 07:00:00,0.0,266.7514,0.0,0.0,133.3757,0.0,0.0,371.1393
2022-06-19 08:00:00,0.0,0.0,0.0,0.0,0.0,0.0,0.0,518.2781
2022-06-19 09:00:00,0.0,0.0,0.0,0.0,0.0,0.0,0.0,623.3981
2022-06-19 10:00:00,0.0,0.0,0.0,0.0,0.0,0.0,0.0,701.7052
2022-06-19 11:00:00,0.0,0.0,0.0,0.0,0.0,0.0,0.0,730.7519
2022-06-19 12:00:00,0.0,0.0,0.0,0.0,0.0,0.0,0.0,666.2491
2022-06-19 13:00:00,0.0,0.0,0.0,0.0,0.0,0.0,0.0,607.0387999999999
2022-06-19 14:00:00,0.0,0.0,0.0,0.0,0.0,0.0,0.0,493.3705
2022-06-19 15:00:00,0.0,242.5834,0.0,0.0,121.2917,0.0,0.0,325.7333
2022-06-19 16:00:00,0.0,516.119,0.0,0.0,258.0595,0.0,0.0,180.5655
2022-06-19 17:00:00,0.0,903.7712,0.0,0.0,451.8856,0.0,0.0,50.939400000000006
2022-06-19 18:00:00,0.0,1342.6838,0.0,0.0,671.3419,0.0,0.0,9.1031
2022-06-19 19:00:00,0.0,1054.45,0.0,0.0,527.225,0.0,0.0,0.0
2022-06-19 20:00:00,0.0,1082.65,0.0,0.0,541.325,0.0,0.0,0.0
2022-06-19 21:00:00,0.0,1012.05,0.0,0.0,506.025,0.0,0.0,0.0
2022-06-19 22:00:00,0.0,880.45,0.0,0.0,440.225,0.0,0.0,0.0
2022-06-19 23:00:00,0.0,839.05,0.0,0.0,419.525,0.0,0.0,0.0
2022-06-20 00:00:00,0.0,844.45,0.0,0.0,422.225,0.0,0.0,0.0
2022-06-20 01:00:00,0.0,829.85,0.0,0.0,414.925,0.0,0.0,0.0
2022-06-20 02:00:00,0.0,871.25,0.0,0.0,435.625,0.0,0.0,0.0
2022-06-20 03:00:00,0.0,871.05,0.0,0.0,435.525,0.0,0.0,0.0
2022-06-20 04:00:00,0.0,881.2474,0.0,0.0,440.6237,0.0,0.0,13.001299999999997
2022-06-20 05:00:00,0.0,971.8742,0.0,0.0,485.9371,0.0,0.0,68.7879
2022-06-20 06:00:00,0.0,756.7846,0.0,0.0,378.3923,0.0,0.0,210.2327
2022-06-20 07:00:00,0.0,295.4464,0.0,0.0,147.7232,0.0,0.0,370.5918
2022-06-20 08:00:00,0.0,0.0,0.0,0.0,0.0,0.0,0.0,519.5556
2022-06-20 09:00:00,0.0,0.0,0.0,0.0,0.0,0.0,0.0,635.9176
2022-06-20 10:00:00,0.0,0.0,0.0,0.0,0.0,0.0,0.0,708.1876
2022-06-20 11:00:00,0.0,0.0,0.0,0.0,0.0,0.0,0.0,729.4087
2022-06-20 12:00:00,0.0,0.0,0.0,0.0,0.0,0.0,0.0,704.7639
2022-06-20 13:00:00,0.0,0.0,0.0,0.0,0.0,0.0,0.0,619.3247
2022-06-20 14:00:00,0.0,0.0,0.0,0.0,0.0,0.0,0.0,500.3274
2022-06-20 15:00:00,0.0,198.6928,0.0,0.0,99.3464,0.0,0.0,348.0786
2022-06-20 16:00:00,0.0,571.1036,0.0,0.0,285.5518,0.0,0.0,184.57319999999999
2022-06-20 17:00:00,0.0,971.5582,0.0,0.0,485.7791,0.0,0.0,42.9459
2022-06-20 18:00:00,0.0,1442.12,0.26634286,0.0,721.06,0.9322,0.0,9.752799999999999
2022-06-20 19:00:00,0.0,1102.85,0.0,0.0,551.425,0.0,0.0,0.0
2022-06-20 20:00:00,0.0,1069.85,0.0,0.0,534.925,0.0,0.0,0.0
2022-06-20 21:00:00,0.0,1089.45,0.0,0.0,544.725,0.0,0.0,0.0
2022-06-20 22:00:00,0.0,1000.45,0.0,0.0,500.225,0.0,0.0,0.0
2022-06-20 23:00:00,0.0,926.45,0.0,0.0,463.225,0.0,0.0,0.0
2022-06-21 00:00:00,0.0,892.05,0.0,0.0,446.025,0.0,0.0,0.0
2022-06-21 01:00:00,0.0,907.65,0.0,0.0,453.825,0.0,0.0,0.0
2022-06-21 02:00:00,0.0,912.85,0.0,0.0,456.425,0.0,0.0,0.0
2022-06-21 03:00:00,0.0,925.65,0.0,0.0,462.825,0.0,0.0,0.0
2022-06-21 04:00:00,0.0,934.9468,0.0,0.0,467.4734,0.0,0.0,12.351600000000001
2022-06-21 05:00:00,0.0,955.104,0.0,0.0,477.552,0.0,0.0,73.073
2022-06-21 06:00:00,0.0,872.197,0.0,0.0,436.0985,0.0,0.0,199.3265
2022-06-21 07:00:00,0.0,441.0362,0.0,0.0,220.5181,0.0,0.0,355.89689999999996
2022-06-21 08:00:00,0.0,33.0836,0.0,0.0,16.5418,0.0,0.0,503.58320000000003
2022-06-21 09:00:00,0.0,0.0,0.0,0.0,0.0,0.0,0.0,622.0695
2022-06-21 10:00:00,0.0,0.0,0.0,0.0,0.0,0.0,0.0,696.7995999999999
2022-06-21 11:00:00,0.0,0.0,0.0,0.0,0.0,0.0,0.0,718.0352999999999
2022-06-21 12:00:00,0.0,0.0,0.0,0.0,0.0,0.0,0.0,686.7036999999999
2022-06-21 13:00:00,0.0,0.0,0.0,0.0,0.0,0.0,0.0,607.5425
2022-06-21 14:00:00,0.0,0.0,0.0,0.0,0.0,0.0,0.0,484.5229
2022-06-21 15:00:00,0.0,241.8866,0.0,0.0,120.9433,0.0,0.0,335.2817
2022-06-21 16:00:00,0.0,611.3118,0.0,0.0,305.6559,0.0,0.0,180.0691
2022-06-21 17:00:00,0.0,875.1882,0.0,0.0,437.5941,0.0,0.0,53.5309
2022-06-21 18:00:00,0.0,1253.285,0.0,0.0,626.6425,0.0,0.0,10.4025
2022-06-21 19:00:00,0.0,1012.25,0.0,0.0,506.125,0.0,0.0,0.0
2022-06-21 20:00:00,0.0,1042.05,0.0,0.0,521.025,0.0,0.0,0.0
2022-06-21 21:00:00,0.0,1024.85,0.0,0.0,512.425,0.0,0.0,0.0
2022-06-21 22:00:00,0.0,977.25,0.0,0.0,488.625,0.0,0.0,0.0
2022-06-21 23:00:00,0.0,995.85,0.0,0.0,497.925,0.0,0.0,0.0
2022-06-22 00:00:00,0.0,974.85,0.0,0.0,487.425,0.0,0.0,0.0
2022-06-22 01:00:00,0.0,1009.85,0.0,0.0,504.925,0.0,0.0,0.0
2022-06-22 02:00:00,0.0,1003.05,0.0,0.0,501.525,0.0,0.0,0.0
2022-06-22 03:00:00,0.0,1012.45,0.0,0.0,506.225,0.0,0.0,0.0
2022-06-22 04:00:00,0.0,966.7468,0.0,0.0,483.3734,0.0,0.0,12.351600000000001
2022-06-22 05:00:00,0.0,897.5086,0.0,0.0,448.7543,0.0,0.0,71.9707
2022-06-22 06:00:00,0.0,733.6584,0.0,0.0,366.8292,0.0,0.0,198.89579999999998
2022-06-22 07:00:00,0.0,642.2672,0.0,0.0,321.1336,0.0,0.0,354.18139999999994
2022-06-22 08:00:00,0.0,255.4254,0.0,0.0,127.7127,0.0,0.0,502.61230000000006
2022-06-22 09:00:00,0.0,14.5506,0.0,0.0,7.2753,0.0,0.0,621.1496999999999
2022-06-22 10:00:00,0.0,0.0,0.0,0.0,0.0,0.0,0.0,688.1125999999999
2022-06-22 11:00:00,0.0,0.0,0.0,0.0,0.0,0.0,0.0,709.3629
2022-06-22 12:00:00,0.0,0.0,0.0,0.0,0.0,0.0,0.0,675.469
2022-06-22 13:00:00,0.0,0.0,0.0,0.0,0.0,0.0,0.0,597.5926
2022-06-22 14:00:00,0.0,0.0,0.0,0.0,0.0,0.0,0.0,477.45650000000006
2022-06-22 15:00:00,0.0,192.3924,0.0,0.0,96.1962,0.0,0.0,331.8288
2022-06-22 16:00:00,0.0,492.8272,0.0,0.0,246.4136,0.0,0.0,179.7114
2022-06-22 17:00:00,0.0,777.0016,0.0,0.0,388.5008,0.0,0.0,52.224199999999996
2022-06-22 18:00:00,0.0,1102.9918,0.0,0.0,551.4959,0.0,0.0,1.9490999999999998
2022-06-22 19:00:00,0.0,858.85,0.0,0.0,429.425,0.0,0.0,0.0
2022-06-22 20:00:00,0.0,937.45,0.0,0.0,468.725,0.0,0.0,0.0
2022-06-22 21:00:00,0.0,1002.05,0.0,0.0,501.025,0.0,0.0,0.0
2022-06-22 22:00:00,0.0,985.05,0.0,0.0,492.525,0.0,0.0,0.0
2022-06-22 23:00:00,0.0,925.85,0.0,0.0,462.925,0.0,0.0,0.0
2022-06-23 00:00:00,0.0,934.25,0.0,0.0,467.125,0.0,0.0,0.0
2022-06-23 01:00:00,0.0,966.85,0.0,0.0,483.425,0.0,0.0,0.0
2022-06-23 02:00:00,0.0,982.65,0.0,0.0,491.325,0.0,0.0,0.0
2022-06-23 03:00:00,0.0,992.65,0.0,0.0,496.325,0.0,0.0,0.0
2022-06-23 04:00:00,0.0,901.1468,0.0,0.0,450.5734,0.0,0.0,12.351600000000001
2022-06-23 05:00:00,0.0,748.3596,0.0,0.0,374.1798,0.0,0.0,72.4452
2022-06-23 06:00:00,0.0,460.1486,0.0,0.0,230.0743,0.0,0.0,200.45069999999998
2022-06-23 07:00:00,0.0,287.0742,0.0,0.0,143.5371,0.0,0.0,355.67789999999997
2022-06-23 08:00:00,0.0,0.0,0.0,0.0,0.0,0.0,0.0,498.152
2022-06-23 09:00:00,0.0,0.0,0.0,0.0,0.0,0.0,0.0,615.7185
2022-06-23 10:00:00,0.0,0.0,0.0,0.0,0.0,0.0,0.0,686.0613
2022-06-23 11:00:00,0.0,0.0,0.0,0.0,0.0,0.0,0.0,710.9032
2022-06-23 12:00:00,0.0,0.0,0.0,0.0,0.0,0.0,0.0,677.0165999999999
2022-06-23 13:00:00,0.0,0.0,0.0,0.0,0.0,0.0,0.0,599.0964
2022-06-23 14:00:00,0.0,3.6598,0.0,0.0,1.8299,0.0,0.0,476.5951
2022-06-23 15:00:00,0.0,290.863,0.0,0.0,145.4315,0.0,0.0,329.1935
2022-06-23 16:00:00,0.0,538.2156,0.0,0.0,269.1078,0.0,0.0,179.31719999999999
2022-06-23 17:00:00,0.0,853.4916,0.0,0.0,426.7458,0.0,0.0,54.779199999999996
2022-06-23 18:00:00,0.0,1097.485,0.0,0.0,548.7425,0.0,0.0,10.4025
2022-06-23 19:00:00,0.0,838.05,0.0,0.0,419.025,0.0,0.0,0.0
2022-06-23 20:00:00,0.0,894.05,0.0,0.0,447.025,0.0,0.0,0.0
2022-06-23 21:00:00,0.0,1008.05,0.0,0.0,504.025,0.0,0.0,0.0
2022-06-23 22:00:00,0.0,987.25,0.0,0.0,493.625,0.0,0.0,0.0
2022-06-23 23:00:00,0.0,945.45,0.0,0.0,472.725,0.0,0.0,0.0
2022-06-24 00:00:00,0.0,944.25,0.0,0.0,472.125,0.0,0.0,0.0
2022-06-24 01:00:00,0.0,980.25,0.0,0.0,490.125,0.0,0.0,0.0
2022-06-24 02:00:00,0.0,965.65,0.0,0.0,482.825,0.0,0.0,0.0
2022-06-24 03:00:00,0.0,1005.45,0.0,0.0,502.725,0.0,0.0,0.0
2022-06-24 04:00:00,0.0,921.5468,0.0,0.0,460.7734,0.0,0.0,12.351600000000001
2022-06-24 05:00:00,0.0,695.2376,0.0,0.0,347.6188,0.0,0.0,69.3062
2022-06-24 06:00:00,0.0,415.265,0.0,0.0,207.6325,0.0,0.0,202.39250000000004
2022-06-24 07:00:00,0.0,236.011,0.0,0.0,118.0055,0.0,0.0,357.8095
2022-06-24 08:00:00,0.0,0.0,0.0,0.0,0.0,0.0,0.0,502.32759999999996
2022-06-24 09:00:00,0.0,0.0,0.0,0.0,0.0,0.0,0.0,618.3319
2022-06-24 10:00:00,0.0,0.0,0.0,0.0,0.0,0.0,0.0,693.1057999999999
2022-06-24 11:00:00,0.0,0.0,0.0,0.0,0.0,0.0,0.0,714.4291
2022-06-24 12:00:00,0.0,0.0,0.0,0.0,0.0,0.0,0.0,684.6816
2022-06-24 13:00:00,0.0,0.0,0.0,0.0,0.0,0.0,0.0,608.236
2022-06-24 14:00:00,0.0,0.0,0.0,0.0,0.0,0.0,0.0,476.49289999999996
2022-06-24 15:00:00,0.0,261.8206,0.0,0.0,130.9103,0.0,0.0,336.8147
2022-06-24 16:00:00,0.0,645.3948,0.0,0.0,322.6974,0.0,0.0,181.1276
2022-06-24 17:00:00,0.0,890.5024,0.0,0.0,445.2512,0.0,0.0,51.87379999999999
2022-06-24 18:00:00,0.0,1240.285,0.0,0.0,620.1425,0.0,0.0,10.4025
2022-06-24 19:00:00,0.0,943.45,0.0,0.0,471.725,0.0,0.0,0.0
2022-06-24 20:00:00,0.0,958.65,0.0,0.0,479.325,0.0,0.0,0.0
2022-06-24 21:00:00,0.0,1061.85,0.0,0.0,530.925,0.0,0.0,0.0
2022-06-24 22:00:00,0.0,985.25,0.0,0.0,492.625,0.0,0.0,0.0
2022-06-24 23:00:00,0.0,866.65,0.0,0.0,433.325,0.0,0.0,0.0
2022-06-25 00:00:00,0.0,854.65,0.0,0.0,427.325,0.0,0.0,0.0
2022-06-25 01:00:00,0.0,869.45,0.0,0.0,434.725,0.0,0.0,0.0
2022-06-25 02:00:00,0.0,918.05,0.0,0.0,459.025,0.0,0.0,0.0
2022-06-25 03:00:00,0.0,852.65,0.0,0.0,426.325,0.0,0.0,0.0
2022-06-25 04:00:00,0.0,864.0474,0.0,0.0,432.0237,0.0,0.0,13.001299999999997
2022-06-25 05:00:00,0.0,948.2794,0.0,0.0,474.1397,0.0,0.0,71.98530000000001
2022-06-25 06:00:00,0.0,689.8926,0.0,0.0,344.9463,0.0,0.0,195.7787
2022-06-25 07:00:00,0.0,303.0284,0.0,0.0,151.5142,0.0,0.0,358.4008
2022-06-25 08:00:00,0.0,0.0,0.0,0.0,0.0,0.0,0.0,492.896
2022-06-25 09:00:00,0.0,0.0,0.0,0.0,0.0,0.0,0.0,612.9664
2022-06-25 10:00:00,0.0,0.0,0.0,0.0,0.0,0.0,0.0,683.3237999999999
2022-06-25 11:00:00,0.0,0.0,0.0,0.0,0.0,0.0,0.0,712.5237999999999
2022-06-25 12:00:00,0.0,0.0,0.0,0.0,0.0,0.0,0.0,686.3022
2022-06-25 13:00:00,0.0,0.0,0.0,0.0,0.0,0.0,0.0,601.3959
2022-06-25 14:00:00,0.0,0.0,0.0,0.0,0.0,0.0,0.0,484.9536
2022-06-25 15:00:00,0.0,207.2848,0.0,0.0,103.6424,0.0,0.0,336.9826
2022-06-25 16:00:00,0.0,542.8106,0.0,0.0,271.4053,0.0,0.0,182.41969999999998
2022-06-25 17:00:00,0.0,871.9752,0.0,0.0,435.9876,0.0,0.0,52.8374
2022-06-25 18:00:00,0.0,1232.085,0.0,0.0,616.0425,0.0,0.0,10.4025
2022-06-25 19:00:00,0.0,978.65,0.0,0.0,489.325,0.0,0.0,0.0
2022-06-25 20:00:00,0.0,915.65,0.0,0.0,457.825,0.0,0.0,0.0
2022-06-25 21:00:00,0.0,876.45,0.0,0.0,438.225,0.0,0.0,0.0
2022-06-25 22:00:00,0.0,876.45,0.0,0.0,438.225,0.0,0.0,0.0
2022-06-25 23:00:00,0.0,802.45,0.0,0.0,401.225,0.0,0.0,0.0
2022-06-26 00:00:00,0.0,837.25,0.0,0.0,418.625,0.0,0.0,0.0
2022-06-26 01:00:00,0.0,781.25,0.0,0.0,390.625,0.0,0.0,0.0
2022-06-26 02:00:00,0.0,781.85,0.0,0.0,390.925,0.0,0.0,0.0
2022-06-26 03:00:00,0.0,785.05,0.0,0.0,392.525,0.0,0.0,0.0
2022-06-26 04:00:00,0.0,767.0462,0.0,0.0,383.5231,0.0,0.0,11.701900000000002
2022-06-26 05:00:00,0.0,905.6536,0.0,0.0,452.8268,0.0,0.0,69.59819999999999
2022-06-26 06:00:00,0.0,685.1576,0.0,0.0,342.5788,0.0,0.0,199.2462
2022-06-26 07:00:00,0.0,302.284,0.0,0.0,151.142,0.0,0.0,357.773
2022-06-26 08:00:00,0.0,0.0,0.0,0.0,0.0,0.0,0.0,507.4668
2022-06-26 09:00:00,0.0,0.0,0.0,0.0,0.0,0.0,0.0,621.96
2022-06-26 10:00:00,0.0,0.0,0.0,0.0,0.0,0.0,0.0,697.6682999999999
2022-06-26 11:00:00,0.0,0.0,0.0,0.0,0.0,0.0,0.0,719.8091999999999
2022-06-26 12:00:00,0.0,0.0,0.0,0.0,0.0,0.0,0.0,690.0251999999999
2022-06-26 13:00:00,0.0,0.0,0.0,0.0,0.0,0.0,0.0,607.5133
2022-06-26 14:00:00,0.0,0.0,0.0,0.0,0.0,0.0,0.0,487.5597
2022-06-26 15:00:00,0.0,185.9154,0.0,0.0,92.9577,0.0,0.0,337.2673
2022-06-26 16:00:00,0.0,591.8412,0.0,0.0,295.9206,0.0,0.0,182.7044
2022-06-26 17:00:00,0.0,862.5838,0.0,0.0,431.2919,0.0,0.0,53.6331
2022-06-26 18:00:00,0.0,1194.5856,0.0,0.0,597.2928,0.0,0.0,11.0522
2022-06-26 19:00:00,0.0,932.65,0.0,0.0,466.325,0.0,0.0,0.0
2022-06-26 20:00:00,0.0,978.65,0.0,0.0,489.325,0.0,0.0,0.0
2022-06-26 21:00:00,0.0,996.85,0.0,0.0,498.425,0.0,0.0,0.0
2022-06-26 22:00:00,0.0,937.05,0.0,0.0,468.525,0.0,0.0,0.0
2022-06-26 23:00:00,0.0,868.45,0.0,0.0,434.225,0.0,0.0,0.0
2022-06-27 00:00:00,0.0,882.85,0.0,0.0,441.425,0.0,0.0,0.0
2022-06-27 01:00:00,0.0,861.65,0.0,0.0,430.825,0.0,0.0,0.0
2022-06-27 02:00:00,0.0,853.85,0.0,0.0,426.925,0.0,0.0,0.0
2022-06-27 03:00:00,0.0,826.25,0.0,0.0,413.125,0.0,0.0,0.0
2022-06-27 04:00:00,0.0,825.4462,0.0,0.0,412.7231,0.0,0.0,11.701900000000002
2022-06-27 05:00:00,0.0,870.2672,0.0,0.0,435.1336,0.0,0.0,67.2914
2022-06-27 06:00:00,0.0,638.8668,0.0,0.0,319.4334,0.0,0.0,200.6916
2022-06-27 07:00:00,0.0,383.2992,0.0,0.0,191.6496,0.0,0.0,362.06539999999995
2022-06-27 08:00:00,0.0,0.0,0.0,0.0,0.0,0.0,0.0,503.8825
2022-06-27 09:00:00,0.0,0.0,0.0,0.0,0.0,0.0,0.0,620.8358
2022-06-27 10:00:00,0.0,0.0,0.0,0.0,0.0,0.0,0.0,689.4704
2022-06-27 11:00:00,0.0,0.0,0.0,0.0,0.0,0.0,0.0,711.6259
2022-06-27 12:00:00,0.0,0.0,0.0,0.0,0.0,0.0,0.0,685.5284
2022-06-27 13:00:00,0.0,0.0,0.0,0.0,0.0,0.0,0.0,607.3380999999999
2022-06-27 14:00:00,0.0,0.0,0.0,0.0,0.0,0.0,0.0,490.5016
2022-06-27 15:00:00,0.0,168.6764,0.0,0.0,84.3382,0.0,0.0,342.4868
2022-06-27 16:00:00,0.0,520.8454,0.0,0.0,260.4227,0.0,0.0,183.60229999999999
2022-06-27 17:00:00,0.0,877.1036,0.0,0.0,438.5518,0.0,0.0,53.173199999999994
2022-06-27 18:00:00,0.0,1244.485,0.0,0.0,622.2425,0.0,0.0,10.4025
2022-06-27 19:00:00,0.0,944.85,0.0,0.0,472.425,0.0,0.0,0.0
2022-06-27 20:00:00,0.0,937.25,0.0,0.0,468.625,0.0,0.0,0.0
2022-06-27 21:00:00,0.0,894.05,0.0,0.0,447.025,0.0,0.0,0.0
2022-06-27 22:00:00,0.0,894.45,0.0,0.0,447.225,0.0,0.0,0.0
2022-06-27 23:00:00,0.0,767.05,0.0,0.0,383.525,0.0,0.0,0.0
2022-06-28 00:00:00,0.0,743.65,0.0,0.0,371.825,0.0,0.0,0.0
2022-06-28 01:00:00,0.0,735.65,0.0,0.0,367.825,0.0,0.0,0.0
2022-06-28 02:00:00,0.0,739.65,0.0,0.0,369.825,0.0,0.0,0.0
2022-06-28 03:00:00,0.0,740.05,0.0,0.0,370.025,0.0,0.0,0.0
2022-06-28 04:00:00,0.0,759.2462,0.0,0.0,379.6231,0.0,0.0,11.701900000000002
2022-06-28 05:00:00,0.0,829.7226,0.0,0.0,414.8613,0.0,0.0,67.66369999999999
2022-06-28 06:00:00,0.0,1074.25,0.0,0.0,537.125,0.0,0.0,0.0
2022-06-28 07:00:00,0.0,1063.43,0.0,0.0,531.715,0.0,0.0,0.0
2022-06-28 08:00:00,0.0,880.65,0.0,0.0,440.325,0.0,0.0,0.0
2022-06-28 09:00:00,0.0,0.0,0.0,0.0,0.0,0.0,0.0,622.3469
2022-06-28 10:00:00,0.0,0.0,0.0,0.0,0.0,0.0,0.0,694.6096
2022-06-28 11:00:00,0.0,0.0,0.0,0.0,0.0,0.0,0.0,716.8089
2022-06-28 12:00:00,0.0,0.0,0.0,0.0,0.0,0.0,0.0,687.1344
2022-06-28 13:00:00,0.0,0.0,0.0,0.0,0.0,0.0,0.0,605.5641999999999
2022-06-28 14:00:00,0.0,0.0,0.0,0.0,0.0,0.0,0.0,486.5377000000001
2022-06-28 15:00:00,0.0,147.9092,0.0,0.0,73.9546,0.0,0.0,339.07039999999995
2022-06-28 16:00:00,0.0,562.9176,0.0,0.0,281.4588,0.0,0.0,180.26619999999997
2022-06-28 17:00:00,0.0,880.7704,0.0,0.0,440.3852,0.0,0.0,54.9398
2022-06-28 18:00:00,0.0,1268.885,0.0,0.0,634.4425,0.0,0.0,10.4025
2022-06-28 19:00:00,0.0,954.05,0.0,0.0,477.025,0.0,0.0,0.0
2022-06-28 20:00:00,0.0,992.85,0.0,0.0,496.425,0.0,0.0,0.0
2022-06-28 21:00:00,0.0,884.05,0.0,0.0,442.025,0.0,0.0,0.0
2022-06-28 22:00:00,0.0,850.85,0.0,0.0,425.425,0.0,0.0,0.0
2022-06-28 23:00:00,0.0,816.05,0.0,0.0,408.025,0.0,0.0,0.0
2022-06-29 00:00:00,0.0,790.05,0.0,0.0,395.025,0.0,0.0,0.0
2022-06-29 01:00:00,0.0,800.65,0.0,0.0,400.325,0.0,0.0,0.0
2022-06-29 02:00:00,0.0,822.85,0.0,0.0,411.425,0.0,0.0,0.0
2022-06-29 03:00:00,0.0,823.45,0.0,0.0,411.725,0.0,0.0,0.0
2022-06-29 04:00:00,0.0,843.0462,0.0,0.0,421.5231,0.0,0.0,11.701900000000002
2022-06-29 05:00:00,0.0,995.45,0.0,0.0,497.725,0.0,0.0,0.0
2022-06-29 06:00:00,0.0,1105.65,0.0,0.0,552.825,0.0,0.0,0.0
2022-06-29 07:00:00,0.0,1072.23,0.0,0.0,536.115,0.0,0.0,0.0
2022-06-29 08:00:00,0.0,0.0,0.0,0.0,0.0,0.0,0.0,489.50880000000006
2022-06-29 09:00:00,0.0,0.0,0.0,0.0,0.0,0.0,0.0,584.5621
2022-06-29 10:00:00,0.0,0.0,0.0,0.0,0.0,0.0,0.0,656.4452
2022-06-29 11:00:00,0.0,0.0,0.0,0.0,0.0,0.0,0.0,688.8645
2022-06-29 12:00:00,0.0,0.0,0.0,0.0,0.0,0.0,0.0,664.7818
2022-06-29 13:00:00,0.0,0.0,0.0,0.0,0.0,0.0,0.0,588.9275
2022-06-29 14:00:00,0.0,0.0,0.0,0.0,0.0,0.0,0.0,476.3542
2022-06-29 15:00:00,0.0,187.7862,0.0,0.0,93.8931,0.0,0.0,333.6319
2022-06-29 16:00:00,0.0,572.5116,0.0,0.0,286.2558,0.0,0.0,181.0692
2022-06-29 17:00:00,0.0,809.0026,0.0,0.0,404.5013,0.0,0.0,54.5237
2022-06-29 18:00:00,0.0,1147.885,0.0,0.0,573.9425,0.0,0.0,10.4025
2022-06-29 19:00:00,0.0,954.25,0.0,0.0,477.125,0.0,0.0,0.0
2022-06-29 20:00:00,0.0,921.65,0.0,0.0,460.825,0.0,0.0,0.0
2022-06-29 21:00:00,0.0,994.85,0.0,0.0,497.425,0.0,0.0,0.0
2022-06-29 22:00:00,0.0,961.25,0.0,0.0,480.625,0.0,0.0,0.0
2022-06-29 23:00:00,0.0,864.65,0.0,0.0,432.325,0.0,0.0,0.0
2022-06-30 00:00:00,0.0,841.25,0.0,0.0,420.625,0.0,0.0,0.0
2022-06-30 01:00:00,0.0,857.25,0.0,0.0,428.625,0.0,0.0,0.0
2022-06-30 02:00:00,0.0,895.45,0.0,0.0,447.725,0.0,0.0,0.0
2022-06-30 03:00:00,0.0,907.45,0.0,0.0,453.725,0.0,0.0,0.0
2022-06-30 04:00:00,0.0,876.8548,0.0,0.0,438.4274,0.0,0.0,5.1975999999999996
2022-06-30 05:00:00,0.0,727.4276,0.0,0.0,363.7138,0.0,0.0,68.21119999999999
2022-06-30 06:00:00,0.0,467.7542,0.0,0.0,233.8771,0.0,0.0,194.34789999999998
2022-06-30 07:00:00,0.0,292.8842,0.0,0.0,146.4421,0.0,0.0,356.7729
2022-06-30 08:00:00,0.0,18.804,0.0,0.0,9.402,0.0,0.0,500.123
2022-06-30 09:00:00,0.0,0.0,0.0,0.0,0.0,0.0,0.0,617.8647
2022-06-30 10:00:00,0.0,0.0,0.0,0.0,0.0,0.0,0.0,585.9782999999999
2022-06-30 11:00:00,0.0,0.0,0.0,0.0,0.0,0.0,0.0,700.9095
2022-06-30 12:00:00,0.0,0.0,0.0,0.0,0.0,0.0,0.0,673.0746
2022-06-30 13:00:00,0.0,0.0,0.0,0.0,0.0,0.0,0.0,590.2122999999999
2022-06-30 14:00:00,0.0,0.0,0.0,0.0,0.0,0.0,0.0,459.0386
2022-06-30 15:00:00,0.0,240.944,0.0,0.0,120.472,0.0,0.0,311.053
2022-06-30 16:00:00,0.0,609.4706,0.0,0.0,304.7353,0.0,0.0,174.38969999999998
2022-06-30 17:00:00,0.0,840.725,0.0,0.0,420.3625,0.0,0.0,62.9625
2022-06-30 18:00:00,0.0,1204.9856,0.0,0.0,602.4928,0.0,0.0,11.0522
2022-06-30 19:00:00,0.0,876.65,0.0,0.0,438.325,0.0,0.0,0.0
2022-06-30 20:00:00,0.0,920.05,0.0,0.0,460.025,0.0,0.0,0.0
2022-06-30 21:00:00,0.0,952.25,0.0,0.0,476.125,0.0,0.0,0.0
2022-06-30 22:00:00,0.0,941.05,0.0,0.0,470.525,0.0,0.0,0.0
2022-06-30 23:00:00,0.0,936.45,0.0,0.0,468.225,0.0,0.0,0.0
2022-07-01 00:00:00,0.0,928.85,0.0,0.0,464.425,0.0,0.0,0.0
2022-07-01 01:00:00,0.0,956.85,0.0,0.0,478.425,0.0,0.0,0.0
2022-07-01 02:00:00,0.0,960.65,0.0,0.0,480.325,0.0,0.0,0.0
2022-07-01 03:00:00,0.0,957.45,0.0,0.0,478.725,0.0,0.0,0.0
2022-07-01 04:00:00,0.0,918.1456,0.0,0.0,459.0728,0.0,0.0,11.0522
2022-07-01 05:00:00,0.0,810.9516,0.0,0.0,405.4758,0.0,0.0,32.1492
2022-07-01 06:00:00,0.0,473.084,0.0,0.0,236.542,0.0,0.0,180.383
2022-07-01 07:00:00,0.0,362.1568,0.0,0.0,181.0784,0.0,0.0,314.9366
2022-07-01 08:00:00,0.0,118.327,0.0,0.0,59.1635,0.0,0.0,417.9615
2022-07-01 09:00:00,0.0,0.0,0.0,0.0,0.0,0.0,0.0,594.3733
2022-07-01 10:00:00,0.0,0.0,0.0,0.0,0.0,0.0,0.0,602.1478
2022-07-01 11:00:00,0.0,0.0,0.0,0.0,0.0,0.0,0.0,693.2664
2022-07-01 12:00:00,0.0,0.0,0.0,0.0,0.0,0.0,0.0,518.008
2022-07-01 13:00:00,0.0,0.0,0.0,0.0,0.0,0.0,0.0,558.8952999999999
2022-07-01 14:00:00,0.0,0.0,0.0,0.0,0.0,0.0,0.0,454.26439999999997
2022-07-01 15:00:00,0.0,564.6614,0.0,0.0,282.3307,0.0,0.0,147.3943
2022-07-01 16:00:00,0.0,577.8622,0.0,0.0,288.9311,0.0,0.0,179.8939
2022-07-01 17:00:00,0.0,839.315,0.0,0.0,419.6575,0.0,0.0,61.8675
2022-07-01 18:00:00,0.0,1199.7856,0.0,0.0,599.8928,0.0,0.0,11.0522
2022-07-01 19:00:00,0.0,947.05,0.0,0.0,473.525,0.0,0.0,0.0
2022-07-01 20:00:00,0.0,931.45,0.0,0.0,465.725,0.0,0.0,0.0
2022-07-01 21:00:00,0.0,868.45,0.0,0.0,434.225,0.0,0.0,0.0
2022-07-01 22:00:00,0.0,915.45,0.0,0.0,457.725,0.0,0.0,0.0
2022-07-01 23:00:00,0.0,872.85,0.0,0.0,436.425,0.0,0.0,0.0
2022-07-02 00:00:00,0.0,890.05,0.0,0.0,445.025,0.0,0.0,0.0
2022-07-02 01:00:00,0.0,891.45,0.0,0.0,445.725,0.0,0.0,0.0
2022-07-02 02:00:00,0.0,911.79,0.0,0.0,455.895,0.0,0.0,0.0
2022-07-02 03:00:00,0.0,905.05,0.0,0.0,452.525,0.0,0.0,0.0
2022-07-02 04:00:00,0.0,915.3432,0.0,0.0,457.6716,0.0,0.0,8.4534
2022-07-02 05:00:00,0.0,846.207,0.0,0.0,423.1035,0.0,0.0,69.0215
2022-07-02 06:00:00,0.0,693.0308,0.0,0.0,346.5154,0.0,0.0,190.90959999999998
2022-07-02 07:00:00,0.0,336.6272,0.0,0.0,168.3136,0.0,0.0,349.80139999999994
2022-07-02 08:00:00,0.0,0.0,0.0,0.0,0.0,0.0,0.0,489.23139999999995
2022-07-02 09:00:00,0.0,0.0,0.0,0.0,0.0,0.0,0.0,605.4255
2022-07-02 10:00:00,0.0,0.0,0.0,0.0,0.0,0.0,0.0,684.5721
2022-07-02 11:00:00,0.0,0.0,0.0,0.0,0.0,0.0,0.0,711.2025
2022-07-02 12:00:00,0.0,0.0,0.0,0.0,0.0,0.0,0.0,685.9590999999999
2022-07-02 13:00:00,0.0,0.0,0.0,0.0,0.0,0.0,0.0,608.4915
2022-07-02 14:00:00,0.0,0.0,0.0,0.0,0.0,0.0,0.0,489.9540999999999
2022-07-02 15:00:00,0.0,200.8708,0.0,0.0,100.4354,0.0,0.0,341.28959999999995
2022-07-02 16:00:00,0.0,531.5938,0.0,0.0,265.7969,0.0,0.0,186.12810000000002
2022-07-02 17:00:00,0.0,796.0308,0.0,0.0,398.0154,0.0,0.0,52.2096
2022-07-02 18:00:00,0.0,1139.5856,0.0,0.0,569.7928,0.0,0.0,11.0522
2022-07-02 19:00:00,0.0,933.85,0.0,0.0,466.925,0.0,0.0,0.0
2022-07-02 20:00:00,0.0,891.25,0.0,0.0,445.625,0.0,0.0,0.0
2022-07-02 21:00:00,0.0,883.85,0.0,0.0,441.925,0.0,0.0,0.0
2022-07-02 22:00:00,0.0,791.05,0.0,0.0,395.525,0.0,0.0,0.0
2022-07-02 23:00:00,0.0,761.85,0.0,0.0,380.925,0.0,0.0,0.0
2022-07-03 00:00:00,0.0,754.45,0.0,0.0,377.225,0.0,0.0,0.0
2022-07-03 01:00:00,0.0,827.65,0.0,0.0,413.825,0.0,0.0,0.0
2022-07-03 02:00:00,0.0,811.59,0.0,0.0,405.795,0.0,0.0,0.0
2022-07-03 03:00:00,0.0,806.65,0.0,0.0,403.325,0.0,0.0,0.0
2022-07-03 04:00:00,0.0,854.8438,0.0,0.0,427.4219,0.0,0.0,9.1031
2022-07-03 05:00:00,0.0,786.7776,0.0,0.0,393.3888,0.0,0.0,62.7362
2022-07-03 06:00:00,0.0,569.8882,0.0,0.0,284.9441,0.0,0.0,203.18090000000004
2022-07-03 07:00:00,0.0,324.3984,0.0,0.0,162.1992,0.0,0.0,362.4158
2022-07-03 08:00:00,0.0,0.0,0.0,0.0,0.0,0.0,0.0,519.979
2022-07-03 09:00:00,0.0,0.0,0.0,0.0,0.0,0.0,0.0,638.6186
2022-07-03 10:00:00,0.0,0.0,0.0,0.0,0.0,0.0,0.0,710.1805
2022-07-03 11:00:00,0.0,0.0,0.0,0.0,0.0,0.0,0.0,722.6489
2022-07-03 12:00:00,0.0,0.0,0.0,0.0,0.0,0.0,0.0,693.7628
2022-07-03 13:00:00,0.0,0.0,0.0,0.0,0.0,0.0,0.0,599.403
2022-07-03 14:00:00,0.0,0.0,0.0,0.0,0.0,0.0,0.0,476.7629999999999
2022-07-03 15:00:00,0.0,160.4032,0.0,0.0,80.2016,0.0,0.0,328.92339999999996
2022-07-03 16:00:00,0.0,512.195,0.0,0.0,256.0975,0.0,0.0,165.5275
2022-07-03 17:00:00,0.0,810.3442,0.0,0.0,405.1721,0.0,0.0,54.5529
2022-07-03 18:00:00,0.0,1157.1856,0.0,0.0,578.5928,0.0,0.0,11.0522
2022-07-03 19:00:00,0.0,882.65,0.0,0.0,441.325,0.0,0.0,0.0
2022-07-03 20:00:00,0.0,907.85,0.0,0.0,453.925,0.0,0.0,0.0
2022-07-03 21:00:00,0.0,868.85,0.0,0.0,434.425,0.0,0.0,0.0
2022-07-03 22:00:00,0.0,859.45,0.0,0.0,429.725,0.0,0.0,0.0
2022-07-03 23:00:00,0.0,787.25,0.0,0.0,393.625,0.0,0.0,0.0
2022-07-04 00:00:00,0.0,779.85,0.0,0.0,389.925,0.0,0.0,0.0
2022-07-04 01:00:00,0.0,828.99,0.0,0.0,414.495,0.0,0.0,0.0
2022-07-04 02:00:00,0.0,756.51,0.0,0.0,378.255,0.0,0.0,0.0
2022-07-04 03:00:00,0.0,777.39,0.0,0.0,388.695,0.0,0.0,0.0
2022-07-04 04:00:00,0.0,802.6572,0.0,0.0,401.3286,0.0,0.0,7.796399999999999
2022-07-04 05:00:00,0.0,800.6424,0.0,0.0,400.3212,0.0,0.0,67.2038
2022-07-04 06:00:00,0.0,703.485,0.0,0.0,351.7425,0.0,0.0,189.9825
2022-07-04 07:00:00,0.0,302.4544,0.0,0.0,151.2272,0.0,0.0,345.1878
2022-07-04 08:00:00,0.0,0.0,0.0,0.0,0.0,0.0,0.0,490.47240000000005
2022-07-04 09:00:00,0.0,0.0,0.0,0.0,0.0,0.0,0.0,618.0399
2022-07-04 10:00:00,0.0,0.0,0.0,0.0,0.0,0.0,0.0,691.2297
2022-07-04 11:00:00,0.0,0.0,0.0,0.0,0.0,0.0,0.0,718.6631
2022-07-04 12:00:00,0.0,0.0,0.0,0.0,0.0,0.0,0.0,694.0547999999999
2022-07-04 13:00:00,0.0,0.0,0.0,0.0,0.0,0.0,0.0,612.1853
2022-07-04 14:00:00,0.0,0.0,0.0,0.0,0.0,0.0,0.0,495.72839999999997
2022-07-04 15:00:00,0.0,101.3168,0.0,0.0,50.6584,0.0,0.0,344.86659999999995
2022-07-04 16:00:00,0.0,495.296,0.0,0.0,247.648,0.0,0.0,186.077
2022-07-04 17:00:00,0.0,795.0128,0.0,0.0,397.5064,0.0,0.0,54.6186
2022-07-04 18:00:00,0.0,1145.3856,0.0,0.0,572.6928,0.0,0.0,11.0522
2022-07-04 19:00:00,0.0,888.85,0.0,0.0,444.425,0.0,0.0,0.0
2022-07-04 20:00:00,0.0,918.05,0.0,0.0,459.025,0.0,0.0,0.0
2022-07-04 21:00:00,0.0,863.25,0.0,0.0,431.625,0.0,0.0,0.0
2022-07-04 22:00:00,0.0,832.05,0.0,0.0,416.025,0.0,0.0,0.0
2022-07-04 23:00:00,0.0,825.05,0.0,0.0,412.525,0.0,0.0,0.0
2022-07-05 00:00:00,0.0,834.25,0.0,0.0,417.125,0.0,0.0,0.0
2022-07-05 01:00:00,0.0,803.25,0.0,0.0,401.625,0.0,0.0,0.0
2022-07-05 02:00:00,0.0,787.45,0.0,0.0,393.725,0.0,0.0,0.0
2022-07-05 03:00:00,0.0,826.65,0.0,0.0,413.325,0.0,0.0,0.0
2022-07-05 04:00:00,0.0,796.1432,0.0,0.0,398.0716,0.0,0.0,8.4534
2022-07-05 05:00:00,0.0,811.6064,0.0,0.0,405.8032,0.0,0.0,64.7218
2022-07-05 06:00:00,0.0,620.2592,0.0,0.0,310.1296,0.0,0.0,194.8954
2022-07-05 07:00:00,0.0,300.9856,0.0,0.0,150.4928,0.0,0.0,353.42220000000003
2022-07-05 08:00:00,0.0,0.0,0.0,0.0,0.0,0.0,0.0,503.67080000000004
2022-07-05 09:00:00,0.0,0.0,0.0,0.0,0.0,0.0,0.0,619.2809
2022-07-05 10:00:00,0.0,0.0,0.0,0.0,0.0,0.0,0.0,688.9594000000001
2022-07-05 11:00:00,0.0,0.0,0.0,0.0,0.0,0.0,0.0,708.5088
2022-07-05 12:00:00,0.0,0.0,0.0,0.0,0.0,0.0,0.0,680.6447
2022-07-05 13:00:00,0.0,0.0,0.0,0.0,0.0,0.0,0.0,607.5935999999999
2022-07-05 14:00:00,0.0,0.0,0.0,0.0,0.0,0.0,0.0,487.5597
2022-07-05 15:00:00,0.0,173.722,0.0,0.0,86.861,0.0,0.0,340.764
2022-07-05 16:00:00,0.0,469.7836,0.0,0.0,234.8918,0.0,0.0,186.0332
2022-07-05 17:00:00,0.0,815.077,0.0,0.0,407.5385,0.0,0.0,54.7865
2022-07-05 18:00:00,0.0,1158.3856,0.0,0.0,579.1928,0.0,0.0,11.0522
2022-07-05 19:00:00,0.0,898.05,0.0,0.0,449.025,0.0,0.0,0.0
2022-07-05 20:00:00,0.0,905.25,0.0,0.0,452.625,0.0,0.0,0.0
2022-07-05 21:00:00,0.0,851.85,0.0,0.0,425.925,0.0,0.0,0.0
2022-07-05 22:00:00,0.0,851.05,0.0,0.0,425.525,0.0,0.0,0.0
2022-07-05 23:00:00,0.0,793.85,0.0,0.0,396.925,0.0,0.0,0.0
2022-07-06 00:00:00,0.0,780.25,0.0,0.0,390.125,0.0,0.0,0.0
2022-07-06 01:00:00,0.0,836.25,0.0,0.0,418.125,0.0,0.0,0.0
2022-07-06 02:00:00,0.0,830.45,0.0,0.0,415.225,0.0,0.0,0.0
2022-07-06 03:00:00,0.0,788.05,0.0,0.0,394.025,0.0,0.0,0.0
2022-07-06 04:00:00,0.0,809.256,0.0,0.0,404.628,0.0,0.0,6.497
2022-07-06 05:00:00,0.0,786.2562,0.0,0.0,393.1281,0.0,0.0,63.896899999999995
2022-07-06 06:00:00,0.0,584.1692,0.0,0.0,292.0846,0.0,0.0,192.3404
2022-07-06 07:00:00,0.0,356.017,0.0,0.0,178.0085,0.0,0.0,349.7065
2022-07-06 08:00:00,0.0,0.0,0.0,0.0,0.0,0.0,0.0,493.7136
2022-07-06 09:00:00,0.0,0.0,0.0,0.0,0.0,0.0,0.0,613.4774
2022-07-06 10:00:00,0.0,0.0,0.0,0.0,0.0,0.0,0.0,690.2004000000001
2022-07-06 11:00:00,0.0,0.0,0.0,0.0,0.0,0.0,0.0,717.7214
2022-07-06 12:00:00,0.0,0.0,0.0,0.0,0.0,0.0,0.0,689.6601999999999
2022-07-06 13:00:00,0.0,0.0,0.0,0.0,0.0,0.0,0.0,612.0831
2022-07-06 14:00:00,0.0,0.0,0.0,0.0,0.0,0.0,0.0,492.5821
2022-07-06 15:00:00,0.0,154.3748,0.0,0.0,77.1874,0.0,0.0,339.5376
2022-07-06 16:00:00,0.0,481.6596,0.0,0.0,240.8298,0.0,0.0,185.59519999999998
2022-07-06 17:00:00,0.0,746.3088,0.0,0.0,373.1544,0.0,0.0,56.370599999999996
2022-07-06 18:00:00,0.0,1122.085,0.0,0.0,561.0425,0.0,0.0,10.4025
2022-07-06 19:00:00,0.0,867.85,0.0,0.0,433.925,0.0,0.0,0.0
2022-07-06 20:00:00,0.0,867.05,0.0,0.0,433.525,0.0,0.0,0.0
2022-07-06 21:00:00,0.0,820.45,0.0,0.0,410.225,0.0,0.0,0.0
2022-07-06 22:00:00,0.0,789.05,0.0,0.0,394.525,0.0,0.0,0.0
2022-07-06 23:00:00,0.0,790.45,0.0,0.0,395.225,0.0,0.0,0.0
2022-07-07 00:00:00,0.0,745.45,0.0,0.0,372.725,0.0,0.0,0.0
2022-07-07 01:00:00,0.0,745.65,0.0,0.0,372.825,0.0,0.0,0.0
2022-07-07 02:00:00,0.0,760.65,0.0,0.0,380.325,0.0,0.0,0.0
2022-07-07 03:00:00,0.0,757.45,0.0,0.0,378.725,0.0,0.0,0.0
2022-07-07 04:00:00,0.0,730.3566,0.0,0.0,365.1783,0.0,0.0,7.146699999999999
2022-07-07 05:00:00,0.0,649.6152,0.0,0.0,324.8076,0.0,0.0,64.5174
2022-07-07 06:00:00,0.0,401.8074,0.0,0.0,200.9037,0.0,0.0,191.1213
2022-07-07 07:00:00,0.0,280.0498,0.0,0.0,140.0249,0.0,0.0,346.2901
2022-07-07 08:00:00,0.0,0.0,0.0,0.0,0.0,0.0,0.0,491.9397
2022-07-07 09:00:00,0.0,0.0,0.0,0.0,0.0,0.0,0.0,586.2556999999999
2022-07-07 10:00:00,0.0,0.0,0.0,0.0,0.0,0.0,0.0,677.7247
2022-07-07 11:00:00,0.0,0.0,0.0,0.0,0.0,0.0,0.0,712.4946
2022-07-07 12:00:00,0.0,0.0,0.0,0.0,0.0,0.0,0.0,681.0097
2022-07-07 13:00:00,0.0,0.0,0.0,0.0,0.0,0.0,0.0,604.4619
2022-07-07 14:00:00,0.0,0.0,0.0,0.0,0.0,0.0,0.0,484.47909999999996
2022-07-07 15:00:00,0.0,132.3636,0.0,0.0,66.1818,0.0,0.0,337.14320000000004
2022-07-07 16:00:00,0.0,496.209,0.0,0.0,248.1045,0.0,0.0,146.6205
2022-07-07 17:00:00,0.0,711.2152,0.0,0.0,355.6076,0.0,0.0,64.5174
2022-07-07 18:00:00,0.0,1104.085,0.0,0.0,552.0425,0.0,0.0,10.4025
2022-07-07 19:00:00,0.0,865.85,0.0,0.0,432.925,0.0,0.0,0.0
2022-07-07 20:00:00,0.0,897.85,0.0,0.0,448.925,0.0,0.0,0.0
2022-07-07 21:00:00,0.0,796.85,0.0,0.0,398.425,0.0,0.0,0.0
2022-07-07 22:00:00,0.0,800.05,0.0,0.0,400.025,0.0,0.0,0.0
2022-07-07 23:00:00,0.0,788.05,0.0,0.0,394.025,0.0,0.0,0.0
2022-07-08 00:00:00,0.0,816.25,0.0,0.0,408.125,0.0,0.0,0.0
2022-07-08 01:00:00,0.0,827.65,0.0,0.0,413.825,0.0,0.0,0.0
2022-07-08 02:00:00,0.0,804.25,0.0,0.0,402.125,0.0,0.0,0.0
2022-07-08 03:00:00,0.0,784.65,0.0,0.0,392.325,0.0,0.0,0.0
2022-07-08 04:00:00,0.0,770.0572,0.0,0.0,385.0286,0.0,0.0,7.796399999999999
2022-07-08 05:00:00,0.0,658.1688,0.0,0.0,329.0844,0.0,0.0,55.6406
2022-07-08 06:00:00,0.0,374.9678,0.0,0.0,187.4839,0.0,0.0,199.3411
2022-07-08 07:00:00,0.0,217.5538,0.0,0.0,108.7769,0.0,0.0,366.43809999999996
2022-07-08 08:00:00,0.0,0.0,0.0,0.0,0.0,0.0,0.0,508.1530000000001
2022-07-08 09:00:00,0.0,0.0,0.0,0.0,0.0,0.0,0.0,593.3732
2022-07-08 10:00:00,0.0,0.0,0.0,0.0,0.0,0.0,0.0,651.6637
2022-07-08 11:00:00,0.0,0.0,0.0,0.0,0.0,0.0,0.0,721.2692
2022-07-08 12:00:00,0.0,0.0,0.0,0.0,0.0,0.0,0.0,660.2266
2022-07-08 13:00:00,0.0,0.0,0.0,0.0,0.0,0.0,0.0,492.04189999999994
2022-07-08 14:00:00,0.0,0.0,0.0,0.0,0.0,0.0,0.0,464.69610000000006
2022-07-08 15:00:00,0.0,152.4564,0.0,0.0,76.2282,0.0,0.0,332.9968
2022-07-08 16:00:00,0.0,442.4824,0.0,0.0,221.2412,0.0,0.0,188.38379999999998
2022-07-08 17:00:00,0.0,767.5988,0.0,0.0,383.7994,0.0,0.0,58.92559999999999
2022-07-08 18:00:00,0.0,1166.2972,0.0,0.0,583.1486,0.0,0.0,7.796399999999999
2022-07-08 19:00:00,0.0,916.05,0.0,0.0,458.025,0.0,0.0,0.0
2022-07-08 20:00:00,0.0,928.65,0.0,0.0,464.325,0.0,0.0,0.0
2022-07-08 21:00:00,0.0,831.05,0.0,0.0,415.525,0.0,0.0,0.0
2022-07-08 22:00:00,0.0,816.05,0.0,0.0,408.025,0.0,0.0,0.0
2022-07-08 23:00:00,0.0,792.05,0.0,0.0,396.025,0.0,0.0,0.0
2022-07-09 00:00:00,0.0,817.45,0.0,0.0,408.725,0.0,0.0,0.0
2022-07-09 01:00:00,0.0,797.05,0.0,0.0,398.525,0.0,0.0,0.0
2022-07-09 02:00:00,0.0,798.85,0.0,0.0,399.425,0.0,0.0,0.0
2022-07-09 03:00:00,0.0,804.05,0.0,0.0,402.025,0.0,0.0,0.0
2022-07-09 04:00:00,0.0,777.8572,0.0,0.0,388.9286,0.0,0.0,7.796399999999999
2022-07-09 05:00:00,0.0,721.5082,0.0,0.0,360.7541,0.0,0.0,59.3709
2022-07-09 06:00:00,0.0,521.693,0.0,0.0,260.8465,0.0,0.0,179.1785
2022-07-09 07:00:00,0.0,399.8786,0.0,0.0,199.9393,0.0,0.0,311.77570000000003
2022-07-09 08:00:00,0.0,0.0,0.0,0.0,0.0,0.0,0.0,519.395
2022-07-09 09:00:00,0.0,0.0,0.0,0.0,0.0,0.0,0.0,633.64
2022-07-09 10:00:00,0.0,0.0,0.0,0.0,0.0,0.0,0.0,705.3186999999999
2022-07-09 11:00:00,0.0,0.0,0.0,0.0,0.0,0.0,0.0,722.9044
2022-07-09 12:00:00,0.0,0.0,0.0,0.0,0.0,0.0,0.0,683.4698
2022-07-09 13:00:00,0.0,0.0,0.0,0.0,0.0,0.0,0.0,626.6101
2022-07-09 14:00:00,0.0,0.0,0.0,0.0,0.0,0.0,0.0,499.75069999999994
2022-07-09 15:00:00,0.0,200.5872,0.0,0.0,100.2936,0.0,0.0,335.93139999999994
2022-07-09 16:00:00,0.0,442.4366,0.0,0.0,221.2183,0.0,0.0,191.10670000000002
2022-07-09 17:00:00,0.0,786.4522,0.0,0.0,393.2261,0.0,0.0,47.398900000000005
2022-07-09 18:00:00,0.0,1143.685,0.0,0.0,571.8425,0.0,0.0,10.4025
2022-07-09 19:00:00,0.0,838.25,0.0,0.0,419.125,0.0,0.0,0.0
2022-07-09 20:00:00,0.0,882.25,0.0,0.0,441.125,0.0,0.0,0.0
2022-07-09 21:00:00,0.0,837.65,0.0,0.0,418.825,0.0,0.0,0.0
2022-07-09 22:00:00,0.0,808.25,0.0,0.0,404.125,0.0,0.0,0.0
2022-07-09 23:00:00,0.0,796.85,0.0,0.0,398.425,0.0,0.0,0.0
2022-07-10 00:00:00,0.0,753.25,0.0,0.0,376.625,0.0,0.0,0.0
2022-07-10 01:00:00,0.0,733.65,0.0,0.0,366.825,0.0,0.0,0.0
2022-07-10 02:00:00,0.0,735.85,0.0,0.0,367.925,0.0,0.0,0.0
2022-07-10 03:00:00,0.0,748.85,0.0,0.0,374.425,0.0,0.0,0.0
2022-07-10 04:00:00,0.0,743.3554,0.0,0.0,371.6777,0.0,0.0,5.847300000000001
2022-07-10 05:00:00,0.0,721.1204,0.0,0.0,360.5602,0.0,0.0,56.764799999999994
2022-07-10 06:00:00,0.0,483.4334,0.0,0.0,241.7167,0.0,0.0,199.80829999999997
2022-07-10 07:00:00,0.0,328.0096,0.0,0.0,164.0048,0.0,0.0,328.3102
2022-07-10 08:00:00,0.0,0.0,0.0,0.0,0.0,0.0,0.0,520.5922
2022-07-10 09:00:00,0.0,0.0,0.0,0.0,0.0,0.0,0.0,642.7723
2022-07-10 10:00:00,0.0,0.0,0.0,0.0,0.0,0.0,0.0,712.626
2022-07-10 11:00:00,0.0,0.0,0.0,0.0,0.0,0.0,0.0,741.8406
2022-07-10 12:00:00,0.0,0.0,0.0,0.0,0.0,0.0,0.0,712.7209
2022-07-10 13:00:00,0.0,0.0,0.0,0.0,0.0,0.0,0.0,636.2534
2022-07-10 14:00:00,0.0,0.0,0.0,0.0,0.0,0.0,0.0,514.8106
2022-07-10 15:00:00,0.0,122.496,0.0,0.0,61.248,0.0,0.0,361.277
2022-07-10 16:00:00,0.0,461.5472,0.0,0.0,230.7736,0.0,0.0,192.85139999999998
2022-07-10 17:00:00,0.0,775.2232,0.0,0.0,387.6116,0.0,0.0,46.4134
2022-07-10 18:00:00,0.0,1124.2838,0.0,0.0,562.1419,0.0,0.0,9.1031
2022-07-10 19:00:00,0.0,881.05,0.0,0.0,440.525,0.0,0.0,0.0
2022-07-10 20:00:00,0.0,874.25,0.0,0.0,437.125,0.0,0.0,0.0
2022-07-10 21:00:00,0.0,872.85,0.0,0.0,436.425,0.0,0.0,0.0
2022-07-10 22:00:00,0.0,849.85,0.0,0.0,424.925,0.0,0.0,0.0
2022-07-10 23:00:00,0.0,807.85,0.0,0.0,403.925,0.0,0.0,0.0
2022-07-11 00:00:00,0.0,758.85,0.0,0.0,379.425,0.0,0.0,0.0
2022-07-11 01:00:00,0.0,757.85,0.0,0.0,378.925,0.0,0.0,0.0
2022-07-11 02:00:00,0.0,792.65,0.0,0.0,396.325,0.0,0.0,0.0
2022-07-11 03:00:00,0.0,792.05,0.0,0.0,396.025,0.0,0.0,0.0
2022-07-11 04:00:00,0.0,779.3554,0.0,0.0,389.6777,0.0,0.0,5.847300000000001
2022-07-11 05:00:00,0.0,761.5488,0.0,0.0,380.7744,0.0,0.0,53.4506
2022-07-11 06:00:00,0.0,506.543,0.0,0.0,253.2715,0.0,0.0,199.2535
2022-07-11 07:00:00,0.0,271.4512,0.0,0.0,135.7256,0.0,0.0,368.4894
2022-07-11 08:00:00,0.0,0.0,0.0,0.0,0.0,0.0,0.0,520.1030999999999
2022-07-11 09:00:00,0.0,0.0,0.0,0.0,0.0,0.0,0.0,637.9981
2022-07-11 10:00:00,0.0,0.0,0.0,0.0,0.0,0.0,0.0,714.9693
2022-07-11 11:00:00,0.0,0.0,0.0,0.0,0.0,0.0,0.0,747.8193
2022-07-11 12:00:00,0.0,0.0,0.0,0.0,0.0,0.0,0.0,715.838
2022-07-11 13:00:00,0.0,0.0,0.0,0.0,0.0,0.0,0.0,625.5880999999999
2022-07-11 14:00:00,0.0,0.0,0.0,0.0,0.0,0.0,0.0,514.504
2022-07-11 15:00:00,0.0,130.4508,0.0,0.0,65.2254,0.0,0.0,360.9996
2022-07-11 16:00:00,0.0,426.998,0.0,0.0,213.499,0.0,0.0,194.326
2022-07-11 17:00:00,0.0,729.0902,0.0,0.0,364.5451,0.0,0.0,47.179899999999996
2022-07-11 18:00:00,0.0,1120.2838,0.0,0.0,560.1419,0.0,0.0,9.1031
2022-07-11 19:00:00,0.0,878.25,0.0,0.0,439.125,0.0,0.0,0.0
2022-07-11 20:00:00,0.0,869.05,0.0,0.0,434.525,0.0,0.0,0.0
2022-07-11 21:00:00,0.0,849.45,0.0,0.0,424.725,0.0,0.0,0.0
2022-07-11 22:00:00,0.0,916.45,0.0,0.0,458.225,0.0,0.0,0.0
2022-07-11 23:00:00,0.0,794.85,0.0,0.0,397.425,0.0,0.0,0.0
2022-07-12 00:00:00,0.0,809.05,0.0,0.0,404.525,0.0,0.0,0.0
2022-07-12 01:00:00,0.0,789.85,0.0,0.0,394.925,0.0,0.0,0.0
2022-07-12 02:00:00,0.0,797.65,0.0,0.0,398.825,0.0,0.0,0.0
2022-07-12 03:00:00,0.0,800.65,0.0,0.0,400.325,0.0,0.0,0.0
2022-07-12 04:00:00,0.0,794.8548,0.0,0.0,397.4274,0.0,0.0,5.1975999999999996
2022-07-12 05:00:00,0.0,729.635,0.0,0.0,364.8175,0.0,0.0,53.1075
2022-07-12 06:00:00,0.0,530.3578,0.0,0.0,265.1789,0.0,0.0,198.2461
2022-07-12 07:00:00,0.0,238.4928,0.0,0.0,119.2464,0.0,0.0,364.86859999999996
2022-07-12 08:00:00,0.0,0.0,0.0,0.0,0.0,0.0,0.0,520.7309
2022-07-12 09:00:00,0.0,0.0,0.0,0.0,0.0,0.0,0.0,632.4136
2022-07-12 10:00:00,0.0,0.0,0.0,0.0,0.0,0.0,0.0,712.9472
2022-07-12 11:00:00,0.0,0.0,0.0,0.0,0.0,0.0,0.0,734.9712999999999
2022-07-12 12:00:00,0.0,0.0,0.0,0.0,0.0,0.0,0.0,710.3045999999999
2022-07-12 13:00:00,0.0,0.0,0.0,0.0,0.0,0.0,0.0,627.0919
2022-07-12 14:00:00,0.0,0.0,0.0,0.0,0.0,0.0,0.0,503.3495999999999
2022-07-12 15:00:00,0.0,138.0408,0.0,0.0,69.0204,0.0,0.0,338.0046
2022-07-12 16:00:00,0.0,446.9256,0.0,0.0,223.4628,0.0,0.0,191.36219999999997
2022-07-12 17:00:00,0.0,722.0476,0.0,0.0,361.0238,0.0,0.0,48.5012
2022-07-12 18:00:00,0.0,1104.6838,0.0,0.0,552.3419,0.0,0.0,9.1031
2022-07-12 19:00:00,0.0,847.05,0.0,0.0,423.525,0.0,0.0,0.0
2022-07-12 20:00:00,0.0,878.25,0.0,0.0,439.125,0.0,0.0,0.0
2022-07-12 21:00:00,0.0,841.45,0.0,0.0,420.725,0.0,0.0,0.0
2022-07-12 22:00:00,0.0,819.25,0.0,0.0,409.625,0.0,0.0,0.0
2022-07-12 23:00:00,0.0,780.85,0.0,0.0,390.425,0.0,0.0,0.0
2022-07-13 00:00:00,0.0,735.85,0.0,0.0,367.925,0.0,0.0,0.0
2022-07-13 01:00:00,0.0,750.25,0.0,0.0,375.125,0.0,0.0,0.0
2022-07-13 02:00:00,0.0,775.05,0.0,0.0,387.525,0.0,0.0,0.0
2022-07-13 03:00:00,0.0,761.05,0.0,0.0,380.525,0.0,0.0,0.0
2022-07-13 04:00:00,0.0,758.5542,0.0,0.0,379.2771,0.0,0.0,4.547899999999999
2022-07-13 05:00:00,0.0,706.2216,0.0,0.0,353.1108,0.0,0.0,54.41419999999999
2022-07-13 06:00:00,0.0,454.4284,0.0,0.0,227.2142,0.0,0.0,195.61079999999998
2022-07-13 07:00:00,0.0,245.3018,0.0,0.0,122.6509,0.0,0.0,363.66409999999996
2022-07-13 08:00:00,0.0,0.0,0.0,0.0,0.0,0.0,0.0,510.78100000000006
2022-07-13 09:00:00,0.0,0.0,0.0,0.0,0.0,0.0,0.0,643.8235
2022-07-13 10:00:00,0.0,0.0,0.0,0.0,0.0,0.0,0.0,718.9405
2022-07-13 11:00:00,0.0,0.0,0.0,0.0,0.0,0.0,0.0,748.25
2022-07-13 12:00:00,0.0,0.0,0.0,0.0,0.0,0.0,0.0,719.8019
2022-07-13 13:00:00,0.0,0.0,0.0,0.0,0.0,0.0,0.0,638.9617
2022-07-13 14:00:00,0.0,0.0,0.0,0.0,0.0,0.0,0.0,514.7887000000001
2022-07-13 15:00:00,0.0,99.9276,0.0,0.0,49.9638,0.0,0.0,356.5612
2022-07-13 16:00:00,0.0,422.6028,0.0,0.0,211.3014,0.0,0.0,192.2236
2022-07-13 17:00:00,0.0,760.3236,0.0,0.0,380.1618,0.0,0.0,48.063199999999995
2022-07-13 18:00:00,0.0,1079.2838,0.0,0.0,539.6419,0.0,0.0,9.1031
2022-07-13 19:00:00,0.0,911.05,0.0,0.0,455.525,0.0,0.0,0.0
2022-07-13 20:00:00,0.0,846.25,0.0,0.0,423.125,0.0,0.0,0.0
2022-07-13 21:00:00,0.0,869.65,0.0,0.0,434.825,0.0,0.0,0.0
2022-07-13 22:00:00,0.0,811.05,0.0,0.0,405.525,0.0,0.0,0.0
2022-07-13 23:00:00,0.0,776.25,0.0,0.0,388.125,0.0,0.0,0.0
2022-07-14 00:00:00,0.0,775.85,0.0,0.0,387.925,0.0,0.0,0.0
2022-07-14 01:00:00,0.0,730.45,0.0,0.0,365.225,0.0,0.0,0.0
2022-07-14 02:00:00,0.0,730.25,0.0,0.0,365.125,0.0,0.0,0.0
2022-07-14 03:00:00,0.0,730.25,0.0,0.0,365.125,0.0,0.0,0.0
2022-07-14 04:00:00,0.0,722.8536,0.0,0.0,361.4268,0.0,0.0,3.8981999999999997
2022-07-14 05:00:00,0.0,653.412,0.0,0.0,326.706,0.0,0.0,51.319
2022-07-14 06:00:00,0.0,364.198,0.0,0.0,182.099,0.0,0.0,201.62600000000003
2022-07-14 07:00:00,0.0,183.7682,0.0,0.0,91.8841,0.0,0.0,367.43089999999995
2022-07-14 08:00:00,0.0,0.0,0.0,0.0,0.0,0.0,0.0,524.4612
2022-07-14 09:00:00,0.0,0.0,0.0,0.0,0.0,0.0,0.0,640.7064
2022-07-14 10:00:00,0.0,0.0,0.0,0.0,0.0,0.0,0.0,718.6265999999999
2022-07-14 11:00:00,0.0,0.0,0.0,0.0,0.0,0.0,0.0,737.0518
2022-07-14 12:00:00,0.0,0.0,0.0,0.0,0.0,0.0,0.0,716.0132
2022-07-14 13:00:00,0.0,0.0,0.0,0.0,0.0,0.0,0.0,642.9475
2022-07-14 14:00:00,0.0,0.0,0.0,0.0,0.0,0.0,0.0,510.29189999999994
2022-07-14 15:00:00,0.0,79.8568,0.0,0.0,39.9284,0.0,0.0,360.1966
2022-07-14 16:00:00,0.0,439.9648,0.0,0.0,219.9824,0.0,0.0,192.4426
2022-07-14 17:00:00,0.0,772.0506,0.0,0.0,386.0253,0.0,0.0,48.0997
2022-07-14 18:00:00,0.0,1089.7832,0.0,0.0,544.8916,0.0,0.0,8.4534
2022-07-14 19:00:00,0.0,881.45,0.0,0.0,440.725,0.0,0.0,0.0
2022-07-14 20:00:00,0.0,890.05,0.0,0.0,445.025,0.0,0.0,0.0
2022-07-14 21:00:00,0.0,785.85,0.0,0.0,392.925,0.0,0.0,0.0
2022-07-14 22:00:00,0.0,804.45,0.0,0.0,402.225,0.0,0.0,0.0
2022-07-14 23:00:00,0.0,767.25,0.0,0.0,383.625,0.0,0.0,0.0
2022-07-15 00:00:00,0.0,738.05,0.0,0.0,369.025,0.0,0.0,0.0
2022-07-15 01:00:00,0.0,740.65,0.0,0.0,370.325,0.0,0.0,0.0
2022-07-15 02:00:00,0.0,736.05,0.0,0.0,368.025,0.0,0.0,0.0
2022-07-15 03:00:00,0.0,735.65,0.0,0.0,367.825,0.0,0.0,0.0
2022-07-15 04:00:00,0.0,727.553,0.0,0.0,363.7765,0.0,0.0,3.2485
2022-07-15 05:00:00,0.0,638.8018,0.0,0.0,319.4009,0.0,0.0,51.2241
2022-07-15 06:00:00,0.0,370.1738,0.0,0.0,185.0869,0.0,0.0,198.53810000000001
2022-07-15 07:00:00,0.0,195.3898,0.0,0.0,97.6949,0.0,0.0,368.9201
2022-07-15 08:00:00,0.0,0.0,0.0,0.0,0.0,0.0,0.0,514.4602
2022-07-15 09:00:00,0.0,0.0,0.0,0.0,0.0,0.0,0.0,635.1510999999999
2022-07-15 10:00:00,0.0,0.0,0.0,0.0,0.0,0.0,0.0,705.691
2022-07-15 11:00:00,0.0,0.0,0.0,0.0,0.0,0.0,0.0,735.0735
2022-07-15 12:00:00,0.0,0.0,0.0,0.0,0.0,0.0,0.0,718.4076
2022-07-15 13:00:00,0.0,0.0,0.0,0.0,0.0,0.0,0.0,634.881
2022-07-15 14:00:00,0.0,0.0,0.0,0.0,0.0,0.0,0.0,510.9708
2022-07-15 15:00:00,0.0,72.8056,0.0,0.0,36.4028,0.0,0.0,360.7222
2022-07-15 16:00:00,0.0,468.3134,0.0,0.0,234.1567,0.0,0.0,193.9683
2022-07-15 17:00:00,0.0,734.839,0.0,0.0,367.4195,0.0,0.0,47.705499999999994
2022-07-15 18:00:00,0.0,1105.7832,0.0,0.0,552.8916,0.0,0.0,8.4534
2022-07-15 19:00:00,0.0,874.85,0.0,0.0,437.425,0.0,0.0,0.0
2022-07-15 20:00:00,0.0,890.25,0.0,0.0,445.125,0.0,0.0,0.0
2022-07-15 21:00:00,0.0,890.85,0.0,0.0,445.425,0.0,0.0,0.0
2022-07-15 22:00:00,0.0,802.85,0.0,0.0,401.425,0.0,0.0,0.0
2022-07-15 23:00:00,0.0,766.05,0.0,0.0,383.025,0.0,0.0,0.0
2022-07-16 00:00:00,0.0,746.45,0.0,0.0,373.225,0.0,0.0,0.0
2022-07-16 01:00:00,0.0,727.05,0.0,0.0,363.525,0.0,0.0,0.0
2022-07-16 02:00:00,0.0,743.45,0.0,0.0,371.725,0.0,0.0,0.0
2022-07-16 03:00:00,0.0,741.05,0.0,0.0,370.525,0.0,0.0,0.0
2022-07-16 04:00:00,0.0,748.153,0.0,0.0,374.0765,0.0,0.0,3.2485
2022-07-16 05:00:00,0.0,705.4996,0.0,0.0,352.7498,0.0,0.0,51.27519999999999
2022-07-16 06:00:00,0.0,431.0502,0.0,0.0,215.5251,0.0,0.0,196.0999
2022-07-16 07:00:00,0.0,200.9076,0.0,0.0,100.4538,0.0,0.0,363.8612
2022-07-16 08:00:00,0.0,0.0,0.0,0.0,0.0,0.0,0.0,511.99279999999993
2022-07-16 09:00:00,0.0,0.0,0.0,0.0,0.0,0.0,0.0,623.3324
2022-07-16 10:00:00,0.0,0.0,0.0,0.0,0.0,0.0,0.0,698.6537999999999
2022-07-16 11:00:00,0.0,0.0,0.0,0.0,0.0,0.0,0.0,720.7071
2022-07-16 12:00:00,0.0,0.0,0.0,0.0,0.0,0.0,0.0,700.727
2022-07-16 13:00:00,0.0,0.0,0.0,0.0,0.0,0.0,0.0,629.7345
2022-07-16 14:00:00,0.0,0.0,0.0,0.0,0.0,0.0,0.0,505.0286
2022-07-16 15:00:00,0.0,86.729,0.0,0.0,43.3645,0.0,0.0,356.8605
2022-07-16 16:00:00,0.0,403.1342,0.0,0.0,201.5671,0.0,0.0,192.15789999999998
2022-07-16 17:00:00,0.0,743.5396,0.0,0.0,371.7698,0.0,0.0,48.355199999999996
2022-07-16 18:00:00,0.0,1052.5832,0.0,0.0,526.2916,0.0,0.0,8.4534
2022-07-16 19:00:00,0.0,812.25,0.0,0.0,406.125,0.0,0.0,0.0
2022-07-16 20:00:00,0.0,848.85,0.0,0.0,424.425,0.0,0.0,0.0
2022-07-16 21:00:00,0.0,860.85,0.0,0.0,430.425,0.0,0.0,0.0
2022-07-16 22:00:00,0.0,828.65,0.0,0.0,414.325,0.0,0.0,0.0
2022-07-16 23:00:00,0.0,767.85,0.0,0.0,383.925,0.0,0.0,0.0
2022-07-17 00:00:00,0.0,735.25,0.0,0.0,367.625,0.0,0.0,0.0
2022-07-17 01:00:00,0.0,730.25,0.0,0.0,365.125,0.0,0.0,0.0
2022-07-17 02:00:00,0.0,734.05,0.0,0.0,367.025,0.0,0.0,0.0
2022-07-17 03:00:00,0.0,733.85,0.0,0.0,366.925,0.0,0.0,0.0
2022-07-17 04:00:00,0.0,742.6512,0.0,0.0,371.3256,0.0,0.0,1.2993999999999999
2022-07-17 05:00:00,0.0,704.39,0.0,0.0,352.195,0.0,0.0,51.830000000000005
2022-07-17 06:00:00,0.0,434.7836,0.0,0.0,217.3918,0.0,0.0,193.33319999999998
2022-07-17 07:00:00,0.0,186.8172,0.0,0.0,93.4086,0.0,0.0,363.30639999999994
2022-07-17 08:00:00,0.0,0.0,0.0,0.0,0.0,0.0,0.0,517.6357
2022-07-17 09:00:00,0.0,0.0,0.0,0.0,0.0,0.0,0.0,640.1077999999999
2022-07-17 10:00:00,0.0,0.0,0.0,0.0,0.0,0.0,0.0,718.1594
2022-07-17 11:00:00,0.0,0.0,0.0,0.0,0.0,0.0,0.0,744.7095
2022-07-17 12:00:00,0.0,0.0,0.0,0.0,0.0,0.0,0.0,716.3636
2022-07-17 13:00:00,0.0,0.0,0.0,0.0,0.0,0.0,0.0,636.3556
2022-07-17 14:00:00,0.0,0.0,0.0,0.0,0.0,0.0,0.0,513.0075
2022-07-17 15:00:00,0.0,47.2276,0.0,0.0,23.6138,0.0,0.0,360.2112
2022-07-17 16:00:00,0.0,417.6714,0.0,0.0,208.8357,0.0,0.0,192.2893
2022-07-17 17:00:00,0.0,717.1032,0.0,0.0,358.5516,0.0,0.0,47.873400000000004
2022-07-17 18:00:00,0.0,1039.0972,0.0,0.0,519.5486,0.0,0.0,7.796399999999999
2022-07-17 19:00:00,0.0,853.05,0.0,0.0,426.525,0.0,0.0,0.0
2022-07-17 20:00:00,0.0,824.25,0.0,0.0,412.125,0.0,0.0,0.0
2022-07-17 21:00:00,0.0,821.65,0.0,0.0,410.825,0.0,0.0,0.0
2022-07-17 22:00:00,0.0,777.05,0.0,0.0,388.525,0.0,0.0,0.0
2022-07-17 23:00:00,0.0,740.45,0.0,0.0,370.225,0.0,0.0,0.0
2022-07-18 00:00:00,0.0,729.85,0.0,0.0,364.925,0.0,0.0,0.0
2022-07-18 01:00:00,0.0,721.25,0.0,0.0,360.625,0.0,0.0,0.0
2022-07-18 02:00:00,0.0,716.65,0.0,0.0,358.325,0.0,0.0,0.0
2022-07-18 03:00:00,0.0,727.25,0.0,0.0,363.625,0.0,0.0,0.0
2022-07-18 04:00:00,0.0,729.8512,0.0,0.0,364.9256,0.0,0.0,1.2993999999999999
2022-07-18 05:00:00,0.0,666.7456,0.0,0.0,333.3728,0.0,0.0,54.852199999999996
2022-07-18 06:00:00,0.0,440.0638,0.0,0.0,220.0319,0.0,0.0,186.4931
2022-07-18 07:00:00,0.0,187.3494,0.0,0.0,93.6747,0.0,0.0,344.64029999999997
2022-07-18 08:00:00,0.0,0.0,0.0,0.0,0.0,0.0,0.0,502.7948
2022-07-18 09:00:00,0.0,0.0,0.0,0.0,0.0,0.0,0.0,618.7407
2022-07-18 10:00:00,0.0,0.0,0.0,0.0,0.0,0.0,0.0,702.26
2022-07-18 11:00:00,0.0,0.0,0.0,0.0,0.0,0.0,0.0,728.0363
2022-07-18 12:00:00,0.0,0.0,0.0,0.0,0.0,0.0,0.0,697.0259
2022-07-18 13:00:00,0.0,0.0,0.0,0.0,0.0,0.0,0.0,619.1057
2022-07-18 14:00:00,0.0,0.0,0.0,0.0,0.0,0.0,0.0,496.3343
2022-07-18 15:00:00,0.0,91.5944,0.0,0.0,45.7972,0.0,0.0,351.0278
2022-07-18 16:00:00,0.0,399.16,0.0,0.0,199.58,0.0,0.0,187.245
2022-07-18 17:00:00,0.0,700.7796,0.0,0.0,350.3898,0.0,0.0,52.7352
2022-07-18 18:00:00,0.0,1075.696,0.0,0.0,537.848,0.0,0.0,6.497
2022-07-18 19:00:00,0.0,792.85,0.0,0.0,396.425,0.0,0.0,0.0
2022-07-18 20:00:00,0.0,812.25,0.0,0.0,406.125,0.0,0.0,0.0
2022-07-18 21:00:00,0.0,790.85,0.0,0.0,395.425,0.0,0.0,0.0
2022-07-18 22:00:00,0.0,803.65,0.0,0.0,401.825,0.0,0.0,0.0
2022-07-18 23:00:00,0.0,768.45,0.0,0.0,384.225,0.0,0.0,0.0
2022-07-19 00:00:00,0.0,725.85,0.0,0.0,362.925,0.0,0.0,0.0
2022-07-19 01:00:00,0.0,722.61,0.0,0.0,361.305,0.0,0.0,0.0
2022-07-19 02:00:00,0.0,724.97,0.0,0.0,362.485,0.0,0.0,0.0
2022-07-19 03:00:00,0.0,737.67,0.0,0.0,368.835,0.0,0.0,0.0
2022-07-19 04:00:00,0.0,724.25,0.0,0.0,362.125,0.0,0.0,0.0
2022-07-19 05:00:00,0.0,664.9252,0.0,0.0,332.4626,0.0,0.0,54.6624
2022-07-19 06:00:00,0.0,428.5774,0.0,0.0,214.2887,0.0,0.0,187.8363
2022-07-19 07:00:00,0.0,170.9938,0.0,0.0,85.4969,0.0,0.0,356.2181
2022-07-19 08:00:00,0.0,0.0,0.0,0.0,0.0,0.0,0.0,507.8390999999999
2022-07-19 09:00:00,0.0,0.0,0.0,0.0,0.0,0.0,0.0,632.1216
2022-07-19 10:00:00,0.0,0.0,0.0,0.0,0.0,0.0,0.0,702.7053
2022-07-19 11:00:00,0.0,0.0,0.0,0.0,0.0,0.0,0.0,732.9711
2022-07-19 12:00:00,0.0,0.0,0.0,0.0,0.0,0.0,0.0,705.5523
2022-07-19 13:00:00,0.0,0.0,0.0,0.0,0.0,0.0,0.0,623.055
2022-07-19 14:00:00,0.0,0.0,0.0,0.0,0.0,0.0,0.0,504.4227000000001
2022-07-19 15:00:00,0.0,109.2422,0.0,0.0,54.6211,0.0,0.0,352.90389999999996
2022-07-19 16:00:00,0.0,415.4794,0.0,0.0,207.7397,0.0,0.0,188.78529999999998
2022-07-19 17:00:00,0.0,678.4122,0.0,0.0,339.2061,0.0,0.0,50.31889999999999
2022-07-19 18:00:00,0.0,1069.096,0.0,0.0,534.548,0.0,0.0,6.497
2022-07-19 19:00:00,0.0,819.65,0.0,0.0,409.825,0.0,0.0,0.0
2022-07-19 20:00:00,0.0,801.65,0.0,0.0,400.825,0.0,0.0,0.0
2022-07-19 21:00:00,0.0,843.65,0.0,0.0,421.825,0.0,0.0,0.0
2022-07-19 22:00:00,0.0,779.65,0.0,0.0,389.825,0.0,0.0,0.0
2022-07-19 23:00:00,0.0,737.85,0.0,0.0,368.925,0.0,0.0,0.0
2022-07-20 00:00:00,0.0,731.85,0.0,0.0,365.925,0.0,0.0,0.0
2022-07-20 01:00:00,0.0,731.25,0.0,0.0,365.625,0.0,0.0,0.0
2022-07-20 02:00:00,0.0,715.85,0.0,0.0,357.925,0.0,0.0,0.0
2022-07-20 03:00:00,0.0,720.45,0.0,0.0,360.225,0.0,0.0,0.0
2022-07-20 04:00:00,0.0,723.45,0.0,0.0,361.725,0.0,0.0,0.0
2022-07-20 05:00:00,0.0,665.1594,0.0,0.0,332.5797,0.0,0.0,51.54529999999999
2022-07-20 06:00:00,0.0,415.5536,0.0,0.0,207.7768,0.0,0.0,190.04819999999998
2022-07-20 07:00:00,0.0,163.8704,0.0,0.0,81.9352,0.0,0.0,360.0798
2022-07-20 08:00:00,0.0,0.0,0.0,0.0,0.0,0.0,0.0,517.1685
2022-07-20 09:00:00,0.0,0.0,0.0,0.0,0.0,0.0,0.0,623.9675
2022-07-20 10:00:00,0.0,0.0,0.0,0.0,0.0,0.0,0.0,712.1807
2022-07-20 11:00:00,0.0,0.0,0.0,0.0,0.0,0.0,0.0,746.1841
2022-07-20 12:00:00,0.0,0.0,0.0,0.0,0.0,0.0,0.0,714.1809000000001
2022-07-20 13:00:00,0.0,0.0,0.0,0.0,0.0,0.0,0.0,634.1875
2022-07-20 14:00:00,0.0,0.0,0.0,0.0,0.0,0.0,0.0,508.2333
2022-07-20 15:00:00,0.0,58.6986,0.0,0.0,29.3493,0.0,0.0,355.5757
2022-07-20 16:00:00,0.0,398.1914,0.0,0.0,199.0957,0.0,0.0,190.82930000000002
2022-07-20 17:00:00,0.0,710.95,0.0,0.0,355.475,0.0,0.0,47.45
2022-07-20 18:00:00,0.0,1039.296,0.0,0.0,519.648,0.0,0.0,6.497
2022-07-20 19:00:00,0.0,809.25,0.0,0.0,404.625,0.0,0.0,0.0
2022-07-20 20:00:00,0.0,786.45,0.0,0.0,393.225,0.0,0.0,0.0
2022-07-20 21:00:00,0.0,798.45,0.0,0.0,399.225,0.0,0.0,0.0
2022-07-20 22:00:00,0.0,765.25,0.0,0.0,382.625,0.0,0.0,0.0
2022-07-20 23:00:00,0.0,748.05,0.0,0.0,374.025,0.0,0.0,0.0
2022-07-21 00:00:00,0.0,729.39,0.0,0.0,364.695,0.0,0.0,0.0
2022-07-21 01:00:00,0.0,731.17,0.0,0.0,365.585,0.0,0.0,0.0
2022-07-21 02:00:00,0.0,728.11,0.0,0.0,364.055,0.0,0.0,0.0
2022-07-21 03:00:00,0.0,730.13,0.0,0.0,365.065,0.0,0.0,0.0
2022-07-21 04:00:00,0.0,729.25,0.0,0.0,364.625,0.0,0.0,0.0
2022-07-21 05:00:00,0.0,628.7464,0.0,0.0,314.3732,0.0,0.0,50.85179999999999
2022-07-21 06:00:00,0.0,350.5388,0.0,0.0,175.2694,0.0,0.0,191.0556
2022-07-21 07:00:00,0.0,199.032,0.0,0.0,99.516,0.0,0.0,362.299
2022-07-21 08:00:00,0.0,0.0,0.0,0.0,0.0,0.0,0.0,514.2339
2022-07-21 09:00:00,0.0,0.0,0.0,0.0,0.0,0.0,0.0,630.3039
2022-07-21 10:00:00,0.0,0.0,0.0,0.0,0.0,0.0,0.0,715.7431
2022-07-21 11:00:00,0.0,0.0,0.0,0.0,0.0,0.0,0.0,742.3661999999999
2022-07-21 12:00:00,0.0,0.0,0.0,0.0,0.0,0.0,0.0,718.4806
2022-07-21 13:00:00,0.0,0.0,0.0,0.0,0.0,0.0,0.0,634.8299000000001
2022-07-21 14:00:00,0.0,0.0,0.0,0.0,0.0,0.0,0.0,511.438
2022-07-21 15:00:00,0.0,53.292,0.0,0.0,26.646,0.0,0.0,359.379
2022-07-21 16:00:00,0.0,434.5828,0.0,0.0,217.2914,0.0,0.0,190.0336
2022-07-21 17:00:00,0.0,712.655,0.0,0.0,356.3275,0.0,0.0,47.9975
2022-07-21 18:00:00,0.0,1101.8948,0.0,0.0,550.9474,0.0,0.0,5.1975999999999996
2022-07-21 19:00:00,0.0,813.25,0.0,0.0,406.625,0.0,0.0,0.0
2022-07-21 20:00:00,0.0,797.25,0.0,0.0,398.625,0.0,0.0,0.0
2022-07-21 21:00:00,0.0,770.45,0.0,0.0,385.225,0.0,0.0,0.0
2022-07-21 22:00:00,0.0,767.25,0.0,0.0,383.625,0.0,0.0,0.0
2022-07-21 23:00:00,0.0,756.29,0.0,0.0,378.145,0.0,0.0,0.0
2022-07-22 00:00:00,0.0,732.57,0.0,0.0,366.285,0.0,0.0,0.0
2022-07-22 01:00:00,0.0,728.57,0.0,0.0,364.285,0.0,0.0,0.0
2022-07-22 02:00:00,0.0,728.81,0.0,0.0,364.405,0.0,0.0,0.0
2022-07-22 03:00:00,0.0,721.35,0.0,0.0,360.675,0.0,0.0,0.0
2022-07-22 04:00:00,0.0,712.25,0.0,0.0,356.125,0.0,0.0,0.0
2022-07-22 05:00:00,0.0,618.1364,0.0,0.0,309.0682,0.0,0.0,49.7568
2022-07-22 06:00:00,0.0,347.1762,0.0,0.0,173.5881,0.0,0.0,193.83689999999999
2022-07-22 07:00:00,0.0,139.9048,0.0,0.0,69.9524,0.0,0.0,363.26259999999996
2022-07-22 08:00:00,0.0,0.0,0.0,0.0,0.0,0.0,0.0,516.1173
2022-07-22 09:00:00,0.0,0.0,0.0,0.0,0.0,0.0,0.0,635.9686999999999
2022-07-22 10:00:00,0.0,0.0,0.0,0.0,0.0,0.0,0.0,718.612
2022-07-22 11:00:00,0.0,0.0,0.0,0.0,0.0,0.0,0.0,745.257
2022-07-22 12:00:00,0.0,0.0,0.0,0.0,0.0,0.0,0.0,716.9257
2022-07-22 13:00:00,0.0,0.0,0.0,0.0,0.0,0.0,0.0,634.0123
2022-07-22 14:00:00,0.0,0.0,0.0,0.0,0.0,0.0,0.0,510.69339999999994
2022-07-22 15:00:00,0.0,78.3392,0.0,0.0,39.1696,0.0,0.0,356.95539999999994
2022-07-22 16:00:00,0.0,387.3226,0.0,0.0,193.6613,0.0,0.0,191.76369999999997
2022-07-22 17:00:00,0.0,760.6504,0.0,0.0,380.3252,0.0,0.0,49.099799999999995
2022-07-22 18:00:00,0.0,1080.0948,0.0,0.0,540.0474,0.0,0.0,5.1975999999999996
2022-07-22 19:00:00,0.0,876.05,0.0,0.0,438.025,0.0,0.0,0.0
2022-07-22 20:00:00,0.0,827.45,0.0,0.0,413.725,0.0,0.0,0.0
2022-07-22 21:00:00,0.0,838.85,0.0,0.0,419.425,0.0,0.0,0.0
2022-07-22 22:00:00,0.0,812.85,0.0,0.0,406.425,0.0,0.0,0.0
2022-07-22 23:00:00,0.0,760.25,0.0,0.0,380.125,0.0,0.0,0.0
2022-07-23 00:00:00,0.0,717.05,0.0,0.0,358.525,0.0,0.0,0.0
2022-07-23 01:00:00,0.0,717.05,0.0,0.0,358.525,0.0,0.0,0.0
2022-07-23 02:00:00,0.0,717.05,0.0,0.0,358.525,0.0,0.0,0.0
2022-07-23 03:00:00,0.0,711.23,0.0,0.0,355.615,0.0,0.0,0.0
2022-07-23 04:00:00,0.0,727.05,0.0,0.0,363.525,0.0,0.0,0.0
2022-07-23 05:00:00,0.0,650.5272,0.0,0.0,325.2636,0.0,0.0,51.9614
2022-07-23 06:00:00,0.0,445.0252,0.0,0.0,222.5126,0.0,0.0,189.7124
2022-07-23 07:00:00,0.0,221.7686,0.0,0.0,110.8843,0.0,0.0,358.1307
2022-07-23 08:00:00,0.0,0.0,0.0,0.0,0.0,0.0,0.0,513.8324
2022-07-23 09:00:00,0.0,0.0,0.0,0.0,0.0,0.0,0.0,616.6967
2022-07-23 10:00:00,0.0,0.0,0.0,0.0,0.0,0.0,0.0,704.231
2022-07-23 11:00:00,0.0,0.0,0.0,0.0,0.0,0.0,0.0,730.8687
2022-07-23 12:00:00,0.0,0.0,0.0,0.0,0.0,0.0,0.0,699.8145
2022-07-23 13:00:00,0.0,0.0,0.0,0.0,0.0,0.0,0.0,618.2735
2022-07-23 14:00:00,0.0,0.0,0.0,0.0,0.0,0.0,0.0,501.47349999999994
2022-07-23 15:00:00,0.0,70.648,0.0,0.0,35.324,0.0,0.0,353.101
2022-07-23 16:00:00,0.0,405.047,0.0,0.0,202.5235,0.0,0.0,190.2015
2022-07-23 17:00:00,0.0,709.9116,0.0,0.0,354.9558,0.0,0.0,49.6692
2022-07-23 18:00:00,0.0,1093.1942,0.0,0.0,546.5971,0.0,0.0,4.547899999999999
2022-07-23 19:00:00,0.0,827.25,0.0,0.0,413.625,0.0,0.0,0.0
2022-07-23 20:00:00,0.0,815.25,0.0,0.0,407.625,0.0,0.0,0.0
2022-07-23 21:00:00,0.0,819.25,0.0,0.0,409.625,0.0,0.0,0.0
2022-07-23 22:00:00,0.0,782.05,0.0,0.0,391.025,0.0,0.0,0.0
2022-07-23 23:00:00,0.0,754.29,0.0,0.0,377.145,0.0,0.0,0.0
2022-07-24 00:00:00,0.0,729.13,0.0,0.0,364.565,0.0,0.0,0.0
2022-07-24 01:00:00,0.0,726.83,0.0,0.0,363.415,0.0,0.0,0.0
2022-07-24 02:00:00,0.0,729.77,0.0,0.0,364.885,0.0,0.0,0.0
2022-07-24 03:00:00,0.0,732.03,0.0,0.0,366.015,0.0,0.0,0.0
2022-07-24 04:00:00,0.0,736.85,0.0,0.0,368.425,0.0,0.0,0.0
2022-07-24 05:00:00,0.0,644.0704,0.0,0.0,322.0352,0.0,0.0,51.289799999999985
2022-07-24 06:00:00,0.0,415.5712,0.0,0.0,207.7856,0.0,0.0,189.63939999999997
2022-07-24 07:00:00,0.0,201.5246,0.0,0.0,100.7623,0.0,0.0,359.15270000000004
2022-07-24 08:00:00,0.0,0.0,0.0,0.0,0.0,0.0,0.0,507.4595
2022-07-24 09:00:00,0.0,0.0,0.0,0.0,0.0,0.0,0.0,635.7205
2022-07-24 10:00:00,0.0,0.0,0.0,0.0,0.0,0.0,0.0,718.466
2022-07-24 11:00:00,0.0,0.0,0.0,0.0,0.0,0.0,0.0,749.6735
2022-07-24 12:00:00,0.0,0.0,0.0,0.0,0.0,0.0,0.0,721.2765
2022-07-24 13:00:00,0.0,0.0,0.0,0.0,0.0,0.0,0.0,637.4214000000001
2022-07-24 14:00:00,0.0,0.0,0.0,0.0,0.0,0.0,0.0,513.7959
2022-07-24 15:00:00,0.0,79.5954,0.0,0.0,39.7977,0.0,0.0,360.6273
2022-07-24 16:00:00,0.0,421.8042,0.0,0.0,210.9021,0.0,0.0,192.5229
2022-07-24 17:00:00,0.0,716.4758,0.0,0.0,358.2379,0.0,0.0,46.1871
2022-07-24 18:00:00,0.0,1061.393,0.0,0.0,530.6965,0.0,0.0,3.2485
2022-07-24 19:00:00,0.0,818.05,0.0,0.0,409.025,0.0,0.0,0.0
2022-07-24 20:00:00,0.0,832.05,0.0,0.0,416.025,0.0,0.0,0.0
2022-07-24 21:00:00,0.0,805.45,0.0,0.0,402.725,0.0,0.0,0.0
2022-07-24 22:00:00,0.0,800.05,0.0,0.0,400.025,0.0,0.0,0.0
2022-07-24 23:00:00,0.0,740.85,0.0,0.0,370.425,0.0,0.0,0.0
2022-07-25 00:00:00,0.0,718.25,0.0,0.0,359.125,0.0,0.0,0.0
2022-07-25 01:00:00,0.0,716.25,0.0,0.0,358.125,0.0,0.0,0.0
2022-07-25 02:00:00,0.0,715.05,0.0,0.0,357.525,0.0,0.0,0.0
2022-07-25 03:00:00,0.0,713.65,0.0,0.0,356.825,0.0,0.0,0.0
2022-07-25 04:00:00,0.0,733.05,0.0,0.0,366.525,0.0,0.0,0.0
2022-07-25 05:00:00,0.0,660.7158,0.0,0.0,330.3579,0.0,0.0,50.567099999999996
2022-07-25 06:00:00,0.0,433.6694,0.0,0.0,216.8347,0.0,0.0,187.69029999999998
2022-07-25 07:00:00,0.0,204.3266,0.0,0.0,102.1633,0.0,0.0,349.1517
2022-07-25 08:00:00,0.0,0.0,0.0,0.0,0.0,0.0,0.0,503.6853999999999
2022-07-25 09:00:00,0.0,0.0,0.0,0.0,0.0,0.0,0.0,617.7844
2022-07-25 10:00:00,0.0,0.0,0.0,0.0,0.0,0.0,0.0,713.8597
2022-07-25 11:00:00,0.0,932.91,0.0,0.0,466.455,0.0,0.0,0.0
2022-07-25 12:00:00,0.0,0.0,0.0,0.0,0.0,0.0,0.0,705.5523
2022-07-25 13:00:00,0.0,0.0,0.0,0.0,0.0,0.0,0.0,626.5006
2022-07-25 14:00:00,0.0,0.0,0.0,0.0,0.0,0.0,0.0,502.2983999999999
2022-07-25 15:00:00,0.0,66.0798,0.0,0.0,33.0399,0.0,0.0,354.6851
2022-07-25 16:00:00,0.0,421.31,0.0,0.0,210.655,0.0,0.0,189.07
2022-07-25 17:00:00,0.0,699.7616,0.0,0.0,349.8808,0.0,0.0,47.844199999999994
2022-07-25 18:00:00,0.0,1081.393,0.0,0.0,540.6965,0.0,0.0,3.2485
2022-07-25 19:00:00,0.0,836.65,0.0,0.0,418.325,0.0,0.0,0.0
2022-07-25 20:00:00,0.0,798.65,0.0,0.0,399.325,0.0,0.0,0.0
2022-07-25 21:00:00,0.0,829.25,0.0,0.0,414.625,0.0,0.0,0.0
2022-07-25 22:00:00,0.0,798.05,0.0,0.0,399.025,0.0,0.0,0.0
2022-07-25 23:00:00,0.0,742.85,0.0,0.0,371.425,0.0,0.0,0.0
2022-07-26 00:00:00,0.0,722.25,0.0,0.0,361.125,0.0,0.0,0.0
2022-07-26 01:00:00,0.0,713.65,0.0,0.0,356.825,0.0,0.0,0.0
2022-07-26 02:00:00,0.0,711.05,0.0,0.0,355.525,0.0,0.0,0.0
2022-07-26 03:00:00,0.0,717.65,0.0,0.0,358.825,0.0,0.0,0.0
2022-07-26 04:00:00,0.0,715.65,0.0,0.0,357.825,0.0,0.0,0.0
2022-07-26 05:00:00,0.0,644.149,0.0,0.0,322.0745,0.0,0.0,52.4505
2022-07-26 06:00:00,0.0,404.3744,0.0,0.0,202.1872,0.0,0.0,188.2378
2022-07-26 07:00:00,0.0,190.9138,0.0,0.0,95.4569,0.0,0.0,354.75809999999996
2022-07-26 08:00:00,0.0,0.0,0.0,0.0,0.0,0.0,0.0,507.6931
2022-07-26 09:00:00,0.0,0.0,0.0,0.0,0.0,0.0,0.0,633.2969
2022-07-26 10:00:00,0.0,0.0,0.0,0.0,0.0,0.0,0.0,708.5160999999999
2022-07-26 11:00:00,0.0,0.0,0.0,0.0,0.0,0.0,0.0,739.0155
2022-07-26 12:00:00,0.0,0.0,0.0,0.0,0.0,0.0,0.0,711.4945
2022-07-26 13:00:00,0.0,0.0,0.0,0.0,0.0,0.0,0.0,628.5884
2022-07-26 14:00:00,0.0,0.0,0.0,0.0,0.0,0.0,0.0,506.0506
2022-07-26 15:00:00,0.0,90.4892,0.0,0.0,45.2446,0.0,0.0,351.4804
2022-07-26 16:00:00,0.0,410.6548,0.0,0.0,205.3274,0.0,0.0,187.6976
2022-07-26 17:00:00,0.0,700.8284,0.0,0.0,350.4142,0.0,0.0,49.6108
2022-07-26 18:00:00,0.0,1057.8924,0.0,0.0,528.9462,0.0,0.0,2.5987999999999998
2022-07-26 19:00:00,0.0,827.25,0.0,0.0,413.625,0.0,0.0,0.0
2022-07-26 20:00:00,0.0,805.85,0.0,0.0,402.925,0.0,0.0,0.0
2022-07-26 21:00:00,0.0,815.85,0.0,0.0,407.925,0.0,0.0,0.0
2022-07-26 22:00:00,0.0,798.45,0.0,0.0,399.225,0.0,0.0,0.0
2022-07-26 23:00:00,0.0,748.85,0.0,0.0,374.425,0.0,0.0,0.0
2022-07-27 00:00:00,0.0,727.65,0.0,0.0,363.825,0.0,0.0,0.0
2022-07-27 01:00:00,0.0,724.25,0.0,0.0,362.125,0.0,0.0,0.0
2022-07-27 02:00:00,0.0,718.05,0.0,0.0,359.025,0.0,0.0,0.0
2022-07-27 03:00:00,0.0,725.25,0.0,0.0,362.625,0.0,0.0,0.0
2022-07-27 04:00:00,0.0,730.25,0.0,0.0,365.125,0.0,0.0,0.0
2022-07-27 05:00:00,0.0,652.317,0.0,0.0,326.1585,0.0,0.0,51.866499999999995
2022-07-27 06:00:00,0.0,417.5604,0.0,0.0,208.7802,0.0,0.0,185.2448
2022-07-27 07:00:00,0.0,240.1592,0.0,0.0,120.0796,0.0,0.0,346.73539999999997
2022-07-27 08:00:00,0.0,0.0,0.0,0.0,0.0,0.0,0.0,506.9266
2022-07-27 09:00:00,0.0,0.0,0.0,0.0,0.0,0.0,0.0,625.0625
2022-07-27 10:00:00,0.0,0.0,0.0,0.0,0.0,0.0,0.0,703.1579
2022-07-27 11:00:00,0.0,0.0,0.0,0.0,0.0,0.0,0.0,737.519
2022-07-27 12:00:00,0.0,0.0,0.0,0.0,0.0,0.0,0.0,710.0272
2022-07-27 13:00:00,0.0,0.0,0.0,0.0,0.0,0.0,0.0,627.1211
2022-07-27 14:00:00,0.0,0.0,0.0,0.0,0.0,0.0,0.0,505.3571
2022-07-27 15:00:00,0.0,81.628,0.0,0.0,40.814,0.0,0.0,350.911
2022-07-27 16:00:00,0.0,418.76,0.0,0.0,209.38,0.0,0.0,187.245
2022-07-27 17:00:00,0.0,730.4896,0.0,0.0,365.2448,0.0,0.0,50.180200000000006
2022-07-27 18:00:00,0.0,1056.69,0.0,0.0,528.345,0.0,0.0,0.0
2022-07-27 19:00:00,0.0,793.65,0.0,0.0,396.825,0.0,0.0,0.0
2022-07-27 20:00:00,0.0,795.65,0.0,0.0,397.825,0.0,0.0,0.0
2022-07-27 21:00:00,0.0,792.25,0.0,0.0,396.125,0.0,0.0,0.0
2022-07-27 22:00:00,0.0,754.85,0.0,0.0,377.425,0.0,0.0,0.0
2022-07-27 23:00:00,0.0,748.85,0.0,0.0,374.425,0.0,0.0,0.0
2022-07-28 00:00:00,0.0,737.05,0.0,0.0,368.525,0.0,0.0,0.0
2022-07-28 01:00:00,0.0,723.65,0.0,0.0,361.825,0.0,0.0,0.0
2022-07-28 02:00:00,0.0,716.65,0.0,0.0,358.325,0.0,0.0,0.0
2022-07-28 03:00:00,0.0,753.25,0.0,0.0,376.625,0.0,0.0,0.0
2022-07-28 04:00:00,0.0,724.05,0.0,0.0,362.025,0.0,0.0,0.0
2022-07-28 05:00:00,0.0,621.3842,0.0,0.0,310.6921,0.0,0.0,51.63290000000001
2022-07-28 06:00:00,0.0,388.199,0.0,0.0,194.0995,0.0,0.0,182.0255
2022-07-28 07:00:00,0.0,187.506,0.0,0.0,93.753,0.0,0.0,349.962
2022-07-28 08:00:00,0.0,0.0,0.0,0.0,0.0,0.0,0.0,511.73730000000006
2022-07-28 09:00:00,0.0,0.0,0.0,0.0,0.0,0.0,0.0,632.5231
2022-07-28 10:00:00,0.0,0.0,0.0,0.0,0.0,0.0,0.0,711.6186
2022-07-28 11:00:00,0.0,0.0,0.0,0.0,0.0,0.0,0.0,738.3366
2022-07-28 12:00:00,0.0,0.0,0.0,0.0,0.0,0.0,0.0,695.6243
2022-07-28 13:00:00,0.0,0.0,0.0,0.0,0.0,0.0,0.0,631.4572999999999
2022-07-28 14:00:00,0.0,0.0,0.0,0.0,0.0,0.0,0.0,505.16
2022-07-28 15:00:00,0.0,98.0128,0.0,0.0,49.0064,0.0,0.0,353.91859999999997
2022-07-28 16:00:00,0.0,428.2066,0.0,0.0,214.1033,0.0,0.0,187.82170000000002
2022-07-28 17:00:00,0.0,756.8772,0.0,0.0,378.4386,0.0,0.0,46.4864
2022-07-28 18:00:00,0.0,1094.29,0.0,0.0,547.145,0.0,0.0,0.0
2022-07-28 19:00:00,0.0,821.25,0.0,0.0,410.625,0.0,0.0,0.0
2022-07-28 20:00:00,0.0,815.85,0.0,0.0,407.925,0.0,0.0,0.0
2022-07-28 21:00:00,0.0,775.05,0.0,0.0,387.525,0.0,0.0,0.0
2022-07-28 22:00:00,0.0,758.85,0.0,0.0,379.425,0.0,0.0,0.0
2022-07-28 23:00:00,0.0,744.65,0.0,0.0,372.325,0.0,0.0,0.0
2022-07-29 00:00:00,0.0,742.45,0.0,0.0,371.225,0.0,0.0,0.0
2022-07-29 01:00:00,0.0,732.65,0.0,0.0,366.325,0.0,0.0,0.0
2022-07-29 02:00:00,0.0,726.45,0.0,0.0,363.225,0.0,0.0,0.0
2022-07-29 03:00:00,0.0,730.25,0.0,0.0,365.125,0.0,0.0,0.0
2022-07-29 04:00:00,0.0,732.05,0.0,0.0,366.025,0.0,0.0,0.0
2022-07-29 05:00:00,0.0,638.706,0.0,0.0,319.353,0.0,0.0,48.472
2022-07-29 06:00:00,0.0,378.732,0.0,0.0,189.366,0.0,0.0,188.559
2022-07-29 07:00:00,0.0,166.951,0.0,0.0,83.4755,0.0,0.0,358.5395
2022-07-29 08:00:00,0.0,0.0,0.0,0.0,0.0,0.0,0.0,508.86839999999995
2022-07-29 09:00:00,0.0,0.0,0.0,0.0,0.0,0.0,0.0,635.5599
2022-07-29 10:00:00,0.0,0.0,0.0,0.0,0.0,0.0,0.0,711.6989
2022-07-29 11:00:00,0.0,0.0,0.0,0.0,0.0,0.0,0.0,742.2712999999999
2022-07-29 12:00:00,0.0,0.0,0.0,0.0,0.0,0.0,0.0,710.8812999999999
2022-07-29 13:00:00,0.0,0.0,0.0,0.0,0.0,0.0,0.0,627.8145999999999
2022-07-29 14:00:00,0.0,0.0,0.0,0.0,0.0,0.0,0.0,509.82470000000006
2022-07-29 15:00:00,0.0,82.1504,0.0,0.0,41.0752,0.0,0.0,352.0498
2022-07-29 16:00:00,0.0,445.6576,0.0,0.0,222.8288,0.0,0.0,188.29619999999997
2022-07-29 17:00:00,0.0,769.9052,0.0,0.0,384.9526,0.0,0.0,45.1724
2022-07-29 18:00:00,0.0,1128.69,0.0,0.0,564.345,0.0,0.0,0.0
2022-07-29 19:00:00,0.0,845.05,0.0,0.0,422.525,0.0,0.0,0.0
2022-07-29 20:00:00,0.0,810.25,0.0,0.0,405.125,0.0,0.0,0.0
2022-07-29 21:00:00,0.0,810.85,0.0,0.0,405.425,0.0,0.0,0.0
2022-07-29 22:00:00,0.0,782.05,0.0,0.0,391.025,0.0,0.0,0.0
2022-07-29 23:00:00,0.0,736.65,0.0,0.0,368.325,0.0,0.0,0.0
2022-07-30 00:00:00,0.0,723.85,0.0,0.0,361.925,0.0,0.0,0.0
2022-07-30 01:00:00,0.0,725.05,0.0,0.0,362.525,0.0,0.0,0.0
2022-07-30 02:00:00,0.0,726.85,0.0,0.0,363.425,0.0,0.0,0.0
2022-07-30 03:00:00,0.0,724.85,0.0,0.0,362.425,0.0,0.0,0.0
2022-07-30 04:00:00,0.0,745.85,0.0,0.0,372.925,0.0,0.0,0.0
2022-07-30 05:00:00,0.0,670.2962,0.0,0.0,335.1481,0.0,0.0,46.3769
2022-07-30 06:00:00,0.0,452.32,0.0,0.0,226.16,0.0,0.0,190.165
2022-07-30 07:00:00,0.0,217.0386,0.0,0.0,108.5193,0.0,0.0,358.4957
2022-07-30 08:00:00,0.0,0.0,0.0,0.0,0.0,0.0,0.0,512.5183999999999
2022-07-30 09:00:00,0.0,0.0,0.0,0.0,0.0,0.0,0.0,629.6176999999999
2022-07-30 10:00:00,0.0,0.0,0.0,0.0,0.0,0.0,0.0,712.5822
2022-07-30 11:00:00,0.0,0.0,0.0,0.0,0.0,0.0,0.0,739.3221
2022-07-30 12:00:00,0.0,0.0,0.0,0.0,0.0,0.0,0.0,711.7646
2022-07-30 13:00:00,0.0,0.0,0.0,0.0,0.0,0.0,0.0,635.2606
2022-07-30 14:00:00,0.0,0.0,0.0,0.0,0.0,0.0,0.0,497.7797
2022-07-30 15:00:00,0.0,67.8124,0.0,0.0,33.9062,0.0,0.0,348.61879999999996
2022-07-30 16:00:00,0.0,442.1528,0.0,0.0,221.0764,0.0,0.0,186.7486
2022-07-30 17:00:00,0.0,760.327,0.0,0.0,380.1635,0.0,0.0,45.6615
2022-07-30 18:00:00,0.0,1092.69,0.0,0.0,546.345,0.0,0.0,0.0
2022-07-30 19:00:00,0.0,830.25,0.0,0.0,415.125,0.0,0.0,0.0
2022-07-30 20:00:00,0.0,834.65,0.0,0.0,417.325,0.0,0.0,0.0
2022-07-30 21:00:00,0.0,813.05,0.0,0.0,406.525,0.0,0.0,0.0
2022-07-30 22:00:00,0.0,772.05,0.0,0.0,386.025,0.0,0.0,0.0
2022-07-30 23:00:00,0.0,736.65,0.0,0.0,368.325,0.0,0.0,0.0
2022-07-31 00:00:00,0.0,739.65,0.0,0.0,369.825,0.0,0.0,0.0
2022-07-31 01:00:00,0.0,721.45,0.0,0.0,360.725,0.0,0.0,0.0
2022-07-31 02:00:00,0.0,733.05,0.0,0.0,366.525,0.0,0.0,0.0
2022-07-31 03:00:00,0.0,733.65,0.0,0.0,366.825,0.0,0.0,0.0
2022-07-31 04:00:00,0.0,757.45,0.0,0.0,378.725,0.0,0.0,0.0
2022-07-31 05:00:00,0.0,688.3124,0.0,0.0,344.1562,0.0,0.0,45.6688
2022-07-31 06:00:00,0.0,446.7032,0.0,0.0,223.3516,0.0,0.0,186.5734
2022-07-31 07:00:00,0.0,230.2354,0.0,0.0,115.1177,0.0,0.0,352.59729999999996
2022-07-31 08:00:00,0.0,0.0,0.0,0.0,0.0,0.0,0.0,505.99950000000007
2022-07-31 09:00:00,0.0,0.0,0.0,0.0,0.0,0.0,0.0,625.8874000000001
2022-07-31 10:00:00,0.0,0.0,0.0,0.0,0.0,0.0,0.0,708.0781
2022-07-31 11:00:00,0.0,0.0,0.0,0.0,0.0,0.0,0.0,734.818
2022-07-31 12:00:00,0.0,0.0,0.0,0.0,0.0,0.0,0.0,714.9401
2022-07-31 13:00:00,0.0,0.0,0.0,0.0,0.0,0.0,0.0,630.8733
2022-07-31 14:00:00,0.0,0.0,0.0,0.0,0.0,0.0,0.0,504.33509999999995
2022-07-31 15:00:00,0.0,106.5506,0.0,0.0,53.2753,0.0,0.0,351.04970000000003
2022-07-31 16:00:00,0.0,473.5444,0.0,0.0,236.7722,0.0,0.0,163.0528
2022-07-31 17:00:00,0.0,752.3376,0.0,0.0,376.1688,0.0,0.0,43.7562
2022-07-31 18:00:00,0.0,1100.29,0.0,0.0,550.145,0.0,0.0,0.0
2022-07-31 19:00:00,0.0,847.85,0.0,0.0,423.925,0.0,0.0,0.0
2022-07-31 20:00:00,0.0,823.65,0.0,0.0,411.825,0.0,0.0,0.0
2022-07-31 21:00:00,0.0,847.25,0.0,0.0,423.625,0.0,0.0,0.0
2022-07-31 22:00:00,0.0,765.45,0.0,0.0,382.725,0.0,0.0,0.0
2022-07-31 23:00:00,0.0,730.85,0.0,0.0,365.425,0.0,0.0,0.0
2022-08-01 00:00:00,0.0,733.45,0.0,0.0,366.725,0.0,0.0,0.0
2022-08-01 01:00:00,0.0,722.45,0.0,0.0,361.225,0.0,0.0,0.0
2022-08-01 02:00:00,0.0,729.05,0.0,0.0,364.525,0.0,0.0,0.0
2022-08-01 03:00:00,0.0,733.25,0.0,0.0,366.625,0.0,0.0,0.0
2022-08-01 04:00:00,0.0,733.85,0.0,0.0,366.925,0.0,0.0,0.0
2022-08-01 05:00:00,0.0,686.6586,0.0,0.0,343.3293,0.0,0.0,44.595699999999994
2022-08-01 06:00:00,0.0,447.5598,0.0,0.0,223.7799,0.0,0.0,188.2451
2022-08-01 07:00:00,0.0,238.805,0.0,0.0,119.4025,0.0,0.0,351.3125
2022-08-01 08:00:00,0.0,0.0,0.0,0.0,0.0,0.0,0.0,495.8598
2022-08-01 09:00:00,0.0,0.0,0.0,0.0,0.0,0.0,0.0,615.9229
2022-08-01 10:00:00,0.0,0.0,0.0,0.0,0.0,0.0,0.0,701.1723
2022-08-01 11:00:00,0.0,0.0,0.0,0.0,0.0,0.0,0.0,727.9122
2022-08-01 12:00:00,0.0,0.0,0.0,0.0,0.0,0.0,0.0,708.2095
2022-08-01 13:00:00,0.0,0.0,0.0,0.0,0.0,0.0,0.0,625.0551999999999
2022-08-01 14:00:00,0.0,0.0,0.0,0.0,0.0,0.0,0.0,505.0797
2022-08-01 15:00:00,0.0,80.9174,0.0,0.0,40.4587,0.0,0.0,349.1663
2022-08-01 16:00:00,0.0,415.3148,0.0,0.0,207.6574,0.0,0.0,186.9676
2022-08-01 17:00:00,0.0,733.183,0.0,0.0,366.5915,0.0,0.0,43.0335
2022-08-01 18:00:00,0.0,1094.89,0.0,0.0,547.445,0.0,0.0,0.0
2022-08-01 19:00:00,0.0,811.85,0.0,0.0,405.925,0.0,0.0,0.0
2022-08-01 20:00:00,0.0,878.45,0.0,0.0,439.225,0.0,0.0,0.0
2022-08-01 21:00:00,0.0,837.05,0.0,0.0,418.525,0.0,0.0,0.0
2022-08-01 22:00:00,0.0,782.45,0.0,0.0,391.225,0.0,0.0,0.0
2022-08-01 23:00:00,0.0,776.85,0.0,0.0,388.425,0.0,0.0,0.0
2022-08-02 00:00:00,0.0,727.85,0.0,0.0,363.925,0.0,0.0,0.0
2022-08-02 01:00:00,0.0,742.05,0.0,0.0,371.025,0.0,0.0,0.0
2022-08-02 02:00:00,0.0,722.65,0.0,0.0,361.325,0.0,0.0,0.0
2022-08-02 03:00:00,0.0,726.45,0.0,0.0,363.225,0.0,0.0,0.0
2022-08-02 04:00:00,0.0,744.05,0.0,0.0,372.025,0.0,0.0,0.0
2022-08-02 05:00:00,0.0,694.593,0.0,0.0,347.2965,0.0,0.0,44.1285
2022-08-02 06:00:00,0.0,484.059,0.0,0.0,242.0295,0.0,0.0,188.59550000000002
2022-08-02 07:00:00,0.0,250.2232,0.0,0.0,125.1116,0.0,0.0,355.2034
2022-08-02 08:00:00,0.0,0.0,0.0,0.0,0.0,0.0,0.0,516.4166
2022-08-02 09:00:00,0.0,0.0,0.0,0.0,0.0,0.0,0.0,638.4287999999999
2022-08-02 10:00:00,0.0,0.0,0.0,0.0,0.0,0.0,0.0,718.5827999999999
2022-08-02 11:00:00,0.0,0.0,0.0,0.0,0.0,0.0,0.0,750.0385
2022-08-02 12:00:00,0.0,0.0,0.0,0.0,0.0,0.0,0.0,717.6556999999999
2022-08-02 13:00:00,0.0,0.0,0.0,0.0,0.0,0.0,0.0,636.3847999999999
2022-08-02 14:00:00,0.0,0.0,0.0,0.0,0.0,0.0,0.0,508.664
2022-08-02 15:00:00,0.0,105.6902,0.0,0.0,52.8451,0.0,0.0,346.4799
2022-08-02 16:00:00,0.0,417.1994,0.0,0.0,208.5997,0.0,0.0,187.3253
2022-08-02 17:00:00,0.0,742.8356,0.0,0.0,371.4178,0.0,0.0,42.807199999999995
2022-08-02 18:00:00,0.0,1116.29,0.0,0.0,558.145,0.0,0.0,0.0
2022-08-02 19:00:00,0.0,888.45,0.0,0.0,444.225,0.0,0.0,0.0
2022-08-02 20:00:00,0.0,827.05,0.0,0.0,413.525,0.0,0.0,0.0
2022-08-02 21:00:00,0.0,828.63,0.0,0.0,414.315,0.0,0.0,0.0
2022-08-02 22:00:00,0.0,782.07,0.0,0.0,391.035,0.0,0.0,0.0
2022-08-02 23:00:00,0.0,775.85,0.0,0.0,387.925,0.0,0.0,0.0
2022-08-03 00:00:00,0.0,737.27,0.0,0.0,368.635,0.0,0.0,0.0
2022-08-03 01:00:00,0.0,739.13,0.0,0.0,369.565,0.0,0.0,0.0
2022-08-03 02:00:00,0.0,729.49,0.0,0.0,364.745,0.0,0.0,0.0
2022-08-03 03:00:00,0.0,733.55,0.0,0.0,366.775,0.0,0.0,0.0
2022-08-03 04:00:00,0.0,755.77,0.0,0.0,377.885,0.0,0.0,0.0
2022-08-03 05:00:00,0.0,661.0894,0.0,0.0,330.5447,0.0,0.0,43.8803
2022-08-03 06:00:00,0.0,463.9968,0.0,0.0,231.9984,0.0,0.0,185.72660000000002
2022-08-03 07:00:00,0.0,228.0634,0.0,0.0,114.0317,0.0,0.0,351.2833
2022-08-03 08:00:00,0.0,0.0,0.0,0.0,0.0,0.0,0.0,510.69339999999994
2022-08-03 09:00:00,0.0,0.0,0.0,0.0,0.0,0.0,0.0,627.8145999999999
2022-08-03 10:00:00,0.0,0.0,0.0,0.0,0.0,0.0,0.0,714.1371
2022-08-03 11:00:00,0.0,0.0,0.0,0.0,0.0,0.0,0.0,741.6872999999999
2022-08-03 12:00:00,0.0,0.0,0.0,0.0,0.0,0.0,0.0,713.2465
2022-08-03 13:00:00,0.0,0.0,0.0,0.0,0.0,0.0,0.0,636.5746
2022-08-03 14:00:00,0.0,0.0,0.0,0.0,0.0,0.0,0.0,513.6134
2022-08-03 15:00:00,0.0,98.3386,0.0,0.0,49.1693,0.0,0.0,352.6557
2022-08-03 16:00:00,0.0,441.439,0.0,0.0,220.7195,0.0,0.0,186.4055
2022-08-03 17:00:00,0.0,738.2562,0.0,0.0,369.1281,0.0,0.0,41.996900000000004
2022-08-03 18:00:00,0.0,1122.89,0.0,0.0,561.445,0.0,0.0,0.0
2022-08-03 19:00:00,0.0,832.45,0.0,0.0,416.225,0.0,0.0,0.0
2022-08-03 20:00:00,0.0,890.65,0.0,0.0,445.325,0.0,0.0,0.0
2022-08-03 21:00:00,0.0,800.11,0.0,0.0,400.055,0.0,0.0,0.0
2022-08-03 22:00:00,0.0,769.79,0.0,0.0,384.895,0.0,0.0,0.0
2022-08-03 23:00:00,0.0,773.49,0.0,0.0,386.745,0.0,0.0,0.0
2022-08-04 00:00:00,0.0,761.03,0.0,0.0,380.515,0.0,0.0,0.0
2022-08-04 01:00:00,0.0,721.69,0.0,0.0,360.845,0.0,0.0,0.0
2022-08-04 02:00:00,0.0,722.77,0.0,0.0,361.385,0.0,0.0,0.0
2022-08-04 03:00:00,0.0,723.45,0.0,0.0,361.725,0.0,0.0,0.0
2022-08-04 04:00:00,0.0,720.59,0.0,0.0,360.295,0.0,0.0,0.0
2022-08-04 05:00:00,0.0,647.7008,0.0,0.0,323.8504,0.0,0.0,45.2746
2022-08-04 06:00:00,0.0,386.6906,0.0,0.0,193.3453,0.0,0.0,183.87969999999999
2022-08-04 07:00:00,0.0,170.1002,0.0,0.0,85.0501,0.0,0.0,349.76489999999995
2022-08-04 08:00:00,0.0,0.0,0.0,0.0,0.0,0.0,0.0,495.1955
2022-08-04 09:00:00,0.0,0.0,0.0,0.0,0.0,0.0,0.0,626.4933
2022-08-04 10:00:00,0.0,0.0,0.0,0.0,0.0,0.0,0.0,705.7275
2022-08-04 11:00:00,0.0,0.0,0.0,0.0,0.0,0.0,0.0,736.4677999999999
2022-08-04 12:00:00,0.0,0.0,0.0,0.0,0.0,0.0,0.0,708.0635
2022-08-04 13:00:00,0.0,0.0,0.0,0.0,0.0,0.0,0.0,628.4789000000001
2022-08-04 14:00:00,0.0,0.0,0.0,0.0,0.0,0.0,0.0,500.94789999999995
2022-08-04 15:00:00,0.0,104.394,0.0,0.0,52.197,0.0,0.0,345.728
2022-08-04 16:00:00,0.0,467.1872,0.0,0.0,233.5936,0.0,0.0,182.63139999999999
2022-08-04 17:00:00,0.0,780.1904,0.0,0.0,390.0952,0.0,0.0,42.529799999999994
2022-08-04 18:00:00,0.0,1106.29,0.0,0.0,553.145,0.0,0.0,0.0
2022-08-04 19:00:00,0.0,912.45,0.0,0.0,456.225,0.0,0.0,0.0
2022-08-04 20:00:00,0.0,877.25,0.0,0.0,438.625,0.0,0.0,0.0
2022-08-04 21:00:00,0.0,821.25,0.0,0.0,410.625,0.0,0.0,0.0
2022-08-04 22:00:00,0.0,774.65,0.0,0.0,387.325,0.0,0.0,0.0
2022-08-04 23:00:00,0.0,760.95,0.0,0.0,380.475,0.0,0.0,0.0
2022-08-05 00:00:00,0.0,732.35,0.0,0.0,366.175,0.0,0.0,0.0
2022-08-05 01:00:00,0.0,757.17,0.0,0.0,378.585,0.0,0.0,0.0
2022-08-05 02:00:00,0.0,759.39,0.0,0.0,379.695,0.0,0.0,0.0
2022-08-05 03:00:00,0.0,766.03,0.0,0.0,383.015,0.0,0.0,0.0
2022-08-05 04:00:00,0.0,763.29,0.0,0.0,381.645,0.0,0.0,0.0
2022-08-05 05:00:00,0.0,660.3596,0.0,0.0,330.1798,0.0,0.0,43.2452
2022-08-05 06:00:00,0.0,397.2886,0.0,0.0,198.6443,0.0,0.0,186.58069999999998
2022-08-05 07:00:00,0.0,181.9762,0.0,0.0,90.9881,0.0,0.0,356.6269
2022-08-05 08:00:00,0.0,0.0,0.0,0.0,0.0,0.0,0.0,519.2198
2022-08-05 09:00:00,0.0,0.0,0.0,0.0,0.0,0.0,0.0,645.393
2022-08-05 10:00:00,0.0,0.0,0.0,0.0,0.0,0.0,0.0,722.6124
2022-08-05 11:00:00,0.0,0.0,0.0,0.0,0.0,0.0,0.0,745.4395
2022-08-05 12:00:00,0.0,0.0,0.0,0.0,0.0,0.0,0.0,721.5904
2022-08-05 13:00:00,0.0,0.0,0.0,0.0,0.0,0.0,0.0,636.2752999999999
2022-08-05 14:00:00,0.0,0.0,0.0,0.0,0.0,0.0,0.0,513.1973
2022-08-05 15:00:00,0.0,145.9318,0.0,0.0,72.9659,0.0,0.0,350.15909999999997
2022-08-05 16:00:00,0.0,479.9342,0.0,0.0,239.9671,0.0,0.0,184.8579
2022-08-05 17:00:00,0.0,808.2536,0.0,0.0,404.1268,0.0,0.0,40.398199999999996
2022-08-05 18:00:00,0.0,1122.09,0.0,0.0,561.045,0.0,0.0,0.0
2022-08-05 19:00:00,0.0,874.85,0.0,0.0,437.425,0.0,0.0,0.0
2022-08-05 20:00:00,0.0,884.25,0.0,0.0,442.125,0.0,0.0,0.0
2022-08-05 21:00:00,0.0,879.65,0.0,0.0,439.825,0.0,0.0,0.0
2022-08-05 22:00:00,0.0,805.03,0.0,0.0,402.515,0.0,0.0,0.0
2022-08-05 23:00:00,0.0,769.35,0.0,0.0,384.675,0.0,0.0,0.0
2022-08-06 00:00:00,0.0,768.05,0.0,0.0,384.025,0.0,0.0,0.0
2022-08-06 01:00:00,0.0,780.43,0.0,0.0,390.215,0.0,0.0,0.0
2022-08-06 02:00:00,0.0,778.23,0.0,0.0,389.115,0.0,0.0,0.0
2022-08-06 03:00:00,0.0,756.31,0.0,0.0,378.155,0.0,0.0,0.0
2022-08-06 04:00:00,0.0,814.11,0.0,0.0,407.055,0.0,0.0,0.0
2022-08-06 05:00:00,0.0,760.0318,0.0,0.0,380.0159,0.0,0.0,42.8291
2022-08-06 06:00:00,0.0,558.1684,0.0,0.0,279.0842,0.0,0.0,189.0408
2022-08-06 07:00:00,0.0,276.4968,0.0,0.0,138.2484,0.0,0.0,359.46659999999997
2022-08-06 08:00:00,0.0,0.0,0.0,0.0,0.0,0.0,0.0,517.2561
2022-08-06 09:00:00,0.0,0.0,0.0,0.0,0.0,0.0,0.0,650.4007999999999
2022-08-06 10:00:00,0.0,0.0,0.0,0.0,0.0,0.0,0.0,723.7366
2022-08-06 11:00:00,0.0,0.0,0.0,0.0,0.0,0.0,0.0,743.3006
2022-08-06 12:00:00,0.0,0.0,0.0,0.0,0.0,0.0,0.0,718.7652999999999
2022-08-06 13:00:00,0.0,0.0,0.0,0.0,0.0,0.0,0.0,630.4206999999999
2022-08-06 14:00:00,0.0,0.0,0.0,0.0,0.0,0.0,0.0,505.6418
2022-08-06 15:00:00,0.0,120.2084,0.0,0.0,60.1042,0.0,0.0,346.7208
2022-08-06 16:00:00,0.0,513.7138,0.0,0.0,256.8569,0.0,0.0,184.6681
2022-08-06 17:00:00,0.0,795.4068,0.0,0.0,397.7034,0.0,0.0,40.8216
2022-08-06 18:00:00,0.0,1199.49,0.0,0.0,599.745,0.0,0.0,0.0
2022-08-06 19:00:00,0.0,962.45,0.0,0.0,481.225,0.0,0.0,0.0
2022-08-06 20:00:00,0.0,876.25,0.0,0.0,438.125,0.0,0.0,0.0
2022-08-06 21:00:00,0.0,876.85,0.0,0.0,438.425,0.0,0.0,0.0
2022-08-06 22:00:00,0.0,815.45,0.0,0.0,407.725,0.0,0.0,0.0
2022-08-06 23:00:00,0.0,736.85,0.0,0.0,368.425,0.0,0.0,0.0
2022-08-07 00:00:00,0.0,742.65,0.0,0.0,371.325,0.0,0.0,0.0
2022-08-07 01:00:00,0.0,727.85,0.0,0.0,363.925,0.0,0.0,0.0
2022-08-07 02:00:00,0.0,735.01,0.0,0.0,367.505,0.0,0.0,0.0
2022-08-07 03:00:00,0.0,781.73,0.0,0.0,390.865,0.0,0.0,0.0
2022-08-07 04:00:00,0.0,806.05,0.0,0.0,403.025,0.0,0.0,0.0
2022-08-07 05:00:00,0.0,800.6586,0.0,0.0,400.3293,0.0,0.0,44.595699999999994
2022-08-07 06:00:00,0.0,606.32,0.0,0.0,303.16,0.0,0.0,175.565
2022-08-07 07:00:00,0.0,298.7098,0.0,0.0,149.3549,0.0,0.0,338.26009999999997
2022-08-07 08:00:00,0.0,0.0,0.0,0.0,0.0,0.0,0.0,490.9396
2022-08-07 09:00:00,0.0,0.0,0.0,0.0,0.0,0.0,0.0,607.2286
2022-08-07 10:00:00,0.0,0.0,0.0,0.0,0.0,0.0,0.0,529.8267
2022-08-07 11:00:00,0.0,0.0,0.0,0.0,0.0,0.0,0.0,709.7570999999999
2022-08-07 12:00:00,0.0,0.0,0.0,0.0,0.0,0.0,0.0,686.5577
2022-08-07 13:00:00,0.0,0.0,0.0,0.0,0.0,0.0,0.0,608.309
2022-08-07 14:00:00,0.0,0.0,0.0,0.0,0.0,0.0,0.0,484.6251
2022-08-07 15:00:00,0.0,139.3546,0.0,0.0,69.6773,0.0,0.0,338.34770000000003
2022-08-07 16:00:00,0.0,486.349,0.0,0.0,243.1745,0.0,0.0,176.5505
2022-08-07 17:00:00,0.0,811.0328,0.0,0.0,405.5164,0.0,0.0,42.2086
2022-08-07 18:00:00,0.0,1162.49,0.0,0.0,581.245,0.0,0.0,0.0
2022-08-07 19:00:00,0.0,901.25,0.0,0.0,450.625,0.0,0.0,0.0
2022-08-07 20:00:00,0.0,859.05,0.0,0.0,429.525,0.0,0.0,0.0
2022-08-07 21:00:00,0.0,882.45,0.0,0.0,441.225,0.0,0.0,0.0
2022-08-07 22:00:00,0.0,796.25,0.0,0.0,398.125,0.0,0.0,0.0
2022-08-07 23:00:00,0.0,760.85,0.0,0.0,380.425,0.0,0.0,0.0
2022-08-08 00:00:00,0.0,737.65,0.0,0.0,368.825,0.0,0.0,0.0
2022-08-08 01:00:00,0.0,725.05,0.0,0.0,362.525,0.0,0.0,0.0
2022-08-08 02:00:00,0.0,723.25,0.0,0.0,361.625,0.0,0.0,0.0
2022-08-08 03:00:00,0.0,746.45,0.0,0.0,373.225,0.0,0.0,0.0
2022-08-08 04:00:00,0.0,766.05,0.0,0.0,383.025,0.0,0.0,0.0
2022-08-08 05:00:00,0.0,792.3448,0.0,0.0,396.1724,0.0,0.0,44.2526
2022-08-08 06:00:00,0.0,623.0444,0.0,0.0,311.5222,0.0,0.0,166.7028
2022-08-08 07:00:00,0.0,327.5212,0.0,0.0,163.7606,0.0,0.0,339.65439999999995
2022-08-08 08:00:00,0.0,0.0,0.0,0.0,0.0,0.0,0.0,489.50880000000006
2022-08-08 09:00:00,0.0,0.0,0.0,0.0,0.0,0.0,0.0,613.1051
2022-08-08 10:00:00,0.0,0.0,0.0,0.0,0.0,0.0,0.0,682.2215
2022-08-08 11:00:00,0.0,0.0,0.0,0.0,0.0,0.0,0.0,708.2022
2022-08-08 12:00:00,0.0,0.0,0.0,0.0,0.0,0.0,0.0,680.944
2022-08-08 13:00:00,0.0,0.0,0.0,0.0,0.0,0.0,0.0,593.2417999999999
2022-08-08 14:00:00,0.0,0.0,0.0,0.0,0.0,0.0,0.0,486.11430000000007
2022-08-08 15:00:00,0.0,114.9018,0.0,0.0,57.4509,0.0,0.0,339.5741
2022-08-08 16:00:00,0.0,491.3564,0.0,0.0,245.6782,0.0,0.0,176.0468
2022-08-08 17:00:00,0.0,758.087,0.0,0.0,379.0435,0.0,0.0,41.2815
2022-08-08 18:00:00,0.0,1180.29,0.0,0.0,590.145,0.0,0.0,0.0
2022-08-08 19:00:00,0.0,868.65,0.0,0.0,434.325,0.0,0.0,0.0
2022-08-08 20:00:00,0.0,907.25,0.0,0.0,453.625,0.0,0.0,0.0
2022-08-08 21:00:00,0.0,839.05,0.0,0.0,419.525,0.0,0.0,0.0
2022-08-08 22:00:00,0.0,807.85,0.0,0.0,403.925,0.0,0.0,0.0
2022-08-08 23:00:00,0.0,750.25,0.0,0.0,375.125,0.0,0.0,0.0
2022-08-09 00:00:00,0.0,737.25,0.0,0.0,368.625,0.0,0.0,0.0
2022-08-09 01:00:00,0.0,731.25,0.0,0.0,365.625,0.0,0.0,0.0
2022-08-09 02:00:00,0.0,728.85,0.0,0.0,364.425,0.0,0.0,0.0
2022-08-09 03:00:00,0.0,743.05,0.0,0.0,371.525,0.0,0.0,0.0
2022-08-09 04:00:00,0.0,772.65,0.0,0.0,386.325,0.0,0.0,0.0
2022-08-09 05:00:00,0.0,756.8766,0.0,0.0,378.4383,0.0,0.0,42.186699999999995
2022-08-09 06:00:00,0.0,631.198,0.0,0.0,315.599,0.0,0.0,179.726
2022-08-09 07:00:00,0.0,308.2154,0.0,0.0,154.1077,0.0,0.0,343.1073
2022-08-09 08:00:00,0.0,0.0,0.0,0.0,0.0,0.0,0.0,495.1371
2022-08-09 09:00:00,0.0,0.0,0.0,0.0,0.0,0.0,0.0,627.1940999999999
2022-08-09 10:00:00,0.0,0.0,0.0,0.0,0.0,0.0,0.0,694.3103
2022-08-09 11:00:00,0.0,507.5604,0.0,0.0,253.7802,0.0,0.0,229.7748
2022-08-09 12:00:00,0.0,0.0,0.0,0.0,0.0,0.0,0.0,704.9099
2022-08-09 13:00:00,0.0,116.5958,0.0,0.0,58.2979,0.0,0.0,344.02709999999996
2022-08-09 14:00:00,0.0,164.9186,0.0,0.0,82.4593,0.0,0.0,313.9657
2022-08-09 15:00:00,0.0,160.6364,0.0,0.0,80.3182,0.0,0.0,338.10679999999996
2022-08-09 16:00:00,0.0,480.73,0.0,0.0,240.365,0.0,0.0,176.66
2022-08-09 17:00:00,0.0,782.7318,0.0,0.0,391.3659,0.0,0.0,43.5591
2022-08-09 18:00:00,0.0,1106.29,0.0,0.0,553.145,0.0,0.0,0.0
2022-08-09 19:00:00,0.0,936.85,0.0,0.0,468.425,0.0,0.0,0.0
2022-08-09 20:00:00,0.0,920.85,0.0,0.0,460.425,0.0,0.0,0.0
2022-08-09 21:00:00,0.0,843.45,0.0,0.0,421.725,0.0,0.0,0.0
2022-08-09 22:00:00,0.0,792.45,0.0,0.0,396.225,0.0,0.0,0.0
2022-08-09 23:00:00,0.0,756.25,0.0,0.0,378.125,0.0,0.0,0.0
2022-08-10 00:00:00,0.0,729.85,0.0,0.0,364.925,0.0,0.0,0.0
2022-08-10 01:00:00,0.0,727.85,0.0,0.0,363.925,0.0,0.0,0.0
2022-08-10 02:00:00,0.0,729.05,0.0,0.0,364.525,0.0,0.0,0.0
2022-08-10 03:00:00,0.0,724.45,0.0,0.0,362.225,0.0,0.0,0.0
2022-08-10 04:00:00,0.0,759.85,0.0,0.0,379.925,0.0,0.0,0.0
2022-08-10 05:00:00,0.0,745.0648,0.0,0.0,372.5324,0.0,0.0,42.7926
2022-08-10 06:00:00,0.0,726.9304,0.0,0.0,363.4652,0.0,0.0,79.7598
2022-08-10 07:00:00,0.0,793.1696,0.0,0.0,396.5848,0.0,0.0,112.23020000000001
2022-08-10 08:00:00,0.0,414.103,0.0,0.0,207.0515,0.0,0.0,224.0735
2022-08-10 09:00:00,0.0,711.9782,0.0,0.0,355.9891,0.0,0.0,67.0359
2022-08-10 10:00:00,0.0,713.6584,0.0,0.0,356.8292,0.0,0.0,60.1958
2022-08-10 11:00:00,0.0,300.8818,0.0,0.0,150.4409,0.0,0.0,345.41409999999996
2022-08-10 12:00:00,0.0,0.0,0.0,0.0,0.0,0.0,0.0,592.395
2022-08-10 13:00:00,0.0,0.0,0.0,0.0,0.0,0.0,0.0,591.2124
2022-08-10 14:00:00,0.0,83.6674,0.0,0.0,41.8337,0.0,0.0,380.19129999999996
2022-08-10 15:00:00,0.0,269.3336,0.0,0.0,134.6668,0.0,0.0,304.6582
2022-08-10 16:00:00,0.0,549.5188,0.0,0.0,274.7594,0.0,0.0,174.2656
2022-08-10 17:00:00,0.0,807.6378,0.0,0.0,403.8189,0.0,0.0,39.1061
2022-08-10 18:00:00,0.0,1173.09,0.0,0.0,586.545,0.0,0.0,0.0
2022-08-10 19:00:00,0.0,858.05,0.0,0.0,429.025,0.0,0.0,0.0
2022-08-10 20:00:00,0.0,858.45,0.0,0.0,429.225,0.0,0.0,0.0
2022-08-10 21:00:00,0.0,838.45,0.0,0.0,419.225,0.0,0.0,0.0
2022-08-10 22:00:00,0.0,802.45,0.0,0.0,401.225,0.0,0.0,0.0
2022-08-10 23:00:00,0.0,762.05,0.0,0.0,381.025,0.0,0.0,0.0
2022-08-11 00:00:00,0.0,749.65,0.0,0.0,374.825,0.0,0.0,0.0
2022-08-11 01:00:00,0.0,725.65,0.0,0.0,362.825,0.0,0.0,0.0
2022-08-11 02:00:00,0.0,726.05,0.0,0.0,363.025,0.0,0.0,0.0
2022-08-11 03:00:00,0.0,722.05,0.0,0.0,361.025,0.0,0.0,0.0
2022-08-11 04:00:00,0.0,743.45,0.0,0.0,371.725,0.0,0.0,0.0
2022-08-11 05:00:00,0.0,655.7948,0.0,0.0,327.8974,0.0,0.0,42.4276
2022-08-11 06:00:00,0.0,463.9612,0.0,0.0,231.9806,0.0,0.0,166.6444
2022-08-11 07:00:00,0.0,274.727,0.0,0.0,137.3635,0.0,0.0,332.5515
2022-08-11 08:00:00,0.0,0.0,0.0,0.0,0.0,0.0,0.0,485.24559999999997
2022-08-11 09:00:00,0.0,0.0,0.0,0.0,0.0,0.0,0.0,619.04
2022-08-11 10:00:00,0.0,0.0,0.0,0.0,0.0,0.0,0.0,697.6245
2022-08-11 11:00:00,0.0,0.0,0.0,0.0,0.0,0.0,0.0,719.3931
2022-08-11 12:00:00,0.0,0.0,0.0,0.0,0.0,0.0,0.0,691.0252999999999
2022-08-11 13:00:00,0.0,0.0,0.0,0.0,0.0,0.0,0.0,611.5501999999999
2022-08-11 14:00:00,0.0,0.0,0.0,0.0,0.0,0.0,0.0,444.02979999999997
2022-08-11 15:00:00,0.0,202.5206,0.0,0.0,101.2603,0.0,0.0,325.8647
2022-08-11 16:00:00,0.0,546.2598,0.0,0.0,273.1299,0.0,0.0,169.9951
2022-08-11 17:00:00,0.0,844.0248,0.0,0.0,422.0124,0.0,0.0,38.4126
2022-08-11 18:00:00,0.0,1215.29,0.0,0.0,607.645,0.0,0.0,0.0
2022-08-11 19:00:00,0.0,850.25,0.0,0.0,425.125,0.0,0.0,0.0
2022-08-11 20:00:00,0.0,877.45,0.0,0.0,438.725,0.0,0.0,0.0
2022-08-11 21:00:00,0.0,833.45,0.0,0.0,416.725,0.0,0.0,0.0
2022-08-11 22:00:00,0.0,816.61,0.0,0.0,408.305,0.0,0.0,0.0
2022-08-11 23:00:00,0.0,765.51,0.0,0.0,382.755,0.0,0.0,0.0
2022-08-12 00:00:00,0.0,738.05,0.0,0.0,369.025,0.0,0.0,0.0
2022-08-12 01:00:00,0.0,733.79,0.0,0.0,366.895,0.0,0.0,0.0
2022-08-12 02:00:00,0.0,728.93,0.0,0.0,364.465,0.0,0.0,0.0
2022-08-12 03:00:00,0.0,771.01,0.0,0.0,385.505,0.0,0.0,0.0
2022-08-12 04:00:00,0.0,773.05,0.0,0.0,386.525,0.0,0.0,0.0
2022-08-12 05:00:00,0.0,733.7922,0.0,0.0,366.8961,0.0,0.0,11.6289
2022-08-12 06:00:00,0.0,539.1054,0.0,0.0,269.5527,0.0,0.0,124.4723
2022-08-12 07:00:00,0.0,234.5818,0.0,0.0,117.2909,0.0,0.0,350.5241
2022-08-12 08:00:00,0.0,0.0,0.0,0.0,0.0,0.0,0.0,468.76949999999994
2022-08-12 09:00:00,0.0,0.0,0.0,0.0,0.0,0.0,0.0,631.5886999999999
2022-08-12 10:00:00,0.0,853.5048,0.0,0.0,426.7524,0.0,0.0,90.97259999999999
2022-08-12 11:00:00,0.0,967.9658,0.0,0.0,483.9829,0.0,0.0,56.77210000000001
2022-08-12 12:00:00,0.0,0.0,0.0,0.0,0.0,0.0,0.0,567.1151
2022-08-12 13:00:00,0.0,0.0,0.0,0.0,0.0,0.0,0.0,626.0991
2022-08-12 14:00:00,0.0,0.0,0.0,0.0,0.0,0.0,0.0,499.8675
2022-08-12 15:00:00,0.0,244.4468,0.0,0.0,122.2234,0.0,0.0,337.2016
2022-08-12 16:00:00,0.0,590.4954,0.0,0.0,295.2477,0.0,0.0,174.47729999999999
2022-08-12 17:00:00,0.0,886.158,0.0,0.0,443.079,0.0,0.0,36.646
2022-08-12 18:00:00,0.0,1257.89,0.0,0.0,628.945,0.0,0.0,0.0
2022-08-12 19:00:00,0.0,994.65,0.0,0.0,497.325,0.0,0.0,0.0
2022-08-12 20:00:00,0.0,1014.65,0.0,0.0,507.325,0.0,0.0,0.0
2022-08-12 21:00:00,0.0,973.25,0.0,0.0,486.625,0.0,0.0,0.0
2022-08-12 22:00:00,0.0,888.45,0.0,0.0,444.225,0.0,0.0,0.0
2022-08-12 23:00:00,0.0,793.85,0.0,0.0,396.925,0.0,0.0,0.0
2022-08-13 00:00:00,0.0,782.85,0.0,0.0,391.425,0.0,0.0,0.0
2022-08-13 01:00:00,0.0,788.85,0.0,0.0,394.425,0.0,0.0,0.0
2022-08-13 02:00:00,0.0,791.05,0.0,0.0,395.525,0.0,0.0,0.0
2022-08-13 03:00:00,0.0,817.45,0.0,0.0,408.725,0.0,0.0,0.0
2022-08-13 04:00:00,0.0,852.05,0.0,0.0,426.025,0.0,0.0,0.0
2022-08-13 05:00:00,0.0,992.6126,0.0,0.0,496.3063,0.0,0.0,41.018699999999995
2022-08-13 06:00:00,0.0,755.416,0.0,0.0,377.708,0.0,0.0,177.317
2022-08-13 07:00:00,0.0,254.5508,0.0,0.0,127.2754,0.0,0.0,344.9396
2022-08-13 08:00:00,0.0,0.0,0.0,0.0,0.0,0.0,0.0,498.59729999999996
2022-08-13 09:00:00,0.0,0.0,0.0,0.0,0.0,0.0,0.0,632.1216
2022-08-13 10:00:00,0.0,0.0,0.0,0.0,0.0,0.0,0.0,704.3259
2022-08-13 11:00:00,0.0,0.0,0.0,0.0,0.0,0.0,0.0,708.1
2022-08-13 12:00:00,0.0,0.0,0.0,0.0,0.0,0.0,0.0,692.5948
2022-08-13 13:00:00,0.0,0.0,0.0,0.0,0.0,0.0,0.0,608.8638
2022-08-13 14:00:00,0.0,0.0,0.0,0.0,0.0,0.0,0.0,482.8074
2022-08-13 15:00:00,0.0,161.857,0.0,0.0,80.9285,0.0,0.0,329.9965
2022-08-13 16:00:00,0.0,543.2194,0.0,0.0,271.6097,0.0,0.0,167.6153
2022-08-13 17:00:00,0.0,815.152,0.0,0.0,407.576,0.0,0.0,37.449
2022-08-13 18:00:00,0.0,1216.69,0.0,0.0,608.345,0.0,0.0,0.0
2022-08-13 19:00:00,0.0,999.85,0.0,0.0,499.925,0.0,0.0,0.0
2022-08-13 20:00:00,0.0,999.85,0.0,0.0,499.925,0.0,0.0,0.0
2022-08-13 21:00:00,0.0,903.85,0.0,0.0,451.925,0.0,0.0,0.0
2022-08-13 22:00:00,0.0,896.45,0.0,0.0,448.225,0.0,0.0,0.0
2022-08-13 23:00:00,0.0,848.05,0.0,0.0,424.025,0.0,0.0,0.0
2022-08-14 00:00:00,0.0,804.25,0.0,0.0,402.125,0.0,0.0,0.0
2022-08-14 01:00:00,0.0,817.65,0.0,0.0,408.825,0.0,0.0,0.0
2022-08-14 02:00:00,0.0,850.25,0.0,0.0,425.125,0.0,0.0,0.0
2022-08-14 03:00:00,0.0,870.05,0.0,0.0,435.025,0.0,0.0,0.0
2022-08-14 04:00:00,0.0,895.85,0.0,0.0,447.925,0.0,0.0,0.0
2022-08-14 05:00:00,0.0,953.1018,0.0,0.0,476.5509,0.0,0.0,40.2741
2022-08-14 06:00:00,0.0,736.4522,0.0,0.0,368.2261,0.0,0.0,171.4989
2022-08-14 07:00:00,0.0,314.3204,0.0,0.0,157.1602,0.0,0.0,343.65479999999997
2022-08-14 08:00:00,0.0,0.0,0.0,0.0,0.0,0.0,0.0,474.0109
2022-08-14 09:00:00,0.0,0.0,0.0,0.0,0.0,0.0,0.0,627.6320999999999
2022-08-14 10:00:00,0.0,0.0,0.0,0.0,0.0,0.0,0.0,697.9749
2022-08-14 11:00:00,0.0,0.0,0.0,0.0,0.0,0.0,0.0,723.9482999999999
2022-08-14 12:00:00,0.0,0.0,0.0,0.0,0.0,0.0,0.0,686.1342999999999
2022-08-14 13:00:00,0.0,0.0,0.0,0.0,0.0,0.0,0.0,536.1996
2022-08-14 14:00:00,0.0,0.0,0.0,0.0,0.0,0.0,0.0,456.24269999999996
2022-08-14 15:00:00,0.0,174.8318,0.0,0.0,87.4159,0.0,0.0,324.60909999999996
2022-08-14 16:00:00,0.0,612.3794,0.0,0.0,306.1897,0.0,0.0,170.53529999999998
2022-08-14 17:00:00,0.0,900.5932,0.0,0.0,450.2966,0.0,0.0,35.8284
2022-08-14 18:00:00,0.0,1197.49,0.0,0.0,598.745,0.0,0.0,0.0
2022-08-14 19:00:00,0.0,966.85,0.0,0.0,483.425,0.0,0.0,0.0
2022-08-14 20:00:00,0.0,960.65,0.0,0.0,480.325,0.0,0.0,0.0
2022-08-14 21:00:00,0.0,873.85,0.0,0.0,436.925,0.0,0.0,0.0
2022-08-14 22:00:00,0.0,830.85,0.0,0.0,415.425,0.0,0.0,0.0
2022-08-14 23:00:00,0.0,790.85,0.0,0.0,395.425,0.0,0.0,0.0
2022-08-15 00:00:00,0.0,759.25,0.0,0.0,379.625,0.0,0.0,0.0
2022-08-15 01:00:00,0.0,796.85,0.0,0.0,398.425,0.0,0.0,0.0
2022-08-15 02:00:00,0.0,797.05,0.0,0.0,398.525,0.0,0.0,0.0
2022-08-15 03:00:00,0.0,779.85,0.0,0.0,389.925,0.0,0.0,0.0
2022-08-15 04:00:00,0.0,841.25,0.0,0.0,420.625,0.0,0.0,0.0
2022-08-15 05:00:00,0.0,956.9618,0.0,0.0,478.4809,0.0,0.0,39.5441
2022-08-15 06:00:00,0.0,802.6826,0.0,0.0,401.3413,0.0,0.0,165.48369999999997
2022-08-15 07:00:00,0.0,393.045,0.0,0.0,196.5225,0.0,0.0,326.4925
2022-08-15 08:00:00,0.0,0.0,0.0,0.0,0.0,0.0,0.0,482.63219999999995
2022-08-15 09:00:00,0.0,0.0,0.0,0.0,0.0,0.0,0.0,590.789
2022-08-15 10:00:00,0.0,0.0,0.0,0.0,0.0,0.0,0.0,676.4764
2022-08-15 11:00:00,0.0,0.0,0.0,0.0,0.0,0.0,0.0,706.0925
2022-08-15 12:00:00,0.0,0.0,0.0,0.0,0.0,0.0,0.0,661.1829
2022-08-15 13:00:00,0.0,0.0,0.0,0.0,0.0,0.0,0.0,554.6613
2022-08-15 14:00:00,0.0,592.3944,0.0,0.0,296.1972,0.0,0.0,110.12780000000001
2022-08-15 15:00:00,0.0,740.6766,0.0,0.0,370.3383,0.0,0.0,34.8867
2022-08-15 16:00:00,0.0,710.5334,0.0,0.0,355.2667,0.0,0.0,93.95830000000001
2022-08-15 17:00:00,0.0,907.6778,0.0,0.0,453.8389,0.0,0.0,36.186099999999996
2022-08-15 18:00:00,0.0,1259.29,0.0,0.0,629.645,0.0,0.0,0.0
2022-08-15 19:00:00,0.0,1018.05,0.0,0.0,509.025,0.0,0.0,0.0
2022-08-15 20:00:00,0.0,965.05,0.0,0.0,482.525,0.0,0.0,0.0
2022-08-15 21:00:00,0.0,926.85,0.0,0.0,463.425,0.0,0.0,0.0
2022-08-15 22:00:00,0.0,839.65,0.0,0.0,419.825,0.0,0.0,0.0
2022-08-15 23:00:00,0.0,780.85,0.0,0.0,390.425,0.0,0.0,0.0
2022-08-16 00:00:00,0.0,755.45,0.0,0.0,377.725,0.0,0.0,0.0
2022-08-16 01:00:00,0.0,804.45,0.0,0.0,402.225,0.0,0.0,0.0
2022-08-16 02:00:00,0.0,744.25,0.0,0.0,372.125,0.0,0.0,0.0
2022-08-16 03:00:00,0.0,761.73,0.0,0.0,380.865,0.0,0.0,0.0
2022-08-16 04:00:00,0.0,837.55,0.0,0.0,418.775,0.0,0.0,0.0
2022-08-16 05:00:00,0.0,953.0198,0.0,0.0,476.5099,0.0,0.0,12.315100000000001
2022-08-16 06:00:00,0.0,681.5622,0.0,0.0,340.7811,0.0,0.0,176.2439
2022-08-16 07:00:00,0.0,326.8586,0.0,0.0,163.4293,0.0,0.0,338.7857
2022-08-16 08:00:00,0.0,0.0,0.0,0.0,0.0,0.0,0.0,496.4949
2022-08-16 09:00:00,0.0,0.0,0.0,0.0,0.0,0.0,0.0,615.2586
2022-08-16 10:00:00,0.0,0.0,0.0,0.0,0.0,0.0,0.0,693.1861
2022-08-16 11:00:00,0.0,0.0,0.0,0.0,0.0,0.0,0.0,709.5672999999999
2022-08-16 12:00:00,0.0,0.0,0.0,0.0,0.0,0.0,0.0,471.9012
2022-08-16 13:00:00,0.0,0.0,0.0,0.0,0.0,0.0,0.0,583.0582999999999
2022-08-16 14:00:00,0.0,72.0466,0.0,0.0,36.0233,0.0,0.0,374.70169999999996
2022-08-16 15:00:00,0.0,462.0836,0.0,0.0,231.0418,0.0,0.0,189.68319999999997
2022-08-16 16:00:00,0.0,595.3024,0.0,0.0,297.6512,0.0,0.0,161.3738
2022-08-16 17:00:00,0.0,851.021,0.0,0.0,425.5105,0.0,0.0,35.5145
2022-08-16 18:00:00,0.0,1261.09,0.0,0.0,630.545,0.0,0.0,0.0
2022-08-16 19:00:00,0.0,971.25,0.0,0.0,485.625,0.0,0.0,0.0
2022-08-16 20:00:00,0.0,925.85,0.0,0.0,462.925,0.0,0.0,0.0
2022-08-16 21:00:00,0.0,892.45,0.0,0.0,446.225,0.0,0.0,0.0
2022-08-16 22:00:00,0.0,847.05,0.0,0.0,423.525,0.0,0.0,0.0
2022-08-16 23:00:00,0.0,774.05,0.0,0.0,387.025,0.0,0.0,0.0
2022-08-17 00:00:00,0.0,730.65,0.0,0.0,365.325,0.0,0.0,0.0
2022-08-17 01:00:00,0.0,730.05,0.0,0.0,365.025,0.0,0.0,0.0
2022-08-17 02:00:00,0.0,733.85,0.0,0.0,366.925,0.0,0.0,0.0
2022-08-17 03:00:00,0.0,738.45,0.0,0.0,369.225,0.0,0.0,0.0
2022-08-17 04:00:00,0.0,792.05,0.0,0.0,396.025,0.0,0.0,0.0
2022-08-17 05:00:00,0.0,853.5768,0.0,0.0,426.7884,0.0,0.0,37.5366
2022-08-17 06:00:00,0.0,701.243,0.0,0.0,350.6215,0.0,0.0,166.4035
2022-08-17 07:00:00,0.0,441.8066,0.0,0.0,220.9033,0.0,0.0,292.2117
2022-08-17 08:00:00,0.0,120.3174,0.0,0.0,60.1587,0.0,0.0,363.7663
2022-08-17 09:00:00,0.0,112.7768,0.0,0.0,56.3884,0.0,0.0,387.9366
2022-08-17 10:00:00,0.0,0.0,0.0,0.0,0.0,0.0,0.0,645.2324
2022-08-17 11:00:00,0.0,0.0,0.0,0.0,0.0,0.0,0.0,690.9157999999999
2022-08-17 12:00:00,0.0,0.0,0.0,0.0,0.0,0.0,0.0,658.4235
2022-08-17 13:00:00,0.0,0.0,0.0,0.0,0.0,0.0,0.0,409.15039999999993
2022-08-17 14:00:00,0.0,0.0,0.0,0.0,0.0,0.0,0.0,451.4685
2022-08-17 15:00:00,0.0,237.2706,0.0,0.0,118.6353,0.0,0.0,313.0897
2022-08-17 16:00:00,0.0,560.7566,0.0,0.0,280.3783,0.0,0.0,153.14669999999998
2022-08-17 17:00:00,0.0,842.3014,0.0,0.0,421.1507,0.0,0.0,34.97429999999999
2022-08-17 18:00:00,0.0,1163.29,0.0,0.0,581.645,0.0,0.0,0.0
2022-08-17 19:00:00,0.0,875.45,0.0,0.0,437.725,0.0,0.0,0.0
2022-08-17 20:00:00,0.0,890.85,0.0,0.0,445.425,0.0,0.0,0.0
2022-08-17 21:00:00,0.0,816.85,0.0,0.0,408.425,0.0,0.0,0.0
2022-08-17 22:00:00,0.0,810.05,0.0,0.0,405.025,0.0,0.0,0.0
2022-08-17 23:00:00,0.0,774.25,0.0,0.0,387.125,0.0,0.0,0.0
2022-08-18 00:00:00,0.0,754.45,0.0,0.0,377.225,0.0,0.0,0.0
2022-08-18 01:00:00,0.0,799.85,0.0,0.0,399.925,0.0,0.0,0.0
2022-08-18 02:00:00,0.0,783.85,0.0,0.0,391.925,0.0,0.0,0.0
2022-08-18 03:00:00,0.0,789.25,0.0,0.0,394.625,0.0,0.0,0.0
2022-08-18 04:00:00,0.0,795.05,0.0,0.0,397.525,0.0,0.0,0.0
2022-08-18 05:00:00,0.0,720.2148,0.0,0.0,360.1074,0.0,0.0,37.3176
2022-08-18 06:00:00,0.0,527.4086,0.0,0.0,263.7043,0.0,0.0,155.92069999999998
2022-08-18 07:00:00,0.0,383.5172,0.0,0.0,191.7586,0.0,0.0,293.9564
2022-08-18 08:00:00,0.0,82.2542,0.0,0.0,41.1271,0.0,0.0,424.29789999999997
2022-08-18 09:00:00,0.0,0.0,0.0,0.0,0.0,0.0,0.0,583.8832
2022-08-18 10:00:00,0.0,0.0,0.0,0.0,0.0,0.0,0.0,665.2927999999999
2022-08-18 11:00:00,0.0,0.0,0.0,0.0,0.0,0.0,0.0,694.1789
2022-08-18 12:00:00,0.0,431.63,0.0,0.0,215.815,0.0,0.0,246.01
2022-08-18 13:00:00,0.0,0.0,0.0,0.0,0.0,0.0,0.0,498.6265
2022-08-18 14:00:00,0.0,187.997,0.0,0.0,93.9985,0.0,0.0,330.7265
2022-08-18 15:00:00,0.0,297.6278,0.0,0.0,148.8139,0.0,0.0,300.81109999999995
2022-08-18 16:00:00,0.0,649.2646,0.0,0.0,324.6323,0.0,0.0,138.69269999999997
2022-08-18 17:00:00,0.0,838.4638,0.0,0.0,419.2319,0.0,0.0,33.1931
2022-08-18 18:00:00,0.0,1133.49,0.0,0.0,566.745,0.0,0.0,0.0
2022-08-18 19:00:00,0.0,874.25,0.0,0.0,437.125,0.0,0.0,0.0
2022-08-18 20:00:00,0.0,830.45,0.0,0.0,415.225,0.0,0.0,0.0
2022-08-18 21:00:00,0.0,845.65,0.0,0.0,422.825,0.0,0.0,0.0
2022-08-18 22:00:00,0.0,831.41,0.0,0.0,415.705,0.0,0.0,0.0
2022-08-18 23:00:00,0.0,814.19,0.0,0.0,407.095,0.0,0.0,0.0
2022-08-19 00:00:00,0.0,774.09,0.0,0.0,387.045,0.0,0.0,0.0
2022-08-19 01:00:00,0.0,746.47,0.0,0.0,373.235,0.0,0.0,0.0
2022-08-19 02:00:00,0.0,736.07,0.0,0.0,368.035,0.0,0.0,0.0
2022-08-19 03:00:00,0.0,736.71,0.0,0.0,368.355,0.0,0.0,0.0
2022-08-19 04:00:00,0.0,739.85,0.0,0.0,369.925,0.0,0.0,0.0
2022-08-19 05:00:00,0.0,682.0444,0.0,0.0,341.0222,0.0,0.0,36.7628
2022-08-19 06:00:00,0.0,531.7058,0.0,0.0,265.8529,0.0,0.0,133.4221
2022-08-19 07:00:00,0.0,398.281,0.0,0.0,199.1405,0.0,0.0,282.2545
2022-08-19 08:00:00,0.0,88.673,0.0,0.0,44.3365,0.0,0.0,417.88849999999996
2022-08-19 09:00:00,0.0,0.0,0.0,0.0,0.0,0.0,0.0,570.8089
2022-08-19 10:00:00,0.0,0.0,0.0,0.0,0.0,0.0,0.0,569.984
2022-08-19 11:00:00,0.0,0.0,0.0,0.0,0.0,0.0,0.0,661.3727
2022-08-19 12:00:00,0.0,0.0,0.0,0.0,0.0,0.0,0.0,633.8882
2022-08-19 13:00:00,0.0,0.0,0.0,0.0,0.0,0.0,0.0,592.3877
2022-08-19 14:00:00,0.0,0.0,0.0,0.0,0.0,0.0,0.0,493.5384
2022-08-19 15:00:00,0.0,243.4978,0.0,0.0,121.7489,0.0,0.0,337.67609999999996
2022-08-19 16:00:00,0.0,561.11,0.0,0.0,280.555,0.0,0.0,167.17
2022-08-19 17:00:00,0.0,900.4178,0.0,0.0,450.2089,0.0,0.0,29.6161
2022-08-19 18:00:00,0.0,1341.49,0.0,0.0,670.745,0.0,0.0,0.0
2022-08-19 19:00:00,0.0,1069.25,0.0,0.0,534.625,0.0,0.0,0.0
2022-08-19 20:00:00,0.0,1047.65,0.0,0.0,523.825,0.0,0.0,0.0
2022-08-19 21:00:00,0.0,877.25,0.0,0.0,438.625,0.0,0.0,0.0
2022-08-19 22:00:00,0.0,786.05,0.0,0.0,393.025,0.0,0.0,0.0
2022-08-19 23:00:00,0.0,736.25,0.0,0.0,368.125,0.0,0.0,0.0
2022-08-20 00:00:00,0.0,742.25,0.0,0.0,371.125,0.0,0.0,0.0
2022-08-20 01:00:00,0.0,732.21,0.0,0.0,366.105,0.0,0.0,0.0
2022-08-20 02:00:00,0.0,741.31,0.0,0.0,370.655,0.0,0.0,0.0
2022-08-20 03:00:00,0.0,762.13,0.0,0.0,381.065,0.0,0.0,0.0
2022-08-20 04:00:00,0.0,852.69,0.0,0.0,426.345,0.0,0.0,0.0
2022-08-20 05:00:00,0.0,952.7858,0.0,0.0,476.3929,0.0,0.0,36.3321
2022-08-20 06:00:00,0.0,1111.3636,0.0,0.0,555.6818,0.0,0.0,45.1432
2022-08-20 07:00:00,0.0,330.8694,0.0,0.0,165.4347,0.0,0.0,350.4803
2022-08-20 08:00:00,0.0,0.0,0.0,0.0,0.0,0.0,0.0,511.41610000000003
2022-08-20 09:00:00,0.0,0.0,0.0,0.0,0.0,0.0,0.0,626.4276
2022-08-20 10:00:00,0.0,0.0,0.0,0.0,0.0,0.0,0.0,695.617
2022-08-20 11:00:00,0.0,0.0,0.0,0.0,0.0,0.0,0.0,729.781
2022-08-20 12:00:00,0.0,0.0,0.0,0.0,0.0,0.0,0.0,673.4541999999999
2022-08-20 13:00:00,0.0,0.0,0.0,0.0,0.0,0.0,0.0,619.2079
2022-08-20 14:00:00,0.0,0.0,0.0,0.0,0.0,0.0,0.0,497.00589999999994
2022-08-20 15:00:00,0.0,150.0514,0.0,0.0,75.0257,0.0,0.0,328.7993
2022-08-20 16:00:00,0.0,578.7102,0.0,0.0,289.3551,0.0,0.0,158.8699
2022-08-20 17:00:00,0.0,893.9948,0.0,0.0,446.9974,0.0,0.0,27.827599999999997
2022-08-20 18:00:00,0.0,1316.29,0.0,0.0,658.145,0.0,0.0,0.0
2022-08-20 19:00:00,0.0,979.05,0.0,0.0,489.525,0.0,0.0,0.0
2022-08-20 20:00:00,0.0,931.85,0.0,0.0,465.925,0.0,0.0,0.0
2022-08-20 21:00:00,0.0,919.85,0.0,0.0,459.925,0.0,0.0,0.0
2022-08-20 22:00:00,0.0,891.09,0.0,0.0,445.545,0.0,0.0,0.0
2022-08-20 23:00:00,0.0,824.37,0.0,0.0,412.185,0.0,0.0,0.0
2022-08-21 00:00:00,0.0,831.73,0.0,0.0,415.865,0.0,0.0,0.0
2022-08-21 01:00:00,0.0,832.49,0.0,0.0,416.245,0.0,0.0,0.0
2022-08-21 02:00:00,0.0,856.81,0.0,0.0,428.405,0.0,0.0,0.0
2022-08-21 03:00:00,0.0,884.03,0.0,0.0,442.015,0.0,0.0,0.0
2022-08-21 04:00:00,0.0,985.19,0.0,0.0,492.595,0.0,0.0,0.0
2022-08-21 05:00:00,0.0,1125.806,0.0,0.0,562.903,0.0,0.0,36.062
2022-08-21 06:00:00,0.0,876.693,0.0,0.0,438.3465,0.0,0.0,186.4785
2022-08-21 07:00:00,0.0,369.544,0.0,0.0,184.772,0.0,0.0,357.043
2022-08-21 08:00:00,0.0,0.0,0.0,0.0,0.0,0.0,0.0,496.26129999999995
2022-08-21 09:00:00,0.0,0.0,0.0,0.0,0.0,0.0,0.0,637.4725
2022-08-21 10:00:00,0.0,0.0,0.0,0.0,0.0,0.0,0.0,729.6204
2022-08-21 11:00:00,0.0,0.0,0.0,0.0,0.0,0.0,0.0,754.7761999999999
2022-08-21 12:00:00,0.0,0.0,0.0,0.0,0.0,0.0,0.0,710.3702999999999
2022-08-21 13:00:00,0.0,0.0,0.0,0.0,0.0,0.0,0.0,622.1644
2022-08-21 14:00:00,0.0,0.0,0.0,0.0,0.0,0.0,0.0,490.20959999999997
2022-08-21 15:00:00,0.0,173.1848,0.0,0.0,86.5924,0.0,0.0,326.0326
2022-08-21 16:00:00,0.0,546.0678,0.0,0.0,273.0339,0.0,0.0,166.49110000000002
2022-08-21 17:00:00,0.0,899.7468,0.0,0.0,449.8734,0.0,0.0,26.9516
2022-08-21 18:00:00,0.0,1309.49,0.0,0.0,654.745,0.0,0.0,0.0
2022-08-21 19:00:00,0.0,1021.05,0.0,0.0,510.525,0.0,0.0,0.0
2022-08-21 20:00:00,0.0,1031.87,0.0,0.0,515.935,0.0,0.0,0.0
2022-08-21 21:00:00,0.0,1109.43,0.0,0.0,554.715,0.0,0.0,0.0
2022-08-21 22:00:00,0.0,1047.75,0.0,0.0,523.875,0.0,0.0,0.0
2022-08-21 23:00:00,0.0,959.39,0.0,0.0,479.695,0.0,0.0,0.0
2022-08-22 00:00:00,0.0,966.95,0.0,0.0,483.475,0.0,0.0,0.0
2022-08-22 01:00:00,0.0,977.57,0.0,0.0,488.785,0.0,0.0,0.0
2022-08-22 02:00:00,0.0,1012.89,0.0,0.0,506.445,0.0,0.0,0.0
2022-08-22 03:00:00,0.0,1004.07,0.0,0.0,502.035,0.0,0.0,0.0
2022-08-22 04:00:00,0.0,1070.37,0.0,0.0,535.185,0.0,0.0,0.0
2022-08-22 05:00:00,0.0,1241.307,0.0,0.0,620.6535,0.0,0.0,35.4415
2022-08-22 06:00:00,0.0,855.9058,0.0,0.0,427.9529,0.0,0.0,185.9821
2022-08-22 07:00:00,0.0,360.1142,0.0,0.0,180.0571,0.0,0.0,352.75789999999995
2022-08-22 08:00:00,0.0,0.0,0.0,0.0,0.0,0.0,0.0,520.0957999999999
2022-08-22 09:00:00,0.0,0.0,0.0,0.0,0.0,0.0,0.0,632.9537999999999
2022-08-22 10:00:00,0.0,0.0,0.0,0.0,0.0,0.0,0.0,712.1661
2022-08-22 11:00:00,0.0,0.0,0.0,0.0,0.0,0.0,0.0,741.7384000000001
2022-08-22 12:00:00,0.0,0.0,0.0,0.0,0.0,0.0,0.0,701.4205
2022-08-22 13:00:00,0.0,0.0,0.0,0.0,0.0,0.0,0.0,572.1959
2022-08-22 14:00:00,0.0,0.0,0.0,0.0,0.0,0.0,0.0,398.98879999999997
2022-08-22 15:00:00,0.0,301.929,0.0,0.0,150.9645,0.0,0.0,254.6605
2022-08-22 16:00:00,0.0,673.503,0.0,0.0,336.7515,0.0,0.0,121.87350000000002
2022-08-22 17:00:00,0.0,895.7478,0.0,0.0,447.8739,0.0,0.0,29.251099999999994
2022-08-22 18:00:00,0.0,1262.29,0.0,0.0,631.145,0.0,0.0,0.0
2022-08-22 19:00:00,0.0,982.65,0.0,0.0,491.325,0.0,0.0,0.0
2022-08-22 20:00:00,0.0,975.25,0.0,0.0,487.625,0.0,0.0,0.0
2022-08-22 21:00:00,0.0,872.85,0.0,0.0,436.425,0.0,0.0,0.0
2022-08-22 22:00:00,0.0,809.25,0.0,0.0,404.625,0.0,0.0,0.0
2022-08-22 23:00:00,0.0,790.99,0.0,0.0,395.495,0.0,0.0,0.0
2022-08-23 00:00:00,0.0,752.37,0.0,0.0,376.185,0.0,0.0,0.0
2022-08-23 01:00:00,0.0,747.21,0.0,0.0,373.605,0.0,0.0,0.0
2022-08-23 02:00:00,0.0,757.85,0.0,0.0,378.925,0.0,0.0,0.0
2022-08-23 03:00:00,0.0,767.77,0.0,0.0,383.885,0.0,0.0,0.0
2022-08-23 04:00:00,0.0,801.31,0.0,0.0,400.655,0.0,0.0,0.0
2022-08-23 05:00:00,0.0,1030.6948,0.0,0.0,515.3474,0.0,0.0,35.1276
2022-08-23 06:00:00,0.0,777.7546,0.0,0.0,388.8773,0.0,0.0,182.8577
2022-08-23 07:00:00,0.0,318.1246,0.0,0.0,159.0623,0.0,0.0,354.0427
2022-08-23 08:00:00,0.0,0.0,0.0,0.0,0.0,0.0,0.0,517.4678
2022-08-23 09:00:00,0.0,0.0,0.0,0.0,0.0,0.0,0.0,640.8597
2022-08-23 10:00:00,0.0,0.0,0.0,0.0,0.0,0.0,0.0,716.6629
2022-08-23 11:00:00,0.0,0.0,0.0,0.0,0.0,0.0,0.0,737.4241
2022-08-23 12:00:00,0.0,0.0,0.0,0.0,0.0,0.0,0.0,709.3921
2022-08-23 13:00:00,0.0,0.0,0.0,0.0,0.0,0.0,0.0,631.1288
2022-08-23 14:00:00,0.0,0.0,0.0,0.0,0.0,0.0,0.0,490.37749999999994
2022-08-23 15:00:00,0.0,128.8968,0.0,0.0,64.4484,0.0,0.0,335.3766
2022-08-23 16:00:00,0.0,569.2404,0.0,0.0,284.6202,0.0,0.0,157.5048
2022-08-23 17:00:00,0.0,850.1466,0.0,0.0,425.0733,0.0,0.0,27.951700000000002
2022-08-23 18:00:00,0.0,1228.69,0.0,0.0,614.345,0.0,0.0,0.0
2022-08-23 19:00:00,0.0,972.45,0.0,0.0,486.225,0.0,0.0,0.0
2022-08-23 20:00:00,0.0,994.27,0.0,0.0,497.135,0.0,0.0,0.0
2022-08-23 21:00:00,0.0,878.25,0.0,0.0,439.125,0.0,0.0,0.0
2022-08-23 22:00:00,0.0,824.35,0.0,0.0,412.175,0.0,0.0,0.0
2022-08-23 23:00:00,0.0,783.65,0.0,0.0,391.825,0.0,0.0,0.0
2022-08-24 00:00:00,0.0,790.93,0.0,0.0,395.465,0.0,0.0,0.0
2022-08-24 01:00:00,0.0,770.09,0.0,0.0,385.045,0.0,0.0,0.0
2022-08-24 02:00:00,0.0,765.61,0.0,0.0,382.805,0.0,0.0,0.0
2022-08-24 03:00:00,0.0,780.45,0.0,0.0,390.225,0.0,0.0,0.0
2022-08-24 04:00:00,0.0,813.41,0.0,0.0,406.705,0.0,0.0,0.0
2022-08-24 05:00:00,0.0,1099.6994,0.0,0.0,549.8497,0.0,0.0,15.045299999999997
2022-08-24 06:00:00,0.0,752.3274,0.0,0.0,376.1637,0.0,0.0,166.3013
2022-08-24 07:00:00,0.0,351.0326,0.0,0.0,175.5163,0.0,0.0,344.69870000000003
2022-08-24 08:00:00,0.0,0.0,0.0,0.0,0.0,0.0,0.0,506.25499999999994
2022-08-24 09:00:00,0.0,0.0,0.0,0.0,0.0,0.0,0.0,634.7276999999999
2022-08-24 10:00:00,0.0,0.0,0.0,0.0,0.0,0.0,0.0,701.4277999999999
2022-08-24 11:00:00,0.0,0.0,0.0,0.0,0.0,0.0,0.0,716.4804
2022-08-24 12:00:00,0.0,0.0,0.0,0.0,0.0,0.0,0.0,680.6885
2022-08-24 13:00:00,0.0,0.0,0.0,0.0,0.0,0.0,0.0,613.2365
2022-08-24 14:00:00,0.0,0.0,0.0,0.0,0.0,0.0,0.0,431.90450000000004
2022-08-24 15:00:00,0.0,258.6208,0.0,0.0,129.3104,0.0,0.0,299.3146
2022-08-24 16:00:00,0.0,579.5394,0.0,0.0,289.7697,0.0,0.0,151.5553
2022-08-24 17:00:00,0.0,939.3564,0.0,0.0,469.6782,0.0,0.0,22.7468
2022-08-24 18:00:00,0.0,1191.29,0.0,0.0,595.645,0.0,0.0,0.0
2022-08-24 19:00:00,0.0,918.65,0.0,0.0,459.325,0.0,0.0,0.0
2022-08-24 20:00:00,0.0,880.45,0.0,0.0,440.225,0.0,0.0,0.0
2022-08-24 21:00:00,0.0,853.65,0.0,0.0,426.825,0.0,0.0,0.0
2022-08-24 22:00:00,0.0,862.25,0.0,0.0,431.125,0.0,0.0,0.0
2022-08-24 23:00:00,0.0,831.65,0.0,0.0,415.825,0.0,0.0,0.0
2022-08-25 00:00:00,0.0,829.45,0.0,0.0,414.725,0.0,0.0,0.0
2022-08-25 01:00:00,0.0,840.45,0.0,0.0,420.225,0.0,0.0,0.0
2022-08-25 02:00:00,0.0,837.85,0.0,0.0,418.925,0.0,0.0,0.0
2022-08-25 03:00:00,0.0,869.25,0.0,0.0,434.625,0.0,0.0,0.0
2022-08-25 04:00:00,0.0,895.25,0.0,0.0,447.625,0.0,0.0,0.0
2022-08-25 05:00:00,0.0,820.233,0.0,0.0,410.1165,0.0,0.0,33.9085
2022-08-25 06:00:00,0.0,604.6318,0.0,0.0,302.3159,0.0,0.0,142.1091
2022-08-25 07:00:00,0.0,427.49,0.0,0.0,213.745,0.0,0.0,305.87
2022-08-25 08:00:00,0.0,26.8762,0.0,0.0,13.4381,0.0,0.0,496.78689999999995
2022-08-25 09:00:00,0.0,0.0,0.0,0.0,0.0,0.0,0.0,638.8449
2022-08-25 10:00:00,0.0,0.0,0.0,0.0,0.0,0.0,0.0,700.9095
2022-08-25 11:00:00,0.0,0.0,0.0,0.0,0.0,0.0,0.0,724.4374
2022-08-25 12:00:00,0.0,0.0,0.0,0.0,0.0,0.0,0.0,710.0564
2022-08-25 13:00:00,0.0,0.0,0.0,0.0,0.0,0.0,0.0,626.6465999999999
2022-08-25 14:00:00,0.0,0.0,0.0,0.0,0.0,0.0,0.0,488.8663999999999
2022-08-25 15:00:00,0.0,224.1576,0.0,0.0,112.0788,0.0,0.0,330.6462
2022-08-25 16:00:00,0.0,577.2106,0.0,0.0,288.6053,0.0,0.0,157.59969999999998
2022-08-25 17:00:00,0.0,893.7048,0.0,0.0,446.8524,0.0,0.0,26.002599999999994
2022-08-25 18:00:00,0.0,1112.19,0.0,0.0,556.095,0.0,0.0,0.0
2022-08-25 19:00:00,0.0,907.21,0.0,0.0,453.605,0.0,0.0,0.0
2022-08-25 20:00:00,0.0,874.65,0.0,0.0,437.325,0.0,0.0,0.0
2022-08-25 21:00:00,0.0,962.09,0.0,0.0,481.045,0.0,0.0,0.0
2022-08-25 22:00:00,0.0,924.15,0.0,0.0,462.075,0.0,0.0,0.0
2022-08-25 23:00:00,0.0,892.97,0.0,0.0,446.485,0.0,0.0,0.0
2022-08-26 00:00:00,0.0,871.77,0.0,0.0,435.885,0.0,0.0,0.0
2022-08-26 01:00:00,0.0,845.01,0.0,0.0,422.505,0.0,0.0,0.0
2022-08-26 02:00:00,0.0,837.31,0.0,0.0,418.655,0.0,0.0,0.0
2022-08-26 03:00:00,0.0,822.99,0.0,0.0,411.495,0.0,0.0,0.0
2022-08-26 04:00:00,0.0,850.45,0.0,0.0,425.225,0.0,0.0,0.0
2022-08-26 05:00:00,0.0,827.258,0.0,0.0,413.629,0.0,0.0,32.996
2022-08-26 06:00:00,0.0,551.1366,0.0,0.0,275.5683,0.0,0.0,172.8567
2022-08-26 07:00:00,0.0,319.9826,0.0,0.0,159.9913,0.0,0.0,353.82370000000003
2022-08-26 08:00:00,0.0,0.0,0.0,0.0,0.0,0.0,0.0,508.3136
2022-08-26 09:00:00,0.0,0.0,0.0,0.0,0.0,0.0,0.0,629.0191
2022-08-26 10:00:00,0.0,0.0,0.0,0.0,0.0,0.0,0.0,707.516
2022-08-26 11:00:00,0.0,0.0,0.0,0.0,0.0,0.0,0.0,735.5772
2022-08-26 12:00:00,0.0,0.0,0.0,0.0,0.0,0.0,0.0,668.7165
2022-08-26 13:00:00,0.0,367.0502,0.0,0.0,183.5251,0.0,0.0,261.7999
2022-08-26 14:00:00,0.0,147.6314,0.0,0.0,73.8157,0.0,0.0,363.10929999999996
2022-08-26 15:00:00,0.0,368.682,0.0,0.0,184.341,0.0,0.0,263.384
2022-08-26 16:00:00,0.0,804.706,0.0,0.0,402.353,0.0,0.0,121.47200000000001
2022-08-26 17:00:00,0.0,996.1442,0.0,0.0,498.0721,0.0,0.0,25.352899999999998
2022-08-26 18:00:00,0.0,1432.69,0.0,0.0,716.345,0.0,0.0,0.0
2022-08-26 19:00:00,0.0,1175.45,0.0,0.0,587.725,0.0,0.0,0.0
2022-08-26 20:00:00,0.0,1076.85,0.0,0.0,538.425,0.0,0.0,0.0
2022-08-26 21:00:00,0.0,1046.65,0.0,0.0,523.325,0.0,0.0,0.0
2022-08-26 22:00:00,0.0,991.65,0.0,0.0,495.825,0.0,0.0,0.0
2022-08-26 23:00:00,0.0,921.65,0.0,0.0,460.825,0.0,0.0,0.0
2022-08-27 00:00:00,0.0,921.85,0.0,0.0,460.925,0.0,0.0,0.0
2022-08-27 01:00:00,0.0,941.85,0.0,0.0,470.925,0.0,0.0,0.0
2022-08-27 02:00:00,0.0,951.25,0.0,0.0,475.625,0.0,0.0,0.0
2022-08-27 03:00:00,0.0,954.65,0.0,0.0,477.325,0.0,0.0,0.0
2022-08-27 04:00:00,0.0,1026.05,0.0,0.0,513.025,0.0,0.0,0.0
2022-08-27 05:00:00,0.0,1282.0974,0.0,0.0,641.0487,0.0,0.0,33.076299999999996
2022-08-27 06:00:00,0.0,936.7838,0.0,0.0,468.3919,0.0,0.0,177.7331
2022-08-27 07:00:00,0.0,409.0456,0.0,0.0,204.5228,0.0,0.0,352.6922
2022-08-27 08:00:00,0.0,0.0,0.0,0.0,0.0,0.0,0.0,509.97799999999995
2022-08-27 09:00:00,0.0,0.0,0.0,0.0,0.0,0.0,0.0,643.3198
2022-08-27 10:00:00,0.0,0.0,0.0,0.0,0.0,0.0,0.0,705.7348
2022-08-27 11:00:00,0.0,0.0,0.0,0.0,0.0,0.0,0.0,706.4282999999999
2022-08-27 12:00:00,0.0,0.0,0.0,0.0,0.0,0.0,0.0,475.0621
2022-08-27 13:00:00,0.0,0.0,0.0,0.0,0.0,0.0,0.0,617.9304000000001
2022-08-27 14:00:00,0.0,0.0,0.0,0.0,0.0,0.0,0.0,468.806
2022-08-27 15:00:00,0.0,188.2024,0.0,0.0,94.1012,0.0,0.0,318.3238
2022-08-27 16:00:00,0.0,641.8992,0.0,0.0,320.9496,0.0,0.0,148.1754
2022-08-27 17:00:00,0.0,935.1576,0.0,0.0,467.5788,0.0,0.0,24.046200000000002
2022-08-27 18:00:00,0.0,1321.49,0.0,0.0,660.745,0.0,0.0,0.0
2022-08-27 19:00:00,0.0,1095.65,0.0,0.0,547.825,0.0,0.0,0.0
2022-08-27 20:00:00,0.0,1165.45,0.0,0.0,582.725,0.0,0.0,0.0
2022-08-27 21:00:00,0.0,1004.85,0.0,0.0,502.425,0.0,0.0,0.0
2022-08-27 22:00:00,0.0,936.45,0.0,0.0,468.225,0.0,0.0,0.0
2022-08-27 23:00:00,0.0,845.25,0.0,0.0,422.625,0.0,0.0,0.0
2022-08-28 00:00:00,0.0,817.45,0.0,0.0,408.725,0.0,0.0,0.0
2022-08-28 01:00:00,0.0,818.85,0.0,0.0,409.425,0.0,0.0,0.0
2022-08-28 02:00:00,0.0,813.45,0.0,0.0,406.725,0.0,0.0,0.0
2022-08-28 03:00:00,0.0,796.85,0.0,0.0,398.425,0.0,0.0,0.0
2022-08-28 04:00:00,0.0,824.05,0.0,0.0,412.025,0.0,0.0,0.0
2022-08-28 05:00:00,0.0,1111.346,0.0,0.0,555.673,0.0,0.0,30.952
2022-08-28 06:00:00,0.0,769.401,0.0,0.0,384.7005,0.0,0.0,172.0245
2022-08-28 07:00:00,0.0,310.3634,0.0,0.0,155.1817,0.0,0.0,340.3333
2022-08-28 08:00:00,0.0,0.0,0.0,0.0,0.0,0.0,0.0,501.0282000000001
2022-08-28 09:00:00,0.0,0.0,0.0,0.0,0.0,0.0,0.0,621.5074000000001
2022-08-28 10:00:00,0.0,298.6542,0.0,0.0,149.3271,0.0,0.0,263.69789999999995
2022-08-28 11:00:00,0.0,0.0,0.0,0.0,0.0,0.0,0.0,730.3358
2022-08-28 12:00:00,0.0,0.0,0.0,0.0,0.0,0.0,0.0,684.8203
2022-08-28 13:00:00,0.0,0.0,0.0,0.0,0.0,0.0,0.0,607.36
2022-08-28 14:00:00,0.0,0.0,0.0,0.0,0.0,0.0,0.0,473.843
2022-08-28 15:00:00,0.0,293.3454,0.0,0.0,146.6727,0.0,0.0,274.8523
2022-08-28 16:00:00,0.0,707.5902,0.0,0.0,353.7951,0.0,0.0,87.3299
2022-08-28 17:00:00,0.0,907.656,0.0,0.0,453.828,0.0,0.0,6.497
2022-08-28 18:00:00,0.0,1288.69,0.0,0.0,644.345,0.0,0.0,0.0
2022-08-28 19:00:00,0.0,1034.25,0.0,0.0,517.125,0.0,0.0,0.0
2022-08-28 20:00:00,0.0,1050.65,0.0,0.0,525.325,0.0,0.0,0.0
2022-08-28 21:00:00,0.0,965.05,0.0,0.0,482.525,0.0,0.0,0.0
2022-08-28 22:00:00,0.0,852.45,0.0,0.0,426.225,0.0,0.0,0.0
2022-08-28 23:00:00,0.0,809.05,0.0,0.0,404.525,0.0,0.0,0.0
2022-08-29 00:00:00,0.0,837.85,0.0,0.0,418.925,0.0,0.0,0.0
2022-08-29 01:00:00,0.0,829.05,0.0,0.0,414.525,0.0,0.0,0.0
2022-08-29 02:00:00,0.0,878.45,0.0,0.0,439.225,0.0,0.0,0.0
2022-08-29 03:00:00,0.0,873.25,0.0,0.0,436.625,0.0,0.0,0.0
2022-08-29 04:00:00,0.0,858.65,0.0,0.0,429.325,0.0,0.0,0.0
2022-08-29 05:00:00,0.0,1147.1488,0.0,0.0,573.5744,0.0,0.0,31.550600000000003
2022-08-29 06:00:00,0.0,820.1572,0.0,0.0,410.0786,0.0,0.0,179.3464
2022-08-29 07:00:00,0.0,286.8402,0.0,0.0,143.4201,0.0,0.0,357.7949
2022-08-29 08:00:00,0.0,0.0,0.0,0.0,0.0,0.0,0.0,522.7384
2022-08-29 09:00:00,0.0,0.0,0.0,0.0,0.0,0.0,0.0,640.2538
2022-08-29 10:00:00,0.0,0.0,0.0,0.0,0.0,0.0,0.0,723.5176
2022-08-29 11:00:00,0.0,0.0,0.0,0.0,0.0,0.0,0.0,746.9798
2022-08-29 12:00:00,0.0,0.0,0.0,0.0,0.0,0.0,0.0,708.1
2022-08-29 13:00:00,0.0,0.0,0.0,0.0,0.0,0.0,0.0,620.0985
2022-08-29 14:00:00,0.0,0.0,0.0,0.0,0.0,0.0,0.0,480.86560000000003
2022-08-29 15:00:00,0.0,203.762,0.0,0.0,101.881,0.0,0.0,323.244
2022-08-29 16:00:00,0.0,570.6286,0.0,0.0,285.3143,0.0,0.0,150.81069999999997
2022-08-29 17:00:00,0.0,887.1552,0.0,0.0,443.5776,0.0,0.0,21.4474
2022-08-29 18:00:00,0.0,1309.89,0.0,0.0,654.945,0.0,0.0,0.0
2022-08-29 19:00:00,0.0,1013.85,0.0,0.0,506.925,0.0,0.0,0.0
2022-08-29 20:00:00,0.0,1001.85,0.0,0.0,500.925,0.0,0.0,0.0
2022-08-29 21:00:00,0.0,985.41,0.0,0.0,492.705,0.0,0.0,0.0
2022-08-29 22:00:00,0.0,918.37,0.0,0.0,459.185,0.0,0.0,0.0
2022-08-29 23:00:00,0.0,849.83,0.0,0.0,424.915,0.0,0.0,0.0
2022-08-30 00:00:00,0.0,842.91,0.0,0.0,421.455,0.0,0.0,0.0
2022-08-30 01:00:00,0.0,870.41,0.0,0.0,435.205,0.0,0.0,0.0
2022-08-30 02:00:00,0.0,872.19,0.0,0.0,436.095,0.0,0.0,0.0
2022-08-30 03:00:00,0.0,866.91,0.0,0.0,433.455,0.0,0.0,0.0
2022-08-30 04:00:00,0.0,905.29,0.0,0.0,452.645,0.0,0.0,0.0
2022-08-30 05:00:00,0.0,1113.1592,0.0,0.0,556.5796,0.0,0.0,31.375399999999996
2022-08-30 06:00:00,0.0,794.57,0.0,0.0,397.285,0.0,0.0,185.42
2022-08-30 07:00:00,0.0,327.6328,0.0,0.0,163.8164,0.0,0.0,358.29859999999996
2022-08-30 08:00:00,0.0,0.0,0.0,0.0,0.0,0.0,0.0,529.6734
2022-08-30 09:00:00,0.0,0.0,0.0,0.0,0.0,0.0,0.0,655.5545999999999
2022-08-30 10:00:00,0.0,0.0,0.0,0.0,0.0,0.0,0.0,736.1685
2022-08-30 11:00:00,0.0,0.0,0.0,0.0,0.0,0.0,0.0,764.091
2022-08-30 12:00:00,0.0,0.0,0.0,0.0,0.0,0.0,0.0,724.1307999999999
2022-08-30 13:00:00,0.0,0.0,0.0,0.0,0.0,0.0,0.0,626.8947999999999
2022-08-30 14:00:00,0.0,0.0,0.0,0.0,0.0,0.0,0.0,491.6258
2022-08-30 15:00:00,0.0,194.851,0.0,0.0,97.4255,0.0,0.0,323.4995
2022-08-30 16:00:00,0.0,613.4508,0.0,0.0,306.7254,0.0,0.0,149.2996
2022-08-30 17:00:00,0.0,926.554,0.0,0.0,463.277,0.0,0.0,20.148
2022-08-30 18:00:00,0.0,1294.49,0.0,0.0,647.245,0.0,0.0,0.0
2022-08-30 19:00:00,0.0,948.65,0.0,0.0,474.325,0.0,0.0,0.0
2022-08-30 20:00:00,0.0,961.51,0.0,0.0,480.755,0.0,0.0,0.0
2022-08-30 21:00:00,0.0,986.15,0.0,0.0,493.075,0.0,0.0,0.0
2022-08-30 22:00:00,0.0,851.71,0.0,0.0,425.855,0.0,0.0,0.0
2022-08-30 23:00:00,0.0,802.75,0.0,0.0,401.375,0.0,0.0,0.0
2022-08-31 00:00:00,0.0,783.33,0.0,0.0,391.665,0.0,0.0,0.0
2022-08-31 01:00:00,0.0,779.91,0.0,0.0,389.955,0.0,0.0,0.0
2022-08-31 02:00:00,0.0,784.25,0.0,0.0,392.125,0.0,0.0,0.0
2022-08-31 03:00:00,0.0,783.73,0.0,0.0,391.865,0.0,0.0,0.0
2022-08-31 04:00:00,0.0,826.59,0.0,0.0,413.295,0.0,0.0,0.0
2022-08-31 05:00:00,0.0,1055.958,0.0,0.0,527.979,0.0,0.0,30.076
2022-08-31 06:00:00,0.0,804.7816,0.0,0.0,402.3908,0.0,0.0,173.40419999999997
2022-08-31 07:00:00,0.0,376.5572,0.0,0.0,188.2786,0.0,0.0,349.4364
2022-08-31 08:00:00,0.0,0.0,0.0,0.0,0.0,0.0,0.0,508.16759999999994
2022-08-31 09:00:00,0.0,0.0,0.0,0.0,0.0,0.0,0.0,559.3041
2022-08-31 10:00:00,0.0,0.0,0.0,0.0,0.0,0.0,0.0,656.0656
2022-08-31 11:00:00,0.0,0.0,0.0,0.0,0.0,0.0,0.0,638.5455999999999
2022-08-31 12:00:00,0.0,0.0,0.0,0.0,0.0,0.0,0.0,690.5508
2022-08-31 13:00:00,0.0,0.0,0.0,0.0,0.0,0.0,0.0,584.6862
2022-08-31 14:00:00,0.0,145.2184,0.0,0.0,72.6092,0.0,0.0,347.81579999999997
2022-08-31 15:00:00,0.0,630.3736,0.0,0.0,315.1868,0.0,0.0,133.83819999999997
2022-08-31 16:00:00,0.0,786.0572,0.0,0.0,393.0286,0.0,0.0,66.1964
2022-08-31 17:00:00,0.0,959.9504,0.0,0.0,479.9752,0.0,0.0,16.2498
2022-08-31 18:00:00,0.0,1220.29,0.0,0.0,610.145,0.0,0.0,0.0
2022-08-31 19:00:00,0.0,931.81,0.0,0.0,465.905,0.0,0.0,0.0
2022-08-31 20:00:00,0.0,891.17,0.0,0.0,445.585,0.0,0.0,0.0
2022-08-31 21:00:00,0.0,881.03,0.0,0.0,440.515,0.0,0.0,0.0
2022-08-31 22:00:00,0.0,857.45,0.0,0.0,428.725,0.0,0.0,0.0
2022-08-31 23:00:00,0.0,803.99,0.0,0.0,401.995,0.0,0.0,0.0
2022-09-01 00:00:00,0.0,778.21,0.0,0.0,389.105,0.0,0.0,0.0
2022-09-01 01:00:00,0.0,773.41,0.0,0.0,386.705,0.0,0.0,0.0
2022-09-01 02:00:00,0.0,843.15,0.0,0.0,421.575,0.0,0.0,0.0
2022-09-01 03:00:00,0.0,832.57,0.0,0.0,416.285,0.0,0.0,0.0
2022-09-01 04:00:00,0.0,851.89,0.0,0.0,425.945,0.0,0.0,0.0
2022-09-01 05:00:00,0.0,791.111,0.0,0.0,395.5555,0.0,0.0,29.309500000000003
2022-09-01 06:00:00,0.0,576.5784,0.0,0.0,288.2892,0.0,0.0,171.8858
2022-09-01 07:00:00,0.0,429.7414,0.0,0.0,214.8707,0.0,0.0,340.8443
2022-09-01 08:00:00,0.0,113.3342,0.0,0.0,56.6671,0.0,0.0,498.7578999999999
2022-09-01 09:00:00,0.0,80.8356,0.0,0.0,40.4178,0.0,0.0,517.3072
2022-09-01 10:00:00,0.0,280.0046,0.0,0.0,140.0023,0.0,0.0,351.1227
2022-09-01 11:00:00,0.0,0.0,0.0,0.0,0.0,0.0,0.0,729.3137999999999
2022-09-01 12:00:00,0.0,0.0,0.0,0.0,0.0,0.0,0.0,703.2892999999999
2022-09-01 13:00:00,0.0,0.0,0.0,0.0,0.0,0.0,0.0,580.2259
2022-09-01 14:00:00,0.0,0.0,0.0,0.0,0.0,0.0,0.0,474.4416
2022-09-01 15:00:00,0.0,288.2456,0.0,0.0,144.1228,0.0,0.0,314.0022
2022-09-01 16:00:00,0.0,694.0236,0.0,0.0,347.0118,0.0,0.0,124.7132
2022-09-01 17:00:00,0.0,923.5516,0.0,0.0,461.7758,0.0,0.0,17.5492
2022-09-01 18:00:00,0.0,1206.29,0.0,0.0,603.145,0.0,0.0,0.0
2022-09-01 19:00:00,0.0,957.65,0.0,0.0,478.825,0.0,0.0,0.0
2022-09-01 20:00:00,0.0,948.67,0.0,0.0,474.335,0.0,0.0,0.0
2022-09-01 21:00:00,0.0,920.27,0.0,0.0,460.135,0.0,0.0,0.0
2022-09-01 22:00:00,0.0,929.05,0.0,0.0,464.525,0.0,0.0,0.0
2022-09-01 23:00:00,0.0,894.85,0.0,0.0,447.425,0.0,0.0,0.0
2022-09-02 00:00:00,0.0,929.37,0.0,0.0,464.685,0.0,0.0,0.0
2022-09-02 01:00:00,0.0,982.81,0.0,0.0,491.405,0.0,0.0,0.0
2022-09-02 02:00:00,0.0,954.75,0.0,0.0,477.375,0.0,0.0,0.0
2022-09-02 03:00:00,0.0,987.05,0.0,0.0,493.525,0.0,0.0,0.0
2022-09-02 04:00:00,0.0,986.91,0.0,0.0,493.455,0.0,0.0,0.0
2022-09-02 05:00:00,0.0,966.8654,0.0,0.0,483.4327,0.0,0.0,26.6523
2022-09-02 06:00:00,0.0,588.3172,0.0,0.0,294.1586,0.0,0.0,182.2664
2022-09-02 07:00:00,0.0,361.8082,0.0,0.0,180.9041,0.0,0.0,359.4009
2022-09-02 08:00:00,0.0,0.0,0.0,0.0,0.0,0.0,0.0,518.9059
2022-09-02 09:00:00,0.0,0.0,0.0,0.0,0.0,0.0,0.0,638.3557999999999
2022-09-02 10:00:00,0.0,0.0,0.0,0.0,0.0,0.0,0.0,724.9337999999999
2022-09-02 11:00:00,0.0,238.6368,0.0,0.0,119.3184,0.0,0.0,468.23659999999995
2022-09-02 12:00:00,0.0,0.0,0.0,0.0,0.0,0.0,0.0,707.4795
2022-09-02 13:00:00,0.0,0.0,0.0,0.0,0.0,0.0,0.0,613.6672
2022-09-02 14:00:00,0.0,0.0,0.0,0.0,0.0,0.0,0.0,456.08209999999997
2022-09-02 15:00:00,0.0,277.0592,0.0,0.0,138.5296,0.0,0.0,318.99539999999996
2022-09-02 16:00:00,0.0,653.6592,0.0,0.0,326.8296,0.0,0.0,143.7954
2022-09-02 17:00:00,0.0,991.9504,0.0,0.0,495.9752,0.0,0.0,16.2498
2022-09-02 18:00:00,0.0,1344.09,0.0,0.0,672.045,0.0,0.0,0.0
2022-09-02 19:00:00,0.0,1036.05,0.0,0.0,518.025,0.0,0.0,0.0
2022-09-02 20:00:00,0.0,1063.45,0.0,0.0,531.725,0.0,0.0,0.0
2022-09-02 21:00:00,0.0,946.05,0.0,0.0,473.025,0.0,0.0,0.0
2022-09-02 22:00:00,0.0,924.65,0.0,0.0,462.325,0.0,0.0,0.0
2022-09-02 23:00:00,0.0,879.85,0.0,0.0,439.925,0.0,0.0,0.0
2022-09-03 00:00:00,0.0,847.85,0.0,0.0,423.925,0.0,0.0,0.0
2022-09-03 01:00:00,0.0,869.23,0.0,0.0,434.615,0.0,0.0,0.0
2022-09-03 02:00:00,0.0,897.51,0.0,0.0,448.755,0.0,0.0,0.0
2022-09-03 03:00:00,0.0,910.95,0.0,0.0,455.475,0.0,0.0,0.0
2022-09-03 04:00:00,0.0,986.19,0.0,0.0,493.095,0.0,0.0,0.0
2022-09-03 05:00:00,0.0,1282.1062,0.0,0.0,641.0531,0.0,0.0,23.381899999999998
2022-09-03 06:00:00,0.0,1042.8092,0.0,0.0,521.4046,0.0,0.0,166.0604
2022-09-03 07:00:00,0.0,405.3742,0.0,0.0,202.6871,0.0,0.0,332.31789999999995
2022-09-03 08:00:00,0.0,0.0,0.0,0.0,0.0,0.0,0.0,447.30019999999996
2022-09-03 09:00:00,0.0,0.0,0.0,0.0,0.0,0.0,0.0,561.6692999999999
2022-09-03 10:00:00,0.0,0.0,0.0,0.0,0.0,0.0,0.0,402.11320000000006
2022-09-03 11:00:00,0.0,90.317,0.0,0.0,45.1585,0.0,0.0,432.1965
2022-09-03 12:00:00,0.0,0.0,0.0,0.0,0.0,0.0,0.0,466.1123
2022-09-03 13:00:00,0.0,0.0,0.0,0.0,0.0,0.0,0.0,572.1521
2022-09-03 14:00:00,0.0,0.0,0.0,0.0,0.0,0.0,0.0,460.5132
2022-09-03 15:00:00,0.0,364.0222,0.0,0.0,182.0111,0.0,0.0,233.91389999999998
2022-09-03 16:00:00,0.0,648.6076,0.0,0.0,324.3038,0.0,0.0,131.72119999999998
2022-09-03 17:00:00,0.0,891.348,0.0,0.0,445.674,0.0,0.0,13.650999999999998
2022-09-03 18:00:00,0.0,1325.43,0.0,0.0,662.715,0.0,0.0,0.0
2022-09-03 19:00:00,0.0,1043.53,0.0,0.0,521.765,0.0,0.0,0.0
2022-09-03 20:00:00,0.0,1022.85,0.0,0.0,511.425,0.0,0.0,0.0
2022-09-03 21:00:00,0.0,978.99,0.0,0.0,489.495,0.0,0.0,0.0
2022-09-03 22:00:00,0.0,944.43,0.0,0.0,472.215,0.0,0.0,0.0
2022-09-03 23:00:00,0.0,903.75,0.0,0.0,451.875,0.0,0.0,0.0
2022-09-04 00:00:00,0.0,918.63,0.0,0.0,459.315,0.0,0.0,0.0
2022-09-04 01:00:00,0.0,934.47,0.0,0.0,467.235,0.0,0.0,0.0
2022-09-04 02:00:00,0.0,935.07,0.0,0.0,467.535,0.0,0.0,0.0
2022-09-04 03:00:00,0.0,962.83,0.0,0.0,481.415,0.0,0.0,0.0
2022-09-04 04:00:00,0.0,992.55,0.0,0.0,496.275,0.0,0.0,0.0
2022-09-04 05:00:00,0.0,1262.9948,0.0,0.0,631.4974,0.0,0.0,9.5776
2022-09-04 06:00:00,0.0,985.7702,0.0,0.0,492.8851,0.0,0.0,157.4099
2022-09-04 07:00:00,0.0,388.483,0.0,0.0,194.2415,0.0,0.0,338.6835
2022-09-04 08:00:00,0.0,0.0,0.0,0.0,0.0,0.0,0.0,503.32039999999995
2022-09-04 09:00:00,0.0,0.0,0.0,0.0,0.0,0.0,0.0,622.8286999999999
2022-09-04 10:00:00,0.0,0.0,0.0,0.0,0.0,0.0,0.0,694.157
2022-09-04 11:00:00,0.0,0.0,0.0,0.0,0.0,0.0,0.0,738.3366
2022-09-04 12:00:00,0.0,0.0,0.0,0.0,0.0,0.0,0.0,698.1646999999999
2022-09-04 13:00:00,0.0,0.0,0.0,0.0,0.0,0.0,0.0,600.571
2022-09-04 14:00:00,0.0,0.0,0.0,0.0,0.0,0.0,0.0,461.287
2022-09-04 15:00:00,0.0,556.3628,0.0,0.0,278.1814,0.0,0.0,129.4436
2022-09-04 16:00:00,0.0,751.7082,0.0,0.0,375.8541,0.0,0.0,88.5709
2022-09-04 17:00:00,0.0,1009.7074,0.0,0.0,504.8537,0.0,0.0,13.001299999999997
2022-09-04 18:00:00,0.0,1297.11,0.0,0.0,648.555,0.0,0.0,0.0
2022-09-04 19:00:00,0.0,1050.89,0.0,0.0,525.445,0.0,0.0,0.0
2022-09-04 20:00:00,0.0,1037.17,0.0,0.0,518.585,0.0,0.0,0.0
2022-09-04 21:00:00,0.0,977.31,0.0,0.0,488.655,0.0,0.0,0.0
2022-09-04 22:00:00,0.0,953.29,0.0,0.0,476.645,0.0,0.0,0.0
2022-09-04 23:00:00,0.0,909.47,0.0,0.0,454.735,0.0,0.0,0.0
2022-09-05 00:00:00,0.0,907.11,0.0,0.0,453.555,0.0,0.0,0.0
2022-09-05 01:00:00,0.0,916.77,0.0,0.0,458.385,0.0,0.0,0.0
2022-09-05 02:00:00,0.0,955.65,0.0,0.0,477.825,0.0,0.0,0.0
2022-09-05 03:00:00,0.0,962.17,0.0,0.0,481.085,0.0,0.0,0.0
2022-09-05 04:00:00,0.0,1038.65,0.0,0.0,519.325,0.0,0.0,0.0
2022-09-05 05:00:00,0.0,1288.6276,0.0,0.0,644.3138,0.0,0.0,23.681199999999997
2022-09-05 06:00:00,0.0,997.9428,0.0,0.0,498.9714,0.0,0.0,166.6736
2022-09-05 07:00:00,0.0,468.141,0.0,0.0,234.0705,0.0,0.0,345.7645
2022-09-05 08:00:00,0.0,0.0,0.0,0.0,0.0,0.0,0.0,510.62039999999996
2022-09-05 09:00:00,0.0,0.0,0.0,0.0,0.0,0.0,0.0,639.918
2022-09-05 10:00:00,0.0,0.0,0.0,0.0,0.0,0.0,0.0,717.3929
2022-09-05 11:00:00,0.0,0.0,0.0,0.0,0.0,0.0,0.0,742.9648
2022-09-05 12:00:00,0.0,0.0,0.0,0.0,0.0,0.0,0.0,694.1351
2022-09-05 13:00:00,0.0,0.0,0.0,0.0,0.0,0.0,0.0,603.9581999999999
2022-09-05 14:00:00,0.0,0.0,0.0,0.0,0.0,0.0,0.0,460.68839999999994
2022-09-05 15:00:00,0.0,259.8718,0.0,0.0,129.9359,0.0,0.0,292.48909999999995
2022-09-05 16:00:00,0.0,705.6642,0.0,0.0,352.8321,0.0,0.0,126.0929
2022-09-05 17:00:00,0.0,961.4462,0.0,0.0,480.7231,0.0,0.0,11.701900000000002
2022-09-05 18:00:00,0.0,1234.09,0.0,0.0,617.045,0.0,0.0,0.0
2022-09-05 19:00:00,0.0,1030.61,0.0,0.0,515.305,0.0,0.0,0.0
2022-09-05 20:00:00,0.0,1029.09,0.0,0.0,514.545,0.0,0.0,0.0
2022-09-05 21:00:00,0.0,955.57,0.0,0.0,477.785,0.0,0.0,0.0
2022-09-05 22:00:00,0.0,897.25,0.0,0.0,448.625,0.0,0.0,0.0
2022-09-05 23:00:00,0.0,826.95,0.0,0.0,413.475,0.0,0.0,0.0
2022-09-06 00:00:00,0.0,823.63,0.0,0.0,411.815,0.0,0.0,0.0
2022-09-06 01:00:00,0.0,812.77,0.0,0.0,406.385,0.0,0.0,0.0
2022-09-06 02:00:00,0.0,814.89,0.0,0.0,407.445,0.0,0.0,0.0
2022-09-06 03:00:00,0.0,857.83,0.0,0.0,428.915,0.0,0.0,0.0
2022-09-06 04:00:00,0.0,942.89,0.0,0.0,471.445,0.0,0.0,0.0
2022-09-06 05:00:00,0.0,1200.3192,0.0,0.0,600.1596,0.0,0.0,21.155399999999997
2022-09-06 06:00:00,0.0,1019.4096,0.0,0.0,509.7048,0.0,0.0,117.3402
2022-09-06 07:00:00,0.0,1122.63,0.0,0.0,561.315,0.0,0.0,0.0
2022-09-06 08:00:00,0.0,0.0,0.0,0.0,0.0,0.0,0.0,494.9327
2022-09-06 09:00:00,0.0,0.0,0.0,0.0,0.0,0.0,0.0,616.7697
2022-09-06 10:00:00,0.0,0.0,0.0,0.0,0.0,0.0,0.0,696.5002999999999
2022-09-06 11:00:00,0.0,0.0,0.0,0.0,0.0,0.0,0.0,712.3996999999999
2022-09-06 12:00:00,0.0,0.0,0.0,0.0,0.0,0.0,0.0,690.0544
2022-09-06 13:00:00,0.0,0.0,0.0,0.0,0.0,0.0,0.0,596.0231
2022-09-06 14:00:00,0.0,0.0,0.0,0.0,0.0,0.0,0.0,426.19589999999994
2022-09-06 15:00:00,0.0,271.0468,0.0,0.0,135.5234,0.0,0.0,286.10159999999996
2022-09-06 16:00:00,0.0,672.2914,0.0,0.0,336.1457,0.0,0.0,114.17930000000001
2022-09-06 17:00:00,0.0,956.1444,0.0,0.0,478.0722,0.0,0.0,9.752799999999999
2022-09-06 18:00:00,0.0,1292.69,0.0,0.0,646.345,0.0,0.0,0.0
2022-09-06 19:00:00,0.0,980.59,0.0,0.0,490.295,0.0,0.0,0.0
2022-09-06 20:00:00,0.0,1078.13,0.0,0.0,539.065,0.0,0.0,0.0
2022-09-06 21:00:00,0.0,1008.53,0.0,0.0,504.265,0.0,0.0,0.0
2022-09-06 22:00:00,0.0,956.25,0.0,0.0,478.125,0.0,0.0,0.0
2022-09-06 23:00:00,0.0,869.63,0.0,0.0,434.815,0.0,0.0,0.0
2022-09-07 00:00:00,0.0,850.25,0.0,0.0,425.125,0.0,0.0,0.0
2022-09-07 01:00:00,0.0,844.83,0.0,0.0,422.415,0.0,0.0,0.0
2022-09-07 02:00:00,0.0,855.63,0.0,0.0,427.815,0.0,0.0,0.0
2022-09-07 03:00:00,0.0,870.79,0.0,0.0,435.395,0.0,0.0,0.0
2022-09-07 04:00:00,0.0,935.61,0.0,0.0,467.805,0.0,0.0,0.0
2022-09-07 05:00:00,0.0,1236.8108,0.0,0.0,618.4054,0.0,0.0,21.549599999999998
2022-09-07 06:00:00,0.0,910.547,0.0,0.0,455.2735,0.0,0.0,142.0215
2022-09-07 07:00:00,0.0,454.6204,0.0,0.0,227.3102,0.0,0.0,325.40479999999997
2022-09-07 08:00:00,0.0,0.0,0.0,0.0,0.0,0.0,0.0,488.80799999999994
2022-09-07 09:00:00,0.0,0.0,0.0,0.0,0.0,0.0,0.0,608.9076
2022-09-07 10:00:00,0.0,0.0,0.0,0.0,0.0,0.0,0.0,687.7622
2022-09-07 11:00:00,0.0,0.0,0.0,0.0,0.0,0.0,0.0,707.8883
2022-09-07 12:00:00,0.0,0.0,0.0,0.0,0.0,0.0,0.0,667.585
2022-09-07 13:00:00,0.0,0.0,0.0,0.0,0.0,0.0,0.0,583.5692999999999
2022-09-07 14:00:00,0.0,0.0,0.0,0.0,0.0,0.0,0.0,442.8910000000001
2022-09-07 15:00:00,0.0,313.3438,0.0,0.0,156.6719,0.0,0.0,282.8531
2022-09-07 16:00:00,0.0,652.8942,0.0,0.0,326.4471,0.0,0.0,114.77789999999999
2022-09-07 17:00:00,0.0,954.1432,0.0,0.0,477.0716,0.0,0.0,8.4534
2022-09-07 18:00:00,0.0,1238.09,0.0,0.0,619.045,0.0,0.0,0.0
2022-09-07 19:00:00,0.0,903.45,0.0,0.0,451.725,0.0,0.0,0.0
2022-09-07 20:00:00,0.0,886.65,0.0,0.0,443.325,0.0,0.0,0.0
2022-09-07 21:00:00,0.0,881.65,0.0,0.0,440.825,0.0,0.0,0.0
2022-09-07 22:00:00,0.0,831.05,0.0,0.0,415.525,0.0,0.0,0.0
2022-09-07 23:00:00,0.0,787.05,0.0,0.0,393.525,0.0,0.0,0.0
2022-09-08 00:00:00,0.0,777.65,0.0,0.0,388.825,0.0,0.0,0.0
2022-09-08 01:00:00,0.0,766.05,0.0,0.0,383.025,0.0,0.0,0.0
2022-09-08 02:00:00,0.0,773.65,0.0,0.0,386.825,0.0,0.0,0.0
2022-09-08 03:00:00,0.0,789.25,0.0,0.0,394.625,0.0,0.0,0.0
2022-09-08 04:00:00,0.0,852.25,0.0,0.0,426.125,0.0,0.0,0.0
2022-09-08 05:00:00,0.0,791.6324,0.0,0.0,395.8162,0.0,0.0,22.308799999999998
2022-09-08 06:00:00,0.0,547.3672,0.0,0.0,273.6836,0.0,0.0,165.8414
2022-09-08 07:00:00,0.0,385.9612,0.0,0.0,192.9806,0.0,0.0,344.03439999999995
2022-09-08 08:00:00,0.0,0.0,0.0,0.0,0.0,0.0,0.0,512.5695
2022-09-08 09:00:00,0.0,0.0,0.0,0.0,0.0,0.0,0.0,626.7561
2022-09-08 10:00:00,0.0,0.0,0.0,0.0,0.0,0.0,0.0,706.6254
2022-09-08 11:00:00,0.0,0.0,0.0,0.0,0.0,0.0,0.0,726.6858
2022-09-08 12:00:00,0.0,0.0,0.0,0.0,0.0,0.0,0.0,685.3751
2022-09-08 13:00:00,0.0,0.0,0.0,0.0,0.0,0.0,0.0,578.9703
2022-09-08 14:00:00,0.0,0.0,0.0,0.0,0.0,0.0,0.0,445.13939999999997
2022-09-08 15:00:00,0.0,448.8164,0.0,0.0,224.4082,0.0,0.0,277.5168
2022-09-08 16:00:00,0.0,739.2358,0.0,0.0,369.6179,0.0,0.0,114.80709999999999
2022-09-08 17:00:00,0.0,927.9554,0.0,0.0,463.9777,0.0,0.0,5.847300000000001
2022-09-08 18:00:00,0.0,1201.89,0.0,0.0,600.945,0.0,0.0,0.0
2022-09-08 19:00:00,0.0,916.65,0.0,0.0,458.325,0.0,0.0,0.0
2022-09-08 20:00:00,0.0,911.85,0.0,0.0,455.925,0.0,0.0,0.0
2022-09-08 21:00:00,0.0,948.65,0.0,0.0,474.325,0.0,0.0,0.0
2022-09-08 22:00:00,0.0,940.05,0.0,0.0,470.025,0.0,0.0,0.0
2022-09-08 23:00:00,0.0,935.25,0.0,0.0,467.625,0.0,0.0,0.0
2022-09-09 00:00:00,0.0,937.25,0.0,0.0,468.625,0.0,0.0,0.0
2022-09-09 01:00:00,0.0,937.25,0.0,0.0,468.625,0.0,0.0,0.0
2022-09-09 02:00:00,0.0,926.25,0.0,0.0,463.125,0.0,0.0,0.0
2022-09-09 03:00:00,0.0,965.05,0.0,0.0,482.525,0.0,0.0,0.0
2022-09-09 04:00:00,0.0,981.65,0.0,0.0,490.825,0.0,0.0,0.0
2022-09-09 05:00:00,0.0,916.366,0.0,0.0,458.183,0.0,0.0,18.542
2022-09-09 06:00:00,0.0,658.674,0.0,0.0,329.337,0.0,0.0,142.788
2022-09-09 07:00:00,0.0,550.739,0.0,0.0,275.3695,0.0,0.0,279.8455
2022-09-09 08:00:00,0.0,103.8624,0.0,0.0,51.9312,0.0,0.0,478.1938
2022-09-09 09:00:00,0.0,0.0,0.0,0.0,0.0,0.0,0.0,591.7891
2022-09-09 10:00:00,0.0,0.0,0.0,0.0,0.0,0.0,0.0,677.5640999999999
2022-09-09 11:00:00,0.0,0.0,0.0,0.0,0.0,0.0,0.0,706.3771999999999
2022-09-09 12:00:00,0.0,0.0,0.0,0.0,0.0,0.0,0.0,655.6349
2022-09-09 13:00:00,0.0,0.0,0.0,0.0,0.0,0.0,0.0,580.1675
2022-09-09 14:00:00,0.0,0.0,0.0,0.0,0.0,0.0,0.0,439.1825999999999
2022-09-09 15:00:00,0.0,395.8704,0.0,0.0,197.9352,0.0,0.0,262.9898
2022-09-09 16:00:00,0.0,793.835,0.0,0.0,396.9175,0.0,0.0,75.0075
2022-09-09 17:00:00,0.0,1087.2536,0.0,0.0,543.6268,0.0,0.0,3.8981999999999997
2022-09-09 18:00:00,0.0,1327.69,0.0,0.0,663.845,0.0,0.0,0.0
2022-09-09 19:00:00,0.0,1006.05,0.0,0.0,503.025,0.0,0.0,0.0
2022-09-09 20:00:00,0.0,964.65,0.0,0.0,482.325,0.0,0.0,0.0
2022-09-09 21:00:00,0.0,983.65,0.0,0.0,491.825,0.0,0.0,0.0
2022-09-09 22:00:00,0.0,875.05,0.0,0.0,437.525,0.0,0.0,0.0
2022-09-09 23:00:00,0.0,843.25,0.0,0.0,421.625,0.0,0.0,0.0
2022-09-10 00:00:00,0.0,834.65,0.0,0.0,417.325,0.0,0.0,0.0
2022-09-10 01:00:00,0.0,825.45,0.0,0.0,412.725,0.0,0.0,0.0
2022-09-10 02:00:00,0.0,827.45,0.0,0.0,413.725,0.0,0.0,0.0
2022-09-10 03:00:00,0.0,827.65,0.0,0.0,413.825,0.0,0.0,0.0
2022-09-10 04:00:00,0.0,898.21,0.0,0.0,449.105,0.0,0.0,0.0
2022-09-10 05:00:00,0.0,1213.6372,0.0,0.0,606.8186,0.0,0.0,20.2064
2022-09-10 06:00:00,0.0,866.8414,0.0,0.0,433.4207,0.0,0.0,174.40429999999998
2022-09-10 07:00:00,0.0,286.251,0.0,0.0,143.1255,0.0,0.0,354.8895
2022-09-10 08:00:00,0.0,0.0,0.0,0.0,0.0,0.0,0.0,518.1102
2022-09-10 09:00:00,0.0,0.0,0.0,0.0,0.0,0.0,0.0,640.4727999999999
2022-09-10 10:00:00,0.0,0.0,0.0,0.0,0.0,0.0,0.0,717.3345
2022-09-10 11:00:00,0.0,0.0,0.0,0.0,0.0,0.0,0.0,737.3584000000001
2022-09-10 12:00:00,0.0,0.0,0.0,0.0,0.0,0.0,0.0,630.5812999999999
2022-09-10 13:00:00,0.0,0.0,0.0,0.0,0.0,0.0,0.0,589.6501999999999
2022-09-10 14:00:00,0.0,0.0,0.0,0.0,0.0,0.0,0.0,467.0612999999999
2022-09-10 15:00:00,0.0,238.9644,0.0,0.0,119.4822,0.0,0.0,296.64279999999997
2022-09-10 16:00:00,0.0,701.6968,0.0,0.0,350.8484,0.0,0.0,123.6766
2022-09-10 17:00:00,0.0,1036.6548,0.0,0.0,518.3274,0.0,0.0,5.1975999999999996
2022-09-10 18:00:00,0.0,1227.69,0.0,0.0,613.845,0.0,0.0,0.0
2022-09-10 19:00:00,0.0,1048.65,0.0,0.0,524.325,0.0,0.0,0.0
2022-09-10 20:00:00,0.0,1075.85,0.0,0.0,537.925,0.0,0.0,0.0
2022-09-10 21:00:00,0.0,988.65,0.0,0.0,494.325,0.0,0.0,0.0
2022-09-10 22:00:00,0.0,879.45,0.0,0.0,439.725,0.0,0.0,0.0
2022-09-10 23:00:00,0.0,842.45,0.0,0.0,421.225,0.0,0.0,0.0
2022-09-11 00:00:00,0.0,867.85,0.0,0.0,433.925,0.0,0.0,0.0
2022-09-11 01:00:00,0.0,845.65,0.0,0.0,422.825,0.0,0.0,0.0
2022-09-11 02:00:00,0.0,858.85,0.0,0.0,429.425,0.0,0.0,0.0
2022-09-11 03:00:00,0.0,864.85,0.0,0.0,432.425,0.0,0.0,0.0
2022-09-11 04:00:00,0.0,947.45,0.0,0.0,473.725,0.0,0.0,0.0
2022-09-11 05:00:00,0.0,1197.3056,0.0,0.0,598.6528,0.0,0.0,21.2722
2022-09-11 06:00:00,0.0,912.5596,0.0,0.0,456.2798,0.0,0.0,181.94519999999997
2022-09-11 07:00:00,0.0,341.2156,0.0,0.0,170.6078,0.0,0.0,364.0072
2022-09-11 08:00:00,0.0,0.0,0.0,0.0,0.0,0.0,0.0,526.4467999999999
2022-09-11 09:00:00,0.0,0.0,0.0,0.0,0.0,0.0,0.0,653.8901999999999
2022-09-11 10:00:00,0.0,0.0,0.0,0.0,0.0,0.0,0.0,736.5554000000001
2022-09-11 11:00:00,0.0,0.0,0.0,0.0,0.0,0.0,0.0,760.4482999999999
2022-09-11 12:00:00,0.0,0.0,0.0,0.0,0.0,0.0,0.0,716.0862
2022-09-11 13:00:00,0.0,0.0,0.0,0.0,0.0,0.0,0.0,624.3032999999999
2022-09-11 14:00:00,0.0,0.0,0.0,0.0,0.0,0.0,0.0,472.3392
2022-09-11 15:00:00,0.0,264.587,0.0,0.0,132.2935,0.0,0.0,300.4315
2022-09-11 16:00:00,0.0,721.1138,0.0,0.0,360.5569,0.0,0.0,126.26809999999998
2022-09-11 17:00:00,0.0,1081.153,0.0,0.0,540.5765,0.0,0.0,3.2485
2022-09-11 18:00:00,0.0,1401.69,0.0,0.0,700.845,0.0,0.0,0.0
2022-09-11 19:00:00,0.0,1120.85,0.0,0.0,560.425,0.0,0.0,0.0
2022-09-11 20:00:00,0.0,1031.85,0.0,0.0,515.925,0.0,0.0,0.0
2022-09-11 21:00:00,0.0,1015.85,0.0,0.0,507.925,0.0,0.0,0.0
2022-09-11 22:00:00,0.0,917.85,0.0,0.0,458.925,0.0,0.0,0.0
2022-09-11 23:00:00,0.0,870.05,0.0,0.0,435.025,0.0,0.0,0.0
2022-09-12 00:00:00,0.0,860.45,0.0,0.0,430.225,0.0,0.0,0.0
2022-09-12 01:00:00,0.0,859.45,0.0,0.0,429.725,0.0,0.0,0.0
2022-09-12 02:00:00,0.0,882.65,0.0,0.0,441.325,0.0,0.0,0.0
2022-09-12 03:00:00,0.0,898.65,0.0,0.0,449.325,0.0,0.0,0.0
2022-09-12 04:00:00,0.0,1022.85,0.0,0.0,511.425,0.0,0.0,0.0
2022-09-12 05:00:00,0.0,1243.439,0.0,0.0,621.7195,0.0,0.0,18.5055
2022-09-12 06:00:00,0.0,1023.3488,0.0,0.0,511.6744,0.0,0.0,170.25060000000002
2022-09-12 07:00:00,0.0,457.2838,0.0,0.0,228.6419,0.0,0.0,329.57309999999995
2022-09-12 08:00:00,0.0,0.0,0.0,0.0,0.0,0.0,0.0,528.6952
2022-09-12 09:00:00,0.0,0.0,0.0,0.0,0.0,0.0,0.0,653.2624000000001
2022-09-12 10:00:00,0.0,0.0,0.0,0.0,0.0,0.0,0.0,735.11
2022-09-12 11:00:00,0.0,0.0,0.0,0.0,0.0,0.0,0.0,750.1699
2022-09-12 12:00:00,0.0,0.0,0.0,0.0,0.0,0.0,0.0,710.6257999999999
2022-09-12 13:00:00,0.0,0.0,0.0,0.0,0.0,0.0,0.0,618.821
2022-09-12 14:00:00,0.0,0.0,0.0,0.0,0.0,0.0,0.0,479.0479
2022-09-12 15:00:00,0.0,262.1478,0.0,0.0,131.0739,0.0,0.0,299.3511
2022-09-12 16:00:00,0.0,714.5848,0.0,0.0,357.2924,0.0,0.0,121.6326
2022-09-12 17:00:00,0.0,1036.25,0.0,0.0,518.125,0.0,0.0,0.0
2022-09-12 18:00:00,0.0,1272.49,0.0,0.0,636.245,0.0,0.0,0.0
2022-09-12 19:00:00,0.0,1126.25,0.0,0.0,563.125,0.0,0.0,0.0
2022-09-12 20:00:00,0.0,1064.25,0.0,0.0,532.125,0.0,0.0,0.0
2022-09-12 21:00:00,0.0,1021.25,0.0,0.0,510.625,0.0,0.0,0.0
2022-09-12 22:00:00,0.0,963.25,0.0,0.0,481.625,0.0,0.0,0.0
2022-09-12 23:00:00,0.0,931.25,0.0,0.0,465.625,0.0,0.0,0.0
2022-09-13 00:00:00,0.0,926.85,0.0,0.0,463.425,0.0,0.0,0.0
2022-09-13 01:00:00,0.0,935.33,0.0,0.0,467.665,0.0,0.0,0.0
2022-09-13 02:00:00,0.0,964.03,0.0,0.0,482.015,0.0,0.0,0.0
2022-09-13 03:00:00,0.0,991.65,0.0,0.0,495.825,0.0,0.0,0.0
2022-09-13 04:00:00,0.0,1059.95,0.0,0.0,529.975,0.0,0.0,0.0
2022-09-13 05:00:00,0.0,1378.15,0.0,0.0,689.075,0.0,0.0,19.71
2022-09-13 06:00:00,0.0,1008.3258,0.0,0.0,504.1629,0.0,0.0,182.3321
2022-09-13 07:00:00,0.0,401.565,0.0,0.0,200.7825,0.0,0.0,360.0725
2022-09-13 08:00:00,0.0,0.0,0.0,0.0,0.0,0.0,0.0,527.0454
2022-09-13 09:00:00,0.0,0.0,0.0,0.0,0.0,0.0,0.0,657.8906
2022-09-13 10:00:00,0.0,0.0,0.0,0.0,0.0,0.0,0.0,735.7524000000001
2022-09-13 11:00:00,0.0,0.0,0.0,0.0,0.0,0.0,0.0,758.8715
2022-09-13 12:00:00,0.0,0.0,0.0,0.0,0.0,0.0,0.0,714.3488
2022-09-13 13:00:00,0.0,0.0,0.0,0.0,0.0,0.0,0.0,625.4567
2022-09-13 14:00:00,0.0,0.0,0.0,0.0,0.0,0.0,0.0,480.77070000000003
2022-09-13 15:00:00,0.0,250.2572,0.0,0.0,125.1286,0.0,0.0,299.79639999999995
2022-09-13 16:00:00,0.0,695.9714,0.0,0.0,347.9857,0.0,0.0,122.93930000000002
2022-09-13 17:00:00,0.0,961.45,0.0,0.0,480.725,0.0,0.0,0.0
2022-09-13 18:00:00,0.0,1402.33,0.0,0.0,701.165,0.0,0.0,0.0
2022-09-13 19:00:00,0.0,1209.87,0.0,0.0,604.935,0.0,0.0,0.0
2022-09-13 20:00:00,0.0,1114.37,0.0,0.0,557.185,0.0,0.0,0.0
2022-09-13 21:00:00,0.0,1109.29,0.0,0.0,554.645,0.0,0.0,0.0
2022-09-13 22:00:00,0.0,1034.57,0.0,0.0,517.285,0.0,0.0,0.0
2022-09-13 23:00:00,0.0,991.95,0.0,0.0,495.975,0.0,0.0,0.0
2022-09-14 00:00:00,0.0,1002.29,0.0,0.0,501.145,0.0,0.0,0.0
2022-09-14 01:00:00,0.0,1002.45,0.0,0.0,501.225,0.0,0.0,0.0
2022-09-14 02:00:00,0.0,1031.55,0.0,0.0,515.775,0.0,0.0,0.0
2022-09-14 03:00:00,0.0,1044.15,0.0,0.0,522.075,0.0,0.0,0.0
2022-09-14 04:00:00,0.0,1118.63,0.0,0.0,559.315,0.0,0.0,0.0
2022-09-14 05:00:00,0.0,1325.402,0.0,0.0,662.701,0.0,0.0,18.834
2022-09-14 06:00:00,0.0,1043.968,0.0,0.0,521.984,0.0,0.0,180.821
2022-09-14 07:00:00,0.0,476.9626,0.0,0.0,238.4813,0.0,0.0,363.31370000000004
2022-09-14 08:00:00,0.0,0.0,0.0,0.0,0.0,0.0,0.0,525.5197
2022-09-14 09:00:00,0.0,0.0,0.0,0.0,0.0,0.0,0.0,644.1374000000001
2022-09-14 10:00:00,0.0,0.0,0.0,0.0,0.0,0.0,0.0,729.5109
2022-09-14 11:00:00,0.0,0.0,0.0,0.0,0.0,0.0,0.0,743.6364
2022-09-14 12:00:00,0.0,0.0,0.0,0.0,0.0,0.0,0.0,703.2746999999999
2022-09-14 13:00:00,0.0,0.0,0.0,0.0,0.0,0.0,0.0,611.521
2022-09-14 14:00:00,0.0,0.0,0.0,0.0,0.0,0.0,0.0,462.78350000000006
2022-09-14 15:00:00,0.0,297.4532,0.0,0.0,148.7266,0.0,0.0,283.29839999999996
2022-09-14 16:00:00,0.0,696.711,0.0,0.0,348.3555,0.0,0.0,111.06950000000002
2022-09-14 17:00:00,0.0,1011.05,0.0,0.0,505.525,0.0,0.0,0.0
2022-09-14 18:00:00,0.0,1268.11,0.0,0.0,634.055,0.0,0.0,0.0
2022-09-14 19:00:00,0.0,1005.57,0.0,0.0,502.785,0.0,0.0,0.0
2022-09-14 20:00:00,0.0,955.57,0.0,0.0,477.785,0.0,0.0,0.0
2022-09-14 21:00:00,0.0,954.53,0.0,0.0,477.265,0.0,0.0,0.0
2022-09-14 22:00:00,0.0,924.49,0.0,0.0,462.245,0.0,0.0,0.0
2022-09-14 23:00:00,0.0,888.85,0.0,0.0,444.425,0.0,0.0,0.0
2022-09-15 00:00:00,0.0,859.35,0.0,0.0,429.675,0.0,0.0,0.0
2022-09-15 01:00:00,0.0,868.51,0.0,0.0,434.255,0.0,0.0,0.0
2022-09-15 02:00:00,0.0,906.03,0.0,0.0,453.015,0.0,0.0,0.0
2022-09-15 03:00:00,0.0,952.21,0.0,0.0,476.105,0.0,0.0,0.0
2022-09-15 04:00:00,0.0,925.23,0.0,0.0,462.615,0.0,0.0,0.0
2022-09-15 05:00:00,0.0,935.7558,0.0,0.0,467.8779,0.0,0.0,14.7971
2022-09-15 06:00:00,0.0,743.5318,0.0,0.0,371.7659,0.0,0.0,152.3291
2022-09-15 07:00:00,0.0,566.5954,0.0,0.0,283.2977,0.0,0.0,326.3173
2022-09-15 08:00:00,0.0,185.6464,0.0,0.0,92.8232,0.0,0.0,441.4018
2022-09-15 09:00:00,0.0,0.0,0.0,0.0,0.0,0.0,0.0,611.6232
2022-09-15 10:00:00,0.0,655.8352,0.0,0.0,327.9176,0.0,0.0,220.0074
2022-09-15 11:00:00,0.0,0.0,0.0,0.0,0.0,0.0,0.0,722.2035999999999
2022-09-15 12:00:00,0.0,0.0,0.0,0.0,0.0,0.0,0.0,681.9149
2022-09-15 13:00:00,0.0,0.0,0.0,0.0,0.0,0.0,0.0,584.0876
2022-09-15 14:00:00,0.0,44.9674,0.0,0.0,22.4837,0.0,0.0,449.5413
2022-09-15 15:00:00,0.0,405.214,0.0,0.0,202.607,0.0,0.0,267.618
2022-09-15 16:00:00,0.0,798.3404,0.0,0.0,399.1702,0.0,0.0,102.7548
2022-09-15 17:00:00,0.0,1069.27,0.0,0.0,534.635,0.0,0.0,0.0
2022-09-15 18:00:00,0.0,1384.43,0.0,0.0,692.215,0.0,0.0,0.0
2022-09-15 19:00:00,0.0,1102.45,0.0,0.0,551.225,0.0,0.0,0.0
2022-09-15 20:00:00,0.0,1055.53,0.0,0.0,527.765,0.0,0.0,0.0
2022-09-15 21:00:00,0.0,1125.73,0.0,0.0,562.865,0.0,0.0,0.0
2022-09-15 22:00:00,0.0,1112.23,0.0,0.0,556.115,0.0,0.0,0.0
2022-09-15 23:00:00,0.0,1089.51,0.0,0.0,544.755,0.0,0.0,0.0
2022-09-16 00:00:00,0.0,1069.43,0.0,0.0,534.715,0.0,0.0,0.0
2022-09-16 01:00:00,0.0,1063.33,0.0,0.0,531.665,0.0,0.0,0.0
2022-09-16 02:00:00,0.0,1112.07,0.0,0.0,556.035,0.0,0.0,0.0
2022-09-16 03:00:00,0.0,1149.65,0.0,0.0,574.825,0.0,0.0,0.0
2022-09-16 04:00:00,0.0,1165.03,0.0,0.0,582.515,0.0,0.0,0.0
2022-09-16 05:00:00,0.0,1122.667,0.0,0.0,561.3335,0.0,0.0,14.2715
2022-09-16 06:00:00,0.0,897.1428,0.0,0.0,448.5714,0.0,0.0,157.9136
2022-09-16 07:00:00,0.0,581.6832,0.0,0.0,290.8416,0.0,0.0,337.68339999999995
2022-09-16 08:00:00,0.0,275.325,0.0,0.0,137.6625,0.0,0.0,490.0125
2022-09-16 09:00:00,0.0,0.0,0.0,0.0,0.0,0.0,0.0,614.8352
2022-09-16 10:00:00,0.0,0.0,0.0,0.0,0.0,0.0,0.0,692.8575999999999
2022-09-16 11:00:00,0.0,0.0,0.0,0.0,0.0,0.0,0.0,714.8598
2022-09-16 12:00:00,0.0,0.0,0.0,0.0,0.0,0.0,0.0,551.9603
2022-09-16 13:00:00,0.0,0.0,0.0,0.0,0.0,0.0,0.0,565.4141999999999
2022-09-16 14:00:00,0.0,347.7346,0.0,0.0,173.8673,0.0,0.0,296.7377
2022-09-16 15:00:00,0.0,436.208,0.0,0.0,218.104,0.0,0.0,260.391
2022-09-16 16:00:00,0.0,872.2244,0.0,0.0,436.1122,0.0,0.0,91.5128
2022-09-16 17:00:00,0.0,1163.49,0.0,0.0,581.745,0.0,0.0,0.0
2022-09-16 18:00:00,0.0,1442.12,3.4385714,0.0,721.06,12.035,0.0,0.0
2022-09-16 19:00:00,0.0,1166.27,0.0,0.0,583.135,0.0,0.0,0.0
2022-09-16 20:00:00,0.0,1094.89,0.0,0.0,547.445,0.0,0.0,0.0
2022-09-16 21:00:00,0.0,1123.71,0.0,0.0,561.855,0.0,0.0,0.0
2022-09-16 22:00:00,0.0,992.39,0.0,0.0,496.195,0.0,0.0,0.0
2022-09-16 23:00:00,0.0,983.19,0.0,0.0,491.595,0.0,0.0,0.0
2022-09-17 00:00:00,0.0,959.75,0.0,0.0,479.875,0.0,0.0,0.0
2022-09-17 01:00:00,0.0,963.71,0.0,0.0,481.855,0.0,0.0,0.0
2022-09-17 02:00:00,0.0,957.87,0.0,0.0,478.935,0.0,0.0,0.0
2022-09-17 03:00:00,0.0,968.85,0.0,0.0,484.425,0.0,0.0,0.0
2022-09-17 04:00:00,0.0,1024.15,0.0,0.0,512.075,0.0,0.0,0.0
2022-09-17 05:00:00,0.0,1324.2026,0.0,0.0,662.1013,0.0,0.0,3.4236999999999997
2022-09-17 06:00:00,0.0,1155.4614,0.0,0.0,577.7307,0.0,0.0,63.4443
2022-09-17 07:00:00,0.0,571.7038,0.0,0.0,285.8519,0.0,0.0,300.37309999999997
2022-09-17 08:00:00,0.0,4.9888,0.0,0.0,2.4944,0.0,0.0,481.2306
2022-09-17 09:00:00,0.0,0.0,0.0,0.0,0.0,0.0,0.0,594.8113
2022-09-17 10:00:00,0.0,0.0,0.0,0.0,0.0,0.0,0.0,660.7521999999999
2022-09-17 11:00:00,0.0,0.0,0.0,0.0,0.0,0.0,0.0,744.0744
2022-09-17 12:00:00,0.0,0.0,0.0,0.0,0.0,0.0,0.0,705.6691
2022-09-17 13:00:00,0.0,0.0,0.0,0.0,0.0,0.0,0.0,607.5717
2022-09-17 14:00:00,0.0,0.0,0.0,0.0,0.0,0.0,0.0,457.15520000000004
2022-09-17 15:00:00,0.0,335.6722,0.0,0.0,167.8361,0.0,0.0,271.5089
2022-09-17 16:00:00,0.0,722.3886,0.0,0.0,361.1943,0.0,0.0,100.44069999999999
2022-09-17 17:00:00,0.0,1022.63,0.0,0.0,511.315,0.0,0.0,0.0
2022-09-17 18:00:00,0.0,1441.97,0.0,0.0,720.985,0.0,0.0,0.0
2022-09-17 19:00:00,0.0,1151.89,0.0,0.0,575.945,0.0,0.0,0.0
2022-09-17 20:00:00,0.0,1209.67,0.0,0.0,604.835,0.0,0.0,0.0
2022-09-17 21:00:00,0.0,1153.45,0.0,0.0,576.725,0.0,0.0,0.0
2022-09-17 22:00:00,0.0,1062.63,0.0,0.0,531.315,0.0,0.0,0.0
2022-09-17 23:00:00,0.0,967.99,0.0,0.0,483.995,0.0,0.0,0.0
2022-09-18 00:00:00,0.0,961.63,0.0,0.0,480.815,0.0,0.0,0.0
2022-09-18 01:00:00,0.0,972.47,0.0,0.0,486.235,0.0,0.0,0.0
2022-09-18 02:00:00,0.0,1004.43,0.0,0.0,502.215,0.0,0.0,0.0
2022-09-18 03:00:00,0.0,1015.97,0.0,0.0,507.985,0.0,0.0,0.0
2022-09-18 04:00:00,0.0,1092.99,0.0,0.0,546.495,0.0,0.0,0.0
2022-09-18 05:00:00,0.0,1342.9996,0.0,0.0,671.4998,0.0,0.0,12.585199999999999
2022-09-18 06:00:00,0.0,991.2652,0.0,0.0,495.6326,0.0,0.0,179.4924
2022-09-18 07:00:00,0.0,412.2428,0.0,0.0,206.1214,0.0,0.0,361.5836
2022-09-18 08:00:00,0.0,0.0,0.0,0.0,0.0,0.0,0.0,522.1033
2022-09-18 09:00:00,0.0,0.0,0.0,0.0,0.0,0.0,0.0,665.03
2022-09-18 10:00:00,0.0,0.0,0.0,0.0,0.0,0.0,0.0,741.4682999999999
2022-09-18 11:00:00,0.0,0.0,0.0,0.0,0.0,0.0,0.0,768.8506
2022-09-18 12:00:00,0.0,0.0,0.0,0.0,0.0,0.0,0.0,720.3056
2022-09-18 13:00:00,0.0,0.0,0.0,0.0,0.0,0.0,0.0,620.3394000000001
2022-09-18 14:00:00,0.0,0.0,0.0,0.0,0.0,0.0,0.0,473.87949999999995
2022-09-18 15:00:00,0.0,259.2794,0.0,0.0,129.6397,0.0,0.0,290.2553
2022-09-18 16:00:00,0.0,715.3446,0.0,0.0,357.6723,0.0,0.0,109.49270000000001
2022-09-18 17:00:00,0.0,1030.73,0.0,0.0,515.365,0.0,0.0,0.0
2022-09-18 18:00:00,0.0,1346.81,0.0,0.0,673.405,0.0,0.0,0.0
2022-09-18 19:00:00,0.0,1037.09,0.0,0.0,518.545,0.0,0.0,0.0
2022-09-18 20:00:00,0.0,1077.29,0.0,0.0,538.645,0.0,0.0,0.0
2022-09-18 21:00:00,0.0,981.45,0.0,0.0,490.725,0.0,0.0,0.0
2022-09-18 22:00:00,0.0,974.19,0.0,0.0,487.095,0.0,0.0,0.0
2022-09-18 23:00:00,0.0,832.75,0.0,0.0,416.375,0.0,0.0,0.0
2022-09-19 00:00:00,0.0,838.41,0.0,0.0,419.205,0.0,0.0,0.0
2022-09-19 01:00:00,0.0,865.27,0.0,0.0,432.635,0.0,0.0,0.0
2022-09-19 02:00:00,0.0,891.85,0.0,0.0,445.925,0.0,0.0,0.0
2022-09-19 03:00:00,0.0,872.05,0.0,0.0,436.025,0.0,0.0,0.0
2022-09-19 04:00:00,0.0,925.13,0.0,0.0,462.565,0.0,0.0,0.0
2022-09-19 05:00:00,0.0,1292.3346,0.0,0.0,646.1673,0.0,0.0,12.767700000000001
2022-09-19 06:00:00,0.0,949.733,0.0,0.0,474.8665,0.0,0.0,174.7985
2022-09-19 07:00:00,0.0,356.3058,0.0,0.0,178.1529,0.0,0.0,364.83209999999997
2022-09-19 08:00:00,0.0,0.0,0.0,0.0,0.0,0.0,0.0,529.1842999999999
2022-09-19 09:00:00,0.0,0.0,0.0,0.0,0.0,0.0,0.0,656.0582999999999
2022-09-19 10:00:00,0.0,0.0,0.0,0.0,0.0,0.0,0.0,718.9113
2022-09-19 11:00:00,0.0,0.0,0.0,0.0,0.0,0.0,0.0,710.4214000000001
2022-09-19 12:00:00,0.0,0.0,0.0,0.0,0.0,0.0,0.0,621.7629000000001
2022-09-19 13:00:00,0.0,0.0,0.0,0.0,0.0,0.0,0.0,588.0953
2022-09-19 14:00:00,0.0,0.0,0.0,0.0,0.0,0.0,0.0,446.91330000000005
2022-09-19 15:00:00,0.0,345.4938,0.0,0.0,172.7469,0.0,0.0,261.3181
2022-09-19 16:00:00,0.0,745.7402,0.0,0.0,372.8701,0.0,0.0,93.5349
2022-09-19 17:00:00,0.0,1039.45,0.0,0.0,519.725,0.0,0.0,0.0
2022-09-19 18:00:00,0.0,1321.59,0.0,0.0,660.795,0.0,0.0,0.0
2022-09-19 19:00:00,0.0,1094.37,0.0,0.0,547.185,0.0,0.0,0.0
2022-09-19 20:00:00,0.0,1057.85,0.0,0.0,528.925,0.0,0.0,0.0
2022-09-19 21:00:00,0.0,1011.45,0.0,0.0,505.725,0.0,0.0,0.0
2022-09-19 22:00:00,0.0,881.61,0.0,0.0,440.805,0.0,0.0,0.0
2022-09-19 23:00:00,0.0,833.97,0.0,0.0,416.985,0.0,0.0,0.0
2022-09-20 00:00:00,0.0,813.77,0.0,0.0,406.885,0.0,0.0,0.0
2022-09-20 01:00:00,0.0,826.57,0.0,0.0,413.285,0.0,0.0,0.0
2022-09-20 02:00:00,0.0,826.57,0.0,0.0,413.285,0.0,0.0,0.0
2022-09-20 03:00:00,0.0,832.93,0.0,0.0,416.465,0.0,0.0,0.0
2022-09-20 04:00:00,0.0,883.71,0.0,0.0,441.855,0.0,0.0,0.0
2022-09-20 05:00:00,0.0,1213.3194,0.0,0.0,606.6597,0.0,0.0,11.395299999999999
2022-09-20 06:00:00,0.0,875.758,0.0,0.0,437.879,0.0,0.0,174.616
2022-09-20 07:00:00,0.0,366.9646,0.0,0.0,183.4823,0.0,0.0,362.0727
2022-09-20 08:00:00,0.0,0.0,0.0,0.0,0.0,0.0,0.0,523.9502
2022-09-20 09:00:00,0.0,0.0,0.0,0.0,0.0,0.0,0.0,654.9925
2022-09-20 10:00:00,0.0,0.0,0.0,0.0,0.0,0.0,0.0,729.7882999999999
2022-09-20 11:00:00,0.0,0.0,0.0,0.0,0.0,0.0,0.0,742.0595999999999
2022-09-20 12:00:00,0.0,0.0,0.0,0.0,0.0,0.0,0.0,694.2372999999999
2022-09-20 13:00:00,0.0,0.0,0.0,0.0,0.0,0.0,0.0,596.2420999999999
2022-09-20 14:00:00,0.0,0.0,0.0,0.0,0.0,0.0,0.0,455.84850000000006
2022-09-20 15:00:00,0.0,325.4704,0.0,0.0,162.7352,0.0,0.0,276.1298
2022-09-20 16:00:00,0.0,760.5816,0.0,0.0,380.2908,0.0,0.0,99.6742
2022-09-20 17:00:00,0.0,1018.91,0.0,0.0,509.455,0.0,0.0,0.0
2022-09-20 18:00:00,0.0,1305.53,0.0,0.0,652.765,0.0,0.0,0.0
2022-09-20 19:00:00,0.0,1097.87,0.0,0.0,548.935,0.0,0.0,0.0
2022-09-20 20:00:00,0.0,1156.97,0.0,0.0,578.485,0.0,0.0,0.0
2022-09-20 21:00:00,0.0,1177.93,0.0,0.0,588.965,0.0,0.0,0.0
2022-09-20 22:00:00,0.0,1025.41,0.0,0.0,512.705,0.0,0.0,0.0
2022-09-20 23:00:00,0.0,1024.73,0.0,0.0,512.365,0.0,0.0,0.0
2022-09-21 00:00:00,0.0,1028.95,0.0,0.0,514.475,0.0,0.0,0.0
2022-09-21 01:00:00,0.0,978.87,0.0,0.0,489.435,0.0,0.0,0.0
2022-09-21 02:00:00,0.0,992.01,0.0,0.0,496.005,0.0,0.0,0.0
2022-09-21 03:00:00,0.0,995.41,0.0,0.0,497.705,0.0,0.0,0.0
2022-09-21 04:00:00,0.0,1070.47,0.0,0.0,535.235,0.0,0.0,0.0
2022-09-21 05:00:00,0.0,1246.2846,0.0,0.0,623.1423,0.0,0.0,10.212699999999998
2022-09-21 06:00:00,0.0,1008.3442,0.0,0.0,504.1721,0.0,0.0,174.2729
2022-09-21 07:00:00,0.0,423.876,0.0,0.0,211.938,0.0,0.0,361.277
2022-09-21 08:00:00,0.0,0.0,0.0,0.0,0.0,0.0,0.0,521.1835
2022-09-21 09:00:00,0.0,0.0,0.0,0.0,0.0,0.0,0.0,650.8315
2022-09-21 10:00:00,0.0,0.0,0.0,0.0,0.0,0.0,0.0,575.1816
2022-09-21 11:00:00,0.0,0.0,0.0,0.0,0.0,0.0,0.0,620.3248
2022-09-21 12:00:00,0.0,0.0,0.0,0.0,0.0,0.0,0.0,676.7172999999999
2022-09-21 13:00:00,0.0,0.0,0.0,0.0,0.0,0.0,0.0,547.4124
2022-09-21 14:00:00,0.0,148.2244,0.0,0.0,74.1122,0.0,0.0,360.1528
2022-09-21 15:00:00,0.0,541.7844,0.0,0.0,270.8922,0.0,0.0,213.42279999999997
2022-09-21 16:00:00,0.0,899.897,0.0,0.0,449.9485,0.0,0.0,44.5665
2022-09-21 17:00:00,0.0,1064.51,0.0,0.0,532.255,0.0,0.0,0.0
2022-09-21 18:00:00,0.0,1288.29,0.0,0.0,644.145,0.0,0.0,0.0
2022-09-21 19:00:00,0.0,1009.13,0.0,0.0,504.565,0.0,0.0,0.0
2022-09-21 20:00:00,0.0,1012.27,0.0,0.0,506.135,0.0,0.0,0.0
2022-09-21 21:00:00,0.0,1066.07,0.0,0.0,533.035,0.0,0.0,0.0
2022-09-21 22:00:00,0.0,1111.71,0.0,0.0,555.855,0.0,0.0,0.0
2022-09-21 23:00:00,0.0,1077.55,0.0,0.0,538.775,0.0,0.0,0.0
2022-09-22 00:00:00,0.0,1021.95,0.0,0.0,510.975,0.0,0.0,0.0
2022-09-22 01:00:00,0.0,1049.37,0.0,0.0,524.685,0.0,0.0,0.0
2022-09-22 02:00:00,0.0,1072.57,0.0,0.0,536.285,0.0,0.0,0.0
2022-09-22 03:00:00,0.0,1079.57,0.0,0.0,539.785,0.0,0.0,0.0
2022-09-22 04:00:00,0.0,1063.37,0.0,0.0,531.685,0.0,0.0,0.0
2022-09-22 05:00:00,0.0,1070.0388,0.0,0.0,535.0194,0.0,0.0,11.4756
2022-09-22 06:00:00,0.0,838.8198,0.0,0.0,419.4099,0.0,0.0,151.7451
2022-09-22 07:00:00,0.0,1013.4028,0.0,0.0,506.7014,0.0,0.0,144.0436
2022-09-22 08:00:00,0.0,1152.8604,0.0,0.0,576.4302,0.0,0.0,78.6648
2022-09-22 09:00:00,0.0,943.8156,0.0,0.0,471.9078,0.0,0.0,183.69719999999998
2022-09-22 10:00:00,0.0,241.6638,0.0,0.0,120.8319,0.0,0.0,485.7930999999999
2022-09-22 11:00:00,0.0,669.1596,0.0,0.0,334.5798,0.0,0.0,284.8752
2022-09-22 12:00:00,0.0,760.6002,0.0,0.0,380.3001,0.0,0.0,161.4249
2022-09-22 13:00:00,0.0,674.988,0.0,0.0,337.494,0.0,0.0,149.431
2022-09-22 14:00:00,0.0,806.3574,0.0,0.0,403.1787,0.0,0.0,83.44630000000001
2022-09-22 15:00:00,0.0,924.7188,0.0,0.0,462.3594,0.0,0.0,35.565599999999996
2022-09-22 16:00:00,0.0,1032.9646,0.0,0.0,516.4823,0.0,0.0,10.942699999999999
2022-09-22 17:00:00,0.0,1139.09,0.0,0.0,569.545,0.0,0.0,0.0
2022-09-22 18:00:00,0.0,1442.12,1.0214286,0.0,721.06,3.575,0.0,0.0
2022-09-22 19:00:00,0.0,1197.85,0.0,0.0,598.925,0.0,0.0,0.0
2022-09-22 20:00:00,0.0,1151.67,0.0,0.0,575.835,0.0,0.0,0.0
2022-09-22 21:00:00,0.0,1165.11,0.0,0.0,582.555,0.0,0.0,0.0
2022-09-22 22:00:00,0.0,1169.55,0.0,0.0,584.775,0.0,0.0,0.0
2022-09-22 23:00:00,0.0,1152.41,0.0,0.0,576.205,0.0,0.0,0.0
2022-09-23 00:00:00,0.0,1156.01,0.0,0.0,578.005,0.0,0.0,0.0
2022-09-23 01:00:00,0.0,1142.83,0.0,0.0,571.415,0.0,0.0,0.0
2022-09-23 02:00:00,0.0,1131.65,0.0,0.0,565.825,0.0,0.0,0.0
2022-09-23 03:00:00,0.0,1155.83,0.0,0.0,577.915,0.0,0.0,0.0
2022-09-23 04:00:00,0.0,1135.25,0.0,0.0,567.625,0.0,0.0,0.0
2022-09-23 05:00:00,0.0,1153.9186,0.0,0.0,576.9593,0.0,0.0,7.365699999999999
2022-09-23 06:00:00,0.0,871.9748,0.0,0.0,435.9874,0.0,0.0,171.6376
2022-09-23 07:00:00,0.0,579.707,0.0,0.0,289.8535,0.0,0.0,366.8615
2022-09-23 08:00:00,0.0,495.1902,0.0,0.0,247.5951,0.0,0.0,423.12989999999996
2022-09-23 09:00:00,0.0,150.5784,0.0,0.0,75.2892,0.0,0.0,569.7357999999999
2022-09-23 10:00:00,0.0,0.0,0.0,0.0,0.0,0.0,0.0,673.1476
2022-09-23 11:00:00,0.0,119.3148,0.0,0.0,59.6574,0.0,0.0,574.5975999999999
2022-09-23 12:00:00,0.0,0.0,0.0,0.0,0.0,0.0,0.0,560.6327
2022-09-23 13:00:00,0.0,0.0,0.0,0.0,0.0,0.0,0.0,602.6661
2022-09-23 14:00:00,0.0,153.4244,0.0,0.0,76.7122,0.0,0.0,439.7228
2022-09-23 15:00:00,0.0,588.0756,0.0,0.0,294.0378,0.0,0.0,249.39719999999997
2022-09-23 16:00:00,0.0,1032.477,0.0,0.0,516.2385,0.0,0.0,75.9565
2022-09-23 17:00:00,0.0,1359.95,0.0,0.0,679.975,0.0,0.0,0.0
2022-09-23 18:00:00,0.0,1442.12,14.201429,0.0,721.06,49.705,0.0,0.0
2022-09-23 19:00:00,0.0,1227.31,0.0,0.0,613.655,0.0,0.0,0.0
2022-09-23 20:00:00,0.0,1210.55,0.0,0.0,605.275,0.0,0.0,0.0
2022-09-23 21:00:00,0.0,1297.73,0.0,0.0,648.865,0.0,0.0,0.0
2022-09-23 22:00:00,0.0,1152.91,0.0,0.0,576.455,0.0,0.0,0.0
2022-09-23 23:00:00,0.0,1148.31,0.0,0.0,574.155,0.0,0.0,0.0
2022-09-24 00:00:00,0.0,1178.73,0.0,0.0,589.365,0.0,0.0,0.0
2022-09-24 01:00:00,0.0,1191.81,0.0,0.0,595.905,0.0,0.0,0.0
2022-09-24 02:00:00,0.0,1238.85,0.0,0.0,619.425,0.0,0.0,0.0
2022-09-24 03:00:00,0.0,1281.91,0.0,0.0,640.955,0.0,0.0,0.0
2022-09-24 04:00:00,0.0,1382.93,0.0,0.0,691.465,0.0,0.0,0.0
2022-09-24 05:00:00,0.0,1442.12,46.157457,0.0,721.06,161.5511,0.0,6.153899999999999
2022-09-24 06:00:00,0.0,1430.292,0.0,0.0,715.146,0.0,0.0,180.529
2022-09-24 07:00:00,0.0,807.4048,0.0,0.0,403.7024,0.0,0.0,358.88259999999997
2022-09-24 08:00:00,0.0,308.6232,0.0,0.0,154.3116,0.0,0.0,515.0734
2022-09-24 09:00:00,0.0,211.6648,0.0,0.0,105.8324,0.0,0.0,518.0226
2022-09-24 10:00:00,0.0,368.2998,0.0,0.0,184.1499,0.0,0.0,367.82509999999996
2022-09-24 11:00:00,0.0,345.566,0.0,0.0,172.783,0.0,0.0,452.89200000000005
2022-09-24 12:00:00,0.0,541.8664,0.0,0.0,270.9332,0.0,0.0,242.84179999999998
2022-09-24 13:00:00,0.0,456.8038,0.0,0.0,228.4019,0.0,0.0,260.2231
2022-09-24 14:00:00,0.0,393.0564,0.0,0.0,196.5282,0.0,0.0,306.7168
2022-09-24 15:00:00,0.0,792.3842,0.0,0.0,396.1921,0.0,0.0,175.00289999999998
2022-09-24 16:00:00,0.0,1114.6004,0.0,0.0,557.3002,0.0,0.0,68.4448
2022-09-24 17:00:00,0.0,1327.65,0.0,0.0,663.825,0.0,0.0,0.0
2022-09-24 18:00:00,0.0,1442.12,40.418571,0.0,721.06,141.465,0.0,0.0
2022-09-24 19:00:00,0.0,1417.53,0.0,0.0,708.765,0.0,0.0,0.0
2022-09-24 20:00:00,0.0,1429.75,0.0,0.0,714.875,0.0,0.0,0.0
2022-09-24 21:00:00,0.0,1408.63,0.0,0.0,704.315,0.0,0.0,0.0
2022-09-24 22:00:00,0.0,1272.69,0.0,0.0,636.345,0.0,0.0,0.0
2022-09-24 23:00:00,0.0,1287.57,0.0,0.0,643.785,0.0,0.0,0.0
2022-09-25 00:00:00,0.0,1293.41,0.0,0.0,646.705,0.0,0.0,0.0
2022-09-25 01:00:00,0.0,1311.91,0.0,0.0,655.955,0.0,0.0,0.0
2022-09-25 02:00:00,0.0,1347.13,0.0,0.0,673.565,0.0,0.0,0.0
2022-09-25 03:00:00,0.0,1367.11,0.0,0.0,683.555,0.0,0.0,0.0
2022-09-25 04:00:00,0.0,1442.12,7.6128571,0.0,721.06,26.645,0.0,0.0
2022-09-25 05:00:00,0.0,1442.12,53.574286,0.0,721.06,187.51,0.0,5.475
2022-09-25 06:00:00,0.0,1442.12,13.229514,0.0,721.06,46.3033,0.0,144.02169999999998
2022-09-25 07:00:00,0.0,909.0072,0.0,0.0,454.5036,0.0,0.0,319.1414
2022-09-25 08:00:00,0.0,394.252,0.0,0.0,197.126,0.0,0.0,490.779
2022-09-25 09:00:00,0.0,0.0,0.0,0.0,0.0,0.0,0.0,642.1882999999999
2022-09-25 10:00:00,0.0,0.0,0.0,0.0,0.0,0.0,0.0,710.9762
2022-09-25 11:00:00,0.0,0.0,0.0,0.0,0.0,0.0,0.0,730.3066
2022-09-25 12:00:00,0.0,0.0,0.0,0.0,0.0,0.0,0.0,676.5713
2022-09-25 13:00:00,0.0,0.0,0.0,0.0,0.0,0.0,0.0,577.2913
2022-09-25 14:00:00,0.0,174.2396,0.0,0.0,87.1198,0.0,0.0,402.40520000000004
2022-09-25 15:00:00,0.0,532.8264,0.0,0.0,266.4132,0.0,0.0,234.81179999999998
2022-09-25 16:00:00,0.0,992.6814,0.0,0.0,496.3407,0.0,0.0,76.5843
2022-09-25 17:00:00,0.0,1331.45,0.0,0.0,665.725,0.0,0.0,0.0
2022-09-25 18:00:00,0.0,1442.12,31.204286,0.0,721.06,109.215,0.0,0.0
2022-09-25 19:00:00,0.0,1415.75,0.0,0.0,707.875,0.0,0.0,0.0
2022-09-25 20:00:00,0.0,1442.12,0.35,0.0,721.06,1.225,0.0,0.0
2022-09-25 21:00:00,0.0,1347.07,0.0,0.0,673.535,0.0,0.0,0.0
2022-09-25 22:00:00,0.0,1212.09,0.0,0.0,606.045,0.0,0.0,0.0
2022-09-25 23:00:00,0.0,1214.47,0.0,0.0,607.235,0.0,0.0,0.0
2022-09-26 00:00:00,0.0,1168.29,0.0,0.0,584.145,0.0,0.0,0.0
2022-09-26 01:00:00,0.0,1185.57,0.0,0.0,592.785,0.0,0.0,0.0
2022-09-26 02:00:00,0.0,1135.85,0.0,0.0,567.925,0.0,0.0,0.0
2022-09-26 03:00:00,0.0,1126.97,0.0,0.0,563.485,0.0,0.0,0.0
2022-09-26 04:00:00,0.0,1222.31,0.0,0.0,611.155,0.0,0.0,0.0
2022-09-26 05:00:00,0.0,1442.12,18.0314,0.0,721.06,63.1099,0.0,1.3651
2022-09-26 06:00:00,0.0,1442.12,39.185686,0.0,721.06,137.1499,0.0,12.315100000000001
2022-09-26 07:00:00,0.0,1396.4012,0.0,0.0,698.2006,0.0,0.0,40.3544
2022-09-26 08:00:00,0.0,1153.7534,0.0,0.0,576.8767,0.0,0.0,57.458299999999994
2022-09-26 09:00:00,0.0,1076.4136,0.0,0.0,538.2068,0.0,0.0,50.6182
2022-09-26 10:00:00,0.0,889.247,0.0,0.0,444.6235,0.0,0.0,102.6015
2022-09-26 11:00:00,0.0,1003.0174,0.0,0.0,501.5087,0.0,0.0,83.44630000000001
2022-09-26 12:00:00,0.0,654.4382,0.0,0.0,327.2191,0.0,0.0,175.8059
2022-09-26 13:00:00,0.0,693.1744,0.0,0.0,346.5872,0.0,0.0,137.1378
2022-09-26 14:00:00,0.0,552.5252,0.0,0.0,276.2626,0.0,0.0,149.5624
2022-09-26 15:00:00,0.0,708.553,0.0,0.0,354.2765,0.0,0.0,98.1485
2022-09-26 16:00:00,0.0,880.774,0.0,0.0,440.387,0.0,0.0,58.838
2022-09-26 17:00:00,0.0,1255.85,0.0,0.0,627.925,0.0,0.0,0.0
2022-09-26 18:00:00,0.0,1442.12,29.907143,0.0,721.06,104.675,0.0,0.0
2022-09-26 19:00:00,0.0,1409.77,0.0,0.0,704.885,0.0,0.0,0.0
2022-09-26 20:00:00,0.0,1355.01,0.0,0.0,677.505,0.0,0.0,0.0
2022-09-26 21:00:00,0.0,1301.83,0.0,0.0,650.915,0.0,0.0,0.0
2022-09-26 22:00:00,0.0,1184.61,0.0,0.0,592.305,0.0,0.0,0.0
2022-09-26 23:00:00,0.0,1127.89,0.0,0.0,563.945,0.0,0.0,0.0
2022-09-27 00:00:00,0.0,1091.37,0.0,0.0,545.685,0.0,0.0,0.0
2022-09-27 01:00:00,0.0,1177.45,0.0,0.0,588.725,0.0,0.0,0.0
2022-09-27 02:00:00,0.0,1211.49,0.0,0.0,605.745,0.0,0.0,0.0
2022-09-27 03:00:00,0.0,1195.41,0.0,0.0,597.705,0.0,0.0,0.0
2022-09-27 04:00:00,0.0,1257.01,0.0,0.0,628.505,0.0,0.0,0.0
2022-09-27 05:00:00,0.0,1442.12,26.002514,0.0,721.06,91.0088,0.0,0.6861999999999999
2022-09-27 06:00:00,0.0,1297.1776,0.0,0.0,648.5888,0.0,0.0,167.12619999999998
2022-09-27 07:00:00,0.0,772.8908,0.0,0.0,386.4454,0.0,0.0,325.95959999999997
2022-09-27 08:00:00,0.0,298.3226,0.0,0.0,149.1613,0.0,0.0,476.46369999999996
2022-09-27 09:00:00,0.0,0.0,0.0,0.0,0.0,0.0,0.0,616.0324
2022-09-27 10:00:00,0.0,58.438,0.0,0.0,29.219,0.0,0.0,490.70599999999996
2022-09-27 11:00:00,0.0,0.0,0.0,0.0,0.0,0.0,0.0,720.145
2022-09-27 12:00:00,0.0,0.0,0.0,0.0,0.0,0.0,0.0,684.2728
2022-09-27 13:00:00,0.0,463.8972,0.0,0.0,231.9486,0.0,0.0,245.7764
2022-09-27 14:00:00,0.0,685.8804,0.0,0.0,342.9402,0.0,0.0,176.48479999999998
2022-09-27 15:00:00,0.0,730.9442,0.0,0.0,365.4721,0.0,0.0,229.75289999999995
2022-09-27 16:00:00,0.0,1276.3592,0.0,0.0,638.1796,0.0,0.0,74.44539999999999
2022-09-27 17:00:00,0.0,1428.19,0.0,0.0,714.095,0.0,0.0,0.0
2022-09-27 18:00:00,0.0,1442.12,44.627143,0.0,721.06,156.195,0.0,0.0
2022-09-27 19:00:00,0.0,1442.12,6.3957143,0.0,721.06,22.385,0.0,0.0
2022-09-27 20:00:00,0.0,1442.12,3.1985714,0.0,721.06,11.195,0.0,0.0
2022-09-27 21:00:00,0.0,1409.67,0.0,0.0,704.835,0.0,0.0,0.0
2022-09-27 22:00:00,0.0,1325.87,0.0,0.0,662.935,0.0,0.0,0.0
2022-09-27 23:00:00,0.0,1267.79,0.0,0.0,633.895,0.0,0.0,0.0
2022-09-28 00:00:00,0.0,1285.43,0.0,0.0,642.715,0.0,0.0,0.0
2022-09-28 01:00:00,0.0,1299.03,0.0,0.0,649.515,0.0,0.0,0.0
2022-09-28 02:00:00,0.0,1327.07,0.0,0.0,663.535,0.0,0.0,0.0
2022-09-28 03:00:00,0.0,1333.75,0.0,0.0,666.875,0.0,0.0,0.0
2022-09-28 04:00:00,0.0,1411.55,0.0,0.0,705.775,0.0,0.0,0.0
2022-09-28 05:00:00,0.0,1442.12,41.731086,0.0,721.06,146.0588,0.0,0.6861999999999999
2022-09-28 06:00:00,0.0,1442.12,3.4902571,0.0,721.06,12.2159,0.0,165.4691
2022-09-28 07:00:00,0.0,1058.111,0.0,0.0,529.0555,0.0,0.0,273.1295
2022-09-28 08:00:00,0.0,635.4664,0.0,0.0,317.7332,0.0,0.0,399.79179999999997
2022-09-28 09:00:00,0.0,155.1876,0.0,0.0,77.5938,0.0,0.0,589.4312
2022-09-28 10:00:00,0.0,27.5402,0.0,0.0,13.7701,0.0,0.0,614.7549
2022-09-28 11:00:00,0.0,316.971,0.0,0.0,158.4855,0.0,0.0,541.7695
2022-09-28 12:00:00,0.0,468.6302,0.0,0.0,234.3151,0.0,0.0,398.30989999999997
2022-09-28 13:00:00,0.0,687.702,0.0,0.0,343.851,0.0,0.0,316.674
2022-09-28 14:00:00,0.0,576.0822,0.0,0.0,288.0411,0.0,0.0,379.18389999999994
2022-09-28 15:00:00,0.0,1007.0648,0.0,0.0,503.5324,0.0,0.0,181.4926
2022-09-28 16:00:00,0.0,1219.7142,0.0,0.0,609.8571,0.0,0.0,73.16789999999999
2022-09-28 17:00:00,0.0,1442.12,6.1042857,0.0,721.06,21.365,0.0,0.0
2022-09-28 18:00:00,0.0,1442.12,50.764286,0.0,721.06,177.675,0.0,0.0
2022-09-28 19:00:00,0.0,1442.12,11.432857,0.0,721.06,40.015,0.0,0.0
2022-09-28 20:00:00,0.0,1414.67,0.0,0.0,707.335,0.0,0.0,0.0
2022-09-28 21:00:00,0.0,1426.01,0.0,0.0,713.005,0.0,0.0,0.0
2022-09-28 22:00:00,0.0,1436.37,0.0,0.0,718.185,0.0,0.0,0.0
2022-09-28 23:00:00,0.0,1417.69,0.0,0.0,708.845,0.0,0.0,0.0
2022-09-29 00:00:00,0.0,1442.12,8.1871429,0.0,721.06,28.655,0.0,0.0
2022-09-29 01:00:00,0.0,1442.12,8.75,0.0,721.06,30.625,0.0,0.0
2022-09-29 02:00:00,0.0,1442.12,9.0042857,0.0,721.06,31.515,0.0,0.0
2022-09-29 03:00:00,0.0,1442.12,16.938571,0.0,721.06,59.285,0.0,0.0
2022-09-29 04:00:00,0.0,1442.12,23.101429,0.0,721.06,80.855,0.0,0.0
2022-09-29 05:00:00,0.0,1442.12,26.047143,0.0,721.06,91.165,0.0,0.0
2022-09-29 06:00:00,0.0,1316.1986,0.0,0.0,658.0993,0.0,0.0,163.58569999999997
2022-09-29 07:00:00,0.0,1162.6178,0.0,0.0,581.3089,0.0,0.0,334.0261
2022-09-29 08:00:00,0.0,760.5108,0.0,0.0,380.2554,0.0,0.0,491.66959999999995
2022-09-29 09:00:00,0.0,409.2124,0.0,0.0,204.6062,0.0,0.0,611.4187999999999
2022-09-29 10:00:00,0.0,3.606,0.0,0.0,1.803,0.0,0.0,687.222
2022-09-29 11:00:00,0.0,18.1334,0.0,0.0,9.0667,0.0,0.0,715.1882999999999
2022-09-29 12:00:00,0.0,0.0,0.0,0.0,0.0,0.0,0.0,664.8256
2022-09-29 13:00:00,0.0,251.7406,0.0,0.0,125.8703,0.0,0.0,481.35470000000004
2022-09-29 14:00:00,0.0,496.6324,0.0,0.0,248.3162,0.0,0.0,401.9088
2022-09-29 15:00:00,0.0,852.16,0.0,0.0,426.08,0.0,0.0,238.345
2022-09-29 16:00:00,0.0,1288.877,0.0,0.0,644.4385,0.0,0.0,69.3865
2022-09-29 17:00:00,0.0,1365.89,0.0,0.0,682.945,0.0,0.0,0.0
2022-09-29 18:00:00,0.0,1442.12,25.97,0.0,721.06,90.895,0.0,0.0
2022-09-29 19:00:00,0.0,1322.09,0.0,0.0,661.045,0.0,0.0,0.0
2022-09-29 20:00:00,0.0,1297.47,0.0,0.0,648.735,0.0,0.0,0.0
2022-09-29 21:00:00,0.0,1263.93,0.0,0.0,631.965,0.0,0.0,0.0
2022-09-29 22:00:00,0.0,1280.27,0.0,0.0,640.135,0.0,0.0,0.0
2022-09-29 23:00:00,0.0,1261.47,0.0,0.0,630.735,0.0,0.0,0.0
2022-09-30 00:00:00,0.0,1190.47,0.0,0.0,595.235,0.0,0.0,0.0
2022-09-30 01:00:00,0.0,1178.93,0.0,0.0,589.465,0.0,0.0,0.0
2022-09-30 02:00:00,0.0,1169.31,0.0,0.0,584.655,0.0,0.0,0.0
2022-09-30 03:00:00,0.0,1178.63,0.0,0.0,589.315,0.0,0.0,0.0
2022-09-30 04:00:00,0.0,1168.91,0.0,0.0,584.455,0.0,0.0,0.0
2022-09-30 05:00:00,0.0,1201.51,0.0,0.0,600.755,0.0,0.0,0.0
2022-09-30 06:00:00,0.0,961.3166,0.0,0.0,480.6583,0.0,0.0,164.09669999999997
2022-09-30 07:00:00,0.0,771.69,0.0,0.0,385.845,0.0,0.0,342.37
2022-09-30 08:00:00,0.0,311.9746,0.0,0.0,155.9873,0.0,0.0,515.0077
2022-09-30 09:00:00,0.0,107.8778,0.0,0.0,53.9389,0.0,0.0,631.1360999999999
2022-09-30 10:00:00,0.0,595.796,0.0,0.0,297.898,0.0,0.0,372.227
2022-09-30 11:00:00,0.0,133.2798,0.0,0.0,66.6399,0.0,0.0,623.3251
2022-09-30 12:00:00,0.0,309.6878,0.0,0.0,154.8439,0.0,0.0,426.3710999999999
2022-09-30 13:00:00,0.0,716.4878,0.0,0.0,358.2439,0.0,0.0,255.55110000000002
2022-09-30 14:00:00,0.0,711.613,0.0,0.0,355.8065,0.0,0.0,197.4285
2022-09-30 15:00:00,0.0,879.788,0.0,0.0,439.894,0.0,0.0,211.48100000000002
2022-09-30 16:00:00,0.0,1188.5754,0.0,0.0,594.2877,0.0,0.0,54.0273
2022-09-30 17:00:00,0.0,1361.05,0.0,0.0,680.525,0.0,0.0,0.0
2022-09-30 18:00:00,0.0,1442.12,41.75,0.0,721.06,146.125,0.0,0.0
2022-09-30 19:00:00,0.0,1421.95,0.0,0.0,710.975,0.0,0.0,0.0
2022-09-30 20:00:00,0.0,1385.15,0.0,0.0,692.575,0.0,0.0,0.0
2022-09-30 21:00:00,0.0,1364.13,0.0,0.0,682.065,0.0,0.0,0.0
2022-09-30 22:00:00,0.0,1298.13,0.0,0.0,649.065,0.0,0.0,0.0
2022-09-30 23:00:00,0.0,1226.35,0.0,0.0,613.175,0.0,0.0,0.0
2022-10-01 00:00:00,0.0,1233.15,0.0,0.0,616.575,0.0,0.0,0.0
2022-10-01 01:00:00,0.0,1245.77,0.0,0.0,622.885,0.0,0.0,0.0
2022-10-01 02:00:00,0.0,1257.41,0.0,0.0,628.705,0.0,0.0,0.0
2022-10-01 03:00:00,0.0,1292.01,0.0,0.0,646.005,0.0,0.0,0.0
2022-10-01 04:00:00,0.0,1387.57,0.0,0.0,693.785,0.0,0.0,0.0
2022-10-01 05:00:00,0.0,1442.12,51.31,0.0,721.06,179.585,0.0,0.0
2022-10-01 06:00:00,0.0,1442.12,28.410771,0.0,721.06,99.4377,0.0,97.82730000000001
2022-10-01 07:00:00,0.0,1067.8716,0.0,0.0,533.9358,0.0,0.0,261.3692
2022-10-01 08:00:00,0.0,331.869,0.0,0.0,165.9345,0.0,0.0,503.5905
2022-10-01 09:00:00,0.0,15.2396,0.0,0.0,7.6198,0.0,0.0,606.8051999999999
2022-10-01 10:00:00,0.0,0.0,0.0,0.0,0.0,0.0,0.0,691.2224
2022-10-01 11:00:00,0.0,630.7864,0.0,0.0,315.3932,0.0,0.0,347.9618
2022-10-01 12:00:00,0.0,0.0,0.0,0.0,0.0,0.0,0.0,600.3227999999999
2022-10-01 13:00:00,0.0,298.6108,0.0,0.0,149.3054,0.0,0.0,371.21959999999996
2022-10-01 14:00:00,0.0,449.863,0.0,0.0,224.9315,0.0,0.0,307.2935
2022-10-01 15:00:00,0.0,682.2962,0.0,0.0,341.1481,0.0,0.0,243.4769
2022-10-01 16:00:00,0.0,1121.286,0.0,0.0,560.643,0.0,0.0,60.882
2022-10-01 17:00:00,0.0,1418.01,0.0,0.0,709.005,0.0,0.0,0.0
2022-10-01 18:00:00,0.0,1442.12,44.532857,0.0,721.06,155.865,0.0,0.0
2022-10-01 19:00:00,0.0,1442.12,3.2185714,0.0,721.06,11.265,0.0,0.0
2022-10-01 20:00:00,0.0,1442.12,19.675714,0.0,721.06,68.865,0.0,0.0
2022-10-01 21:00:00,0.0,1442.12,8.7042857,0.0,721.06,30.465,0.0,0.0
2022-10-01 22:00:00,0.0,1306.05,0.0,0.0,653.025,0.0,0.0,0.0
2022-10-01 23:00:00,0.0,1290.25,0.0,0.0,645.125,0.0,0.0,0.0
2022-10-02 00:00:00,0.0,1274.05,0.0,0.0,637.025,0.0,0.0,0.0
2022-10-02 01:00:00,0.0,1283.21,0.0,0.0,641.605,0.0,0.0,0.0
2022-10-02 02:00:00,0.0,1324.55,0.0,0.0,662.275,0.0,0.0,0.0
2022-10-02 03:00:00,0.0,1362.01,0.0,0.0,681.005,0.0,0.0,0.0
2022-10-02 04:00:00,0.0,1442.12,4.9614286,0.0,721.06,17.365,0.0,0.0
2022-10-02 05:00:00,0.0,1442.12,54.99,0.0,721.06,192.465,0.0,0.0
2022-10-02 06:00:00,0.0,1442.12,19.771371,0.0,721.06,69.1998,0.0,170.2652
2022-10-02 07:00:00,0.0,935.4934,0.0,0.0,467.7467,0.0,0.0,354.56829999999997
2022-10-02 08:00:00,0.0,321.879,0.0,0.0,160.9395,0.0,0.0,533.8855
2022-10-02 09:00:00,0.0,18.33,0.0,0.0,9.165,0.0,0.0,643.86
2022-10-02 10:00:00,0.0,0.0,0.0,0.0,0.0,0.0,0.0,715.9256
2022-10-02 11:00:00,0.0,0.0,0.0,0.0,0.0,0.0,0.0,733.4018
2022-10-02 12:00:00,0.0,0.0,0.0,0.0,0.0,0.0,0.0,676.3960999999999
2022-10-02 13:00:00,0.0,58.5388,0.0,0.0,29.2694,0.0,0.0,577.9556
2022-10-02 14:00:00,0.0,327.2226,0.0,0.0,163.6113,0.0,0.0,429.01370000000003
2022-10-02 15:00:00,0.0,795.9192,0.0,0.0,397.9596,0.0,0.0,252.56539999999998
2022-10-02 16:00:00,0.0,1312.7124,0.0,0.0,656.3562,0.0,0.0,67.5688
2022-10-02 17:00:00,0.0,1442.12,23.644286,0.0,721.06,82.755,0.0,0.0
2022-10-02 18:00:00,0.0,1442.12,66.018571,0.0,721.06,231.065,0.0,0.0
2022-10-02 19:00:00,0.0,1442.12,35.212857,0.0,721.06,123.245,0.0,0.0
2022-10-02 20:00:00,0.0,1442.12,22.275714,0.0,721.06,77.965,0.0,0.0
2022-10-02 21:00:00,0.0,1417.25,0.0,0.0,708.625,0.0,0.0,0.0
2022-10-02 22:00:00,0.0,1442.12,1.2471429,0.0,721.06,4.365,0.0,0.0
2022-10-02 23:00:00,0.0,1313.45,0.0,0.0,656.725,0.0,0.0,0.0
2022-10-03 00:00:00,0.0,1295.85,0.0,0.0,647.925,0.0,0.0,0.0
2022-10-03 01:00:00,0.0,1343.23,0.0,0.0,671.615,0.0,0.0,0.0
2022-10-03 02:00:00,0.0,1333.61,0.0,0.0,666.805,0.0,0.0,0.0
2022-10-03 03:00:00,0.0,1356.03,0.0,0.0,678.015,0.0,0.0,0.0
2022-10-03 04:00:00,0.0,1417.85,0.0,0.0,708.925,0.0,0.0,0.0
2022-10-03 05:00:00,0.0,1442.12,48.075714,0.0,721.06,168.265,0.0,0.0
2022-10-03 06:00:00,0.0,1442.12,27.7978,0.0,721.06,97.2923,0.0,172.2727
2022-10-03 07:00:00,0.0,1085.3246,0.0,0.0,542.6623,0.0,0.0,293.4527
2022-10-03 08:00:00,0.0,227.0838,0.0,0.0,113.5419,0.0,0.0,531.7831
2022-10-03 09:00:00,0.0,0.0,0.0,0.0,0.0,0.0,0.0,650.7877
2022-10-03 10:00:00,0.0,0.0,0.0,0.0,0.0,0.0,0.0,713.4801
2022-10-03 11:00:00,0.0,0.0,0.0,0.0,0.0,0.0,0.0,744.1182
2022-10-03 12:00:00,0.0,0.0,0.0,0.0,0.0,0.0,0.0,677.8852999999999
2022-10-03 13:00:00,0.0,150.8992,0.0,0.0,75.4496,0.0,0.0,505.8754
2022-10-03 14:00:00,0.0,609.5892,0.0,0.0,304.7946,0.0,0.0,296.7304
2022-10-03 15:00:00,0.0,833.9366,0.0,0.0,416.9683,0.0,0.0,223.95669999999998
2022-10-03 16:00:00,0.0,1357.7964,0.0,0.0,678.8982,0.0,0.0,49.026799999999994
2022-10-03 17:00:00,0.0,1442.12,17.59,0.0,721.06,61.565,0.0,0.0
2022-10-03 18:00:00,0.0,1442.12,74.938571,0.0,721.06,262.285,0.0,0.0
2022-10-03 19:00:00,0.0,1442.12,47.961429,0.0,721.06,167.865,0.0,0.0
2022-10-03 20:00:00,0.0,1442.12,37.59,0.0,721.06,131.565,0.0,0.0
2022-10-03 21:00:00,0.0,1442.12,44.704286,0.0,721.06,156.465,0.0,0.0
2022-10-03 22:00:00,0.0,1442.12,19.332857,0.0,721.06,67.665,0.0,0.0
2022-10-03 23:00:00,0.0,1442.12,22.79,0.0,721.06,79.765,0.0,0.0
2022-10-04 00:00:00,0.0,1442.12,17.418571,0.0,721.06,60.965,0.0,0.0
2022-10-04 01:00:00,0.0,1442.12,10.732857,0.0,721.06,37.565,0.0,0.0
2022-10-04 02:00:00,0.0,1442.12,15.075714,0.0,721.06,52.765,0.0,0.0
2022-10-04 03:00:00,0.0,1442.12,24.104286,0.0,721.06,84.365,0.0,0.0
2022-10-04 04:00:00,0.0,1442.12,35.818571,0.0,721.06,125.365,0.0,0.0
2022-10-04 05:00:00,0.0,1442.12,88.247143,0.0,721.06,308.865,0.0,0.0
2022-10-04 06:00:00,0.0,1442.12,50.677714,0.0,721.06,177.372,0.0,163.593
2022-10-04 07:00:00,0.0,1257.4616,0.0,0.0,628.7308,0.0,0.0,345.68420000000003
2022-10-04 08:00:00,0.0,613.5338,0.0,0.0,306.7669,0.0,0.0,515.3580999999999
2022-10-04 09:00:00,0.0,271.2562,0.0,0.0,135.6281,0.0,0.0,611.3969000000001
2022-10-04 10:00:00,0.0,0.0,0.0,0.0,0.0,0.0,0.0,690.1858
2022-10-04 11:00:00,0.0,54.2926,0.0,0.0,27.1463,0.0,0.0,707.5087
2022-10-04 12:00:00,0.0,0.0,0.0,0.0,0.0,0.0,0.0,654.9268
2022-10-04 13:00:00,0.0,132.995,0.0,0.0,66.4975,0.0,0.0,537.8275
2022-10-04 14:00:00,0.0,498.3816,0.0,0.0,249.1908,0.0,0.0,363.93420000000003
2022-10-04 15:00:00,0.0,953.1678,0.0,0.0,476.5839,0.0,0.0,199.3411
2022-10-04 16:00:00,0.0,1290.4926,0.0,0.0,645.2463,0.0,0.0,42.478699999999996
2022-10-04 17:00:00,0.0,1442.12,17.99,0.0,721.06,62.965,0.0,0.0
2022-10-04 18:00:00,0.0,1442.12,72.31,0.0,721.06,253.085,0.0,0.0
2022-10-04 19:00:00,0.0,1442.12,28.047143,0.0,721.06,98.165,0.0,0.0
2022-10-04 20:00:00,0.0,1442.12,14.818571,0.0,721.06,51.865,0.0,0.0
2022-10-04 21:00:00,0.0,1442.12,3.0185714,0.0,721.06,10.565,0.0,0.0
2022-10-04 22:00:00,0.0,1318.25,0.0,0.0,659.125,0.0,0.0,0.0
2022-10-04 23:00:00,0.0,1249.49,0.0,0.0,624.745,0.0,0.0,0.0
2022-10-05 00:00:00,0.0,1224.93,0.0,0.0,612.465,0.0,0.0,0.0
2022-10-05 01:00:00,0.0,1190.57,0.0,0.0,595.285,0.0,0.0,0.0
2022-10-05 02:00:00,0.0,1169.79,0.0,0.0,584.895,0.0,0.0,0.0
2022-10-05 03:00:00,0.0,1162.69,0.0,0.0,581.345,0.0,0.0,0.0
2022-10-05 04:00:00,0.0,1198.35,0.0,0.0,599.175,0.0,0.0,0.0
2022-10-05 05:00:00,0.0,1442.12,14.135714,0.0,721.06,49.475,0.0,0.0
2022-10-05 06:00:00,0.0,1159.7146,0.0,0.0,579.8573,0.0,0.0,170.44769999999997
2022-10-05 07:00:00,0.0,712.195,0.0,0.0,356.0975,0.0,0.0,366.2775
2022-10-05 08:00:00,0.0,48.9778,0.0,0.0,24.4889,0.0,0.0,535.5061
2022-10-05 09:00:00,0.0,0.0,0.0,0.0,0.0,0.0,0.0,663.1612
2022-10-05 10:00:00,0.0,0.0,0.0,0.0,0.0,0.0,0.0,740.0812999999999
2022-10-05 11:00:00,0.0,0.0,0.0,0.0,0.0,0.0,0.0,747.3594
2022-10-05 12:00:00,0.0,0.0,0.0,0.0,0.0,0.0,0.0,697.4785
2022-10-05 13:00:00,0.0,0.0,0.0,0.0,0.0,0.0,0.0,586.4455
2022-10-05 14:00:00,0.0,85.9828,0.0,0.0,42.9914,0.0,0.0,430.93359999999996
2022-10-05 15:00:00,0.0,528.8732,0.0,0.0,264.4366,0.0,0.0,248.98839999999998
2022-10-05 16:00:00,0.0,1067.017,0.0,0.0,533.5085,0.0,0.0,55.51650000000001
2022-10-05 17:00:00,0.0,1293.43,0.0,0.0,646.715,0.0,0.0,0.0
2022-10-05 18:00:00,0.0,1442.12,18.212857,0.0,721.06,63.745,0.0,0.0
2022-10-05 19:00:00,0.0,1309.21,0.0,0.0,654.605,0.0,0.0,0.0
2022-10-05 20:00:00,0.0,1336.97,0.0,0.0,668.485,0.0,0.0,0.0
2022-10-05 21:00:00,0.0,1268.59,0.0,0.0,634.295,0.0,0.0,0.0
2022-10-05 22:00:00,0.0,1219.77,0.0,0.0,609.885,0.0,0.0,0.0
2022-10-05 23:00:00,0.0,1286.59,0.0,0.0,643.295,0.0,0.0,0.0
2022-10-06 00:00:00,0.0,1223.65,0.0,0.0,611.825,0.0,0.0,0.0
2022-10-06 01:00:00,0.0,1202.89,0.0,0.0,601.445,0.0,0.0,0.0
2022-10-06 02:00:00,0.0,1208.51,0.0,0.0,604.255,0.0,0.0,0.0
2022-10-06 03:00:00,0.0,1196.95,0.0,0.0,598.475,0.0,0.0,0.0
2022-10-06 04:00:00,0.0,1157.83,0.0,0.0,578.915,0.0,0.0,0.0
2022-10-06 05:00:00,0.0,1211.75,0.0,0.0,605.875,0.0,0.0,0.0
2022-10-06 06:00:00,0.0,935.3906,0.0,0.0,467.6953,0.0,0.0,172.19969999999998
2022-10-06 07:00:00,0.0,801.2392,0.0,0.0,400.6196,0.0,0.0,362.06539999999995
2022-10-06 08:00:00,0.0,455.9434,0.0,0.0,227.9717,0.0,0.0,525.7533
2022-10-06 09:00:00,0.0,315.0696,0.0,0.0,157.5348,0.0,0.0,646.5902
2022-10-06 10:00:00,0.0,70.3896,0.0,0.0,35.1948,0.0,0.0,696.2302
2022-10-06 11:00:00,0.0,33.3502,0.0,0.0,16.6751,0.0,0.0,718.7799
2022-10-06 12:00:00,0.0,0.0,0.0,0.0,0.0,0.0,0.0,645.4440999999999
2022-10-06 13:00:00,0.0,70.7592,0.0,0.0,35.3796,0.0,0.0,570.8454
2022-10-06 14:00:00,0.0,396.4664,0.0,0.0,198.2332,0.0,0.0,414.3918
2022-10-06 15:00:00,0.0,955.8106,0.0,0.0,477.9053,0.0,0.0,204.31969999999998
2022-10-06 16:00:00,0.0,1402.1344,0.0,0.0,701.0672,0.0,0.0,37.8578
2022-10-06 17:00:00,0.0,1410.45,0.0,0.0,705.225,0.0,0.0,0.0
2022-10-06 18:00:00,0.0,1442.12,35.195714,0.0,721.06,123.185,0.0,0.0
2022-10-06 19:00:00,0.0,1369.45,0.0,0.0,684.725,0.0,0.0,0.0
2022-10-06 20:00:00,0.0,1339.05,0.0,0.0,669.525,0.0,0.0,0.0
2022-10-06 21:00:00,0.0,1282.25,0.0,0.0,641.125,0.0,0.0,0.0
2022-10-06 22:00:00,0.0,1290.85,0.0,0.0,645.425,0.0,0.0,0.0
2022-10-06 23:00:00,0.0,1318.25,0.0,0.0,659.125,0.0,0.0,0.0
2022-10-07 00:00:00,0.0,1245.65,0.0,0.0,622.825,0.0,0.0,0.0
2022-10-07 01:00:00,0.0,1239.65,0.0,0.0,619.825,0.0,0.0,0.0
2022-10-07 02:00:00,0.0,1246.39,0.0,0.0,623.195,0.0,0.0,0.0
2022-10-07 03:00:00,0.0,1267.33,0.0,0.0,633.665,0.0,0.0,0.0
2022-10-07 04:00:00,0.0,1263.35,0.0,0.0,631.675,0.0,0.0,0.0
2022-10-07 05:00:00,0.0,1337.13,0.0,0.0,668.565,0.0,0.0,0.0
2022-10-07 06:00:00,0.0,1130.9742,0.0,0.0,565.4871,0.0,0.0,162.9579
2022-10-07 07:00:00,0.0,893.0762,0.0,0.0,446.5381,0.0,0.0,355.89689999999996
2022-10-07 08:00:00,0.0,676.9828,0.0,0.0,338.4914,0.0,0.0,522.1836
2022-10-07 09:00:00,0.0,444.9964,0.0,0.0,222.4982,0.0,0.0,647.6267999999999
2022-10-07 10:00:00,0.0,127.6434,0.0,0.0,63.8217,0.0,0.0,719.2032999999999
2022-10-07 11:00:00,0.0,133.1134,0.0,0.0,66.5567,0.0,0.0,734.8983
2022-10-07 12:00:00,0.0,87.4466,0.0,0.0,43.7233,0.0,0.0,681.3017
2022-10-07 13:00:00,0.0,153.5008,0.0,0.0,76.7504,0.0,0.0,570.8746
2022-10-07 14:00:00,0.0,405.2756,0.0,0.0,202.6378,0.0,0.0,419.48720000000003
2022-10-07 15:00:00,0.0,807.9668,0.0,0.0,403.9834,0.0,0.0,233.5416
2022-10-07 16:00:00,0.0,1323.351,0.0,0.0,661.6755,0.0,0.0,42.4495
2022-10-07 17:00:00,0.0,1442.12,24.475714,0.0,721.06,85.665,0.0,0.0
2022-10-07 18:00:00,0.0,1442.12,85.535714,0.0,721.06,299.375,0.0,0.0
2022-10-07 19:00:00,0.0,1442.12,48.741429,0.0,721.06,170.595,0.0,0.0
2022-10-07 20:00:00,0.0,1442.12,48.132857,0.0,721.06,168.465,0.0,0.0
2022-10-07 21:00:00,0.0,1442.12,47.781429,0.0,721.06,167.235,0.0,0.0
2022-10-07 22:00:00,0.0,1442.12,31.132857,0.0,721.06,108.965,0.0,0.0
2022-10-07 23:00:00,0.0,1442.12,17.23,0.0,721.06,60.305,0.0,0.0
2022-10-08 00:00:00,0.0,1442.12,16.904286,0.0,721.06,59.165,0.0,0.0
2022-10-08 01:00:00,0.0,1442.12,9.0985714,0.0,721.06,31.845,0.0,0.0
2022-10-08 02:00:00,0.0,1414.17,0.0,0.0,707.085,0.0,0.0,0.0
2022-10-08 03:00:00,0.0,1412.25,0.0,0.0,706.125,0.0,0.0,0.0
2022-10-08 04:00:00,0.0,1442.12,2.2671429,0.0,721.06,7.935,0.0,0.0
2022-10-08 05:00:00,0.0,1442.12,48.044286,0.0,721.06,168.155,0.0,0.0
2022-10-08 06:00:00,0.0,1442.12,17.410314,0.0,721.06,60.9361,0.0,150.3289
2022-10-08 07:00:00,0.0,935.2398,0.0,0.0,467.6199,0.0,0.0,348.1151
2022-10-08 08:00:00,0.0,429.3092,0.0,0.0,214.6546,0.0,0.0,512.8104
2022-10-08 09:00:00,0.0,104.4694,0.0,0.0,52.2347,0.0,0.0,640.2902999999999
2022-10-08 10:00:00,0.0,96.5984,0.0,0.0,48.2992,0.0,0.0,644.9258
2022-10-08 11:00:00,0.0,258.307,0.0,0.0,129.1535,0.0,0.0,650.1015
2022-10-08 12:00:00,0.0,21.7942,0.0,0.0,10.8971,0.0,0.0,629.4279
2022-10-08 13:00:00,0.0,257.9512,0.0,0.0,128.9756,0.0,0.0,508.6494
2022-10-08 14:00:00,0.0,484.415,0.0,0.0,242.2075,0.0,0.0,386.7175
2022-10-08 15:00:00,0.0,866.885,0.0,0.0,433.4425,0.0,0.0,211.8825
2022-10-08 16:00:00,0.0,1343.354,0.0,0.0,671.677,0.0,0.0,20.148
2022-10-08 17:00:00,0.0,1442.12,12.161429,0.0,721.06,42.565,0.0,0.0
2022-10-08 18:00:00,0.0,1442.12,37.167143,0.0,721.06,130.085,0.0,0.0
2022-10-08 19:00:00,0.0,1442.12,3.9614286,0.0,721.06,13.865,0.0,0.0
2022-10-08 20:00:00,0.0,1442.12,4.59,0.0,721.06,16.065,0.0,0.0
2022-10-08 21:00:00,0.0,1319.85,0.0,0.0,659.925,0.0,0.0,0.0
2022-10-08 22:00:00,0.0,1287.45,0.0,0.0,643.725,0.0,0.0,0.0
2022-10-08 23:00:00,0.0,1209.65,0.0,0.0,604.825,0.0,0.0,0.0
2022-10-09 00:00:00,0.0,1154.65,0.0,0.0,577.325,0.0,0.0,0.0
2022-10-09 01:00:00,0.0,1178.45,0.0,0.0,589.225,0.0,0.0,0.0
2022-10-09 02:00:00,0.0,1148.25,0.0,0.0,574.125,0.0,0.0,0.0
2022-10-09 03:00:00,0.0,1154.05,0.0,0.0,577.025,0.0,0.0,0.0
2022-10-09 04:00:00,0.0,1222.85,0.0,0.0,611.425,0.0,0.0,0.0
2022-10-09 05:00:00,0.0,1442.12,7.6985714,0.0,721.06,26.945,0.0,0.0
2022-10-09 06:00:00,0.0,1442.12,9.2698571,0.0,721.06,32.4445,0.0,34.2005
2022-10-09 07:00:00,0.0,930.3518,0.0,0.0,465.1759,0.0,0.0,230.43910000000002
2022-10-09 08:00:00,0.0,300.2264,0.0,0.0,150.1132,0.0,0.0,461.11179999999996
2022-10-09 09:00:00,0.0,0.0,0.0,0.0,0.0,0.0,0.0,579.9266
2022-10-09 10:00:00,0.0,0.0,0.0,0.0,0.0,0.0,0.0,654.7954
2022-10-09 11:00:00,0.0,0.0,0.0,0.0,0.0,0.0,0.0,644.8601
2022-10-09 12:00:00,0.0,373.5182,0.0,0.0,186.7591,0.0,0.0,257.5659
2022-10-09 13:00:00,0.0,688.5944,0.0,0.0,344.2972,0.0,0.0,110.12780000000001
2022-10-09 14:00:00,0.0,706.1868,0.0,0.0,353.0934,0.0,0.0,126.2316
2022-10-09 15:00:00,0.0,943.9818,0.0,0.0,471.9909,0.0,0.0,19.8341
2022-10-09 16:00:00,0.0,1030.948,0.0,0.0,515.474,0.0,0.0,13.650999999999998
2022-10-09 17:00:00,0.0,1123.85,0.0,0.0,561.925,0.0,0.0,0.0
2022-10-09 18:00:00,0.0,1442.12,24.824286,0.0,721.06,86.885,0.0,0.0
2022-10-09 19:00:00,0.0,1328.85,0.0,0.0,664.425,0.0,0.0,0.0
2022-10-09 20:00:00,0.0,1215.23,0.0,0.0,607.615,0.0,0.0,0.0
2022-10-09 21:00:00,0.0,1113.73,0.0,0.0,556.865,0.0,0.0,0.0
2022-10-09 22:00:00,0.0,1030.89,0.0,0.0,515.445,0.0,0.0,0.0
2022-10-09 23:00:00,0.0,976.85,0.0,0.0,488.425,0.0,0.0,0.0
2022-10-10 00:00:00,0.0,958.97,0.0,0.0,479.485,0.0,0.0,0.0
2022-10-10 01:00:00,0.0,966.95,0.0,0.0,483.475,0.0,0.0,0.0
2022-10-10 02:00:00,0.0,957.73,0.0,0.0,478.865,0.0,0.0,0.0
2022-10-10 03:00:00,0.0,953.33,0.0,0.0,476.665,0.0,0.0,0.0
2022-10-10 04:00:00,0.0,1033.15,0.0,0.0,516.575,0.0,0.0,0.0
2022-10-10 05:00:00,0.0,1381.09,0.0,0.0,690.545,0.0,0.0,0.0
2022-10-10 06:00:00,0.0,1440.627,0.0,0.0,720.3135,0.0,0.0,15.7315
2022-10-10 07:00:00,0.0,1235.0618,0.0,0.0,617.5309,0.0,0.0,19.8341
2022-10-10 08:00:00,0.0,941.6758,0.0,0.0,470.8379,0.0,0.0,62.247099999999996
2022-10-10 09:00:00,0.0,897.743,0.0,0.0,448.8715,0.0,0.0,65.6635
2022-10-10 10:00:00,0.0,0.0,0.0,0.0,0.0,0.0,0.0,677.513
2022-10-10 11:00:00,0.0,0.0,0.0,0.0,0.0,0.0,0.0,702.2381
2022-10-10 12:00:00,0.0,0.0,0.0,0.0,0.0,0.0,0.0,648.5246999999999
2022-10-10 13:00:00,0.0,0.0,0.0,0.0,0.0,0.0,0.0,544.3172
2022-10-10 14:00:00,0.0,266.9236,0.0,0.0,133.4618,0.0,0.0,340.0632
2022-10-10 15:00:00,0.0,535.335,0.0,0.0,267.6675,0.0,0.0,209.3275
2022-10-10 16:00:00,0.0,1086.7504,0.0,0.0,543.3752,0.0,0.0,16.2498
2022-10-10 17:00:00,0.0,1253.97,0.0,0.0,626.985,0.0,0.0,0.0
2022-10-10 18:00:00,0.0,1442.12,0.46714286,0.0,721.06,1.635,0.0,0.0
2022-10-10 19:00:00,0.0,1207.49,0.0,0.0,603.745,0.0,0.0,0.0
2022-10-10 20:00:00,0.0,1178.05,0.0,0.0,589.025,0.0,0.0,0.0
2022-10-10 21:00:00,0.0,1132.63,0.0,0.0,566.315,0.0,0.0,0.0
2022-10-10 22:00:00,0.0,989.35,0.0,0.0,494.675,0.0,0.0,0.0
2022-10-10 23:00:00,0.0,961.39,0.0,0.0,480.695,0.0,0.0,0.0
2022-10-11 00:00:00,0.0,984.11,0.0,0.0,492.055,0.0,0.0,0.0
2022-10-11 01:00:00,0.0,1091.31,0.0,0.0,545.655,0.0,0.0,0.0
2022-10-11 02:00:00,0.0,1022.93,0.0,0.0,511.465,0.0,0.0,0.0
2022-10-11 03:00:00,0.0,1087.83,0.0,0.0,543.915,0.0,0.0,0.0
2022-10-11 04:00:00,0.0,1243.41,0.0,0.0,621.705,0.0,0.0,0.0
2022-10-11 05:00:00,0.0,1442.12,19.27,0.0,721.06,67.445,0.0,0.0
2022-10-11 06:00:00,0.0,1442.12,21.974971,0.0,721.06,76.9124,0.0,126.74260000000001
2022-10-11 07:00:00,0.0,900.88,0.0,0.0,450.44,0.0,0.0,324.485
2022-10-11 08:00:00,0.0,323.2492,0.0,0.0,161.6246,0.0,0.0,494.56039999999996
2022-10-11 09:00:00,0.0,0.0,0.0,0.0,0.0,0.0,0.0,615.0104
2022-10-11 10:00:00,0.0,0.0,0.0,0.0,0.0,0.0,0.0,688.7257999999999
2022-10-11 11:00:00,0.0,1233.51,0.0,0.0,616.755,0.0,0.0,0.0
2022-10-11 12:00:00,0.0,0.0,0.0,0.0,0.0,0.0,0.0,639.5822
2022-10-11 13:00:00,0.0,49.0282,0.0,0.0,24.5141,0.0,0.0,523.6509
2022-10-11 14:00:00,0.0,492.2534,0.0,0.0,246.1267,0.0,0.0,334.8583
2022-10-11 15:00:00,0.0,860.7478,0.0,0.0,430.3739,0.0,0.0,175.9811
2022-10-11 16:00:00,0.0,1326.8686,0.0,0.0,663.4343,0.0,0.0,14.300699999999999
2022-10-11 17:00:00,0.0,1442.12,15.838571,0.0,721.06,55.435,0.0,0.0
2022-10-11 18:00:00,0.0,1442.12,48.341429,0.0,721.06,169.195,0.0,0.0
2022-10-11 19:00:00,0.0,1442.12,20.238571,0.0,721.06,70.835,0.0,0.0
2022-10-11 20:00:00,0.0,1442.12,14.164286,0.0,721.06,49.575,0.0,0.0
2022-10-11 21:00:00,0.0,1442.12,11.098571,0.0,721.06,38.845,0.0,0.0
2022-10-11 22:00:00,0.0,1381.13,0.0,0.0,690.565,0.0,0.0,0.0
2022-10-11 23:00:00,0.0,1365.01,0.0,0.0,682.505,0.0,0.0,0.0
2022-10-12 00:00:00,0.0,1365.29,0.0,0.0,682.645,0.0,0.0,0.0
2022-10-12 01:00:00,0.0,1388.47,0.0,0.0,694.235,0.0,0.0,0.0
2022-10-12 02:00:00,0.0,1436.75,0.0,0.0,718.375,0.0,0.0,0.0
2022-10-12 03:00:00,0.0,1442.12,3.1585714,0.0,721.06,11.055,0.0,0.0
2022-10-12 04:00:00,0.0,1442.12,5.2042857,0.0,721.06,18.215,0.0,0.0
2022-10-12 05:00:00,0.0,1442.12,39.73,0.0,721.06,139.055,0.0,0.0
2022-10-12 06:00:00,0.0,1442.12,21.0572,0.0,721.06,73.7002,0.0,125.3848
2022-10-12 07:00:00,0.0,1070.1926,0.0,0.0,535.0963,0.0,0.0,317.68870000000004
2022-10-12 08:00:00,0.0,402.2648,0.0,0.0,201.1324,0.0,0.0,482.9826
2022-10-12 09:00:00,0.0,17.229,0.0,0.0,8.6145,0.0,0.0,591.9205
2022-10-12 10:00:00,0.0,0.0,0.0,0.0,0.0,0.0,0.0,638.3777
2022-10-12 11:00:00,0.0,1150.69,0.0,0.0,575.345,0.0,0.0,0.0
2022-10-12 12:00:00,0.0,0.0,0.0,0.0,0.0,0.0,0.0,610.3019
2022-10-12 13:00:00,0.0,612.2372,0.0,0.0,306.1186,0.0,0.0,149.41639999999998
2022-10-12 14:00:00,0.0,739.2336,0.0,0.0,369.6168,0.0,0.0,111.9382
2022-10-12 15:00:00,0.0,850.575,0.0,0.0,425.2875,0.0,0.0,93.2575
2022-10-12 16:00:00,0.0,1186.8256,0.0,0.0,593.4128,0.0,0.0,11.0522
2022-10-12 17:00:00,0.0,1368.47,0.0,0.0,684.235,0.0,0.0,0.0
2022-10-12 18:00:00,0.0,1442.12,36.998571,0.0,721.06,129.495,0.0,0.0
2022-10-12 19:00:00,0.0,1346.65,0.0,0.0,673.325,0.0,0.0,0.0
2022-10-12 20:00:00,0.0,1276.55,0.0,0.0,638.275,0.0,0.0,0.0
2022-10-12 21:00:00,0.0,1302.67,0.0,0.0,651.335,0.0,0.0,0.0
2022-10-12 22:00:00,0.0,1243.61,0.0,0.0,621.805,0.0,0.0,0.0
2022-10-12 23:00:00,0.0,1250.83,0.0,0.0,625.415,0.0,0.0,0.0
2022-10-13 00:00:00,0.0,1268.91,0.0,0.0,634.455,0.0,0.0,0.0
2022-10-13 01:00:00,0.0,1298.07,0.0,0.0,649.035,0.0,0.0,0.0
2022-10-13 02:00:00,0.0,1266.27,0.0,0.0,633.135,0.0,0.0,0.0
2022-10-13 03:00:00,0.0,1265.35,0.0,0.0,632.675,0.0,0.0,0.0
2022-10-13 04:00:00,0.0,1273.69,0.0,0.0,636.845,0.0,0.0,0.0
2022-10-13 05:00:00,0.0,1308.41,0.0,0.0,654.205,0.0,0.0,0.0
2022-10-13 06:00:00,0.0,1393.622,0.0,0.0,696.811,0.0,0.0,12.994
2022-10-13 07:00:00,0.0,1442.12,16.9774,0.0,721.06,59.4209,0.0,19.8341
2022-10-13 08:00:00,0.0,1364.6618,0.0,0.0,682.3309,0.0,0.0,30.7841
2022-10-13 09:00:00,0.0,1147.5126,0.0,0.0,573.7563,0.0,0.0,84.81869999999999
2022-10-13 10:00:00,0.0,1098.353,0.0,0.0,549.1765,0.0,0.0,71.1385
2022-10-13 11:00:00,0.0,1186.7086,0.0,0.0,593.3543,0.0,0.0,47.8807
2022-10-13 12:00:00,0.0,798.201,0.0,0.0,399.1005,0.0,0.0,134.0645
2022-10-13 13:00:00,0.0,791.399,0.0,0.0,395.6995,0.0,0.0,115.5955
2022-10-13 14:00:00,0.0,646.3264,0.0,0.0,323.1632,0.0,0.0,145.02179999999998
2022-10-13 15:00:00,0.0,759.399,0.0,0.0,379.6995,0.0,0.0,122.8955
2022-10-13 16:00:00,0.0,1051.0656,0.0,0.0,525.5328,0.0,0.0,11.0522
2022-10-13 17:00:00,0.0,1103.91,0.0,0.0,551.955,0.0,0.0,0.0
2022-10-13 18:00:00,0.0,1442.12,14.612857,0.0,721.06,51.145,0.0,0.0
2022-10-13 19:00:00,0.0,1216.89,0.0,0.0,608.445,0.0,0.0,0.0
2022-10-13 20:00:00,0.0,1122.49,0.0,0.0,561.245,0.0,0.0,0.0
2022-10-13 21:00:00,0.0,1071.23,0.0,0.0,535.615,0.0,0.0,0.0
2022-10-13 22:00:00,0.0,1069.37,0.0,0.0,534.685,0.0,0.0,0.0
2022-10-13 23:00:00,0.0,1165.75,0.0,0.0,582.875,0.0,0.0,0.0
2022-10-14 00:00:00,0.0,1155.37,0.0,0.0,577.685,0.0,0.0,0.0
2022-10-14 01:00:00,0.0,1097.93,0.0,0.0,548.965,0.0,0.0,0.0
2022-10-14 02:00:00,0.0,1107.23,0.0,0.0,553.615,0.0,0.0,0.0
2022-10-14 03:00:00,0.0,1159.73,0.0,0.0,579.865,0.0,0.0,0.0
2022-10-14 04:00:00,0.0,1153.89,0.0,0.0,576.945,0.0,0.0,0.0
2022-10-14 05:00:00,0.0,1224.21,0.0,0.0,612.105,0.0,0.0,0.0
2022-10-14 06:00:00,0.0,1242.865,0.0,0.0,621.4325,0.0,0.0,33.0325
2022-10-14 07:00:00,0.0,1324.2044,0.0,0.0,662.1022,0.0,0.0,109.03280000000001
2022-10-14 08:00:00,0.0,1089.1068,0.0,0.0,544.5534,0.0,0.0,159.0816
2022-10-14 09:00:00,0.0,582.8226,0.0,0.0,291.4113,0.0,0.0,402.0037000000001
2022-10-14 10:00:00,0.0,10.8216,0.0,0.0,5.4108,0.0,0.0,634.7642
2022-10-14 11:00:00,0.0,0.0,0.0,0.0,0.0,0.0,0.0,622.0038
2022-10-14 12:00:00,0.0,0.0,0.0,0.0,0.0,0.0,0.0,616.0105
2022-10-14 13:00:00,0.0,0.0,0.0,0.0,0.0,0.0,0.0,502.0283
2022-10-14 14:00:00,0.0,388.251,0.0,0.0,194.1255,0.0,0.0,344.6695
2022-10-14 15:00:00,0.0,867.8396,0.0,0.0,433.9198,0.0,0.0,141.7952
2022-10-14 16:00:00,0.0,1201.4512,0.0,0.0,600.7256,0.0,0.0,1.2993999999999999
2022-10-14 17:00:00,0.0,1365.85,0.0,0.0,682.925,0.0,0.0,0.0
2022-10-14 18:00:00,0.0,1442.12,36.701429,0.0,721.06,128.455,0.0,0.0
2022-10-14 19:00:00,0.0,1373.51,0.0,0.0,686.755,0.0,0.0,0.0
2022-10-14 20:00:00,0.0,1308.11,0.0,0.0,654.055,0.0,0.0,0.0
2022-10-14 21:00:00,0.0,1351.37,0.0,0.0,675.685,0.0,0.0,0.0
2022-10-14 22:00:00,0.0,1155.85,0.0,0.0,577.925,0.0,0.0,0.0
2022-10-14 23:00:00,0.0,1089.11,0.0,0.0,544.555,0.0,0.0,0.0
2022-10-15 00:00:00,0.0,1089.51,0.0,0.0,544.755,0.0,0.0,0.0
2022-10-15 01:00:00,0.0,1097.91,0.0,0.0,548.955,0.0,0.0,0.0
2022-10-15 02:00:00,0.0,1130.33,0.0,0.0,565.165,0.0,0.0,0.0
2022-10-15 03:00:00,0.0,1146.25,0.0,0.0,573.125,0.0,0.0,0.0
2022-10-15 04:00:00,0.0,1221.09,0.0,0.0,610.545,0.0,0.0,0.0
2022-10-15 05:00:00,0.0,1442.12,26.172857,0.0,721.06,91.605,0.0,0.0
2022-10-15 06:00:00,0.0,1438.0288,0.0,0.0,719.0144,0.0,0.0,76.8106
2022-10-15 07:00:00,0.0,1014.2696,0.0,0.0,507.1348,0.0,0.0,223.9202
2022-10-15 08:00:00,0.0,950.7194,0.0,0.0,475.3597,0.0,0.0,101.91529999999999
2022-10-15 09:00:00,0.0,251.1968,0.0,0.0,125.5984,0.0,0.0,390.1266
2022-10-15 10:00:00,0.0,0.0,0.0,0.0,0.0,0.0,0.0,577.7731
2022-10-15 11:00:00,0.0,0.0,0.0,0.0,0.0,0.0,0.0,580.1529
2022-10-15 12:00:00,0.0,544.8282,0.0,0.0,272.4141,0.0,0.0,185.6609
2022-10-15 13:00:00,0.0,151.1302,0.0,0.0,75.5651,0.0,0.0,359.6199
2022-10-15 14:00:00,0.0,312.2598,0.0,0.0,156.1299,0.0,0.0,312.3451
2022-10-15 15:00:00,0.0,597.8416,0.0,0.0,298.9208,0.0,0.0,164.64419999999998
2022-10-15 16:00:00,0.0,1180.4838,0.0,0.0,590.2419,0.0,0.0,9.1031
2022-10-15 17:00:00,0.0,1434.03,0.0,0.0,717.015,0.0,0.0,0.0
2022-10-15 18:00:00,0.0,1442.12,30.078571,0.0,721.06,105.275,0.0,0.0
2022-10-15 19:00:00,0.0,1420.09,0.0,0.0,710.045,0.0,0.0,0.0
2022-10-15 20:00:00,0.0,1425.41,0.0,0.0,712.705,0.0,0.0,0.0
2022-10-15 21:00:00,0.0,1346.59,0.0,0.0,673.295,0.0,0.0,0.0
2022-10-15 22:00:00,0.0,1229.97,0.0,0.0,614.985,0.0,0.0,0.0
2022-10-15 23:00:00,0.0,1176.85,0.0,0.0,588.425,0.0,0.0,0.0
2022-10-16 00:00:00,0.0,1191.11,0.0,0.0,595.555,0.0,0.0,0.0
2022-10-16 01:00:00,0.0,1216.73,0.0,0.0,608.365,0.0,0.0,0.0
2022-10-16 02:00:00,0.0,1244.23,0.0,0.0,622.115,0.0,0.0,0.0
2022-10-16 03:00:00,0.0,1256.85,0.0,0.0,628.425,0.0,0.0,0.0
2022-10-16 04:00:00,0.0,1320.81,0.0,0.0,660.405,0.0,0.0,0.0
2022-10-16 05:00:00,0.0,1442.12,42.127143,0.0,721.06,147.445,0.0,0.0
2022-10-16 06:00:00,0.0,1442.12,8.5156571,0.0,721.06,29.8048,0.0,139.97019999999998
2022-10-16 07:00:00,0.0,828.974,0.0,0.0,414.487,0.0,0.0,342.808
2022-10-16 08:00:00,0.0,223.5048,0.0,0.0,111.7524,0.0,0.0,515.8326
2022-10-16 09:00:00,0.0,0.0,0.0,0.0,0.0,0.0,0.0,633.3407
2022-10-16 10:00:00,0.0,0.0,0.0,0.0,0.0,0.0,0.0,697.8946
2022-10-16 11:00:00,0.0,0.0,0.0,0.0,0.0,0.0,0.0,685.4042999999999
2022-10-16 12:00:00,0.0,0.0,0.0,0.0,0.0,0.0,0.0,629.917
2022-10-16 13:00:00,0.0,0.0,0.0,0.0,0.0,0.0,0.0,513.2338
2022-10-16 14:00:00,0.0,323.272,0.0,0.0,161.636,0.0,0.0,371.789
2022-10-16 15:00:00,0.0,891.4244,0.0,0.0,445.7122,0.0,0.0,122.90280000000001
2022-10-16 16:00:00,0.0,1225.9032,0.0,0.0,612.9516,0.0,0.0,8.4534
2022-10-16 17:00:00,0.0,1390.81,0.0,0.0,695.405,0.0,0.0,0.0
2022-10-16 18:00:00,0.0,1442.12,31.461429,0.0,721.06,110.115,0.0,0.0
2022-10-16 19:00:00,0.0,1426.59,0.0,0.0,713.295,0.0,0.0,0.0
2022-10-16 20:00:00,0.0,1430.89,0.0,0.0,715.445,0.0,0.0,0.0
2022-10-16 21:00:00,0.0,1355.97,0.0,0.0,677.985,0.0,0.0,0.0
2022-10-16 22:00:00,0.0,1355.69,0.0,0.0,677.845,0.0,0.0,0.0
2022-10-16 23:00:00,0.0,1201.89,0.0,0.0,600.945,0.0,0.0,0.0
2022-10-17 00:00:00,0.0,1187.93,0.0,0.0,593.965,0.0,0.0,0.0
2022-10-17 01:00:00,0.0,1187.95,0.0,0.0,593.975,0.0,0.0,0.0
2022-10-17 02:00:00,0.0,1192.97,0.0,0.0,596.485,0.0,0.0,0.0
2022-10-17 03:00:00,0.0,1182.39,0.0,0.0,591.195,0.0,0.0,0.0
2022-10-17 04:00:00,0.0,1297.23,0.0,0.0,648.615,0.0,0.0,0.0
2022-10-17 05:00:00,0.0,1442.12,38.681429,0.0,721.06,135.385,0.0,0.0
2022-10-17 06:00:00,0.0,1442.12,9.1042571,0.0,721.06,31.8649,0.0,133.1301
2022-10-17 07:00:00,0.0,893.6004,0.0,0.0,446.8002,0.0,0.0,334.8948
2022-10-17 08:00:00,0.0,300.141,0.0,0.0,150.0705,0.0,0.0,503.4445
2022-10-17 09:00:00,0.0,0.0,0.0,0.0,0.0,0.0,0.0,621.6972
2022-10-17 10:00:00,0.0,0.0,0.0,0.0,0.0,0.0,0.0,699.0334
2022-10-17 11:00:00,0.0,0.0,0.0,0.0,0.0,0.0,0.0,703.4426
2022-10-17 12:00:00,0.0,0.0,0.0,0.0,0.0,0.0,0.0,652.0214
2022-10-17 13:00:00,0.0,0.0,0.0,0.0,0.0,0.0,0.0,530.9874
2022-10-17 14:00:00,0.0,195.4444,0.0,0.0,97.7222,0.0,0.0,384.2428
2022-10-17 15:00:00,0.0,702.7406,0.0,0.0,351.3703,0.0,0.0,168.1847
2022-10-17 16:00:00,0.0,1176.1766,0.0,0.0,588.0883,0.0,0.0,7.146699999999999
2022-10-17 17:00:00,0.0,1442.12,0.37857143,0.0,721.06,1.325,0.0,0.0
2022-10-17 18:00:00,0.0,1442.12,38.144286,0.0,721.06,133.505,0.0,0.0
2022-10-17 19:00:00,0.0,1398.29,0.0,0.0,699.145,0.0,0.0,0.0
2022-10-17 20:00:00,0.0,1345.09,0.0,0.0,672.545,0.0,0.0,0.0
2022-10-17 21:00:00,0.0,1273.93,0.0,0.0,636.965,0.0,0.0,0.0
2022-10-17 22:00:00,0.0,1103.85,0.0,0.0,551.925,0.0,0.0,0.0
2022-10-17 23:00:00,0.0,1062.15,0.0,0.0,531.075,0.0,0.0,0.0
2022-10-18 00:00:00,0.0,1012.63,0.0,0.0,506.315,0.0,0.0,0.0
2022-10-18 01:00:00,0.0,994.69,0.0,0.0,497.345,0.0,0.0,0.0
2022-10-18 02:00:00,0.0,1033.09,0.0,0.0,516.545,0.0,0.0,0.0
2022-10-18 03:00:00,0.0,1050.29,0.0,0.0,525.145,0.0,0.0,0.0
2022-10-18 04:00:00,0.0,1126.41,0.0,0.0,563.205,0.0,0.0,0.0
2022-10-18 05:00:00,0.0,1442.12,0.55,0.0,721.06,1.925,0.0,0.0
2022-10-18 06:00:00,0.0,1391.3386,0.0,0.0,695.6693,0.0,0.0,120.51569999999998
2022-10-18 07:00:00,0.0,700.0496,0.0,0.0,350.0248,0.0,0.0,329.7702
2022-10-18 08:00:00,0.0,232.4908,0.0,0.0,116.2454,0.0,0.0,496.77959999999996
2022-10-18 09:00:00,0.0,0.0,0.0,0.0,0.0,0.0,0.0,618.5436
2022-10-18 10:00:00,0.0,0.0,0.0,0.0,0.0,0.0,0.0,622.7192
2022-10-18 11:00:00,0.0,0.0,0.0,0.0,0.0,0.0,0.0,667.8113
2022-10-18 12:00:00,0.0,0.0,0.0,0.0,0.0,0.0,0.0,638.2316999999999
2022-10-18 13:00:00,0.0,0.0,0.0,0.0,0.0,0.0,0.0,536.4405
2022-10-18 14:00:00,0.0,254.5648,0.0,0.0,127.2824,0.0,0.0,381.51259999999996
2022-10-18 15:00:00,0.0,715.1288,0.0,0.0,357.5644,0.0,0.0,193.6106
2022-10-18 16:00:00,0.0,1253.4154,0.0,0.0,626.7077,0.0,0.0,5.847300000000001
2022-10-18 17:00:00,0.0,1442.12,2.4414286,0.0,721.06,8.545,0.0,0.0
2022-10-18 18:00:00,0.0,1442.12,54.535714,0.0,721.06,190.875,0.0,0.0
2022-10-18 19:00:00,0.0,1442.12,36.815714,0.0,721.06,128.855,0.0,0.0
2022-10-18 20:00:00,0.0,1442.12,46.25,0.0,721.06,161.875,0.0,0.0
2022-10-18 21:00:00,0.0,1442.12,34.607143,0.0,721.06,121.125,0.0,0.0
2022-10-18 22:00:00,0.0,1442.12,14.812857,0.0,721.06,51.845,0.0,0.0
2022-10-18 23:00:00,0.0,1442.12,16.812857,0.0,721.06,58.845,0.0,0.0
2022-10-19 00:00:00,0.0,1442.12,16.535714,0.0,721.06,57.875,0.0,0.0
2022-10-19 01:00:00,0.0,1442.12,18.964286,0.0,721.06,66.375,0.0,0.0
2022-10-19 02:00:00,0.0,1442.12,25.501429,0.0,721.06,89.255,0.0,0.0
2022-10-19 03:00:00,0.0,1442.12,34.627143,0.0,721.06,121.195,0.0,0.0
2022-10-19 04:00:00,0.0,1442.12,49.775714,0.0,721.06,174.215,0.0,0.0
2022-10-19 05:00:00,0.0,1442.12,82.047143,0.0,721.06,287.165,0.0,0.0
2022-10-19 06:00:00,0.0,1442.12,65.143971,0.0,721.06,228.0039,0.0,115.3911
2022-10-19 07:00:00,0.0,1380.1706,0.0,0.0,690.0853,0.0,0.0,317.4697
2022-10-19 08:00:00,0.0,649.6626,0.0,0.0,324.8313,0.0,0.0,504.2037
2022-10-19 09:00:00,0.0,342.4072,0.0,0.0,171.2036,0.0,0.0,624.2814000000001
2022-10-19 10:00:00,0.0,44.6684,0.0,0.0,22.3342,0.0,0.0,706.6107999999999
2022-10-19 11:00:00,0.0,52.4214,0.0,0.0,26.2107,0.0,0.0,705.8443
2022-10-19 12:00:00,0.0,0.0,0.0,0.0,0.0,0.0,0.0,670.4100999999999
2022-10-19 13:00:00,0.0,129.0866,0.0,0.0,64.5433,0.0,0.0,555.7416999999999
2022-10-19 14:00:00,0.0,470.9208,0.0,0.0,235.4604,0.0,0.0,386.91459999999995
2022-10-19 15:00:00,0.0,977.455,0.0,0.0,488.7275,0.0,0.0,197.6475
2022-10-19 16:00:00,0.0,1442.12,9.8248857,0.0,721.06,34.3871,0.0,4.547899999999999
2022-10-19 17:00:00,0.0,1442.12,21.084286,0.0,721.06,73.795,0.0,0.0
2022-10-19 18:00:00,0.0,1442.12,82.25,0.0,721.06,287.875,0.0,0.0
2022-10-19 19:00:00,0.0,1442.12,34.424286,0.0,721.06,120.485,0.0,0.0
2022-10-19 20:00:00,0.0,1442.12,34.618571,0.0,721.06,121.165,0.0,0.0
2022-10-19 21:00:00,0.0,1442.12,24.558571,0.0,721.06,85.955,0.0,0.0
2022-10-19 22:00:00,0.0,1442.12,28.075714,0.0,721.06,98.265,0.0,0.0
2022-10-19 23:00:00,0.0,1442.12,31.952857,0.0,721.06,111.835,0.0,0.0
2022-10-20 00:00:00,0.0,1442.12,25.015714,0.0,721.06,87.555,0.0,0.0
2022-10-20 01:00:00,0.0,1442.12,17.281429,0.0,721.06,60.485,0.0,0.0
2022-10-20 02:00:00,0.0,1442.12,13.255714,0.0,721.06,46.395,0.0,0.0
2022-10-20 03:00:00,0.0,1442.12,13.455714,0.0,721.06,47.095,0.0,0.0
2022-10-20 04:00:00,0.0,1442.12,9.0014286,0.0,721.06,31.505,0.0,0.0
2022-10-20 05:00:00,0.0,1442.12,7.1785714,0.0,721.06,25.125,0.0,0.0
2022-10-20 06:00:00,0.0,1331.3646,0.0,0.0,665.6823,0.0,0.0,120.44269999999999
2022-10-20 07:00:00,0.0,1106.5836,0.0,0.0,553.2918,0.0,0.0,326.1932
2022-10-20 08:00:00,0.0,764.7672,0.0,0.0,382.3836,0.0,0.0,501.6414
2022-10-20 09:00:00,0.0,522.6366,0.0,0.0,261.3183,0.0,0.0,629.1066999999999
2022-10-20 10:00:00,0.0,408.2146,0.0,0.0,204.1073,0.0,0.0,688.0177
2022-10-20 11:00:00,0.0,313.0018,0.0,0.0,156.5009,0.0,0.0,701.6541
2022-10-20 12:00:00,0.0,105.9682,0.0,0.0,52.9841,0.0,0.0,657.2409
2022-10-20 13:00:00,0.0,234.3136,0.0,0.0,117.1568,0.0,0.0,543.3682
2022-10-20 14:00:00,0.0,692.1102,0.0,0.0,346.0551,0.0,0.0,363.26989999999995
2022-10-20 15:00:00,0.0,1050.8984,0.0,0.0,525.4492,0.0,0.0,195.9758
2022-10-20 16:00:00,0.0,1442.12,15.747571,0.0,721.06,55.1165,0.0,3.2485
2022-10-20 17:00:00,0.0,1442.12,29.961429,0.0,721.06,104.865,0.0,0.0
2022-10-20 18:00:00,0.0,1442.12,76.967143,0.0,721.06,269.385,0.0,0.0
2022-10-20 19:00:00,0.0,1442.12,31.618571,0.0,721.06,110.665,0.0,0.0
2022-10-20 20:00:00,0.0,1442.12,29.161429,0.0,721.06,102.065,0.0,0.0
2022-10-20 21:00:00,0.0,1442.12,38.952857,0.0,721.06,136.335,0.0,0.0
2022-10-20 22:00:00,0.0,1442.12,2.0528571,0.0,721.06,7.185,0.0,0.0
2022-10-20 23:00:00,0.0,1442.12,8.8471429,0.0,721.06,30.965,0.0,0.0
2022-10-21 00:00:00,0.0,1442.12,15.661429,0.0,721.06,54.815,0.0,0.0
2022-10-21 01:00:00,0.0,1442.12,15.39,0.0,721.06,53.865,0.0,0.0
2022-10-21 02:00:00,0.0,1442.12,14.898571,0.0,721.06,52.145,0.0,0.0
2022-10-21 03:00:00,0.0,1442.12,16.547143,0.0,721.06,57.915,0.0,0.0
2022-10-21 04:00:00,0.0,1442.12,13.727143,0.0,721.06,48.045,0.0,0.0
2022-10-21 05:00:00,0.0,1442.12,22.495714,0.0,721.06,78.735,0.0,0.0
2022-10-21 06:00:00,0.0,1438.3692,0.0,0.0,719.1846,0.0,0.0,114.23039999999997
2022-10-21 07:00:00,0.0,1141.0296,0.0,0.0,570.5148,0.0,0.0,312.9802
2022-10-21 08:00:00,0.0,772.1414,0.0,0.0,386.0707,0.0,0.0,485.3843
2022-10-21 09:00:00,0.0,557.714,0.0,0.0,278.857,0.0,0.0,595.388
2022-10-21 10:00:00,0.0,306.8752,0.0,0.0,153.4376,0.0,0.0,661.6574
2022-10-21 11:00:00,0.0,358.0546,0.0,0.0,179.0273,0.0,0.0,652.9776999999999
2022-10-21 12:00:00,0.0,216.4488,0.0,0.0,108.2244,0.0,0.0,603.1406
2022-10-21 13:00:00,0.0,299.4376,0.0,0.0,149.7188,0.0,0.0,530.6662
2022-10-21 14:00:00,0.0,571.4448,0.0,0.0,285.7224,0.0,0.0,380.7826
2022-10-21 15:00:00,0.0,1083.0948,0.0,0.0,541.5474,0.0,0.0,192.8076
2022-10-21 16:00:00,0.0,1442.12,7.4874,0.0,721.06,26.2059,0.0,1.9490999999999998
2022-10-21 17:00:00,0.0,1442.12,18.43,0.0,721.06,64.505,0.0,0.0
2022-10-21 18:00:00,0.0,1442.12,41.155714,0.0,721.06,144.045,0.0,0.0
2022-10-21 19:00:00,0.0,1371.71,0.0,0.0,685.855,0.0,0.0,0.0
2022-10-21 20:00:00,0.0,1392.03,0.0,0.0,696.015,0.0,0.0,0.0
2022-10-21 21:00:00,0.0,1299.39,0.0,0.0,649.695,0.0,0.0,0.0
2022-10-21 22:00:00,0.0,1167.07,0.0,0.0,583.535,0.0,0.0,0.0
2022-10-21 23:00:00,0.0,1098.35,0.0,0.0,549.175,0.0,0.0,0.0
2022-10-22 00:00:00,0.0,1058.89,0.0,0.0,529.445,0.0,0.0,0.0
2022-10-22 01:00:00,0.0,1022.37,0.0,0.0,511.185,0.0,0.0,0.0
2022-10-22 02:00:00,0.0,1020.87,0.0,0.0,510.435,0.0,0.0,0.0
2022-10-22 03:00:00,0.0,1119.17,0.0,0.0,559.585,0.0,0.0,0.0
2022-10-22 04:00:00,0.0,1238.37,0.0,0.0,619.185,0.0,0.0,0.0
2022-10-22 05:00:00,0.0,1442.12,30.807143,0.0,721.06,107.825,0.0,0.0
2022-10-22 06:00:00,0.0,1442.12,20.375286,0.0,721.06,71.3135,0.0,121.5815
2022-10-22 07:00:00,0.0,990.4326,0.0,0.0,495.2163,0.0,0.0,331.5587
2022-10-22 08:00:00,0.0,427.6638,0.0,0.0,213.8319,0.0,0.0,499.66309999999993
2022-10-22 09:00:00,0.0,107.6552,0.0,0.0,53.8276,0.0,0.0,614.2074
2022-10-22 10:00:00,0.0,0.0,0.0,0.0,0.0,0.0,0.0,696.201
2022-10-22 11:00:00,0.0,4.525,0.0,0.0,2.2625,0.0,0.0,694.4125
2022-10-22 12:00:00,0.0,0.0,0.0,0.0,0.0,0.0,0.0,645.8236999999999
2022-10-22 13:00:00,0.0,85.9758,0.0,0.0,42.9879,0.0,0.0,536.7470999999999
2022-10-22 14:00:00,0.0,461.9468,0.0,0.0,230.9734,0.0,0.0,372.24159999999995
2022-10-22 15:00:00,0.0,818.5044,0.0,0.0,409.2522,0.0,0.0,189.3328
2022-10-22 16:00:00,0.0,1440.21,0.0,0.0,720.105,0.0,0.0,0.0
2022-10-22 17:00:00,0.0,1442.12,15.155714,0.0,721.06,53.045,0.0,0.0
2022-10-22 18:00:00,0.0,1442.12,61.481429,0.0,721.06,215.185,0.0,0.0
2022-10-22 19:00:00,0.0,1442.12,22.99,0.0,721.06,80.465,0.0,0.0
2022-10-22 20:00:00,0.0,1442.12,6.9814286,0.0,721.06,24.435,0.0,0.0
2022-10-22 21:00:00,0.0,1442.12,16.41,0.0,721.06,57.435,0.0,0.0
2022-10-22 22:00:00,0.0,1393.23,0.0,0.0,696.615,0.0,0.0,0.0
2022-10-22 23:00:00,0.0,1404.39,0.0,0.0,702.195,0.0,0.0,0.0
2022-10-23 00:00:00,0.0,1312.47,0.0,0.0,656.235,0.0,0.0,0.0
2022-10-23 01:00:00,0.0,1365.53,0.0,0.0,682.765,0.0,0.0,0.0
2022-10-23 02:00:00,0.0,1338.29,0.0,0.0,669.145,0.0,0.0,0.0
2022-10-23 03:00:00,0.0,1426.59,0.0,0.0,713.295,0.0,0.0,0.0
2022-10-23 04:00:00,0.0,1409.17,0.0,0.0,704.585,0.0,0.0,0.0
2022-10-23 05:00:00,0.0,1442.12,69.261429,0.0,721.06,242.415,0.0,0.0
2022-10-23 06:00:00,0.0,1442.12,14.350943,0.0,721.06,50.2283,0.0,110.07670000000002
2022-10-23 07:00:00,0.0,1051.323,0.0,0.0,525.6615,0.0,0.0,318.2435
2022-10-23 08:00:00,0.0,493.9774,0.0,0.0,246.9887,0.0,0.0,484.9463
2022-10-23 09:00:00,0.0,203.1308,0.0,0.0,101.5654,0.0,0.0,610.6596
2022-10-23 10:00:00,0.0,58.4598,0.0,0.0,29.2299,0.0,0.0,682.4551
2022-10-23 11:00:00,0.0,123.6236,0.0,0.0,61.8118,0.0,0.0,691.1931999999999
2022-10-23 12:00:00,0.0,36.5244,0.0,0.0,18.2622,0.0,0.0,637.5527999999999
2022-10-23 13:00:00,0.0,284.054,0.0,0.0,142.027,0.0,0.0,528.958
2022-10-23 14:00:00,0.0,586.069,0.0,0.0,293.0345,0.0,0.0,374.3805
2022-10-23 15:00:00,0.0,1017.3966,0.0,0.0,508.6983,0.0,0.0,183.80669999999998
2022-10-23 16:00:00,0.0,1442.12,11.17,0.0,721.06,39.095,0.0,0.0
2022-10-23 17:00:00,0.0,1442.12,34.664286,0.0,721.06,121.325,0.0,0.0
2022-10-23 18:00:00,0.0,1442.12,64.932857,0.0,721.06,227.265,0.0,0.0
2022-10-23 19:00:00,0.0,1442.12,35.132857,0.0,721.06,122.965,0.0,0.0
2022-10-23 20:00:00,0.0,1442.12,42.235714,0.0,721.06,147.825,0.0,0.0
2022-10-23 21:00:00,0.0,1442.12,17.315714,0.0,721.06,60.605,0.0,0.0
2022-10-23 22:00:00,0.0,1436.53,0.0,0.0,718.265,0.0,0.0,0.0
2022-10-23 23:00:00,0.0,1366.55,0.0,0.0,683.275,0.0,0.0,0.0
2022-10-24 00:00:00,0.0,1372.03,0.0,0.0,686.015,0.0,0.0,0.0
2022-10-24 01:00:00,0.0,1377.05,0.0,0.0,688.525,0.0,0.0,0.0
2022-10-24 02:00:00,0.0,1393.81,0.0,0.0,696.905,0.0,0.0,0.0
2022-10-24 03:00:00,0.0,1430.11,0.0,0.0,715.055,0.0,0.0,0.0
2022-10-24 04:00:00,0.0,1442.12,11.964286,0.0,721.06,41.875,0.0,0.0
2022-10-24 05:00:00,0.0,1442.12,63.424286,0.0,721.06,221.985,0.0,0.0
2022-10-24 06:00:00,0.0,1442.12,40.829171,0.0,721.06,142.9021,0.0,118.79289999999999
2022-10-24 07:00:00,0.0,1111.205,0.0,0.0,555.6025,0.0,0.0,332.3325
2022-10-24 08:00:00,0.0,542.9442,0.0,0.0,271.4721,0.0,0.0,502.7729
2022-10-24 09:00:00,0.0,183.7718,0.0,0.0,91.8859,0.0,0.0,626.8290999999999
2022-10-24 10:00:00,0.0,0.0,0.0,0.0,0.0,0.0,0.0,679.9804
2022-10-24 11:00:00,0.0,44.8922,0.0,0.0,22.4461,0.0,0.0,681.7689
2022-10-24 12:00:00,0.0,0.0,0.0,0.0,0.0,0.0,0.0,650.0285
2022-10-24 13:00:00,0.0,55.8446,0.0,0.0,27.9223,0.0,0.0,527.0527
2022-10-24 14:00:00,0.0,408.8656,0.0,0.0,204.4328,0.0,0.0,376.7822
2022-10-24 15:00:00,0.0,859.8804,0.0,0.0,429.9402,0.0,0.0,185.2448
2022-10-24 16:00:00,0.0,1351.31,0.0,0.0,675.655,0.0,0.0,0.0
2022-10-24 17:00:00,0.0,1442.12,2.5985714,0.0,721.06,9.095,0.0,0.0
2022-10-24 18:00:00,0.0,1442.12,58.098571,0.0,721.06,203.345,0.0,0.0
2022-10-24 19:00:00,0.0,1442.12,26.724286,0.0,721.06,93.535,0.0,0.0
2022-10-24 20:00:00,0.0,1442.12,10.141429,0.0,721.06,35.495,0.0,0.0
2022-10-24 21:00:00,0.0,1442.12,0.40142857,0.0,721.06,1.405,0.0,0.0
2022-10-24 22:00:00,0.0,1363.31,0.0,0.0,681.655,0.0,0.0,0.0
2022-10-24 23:00:00,0.0,1319.13,0.0,0.0,659.565,0.0,0.0,0.0
2022-10-25 00:00:00,0.0,1347.49,0.0,0.0,673.745,0.0,0.0,0.0
2022-10-25 01:00:00,0.0,1336.03,0.0,0.0,668.015,0.0,0.0,0.0
2022-10-25 02:00:00,0.0,1364.87,0.0,0.0,682.435,0.0,0.0,0.0
2022-10-25 03:00:00,0.0,1415.61,0.0,0.0,707.805,0.0,0.0,0.0
2022-10-25 04:00:00,0.0,1442.12,2.5757143,0.0,721.06,9.015,0.0,0.0
2022-10-25 05:00:00,0.0,1442.12,56.07,0.0,721.06,196.245,0.0,0.0
2022-10-25 06:00:00,0.0,1442.12,36.054486,0.0,721.06,126.1907,0.0,108.70429999999999
2022-10-25 07:00:00,0.0,1092.6268,0.0,0.0,546.3134,0.0,0.0,326.2516
2022-10-25 08:00:00,0.0,582.0554,0.0,0.0,291.0277,0.0,0.0,500.0573
2022-10-25 09:00:00,0.0,175.9988,0.0,0.0,87.9994,0.0,0.0,627.5956
2022-10-25 10:00:00,0.0,0.0,0.0,0.0,0.0,0.0,0.0,697.3252
2022-10-25 11:00:00,0.0,0.0,0.0,0.0,0.0,0.0,0.0,704.8442
2022-10-25 12:00:00,0.0,0.0,0.0,0.0,0.0,0.0,0.0,636.5672999999999
2022-10-25 13:00:00,0.0,103.7682,0.0,0.0,51.8841,0.0,0.0,527.3009000000001
2022-10-25 14:00:00,0.0,433.8896,0.0,0.0,216.9448,0.0,0.0,363.35020000000003
2022-10-25 15:00:00,0.0,948.4188,0.0,0.0,474.2094,0.0,0.0,176.4556
2022-10-25 16:00:00,0.0,1442.12,6.1871429,0.0,721.06,21.655,0.0,0.0
2022-10-25 17:00:00,0.0,1442.12,19.27,0.0,721.06,67.445,0.0,0.0
2022-10-25 18:00:00,0.0,1442.12,52.295714,0.0,721.06,183.035,0.0,0.0
2022-10-25 19:00:00,0.0,1442.12,17.104286,0.0,721.06,59.865,0.0,0.0
2022-10-25 20:00:00,0.0,1442.12,19.715714,0.0,721.06,69.005,0.0,0.0
2022-10-25 21:00:00,0.0,1442.12,17.155714,0.0,721.06,60.045,0.0,0.0
2022-10-25 22:00:00,0.0,1442.12,2.7957143,0.0,721.06,9.785,0.0,0.0
2022-10-25 23:00:00,0.0,1381.27,0.0,0.0,690.635,0.0,0.0,0.0
2022-10-26 00:00:00,0.0,1438.29,0.0,0.0,719.145,0.0,0.0,0.0
2022-10-26 01:00:00,0.0,1442.12,5.7442857,0.0,721.06,20.105,0.0,0.0
2022-10-26 02:00:00,0.0,1442.12,11.481429,0.0,721.06,40.185,0.0,0.0
2022-10-26 03:00:00,0.0,1442.12,14.284286,0.0,721.06,49.995,0.0,0.0
2022-10-26 04:00:00,0.0,1442.12,17.744286,0.0,721.06,62.105,0.0,0.0
2022-10-26 05:00:00,0.0,1442.12,71.898571,0.0,721.06,251.645,0.0,0.0
2022-10-26 06:00:00,0.0,1442.12,55.521971,0.0,721.06,194.3269,0.0,101.4481
2022-10-26 07:00:00,0.0,1204.7148,0.0,0.0,602.3574,0.0,0.0,309.6076
2022-10-26 08:00:00,0.0,625.917,0.0,0.0,312.9585,0.0,0.0,482.5665
2022-10-26 09:00:00,0.0,304.6424,0.0,0.0,152.3212,0.0,0.0,608.8638
2022-10-26 10:00:00,0.0,39.8468,0.0,0.0,19.9234,0.0,0.0,670.8116
2022-10-26 11:00:00,0.0,78.0342,0.0,0.0,39.0171,0.0,0.0,683.4479
2022-10-26 12:00:00,0.0,70.2868,0.0,0.0,35.1434,0.0,0.0,630.6616
2022-10-26 13:00:00,0.0,209.8532,0.0,0.0,104.9266,0.0,0.0,518.3584
2022-10-26 14:00:00,0.0,603.1276,0.0,0.0,301.5638,0.0,0.0,365.32120000000003
2022-10-26 15:00:00,0.0,1072.3942,0.0,0.0,536.1971,0.0,0.0,170.9879
2022-10-26 16:00:00,0.0,1442.12,19.018571,0.0,721.06,66.565,0.0,0.0
2022-10-26 17:00:00,0.0,1442.12,25.272857,0.0,721.06,88.455,0.0,0.0
2022-10-26 18:00:00,0.0,1442.12,70.324286,0.0,721.06,246.135,0.0,0.0
2022-10-26 19:00:00,0.0,1442.12,27.555714,0.0,721.06,96.445,0.0,0.0
2022-10-26 20:00:00,0.0,1442.12,25.441429,0.0,721.06,89.045,0.0,0.0
2022-10-26 21:00:00,0.0,1442.12,22.824286,0.0,721.06,79.885,0.0,0.0
2022-10-26 22:00:00,0.0,1442.12,25.238571,0.0,721.06,88.335,0.0,0.0
2022-10-26 23:00:00,0.0,1442.12,21.252857,0.0,721.06,74.385,0.0,0.0
2022-10-27 00:00:00,0.0,1442.12,14.75,0.0,721.06,51.625,0.0,0.0
2022-10-27 01:00:00,0.0,1442.12,10.215714,0.0,721.06,35.755,0.0,0.0
2022-10-27 02:00:00,0.0,1442.12,7.2357143,0.0,721.06,25.325,0.0,0.0
2022-10-27 03:00:00,0.0,1442.12,9.1214286,0.0,721.06,31.925,0.0,0.0
2022-10-27 04:00:00,0.0,1442.12,10.001429,0.0,721.06,35.005,0.0,0.0
2022-10-27 05:00:00,0.0,1442.12,10.41,0.0,721.06,36.435,0.0,0.0
2022-10-27 06:00:00,0.0,1417.0924,0.0,0.0,708.5462,0.0,0.0,96.03880000000001
2022-10-27 07:00:00,0.0,1178.2682,0.0,0.0,589.1341,0.0,0.0,288.5909
2022-10-27 08:00:00,0.0,887.5292,0.0,0.0,443.7646,0.0,0.0,451.49039999999997
2022-10-27 09:00:00,0.0,828.685,0.0,0.0,414.3425,0.0,0.0,546.9525
2022-10-27 10:00:00,0.0,692.6088,0.0,0.0,346.3044,0.0,0.0,625.7706
2022-10-27 11:00:00,0.0,705.576,0.0,0.0,352.788,0.0,0.0,627.727
2022-10-27 12:00:00,0.0,493.315,0.0,0.0,246.6575,0.0,0.0,567.7575
2022-10-27 13:00:00,0.0,671.8352,0.0,0.0,335.9176,0.0,0.0,485.7274
2022-10-27 14:00:00,0.0,892.48,0.0,0.0,446.24,0.0,0.0,336.165
2022-10-27 15:00:00,0.0,1332.2022,0.0,0.0,666.1011,0.0,0.0,151.4239
2022-10-27 16:00:00,0.0,1442.12,31.927143,0.0,721.06,111.745,0.0,0.0
2022-10-27 17:00:00,0.0,1442.12,25.521429,0.0,721.06,89.325,0.0,0.0
2022-10-27 18:00:00,0.0,1442.12,68.25,0.0,721.06,238.875,0.0,0.0
2022-10-27 19:00:00,0.0,1442.12,20.401429,0.0,721.06,71.405,0.0,0.0
2022-10-27 20:00:00,0.0,1442.12,14.987143,0.0,721.06,52.455,0.0,0.0
2022-10-27 21:00:00,0.0,1442.12,18.144286,0.0,721.06,63.505,0.0,0.0
2022-10-27 22:00:00,0.0,1442.12,12.995714,0.0,721.06,45.485,0.0,0.0
2022-10-27 23:00:00,0.0,1442.12,3.0785714,0.0,721.06,10.775,0.0,0.0
2022-10-28 00:00:00,0.0,1442.12,11.912857,0.0,721.06,41.695,0.0,0.0
2022-10-28 01:00:00,0.0,1442.12,12.564286,0.0,721.06,43.975,0.0,0.0
2022-10-28 02:00:00,0.0,1442.12,2.3528571,0.0,721.06,8.235,0.0,0.0
2022-10-28 03:00:00,0.0,1442.12,7.5042857,0.0,721.06,26.265,0.0,0.0
2022-10-28 04:00:00,0.0,1442.12,7.1214286,0.0,721.06,24.925,0.0,0.0
2022-10-28 05:00:00,0.0,1442.12,13.161429,0.0,721.06,46.065,0.0,0.0
2022-10-28 06:00:00,0.0,1435.3352,0.0,0.0,717.6676,0.0,0.0,85.6874
2022-10-28 07:00:00,0.0,1215.5314,0.0,0.0,607.7657,0.0,0.0,290.8393
2022-10-28 08:00:00,0.0,860.8984,0.0,0.0,430.4492,0.0,0.0,463.88579999999996
2022-10-28 09:00:00,0.0,797.618,0.0,0.0,398.809,0.0,0.0,587.796
2022-10-28 10:00:00,0.0,578.7474,0.0,0.0,289.3737,0.0,0.0,659.0513
2022-10-28 11:00:00,0.0,580.1022,0.0,0.0,290.0511,0.0,0.0,666.8039
2022-10-28 12:00:00,0.0,302.9744,0.0,0.0,151.4872,0.0,0.0,618.9377999999999
2022-10-28 13:00:00,0.0,578.8674,0.0,0.0,289.4337,0.0,0.0,511.5913
2022-10-28 14:00:00,0.0,866.4074,0.0,0.0,433.2037,0.0,0.0,344.4213
2022-10-28 15:00:00,0.0,1365.2968,0.0,0.0,682.6484,0.0,0.0,152.8766
2022-10-28 16:00:00,0.0,1442.12,37.904286,0.0,721.06,132.665,0.0,0.0
2022-10-28 17:00:00,0.0,1442.12,49.875714,0.0,721.06,174.565,0.0,0.0
2022-10-28 18:00:00,0.0,1442.12,107.16714,0.0,721.06,375.085,0.0,0.0
2022-10-28 19:00:00,0.0,1442.12,60.018571,0.0,721.06,210.065,0.0,0.0
2022-10-28 20:00:00,0.0,1442.12,59.132857,0.0,721.06,206.965,0.0,0.0
2022-10-28 21:00:00,0.0,1442.12,49.904286,0.0,721.06,174.665,0.0,0.0
2022-10-28 22:00:00,0.0,1442.12,47.384286,0.0,721.06,165.845,0.0,0.0
2022-10-28 23:00:00,0.0,1442.12,31.71,0.0,721.06,110.985,0.0,0.0
2022-10-29 00:00:00,0.0,1442.12,28.052857,0.0,721.06,98.185,0.0,0.0
2022-10-29 01:00:00,0.0,1442.12,26.375714,0.0,721.06,92.315,0.0,0.0
2022-10-29 02:00:00,0.0,1442.12,20.352857,0.0,721.06,71.235,0.0,0.0
2022-10-29 03:00:00,0.0,1442.12,13.632857,0.0,721.06,47.715,0.0,0.0
2022-10-29 04:00:00,0.0,1442.12,14.018571,0.0,721.06,49.065,0.0,0.0
2022-10-29 05:00:00,0.0,1442.12,17.787143,0.0,721.06,62.255,0.0,0.0
2022-10-29 06:00:00,0.0,1442.12,48.429371,0.0,721.06,169.5028,0.0,90.62219999999999
2022-10-29 07:00:00,0.0,1442.12,13.526029,0.0,721.06,47.3411,0.0,303.99389999999994
2022-10-29 08:00:00,0.0,812.9542,0.0,0.0,406.4771,0.0,0.0,465.9078999999999
2022-10-29 09:00:00,0.0,440.354,0.0,0.0,220.177,0.0,0.0,590.278
2022-10-29 10:00:00,0.0,316.5946,0.0,0.0,158.2973,0.0,0.0,667.5776999999999
2022-10-29 11:00:00,0.0,311.8026,0.0,0.0,155.9013,0.0,0.0,674.2937
2022-10-29 12:00:00,0.0,156.6394,0.0,0.0,78.3197,0.0,0.0,635.5452999999999
2022-10-29 13:00:00,0.0,430.5052,0.0,0.0,215.2526,0.0,0.0,513.1024
2022-10-29 14:00:00,0.0,638.636,0.0,0.0,319.318,0.0,0.0,362.007
2022-10-29 15:00:00,0.0,1123.1524,0.0,0.0,561.5762,0.0,0.0,163.9288
2022-10-29 16:00:00,0.0,1442.12,8.9528571,0.0,721.06,31.335,0.0,0.0
2022-10-29 17:00:00,0.0,1442.12,31.135714,0.0,721.06,108.975,0.0,0.0
2022-10-29 18:00:00,0.0,1442.12,74.244286,0.0,721.06,259.855,0.0,0.0
2022-10-29 19:00:00,0.0,1442.12,43.298571,0.0,721.06,151.545,0.0,0.0
2022-10-29 20:00:00,0.0,1442.12,19.547143,0.0,721.06,68.415,0.0,0.0
2022-10-29 21:00:00,0.0,1442.12,24.004286,0.0,721.06,84.015,0.0,0.0
2022-10-29 22:00:00,0.0,1442.12,5.4757143,0.0,721.06,19.165,0.0,0.0
2022-10-29 23:00:00,0.0,1442.12,8.0185714,0.0,721.06,28.065,0.0,0.0
2022-10-30 00:00:00,0.0,1442.12,1.0357143,0.0,721.06,3.625,0.0,0.0
2022-10-30 01:00:00,0.0,1404.87,0.0,0.0,702.435,0.0,0.0,0.0
2022-10-30 02:00:00,0.0,1396.93,0.0,0.0,698.465,0.0,0.0,0.0
2022-10-30 03:00:00,0.0,1437.07,0.0,0.0,718.535,0.0,0.0,0.0
2022-10-30 04:00:00,0.0,1442.12,3.7557143,0.0,721.06,13.145,0.0,0.0
2022-10-30 05:00:00,0.0,1442.12,9.9042857,0.0,721.06,34.665,0.0,0.0
2022-10-30 06:00:00,0.0,1442.12,30.541314,0.0,721.06,106.8946,0.0,97.4404
2022-10-30 07:00:00,0.0,1341.743,0.0,0.0,670.8715,0.0,0.0,313.1335
2022-10-30 08:00:00,0.0,664.8938,0.0,0.0,332.4469,0.0,0.0,478.85810000000004
2022-10-30 09:00:00,0.0,391.5822,0.0,0.0,195.7911,0.0,0.0,613.5139
2022-10-30 10:00:00,0.0,114.4598,0.0,0.0,57.2299,0.0,0.0,677.3451
2022-10-30 11:00:00,0.0,145.441,0.0,0.0,72.7205,0.0,0.0,689.5945
2022-10-30 12:00:00,0.0,176.172,0.0,0.0,88.086,0.0,0.0,635.319
2022-10-30 13:00:00,0.0,309.1682,0.0,0.0,154.5841,0.0,0.0,521.4608999999999
2022-10-30 14:00:00,0.0,542.6896,0.0,0.0,271.3448,0.0,0.0,364.8102
2022-10-30 15:00:00,0.0,975.6052,0.0,0.0,487.8026,0.0,0.0,164.89239999999998
2022-10-30 16:00:00,0.0,1377.99,0.0,0.0,688.995,0.0,0.0,0.0
2022-10-30 17:00:00,0.0,1417.93,0.0,0.0,708.965,0.0,0.0,0.0
2022-10-30 18:00:00,0.0,1442.12,43.81,0.0,721.06,153.335,0.0,0.0
2022-10-30 19:00:00,0.0,1442.12,8.7414286,0.0,721.06,30.595,0.0,0.0
2022-10-30 20:00:00,0.0,1442.12,10.904286,0.0,721.06,38.165,0.0,0.0
2022-10-30 21:00:00,0.0,1442.12,1.2957143,0.0,721.06,4.535,0.0,0.0
2022-10-30 22:00:00,0.0,1252.35,0.0,0.0,626.175,0.0,0.0,0.0
2022-10-30 23:00:00,0.0,1250.91,0.0,0.0,625.455,0.0,0.0,0.0
2022-10-31 00:00:00,0.0,1166.07,0.0,0.0,583.035,0.0,0.0,0.0
2022-10-31 01:00:00,0.0,1078.65,0.0,0.0,539.325,0.0,0.0,0.0
2022-10-31 02:00:00,0.0,1078.47,0.0,0.0,539.235,0.0,0.0,0.0
2022-10-31 03:00:00,0.0,1085.75,0.0,0.0,542.875,0.0,0.0,0.0
2022-10-31 04:00:00,0.0,1101.01,0.0,0.0,550.505,0.0,0.0,0.0
2022-10-31 05:00:00,0.0,1255.31,0.0,0.0,627.655,0.0,0.0,0.0
2022-10-31 06:00:00,0.0,1341.7606,0.0,0.0,670.8803,0.0,0.0,98.1047
2022-10-31 07:00:00,0.0,1202.9768,0.0,0.0,601.4884,0.0,0.0,319.3166
2022-10-31 08:00:00,0.0,478.7788,0.0,0.0,239.3894,0.0,0.0,488.1656
2022-10-31 09:00:00,0.0,163.0058,0.0,0.0,81.5029,0.0,0.0,607.9221
2022-10-31 10:00:00,0.0,0.0,0.0,0.0,0.0,0.0,0.0,676.126
2022-10-31 11:00:00,0.0,58.9348,0.0,0.0,29.4674,0.0,0.0,678.2576
2022-10-31 12:00:00,0.0,0.0,0.0,0.0,0.0,0.0,0.0,634.078
2022-10-31 13:00:00,0.0,205.356,0.0,0.0,102.678,0.0,0.0,518.957
2022-10-31 14:00:00,0.0,506.878,0.0,0.0,253.439,0.0,0.0,365.876
2022-10-31 15:00:00,0.0,893.2754,0.0,0.0,446.6377,0.0,0.0,169.3673
2022-10-31 16:00:00,0.0,1246.19,0.0,0.0,623.095,0.0,0.0,0.0
2022-10-31 17:00:00,0.0,1372.73,0.0,0.0,686.365,0.0,0.0,0.0
2022-10-31 18:00:00,0.0,1442.12,35.392857,0.0,721.06,123.875,0.0,0.0
2022-10-31 19:00:00,0.0,1442.12,6.7385714,0.0,721.06,23.585,0.0,0.0
2022-10-31 20:00:00,0.0,1442.12,2.7214286,0.0,721.06,9.525,0.0,0.0
2022-10-31 21:00:00,0.0,1442.12,8.11,0.0,721.06,28.385,0.0,0.0
2022-10-31 22:00:00,0.0,1413.75,0.0,0.0,706.875,0.0,0.0,0.0
2022-10-31 23:00:00,0.0,1302.71,0.0,0.0,651.355,0.0,0.0,0.0
2022-11-01 00:00:00,0.0,1258.81,0.0,0.0,629.405,0.0,0.0,0.0
2022-11-01 01:00:00,0.0,1312.63,0.0,0.0,656.315,0.0,0.0,0.0
2022-11-01 02:00:00,0.0,1286.49,0.0,0.0,643.245,0.0,0.0,0.0
2022-11-01 03:00:00,0.0,1275.47,0.0,0.0,637.735,0.0,0.0,0.0
2022-11-01 04:00:00,0.0,1303.03,0.0,0.0,651.515,0.0,0.0,0.0
2022-11-01 05:00:00,0.0,1359.17,0.0,0.0,679.585,0.0,0.0,0.0
2022-11-01 06:00:00,0.0,1442.12,0.62765714,0.0,721.06,2.1968,0.0,93.6882
2022-11-01 07:00:00,0.0,1316.3932,0.0,0.0,658.1966,0.0,0.0,314.68839999999994
2022-11-01 08:00:00,0.0,583.5178,0.0,0.0,291.7589,0.0,0.0,484.4060999999999
2022-11-01 09:00:00,0.0,117.9278,0.0,0.0,58.9639,0.0,0.0,609.6011
2022-11-01 10:00:00,0.0,16.0738,0.0,0.0,8.0369,0.0,0.0,676.6881
2022-11-01 11:00:00,0.0,140.0472,0.0,0.0,70.0236,0.0,0.0,679.0314000000001
2022-11-01 12:00:00,0.0,0.0,0.0,0.0,0.0,0.0,0.0,621.2737999999999
2022-11-01 13:00:00,0.0,268.544,0.0,0.0,134.272,0.0,0.0,505.233
2022-11-01 14:00:00,0.0,535.694,0.0,0.0,267.847,0.0,0.0,334.048
2022-11-01 15:00:00,0.0,976.6648,0.0,0.0,488.3324,0.0,0.0,159.5926
2022-11-01 16:00:00,0.0,1366.97,0.0,0.0,683.485,0.0,0.0,0.0
2022-11-01 17:00:00,0.0,1335.73,0.0,0.0,667.865,0.0,0.0,0.0
2022-11-01 18:00:00,0.0,1442.12,50.404286,0.0,721.06,176.415,0.0,0.0
2022-11-01 19:00:00,0.0,1407.89,0.0,0.0,703.945,0.0,0.0,0.0
2022-11-01 20:00:00,0.0,1427.05,0.0,0.0,713.525,0.0,0.0,0.0
2022-11-01 21:00:00,0.0,1396.65,0.0,0.0,698.325,0.0,0.0,0.0
2022-11-01 22:00:00,0.0,1402.23,0.0,0.0,701.115,0.0,0.0,0.0
2022-11-01 23:00:00,0.0,1208.59,0.0,0.0,604.295,0.0,0.0,0.0
2022-11-02 00:00:00,0.0,1164.07,0.0,0.0,582.035,0.0,0.0,0.0
2022-11-02 01:00:00,0.0,1132.39,0.0,0.0,566.195,0.0,0.0,0.0
2022-11-02 02:00:00,0.0,1150.75,0.0,0.0,575.375,0.0,0.0,0.0
2022-11-02 03:00:00,0.0,1126.77,0.0,0.0,563.385,0.0,0.0,0.0
2022-11-02 04:00:00,0.0,1135.31,0.0,0.0,567.655,0.0,0.0,0.0
2022-11-02 05:00:00,0.0,1182.41,0.0,0.0,591.205,0.0,0.0,0.0
2022-11-02 06:00:00,0.0,1153.6188,0.0,0.0,576.8094,0.0,0.0,99.8056
2022-11-02 07:00:00,0.0,1029.6666,0.0,0.0,514.8333,0.0,0.0,314.1117
2022-11-02 08:00:00,0.0,502.0702,0.0,0.0,251.0351,0.0,0.0,482.9899
2022-11-02 09:00:00,0.0,178.0256,0.0,0.0,89.0128,0.0,0.0,600.1622
2022-11-02 10:00:00,0.0,43.1528,0.0,0.0,21.5764,0.0,0.0,655.4086
2022-11-02 11:00:00,0.0,123.172,0.0,0.0,61.586,0.0,0.0,673.279
2022-11-02 12:00:00,0.0,0.0,0.0,0.0,0.0,0.0,0.0,605.0312999999999
2022-11-02 13:00:00,0.0,317.9852,0.0,0.0,158.9926,0.0,0.0,486.0923999999999
2022-11-02 14:00:00,0.0,606.7082,0.0,0.0,303.3541,0.0,0.0,329.4709
2022-11-02 15:00:00,0.0,980.414,0.0,0.0,490.207,0.0,0.0,159.578
2022-11-02 16:00:00,0.0,1442.12,0.31571429,0.0,721.06,1.105,0.0,0.0
2022-11-02 17:00:00,0.0,1423.07,0.0,0.0,711.535,0.0,0.0,0.0
2022-11-02 18:00:00,0.0,1442.12,28.05,0.0,721.06,98.175,0.0,0.0
2022-11-02 19:00:00,0.0,1360.99,0.0,0.0,680.495,0.0,0.0,0.0
2022-11-02 20:00:00,0.0,1350.31,0.0,0.0,675.155,0.0,0.0,0.0
2022-11-02 21:00:00,0.0,1336.49,0.0,0.0,668.245,0.0,0.0,0.0
2022-11-02 22:00:00,0.0,1238.67,0.0,0.0,619.335,0.0,0.0,0.0
2022-11-02 23:00:00,0.0,1248.47,0.0,0.0,624.235,0.0,0.0,0.0
2022-11-03 00:00:00,0.0,1229.71,0.0,0.0,614.855,0.0,0.0,0.0
2022-11-03 01:00:00,0.0,1142.93,0.0,0.0,571.465,0.0,0.0,0.0
2022-11-03 02:00:00,0.0,1144.31,0.0,0.0,572.155,0.0,0.0,0.0
2022-11-03 03:00:00,0.0,1131.51,0.0,0.0,565.755,0.0,0.0,0.0
2022-11-03 04:00:00,0.0,1142.07,0.0,0.0,571.035,0.0,0.0,0.0
2022-11-03 05:00:00,0.0,1158.73,0.0,0.0,579.365,0.0,0.0,0.0
2022-11-03 06:00:00,0.0,1017.1934,0.0,0.0,508.5967,0.0,0.0,85.1983
2022-11-03 07:00:00,0.0,809.8386,0.0,0.0,404.9193,0.0,0.0,294.9857
2022-11-03 08:00:00,0.0,476.6066,0.0,0.0,238.3033,0.0,0.0,460.11170000000004
2022-11-03 09:00:00,0.0,268.4848,0.0,0.0,134.2424,0.0,0.0,572.7726
2022-11-03 10:00:00,0.0,293.3328,0.0,0.0,146.6664,0.0,0.0,632.0486
2022-11-03 11:00:00,0.0,455.8802,0.0,0.0,227.9401,0.0,0.0,622.7849
2022-11-03 12:00:00,0.0,435.8728,0.0,0.0,217.9364,0.0,0.0,542.2586
2022-11-03 13:00:00,0.0,509.5004,0.0,0.0,254.7502,0.0,0.0,462.64480000000003
2022-11-03 14:00:00,0.0,851.6824,0.0,0.0,425.8412,0.0,0.0,313.9438
2022-11-03 15:00:00,0.0,1053.0232,0.0,0.0,526.5116,0.0,0.0,150.0734
2022-11-03 16:00:00,0.0,1351.33,0.0,0.0,675.665,0.0,0.0,0.0
2022-11-03 17:00:00,0.0,1404.53,0.0,0.0,702.265,0.0,0.0,0.0
2022-11-03 18:00:00,0.0,1442.12,44.524286,0.0,721.06,155.835,0.0,0.0
2022-11-03 19:00:00,0.0,1442.12,18.255714,0.0,721.06,63.895,0.0,0.0
2022-11-03 20:00:00,0.0,1442.12,9.77,0.0,721.06,34.195,0.0,0.0
2022-11-03 21:00:00,0.0,1442.12,3.17,0.0,721.06,11.095,0.0,0.0
2022-11-03 22:00:00,0.0,1442.12,2.7985714,0.0,721.06,9.795,0.0,0.0
2022-11-03 23:00:00,0.0,1395.53,0.0,0.0,697.765,0.0,0.0,0.0
2022-11-04 00:00:00,0.0,1380.17,0.0,0.0,690.085,0.0,0.0,0.0
2022-11-04 01:00:00,0.0,1375.57,0.0,0.0,687.785,0.0,0.0,0.0
2022-11-04 02:00:00,0.0,1358.33,0.0,0.0,679.165,0.0,0.0,0.0
2022-11-04 03:00:00,0.0,1341.49,0.0,0.0,670.745,0.0,0.0,0.0
2022-11-04 04:00:00,0.0,1365.21,0.0,0.0,682.605,0.0,0.0,0.0
2022-11-04 05:00:00,0.0,1359.97,0.0,0.0,679.985,0.0,0.0,0.0
2022-11-04 06:00:00,0.0,1285.4892,0.0,0.0,642.7446,0.0,0.0,48.5304
2022-11-04 07:00:00,0.0,1124.2352,0.0,0.0,562.1176,0.0,0.0,234.60739999999998
2022-11-04 08:00:00,0.0,872.0828,0.0,0.0,436.0414,0.0,0.0,334.5736
2022-11-04 09:00:00,0.0,1405.8882,0.0,0.0,702.9441,0.0,0.0,136.7509
2022-11-04 10:00:00,0.0,1442.12,24.094829,0.0,721.06,84.3319,0.0,38.3031
2022-11-04 11:00:00,0.0,1442.12,24.200486,0.0,721.06,84.7017,0.0,51.98329999999999
2022-11-04 12:00:00,0.0,1415.4164,0.0,0.0,707.7082,0.0,0.0,41.7268
2022-11-04 13:00:00,0.0,1192.5276,0.0,0.0,596.2638,0.0,0.0,82.0812
2022-11-04 14:00:00,0.0,1206.2786,0.0,0.0,603.1393,0.0,0.0,42.405699999999996
2022-11-04 15:00:00,0.0,1442.12,1.9970286,0.0,721.06,6.9896,0.0,21.885399999999997
2022-11-04 16:00:00,0.0,1442.12,9.73,0.0,721.06,34.055,0.0,0.0
2022-11-04 17:00:00,0.0,1442.12,21.984286,0.0,721.06,76.945,0.0,0.0
2022-11-04 18:00:00,0.0,1442.12,74.698571,0.0,721.06,261.445,0.0,0.0
2022-11-04 19:00:00,0.0,1442.12,49.112857,0.0,721.06,171.895,0.0,0.0
2022-11-04 20:00:00,0.0,1442.12,48.71,0.0,721.06,170.485,0.0,0.0
2022-11-04 21:00:00,0.0,1442.12,22.198571,0.0,721.06,77.695,0.0,0.0
2022-11-04 22:00:00,0.0,1442.12,6.2814286,0.0,721.06,21.985,0.0,0.0
2022-11-04 23:00:00,0.0,1309.23,0.0,0.0,654.615,0.0,0.0,0.0
2022-11-05 00:00:00,0.0,1235.23,0.0,0.0,617.615,0.0,0.0,0.0
2022-11-05 01:00:00,0.0,1198.93,0.0,0.0,599.465,0.0,0.0,0.0
2022-11-05 02:00:00,0.0,1176.23,0.0,0.0,588.115,0.0,0.0,0.0
2022-11-05 03:00:00,0.0,1198.69,0.0,0.0,599.345,0.0,0.0,0.0
2022-11-05 04:00:00,0.0,1177.21,0.0,0.0,588.605,0.0,0.0,0.0
2022-11-05 05:00:00,0.0,1283.55,0.0,0.0,641.775,0.0,0.0,0.0
2022-11-05 06:00:00,0.0,1442.12,18.115971,0.0,721.06,63.4059,0.0,67.64909999999999
2022-11-05 07:00:00,0.0,1442.12,17.245686,0.0,721.06,60.3599,0.0,164.8851
2022-11-05 08:00:00,0.0,574.5122,0.0,0.0,287.2561,0.0,0.0,414.58889999999997
2022-11-05 09:00:00,0.0,435.6742,0.0,0.0,217.8371,0.0,0.0,454.2279
2022-11-05 10:00:00,0.0,274.9442,0.0,0.0,137.4721,0.0,0.0,518.8329
2022-11-05 11:00:00,0.0,1123.8066,0.0,0.0,561.9033,0.0,0.0,146.94169999999997
2022-11-05 12:00:00,0.0,716.0776,0.0,0.0,358.0388,0.0,0.0,270.7862
2022-11-05 13:00:00,0.0,1158.9016,0.0,0.0,579.4508,0.0,0.0,26.674200000000003
2022-11-05 14:00:00,0.0,856.1284,0.0,0.0,428.0642,0.0,0.0,191.96079999999998
2022-11-05 15:00:00,0.0,1107.2668,0.0,0.0,553.6334,0.0,0.0,42.2816
2022-11-05 16:00:00,0.0,1308.65,0.0,0.0,654.325,0.0,0.0,0.0
2022-11-05 17:00:00,0.0,1386.87,0.0,0.0,693.435,0.0,0.0,0.0
2022-11-05 18:00:00,0.0,1442.12,55.301429,0.0,721.06,193.555,0.0,0.0
2022-11-05 19:00:00,0.0,1442.12,17.684286,0.0,721.06,61.895,0.0,0.0
2022-11-05 20:00:00,0.0,1442.12,10.218571,0.0,721.06,35.765,0.0,0.0
2022-11-05 21:00:00,0.0,1442.12,31.81,0.0,721.06,111.335,0.0,0.0
2022-11-05 22:00:00,0.0,1442.12,4.7042857,0.0,721.06,16.465,0.0,0.0
2022-11-05 23:00:00,0.0,1326.45,0.0,0.0,663.225,0.0,0.0,0.0
2022-11-06 00:00:00,0.0,1247.33,0.0,0.0,623.665,0.0,0.0,0.0
2022-11-06 01:00:00,0.0,1207.03,0.0,0.0,603.515,0.0,0.0,0.0
2022-11-06 02:00:00,0.0,1209.57,0.0,0.0,604.785,0.0,0.0,0.0
2022-11-06 03:00:00,0.0,1216.33,0.0,0.0,608.165,0.0,0.0,0.0
2022-11-06 04:00:00,0.0,1240.59,0.0,0.0,620.295,0.0,0.0,0.0
2022-11-06 05:00:00,0.0,1289.13,0.0,0.0,644.565,0.0,0.0,0.0
2022-11-06 06:00:00,0.0,1442.12,24.439714,0.0,721.06,85.539,0.0,23.506000000000004
2022-11-06 07:00:00,0.0,1442.12,41.372286,0.0,721.06,144.803,0.0,49.932
2022-11-06 08:00:00,0.0,972.1902,0.0,0.0,486.0951,0.0,0.0,196.0999
2022-11-06 09:00:00,0.0,1145.1196,0.0,0.0,572.5598,0.0,0.0,106.0252
2022-11-06 10:00:00,0.0,1146.8352,0.0,0.0,573.4176,0.0,0.0,82.7674
2022-11-06 11:00:00,0.0,930.109,0.0,0.0,465.0545,0.0,0.0,261.9605
2022-11-06 12:00:00,0.0,1068.9422,0.0,0.0,534.4711,0.0,0.0,93.0239
2022-11-06 13:00:00,0.0,1192.3912,0.0,0.0,596.1956,0.0,0.0,45.8294
2022-11-06 14:00:00,0.0,1130.8866,0.0,0.0,565.4433,0.0,0.0,29.411699999999996
2022-11-06 15:00:00,0.0,1183.3944,0.0,0.0,591.6972,0.0,0.0,23.2578
2022-11-06 16:00:00,0.0,1282.91,0.0,0.0,641.455,0.0,0.0,0.0
2022-11-06 17:00:00,0.0,1431.79,0.0,0.0,715.895,0.0,0.0,0.0
2022-11-06 18:00:00,0.0,1442.12,42.43,0.0,721.06,148.505,0.0,0.0
2022-11-06 19:00:00,0.0,1442.12,23.172857,0.0,721.06,81.105,0.0,0.0
2022-11-06 20:00:00,0.0,1442.12,8.8671429,0.0,721.06,31.035,0.0,0.0
2022-11-06 21:00:00,0.0,1422.69,0.0,0.0,711.345,0.0,0.0,0.0
2022-11-06 22:00:00,0.0,1377.45,0.0,0.0,688.725,0.0,0.0,0.0
2022-11-06 23:00:00,0.0,1275.93,0.0,0.0,637.965,0.0,0.0,0.0
2022-11-07 00:00:00,0.0,1242.13,0.0,0.0,621.065,0.0,0.0,0.0
2022-11-07 01:00:00,0.0,1202.13,0.0,0.0,601.065,0.0,0.0,0.0
2022-11-07 02:00:00,0.0,1181.59,0.0,0.0,590.795,0.0,0.0,0.0
2022-11-07 03:00:00,0.0,1201.27,0.0,0.0,600.635,0.0,0.0,0.0
2022-11-07 04:00:00,0.0,1215.55,0.0,0.0,607.775,0.0,0.0,0.0
2022-11-07 05:00:00,0.0,1293.93,0.0,0.0,646.965,0.0,0.0,0.0
2022-11-07 06:00:00,0.0,1442.12,12.658143,0.0,721.06,44.3035,0.0,79.9715
2022-11-07 07:00:00,0.0,1442.12,39.000771,0.0,721.06,136.5027,0.0,119.3623
2022-11-07 08:00:00,0.0,520.6382,0.0,0.0,260.3191,0.0,0.0,436.4158999999999
2022-11-07 09:00:00,0.0,364.5134,0.0,0.0,182.2567,0.0,0.0,501.2983
2022-11-07 10:00:00,0.0,111.112,0.0,0.0,55.556,0.0,0.0,599.549
2022-11-07 11:00:00,0.0,229.2984,0.0,0.0,114.6492,0.0,0.0,596.0157999999999
2022-11-07 12:00:00,0.0,151.1214,0.0,0.0,75.5607,0.0,0.0,563.4943
2022-11-07 13:00:00,0.0,395.9396,0.0,0.0,197.9698,0.0,0.0,492.19519999999994
2022-11-07 14:00:00,0.0,696.3676,0.0,0.0,348.1838,0.0,0.0,320.7912
2022-11-07 15:00:00,0.0,985.7238,0.0,0.0,492.8619,0.0,0.0,135.3931
2022-11-07 16:00:00,0.0,1384.85,0.0,0.0,692.425,0.0,0.0,0.0
2022-11-07 17:00:00,0.0,1442.12,5.0471429,0.0,721.06,17.665,0.0,0.0
2022-11-07 18:00:00,0.0,1442.12,54.284286,0.0,721.06,189.995,0.0,0.0
2022-11-07 19:00:00,0.0,1442.12,23.73,0.0,721.06,83.055,0.0,0.0
2022-11-07 20:00:00,0.0,1442.12,17.467143,0.0,721.06,61.135,0.0,0.0
2022-11-07 21:00:00,0.0,1442.12,11.787143,0.0,721.06,41.255,0.0,0.0
2022-11-07 22:00:00,0.0,1433.45,0.0,0.0,716.725,0.0,0.0,0.0
2022-11-07 23:00:00,0.0,1374.55,0.0,0.0,687.275,0.0,0.0,0.0
2022-11-08 00:00:00,0.0,1308.83,0.0,0.0,654.415,0.0,0.0,0.0
2022-11-08 01:00:00,0.0,1249.17,0.0,0.0,624.585,0.0,0.0,0.0
2022-11-08 02:00:00,0.0,1260.29,0.0,0.0,630.145,0.0,0.0,0.0
2022-11-08 03:00:00,0.0,1257.23,0.0,0.0,628.615,0.0,0.0,0.0
2022-11-08 04:00:00,0.0,1271.75,0.0,0.0,635.875,0.0,0.0,0.0
2022-11-08 05:00:00,0.0,1341.31,0.0,0.0,670.655,0.0,0.0,0.0
2022-11-08 06:00:00,0.0,1442.12,14.158371,0.0,721.06,49.5543,0.0,80.7307
2022-11-08 07:00:00,0.0,1382.1256,0.0,0.0,691.0628,0.0,0.0,296.48220000000003
2022-11-08 08:00:00,0.0,542.4654,0.0,0.0,271.2327,0.0,0.0,461.73230000000007
2022-11-08 09:00:00,0.0,220.8008,0.0,0.0,110.4004,0.0,0.0,571.6046
2022-11-08 10:00:00,0.0,43.057,0.0,0.0,21.5285,0.0,0.0,632.2165
2022-11-08 11:00:00,0.0,181.9616,0.0,0.0,90.9808,0.0,0.0,634.0341999999999
2022-11-08 12:00:00,0.0,120.006,0.0,0.0,60.003,0.0,0.0,582.832
2022-11-08 13:00:00,0.0,254.1854,0.0,0.0,127.0927,0.0,0.0,496.7723
2022-11-08 14:00:00,0.0,639.7068,0.0,0.0,319.8534,0.0,0.0,304.35159999999996
2022-11-08 15:00:00,0.0,1029.246,0.0,0.0,514.623,0.0,0.0,125.852
2022-11-08 16:00:00,0.0,1335.61,0.0,0.0,667.805,0.0,0.0,0.0
2022-11-08 17:00:00,0.0,1442.12,3.8242857,0.0,721.06,13.385,0.0,0.0
2022-11-08 18:00:00,0.0,1442.12,42.667143,0.0,721.06,149.335,0.0,0.0
2022-11-08 19:00:00,0.0,1442.12,21.247143,0.0,721.06,74.365,0.0,0.0
2022-11-08 20:00:00,0.0,1442.12,22.978571,0.0,721.06,80.425,0.0,0.0
2022-11-08 21:00:00,0.0,1442.12,14.898571,0.0,721.06,52.145,0.0,0.0
2022-11-08 22:00:00,0.0,1442.12,6.8157143,0.0,721.06,23.855,0.0,0.0
2022-11-08 23:00:00,0.0,1388.11,0.0,0.0,694.055,0.0,0.0,0.0
2022-11-09 00:00:00,0.0,1271.67,0.0,0.0,635.835,0.0,0.0,0.0
2022-11-09 01:00:00,0.0,1256.19,0.0,0.0,628.095,0.0,0.0,0.0
2022-11-09 02:00:00,0.0,1241.93,0.0,0.0,620.965,0.0,0.0,0.0
2022-11-09 03:00:00,0.0,1237.97,0.0,0.0,618.985,0.0,0.0,0.0
2022-11-09 04:00:00,0.0,1256.85,0.0,0.0,628.425,0.0,0.0,0.0
2022-11-09 05:00:00,0.0,1290.77,0.0,0.0,645.385,0.0,0.0,0.0
2022-11-09 06:00:00,0.0,1442.12,21.535343,0.0,721.06,75.3737,0.0,72.8613
2022-11-09 07:00:00,0.0,1263.5002,0.0,0.0,631.7501,0.0,0.0,285.52489999999995
2022-11-09 08:00:00,0.0,569.6456,0.0,0.0,284.8228,0.0,0.0,448.3222
2022-11-09 09:00:00,0.0,272.9828,0.0,0.0,136.4914,0.0,0.0,557.2236
2022-11-09 10:00:00,0.0,96.8266,0.0,0.0,48.4133,0.0,0.0,633.1216999999999
2022-11-09 11:00:00,0.0,254.57,0.0,0.0,127.285,0.0,0.0,613.93
2022-11-09 12:00:00,0.0,124.2362,0.0,0.0,62.1181,0.0,0.0,583.6569000000001
2022-11-09 13:00:00,0.0,342.177,0.0,0.0,171.0885,0.0,0.0,484.0265
2022-11-09 14:00:00,0.0,677.5192,0.0,0.0,338.7596,0.0,0.0,329.94539999999995
2022-11-09 15:00:00,0.0,992.5416,0.0,0.0,496.2708,0.0,0.0,144.2042
2022-11-09 16:00:00,0.0,1392.05,0.0,0.0,696.025,0.0,0.0,0.0
2022-11-09 17:00:00,0.0,1442.12,0.32142857,0.0,721.06,1.125,0.0,0.0
2022-11-09 18:00:00,0.0,1442.12,39.338571,0.0,721.06,137.685,0.0,0.0
2022-11-09 19:00:00,0.0,1431.19,0.0,0.0,715.595,0.0,0.0,0.0
2022-11-09 20:00:00,0.0,1364.05,0.0,0.0,682.025,0.0,0.0,0.0
2022-11-09 21:00:00,0.0,1350.39,0.0,0.0,675.195,0.0,0.0,0.0
2022-11-09 22:00:00,0.0,1302.71,0.0,0.0,651.355,0.0,0.0,0.0
2022-11-09 23:00:00,0.0,1288.05,0.0,0.0,644.025,0.0,0.0,0.0
2022-11-10 00:00:00,0.0,1261.57,0.0,0.0,630.785,0.0,0.0,0.0
2022-11-10 01:00:00,0.0,1206.35,0.0,0.0,603.175,0.0,0.0,0.0
2022-11-10 02:00:00,0.0,1193.45,0.0,0.0,596.725,0.0,0.0,0.0
2022-11-10 03:00:00,0.0,1203.93,0.0,0.0,601.965,0.0,0.0,0.0
2022-11-10 04:00:00,0.0,1207.41,0.0,0.0,603.705,0.0,0.0,0.0
2022-11-10 05:00:00,0.0,1219.05,0.0,0.0,609.525,0.0,0.0,0.0
2022-11-10 06:00:00,0.0,1151.0764,0.0,0.0,575.5382,0.0,0.0,48.2968
2022-11-10 07:00:00,0.0,943.0578,0.0,0.0,471.5289,0.0,0.0,214.30610000000001
2022-11-10 08:00:00,0.0,641.5908,0.0,0.0,320.7954,0.0,0.0,401.14959999999996
2022-11-10 09:00:00,0.0,504.2822,0.0,0.0,252.1411,0.0,0.0,521.5339
2022-11-10 10:00:00,0.0,684.3942,0.0,0.0,342.1971,0.0,0.0,473.20789999999994
2022-11-10 11:00:00,0.0,626.8104,0.0,0.0,313.4052,0.0,0.0,563.0197999999999
2022-11-10 12:00:00,0.0,834.661,0.0,0.0,417.3305,0.0,0.0,357.4445
2022-11-10 13:00:00,0.0,721.4954,0.0,0.0,360.7477,0.0,0.0,352.59729999999996
2022-11-10 14:00:00,0.0,1124.1402,0.0,0.0,562.0701,0.0,0.0,197.1949
2022-11-10 15:00:00,0.0,1345.7586,0.0,0.0,672.8793,0.0,0.0,64.3057
2022-11-10 16:00:00,0.0,1437.25,0.0,0.0,718.625,0.0,0.0,0.0
2022-11-10 17:00:00,0.0,1442.12,12.064286,0.0,721.06,42.225,0.0,0.0
2022-11-10 18:00:00,0.0,1442.12,48.004286,0.0,721.06,168.015,0.0,0.0
2022-11-10 19:00:00,0.0,1442.12,3.9985714,0.0,721.06,13.995,0.0,0.0
2022-11-10 20:00:00,0.0,1412.95,0.0,0.0,706.475,0.0,0.0,0.0
2022-11-10 21:00:00,0.0,1328.59,0.0,0.0,664.295,0.0,0.0,0.0
2022-11-10 22:00:00,0.0,1330.29,0.0,0.0,665.145,0.0,0.0,0.0
2022-11-10 23:00:00,0.0,1252.39,0.0,0.0,626.195,0.0,0.0,0.0
2022-11-11 00:00:00,0.0,1243.57,0.0,0.0,621.785,0.0,0.0,0.0
2022-11-11 01:00:00,0.0,1173.65,0.0,0.0,586.825,0.0,0.0,0.0
2022-11-11 02:00:00,0.0,1160.09,0.0,0.0,580.045,0.0,0.0,0.0
2022-11-11 03:00:00,0.0,1154.97,0.0,0.0,577.485,0.0,0.0,0.0
2022-11-11 04:00:00,0.0,1163.83,0.0,0.0,581.915,0.0,0.0,0.0
2022-11-11 05:00:00,0.0,1162.53,0.0,0.0,581.265,0.0,0.0,0.0
2022-11-11 06:00:00,0.0,1068.3664,0.0,0.0,534.1832,0.0,0.0,55.23179999999999
2022-11-11 07:00:00,0.0,848.729,0.0,0.0,424.3645,0.0,0.0,253.9305
2022-11-11 08:00:00,0.0,1009.0336,0.0,0.0,504.5168,0.0,0.0,163.76819999999998
2022-11-11 09:00:00,0.0,1174.068,0.0,0.0,587.034,0.0,0.0,157.461
2022-11-11 10:00:00,0.0,700.3338,0.0,0.0,350.1669,0.0,0.0,438.7081
2022-11-11 11:00:00,0.0,1246.5572,0.0,0.0,623.2786,0.0,0.0,268.40639999999996
2022-11-11 12:00:00,0.0,387.2044,0.0,0.0,193.6022,0.0,0.0,575.5028
2022-11-11 13:00:00,0.0,559.494,0.0,0.0,279.747,0.0,0.0,459.608
2022-11-11 14:00:00,0.0,809.1932,0.0,0.0,404.5966,0.0,0.0,329.28839999999997
2022-11-11 15:00:00,0.0,1155.947,0.0,0.0,577.9735,0.0,0.0,139.8315
2022-11-11 16:00:00,0.0,1442.12,2.9242857,0.0,721.06,10.235,0.0,0.0
2022-11-11 17:00:00,0.0,1442.12,10.715714,0.0,721.06,37.505,0.0,0.0
2022-11-11 18:00:00,0.0,1442.12,59.75,0.0,721.06,209.125,0.0,0.0
2022-11-11 19:00:00,0.0,1442.12,38.541429,0.0,721.06,134.895,0.0,0.0
2022-11-11 20:00:00,0.0,1442.12,14.175714,0.0,721.06,49.615,0.0,0.0
2022-11-11 21:00:00,0.0,1442.12,6.3014286,0.0,721.06,22.055,0.0,0.0
2022-11-11 22:00:00,0.0,1377.41,0.0,0.0,688.705,0.0,0.0,0.0
2022-11-11 23:00:00,0.0,1263.23,0.0,0.0,631.615,0.0,0.0,0.0
2022-11-12 00:00:00,0.0,1222.81,0.0,0.0,611.405,0.0,0.0,0.0
2022-11-12 01:00:00,0.0,1172.45,0.0,0.0,586.225,0.0,0.0,0.0
2022-11-12 02:00:00,0.0,1167.57,0.0,0.0,583.785,0.0,0.0,0.0
2022-11-12 03:00:00,0.0,1162.95,0.0,0.0,581.475,0.0,0.0,0.0
2022-11-12 04:00:00,0.0,1184.13,0.0,0.0,592.065,0.0,0.0,0.0
2022-11-12 05:00:00,0.0,1278.93,0.0,0.0,639.465,0.0,0.0,0.0
2022-11-12 06:00:00,0.0,1442.12,7.0507143,0.0,721.06,24.6775,0.0,20.9875
2022-11-12 07:00:00,0.0,1442.12,20.211229,0.0,721.06,70.7393,0.0,89.8557
2022-11-12 08:00:00,0.0,939.4484,0.0,0.0,469.7242,0.0,0.0,162.0308
2022-11-12 09:00:00,0.0,734.7992,0.0,0.0,367.3996,0.0,0.0,254.0254
2022-11-12 10:00:00,0.0,598.8512,0.0,0.0,299.4256,0.0,0.0,305.70939999999996
2022-11-12 11:00:00,0.0,888.5468,0.0,0.0,444.2734,0.0,0.0,230.6216
2022-11-12 12:00:00,0.0,969.5344,0.0,0.0,484.7672,0.0,0.0,110.12780000000001
2022-11-12 13:00:00,0.0,1024.1876,0.0,0.0,512.0938,0.0,0.0,82.0812
2022-11-12 14:00:00,0.0,1118.238,0.0,0.0,559.119,0.0,0.0,78.986
2022-11-12 15:00:00,0.0,1176.8896,0.0,0.0,588.4448,0.0,0.0,37.770199999999996
2022-11-12 16:00:00,0.0,1370.35,0.0,0.0,685.175,0.0,0.0,0.0
2022-11-12 17:00:00,0.0,1442.12,1.6785714,0.0,721.06,5.875,0.0,0.0
2022-11-12 18:00:00,0.0,1442.12,38.57,0.0,721.06,134.995,0.0,0.0
2022-11-12 19:00:00,0.0,1442.12,31.064286,0.0,721.06,108.725,0.0,0.0
2022-11-12 20:00:00,0.0,1442.12,2.0785714,0.0,721.06,7.275,0.0,0.0
2022-11-12 21:00:00,0.0,1442.12,7.4671429,0.0,721.06,26.135,0.0,0.0
2022-11-12 22:00:00,0.0,1402.75,0.0,0.0,701.375,0.0,0.0,0.0
2022-11-12 23:00:00,0.0,1360.15,0.0,0.0,680.075,0.0,0.0,0.0
2022-11-13 00:00:00,0.0,1303.55,0.0,0.0,651.775,0.0,0.0,0.0
2022-11-13 01:00:00,0.0,1248.95,0.0,0.0,624.475,0.0,0.0,0.0
2022-11-13 02:00:00,0.0,1232.91,0.0,0.0,616.455,0.0,0.0,0.0
2022-11-13 03:00:00,0.0,1239.35,0.0,0.0,619.675,0.0,0.0,0.0
2022-11-13 04:00:00,0.0,1277.55,0.0,0.0,638.775,0.0,0.0,0.0
2022-11-13 05:00:00,0.0,1424.31,0.0,0.0,712.155,0.0,0.0,0.0
2022-11-13 06:00:00,0.0,1442.12,17.430571,0.0,721.06,61.007,0.0,52.998
2022-11-13 07:00:00,0.0,1332.5144,0.0,0.0,666.2572,0.0,0.0,272.9178
2022-11-13 08:00:00,0.0,609.9688,0.0,0.0,304.9844,0.0,0.0,420.6405999999999
2022-11-13 09:00:00,0.0,400.2532,0.0,0.0,200.1266,0.0,0.0,527.1184000000001
2022-11-13 10:00:00,0.0,130.924,0.0,0.0,65.462,0.0,0.0,616.923
2022-11-13 11:00:00,0.0,311.0862,0.0,0.0,155.5431,0.0,0.0,586.9419
2022-11-13 12:00:00,0.0,947.431,0.0,0.0,473.7155,0.0,0.0,174.5795
2022-11-13 13:00:00,0.0,960.418,0.0,0.0,480.209,0.0,0.0,160.016
2022-11-13 14:00:00,0.0,738.8944,0.0,0.0,369.4472,0.0,0.0,269.9978
2022-11-13 15:00:00,0.0,1143.592,0.0,0.0,571.796,0.0,0.0,82.709
2022-11-13 16:00:00,0.0,1356.61,0.0,0.0,678.305,0.0,0.0,0.0
2022-11-13 17:00:00,0.0,1442.12,6.63,0.0,721.06,23.205,0.0,0.0
2022-11-13 18:00:00,0.0,1442.12,60.71,0.0,721.06,212.485,0.0,0.0
2022-11-13 19:00:00,0.0,1442.12,26.535714,0.0,721.06,92.875,0.0,0.0
2022-11-13 20:00:00,0.0,1442.12,21.99,0.0,721.06,76.965,0.0,0.0
2022-11-13 21:00:00,0.0,1442.12,24.187143,0.0,721.06,84.655,0.0,0.0
2022-11-13 22:00:00,0.0,1442.12,9.3014286,0.0,721.06,32.555,0.0,0.0
2022-11-13 23:00:00,0.0,1393.43,0.0,0.0,696.715,0.0,0.0,0.0
2022-11-14 00:00:00,0.0,1302.03,0.0,0.0,651.015,0.0,0.0,0.0
2022-11-14 01:00:00,0.0,1314.31,0.0,0.0,657.155,0.0,0.0,0.0
2022-11-14 02:00:00,0.0,1270.59,0.0,0.0,635.295,0.0,0.0,0.0
2022-11-14 03:00:00,0.0,1265.25,0.0,0.0,632.625,0.0,0.0,0.0
2022-11-14 04:00:00,0.0,1261.07,0.0,0.0,630.535,0.0,0.0,0.0
2022-11-14 05:00:00,0.0,1345.15,0.0,0.0,672.575,0.0,0.0,0.0
2022-11-14 06:00:00,0.0,1442.12,25.703943,0.0,721.06,89.9638,0.0,15.6512
2022-11-14 07:00:00,0.0,1442.12,37.118457,0.0,721.06,129.9146,0.0,130.2904
2022-11-14 08:00:00,0.0,940.3582,0.0,0.0,470.1791,0.0,0.0,254.64589999999998
2022-11-14 09:00:00,0.0,926.3314,0.0,0.0,463.1657,0.0,0.0,207.61929999999998
2022-11-14 10:00:00,0.0,685.5962,0.0,0.0,342.7981,0.0,0.0,329.6169
2022-11-14 11:00:00,0.0,364.7604,0.0,0.0,182.3802,0.0,0.0,537.1048
2022-11-14 12:00:00,0.0,610.7652,0.0,0.0,305.3826,0.0,0.0,332.06239999999997
2022-11-14 13:00:00,0.0,481.9464,0.0,0.0,240.9732,0.0,0.0,401.25180000000006
2022-11-14 14:00:00,0.0,638.708,0.0,0.0,319.354,0.0,0.0,327.551
2022-11-14 15:00:00,0.0,1059.975,0.0,0.0,529.9875,0.0,0.0,132.6775
2022-11-14 16:00:00,0.0,1317.09,0.0,0.0,658.545,0.0,0.0,0.0
2022-11-14 17:00:00,0.0,1442.12,14.015714,0.0,721.06,49.055,0.0,0.0
2022-11-14 18:00:00,0.0,1442.12,42.475714,0.0,721.06,148.665,0.0,0.0
2022-11-14 19:00:00,0.0,1442.12,16.435714,0.0,721.06,57.525,0.0,0.0
2022-11-14 20:00:00,0.0,1442.12,32.944286,0.0,721.06,115.305,0.0,0.0
2022-11-14 21:00:00,0.0,1442.12,23.972857,0.0,721.06,83.905,0.0,0.0
2022-11-14 22:00:00,0.0,1442.12,5.0842857,0.0,721.06,17.795,0.0,0.0
2022-11-14 23:00:00,0.0,1336.91,0.0,0.0,668.455,0.0,0.0,0.0
2022-11-15 00:00:00,0.0,1295.51,0.0,0.0,647.755,0.0,0.0,0.0
2022-11-15 01:00:00,0.0,1328.75,0.0,0.0,664.375,0.0,0.0,0.0
2022-11-15 02:00:00,0.0,1323.17,0.0,0.0,661.585,0.0,0.0,0.0
2022-11-15 03:00:00,0.0,1324.39,0.0,0.0,662.195,0.0,0.0,0.0
2022-11-15 04:00:00,0.0,1385.25,0.0,0.0,692.625,0.0,0.0,0.0
2022-11-15 05:00:00,0.0,1420.51,0.0,0.0,710.255,0.0,0.0,0.0
2022-11-15 06:00:00,0.0,1442.12,42.432171,0.0,721.06,148.5126,0.0,42.2524
2022-11-15 07:00:00,0.0,1442.12,19.309686,0.0,721.06,67.5839,0.0,157.7311
2022-11-15 08:00:00,0.0,794.0924,0.0,0.0,397.0462,0.0,0.0,380.00879999999995
2022-11-15 09:00:00,0.0,303.5096,0.0,0.0,151.7548,0.0,0.0,553.8802
2022-11-15 10:00:00,0.0,69.15,0.0,0.0,34.575,0.0,0.0,626.34
2022-11-15 11:00:00,0.0,150.3198,0.0,0.0,75.1599,0.0,0.0,607.2651
2022-11-15 12:00:00,0.0,154.7286,0.0,0.0,77.3643,0.0,0.0,528.2207
2022-11-15 13:00:00,0.0,539.6548,0.0,0.0,269.8274,0.0,0.0,351.94759999999997
2022-11-15 14:00:00,0.0,811.1876,0.0,0.0,405.5938,0.0,0.0,247.06119999999999
2022-11-15 15:00:00,0.0,1113.2956,0.0,0.0,556.6478,0.0,0.0,90.9872
2022-11-15 16:00:00,0.0,1342.89,0.0,0.0,671.445,0.0,0.0,0.0
2022-11-15 17:00:00,0.0,1401.87,0.0,0.0,700.935,0.0,0.0,0.0
2022-11-15 18:00:00,0.0,1442.12,48.601429,0.0,721.06,170.105,0.0,0.0
2022-11-15 19:00:00,0.0,1442.12,11.472857,0.0,721.06,40.155,0.0,0.0
2022-11-15 20:00:00,0.0,1442.12,16.675714,0.0,721.06,58.365,0.0,0.0
2022-11-15 21:00:00,0.0,1442.12,1.6442857,0.0,721.06,5.755,0.0,0.0
2022-11-15 22:00:00,0.0,1440.71,0.0,0.0,720.355,0.0,0.0,0.0
2022-11-15 23:00:00,0.0,1336.41,0.0,0.0,668.205,0.0,0.0,0.0
2022-11-16 00:00:00,0.0,1283.17,0.0,0.0,641.585,0.0,0.0,0.0
2022-11-16 01:00:00,0.0,1186.61,0.0,0.0,593.305,0.0,0.0,0.0
2022-11-16 02:00:00,0.0,1131.13,0.0,0.0,565.565,0.0,0.0,0.0
2022-11-16 03:00:00,0.0,1178.45,0.0,0.0,589.225,0.0,0.0,0.0
2022-11-16 04:00:00,0.0,1220.69,0.0,0.0,610.345,0.0,0.0,0.0
2022-11-16 05:00:00,0.0,1318.55,0.0,0.0,659.275,0.0,0.0,0.0
2022-11-16 06:00:00,0.0,1442.12,28.633714,0.0,721.06,100.218,0.0,33.507
2022-11-16 07:00:00,0.0,1442.12,0.6324,0.0,721.06,2.2134,0.0,205.8016
2022-11-16 08:00:00,0.0,998.2108,0.0,0.0,499.1054,0.0,0.0,307.70959999999997
2022-11-16 09:00:00,0.0,998.7058,0.0,0.0,499.3529,0.0,0.0,210.8021
2022-11-16 10:00:00,0.0,752.35,0.0,0.0,376.175,0.0,0.0,307.33
2022-11-16 11:00:00,0.0,479.0412,0.0,0.0,239.5206,0.0,0.0,492.95439999999996
2022-11-16 12:00:00,0.0,428.5162,0.0,0.0,214.2581,0.0,0.0,426.7068999999999
2022-11-16 13:00:00,0.0,389.1414,0.0,0.0,194.5707,0.0,0.0,431.36430000000007
2022-11-16 14:00:00,0.0,769.0244,0.0,0.0,384.5122,0.0,0.0,290.8028
2022-11-16 15:00:00,0.0,1148.4976,0.0,0.0,574.2488,0.0,0.0,140.84619999999998
2022-11-16 16:00:00,0.0,1442.12,7.4328571,0.0,721.06,26.015,0.0,0.0
2022-11-16 17:00:00,0.0,1442.12,18.43,0.0,721.06,64.505,0.0,0.0
2022-11-16 18:00:00,0.0,1442.12,49.492857,0.0,721.06,173.225,0.0,0.0
2022-11-16 19:00:00,0.0,1442.12,12.398571,0.0,721.06,43.395,0.0,0.0
2022-11-16 20:00:00,0.0,1442.12,5.1128571,0.0,721.06,17.895,0.0,0.0
2022-11-16 21:00:00,0.0,1442.12,11.995714,0.0,721.06,41.985,0.0,0.0
2022-11-16 22:00:00,0.0,1442.12,3.6528571,0.0,721.06,12.785,0.0,0.0
2022-11-16 23:00:00,0.0,1442.12,8.8785714,0.0,721.06,31.075,0.0,0.0
2022-11-17 00:00:00,0.0,1383.87,0.0,0.0,691.935,0.0,0.0,0.0
2022-11-17 01:00:00,0.0,1417.63,0.0,0.0,708.815,0.0,0.0,0.0
2022-11-17 02:00:00,0.0,1386.83,0.0,0.0,693.415,0.0,0.0,0.0
2022-11-17 03:00:00,0.0,1344.71,0.0,0.0,672.355,0.0,0.0,0.0
2022-11-17 04:00:00,0.0,1345.57,0.0,0.0,672.785,0.0,0.0,0.0
2022-11-17 05:00:00,0.0,1330.89,0.0,0.0,665.445,0.0,0.0,0.0
2022-11-17 06:00:00,0.0,1285.7434,0.0,0.0,642.8717,0.0,0.0,19.1333
2022-11-17 07:00:00,0.0,1442.12,7.1759714,0.0,721.06,25.1159,0.0,25.3091
2022-11-17 08:00:00,0.0,1432.7582,0.0,0.0,716.3791,0.0,0.0,67.0359
2022-11-17 09:00:00,0.0,1249.91,0.0,0.0,624.955,0.0,0.0,238.70999999999998
2022-11-17 10:00:00,0.0,539.943,0.0,0.0,269.9715,0.0,0.0,583.2335
2022-11-17 11:00:00,0.0,1285.3562,0.0,0.0,642.6781,0.0,0.0,328.88689999999997
2022-11-17 12:00:00,0.0,1311.7036,0.0,0.0,655.8518,0.0,0.0,192.6032
2022-11-17 13:00:00,0.0,1225.5204,0.0,0.0,612.7602,0.0,0.0,206.4148
2022-11-17 14:00:00,0.0,1333.5052,0.0,0.0,666.7526,0.0,0.0,105.0324
2022-11-17 15:00:00,0.0,1422.8394,0.0,0.0,711.4197,0.0,0.0,85.8553
2022-11-17 16:00:00,0.0,1442.12,17.655714,0.0,721.06,61.795,0.0,0.0
2022-11-17 17:00:00,0.0,1442.12,30.975714,0.0,721.06,108.415,0.0,0.0
2022-11-17 18:00:00,0.0,1442.12,70.198571,0.0,721.06,245.695,0.0,0.0
2022-11-17 19:00:00,0.0,1442.12,24.19,0.0,721.06,84.665,0.0,0.0
2022-11-17 20:00:00,0.0,1442.12,12.25,0.0,721.06,42.875,0.0,0.0
2022-11-17 21:00:00,0.0,1442.12,8.8557143,0.0,721.06,30.995,0.0,0.0
2022-11-17 22:00:00,0.0,1442.12,8.3814286,0.0,721.06,29.335,0.0,0.0
2022-11-17 23:00:00,0.0,1442.12,5.7357143,0.0,721.06,20.075,0.0,0.0
2022-11-18 00:00:00,0.0,1442.12,4.91,0.0,721.06,17.185,0.0,0.0
2022-11-18 01:00:00,0.0,1434.35,0.0,0.0,717.175,0.0,0.0,0.0
2022-11-18 02:00:00,0.0,1442.12,0.18428571,0.0,721.06,0.645,0.0,0.0
2022-11-18 03:00:00,0.0,1442.12,4.83,0.0,721.06,16.905,0.0,0.0
2022-11-18 04:00:00,0.0,1442.12,3.1185714,0.0,721.06,10.915,0.0,0.0
2022-11-18 05:00:00,0.0,1437.11,0.0,0.0,718.555,0.0,0.0,0.0
2022-11-18 06:00:00,0.0,1385.1818,0.0,0.0,692.5909,0.0,0.0,24.2141
2022-11-18 07:00:00,0.0,1437.9094,0.0,0.0,718.9547,0.0,0.0,51.18029999999999
2022-11-18 08:00:00,0.0,1111.496,0.0,0.0,555.748,0.0,0.0,222.57699999999997
2022-11-18 09:00:00,0.0,713.151,0.0,0.0,356.5755,0.0,0.0,514.0295
2022-11-18 10:00:00,0.0,1344.532,0.0,0.0,672.266,0.0,0.0,260.829
2022-11-18 11:00:00,0.0,1442.12,7.6432857,0.0,721.06,26.7515,0.0,216.7735
2022-11-18 12:00:00,0.0,1146.0026,0.0,0.0,573.0013,0.0,0.0,242.8637
2022-11-18 13:00:00,0.0,1442.12,3.2181429,0.0,721.06,11.2635,0.0,136.9115
2022-11-18 14:00:00,0.0,1292.3438,0.0,0.0,646.1719,0.0,0.0,198.1731
2022-11-18 15:00:00,0.0,1442.12,22.270514,0.0,721.06,77.9468,0.0,79.0882
2022-11-18 16:00:00,0.0,1442.12,55.97,0.0,721.06,195.895,0.0,0.0
2022-11-18 17:00:00,0.0,1442.12,53.661429,0.0,721.06,187.815,0.0,0.0
2022-11-18 18:00:00,0.0,1442.12,90.101429,0.0,721.06,315.355,0.0,0.0
2022-11-18 19:00:00,0.0,1442.12,50.972857,0.0,721.06,178.405,0.0,0.0
2022-11-18 20:00:00,0.0,1442.12,59.578571,0.0,721.06,208.525,0.0,0.0
2022-11-18 21:00:00,0.0,1442.12,41.264286,0.0,721.06,144.425,0.0,0.0
2022-11-18 22:00:00,0.0,1442.12,36.335714,0.0,721.06,127.175,0.0,0.0
2022-11-18 23:00:00,0.0,1442.12,19.972857,0.0,721.06,69.905,0.0,0.0
2022-11-19 00:00:00,0.0,1442.12,17.352857,0.0,721.06,60.735,0.0,0.0
2022-11-19 01:00:00,0.0,1442.12,13.127143,0.0,721.06,45.945,0.0,0.0
2022-11-19 02:00:00,0.0,1442.12,14.192857,0.0,721.06,49.675,0.0,0.0
2022-11-19 03:00:00,0.0,1442.12,16.255714,0.0,721.06,56.895,0.0,0.0
2022-11-19 04:00:00,0.0,1442.12,20.421429,0.0,721.06,71.475,0.0,0.0
2022-11-19 05:00:00,0.0,1442.12,36.124286,0.0,721.06,126.435,0.0,0.0
2022-11-19 06:00:00,0.0,1442.12,88.036543,0.0,721.06,308.1279,0.0,19.1771
2022-11-19 07:00:00,0.0,1442.12,100.27894,0.0,721.06,350.9763,0.0,63.6487
2022-11-19 08:00:00,0.0,1442.12,45.240029,0.0,721.06,158.3401,0.0,74.55489999999999
2022-11-19 09:00:00,0.0,1442.12,23.4868,0.0,721.06,82.2038,0.0,82.0812
2022-11-19 10:00:00,0.0,1442.12,19.941057,0.0,721.06,69.7937,0.0,88.9213
2022-11-19 11:00:00,0.0,1348.5012,0.0,0.0,674.2506,0.0,0.0,242.5644
2022-11-19 12:00:00,0.0,1208.359,0.0,0.0,604.1795,0.0,0.0,241.88550000000004
2022-11-19 13:00:00,0.0,1424.0564,0.0,0.0,712.0282,0.0,0.0,86.9868
2022-11-19 14:00:00,0.0,1442.12,17.316657,0.0,721.06,60.6083,0.0,34.8867
2022-11-19 15:00:00,0.0,1442.12,17.101229,0.0,721.06,59.8543,0.0,34.0107
2022-11-19 16:00:00,0.0,1442.12,52.898571,0.0,721.06,185.145,0.0,0.0
2022-11-19 17:00:00,0.0,1442.12,71.572857,0.0,721.06,250.505,0.0,0.0
2022-11-19 18:00:00,0.0,1442.12,119.48714,0.0,721.06,418.205,0.0,0.0
2022-11-19 19:00:00,0.0,1442.12,90.864286,0.0,721.06,318.025,0.0,0.0
2022-11-19 20:00:00,0.0,1442.12,81.97,0.0,721.06,286.895,0.0,0.0
2022-11-19 21:00:00,0.0,1442.12,81.084286,0.0,721.06,283.795,0.0,0.0
2022-11-19 22:00:00,0.0,1442.12,67.301429,0.0,721.06,235.555,0.0,0.0
2022-11-19 23:00:00,0.0,1442.12,50.258571,0.0,721.06,175.905,0.0,0.0
2022-11-20 00:00:00,0.0,1442.12,35.632857,0.0,721.06,124.715,0.0,0.0
2022-11-20 01:00:00,0.0,1442.12,32.632857,0.0,721.06,114.215,0.0,0.0
2022-11-20 02:00:00,0.0,1442.12,30.712857,0.0,721.06,107.495,0.0,0.0
2022-11-20 03:00:00,0.0,1442.12,33.452857,0.0,721.06,117.085,0.0,0.0
2022-11-20 04:00:00,0.0,1442.12,40.738571,0.0,721.06,142.585,0.0,0.0
2022-11-20 05:00:00,0.0,1442.12,52.91,0.0,721.06,185.185,0.0,0.0
2022-11-20 06:00:00,0.0,1442.12,101.33997,0.0,721.06,354.6899,0.0,1.3651
2022-11-20 07:00:00,0.0,1442.12,124.89743,0.0,721.06,437.141,0.0,23.944
2022-11-20 08:00:00,0.0,1442.12,63.866171,0.0,721.06,223.5316,0.0,58.82339999999999
2022-11-20 09:00:00,0.0,1442.12,39.516857,0.0,721.06,138.309,0.0,73.876
2022-11-20 10:00:00,0.0,1442.12,13.808143,0.0,721.06,48.3285,0.0,97.1265
2022-11-20 11:00:00,0.0,1442.12,13.887629,0.0,721.06,48.6067,0.0,123.15829999999998
2022-11-20 12:00:00,0.0,1327.2472,0.0,0.0,663.6236,0.0,0.0,157.0814
2022-11-20 13:00:00,0.0,1442.12,24.249057,0.0,721.06,84.8717,0.0,51.98329999999999
2022-11-20 14:00:00,0.0,1413.225,0.0,0.0,706.6125,0.0,0.0,141.0725
2022-11-20 15:00:00,0.0,1442.12,9.6132571,0.0,721.06,33.6464,0.0,99.87859999999999
2022-11-20 16:00:00,0.0,1442.12,44.684286,0.0,721.06,156.395,0.0,0.0
2022-11-20 17:00:00,0.0,1442.12,70.69,0.0,721.06,247.415,0.0,0.0
2022-11-20 18:00:00,0.0,1442.12,122.24429,0.0,721.06,427.855,0.0,0.0
2022-11-20 19:00:00,0.0,1442.12,105.98714,0.0,721.06,370.955,0.0,0.0
2022-11-20 20:00:00,0.0,1442.12,95.292857,0.0,721.06,333.525,0.0,0.0
2022-11-20 21:00:00,0.0,1442.12,105.08714,0.0,721.06,367.805,0.0,0.0
2022-11-20 22:00:00,0.0,1442.12,93.087143,0.0,721.06,325.805,0.0,0.0
2022-11-20 23:00:00,0.0,1442.12,99.281429,0.0,721.06,347.485,0.0,0.0
2022-11-21 00:00:00,0.0,1442.12,90.778571,0.0,721.06,317.725,0.0,0.0
2022-11-21 01:00:00,0.0,1442.12,88.075714,0.0,721.06,308.265,0.0,0.0
2022-11-21 02:00:00,0.0,1442.12,83.59,0.0,721.06,292.565,0.0,0.0
2022-11-21 03:00:00,0.0,1442.12,79.555714,0.0,721.06,278.445,0.0,0.0
2022-11-21 04:00:00,0.0,1442.12,81.227143,0.0,721.06,284.295,0.0,0.0
2022-11-21 05:00:00,0.0,1442.12,98.184286,0.0,721.06,343.645,0.0,0.0
2022-11-21 06:00:00,0.0,1442.12,195.09957,0.0,721.06,500.0,51.72,5.475
2022-11-21 07:00:00,0.0,1442.12,115.81963,0.0,721.06,405.3687,0.0,250.61629999999997
2022-11-21 08:00:00,0.0,1332.4432,0.0,0.0,666.2216,0.0,0.0,424.5534
2022-11-21 09:00:00,0.0,1143.9874,0.0,0.0,571.9937,0.0,0.0,480.93129999999996
2022-11-21 10:00:00,0.0,1442.12,21.992543,0.0,721.06,76.9739,0.0,208.83109999999996
2022-11-21 11:00:00,0.0,1166.7414,0.0,0.0,583.3707,0.0,0.0,479.54429999999996
2022-11-21 12:00:00,0.0,1129.1498,0.0,0.0,564.5749,0.0,0.0,409.8001
2022-11-21 13:00:00,0.0,1442.12,7.5968,0.0,721.06,26.5888,0.0,226.25619999999998
2022-11-21 14:00:00,0.0,1442.12,13.059943,0.0,721.06,45.7098,0.0,227.2052
2022-11-21 15:00:00,0.0,1442.12,57.3758,0.0,721.06,200.8153,0.0,88.24969999999999
2022-11-21 16:00:00,0.0,1442.12,85.17,0.0,721.06,298.095,0.0,0.0
2022-11-21 17:00:00,0.0,1442.12,108.26429,0.0,721.06,378.925,0.0,0.0
2022-11-21 18:00:00,0.0,1442.12,265.55916,0.0,721.06,500.0,121.475,0.0
2022-11-21 19:00:00,0.0,1442.12,136.22714,0.0,721.06,476.795,0.0,0.0
2022-11-21 20:00:00,0.0,1442.12,118.29857,0.0,721.06,414.045,0.0,0.0
2022-11-21 21:00:00,0.0,1442.12,83.51,0.0,721.06,292.285,0.0,0.0
2022-11-21 22:00:00,0.0,1442.12,74.664286,0.0,721.06,261.325,0.0,0.0
2022-11-21 23:00:00,0.0,1442.12,60.495714,0.0,721.06,211.735,0.0,0.0
2022-11-22 00:00:00,0.0,1442.12,45.878571,0.0,721.06,160.575,0.0,0.0
2022-11-22 01:00:00,0.0,1442.12,49.998571,0.0,721.06,174.995,0.0,0.0
2022-11-22 02:00:00,0.0,1442.12,52.701429,0.0,721.06,184.455,0.0,0.0
2022-11-22 03:00:00,0.0,1442.12,53.232857,0.0,721.06,186.315,0.0,0.0
2022-11-22 04:00:00,0.0,1442.12,61.767143,0.0,721.06,216.185,0.0,0.0
2022-11-22 05:00:00,0.0,1442.12,73.37,0.0,721.06,256.795,0.0,0.0
2022-11-22 06:00:00,0.0,1442.12,132.44,0.0,721.06,463.54,0.0,5.475
2022-11-22 07:00:00,0.0,1442.12,225.70391,0.0,721.06,500.0,82.0183,34.8867
2022-11-22 08:00:00,0.0,1442.12,96.108143,0.0,721.06,336.3785,0.0,21.2065
2022-11-22 09:00:00,0.0,1442.12,67.305229,0.0,721.06,235.5683,0.0,102.04669999999999
2022-11-22 10:00:00,0.0,1442.12,64.508343,0.0,721.06,225.7792,0.0,60.1958
2022-11-22 11:00:00,0.0,1198.832,0.0,0.0,599.416,0.0,0.0,478.36899999999997
2022-11-22 12:00:00,0.0,1442.12,40.670086,0.0,721.06,142.3453,0.0,110.87970000000001
2022-11-22 13:00:00,0.0,1442.12,53.818629,0.0,721.06,188.3652,0.0,86.3298
2022-11-22 14:00:00,0.0,1386.5574,0.0,0.0,693.2787,0.0,0.0,282.0063
2022-11-22 15:00:00,0.0,1442.12,62.967371,0.0,721.06,220.3858,0.0,43.8292
2022-11-22 16:00:00,0.0,1442.12,85.095714,0.0,721.06,297.835,0.0,0.0
2022-11-22 17:00:00,0.0,1442.12,99.19,0.0,721.06,347.165,0.0,0.0
2022-11-22 18:00:00,0.0,1442.12,141.66143,0.0,721.06,495.815,0.0,0.0
2022-11-22 19:00:00,0.0,1442.12,113.89,0.0,721.06,398.615,0.0,0.0
2022-11-22 20:00:00,0.0,1442.12,111.55857,0.0,721.06,390.455,0.0,0.0
2022-11-22 21:00:00,0.0,1442.12,106.75857,0.0,721.06,373.655,0.0,0.0
2022-11-22 22:00:00,0.0,1442.12,102.68714,0.0,721.06,359.405,0.0,0.0
2022-11-22 23:00:00,0.0,1442.12,76.392857,0.0,721.06,267.375,0.0,0.0
2022-11-23 00:00:00,0.0,1442.12,66.367143,0.0,721.06,232.285,0.0,0.0
2022-11-23 01:00:00,0.0,1442.12,64.107143,0.0,721.06,224.375,0.0,0.0
2022-11-23 02:00:00,0.0,1442.12,66.878571,0.0,721.06,234.075,0.0,0.0
2022-11-23 03:00:00,0.0,1442.12,71.961429,0.0,721.06,251.865,0.0,0.0
2022-11-23 04:00:00,0.0,1442.12,73.024286,0.0,721.06,255.585,0.0,0.0
2022-11-23 05:00:00,0.0,1442.12,83.23,0.0,721.06,291.305,0.0,0.0
2022-11-23 06:00:00,0.0,1442.12,154.20815,0.0,721.06,500.0,11.2375,2.7375
2022-11-23 07:00:00,0.0,1442.12,162.63654,0.0,721.06,500.0,19.5816,52.983399999999996
2022-11-23 08:00:00,0.0,1442.12,43.4334,0.0,721.06,152.0169,0.0,291.9781
2022-11-23 09:00:00,0.0,1332.419,0.0,0.0,666.2095,0.0,0.0,418.5455
2022-11-23 10:00:00,0.0,1442.12,75.343314,0.0,721.06,263.7016,0.0,126.7134
2022-11-23 11:00:00,0.0,1442.12,88.9746,0.0,721.06,311.4111,0.0,93.0239
2022-11-23 12:00:00,0.0,1442.12,75.853371,0.0,721.06,265.4868,0.0,50.6182
2022-11-23 13:00:00,0.0,1442.12,56.3882,0.0,721.06,197.3587,0.0,116.2963
2022-11-23 14:00:00,0.0,1442.12,81.0142,0.0,721.06,283.5497,0.0,15.045299999999997
2022-11-23 15:00:00,0.0,1442.12,83.678571,0.0,721.06,292.875,0.0,22.63
2022-11-23 16:00:00,0.0,1442.12,93.252857,0.0,721.06,326.385,0.0,0.0
2022-11-23 17:00:00,0.0,1442.12,116.35571,0.0,721.06,407.245,0.0,0.0
2022-11-23 18:00:00,0.0,1442.12,182.72078,0.0,721.06,500.0,39.465,0.0
2022-11-23 19:00:00,0.0,1442.12,112.08714,0.0,721.06,392.305,0.0,0.0
2022-11-23 20:00:00,0.0,1442.12,94.261429,0.0,721.06,329.915,0.0,0.0
2022-11-23 21:00:00,0.0,1442.12,96.09,0.0,721.06,336.315,0.0,0.0
2022-11-23 22:00:00,0.0,1442.12,90.318571,0.0,721.06,316.115,0.0,0.0
2022-11-23 23:00:00,0.0,1442.12,80.83,0.0,721.06,282.905,0.0,0.0
2022-11-24 00:00:00,0.0,1442.12,78.358571,0.0,721.06,274.255,0.0,0.0
2022-11-24 01:00:00,0.0,1442.12,73.978571,0.0,721.06,258.925,0.0,0.0
2022-11-24 02:00:00,0.0,1442.12,71.572857,0.0,721.06,250.505,0.0,0.0
2022-11-24 03:00:00,0.0,1442.12,69.464286,0.0,721.06,243.125,0.0,0.0
2022-11-24 04:00:00,0.0,1442.12,68.141429,0.0,721.06,238.495,0.0,0.0
2022-11-24 05:00:00,0.0,1442.12,71.252857,0.0,721.06,249.385,0.0,0.0
2022-11-24 06:00:00,0.0,1442.12,69.824714,0.0,721.06,244.3865,0.0,3.2485
2022-11-24 07:00:00,0.0,1442.12,25.656829,0.0,721.06,89.7989,0.0,239.1261
2022-11-24 08:00:00,0.0,1369.0766,0.0,0.0,684.5383,0.0,0.0,391.8567
2022-11-24 09:00:00,0.0,1307.6208,0.0,0.0,653.8104,0.0,0.0,478.89459999999997
2022-11-24 10:00:00,0.0,1400.8792,0.0,0.0,700.4396,0.0,0.0,570.1154
2022-11-24 11:00:00,0.0,1441.5694,0.0,0.0,720.7847,0.0,0.0,501.5903
2022-11-24 12:00:00,0.0,1090.276,0.0,0.0,545.138,0.0,0.0,539.397
2022-11-24 13:00:00,0.0,1442.12,0.40031429,0.0,721.06,1.4011,0.0,322.97389999999996
2022-11-24 14:00:00,0.0,1442.12,21.193771,0.0,721.06,74.1782,0.0,221.30679999999998
2022-11-24 15:00:00,0.0,1442.12,61.316743,0.0,721.06,214.6086,0.0,101.96639999999998
2022-11-24 16:00:00,0.0,1442.12,98.824286,0.0,721.06,345.885,0.0,0.0
2022-11-24 17:00:00,0.0,1442.12,107.84429,0.0,721.06,377.455,0.0,0.0
2022-11-24 18:00:00,0.0,1442.12,126.41857,0.0,721.06,442.465,0.0,0.0
2022-11-24 19:00:00,0.0,1442.12,74.955714,0.0,721.06,262.345,0.0,0.0
2022-11-24 20:00:00,0.0,1442.12,69.104286,0.0,721.06,241.865,0.0,0.0
2022-11-24 21:00:00,0.0,1442.12,59.898571,0.0,721.06,209.645,0.0,0.0
2022-11-24 22:00:00,0.0,1442.12,69.624286,0.0,721.06,243.685,0.0,0.0
2022-11-24 23:00:00,0.0,1442.12,62.427143,0.0,721.06,218.495,0.0,0.0
2022-11-25 00:00:00,0.0,1442.12,60.49,0.0,721.06,211.715,0.0,0.0
2022-11-25 01:00:00,0.0,1442.12,46.812857,0.0,721.06,163.845,0.0,0.0
2022-11-25 02:00:00,0.0,1442.12,45.412857,0.0,721.06,158.945,0.0,0.0
2022-11-25 03:00:00,0.0,1442.12,49.015714,0.0,721.06,171.555,0.0,0.0
2022-11-25 04:00:00,0.0,1442.12,54.732857,0.0,721.06,191.565,0.0,0.0
2022-11-25 05:00:00,0.0,1442.12,53.375714,0.0,721.06,186.815,0.0,0.0
2022-11-25 06:00:00,0.0,1442.12,55.744286,0.0,721.06,195.105,0.0,0.0
2022-11-25 07:00:00,0.0,1442.12,17.437343,0.0,721.06,61.0307,0.0,237.9143
2022-11-25 08:00:00,0.0,1301.2378,0.0,0.0,650.6189,0.0,0.0,393.1561
2022-11-25 09:00:00,0.0,1424.4214,0.0,0.0,712.2107,0.0,0.0,401.4343
2022-11-25 10:00:00,0.0,1226.5582,0.0,0.0,613.2791,0.0,0.0,583.1459
2022-11-25 11:00:00,0.0,1164.8314,0.0,0.0,582.4157,0.0,0.0,610.5792999999999
2022-11-25 12:00:00,0.0,988.9592,0.0,0.0,494.4796,0.0,0.0,562.0854
2022-11-25 13:00:00,0.0,1330.5678,0.0,0.0,665.2839,0.0,0.0,403.0111
2022-11-25 14:00:00,0.0,1442.12,101.49163,0.0,721.06,355.2207,0.0,72.93430000000001
2022-11-25 15:00:00,0.0,1442.12,76.538057,0.0,721.06,267.8832,0.0,103.41179999999999
2022-11-25 16:00:00,0.0,1442.12,98.164286,0.0,721.06,343.575,0.0,0.0
2022-11-25 17:00:00,0.0,1442.12,105.76714,0.0,721.06,370.185,0.0,0.0
2022-11-25 18:00:00,0.0,1442.12,198.43795,0.0,721.06,500.0,55.025,0.0
2022-11-25 19:00:00,0.0,1442.12,120.57286,0.0,721.06,422.005,0.0,0.0
2022-11-25 20:00:00,0.0,1442.12,116.43571,0.0,721.06,407.525,0.0,0.0
2022-11-25 21:00:00,0.0,1442.12,98.152857,0.0,721.06,343.535,0.0,0.0
2022-11-25 22:00:00,0.0,1442.12,81.558571,0.0,721.06,285.455,0.0,0.0
2022-11-25 23:00:00,0.0,1442.12,63.175714,0.0,721.06,221.115,0.0,0.0
2022-11-26 00:00:00,0.0,1442.12,51.364286,0.0,721.06,179.775,0.0,0.0
2022-11-26 01:00:00,0.0,1442.12,44.935714,0.0,721.06,157.275,0.0,0.0
2022-11-26 02:00:00,0.0,1442.12,41.901429,0.0,721.06,146.655,0.0,0.0
2022-11-26 03:00:00,0.0,1442.12,44.712857,0.0,721.06,156.495,0.0,0.0
2022-11-26 04:00:00,0.0,1442.12,49.558571,0.0,721.06,173.455,0.0,0.0
2022-11-26 05:00:00,0.0,1442.12,59.375714,0.0,721.06,207.815,0.0,0.0
2022-11-26 06:00:00,0.0,1442.12,130.51286,0.0,721.06,456.795,0.0,0.0
2022-11-26 07:00:00,0.0,1442.12,133.6402,0.0,721.06,467.7407,0.0,33.5143
2022-11-26 08:00:00,0.0,1442.12,66.6944,0.0,721.06,233.4304,0.0,64.9846
2022-11-26 09:00:00,0.0,1442.12,45.834971,0.0,721.06,160.4224,0.0,90.97259999999999
2022-11-26 10:00:00,0.0,1442.12,19.738429,0.0,721.06,69.0845,0.0,143.7005
2022-11-26 11:00:00,0.0,1442.12,17.393114,0.0,721.06,60.8759,0.0,183.7191
2022-11-26 12:00:00,0.0,1442.12,19.349571,0.0,721.06,67.7235,0.0,139.1015
2022-11-26 13:00:00,0.0,1442.12,28.004743,0.0,721.06,98.0166,0.0,92.0384
2022-11-26 14:00:00,0.0,1442.12,33.430229,0.0,721.06,117.0058,0.0,72.2992
2022-11-26 15:00:00,0.0,1442.12,52.443914,0.0,721.06,183.5537,0.0,43.6613
2022-11-26 16:00:00,0.0,1442.12,73.778571,0.0,721.06,258.225,0.0,0.0
2022-11-26 17:00:00,0.0,1442.12,94.184286,0.0,721.06,329.645,0.0,0.0
2022-11-26 18:00:00,0.0,1442.12,183.9026,0.0,721.06,500.0,40.635,0.0
2022-11-26 19:00:00,0.0,1442.12,121.21286,0.0,721.06,424.245,0.0,0.0
2022-11-26 20:00:00,0.0,1442.12,105.97857,0.0,721.06,370.925,0.0,0.0
2022-11-26 21:00:00,0.0,1442.12,112.38143,0.0,721.06,393.335,0.0,0.0
2022-11-26 22:00:00,0.0,1442.12,100.98429,0.0,721.06,353.445,0.0,0.0
2022-11-26 23:00:00,0.0,1442.12,94.775714,0.0,721.06,331.715,0.0,0.0
2022-11-27 00:00:00,0.0,1442.12,73.144286,0.0,721.06,256.005,0.0,0.0
2022-11-27 01:00:00,0.0,1442.12,74.801429,0.0,721.06,261.805,0.0,0.0
2022-11-27 02:00:00,0.0,1442.12,76.747143,0.0,721.06,268.615,0.0,0.0
2022-11-27 03:00:00,0.0,1442.12,79.298571,0.0,721.06,277.545,0.0,0.0
2022-11-27 04:00:00,0.0,1442.12,88.132857,0.0,721.06,308.465,0.0,0.0
2022-11-27 05:00:00,0.0,1442.12,103.77,0.0,721.06,363.195,0.0,0.0
2022-11-27 06:00:00,0.0,1442.12,249.05411,0.0,721.06,500.0,105.135,0.0
2022-11-27 07:00:00,0.0,1442.12,230.09785,0.0,721.06,500.0,86.3683,34.8867
2022-11-27 08:00:00,0.0,1442.12,114.2912,0.0,721.06,400.0192,0.0,60.1958
2022-11-27 09:00:00,0.0,1442.12,97.345086,0.0,721.06,340.7078,0.0,69.0872
2022-11-27 10:00:00,0.0,1442.12,95.159143,0.0,721.06,333.057,0.0,36.938
2022-11-27 11:00:00,0.0,1442.12,80.985143,0.0,721.06,283.448,0.0,55.407
2022-11-27 12:00:00,0.0,1442.12,58.802943,0.0,721.06,205.8103,0.0,60.8747
2022-11-27 13:00:00,0.0,1442.12,65.658371,0.0,721.06,229.8043,0.0,47.8807
2022-11-27 14:00:00,0.0,1442.12,55.157514,0.0,721.06,193.0513,0.0,97.5937
2022-11-27 15:00:00,0.0,1442.12,83.763257,0.0,721.06,293.1714,0.0,22.133599999999998
2022-11-27 16:00:00,0.0,1442.12,108.78143,0.0,721.06,380.735,0.0,0.0
2022-11-27 17:00:00,0.0,1442.12,123.91286,0.0,721.06,433.695,0.0,0.0
2022-11-27 18:00:00,0.0,1442.12,295.79149,0.0,721.06,500.0,151.405,0.0
2022-11-27 19:00:00,0.0,1442.12,138.02143,0.0,721.06,483.075,0.0,0.0
2022-11-27 20:00:00,0.0,1442.12,139.75286,0.0,721.06,489.135,0.0,0.0
2022-11-27 21:00:00,0.0,1442.12,161.35714,0.0,721.06,500.0,18.315,0.0
2022-11-27 22:00:00,0.0,1442.12,133.01571,0.0,721.06,465.555,0.0,0.0
2022-11-27 23:00:00,0.0,1442.12,109.10714,0.0,721.06,381.875,0.0,0.0
2022-11-28 00:00:00,0.0,1442.12,100.05,0.0,721.06,350.175,0.0,0.0
2022-11-28 01:00:00,0.0,1442.12,100.98143,0.0,721.06,353.435,0.0,0.0
2022-11-28 02:00:00,0.0,1442.12,104.26143,0.0,721.06,364.915,0.0,0.0
2022-11-28 03:00:00,0.0,1442.12,105.97,0.0,721.06,370.895,0.0,0.0
2022-11-28 04:00:00,0.0,1442.12,111.96714,0.0,721.06,391.885,0.0,0.0
2022-11-28 05:00:00,0.0,1442.12,130.81571,0.0,721.06,457.855,0.0,0.0
2022-11-28 06:00:00,0.0,1442.12,314.17532,0.0,721.06,500.0,169.605,0.0
2022-11-28 07:00:00,0.0,1442.12,355.1028,0.0,721.06,500.0,210.1232,82.2418
2022-11-28 08:00:00,0.0,1442.12,99.450914,0.0,721.06,348.0782,0.0,206.70679999999996
2022-11-28 09:00:00,0.0,1442.12,117.12077,0.0,721.06,409.9227,0.0,115.7123
2022-11-28 10:00:00,0.0,1442.12,117.52411,0.0,721.06,411.3344,0.0,41.0406
2022-11-28 11:00:00,0.0,1442.12,111.58126,0.0,721.06,390.5344,0.0,41.0406
2022-11-28 12:00:00,0.0,1442.12,70.607143,0.0,721.06,247.125,0.0,86.87
2022-11-28 13:00:00,0.0,1442.12,57.876571,0.0,721.06,202.568,0.0,94.827
2022-11-28 14:00:00,0.0,1442.12,75.229657,0.0,721.06,263.3038,0.0,64.5612
2022-11-28 15:00:00,0.0,1442.12,95.398171,0.0,721.06,333.8936,0.0,8.891399999999999
2022-11-28 16:00:00,0.0,1442.12,99.904286,0.0,721.06,349.665,0.0,0.0
2022-11-28 17:00:00,0.0,1442.12,131.02714,0.0,721.06,458.595,0.0,0.0
2022-11-28 18:00:00,0.0,1442.12,300.57937,0.0,721.06,500.0,156.145,0.0
2022-11-28 19:00:00,0.0,1442.12,148.28644,0.0,721.06,500.0,5.375,0.0
2022-11-28 20:00:00,0.0,1442.12,182.07431,0.0,721.06,500.0,38.825,0.0
2022-11-28 21:00:00,0.0,1442.12,146.62987,0.0,721.06,500.0,3.735,0.0
2022-11-28 22:00:00,0.0,1442.12,127.59286,0.0,721.06,446.575,0.0,0.0
2022-11-28 23:00:00,0.0,1442.12,93.147143,0.0,721.06,326.015,0.0,0.0
2022-11-29 00:00:00,0.0,1442.12,67.967143,0.0,721.06,237.885,0.0,0.0
2022-11-29 01:00:00,0.0,1442.12,48.618571,0.0,721.06,170.165,0.0,0.0
2022-11-29 02:00:00,0.0,1442.12,45.618571,0.0,721.06,159.665,0.0,0.0
2022-11-29 03:00:00,0.0,1442.12,41.081429,0.0,721.06,143.785,0.0,0.0
2022-11-29 04:00:00,0.0,1442.12,39.644286,0.0,721.06,138.755,0.0,0.0
2022-11-29 05:00:00,0.0,1442.12,47.387143,0.0,721.06,165.855,0.0,0.0
2022-11-29 06:00:00,0.0,1442.12,121.03286,0.0,721.06,423.615,0.0,0.0
2022-11-29 07:00:00,0.0,1442.12,133.2974,0.0,721.06,466.5409,0.0,30.7841
2022-11-29 08:00:00,0.0,1442.12,70.931286,0.0,721.06,248.2595,0.0,39.6755
2022-11-29 09:00:00,0.0,1442.12,48.478714,0.0,721.06,169.6755,0.0,52.6695
2022-11-29 10:00:00,0.0,1442.12,37.944857,0.0,721.06,132.807,0.0,36.938
2022-11-29 11:00:00,0.0,1442.12,59.363114,0.0,721.06,207.7709,0.0,30.7841
2022-11-29 12:00:00,0.0,1442.12,32.165857,0.0,721.06,112.5805,0.0,47.194500000000005
2022-11-29 13:00:00,0.0,1442.12,21.166657,0.0,721.06,74.0833,0.0,87.0817
2022-11-29 14:00:00,0.0,1442.12,42.683171,0.0,721.06,149.3911,0.0,17.1039
2022-11-29 15:00:00,0.0,1442.12,41.213171,0.0,721.06,144.2461,0.0,11.6289
2022-11-29 16:00:00,0.0,1442.12,52.418571,0.0,721.06,183.465,0.0,0.0
2022-11-29 17:00:00,0.0,1442.12,64.878571,0.0,721.06,227.075,0.0,0.0
2022-11-29 18:00:00,0.0,1442.12,145.63997,0.0,721.06,500.0,2.755,0.0
2022-11-29 19:00:00,0.0,1442.12,115.29,0.0,721.06,403.515,0.0,0.0
2022-11-29 20:00:00,0.0,1442.12,85.61,0.0,721.06,299.635,0.0,0.0
2022-11-29 21:00:00,0.0,1442.12,84.07,0.0,721.06,294.245,0.0,0.0
2022-11-29 22:00:00,0.0,1442.12,58.638571,0.0,721.06,205.235,0.0,0.0
2022-11-29 23:00:00,0.0,1442.12,49.221429,0.0,721.06,172.275,0.0,0.0
2022-11-30 00:00:00,0.0,1442.12,36.241429,0.0,721.06,126.845,0.0,0.0
2022-11-30 01:00:00,0.0,1442.12,29.681429,0.0,721.06,103.885,0.0,0.0
2022-11-30 02:00:00,0.0,1442.12,27.844286,0.0,721.06,97.455,0.0,0.0
2022-11-30 03:00:00,0.0,1442.12,27.632857,0.0,721.06,96.715,0.0,0.0
2022-11-30 04:00:00,0.0,1442.12,31.755714,0.0,721.06,111.145,0.0,0.0
2022-11-30 05:00:00,0.0,1442.12,40.504286,0.0,721.06,141.765,0.0,0.0
2022-11-30 06:00:00,0.0,1442.12,97.447143,0.0,721.06,341.065,0.0,0.0
2022-11-30 07:00:00,0.0,1442.12,114.68929,0.0,721.06,401.4125,0.0,67.3425
2022-11-30 08:00:00,0.0,1442.12,61.330629,0.0,721.06,214.6572,0.0,96.2578
2022-11-30 09:00:00,0.0,1442.12,15.8374,0.0,721.06,55.4309,0.0,142.4741
2022-11-30 10:00:00,0.0,1363.7962,0.0,0.0,681.8981,0.0,0.0,244.93689999999998
2022-11-30 11:00:00,0.0,1204.3092,0.0,0.0,602.1546,0.0,0.0,379.95039999999995
2022-11-30 12:00:00,0.0,1097.6352,0.0,0.0,548.8176,0.0,0.0,339.7274
2022-11-30 13:00:00,0.0,897.2182,0.0,0.0,448.6091,0.0,0.0,445.17589999999996
2022-11-30 14:00:00,0.0,1442.12,20.363171,0.0,721.06,71.2711,0.0,97.4039
2022-11-30 15:00:00,0.0,1442.12,42.413543,0.0,721.06,148.4474,0.0,9.5776
2022-11-30 16:00:00,0.0,1442.12,58.978571,0.0,721.06,206.425,0.0,0.0
2022-11-30 17:00:00,0.0,1442.12,77.547143,0.0,721.06,271.415,0.0,0.0
2022-11-30 18:00:00,0.0,1442.12,111.73857,0.0,721.06,391.085,0.0,0.0
2022-11-30 19:00:00,0.0,1442.12,74.758571,0.0,721.06,261.655,0.0,0.0
2022-11-30 20:00:00,0.0,1442.12,54.67,0.0,721.06,191.345,0.0,0.0
2022-11-30 21:00:00,0.0,1442.12,55.704286,0.0,721.06,194.965,0.0,0.0
2022-11-30 22:00:00,0.0,1442.12,47.915714,0.0,721.06,167.705,0.0,0.0
2022-11-30 23:00:00,0.0,1442.12,46.018571,0.0,721.06,161.065,0.0,0.0
2022-12-01 00:00:00,0.0,1442.12,43.358571,0.0,721.06,151.755,0.0,0.0
2022-12-01 01:00:00,0.0,1442.12,38.807143,0.0,721.06,135.825,0.0,0.0
2022-12-01 02:00:00,0.0,1442.12,33.564286,0.0,721.06,117.475,0.0,0.0
2022-12-01 03:00:00,0.0,1442.12,38.378571,0.0,721.06,134.325,0.0,0.0
2022-12-01 04:00:00,0.0,1442.12,43.764286,0.0,721.06,153.175,0.0,0.0
2022-12-01 05:00:00,0.0,1442.12,44.555714,0.0,721.06,155.945,0.0,0.0
2022-12-01 06:00:00,0.0,1442.12,50.741429,0.0,721.06,177.595,0.0,0.0
2022-12-01 07:00:00,0.0,1442.12,68.8724,0.0,721.06,241.0534,0.0,22.5716
2022-12-01 08:00:00,0.0,1442.12,5.6217143,0.0,721.06,19.676,0.0,280.539
2022-12-01 09:00:00,0.0,1233.3702,0.0,0.0,616.6851,0.0,0.0,503.42990000000003
2022-12-01 10:00:00,0.0,1442.12,89.5136,0.0,721.06,313.2976,0.0,82.7674
2022-12-01 11:00:00,0.0,1442.12,23.022629,0.0,721.06,80.5792,0.0,406.2158
2022-12-01 12:00:00,0.0,1082.4148,0.0,0.0,541.2074,0.0,0.0,560.7275999999999
2022-12-01 13:00:00,0.0,1442.12,49.220829,0.0,721.06,172.2729,0.0,190.36209999999997
2022-12-01 14:00:00,0.0,1385.6864,0.0,0.0,692.8432,0.0,0.0,305.6218
2022-12-01 15:00:00,0.0,1442.12,46.169114,0.0,721.06,161.5919,0.0,97.4331
2022-12-01 16:00:00,0.0,1442.12,85.204286,0.0,721.06,298.215,0.0,0.0
2022-12-01 17:00:00,0.0,1442.12,82.15,0.0,721.06,287.525,0.0,0.0
2022-12-01 18:00:00,0.0,1442.12,103.05571,0.0,721.06,360.695,0.0,0.0
2022-12-01 19:00:00,0.0,1442.12,59.947143,0.0,721.06,209.815,0.0,0.0
2022-12-01 20:00:00,0.0,1442.12,52.275714,0.0,721.06,182.965,0.0,0.0
2022-12-01 21:00:00,0.0,1442.12,43.461429,0.0,721.06,152.115,0.0,0.0
2022-12-01 22:00:00,0.0,1442.12,37.167143,0.0,721.06,130.085,0.0,0.0
2022-12-01 23:00:00,0.0,1442.12,36.898571,0.0,721.06,129.145,0.0,0.0
2022-12-02 00:00:00,0.0,1442.12,25.401429,0.0,721.06,88.905,0.0,0.0
2022-12-02 01:00:00,0.0,1442.12,16.315714,0.0,721.06,57.105,0.0,0.0
2022-12-02 02:00:00,0.0,1442.12,12.638571,0.0,721.06,44.235,0.0,0.0
2022-12-02 03:00:00,0.0,1442.12,10.401429,0.0,721.06,36.405,0.0,0.0
2022-12-02 04:00:00,0.0,1442.12,9.3871429,0.0,721.06,32.855,0.0,0.0
2022-12-02 05:00:00,0.0,1442.12,10.778571,0.0,721.06,37.725,0.0,0.0
2022-12-02 06:00:00,0.0,1442.12,14.644286,0.0,721.06,51.255,0.0,0.0
2022-12-02 07:00:00,0.0,1376.962,0.0,0.0,688.481,0.0,0.0,195.494
2022-12-02 08:00:00,0.0,1080.743,0.0,0.0,540.3715,0.0,0.0,359.1235
2022-12-02 09:00:00,0.0,1380.9038,0.0,0.0,690.4519,0.0,0.0,309.13309999999996
2022-12-02 10:00:00,0.0,1442.12,36.511657,0.0,721.06,127.7908,0.0,117.9242
2022-12-02 11:00:00,0.0,1442.12,58.0014,0.0,721.06,203.0049,0.0,136.7801
2022-12-02 12:00:00,0.0,1442.12,27.242029,0.0,721.06,95.3471,0.0,141.7879
2022-12-02 13:00:00,0.0,1442.12,30.884114,0.0,721.06,108.0944,0.0,127.1806
2022-12-02 14:00:00,0.0,1442.12,39.283714,0.0,721.06,137.493,0.0,57.961999999999996
2022-12-02 15:00:00,0.0,1442.12,23.674857,0.0,721.06,82.862,0.0,48.253
2022-12-02 16:00:00,0.0,1442.12,41.107143,0.0,721.06,143.875,0.0,0.0
2022-12-02 17:00:00,0.0,1442.12,50.33,0.0,721.06,176.155,0.0,0.0
2022-12-02 18:00:00,0.0,1442.12,104.53,0.0,721.06,365.855,0.0,0.0
2022-12-02 19:00:00,0.0,1442.12,60.692857,0.0,721.06,212.425,0.0,0.0
2022-12-02 20:00:00,0.0,1442.12,65.761429,0.0,721.06,230.165,0.0,0.0
2022-12-02 21:00:00,0.0,1442.12,40.367143,0.0,721.06,141.285,0.0,0.0
2022-12-02 22:00:00,0.0,1442.12,27.875714,0.0,721.06,97.565,0.0,0.0
2022-12-02 23:00:00,0.0,1442.12,18.301429,0.0,721.06,64.055,0.0,0.0
2022-12-03 00:00:00,0.0,1442.12,7.5128571,0.0,721.06,26.295,0.0,0.0
2022-12-03 01:00:00,0.0,1442.12,5.8785714,0.0,721.06,20.575,0.0,0.0
2022-12-03 02:00:00,0.0,1442.12,3.9014286,0.0,721.06,13.655,0.0,0.0
2022-12-03 03:00:00,0.0,1442.12,6.7185714,0.0,721.06,23.515,0.0,0.0
2022-12-03 04:00:00,0.0,1442.12,8.7414286,0.0,721.06,30.595,0.0,0.0
2022-12-03 05:00:00,0.0,1442.12,23.841429,0.0,721.06,83.445,0.0,0.0
2022-12-03 06:00:00,0.0,1442.12,96.767143,0.0,721.06,338.685,0.0,0.0
2022-12-03 07:00:00,0.0,1442.12,115.01817,0.0,721.06,402.5636,0.0,8.891399999999999
2022-12-03 08:00:00,0.0,1442.12,40.654171,0.0,721.06,142.2896,0.0,32.8354
2022-12-03 09:00:00,0.0,1232.9764,0.0,0.0,616.4882,0.0,0.0,223.49679999999998
2022-12-03 10:00:00,0.0,1315.9058,0.0,0.0,657.9529,0.0,0.0,159.7021
2022-12-03 11:00:00,0.0,1381.2538,0.0,0.0,690.6269,0.0,0.0,217.5181
2022-12-03 12:00:00,0.0,583.2464,0.0,0.0,291.6232,0.0,0.0,517.3217999999999
2022-12-03 13:00:00,0.0,795.4152,0.0,0.0,397.7076,0.0,0.0,391.5574
2022-12-03 14:00:00,0.0,1134.0544,0.0,0.0,567.0272,0.0,0.0,215.97779999999997
2022-12-03 15:00:00,0.0,1442.12,2.0956857,0.0,721.06,7.3349,0.0,88.6001
2022-12-03 16:00:00,0.0,1442.12,24.547143,0.0,721.06,85.915,0.0,0.0
2022-12-03 17:00:00,0.0,1442.12,36.35,0.0,721.06,127.225,0.0,0.0
2022-12-03 18:00:00,0.0,1442.12,94.044286,0.0,721.06,329.155,0.0,0.0
2022-12-03 19:00:00,0.0,1442.12,47.704286,0.0,721.06,166.965,0.0,0.0
2022-12-03 20:00:00,0.0,1442.12,49.527143,0.0,721.06,173.345,0.0,0.0
2022-12-03 21:00:00,0.0,1442.12,47.498571,0.0,721.06,166.245,0.0,0.0
2022-12-03 22:00:00,0.0,1442.12,38.658571,0.0,721.06,135.305,0.0,0.0
2022-12-03 23:00:00,0.0,1442.12,5.9814286,0.0,721.06,20.935,0.0,0.0
2022-12-04 00:00:00,0.0,1442.12,4.4642857,0.0,721.06,15.625,0.0,0.0
2022-12-04 01:00:00,0.0,1412.97,0.0,0.0,706.485,0.0,0.0,0.0
2022-12-04 02:00:00,0.0,1414.73,0.0,0.0,707.365,0.0,0.0,0.0
2022-12-04 03:00:00,0.0,1426.59,0.0,0.0,713.295,0.0,0.0,0.0
2022-12-04 04:00:00,0.0,1409.97,0.0,0.0,704.985,0.0,0.0,0.0
2022-12-04 05:00:00,0.0,1442.12,18.198571,0.0,721.06,63.695,0.0,0.0
2022-12-04 06:00:00,0.0,1442.12,93.581429,0.0,721.06,327.535,0.0,0.0
2022-12-04 07:00:00,0.0,1442.12,54.814029,0.0,721.06,191.8491,0.0,191.86589999999998
2022-12-04 08:00:00,0.0,1099.746,0.0,0.0,549.873,0.0,0.0,388.652
2022-12-04 09:00:00,0.0,557.8112,0.0,0.0,278.9056,0.0,0.0,533.4694000000001
2022-12-04 10:00:00,0.0,431.7822,0.0,0.0,215.8911,0.0,0.0,591.6139000000001
2022-12-04 11:00:00,0.0,527.6458,0.0,0.0,263.8229,0.0,0.0,588.9421
2022-12-04 12:00:00,0.0,1181.298,0.0,0.0,590.649,0.0,0.0,211.846
2022-12-04 13:00:00,0.0,1442.12,16.586,0.0,721.06,58.051,0.0,23.944
2022-12-04 14:00:00,0.0,1239.745,0.0,0.0,619.8725,0.0,0.0,226.4825
2022-12-04 15:00:00,0.0,1442.12,21.700629,0.0,721.06,75.9522,0.0,80.56280000000001
2022-12-04 16:00:00,0.0,1442.12,42.172857,0.0,721.06,147.605,0.0,0.0
2022-12-04 17:00:00,0.0,1442.12,53.112857,0.0,721.06,185.895,0.0,0.0
2022-12-04 18:00:00,0.0,1442.12,114.33,0.0,721.06,400.155,0.0,0.0
2022-12-04 19:00:00,0.0,1442.12,91.412857,0.0,721.06,319.945,0.0,0.0
2022-12-04 20:00:00,0.0,1442.12,96.784286,0.0,721.06,338.745,0.0,0.0
2022-12-04 21:00:00,0.0,1442.12,76.487143,0.0,721.06,267.705,0.0,0.0
2022-12-04 22:00:00,0.0,1442.12,57.447143,0.0,721.06,201.065,0.0,0.0
2022-12-04 23:00:00,0.0,1442.12,41.701429,0.0,721.06,145.955,0.0,0.0
2022-12-05 00:00:00,0.0,1442.12,38.427143,0.0,721.06,134.495,0.0,0.0
2022-12-05 01:00:00,0.0,1442.12,34.241429,0.0,721.06,119.845,0.0,0.0
2022-12-05 02:00:00,0.0,1442.12,42.575714,0.0,721.06,149.015,0.0,0.0
2022-12-05 03:00:00,0.0,1442.12,44.918571,0.0,721.06,157.215,0.0,0.0
2022-12-05 04:00:00,0.0,1442.12,52.175714,0.0,721.06,182.615,0.0,0.0
2022-12-05 05:00:00,0.0,1442.12,73.375714,0.0,721.06,256.815,0.0,0.0
2022-12-05 06:00:00,0.0,1442.12,136.87,0.0,721.06,479.045,0.0,0.0
2022-12-05 07:00:00,0.0,1442.12,107.935,0.0,721.06,377.7725,0.0,214.0725
2022-12-05 08:00:00,0.0,1344.2334,0.0,0.0,672.1167,0.0,0.0,389.6083
2022-12-05 09:00:00,0.0,952.9582,0.0,0.0,476.4791,0.0,0.0,542.9959
2022-12-05 10:00:00,0.0,794.6856,0.0,0.0,397.3428,0.0,0.0,608.9222
2022-12-05 11:00:00,0.0,822.9268,0.0,0.0,411.4634,0.0,0.0,623.3616
2022-12-05 12:00:00,0.0,941.321,0.0,0.0,470.6605,0.0,0.0,472.0545000000001
2022-12-05 13:00:00,0.0,948.7908,0.0,0.0,474.3954,0.0,0.0,465.3896
2022-12-05 14:00:00,0.0,1230.9692,0.0,0.0,615.4846,0.0,0.0,325.93039999999996
2022-12-05 15:00:00,0.0,1442.12,41.765857,0.0,721.06,146.1805,0.0,96.1045
2022-12-05 16:00:00,0.0,1442.12,90.524286,0.0,721.06,316.835,0.0,0.0
2022-12-05 17:00:00,0.0,1442.12,118.10714,0.0,721.06,413.375,0.0,0.0
2022-12-05 18:00:00,0.0,1442.12,161.76118,0.0,721.06,500.0,18.715,0.0
2022-12-05 19:00:00,0.0,1442.12,131.17,0.0,721.06,459.095,0.0,0.0
2022-12-05 20:00:00,0.0,1442.12,119.53,0.0,721.06,418.355,0.0,0.0
2022-12-05 21:00:00,0.0,1442.12,118.83,0.0,721.06,415.905,0.0,0.0
2022-12-05 22:00:00,0.0,1442.12,111.95,0.0,721.06,391.825,0.0,0.0
2022-12-05 23:00:00,0.0,1442.12,102.05571,0.0,721.06,357.195,0.0,0.0
2022-12-06 00:00:00,0.0,1442.12,84.63,0.0,721.06,296.205,0.0,0.0
2022-12-06 01:00:00,0.0,1442.12,77.058571,0.0,721.06,269.705,0.0,0.0
2022-12-06 02:00:00,0.0,1442.12,73.587143,0.0,721.06,257.555,0.0,0.0
2022-12-06 03:00:00,0.0,1442.12,70.701429,0.0,721.06,247.455,0.0,0.0
2022-12-06 04:00:00,0.0,1442.12,72.335714,0.0,721.06,253.175,0.0,0.0
2022-12-06 05:00:00,0.0,1442.12,79.858571,0.0,721.06,279.505,0.0,0.0
2022-12-06 06:00:00,0.0,1442.12,152.19553,0.0,721.06,500.0,9.245,0.0
2022-12-06 07:00:00,0.0,1442.12,103.199,0.0,721.06,361.1965,0.0,203.99849999999998
2022-12-06 08:00:00,0.0,1442.12,10.6632,0.0,721.06,37.3212,0.0,341.68379999999996
2022-12-06 09:00:00,0.0,1224.4046,0.0,0.0,612.2023,0.0,0.0,389.0827
2022-12-06 10:00:00,0.0,1442.12,48.302171,0.0,721.06,169.0576,0.0,82.7674
2022-12-06 11:00:00,0.0,1442.12,28.717886,0.0,721.06,100.5126,0.0,204.31239999999997
2022-12-06 12:00:00,0.0,1442.12,26.235714,0.0,721.06,91.825,0.0,113.88000000000001
2022-12-06 13:00:00,0.0,1442.12,25.9384,0.0,721.06,90.7844,0.0,102.36059999999998
2022-12-06 14:00:00,0.0,1442.12,65.070886,0.0,721.06,227.7481,0.0,48.566900000000004
2022-12-06 15:00:00,0.0,1442.12,77.614971,0.0,721.06,271.6524,0.0,4.1026
2022-12-06 16:00:00,0.0,1442.12,97.47,0.0,721.06,341.145,0.0,0.0
2022-12-06 17:00:00,0.0,1442.12,113.20714,0.0,721.06,396.225,0.0,0.0
2022-12-06 18:00:00,0.0,1442.12,163.19553,0.0,721.06,500.0,20.135,0.0
2022-12-06 19:00:00,0.0,1442.12,118.24429,0.0,721.06,413.855,0.0,0.0
2022-12-06 20:00:00,0.0,1442.12,97.715714,0.0,721.06,342.005,0.0,0.0
2022-12-06 21:00:00,0.0,1442.12,99.91,0.0,721.06,349.685,0.0,0.0
2022-12-06 22:00:00,0.0,1442.12,82.155714,0.0,721.06,287.545,0.0,0.0
2022-12-06 23:00:00,0.0,1442.12,61.95,0.0,721.06,216.825,0.0,0.0
2022-12-07 00:00:00,0.0,1442.12,44.964286,0.0,721.06,157.375,0.0,0.0
2022-12-07 01:00:00,0.0,1442.12,34.992857,0.0,721.06,122.475,0.0,0.0
2022-12-07 02:00:00,0.0,1442.12,36.19,0.0,721.06,126.665,0.0,0.0
2022-12-07 03:00:00,0.0,1442.12,40.555714,0.0,721.06,141.945,0.0,0.0
2022-12-07 04:00:00,0.0,1442.12,49.898571,0.0,721.06,174.645,0.0,0.0
2022-12-07 05:00:00,0.0,1442.12,62.324286,0.0,721.06,218.135,0.0,0.0
2022-12-07 06:00:00,0.0,1442.12,111.27,0.0,721.06,389.445,0.0,0.0
2022-12-07 07:00:00,0.0,1442.12,138.7704,0.0,721.06,485.6964,0.0,86.73859999999999
2022-12-07 08:00:00,0.0,1442.12,32.890086,0.0,721.06,115.1153,0.0,205.04969999999997
2022-12-07 09:00:00,0.0,1252.238,0.0,0.0,626.119,0.0,0.0,338.866
2022-12-07 10:00:00,0.0,1070.476,0.0,0.0,535.238,0.0,0.0,407.267
2022-12-07 11:00:00,0.0,964.4488,0.0,0.0,482.2244,0.0,0.0,500.2106
2022-12-07 12:00:00,0.0,864.0528,0.0,0.0,432.0264,0.0,0.0,467.0686
2022-12-07 13:00:00,0.0,955.1168,0.0,0.0,477.5584,0.0,0.0,419.32660000000004
2022-12-07 14:00:00,0.0,1370.0098,0.0,0.0,685.0049,0.0,0.0,279.8601
2022-12-07 15:00:00,0.0,1442.12,52.188714,0.0,721.06,182.6605,0.0,72.0145
2022-12-07 16:00:00,0.0,1442.12,74.341429,0.0,721.06,260.195,0.0,0.0
2022-12-07 17:00:00,0.0,1442.12,76.064286,0.0,721.06,266.225,0.0,0.0
2022-12-07 18:00:00,0.0,1442.12,121.57571,0.0,721.06,425.515,0.0,0.0
2022-12-07 19:00:00,0.0,1442.12,82.135714,0.0,721.06,287.475,0.0,0.0
2022-12-07 20:00:00,0.0,1442.12,68.81,0.0,721.06,240.835,0.0,0.0
2022-12-07 21:00:00,0.0,1442.12,79.512857,0.0,721.06,278.295,0.0,0.0
2022-12-07 22:00:00,0.0,1442.12,63.85,0.0,721.06,223.475,0.0,0.0
2022-12-07 23:00:00,0.0,1442.12,55.975714,0.0,721.06,195.915,0.0,0.0
2022-12-08 00:00:00,0.0,1442.12,49.081429,0.0,721.06,171.785,0.0,0.0
2022-12-08 01:00:00,0.0,1442.12,35.278571,0.0,721.06,123.475,0.0,0.0
2022-12-08 02:00:00,0.0,1442.12,23.69,0.0,721.06,82.915,0.0,0.0
2022-12-08 03:00:00,0.0,1442.12,16.252857,0.0,721.06,56.885,0.0,0.0
2022-12-08 04:00:00,0.0,1442.12,11.975714,0.0,721.06,41.915,0.0,0.0
2022-12-08 05:00:00,0.0,1442.12,12.101429,0.0,721.06,42.355,0.0,0.0
2022-12-08 06:00:00,0.0,1442.12,14.787143,0.0,721.06,51.755,0.0,0.0
2022-12-08 07:00:00,0.0,1269.3238,0.0,0.0,634.6619,0.0,0.0,200.3631
2022-12-08 08:00:00,0.0,890.6768,0.0,0.0,445.3384,0.0,0.0,395.96659999999997
2022-12-08 09:00:00,0.0,787.7954,0.0,0.0,393.8977,0.0,0.0,526.3372999999999
2022-12-08 10:00:00,0.0,804.3078,0.0,0.0,402.1539,0.0,0.0,597.1911
2022-12-08 11:00:00,0.0,902.4778,0.0,0.0,451.2389,0.0,0.0,631.8661
2022-12-08 12:00:00,0.0,1442.12,18.242571,0.0,721.06,63.849,0.0,226.44600000000003
2022-12-08 13:00:00,0.0,1241.3854,0.0,0.0,620.6927,0.0,0.0,342.0123
2022-12-08 14:00:00,0.0,1173.9442,0.0,0.0,586.9721,0.0,0.0,312.24289999999996
2022-12-08 15:00:00,0.0,1442.12,39.536257,0.0,721.06,138.3769,0.0,72.2481
2022-12-08 16:00:00,0.0,1442.12,56.961429,0.0,721.06,199.365,0.0,0.0
2022-12-08 17:00:00,0.0,1442.12,64.481429,0.0,721.06,225.685,0.0,0.0
2022-12-08 18:00:00,0.0,1442.12,95.404286,0.0,721.06,333.915,0.0,0.0
2022-12-08 19:00:00,0.0,1442.12,55.652857,0.0,721.06,194.785,0.0,0.0
2022-12-08 20:00:00,0.0,1442.12,45.978571,0.0,721.06,160.925,0.0,0.0
2022-12-08 21:00:00,0.0,1442.12,36.032857,0.0,721.06,126.115,0.0,0.0
2022-12-08 22:00:00,0.0,1442.12,39.118571,0.0,721.06,136.915,0.0,0.0
2022-12-08 23:00:00,0.0,1442.12,31.815714,0.0,721.06,111.355,0.0,0.0
2022-12-09 00:00:00,0.0,1442.12,16.392857,0.0,721.06,57.375,0.0,0.0
2022-12-09 01:00:00,0.0,1442.12,13.05,0.0,721.06,45.675,0.0,0.0
2022-12-09 02:00:00,0.0,1442.12,7.6585714,0.0,721.06,26.805,0.0,0.0
2022-12-09 03:00:00,0.0,1442.12,4.2242857,0.0,721.06,14.785,0.0,0.0
2022-12-09 04:00:00,0.0,1442.12,3.8214286,0.0,721.06,13.375,0.0,0.0
2022-12-09 05:00:00,0.0,1442.12,5.91,0.0,721.06,20.685,0.0,0.0
2022-12-09 06:00:00,0.0,1442.12,5.1928571,0.0,721.06,18.175,0.0,0.0
2022-12-09 07:00:00,0.0,1442.12,18.002714,0.0,721.06,63.0095,0.0,28.7255
2022-12-09 08:00:00,0.0,1442.12,15.3448,0.0,721.06,53.7068,0.0,50.6182
2022-12-09 09:00:00,0.0,1442.12,46.991571,0.0,721.06,164.4705,0.0,47.194500000000005
2022-12-09 10:00:00,0.0,1442.12,50.1526,0.0,721.06,175.5341,0.0,61.560900000000004
2022-12-09 11:00:00,0.0,1442.12,108.67129,0.0,721.06,380.3495,0.0,28.7255
2022-12-09 12:00:00,0.0,1442.12,54.760229,0.0,721.06,191.6608,0.0,26.674200000000003
2022-12-09 13:00:00,0.0,1442.12,44.463086,0.0,721.06,155.6208,0.0,37.624199999999995
2022-12-09 14:00:00,0.0,1442.12,39.037429,0.0,721.06,136.631,0.0,12.994
2022-12-09 15:00:00,0.0,1442.12,42.501829,0.0,721.06,148.7564,0.0,19.578599999999998
2022-12-09 16:00:00,0.0,1442.12,57.01,0.0,721.06,199.535,0.0,0.0
2022-12-09 17:00:00,0.0,1442.12,56.215714,0.0,721.06,196.755,0.0,0.0
2022-12-09 18:00:00,0.0,1442.12,95.804286,0.0,721.06,335.315,0.0,0.0
2022-12-09 19:00:00,0.0,1442.12,73.847143,0.0,721.06,258.465,0.0,0.0
2022-12-09 20:00:00,0.0,1442.12,60.232857,0.0,721.06,210.815,0.0,0.0
2022-12-09 21:00:00,0.0,1442.12,57.715714,0.0,721.06,202.005,0.0,0.0
2022-12-09 22:00:00,0.0,1442.12,33.284286,0.0,721.06,116.495,0.0,0.0
2022-12-09 23:00:00,0.0,1442.12,33.975714,0.0,721.06,118.915,0.0,0.0
2022-12-10 00:00:00,0.0,1442.12,32.864286,0.0,721.06,115.025,0.0,0.0
2022-12-10 01:00:00,0.0,1442.12,25.672857,0.0,721.06,89.855,0.0,0.0
2022-12-10 02:00:00,0.0,1442.12,27.79,0.0,721.06,97.265,0.0,0.0
2022-12-10 03:00:00,0.0,1442.12,29.618571,0.0,721.06,103.665,0.0,0.0
2022-12-10 04:00:00,0.0,1442.12,29.224286,0.0,721.06,102.285,0.0,0.0
2022-12-10 05:00:00,0.0,1442.12,50.452857,0.0,721.06,176.585,0.0,0.0
2022-12-10 06:00:00,0.0,1442.12,126.03286,0.0,721.06,441.115,0.0,0.0
2022-12-10 07:00:00,0.0,1442.12,150.09179,0.0,721.06,500.0,7.1623,10.942699999999999
2022-12-10 08:00:00,0.0,1442.12,75.416971,0.0,721.06,263.9594,0.0,35.565599999999996
2022-12-10 09:00:00,0.0,1442.12,80.195943,0.0,721.06,280.6858,0.0,32.1492
2022-12-10 10:00:00,0.0,1442.12,64.536943,0.0,721.06,225.8793,0.0,53.35569999999999
2022-12-10 11:00:00,0.0,1442.12,93.544086,0.0,721.06,327.4043,0.0,47.8807
2022-12-10 12:00:00,0.0,1442.12,59.523314,0.0,721.06,208.3316,0.0,58.82339999999999
2022-12-10 13:00:00,0.0,1442.12,55.482743,0.0,721.06,194.1896,0.0,80.2854
2022-12-10 14:00:00,0.0,1442.12,49.195771,0.0,721.06,172.1852,0.0,76.1098
2022-12-10 15:00:00,0.0,1442.12,71.917514,0.0,721.06,251.7113,0.0,3.4236999999999997
2022-12-10 16:00:00,0.0,1442.12,71.755714,0.0,721.06,251.145,0.0,0.0
2022-12-10 17:00:00,0.0,1442.12,93.504286,0.0,721.06,327.265,0.0,0.0
2022-12-10 18:00:00,0.0,1442.12,134.16714,0.0,721.06,469.585,0.0,0.0
2022-12-10 19:00:00,0.0,1442.12,87.727143,0.0,721.06,307.045,0.0,0.0
2022-12-10 20:00:00,0.0,1442.12,83.032857,0.0,721.06,290.615,0.0,0.0
2022-12-10 21:00:00,0.0,1442.12,81.77,0.0,721.06,286.195,0.0,0.0
2022-12-10 22:00:00,0.0,1442.12,58.738571,0.0,721.06,205.585,0.0,0.0
2022-12-10 23:00:00,0.0,1442.12,30.935714,0.0,721.06,108.275,0.0,0.0
2022-12-11 00:00:00,0.0,1442.12,21.795714,0.0,721.06,76.285,0.0,0.0
2022-12-11 01:00:00,0.0,1442.12,17.564286,0.0,721.06,61.475,0.0,0.0
2022-12-11 02:00:00,0.0,1442.12,20.124286,0.0,721.06,70.435,0.0,0.0
2022-12-11 03:00:00,0.0,1442.12,22.907143,0.0,721.06,80.175,0.0,0.0
2022-12-11 04:00:00,0.0,1442.12,28.818571,0.0,721.06,100.865,0.0,0.0
2022-12-11 05:00:00,0.0,1442.12,39.332857,0.0,721.06,137.665,0.0,0.0
2022-12-11 06:00:00,0.0,1442.12,104.21571,0.0,721.06,364.755,0.0,0.0
2022-12-11 07:00:00,0.0,1442.12,74.399457,0.0,721.06,260.3981,0.0,140.5469
2022-12-11 08:00:00,0.0,1110.904,0.0,0.0,555.452,0.0,0.0,372.373
2022-12-11 09:00:00,0.0,1442.12,26.6664,0.0,721.06,93.3324,0.0,99.73259999999999
2022-12-11 10:00:00,0.0,969.6868,0.0,0.0,484.8434,0.0,0.0,383.92159999999996
2022-12-11 11:00:00,0.0,947.5748,0.0,0.0,473.7874,0.0,0.0,449.76759999999996
2022-12-11 12:00:00,0.0,541.6796,0.0,0.0,270.8398,0.0,0.0,565.1952
2022-12-11 13:00:00,0.0,848.9194,0.0,0.0,424.4597,0.0,0.0,417.27529999999996
2022-12-11 14:00:00,0.0,1328.1778,0.0,0.0,664.0889,0.0,0.0,180.7261
2022-12-11 15:00:00,0.0,1442.12,33.4034,0.0,721.06,116.9119,0.0,29.543100000000003
2022-12-11 16:00:00,0.0,1442.12,40.812857,0.0,721.06,142.845,0.0,0.0
2022-12-11 17:00:00,0.0,1442.12,62.755714,0.0,721.06,219.645,0.0,0.0
2022-12-11 18:00:00,0.0,1442.12,108.79857,0.0,721.06,380.795,0.0,0.0
2022-12-11 19:00:00,0.0,1442.12,78.05,0.0,721.06,273.175,0.0,0.0
2022-12-11 20:00:00,0.0,1442.12,77.258571,0.0,721.06,270.405,0.0,0.0
2022-12-11 21:00:00,0.0,1442.12,77.147143,0.0,721.06,270.015,0.0,0.0
2022-12-11 22:00:00,0.0,1442.12,58.93,0.0,721.06,206.255,0.0,0.0
2022-12-11 23:00:00,0.0,1442.12,41.427143,0.0,721.06,144.995,0.0,0.0
2022-12-12 00:00:00,0.0,1442.12,38.907143,0.0,721.06,136.175,0.0,0.0
2022-12-12 01:00:00,0.0,1442.12,35.992857,0.0,721.06,125.975,0.0,0.0
2022-12-12 02:00:00,0.0,1442.12,37.452857,0.0,721.06,131.085,0.0,0.0
2022-12-12 03:00:00,0.0,1442.12,41.627143,0.0,721.06,145.695,0.0,0.0
2022-12-12 04:00:00,0.0,1442.12,49.681429,0.0,721.06,173.885,0.0,0.0
2022-12-12 05:00:00,0.0,1442.12,67.11,0.0,721.06,234.885,0.0,0.0
2022-12-12 06:00:00,0.0,1442.12,124.10143,0.0,721.06,434.355,0.0,0.0
2022-12-12 07:00:00,0.0,1442.12,162.71684,0.0,721.06,500.0,19.6611,6.153899999999999
2022-12-12 08:00:00,0.0,1442.12,87.105286,0.0,721.06,304.8685,0.0,21.2065
2022-12-12 09:00:00,0.0,1442.12,66.948629,0.0,721.06,234.3202,0.0,67.7148
2022-12-12 10:00:00,0.0,1442.12,56.025829,0.0,721.06,196.0904,0.0,54.0346
2022-12-12 11:00:00,0.0,1442.12,79.047714,0.0,721.06,276.667,0.0,36.938
2022-12-12 12:00:00,0.0,1442.12,51.167657,0.0,721.06,179.0868,0.0,50.6182
2022-12-12 13:00:00,0.0,1054.7142,0.0,0.0,527.3571,0.0,0.0,412.61789999999996
2022-12-12 14:00:00,0.0,1387.536,0.0,0.0,693.768,0.0,0.0,272.217
2022-12-12 15:00:00,0.0,1442.12,50.225914,0.0,721.06,175.7907,0.0,75.1243
2022-12-12 16:00:00,0.0,1442.12,67.032857,0.0,721.06,234.615,0.0,0.0
2022-12-12 17:00:00,0.0,1442.12,90.407143,0.0,721.06,316.425,0.0,0.0
2022-12-12 18:00:00,0.0,1442.12,133.78143,0.0,721.06,468.235,0.0,0.0
2022-12-12 19:00:00,0.0,1442.12,96.235714,0.0,721.06,336.825,0.0,0.0
2022-12-12 20:00:00,0.0,1442.12,100.54143,0.0,721.06,351.895,0.0,0.0
2022-12-12 21:00:00,0.0,1442.12,105.41571,0.0,721.06,368.955,0.0,0.0
2022-12-12 22:00:00,0.0,1442.12,86.327143,0.0,721.06,302.145,0.0,0.0
2022-12-12 23:00:00,0.0,1442.12,61.727143,0.0,721.06,216.045,0.0,0.0
2022-12-13 00:00:00,0.0,1442.12,58.607143,0.0,721.06,205.125,0.0,0.0
2022-12-13 01:00:00,0.0,1442.12,49.338571,0.0,721.06,172.685,0.0,0.0
2022-12-13 02:00:00,0.0,1442.12,50.992857,0.0,721.06,178.475,0.0,0.0
2022-12-13 03:00:00,0.0,1442.12,55.31,0.0,721.06,193.585,0.0,0.0
2022-12-13 04:00:00,0.0,1442.12,61.712857,0.0,721.06,215.995,0.0,0.0
2022-12-13 05:00:00,0.0,1442.12,73.204286,0.0,721.06,256.215,0.0,0.0
2022-12-13 06:00:00,0.0,1442.12,144.09452,0.0,721.06,500.0,1.225,0.0
2022-12-13 07:00:00,0.0,1442.12,128.45463,0.0,721.06,449.5912,0.0,99.3238
2022-12-13 08:00:00,0.0,1442.12,73.348343,0.0,721.06,256.7192,0.0,90.1258
2022-12-13 09:00:00,0.0,1442.12,37.652914,0.0,721.06,131.7852,0.0,187.79979999999998
2022-12-13 10:00:00,0.0,1442.12,52.549857,0.0,721.06,183.9245,0.0,102.0905
2022-12-13 11:00:00,0.0,943.3606,0.0,0.0,471.6803,0.0,0.0,574.0646999999999
2022-12-13 12:00:00,0.0,1121.4758,0.0,0.0,560.7379,0.0,0.0,418.4871
2022-12-13 13:00:00,0.0,1377.7988,0.0,0.0,688.8994,0.0,0.0,326.8356
2022-12-13 14:00:00,0.0,1442.12,14.109771,0.0,721.06,49.3842,0.0,234.30079999999998
2022-12-13 15:00:00,0.0,1442.12,67.779429,0.0,721.06,237.228,0.0,61.977
2022-12-13 16:00:00,0.0,1442.12,96.924286,0.0,721.06,339.235,0.0,0.0
2022-12-13 17:00:00,0.0,1442.12,103.35857,0.0,721.06,361.755,0.0,0.0
2022-12-13 18:00:00,0.0,1442.12,176.09452,0.0,721.06,500.0,32.905,0.0
2022-12-13 19:00:00,0.0,1442.12,149.10462,0.0,721.06,500.0,6.185,0.0
2022-12-13 20:00:00,0.0,1442.12,129.02429,0.0,721.06,451.585,0.0,0.0
2022-12-13 21:00:00,0.0,1442.12,113.02429,0.0,721.06,395.585,0.0,0.0
2022-12-13 22:00:00,0.0,1442.12,103.05571,0.0,721.06,360.695,0.0,0.0
2022-12-13 23:00:00,0.0,1442.12,87.03,0.0,721.06,304.605,0.0,0.0
2022-12-14 00:00:00,0.0,1442.12,73.947143,0.0,721.06,258.815,0.0,0.0
2022-12-14 01:00:00,0.0,1442.12,71.555714,0.0,721.06,250.445,0.0,0.0
2022-12-14 02:00:00,0.0,1442.12,69.161429,0.0,721.06,242.065,0.0,0.0
2022-12-14 03:00:00,0.0,1442.12,65.878571,0.0,721.06,230.575,0.0,0.0
2022-12-14 04:00:00,0.0,1442.12,68.572857,0.0,721.06,240.005,0.0,0.0
2022-12-14 05:00:00,0.0,1442.12,80.292857,0.0,721.06,281.025,0.0,0.0
2022-12-14 06:00:00,0.0,1442.12,142.18143,0.0,721.06,497.635,0.0,0.0
2022-12-14 07:00:00,0.0,1442.12,137.70823,0.0,721.06,481.9788,0.0,102.15619999999998
2022-12-14 08:00:00,0.0,1442.12,92.118257,0.0,721.06,322.4139,0.0,101.52109999999999
2022-12-14 09:00:00,0.0,1335.4956,0.0,0.0,667.7478,0.0,0.0,420.94720000000007
2022-12-14 10:00:00,0.0,1218.9162,0.0,0.0,609.4581,0.0,0.0,451.5268999999999
2022-12-14 11:00:00,0.0,1442.12,35.675,0.0,721.06,124.8625,0.0,238.89250000000004
2022-12-14 12:00:00,0.0,1098.9992,0.0,0.0,549.4996,0.0,0.0,464.26539999999994
2022-12-14 13:00:00,0.0,1442.12,35.117943,0.0,721.06,122.9128,0.0,147.5622
2022-12-14 14:00:00,0.0,1442.12,63.792971,0.0,721.06,223.2754,0.0,66.07959999999999
2022-12-14 15:00:00,0.0,1442.12,73.688657,0.0,721.06,257.9103,0.0,100.29469999999999
2022-12-14 16:00:00,0.0,1442.12,109.30714,0.0,721.06,382.575,0.0,0.0
2022-12-14 17:00:00,0.0,1442.12,125.23857,0.0,721.06,438.335,0.0,0.0
2022-12-14 18:00:00,0.0,1442.12,255.41775,0.0,721.06,500.0,111.435,0.0
2022-12-14 19:00:00,0.0,1442.12,129.43286,0.0,721.06,453.015,0.0,0.0
2022-12-14 20:00:00,0.0,1442.12,108.97857,0.0,721.06,381.425,0.0,0.0
2022-12-14 21:00:00,0.0,1442.12,113.08429,0.0,721.06,395.795,0.0,0.0
2022-12-14 22:00:00,0.0,1442.12,103.84143,0.0,721.06,363.445,0.0,0.0
2022-12-14 23:00:00,0.0,1442.12,86.29,0.0,721.06,302.015,0.0,0.0
2022-12-15 00:00:00,0.0,1442.12,82.881429,0.0,721.06,290.085,0.0,0.0
2022-12-15 01:00:00,0.0,1442.12,77.692857,0.0,721.06,271.925,0.0,0.0
2022-12-15 02:00:00,0.0,1442.12,75.387143,0.0,721.06,263.855,0.0,0.0
2022-12-15 03:00:00,0.0,1442.12,76.252857,0.0,721.06,266.885,0.0,0.0
2022-12-15 04:00:00,0.0,1442.12,79.03,0.0,721.06,276.605,0.0,0.0
2022-12-15 05:00:00,0.0,1442.12,74.207143,0.0,721.06,259.725,0.0,0.0
2022-12-15 06:00:00,0.0,1442.12,81.184286,0.0,721.06,284.145,0.0,0.0
2022-12-15 07:00:00,0.0,1442.12,102.95174,0.0,721.06,360.3311,0.0,6.153899999999999
2022-12-15 08:00:00,0.0,1442.12,101.96354,0.0,721.06,356.8724,0.0,81.48259999999999
2022-12-15 09:00:00,0.0,1442.12,36.569486,0.0,721.06,127.9932,0.0,407.8218
2022-12-15 10:00:00,0.0,1442.12,13.243543,0.0,721.06,46.3524,0.0,469.1126
2022-12-15 11:00:00,0.0,1442.12,45.113086,0.0,721.06,157.8958,0.0,491.3192000000001
2022-12-15 12:00:00,0.0,1442.12,3.6255429,0.0,721.06,12.6894,0.0,547.2955999999999
2022-12-15 13:00:00,0.0,1422.0086,0.0,0.0,711.0043,0.0,0.0,465.4407
2022-12-15 14:00:00,0.0,1442.12,44.719486,0.0,721.06,156.5182,0.0,262.1868
2022-12-15 15:00:00,0.0,1442.12,104.0256,0.0,721.06,364.0896,0.0,26.995399999999993
2022-12-15 16:00:00,0.0,1442.12,135.69571,0.0,721.06,474.935,0.0,0.0
2022-12-15 17:00:00,0.0,1442.12,134.96714,0.0,721.06,472.385,0.0,0.0
2022-12-15 18:00:00,0.0,1442.12,187.87229,0.0,721.06,500.0,44.565,0.0
2022-12-15 19:00:00,0.0,1442.12,124.93,0.0,721.06,437.255,0.0,0.0
2022-12-15 20:00:00,0.0,1442.12,109.83,0.0,721.06,384.405,0.0,0.0
2022-12-15 21:00:00,0.0,1442.12,95.444286,0.0,721.06,334.055,0.0,0.0
2022-12-15 22:00:00,0.0,1442.12,81.052857,0.0,721.06,283.685,0.0,0.0
2022-12-15 23:00:00,0.0,1442.12,70.961429,0.0,721.06,248.365,0.0,0.0
2022-12-16 00:00:00,0.0,1442.12,66.867143,0.0,721.06,234.035,0.0,0.0
2022-12-16 01:00:00,0.0,1442.12,59.215714,0.0,721.06,207.255,0.0,0.0
2022-12-16 02:00:00,0.0,1442.12,55.13,0.0,721.06,192.955,0.0,0.0
2022-12-16 03:00:00,0.0,1442.12,55.115714,0.0,721.06,192.905,0.0,0.0
2022-12-16 04:00:00,0.0,1442.12,58.115714,0.0,721.06,203.405,0.0,0.0
2022-12-16 05:00:00,0.0,1442.12,55.955714,0.0,721.06,195.845,0.0,0.0
2022-12-16 06:00:00,0.0,1442.12,67.53,0.0,721.06,236.355,0.0,0.0
2022-12-16 07:00:00,0.0,1442.12,67.838829,0.0,721.06,237.4359,0.0,99.03909999999999
2022-12-16 08:00:00,0.0,1442.12,53.246029,0.0,721.06,186.3611,0.0,209.09389999999996
2022-12-16 09:00:00,0.0,1442.12,11.947143,0.0,721.06,41.815,0.0,379.6
2022-12-16 10:00:00,0.0,1329.5498,0.0,0.0,664.7749,0.0,0.0,547.7701
2022-12-16 11:00:00,0.0,1431.3656,0.0,0.0,715.6828,0.0,0.0,518.4022
2022-12-16 12:00:00,0.0,1312.2778,0.0,0.0,656.1389,0.0,0.0,508.49609999999996
2022-12-16 13:00:00,0.0,1442.12,33.202771,0.0,721.06,116.2097,0.0,275.6553
2022-12-16 14:00:00,0.0,1442.12,63.622543,0.0,721.06,222.6789,0.0,124.5161
2022-12-16 15:00:00,0.0,1442.12,101.08809,0.0,721.06,353.8083,0.0,34.8867
2022-12-16 16:00:00,0.0,1442.12,101.03857,0.0,721.06,353.635,0.0,0.0
2022-12-16 17:00:00,0.0,1442.12,115.90143,0.0,721.06,405.655,0.0,0.0
2022-12-16 18:00:00,0.0,1442.12,226.98341,0.0,721.06,500.0,83.285,0.0
2022-12-16 19:00:00,0.0,1442.12,128.73286,0.0,721.06,450.565,0.0,0.0
2022-12-16 20:00:00,0.0,1442.12,114.76143,0.0,721.06,401.665,0.0,0.0
2022-12-16 21:00:00,0.0,1442.12,93.261429,0.0,721.06,326.415,0.0,0.0
2022-12-16 22:00:00,0.0,1442.12,93.412857,0.0,721.06,326.945,0.0,0.0
2022-12-16 23:00:00,0.0,1442.12,74.461429,0.0,721.06,260.615,0.0,0.0
2022-12-17 00:00:00,0.0,1442.12,62.527143,0.0,721.06,218.845,0.0,0.0
2022-12-17 01:00:00,0.0,1442.12,57.847143,0.0,721.06,202.465,0.0,0.0
2022-12-17 02:00:00,0.0,1442.12,59.901429,0.0,721.06,209.655,0.0,0.0
2022-12-17 03:00:00,0.0,1442.12,62.358571,0.0,721.06,218.255,0.0,0.0
2022-12-17 04:00:00,0.0,1442.12,63.558571,0.0,721.06,222.455,0.0,0.0
2022-12-17 05:00:00,0.0,1442.12,93.561429,0.0,721.06,327.465,0.0,0.0
2022-12-17 06:00:00,0.0,1442.12,228.40765,0.0,721.06,500.0,84.695,0.0
2022-12-17 07:00:00,0.0,1442.12,189.21654,0.0,721.06,500.0,45.8958,119.74919999999999
2022-12-17 08:00:00,0.0,1442.12,32.381543,0.0,721.06,113.3354,0.0,339.09959999999995
2022-12-17 09:00:00,0.0,1411.3786,0.0,0.0,705.6893,0.0,0.0,410.3257
2022-12-17 10:00:00,0.0,1024.7758,0.0,0.0,512.3879,0.0,0.0,589.3071
2022-12-17 11:00:00,0.0,1066.2102,0.0,0.0,533.1051,0.0,0.0,566.2099000000001
2022-12-17 12:00:00,0.0,1257.7042,0.0,0.0,628.8521,0.0,0.0,415.1729
2022-12-17 13:00:00,0.0,1215.7038,0.0,0.0,607.8519,0.0,0.0,396.00309999999996
2022-12-17 14:00:00,0.0,1442.12,42.7222,0.0,721.06,149.5277,0.0,175.9373
2022-12-17 15:00:00,0.0,1442.12,94.400257,0.0,721.06,330.4009,0.0,46.8441
2022-12-17 16:00:00,0.0,1442.12,98.415714,0.0,721.06,344.455,0.0,0.0
2022-12-17 17:00:00,0.0,1442.12,127.27,0.0,721.06,445.445,0.0,0.0
2022-12-17 18:00:00,0.0,1442.12,191.80159,0.0,721.06,500.0,48.455,0.0
2022-12-17 19:00:00,0.0,1442.12,136.85571,0.0,721.06,478.995,0.0,0.0
2022-12-17 20:00:00,0.0,1442.12,133.86143,0.0,721.06,468.515,0.0,0.0
2022-12-17 21:00:00,0.0,1442.12,113.37,0.0,721.06,396.795,0.0,0.0
2022-12-17 22:00:00,0.0,1442.12,115.24143,0.0,721.06,403.345,0.0,0.0
2022-12-17 23:00:00,0.0,1442.12,85.378571,0.0,721.06,298.825,0.0,0.0
2022-12-18 00:00:00,0.0,1442.12,72.058571,0.0,721.06,252.205,0.0,0.0
2022-12-18 01:00:00,0.0,1442.12,64.53,0.0,721.06,225.855,0.0,0.0
2022-12-18 02:00:00,0.0,1442.12,62.418571,0.0,721.06,218.465,0.0,0.0
2022-12-18 03:00:00,0.0,1442.12,64.875714,0.0,721.06,227.065,0.0,0.0
2022-12-18 04:00:00,0.0,1442.12,68.358571,0.0,721.06,239.255,0.0,0.0
2022-12-18 05:00:00,0.0,1442.12,89.798571,0.0,721.06,314.295,0.0,0.0
2022-12-18 06:00:00,0.0,1442.12,188.38745,0.0,721.06,500.0,45.075,0.0
2022-12-18 07:00:00,0.0,1442.12,112.25583,0.0,721.06,392.8954,0.0,182.1496
2022-12-18 08:00:00,0.0,1383.891,0.0,0.0,691.9455,0.0,0.0,376.0595
2022-12-18 09:00:00,0.0,1010.1376,0.0,0.0,505.0688,0.0,0.0,518.9862
2022-12-18 10:00:00,0.0,789.103,0.0,0.0,394.5515,0.0,0.0,600.0235
2022-12-18 11:00:00,0.0,889.4974,0.0,0.0,444.7487,0.0,0.0,620.7262999999999
2022-12-18 12:00:00,0.0,747.6416,0.0,0.0,373.8208,0.0,0.0,584.3942
2022-12-18 13:00:00,0.0,919.8232,0.0,0.0,459.9116,0.0,0.0,473.4633999999999
2022-12-18 14:00:00,0.0,1252.5566,0.0,0.0,626.2783,0.0,0.0,334.18670000000003
2022-12-18 15:00:00,0.0,1442.12,34.216514,0.0,721.06,119.7578,0.0,123.83720000000001
2022-12-18 16:00:00,0.0,1442.12,83.247143,0.0,721.06,291.365,0.0,0.0
2022-12-18 17:00:00,0.0,1442.12,93.275714,0.0,721.06,326.465,0.0,0.0
2022-12-18 18:00:00,0.0,1442.12,135.25,0.0,721.06,473.375,0.0,0.0
2022-12-18 19:00:00,0.0,1442.12,100.58714,0.0,721.06,352.055,0.0,0.0
2022-12-18 20:00:00,0.0,1442.12,113.69286,0.0,721.06,397.925,0.0,0.0
2022-12-18 21:00:00,0.0,1442.12,110.84143,0.0,721.06,387.945,0.0,0.0
2022-12-18 22:00:00,0.0,1442.12,111.61857,0.0,721.06,390.665,0.0,0.0
2022-12-18 23:00:00,0.0,1442.12,97.841429,0.0,721.06,342.445,0.0,0.0
2022-12-19 00:00:00,0.0,1442.12,94.218571,0.0,721.06,329.765,0.0,0.0
2022-12-19 01:00:00,0.0,1442.12,93.69,0.0,721.06,327.915,0.0,0.0
2022-12-19 02:00:00,0.0,1442.12,90.007143,0.0,721.06,315.025,0.0,0.0
2022-12-19 03:00:00,0.0,1442.12,83.33,0.0,721.06,291.655,0.0,0.0
2022-12-19 04:00:00,0.0,1442.12,81.807143,0.0,721.06,286.325,0.0,0.0
2022-12-19 05:00:00,0.0,1442.12,95.915714,0.0,721.06,335.705,0.0,0.0
2022-12-19 06:00:00,0.0,1442.12,193.9531,0.0,721.06,500.0,50.585,0.0
2022-12-19 07:00:00,0.0,1442.12,116.95003,0.0,721.06,409.3251,0.0,171.2799
2022-12-19 08:00:00,0.0,1442.12,13.943114,0.0,721.06,48.8009,0.0,378.9941
2022-12-19 09:00:00,0.0,1024.9532,0.0,0.0,512.4766,0.0,0.0,518.3584
2022-12-19 10:00:00,0.0,796.4042,0.0,0.0,398.2021,0.0,0.0,602.7829
2022-12-19 11:00:00,0.0,920.9214,0.0,0.0,460.4607,0.0,0.0,609.4843
2022-12-19 12:00:00,0.0,750.1404,0.0,0.0,375.0702,0.0,0.0,583.0948
2022-12-19 13:00:00,0.0,909.1224,0.0,0.0,454.5612,0.0,0.0,503.74379999999996
2022-12-19 14:00:00,0.0,1317.444,0.0,0.0,658.722,0.0,0.0,307.403
2022-12-19 15:00:00,0.0,1442.12,62.050886,0.0,721.06,217.1781,0.0,35.4269
2022-12-19 16:00:00,0.0,1442.12,81.044286,0.0,721.06,283.655,0.0,0.0
2022-12-19 17:00:00,0.0,1442.12,83.055714,0.0,721.06,290.695,0.0,0.0
2022-12-19 18:00:00,0.0,1442.12,132.93571,0.0,721.06,465.275,0.0,0.0
2022-12-19 19:00:00,0.0,1442.12,97.555714,0.0,721.06,341.445,0.0,0.0
2022-12-19 20:00:00,0.0,1442.12,95.784286,0.0,721.06,335.245,0.0,0.0
2022-12-19 21:00:00,0.0,1442.12,89.972857,0.0,721.06,314.905,0.0,0.0
2022-12-19 22:00:00,0.0,1442.12,72.072857,0.0,721.06,252.255,0.0,0.0
2022-12-19 23:00:00,0.0,1442.12,53.778571,0.0,721.06,188.225,0.0,0.0
2022-12-20 00:00:00,0.0,1442.12,43.09,0.0,721.06,150.815,0.0,0.0
2022-12-20 01:00:00,0.0,1442.12,33.758571,0.0,721.06,118.155,0.0,0.0
2022-12-20 02:00:00,0.0,1442.12,37.244286,0.0,721.06,130.355,0.0,0.0
2022-12-20 03:00:00,0.0,1442.12,39.255714,0.0,721.06,137.395,0.0,0.0
2022-12-20 04:00:00,0.0,1442.12,43.935714,0.0,721.06,153.775,0.0,0.0
2022-12-20 05:00:00,0.0,1442.12,58.21,0.0,721.06,203.735,0.0,0.0
2022-12-20 06:00:00,0.0,1442.12,109.51571,0.0,721.06,383.305,0.0,0.0
2022-12-20 07:00:00,0.0,1442.12,114.00351,0.0,721.06,399.0123,0.0,183.9527
2022-12-20 08:00:00,0.0,1417.9208,0.0,0.0,708.9604,0.0,0.0,383.2646
2022-12-20 09:00:00,0.0,993.8728,0.0,0.0,496.9364,0.0,0.0,512.3285999999999
2022-12-20 10:00:00,0.0,822.0506,0.0,0.0,411.0253,0.0,0.0,606.5496999999999
2022-12-20 11:00:00,0.0,871.5442,0.0,0.0,435.7721,0.0,0.0,618.1129
2022-12-20 12:00:00,0.0,797.2734,0.0,0.0,398.6367,0.0,0.0,578.6782999999999
2022-12-20 13:00:00,0.0,986.5598,0.0,0.0,493.2799,0.0,0.0,503.6051
2022-12-20 14:00:00,0.0,1341.7024,0.0,0.0,670.8512,0.0,0.0,340.2238
2022-12-20 15:00:00,0.0,1442.12,32.833314,0.0,721.06,114.9166,0.0,136.5684
2022-12-20 16:00:00,0.0,1442.12,80.91,0.0,721.06,283.185,0.0,0.0
2022-12-20 17:00:00,0.0,1442.12,91.007143,0.0,721.06,318.525,0.0,0.0
2022-12-20 18:00:00,0.0,1442.12,155.99351,0.0,721.06,500.0,13.005,0.0
2022-12-20 19:00:00,0.0,1442.12,109.98429,0.0,721.06,384.945,0.0,0.0
2022-12-20 20:00:00,0.0,1442.12,115.29857,0.0,721.06,403.545,0.0,0.0
2022-12-20 21:00:00,0.0,1442.12,109.77,0.0,721.06,384.195,0.0,0.0
2022-12-20 22:00:00,0.0,1442.12,99.398571,0.0,721.06,347.895,0.0,0.0
2022-12-20 23:00:00,0.0,1442.12,83.261429,0.0,721.06,291.415,0.0,0.0
2022-12-21 00:00:00,0.0,1442.12,71.472857,0.0,721.06,250.155,0.0,0.0
2022-12-21 01:00:00,0.0,1442.12,64.292857,0.0,721.06,225.025,0.0,0.0
2022-12-21 02:00:00,0.0,1442.12,68.03,0.0,721.06,238.105,0.0,0.0
2022-12-21 03:00:00,0.0,1442.12,64.547143,0.0,721.06,225.915,0.0,0.0
2022-12-21 04:00:00,0.0,1442.12,70.261429,0.0,721.06,245.915,0.0,0.0
2022-12-21 05:00:00,0.0,1442.12,85.281429,0.0,721.06,298.485,0.0,0.0
2022-12-21 06:00:00,0.0,1442.12,124.99,0.0,721.06,437.465,0.0,0.0
2022-12-21 07:00:00,0.0,1442.12,114.77609,0.0,721.06,401.7163,0.0,184.09869999999998
2022-12-21 08:00:00,0.0,1442.12,24.639143,0.0,721.06,86.237,0.0,382.958
2022-12-21 09:00:00,0.0,1268.8064,0.0,0.0,634.4032,0.0,0.0,508.5618
2022-12-21 10:00:00,0.0,1050.4158,0.0,0.0,525.2079,0.0,0.0,602.4471
2022-12-21 11:00:00,0.0,1099.216,0.0,0.0,549.608,0.0,0.0,620.427
2022-12-21 12:00:00,0.0,1010.8386,0.0,0.0,505.4193,0.0,0.0,576.7656999999999
2022-12-21 13:00:00,0.0,1236.2534,0.0,0.0,618.1267,0.0,0.0,483.0483
2022-12-21 14:00:00,0.0,1442.12,5.6527143,0.0,721.06,19.7845,0.0,342.2605
2022-12-21 15:00:00,0.0,1442.12,69.704086,0.0,721.06,243.9643,0.0,135.48069999999998
2022-12-21 16:00:00,0.0,1442.12,117.78143,0.0,721.06,412.235,0.0,0.0
2022-12-21 17:00:00,0.0,1442.12,103.53286,0.0,721.06,362.365,0.0,0.0
2022-12-21 18:00:00,0.0,1442.12,219.48846,0.0,721.06,500.0,75.865,0.0
2022-12-21 19:00:00,0.0,1442.12,107.95857,0.0,721.06,377.855,0.0,0.0
2022-12-21 20:00:00,0.0,1442.12,98.347143,0.0,721.06,344.215,0.0,0.0
2022-12-21 21:00:00,0.0,1442.12,114.96143,0.0,721.06,402.365,0.0,0.0
2022-12-21 22:00:00,0.0,1442.12,105.95857,0.0,721.06,370.855,0.0,0.0
2022-12-21 23:00:00,0.0,1442.12,93.732857,0.0,721.06,328.065,0.0,0.0
2022-12-22 00:00:00,0.0,1442.12,84.852857,0.0,721.06,296.985,0.0,0.0
2022-12-22 01:00:00,0.0,1442.12,78.867143,0.0,721.06,276.035,0.0,0.0
2022-12-22 02:00:00,0.0,1442.12,76.935714,0.0,721.06,269.275,0.0,0.0
2022-12-22 03:00:00,0.0,1442.12,74.435714,0.0,721.06,260.525,0.0,0.0
2022-12-22 04:00:00,0.0,1442.12,79.207143,0.0,721.06,277.225,0.0,0.0
2022-12-22 05:00:00,0.0,1442.12,76.93,0.0,721.06,269.255,0.0,0.0
2022-12-22 06:00:00,0.0,1442.12,82.907143,0.0,721.06,290.175,0.0,0.0
2022-12-22 07:00:00,0.0,1442.12,52.336886,0.0,721.06,183.1791,0.0,168.5059
2022-12-22 08:00:00,0.0,1442.12,12.738971,0.0,721.06,44.5864,0.0,361.9486
2022-12-22 09:00:00,0.0,1307.3642,0.0,0.0,653.6821,0.0,0.0,492.55289999999997
2022-12-22 10:00:00,0.0,1441.855,0.0,0.0,720.9275,0.0,0.0,577.2475
2022-12-22 11:00:00,0.0,1442.12,31.407457,0.0,721.06,109.9261,0.0,416.0488999999999
2022-12-22 12:00:00,0.0,1226.4672,0.0,0.0,613.2336,0.0,0.0,541.0614
2022-12-22 13:00:00,0.0,1442.12,39.173486,0.0,721.06,137.1072,0.0,318.1778
2022-12-22 14:00:00,0.0,1442.12,88.809143,0.0,721.06,310.832,0.0,87.673
2022-12-22 15:00:00,0.0,1442.12,97.525286,0.0,721.06,341.3385,0.0,69.3865
2022-12-22 16:00:00,0.0,1442.12,121.15571,0.0,721.06,424.045,0.0,0.0
2022-12-22 17:00:00,0.0,1442.12,117.90143,0.0,721.06,412.655,0.0,0.0
2022-12-22 18:00:00,0.0,1442.12,199.73088,0.0,721.06,500.0,56.305,0.0
2022-12-22 19:00:00,0.0,1442.12,112.09286,0.0,721.06,392.325,0.0,0.0
2022-12-22 20:00:00,0.0,1442.12,110.75571,0.0,721.06,387.645,0.0,0.0
2022-12-22 21:00:00,0.0,1442.12,111.55857,0.0,721.06,390.455,0.0,0.0
2022-12-22 22:00:00,0.0,1442.12,109.95286,0.0,721.06,384.835,0.0,0.0
2022-12-22 23:00:00,0.0,1442.12,104.25571,0.0,721.06,364.895,0.0,0.0
2022-12-23 00:00:00,0.0,1442.12,107.55,0.0,721.06,376.425,0.0,0.0
2022-12-23 01:00:00,0.0,1442.12,92.587143,0.0,721.06,324.055,0.0,0.0
2022-12-23 02:00:00,0.0,1442.12,86.795714,0.0,721.06,303.785,0.0,0.0
2022-12-23 03:00:00,0.0,1442.12,89.641429,0.0,721.06,313.745,0.0,0.0
2022-12-23 04:00:00,0.0,1442.12,90.367143,0.0,721.06,316.285,0.0,0.0
2022-12-23 05:00:00,0.0,1442.12,88.544286,0.0,721.06,309.905,0.0,0.0
2022-12-23 06:00:00,0.0,1442.12,99.404286,0.0,721.06,347.915,0.0,0.0
2022-12-23 07:00:00,0.0,1442.12,78.489829,0.0,721.06,274.7144,0.0,145.4306
2022-12-23 08:00:00,0.0,1442.12,57.843143,0.0,721.06,202.451,0.0,213.744
2022-12-23 09:00:00,0.0,1442.12,13.638771,0.0,721.06,47.7357,0.0,437.5693
2022-12-23 10:00:00,0.0,1442.12,125.44394,0.0,721.06,439.0538,0.0,149.97119999999998
2022-12-23 11:00:00,0.0,1442.12,138.38906,0.0,721.06,484.3617,0.0,203.09329999999997
2022-12-23 12:00:00,0.0,1442.12,118.23717,0.0,721.06,413.8301,0.0,116.89489999999998
2022-12-23 13:00:00,0.0,1442.12,117.77257,0.0,721.06,412.204,0.0,68.401
2022-12-23 14:00:00,0.0,1442.12,126.60051,0.0,721.06,443.1018,0.0,45.1432
2022-12-23 15:00:00,0.0,1442.12,135.13889,0.0,721.06,472.9861,0.0,11.6289
2022-12-23 16:00:00,0.0,1442.12,140.20429,0.0,721.06,490.715,0.0,0.0
2022-12-23 17:00:00,0.0,1442.12,164.47835,0.0,721.06,500.0,21.405,0.0
2022-12-23 18:00:00,0.0,1442.12,260.54906,0.0,721.06,500.0,116.515,0.0
2022-12-23 19:00:00,0.0,1442.12,136.67857,0.0,721.06,478.375,0.0,0.0
2022-12-23 20:00:00,0.0,1442.12,138.70714,0.0,721.06,485.475,0.0,0.0
2022-12-23 21:00:00,0.0,1442.12,119.93571,0.0,721.06,419.775,0.0,0.0
2022-12-23 22:00:00,0.0,1442.12,114.93857,0.0,721.06,402.285,0.0,0.0
2022-12-23 23:00:00,0.0,1442.12,114.33286,0.0,721.06,400.165,0.0,0.0
2022-12-24 00:00:00,0.0,1442.12,105.69286,0.0,721.06,369.925,0.0,0.0
2022-12-24 01:00:00,0.0,1442.12,103.80429,0.0,721.06,363.315,0.0,0.0
2022-12-24 02:00:00,0.0,1442.12,101.81571,0.0,721.06,356.355,0.0,0.0
2022-12-24 03:00:00,0.0,1442.12,101.87571,0.0,721.06,356.565,0.0,0.0
2022-12-24 04:00:00,0.0,1442.12,106.26714,0.0,721.06,371.935,0.0,0.0
2022-12-24 05:00:00,0.0,1442.12,108.68143,0.0,721.06,380.385,0.0,0.0
2022-12-24 06:00:00,0.0,1442.12,114.17,0.0,721.06,399.595,0.0,0.0
2022-12-24 07:00:00,0.0,1442.12,120.49429,0.0,721.06,421.73,0.0,60.955
2022-12-24 08:00:00,0.0,1442.12,57.959743,0.0,721.06,202.8591,0.0,302.8259
2022-12-24 09:00:00,0.0,1442.12,117.9332,0.0,721.06,412.7662,0.0,216.4888
2022-12-24 10:00:00,0.0,1442.12,62.654514,0.0,721.06,219.2908,0.0,543.5142
2022-12-24 11:00:00,0.0,1442.12,95.789286,0.0,721.06,335.2625,0.0,457.8925
2022-12-24 12:00:00,0.0,1442.12,63.636857,0.0,721.06,222.729,0.0,463.69599999999997
2022-12-24 13:00:00,0.0,1442.12,90.079229,0.0,721.06,315.2773,0.0,270.4577
2022-12-24 14:00:00,0.0,1442.12,134.50086,0.0,721.06,470.753,0.0,111.25200000000001
2022-12-24 15:00:00,0.0,1442.12,122.0636,0.0,721.06,427.2226,0.0,99.9224
2022-12-24 16:00:00,0.0,1442.12,171.77128,0.0,721.06,500.0,28.625,0.0
2022-12-24 17:00:00,0.0,1442.12,175.46825,0.0,721.06,500.0,32.285,0.0
2022-12-24 18:00:00,0.0,1442.12,301.06421,0.0,721.06,500.0,156.625,0.0
2022-12-24 19:00:00,0.0,1442.12,140.53286,0.0,721.06,491.865,0.0,0.0
2022-12-24 20:00:00,0.0,1442.12,135.97286,0.0,721.06,475.905,0.0,0.0
2022-12-24 21:00:00,0.0,1442.12,127.20714,0.0,721.06,445.225,0.0,0.0
2022-12-24 22:00:00,0.0,1442.12,121.60143,0.0,721.06,425.605,0.0,0.0
2022-12-24 23:00:00,0.0,1442.12,113.65286,0.0,721.06,397.785,0.0,0.0
2022-12-25 00:00:00,0.0,1442.12,101.47286,0.0,721.06,355.155,0.0,0.0
2022-12-25 01:00:00,0.0,1442.12,93.224286,0.0,721.06,326.285,0.0,0.0
2022-12-25 02:00:00,0.0,1442.12,86.527143,0.0,721.06,302.845,0.0,0.0
2022-12-25 03:00:00,0.0,1442.12,80.761429,0.0,721.06,282.665,0.0,0.0
2022-12-25 04:00:00,0.0,1442.12,78.175714,0.0,721.06,273.615,0.0,0.0
2022-12-25 05:00:00,0.0,1442.12,78.975714,0.0,721.06,276.415,0.0,0.0
2022-12-25 06:00:00,0.0,1442.12,77.715714,0.0,721.06,272.005,0.0,0.0
2022-12-25 07:00:00,0.0,1442.12,43.752343,0.0,721.06,153.1332,0.0,182.9818
2022-12-25 08:00:00,0.0,1293.7806,0.0,0.0,646.8903,0.0,0.0,378.42470000000003
2022-12-25 09:00:00,0.0,1119.2506,0.0,0.0,559.6253,0.0,0.0,513.1097
2022-12-25 10:00:00,0.0,981.3548,0.0,0.0,490.6774,0.0,0.0,610.3675999999999
2022-12-25 11:00:00,0.0,1065.8324,0.0,0.0,532.9162,0.0,0.0,625.2887999999999
2022-12-25 12:00:00,0.0,888.8456,0.0,0.0,444.4228,0.0,0.0,587.7521999999999
2022-12-25 13:00:00,0.0,1037.9346,0.0,0.0,518.9673,0.0,0.0,487.26770000000005
2022-12-25 14:00:00,0.0,1292.7884,0.0,0.0,646.3942,0.0,0.0,342.3408
2022-12-25 15:00:00,0.0,1442.12,55.125114,0.0,721.06,192.9379,0.0,148.3871
2022-12-25 16:00:00,0.0,1442.12,69.41,0.0,721.06,242.935,0.0,0.0
2022-12-25 17:00:00,0.0,1442.12,69.867143,0.0,721.06,244.535,0.0,0.0
2022-12-25 18:00:00,0.0,1442.12,106.21857,0.0,721.06,371.765,0.0,0.0
2022-12-25 19:00:00,0.0,1442.12,58.192857,0.0,721.06,203.675,0.0,0.0
2022-12-25 20:00:00,0.0,1442.12,51.03,0.0,721.06,178.605,0.0,0.0
2022-12-25 21:00:00,0.0,1442.12,62.544286,0.0,721.06,218.905,0.0,0.0
2022-12-25 22:00:00,0.0,1442.12,53.27,0.0,721.06,186.445,0.0,0.0
2022-12-25 23:00:00,0.0,1442.12,48.181429,0.0,721.06,168.635,0.0,0.0
2022-12-26 00:00:00,0.0,1442.12,44.13,0.0,721.06,154.455,0.0,0.0
2022-12-26 01:00:00,0.0,1442.12,23.881429,0.0,721.06,83.585,0.0,0.0
2022-12-26 02:00:00,0.0,1442.12,16.644286,0.0,721.06,58.255,0.0,0.0
2022-12-26 03:00:00,0.0,1442.12,19.27,0.0,721.06,67.445,0.0,0.0
2022-12-26 04:00:00,0.0,1442.12,26.35,0.0,721.06,92.225,0.0,0.0
2022-12-26 05:00:00,0.0,1442.12,27.084286,0.0,721.06,94.795,0.0,0.0
2022-12-26 06:00:00,0.0,1442.12,32.141429,0.0,721.06,112.495,0.0,0.0
2022-12-26 07:00:00,0.0,1442.12,3.5779714,0.0,721.06,12.5229,0.0,190.36209999999997
2022-12-26 08:00:00,0.0,1115.252,0.0,0.0,557.626,0.0,0.0,381.27899999999994
2022-12-26 09:00:00,0.0,955.357,0.0,0.0,477.6785,0.0,0.0,521.9865
2022-12-26 10:00:00,0.0,949.3582,0.0,0.0,474.6791,0.0,0.0,610.8859
2022-12-26 11:00:00,0.0,974.3086,0.0,0.0,487.1543,0.0,0.0,621.6606999999999
2022-12-26 12:00:00,0.0,853.6282,0.0,0.0,426.8141,0.0,0.0,606.1409
2022-12-26 13:00:00,0.0,1043.39,0.0,0.0,521.695,0.0,0.0,504.42999999999995
2022-12-26 14:00:00,0.0,1283.807,0.0,0.0,641.9035,0.0,0.0,344.2315
2022-12-26 15:00:00,0.0,1442.12,30.022629,0.0,721.06,105.0792,0.0,152.9058
2022-12-26 16:00:00,0.0,1442.12,79.627143,0.0,721.06,278.695,0.0,0.0
2022-12-26 17:00:00,0.0,1442.12,81.232857,0.0,721.06,284.315,0.0,0.0
2022-12-26 18:00:00,0.0,1442.12,102.14429,0.0,721.06,357.505,0.0,0.0
2022-12-26 19:00:00,0.0,1442.12,70.164286,0.0,721.06,245.575,0.0,0.0
2022-12-26 20:00:00,0.0,1442.12,69.078571,0.0,721.06,241.775,0.0,0.0
2022-12-26 21:00:00,0.0,1442.12,54.141429,0.0,721.06,189.495,0.0,0.0
2022-12-26 22:00:00,0.0,1442.12,50.801429,0.0,721.06,177.805,0.0,0.0
2022-12-26 23:00:00,0.0,1442.12,45.304286,0.0,721.06,158.565,0.0,0.0
2022-12-27 00:00:00,0.0,1442.12,40.05,0.0,721.06,140.175,0.0,0.0
2022-12-27 01:00:00,0.0,1442.12,38.57,0.0,721.06,134.995,0.0,0.0
2022-12-27 02:00:00,0.0,1442.12,43.964286,0.0,721.06,153.875,0.0,0.0
2022-12-27 03:00:00,0.0,1442.12,47.421429,0.0,721.06,165.975,0.0,0.0
2022-12-27 04:00:00,0.0,1442.12,55.238571,0.0,721.06,193.335,0.0,0.0
2022-12-27 05:00:00,0.0,1442.12,58.858571,0.0,721.06,206.005,0.0,0.0
2022-12-27 06:00:00,0.0,1442.12,73.072857,0.0,721.06,255.755,0.0,0.0
2022-12-27 07:00:00,0.0,1442.12,54.340714,0.0,721.06,190.1925,0.0,178.3025
2022-12-27 08:00:00,0.0,1284.9216,0.0,0.0,642.4608,0.0,0.0,380.72419999999994
2022-12-27 09:00:00,0.0,1089.7094,0.0,0.0,544.8547,0.0,0.0,505.24030000000005
2022-12-27 10:00:00,0.0,1032.0806,0.0,0.0,516.0403,0.0,0.0,576.9847
2022-12-27 11:00:00,0.0,1003.3054,0.0,0.0,501.6527,0.0,0.0,635.4722999999999
2022-12-27 12:00:00,0.0,919.5722,0.0,0.0,459.7861,0.0,0.0,594.1689
2022-12-27 13:00:00,0.0,1017.4646,0.0,0.0,508.7323,0.0,0.0,498.5827
2022-12-27 14:00:00,0.0,1245.523,0.0,0.0,622.7615,0.0,0.0,346.7135
2022-12-27 15:00:00,0.0,1442.12,35.900143,0.0,721.06,125.6505,0.0,152.3145
2022-12-27 16:00:00,0.0,1442.12,74.292857,0.0,721.06,260.025,0.0,0.0
2022-12-27 17:00:00,0.0,1442.12,78.521429,0.0,721.06,274.825,0.0,0.0
2022-12-27 18:00:00,0.0,1442.12,133.31,0.0,721.06,466.585,0.0,0.0
2022-12-27 19:00:00,0.0,1442.12,80.998571,0.0,721.06,283.495,0.0,0.0
2022-12-27 20:00:00,0.0,1442.12,85.081429,0.0,721.06,297.785,0.0,0.0
2022-12-27 21:00:00,0.0,1442.12,79.392857,0.0,721.06,277.875,0.0,0.0
2022-12-27 22:00:00,0.0,1442.12,67.758571,0.0,721.06,237.155,0.0,0.0
2022-12-27 23:00:00,0.0,1442.12,72.352857,0.0,721.06,253.235,0.0,0.0
2022-12-28 00:00:00,0.0,1442.12,59.898571,0.0,721.06,209.645,0.0,0.0
2022-12-28 01:00:00,0.0,1442.12,57.232857,0.0,721.06,200.315,0.0,0.0
2022-12-28 02:00:00,0.0,1442.12,58.212857,0.0,721.06,203.745,0.0,0.0
2022-12-28 03:00:00,0.0,1442.12,59.075714,0.0,721.06,206.765,0.0,0.0
2022-12-28 04:00:00,0.0,1442.12,58.541429,0.0,721.06,204.895,0.0,0.0
2022-12-28 05:00:00,0.0,1442.12,64.79,0.0,721.06,226.765,0.0,0.0
2022-12-28 06:00:00,0.0,1442.12,65.947143,0.0,721.06,230.815,0.0,0.0
2022-12-28 07:00:00,0.0,1442.12,45.809943,0.0,721.06,160.3348,0.0,175.7402
2022-12-28 08:00:00,0.0,1345.2192,0.0,0.0,672.6096,0.0,0.0,378.8554
2022-12-28 09:00:00,0.0,1110.1316,0.0,0.0,555.0658,0.0,0.0,515.4092
2022-12-28 10:00:00,0.0,917.7134,0.0,0.0,458.8567,0.0,0.0,609.3382999999999
2022-12-28 11:00:00,0.0,1050.379,0.0,0.0,525.1895,0.0,0.0,630.2455
2022-12-28 12:00:00,0.0,807.9304,0.0,0.0,403.9652,0.0,0.0,606.8198
2022-12-28 13:00:00,0.0,989.324,0.0,0.0,494.662,0.0,0.0,498.663
2022-12-28 14:00:00,0.0,1251.1818,0.0,0.0,625.5909,0.0,0.0,353.4441
2022-12-28 15:00:00,0.0,1442.12,29.712057,0.0,721.06,103.9922,0.0,156.4828
2022-12-28 16:00:00,0.0,1442.12,77.63,0.0,721.06,271.705,0.0,0.0
2022-12-28 17:00:00,0.0,1442.12,99.204286,0.0,721.06,347.215,0.0,0.0
2022-12-28 18:00:00,0.0,1442.12,143.25613,0.0,721.06,500.0,0.395,0.0
2022-12-28 19:00:00,0.0,1442.12,107.56714,0.0,721.06,376.485,0.0,0.0
2022-12-28 20:00:00,0.0,1442.12,93.135714,0.0,721.06,325.975,0.0,0.0
2022-12-28 21:00:00,0.0,1442.12,89.044286,0.0,721.06,311.655,0.0,0.0
2022-12-28 22:00:00,0.0,1442.12,84.912857,0.0,721.06,297.195,0.0,0.0
2022-12-28 23:00:00,0.0,1442.12,81.852857,0.0,721.06,286.485,0.0,0.0
2022-12-29 00:00:00,0.0,1442.12,85.141429,0.0,721.06,297.995,0.0,0.0
2022-12-29 01:00:00,0.0,1442.12,83.461429,0.0,721.06,292.115,0.0,0.0
2022-12-29 02:00:00,0.0,1442.12,77.978571,0.0,721.06,272.925,0.0,0.0
2022-12-29 03:00:00,0.0,1442.12,79.092857,0.0,721.06,276.825,0.0,0.0
2022-12-29 04:00:00,0.0,1442.12,76.375714,0.0,721.06,267.315,0.0,0.0
2022-12-29 05:00:00,0.0,1442.12,81.541429,0.0,721.06,285.395,0.0,0.0
2022-12-29 06:00:00,0.0,1442.12,68.818571,0.0,721.06,240.865,0.0,0.0
2022-12-29 07:00:00,0.0,1442.12,36.170771,0.0,721.06,126.5977,0.0,181.04729999999998
2022-12-29 08:00:00,0.0,1270.0998,0.0,0.0,635.0499,0.0,0.0,378.0451
2022-12-29 09:00:00,0.0,1097.5402,0.0,0.0,548.7701,0.0,0.0,526.4249
2022-12-29 10:00:00,0.0,1109.8778,0.0,0.0,554.9389,0.0,0.0,561.7861
2022-12-29 11:00:00,0.0,1294.7504,0.0,0.0,647.3752,0.0,0.0,536.0097999999999
2022-12-29 12:00:00,0.0,938.4104,0.0,0.0,469.2052,0.0,0.0,541.8498
2022-12-29 13:00:00,0.0,1161.1746,0.0,0.0,580.5873,0.0,0.0,486.5377000000001
2022-12-29 14:00:00,0.0,1355.4098,0.0,0.0,677.7049,0.0,0.0,349.21009999999995
2022-12-29 15:00:00,0.0,1442.12,41.804857,0.0,721.06,146.317,0.0,147.898
2022-12-29 16:00:00,0.0,1442.12,93.938571,0.0,721.06,328.785,0.0,0.0
2022-12-29 17:00:00,0.0,1442.12,83.281429,0.0,721.06,291.485,0.0,0.0
2022-12-29 18:00:00,0.0,1442.12,122.31571,0.0,721.06,428.105,0.0,0.0
2022-12-29 19:00:00,0.0,1442.12,97.135714,0.0,721.06,339.975,0.0,0.0
2022-12-29 20:00:00,0.0,1442.12,74.964286,0.0,721.06,262.375,0.0,0.0
2022-12-29 21:00:00,0.0,1442.12,78.875714,0.0,721.06,276.065,0.0,0.0
2022-12-29 22:00:00,0.0,1442.12,75.107143,0.0,721.06,262.875,0.0,0.0
2022-12-29 23:00:00,0.0,1442.12,71.755714,0.0,721.06,251.145,0.0,0.0
2022-12-30 00:00:00,0.0,1442.12,68.161429,0.0,721.06,238.565,0.0,0.0
2022-12-30 01:00:00,0.0,1442.12,63.17,0.0,721.06,221.095,0.0,0.0
2022-12-30 02:00:00,0.0,1442.12,61.661429,0.0,721.06,215.815,0.0,0.0
2022-12-30 03:00:00,0.0,1442.12,60.19,0.0,721.06,210.665,0.0,0.0
2022-12-30 04:00:00,0.0,1442.12,62.452857,0.0,721.06,218.585,0.0,0.0
2022-12-30 05:00:00,0.0,1442.12,63.178571,0.0,721.06,221.125,0.0,0.0
2022-12-30 06:00:00,0.0,1442.12,62.904286,0.0,721.06,220.165,0.0,0.0
2022-12-30 07:00:00,0.0,1442.12,40.794086,0.0,721.06,142.7793,0.0,157.01569999999998
2022-12-30 08:00:00,0.0,1267.5634,0.0,0.0,633.7817,0.0,0.0,368.8033
2022-12-30 09:00:00,0.0,1155.7794,0.0,0.0,577.8897,0.0,0.0,504.14529999999996
2022-12-30 10:00:00,0.0,904.242,0.0,0.0,452.121,0.0,0.0,598.454
2022-12-30 11:00:00,0.0,1201.498,0.0,0.0,600.749,0.0,0.0,603.126
2022-12-30 12:00:00,0.0,1442.12,34.788514,0.0,721.06,121.7598,0.0,255.6752
2022-12-30 13:00:00,0.0,1263.295,0.0,0.0,631.6475,0.0,0.0,472.8575
2022-12-30 14:00:00,0.0,1325.8166,0.0,0.0,662.9083,0.0,0.0,349.5167
2022-12-30 15:00:00,0.0,1442.12,36.2036,0.0,721.06,126.7126,0.0,170.0024
2022-12-30 16:00:00,0.0,1442.12,86.73,0.0,721.06,303.555,0.0,0.0
2022-12-30 17:00:00,0.0,1442.12,84.178571,0.0,721.06,294.625,0.0,0.0
2022-12-30 18:00:00,0.0,1442.12,135.60143,0.0,721.06,474.605,0.0,0.0
2022-12-30 19:00:00,0.0,1442.12,92.027143,0.0,721.06,322.095,0.0,0.0
2022-12-30 20:00:00,0.0,1442.12,80.647143,0.0,721.06,282.265,0.0,0.0
2022-12-30 21:00:00,0.0,1442.12,66.87,0.0,721.06,234.045,0.0,0.0
2022-12-30 22:00:00,0.0,1442.12,59.844286,0.0,721.06,209.455,0.0,0.0
2022-12-30 23:00:00,0.0,1442.12,64.058571,0.0,721.06,224.205,0.0,0.0
2022-12-31 00:00:00,0.0,1442.12,47.932857,0.0,721.06,167.765,0.0,0.0
2022-12-31 01:00:00,0.0,1442.12,42.952857,0.0,721.06,150.335,0.0,0.0
2022-12-31 02:00:00,0.0,1442.12,42.084286,0.0,721.06,147.295,0.0,0.0
2022-12-31 03:00:00,0.0,1442.12,41.63,0.0,721.06,145.705,0.0,0.0
2022-12-31 04:00:00,0.0,1442.12,44.692857,0.0,721.06,156.425,0.0,0.0
2022-12-31 05:00:00,0.0,1442.12,43.118571,0.0,721.06,150.915,0.0,0.0
2022-12-31 06:00:00,0.0,1442.12,43.835714,0.0,721.06,153.425,0.0,0.0
2022-12-31 07:00:00,0.0,1442.12,13.551714,0.0,721.06,47.431,0.0,180.164
2022-12-31 08:00:00,0.0,1130.3874,0.0,0.0,565.1937,0.0,0.0,359.7513
2022-12-31 09:00:00,0.0,979.9186,0.0,0.0,489.9593,0.0,0.0,491.3557
2022-12-31 10:00:00,0.0,751.4876,0.0,0.0,375.7438,0.0,0.0,585.0512
2022-12-31 11:00:00,0.0,980.1634,0.0,0.0,490.0817,0.0,0.0,606.0532999999999
2022-12-31 12:00:00,0.0,791.124,0.0,0.0,395.562,0.0,0.0,589.913
2022-12-31 13:00:00,0.0,1014.07,0.0,0.0,507.035,0.0,0.0,476.69
2022-12-31 14:00:00,0.0,1209.0264,0.0,0.0,604.5132,0.0,0.0,315.8418
2022-12-31 15:00:00,0.0,1442.12,14.025457,0.0,721.06,49.0891,0.0,150.9859
2022-12-31 16:00:00,0.0,1442.12,62.067143,0.0,721.06,217.235,0.0,0.0
2022-12-31 17:00:00,0.0,1442.12,58.038571,0.0,721.06,203.135,0.0,0.0
2022-12-31 18:00:00,0.0,1442.12,104.09286,0.0,721.06,364.325,0.0,0.0
2022-12-31 19:00:00,0.0,1442.12,64.244286,0.0,721.06,224.855,0.0,0.0
2022-12-31 20:00:00,0.0,1442.12,58.955714,0.0,721.06,206.345,0.0,0.0
2022-12-31 21:00:00,0.0,1442.12,51.875714,0.0,721.06,181.565,0.0,0.0
2022-12-31 22:00:00,0.0,1442.12,44.664286,0.0,721.06,156.325,0.0,0.0
2022-12-31 23:00:00,,,,,,,,
