thermal_demand,electricity_price,co2_price,gas_price,biomass_price
942.29,50.05,82.25,70.807,180
935.12,41.33,82.25,70.807,180
927.68,43.22,82.25,70.807,180
903.87,45.46,82.25,70.807,180
880.75,37.67,82.25,70.807,180
868.17,39.7,82.25,70.807,180
877.69,40.59,82.25,70.807,180
935.95,43.26,82.25,70.807,180
922.97,49.66,82.25,70.807,180
940.61,70.05,82.25,70.807,180
1004.82,76.79,82.25,70.807,180
1107.34,84.1,82.25,70.807,180
1031.03,94.74,82.25,70.807,180
1090.65,96.8,82.25,70.807,180
1016.76,97.17,82.25,70.807,180
1029.05,101,82.25,70.807,180
1038.96,126.6,82.25,70.807,180
1021.65,149.97,82.25,70.807,180
1120.48,146.33,82.25,70.807,180
955.97,140.28,82.25,70.807,180
992.28,121.88,82.25,70.807,180
1010.38,102.61,82.25,70.807,180
950.27,97.46,82.25,70.807,180
957.08,85.16,82.25,70.807,180
931.58,57.08,82.25,70.807,180
904.39,52.59,82.25,70.807,180
897.68,48.97,82.25,70.807,180
901.15,34.94,82.25,70.807,180
895.02,29.56,82.25,70.807,180
910.16,33.97,82.25,70.807,180
978.78,34.52,82.25,70.807,180
1067.07,41.8,82.25,70.807,180
988.08,48.95,82.25,70.807,180
1012.37,60.01,82.25,70.807,180
1038.89,70.09,82.25,70.807,180
1090.15,66.26,82.25,70.807,180
985.94,64.54,82.25,70.807,180
952.72,46.96,82.25,70.807,180
915.38,40.01,82.25,70.807,180
943.65,29.11,82.25,70.807,180
983.25,32.76,82.25,70.807,180
990.18,42.97,82.25,70.807,180
1167.72,60.96,82.25,70.807,180
1056.28,60.94,82.25,70.807,180
1046.45,54.12,82.25,70.807,180
978.55,46.16,82.25,70.807,180
948.9,46.29,82.25,70.807,180
915.39,32.93,82.25,70.807,180
885.97,0.31,82.25,70.807,180
864.67,-0.01,82.25,70.807,180
864.29,-0.07,82.25,70.807,180
872.9,-1.05,82.25,70.807,180
880.67,-1,82.25,70.807,180
908.55,0.32,82.25,70.807,180
1032.65,37.55,82.25,70.807,180
1131.42,88.76,82.25,70.807,180
1069.21,122.93,82.25,70.807,180
1069.73,110.17,82.25,70.807,180
1065.34,93.38,82.25,70.807,180
1104.08,90.73,82.25,70.807,180
976.4,82.37,82.25,70.807,180
979.07,80.9,82.25,70.807,180
984.13,80.99,82.25,70.807,180
1030.6,98.05,82.25,70.807,180
1018.97,123.51,82.25,70.807,180
1034.98,148.49,82.25,70.807,180
1139.49,138,82.25,70.807,180
1066.96,117.64,82.25,70.807,180
1096.48,117.71,82.25,70.807,180
1012.58,95.95,82.25,70.807,180
1014.81,105.68,82.25,70.807,180
966.82,95.26,82.25,70.807,180
917.42,103.7,82.25,70.807,180
885.17,108.27,82.25,70.807,180
873.6,105.92,82.25,70.807,180
867.34,103.41,82.25,70.807,180
901.05,102.71,82.25,70.807,180
915.14,114.23,82.25,70.807,180
1006.55,156.91,82.25,70.807,180
1155.75,182.64,82.25,70.807,180
1052.07,178.91,82.25,70.807,180
1074.99,190,82.25,70.807,180
1032.01,189.88,82.25,70.807,180
1147.83,182.42,82.25,70.807,180
1086.06,182.46,82.25,70.807,180
1068.26,179.59,82.25,70.807,180
1031.97,179,82.25,70.807,180
995.19,180.93,82.25,70.807,180
1009.69,166.69,82.25,70.807,180
1047.77,189.88,82.25,70.807,180
1279.2,184.94,82.25,70.807,180
1053.37,178.99,82.25,70.807,180
1138.37,156.12,82.25,70.807,180
1072.67,140.92,82.25,70.807,180
1040.69,137.92,82.25,70.807,180
986.8,97.56,82.25,70.807,180
949,105.31,82.25,91.338,180
909.2,97.29,82.25,91.338,180
884.7,84.5,82.25,91.338,180
887.85,75.38,82.25,91.338,180
898.03,79.11,82.25,91.338,180
900.09,94.79,82.25,91.338,180
986.97,99.16,82.25,91.338,180
1098.16,101.15,82.25,91.338,180
1067.87,129.56,82.25,91.338,180
1059.27,113.37,82.25,91.338,180
1160.08,94.43,82.25,91.338,180
1178.85,98.1,82.25,91.338,180
1081.13,95.68,82.25,91.338,180
1097.29,96.8,82.25,91.338,180
1103.24,107.32,82.25,91.338,180
1070.73,119.48,82.25,91.338,180
1134.02,137.28,82.25,91.338,180
1120.52,148.09,82.25,91.338,180
1301.95,139.88,82.25,91.338,180
1154.22,135.75,82.25,91.338,180
1101.51,119.93,82.25,91.338,180
1108.31,98.09,82.25,91.338,180
1172.08,118.71,82.25,91.338,180
1087.98,99.68,82.25,91.338,180
1072.1,99.85,82.25,92.598,180
1044.01,101.32,82.25,92.598,180
1050.2,110.01,82.25,92.598,180
1070.6,111.55,82.25,92.598,180
1089.78,123.37,82.25,92.598,180
1103.17,149.94,82.25,92.598,180
1121.45,185.92,82.25,92.598,180
1189.1,228.25,82.25,92.598,180
1225.9,228.92,82.25,92.598,180
1319.07,212.9,82.25,92.598,180
1337.18,215.5,82.25,92.598,180
1501.53,231.9,82.25,92.598,180
1379.12,226,82.25,92.598,180
1318.05,209.2,82.25,92.598,180
1275.55,216.06,82.25,92.598,180
1279.15,230.77,82.25,92.598,180
1288.66,245.95,82.25,92.598,180
1305.07,274.11,82.25,92.598,180
1480.68,273.44,82.25,92.598,180
1368.38,245.48,82.25,92.598,180
1307.37,226.14,82.25,92.598,180
1310.98,208.31,82.25,92.598,180
1254.11,178.75,82.25,92.598,180
1283.01,124.7,82.25,92.598,180
1224.63,128.92,82.25,94.548,180
1195.13,118.4,82.25,94.548,180
1183.33,103.01,82.25,94.548,180
1185.24,101.91,82.25,94.548,180
1185.24,101.98,82.25,94.548,180
1190.34,114.99,82.25,94.548,180
1197.76,140.19,82.25,94.548,180
1274.64,152.64,82.25,94.548,180
1295.47,160.97,82.25,94.548,180
1345.18,161.85,82.25,94.548,180
1423.08,161.37,82.25,94.548,180
1479.32,166.06,82.25,94.548,180
1329.21,166.54,82.25,94.548,180
1298.03,166.04,82.25,94.548,180
1248.94,169.43,82.25,94.548,180
1324.24,189.7,82.25,94.548,180
1284.53,201.97,82.25,94.548,180
1302.41,243.11,82.25,94.548,180
1454.21,253.81,82.25,94.548,180
1255.81,237.05,82.25,94.548,180
1246.41,224.33,82.25,94.548,180
1191.81,213.81,82.25,94.548,180
1130.61,185.94,82.25,94.548,180
1094,148.32,82.25,94.548,180
1041.61,164.17,82.25,90.886,180
1051.81,152.83,82.25,90.886,180
1047.33,166,82.25,90.886,180
1043.03,160.86,82.25,90.886,180
1074.21,160,82.25,90.886,180
1126.53,154.3,82.25,90.886,180
1303.94,166,82.25,90.886,180
1450.44,182.91,82.25,90.886,180
1248.16,215.89,82.25,90.886,180
1194.2,231,82.25,90.886,180
1177.41,228.95,82.25,90.886,180
1251.87,215.39,82.25,90.886,180
1139.03,206.68,82.25,90.886,180
1088.13,185,82.25,90.886,180
1062.71,169.52,82.25,90.886,180
1113.47,162.8,82.25,90.886,180
1147.47,161.34,82.25,90.886,180
1228.06,189.9,82.25,90.886,180
1373.97,170.71,82.25,90.886,180
1310.13,140.23,82.25,90.886,180
1283.59,102.54,82.25,90.886,180
1252.38,102.18,82.25,90.886,180
1198.89,102.29,82.25,90.886,180
1092.99,90.05,82.25,90.886,180
1041.59,85.03,82.25,90.886,180
1043.18,84.4,82.25,90.886,180
1005.48,80.24,82.25,90.886,180
1013.57,55.46,82.25,90.886,180
1022.27,49.29,82.25,90.886,180
1062.27,50.64,82.25,90.886,180
1250.63,74.29,82.25,90.886,180
1408.71,84.44,82.25,90.886,180
1194.92,97.26,82.25,90.886,180
1149.63,119.97,82.25,90.886,180
1183.24,134.96,82.25,90.886,180
1191.82,149.4,82.25,90.886,180
1130.26,165.13,82.25,90.886,180
1088.04,165.06,82.25,90.886,180
1078.46,170.09,82.25,90.886,180
1145.48,189.04,82.25,90.886,180
1199.91,190.96,82.25,90.886,180
1234.84,223.3,82.25,90.886,180
1413.07,243.94,82.25,90.886,180
1308.47,240,82.25,90.886,180
1279.15,230.82,82.25,90.886,180
1315,214.02,82.25,90.886,180
1287.09,215.88,82.25,90.886,180
1189.79,203.8,82.25,90.886,180
1146.92,196.23,82.25,91.43,180
1124.67,191.85,82.25,91.43,180
1135.36,195.91,82.25,91.43,180
1150.36,186.66,82.25,91.43,180
1151.9,178.04,82.25,91.43,180
1212.64,191.65,82.25,91.43,180
1418.18,237.44,82.25,91.43,180
1529.67,299.95,82.25,91.43,180
1383.87,313.92,82.25,91.43,180
1291.48,315,82.25,91.43,180
1292.98,310.41,82.25,91.43,180
1343.49,310.08,82.25,91.43,180
1217.56,300,82.25,91.43,180
1199.9,297.01,82.25,91.43,180
1228.13,299.96,82.25,91.43,180
1226.03,306.45,82.25,91.43,180
1237.03,302.73,82.25,91.43,180
1275.2,315.47,82.25,91.43,180
1428.29,310.82,82.25,91.43,180
1283.54,294.98,82.25,91.43,180
1251.52,267.45,82.25,91.43,180
1269.39,242.29,82.25,91.43,180
1208.55,217.03,82.25,91.43,180
1121.72,195.83,82.25,91.43,180
1090.13,210.34,82.25,88.498,180
1076.39,202.42,82.25,88.498,180
1078.42,197.6,82.25,88.498,180
1093.13,193,82.25,88.498,180
1099.23,194.9,82.25,88.498,180
1142.15,204.45,82.25,88.498,180
1348.15,237.13,82.25,88.498,180
1438.73,298.68,82.25,88.498,180
1227.09,302.02,82.25,88.498,180
1172.01,297.16,82.25,88.498,180
1170.66,277.02,82.25,88.498,180
1209.84,266.43,82.25,88.498,180
1114.4,254.92,82.25,88.498,180
1107.79,248.89,82.25,88.498,180
1067.8,255.01,82.25,88.498,180
1111.4,277.9,82.25,88.498,180
1116.8,289.94,82.25,88.498,180
1173.2,316.4,82.25,88.498,180
1348.93,315.9,82.25,88.498,180
1214.51,309.2,82.25,88.498,180
1240.72,285.33,82.25,88.498,180
1230.95,245.44,82.25,88.498,180
1147.28,237.27,82.25,88.498,180
1055.1,212.49,82.25,88.498,180
990.93,196.65,82.25,82.675,180
997.74,187.1,82.25,82.675,180
1004.43,184.27,82.25,82.675,180
998.95,179.58,82.25,82.675,180
1021.83,178.33,82.25,82.675,180
1051.45,193.5,82.25,82.675,180
1275,240.56,82.25,82.675,180
1401.03,273.18,82.25,82.675,180
1234.16,300.1,82.25,82.675,180
1158.99,292.74,82.25,82.675,180
1176.59,275.5,82.25,82.675,180
1226.87,258.65,82.25,82.675,180
1125.7,245.11,82.25,82.675,180
1127.76,232.08,82.25,82.675,180
1125.39,234.77,82.25,82.675,180
1118.17,240.01,82.25,82.675,180
1169.44,255,82.25,82.675,180
1210.94,284.82,82.25,82.675,180
1362.27,285.97,82.25,82.675,180
1248.39,269.03,82.25,82.675,180
1195.79,235.25,82.25,82.675,180
1212.32,191.5,82.25,82.675,180
1130.44,193.69,82.25,82.675,180
1108.54,172.18,82.25,82.675,180
1092.36,173.14,82.25,79.105,180
1053.58,161.69,82.25,79.105,180
1037.44,153.58,82.25,79.105,180
1034.34,147.07,82.25,79.105,180
1042.41,152.47,82.25,79.105,180
1035.59,171.26,82.25,79.105,180
1069.09,192.03,82.25,79.105,180
1153.56,215.24,82.25,79.105,180
1146.23,235.9,82.25,79.105,180
1237.91,219.99,82.25,79.105,180
1326.56,180.08,82.25,79.105,180
1426.08,170.16,82.25,79.105,180
1295.06,152.53,82.25,79.105,180
1251.03,134.13,82.25,79.105,180
1164.67,171.01,82.25,79.105,180
1162.84,201.59,82.25,79.105,180
1266.43,205.38,82.25,79.105,180
1199.61,220.3,82.25,79.105,180
1354.03,212.76,82.25,79.105,180
1226.63,210,82.25,79.105,180
1169.7,192.69,82.25,79.105,180
1136.98,164.46,82.25,79.105,180
1107.47,164.2,82.25,79.105,180
1071.16,122.09,82.25,79.105,180
1014.55,120.04,82.25,79.105,180
1017.75,110.03,82.25,79.105,180
1006.91,108.24,82.25,79.105,180
1008.08,107.46,82.25,79.105,180
1008.85,109.82,82.25,79.105,180
1013.64,140.52,82.25,79.105,180
1013.64,176.04,82.25,79.105,180
1090.23,190.97,82.25,79.105,180
1131.52,216.99,82.25,79.105,180
1192.63,196.91,82.25,79.105,180
1364.99,162.92,82.25,79.105,180
1326.29,160.04,81.7,79.105,180
1205,154.01,81.52,79.105,180
1243.66,152.29,81.52,79.105,180
1190.49,186.94,81.52,79.105,180
1224.87,217.18,81.52,79.105,180
1254.92,224.91,81.52,79.105,180
1287.32,262,81.52,79.105,180
1446.75,260.04,81.52,79.105,180
1357.47,234.32,81.52,79.105,180
1291.77,215.04,81.52,79.105,180
1254.75,204.39,81.52,79.105,180
1242.89,194.29,81.52,79.105,180
1171.9,184.9,81.52,79.105,180
1094.28,222.01,81.52,89.824,180
1105.55,205.08,81.52,89.824,180
1100.7,194.62,81.52,89.824,180
1091.84,182.64,81.52,89.824,180
1103.87,187.83,81.52,89.824,180
1159.19,190.58,81.52,89.824,180
1417.54,190.27,81.52,89.824,180
1443.35,204.46,81.52,89.824,180
1242.25,212.84,81.52,89.824,180
1258.18,230,81.52,89.824,180
1235.95,222.39,81.52,89.824,180
1262.16,214.92,81.52,89.824,180
1201.25,208.43,81.52,89.824,180
1227.29,200,81.52,89.824,180
1195.87,203.09,81.52,89.824,180
1172.03,213.98,81.52,89.824,180
1249.44,226.32,81.52,89.824,180
1293.31,260,81.52,89.824,180
1465.96,267.03,81.52,89.824,180
1374.49,261.41,81.52,89.824,180
1361.86,243.62,81.52,89.824,180
1330.38,220.1,81.52,89.824,180
1240.39,212.85,81.52,89.824,180
1130.71,209.41,81.52,89.824,180
1079.62,225.92,81.52,89.824,180
1064.3,216,81.52,89.824,180
1047.31,189.49,81.52,89.824,180
1040.45,181.98,81.52,89.824,180
1041.67,174.98,81.52,89.824,180
1099.51,165.91,81.52,89.824,180
1288.28,118.71,81.52,89.824,180
1415.23,119.45,81.52,89.824,180
1171.9,125.86,81.52,89.824,180
1124.41,129.46,81.52,89.824,180
1177.01,125.99,81.52,89.824,180
1187.31,131.83,81.52,89.824,180
1145,123.01,81.52,89.824,180
1148.74,122.49,81.52,89.824,180
1164.12,102.67,81.52,89.824,180
1159.01,121.95,81.52,89.824,180
1150.1,115,81.52,89.824,180
1191.6,125.42,81.52,89.824,180
1373.4,112.4,81.52,89.824,180
1256.47,97.49,81.52,89.824,180
1261.37,90.14,81.52,89.824,180
1262.45,97.09,81.52,89.824,180
1206.34,93.85,81.52,89.824,180
1142.64,87.2,81.52,89.824,180
1088.05,78.08,81.52,90.021,180
1104.93,34,81.52,90.021,180
1096.03,12.33,81.52,90.021,180
1097.22,10.09,81.52,90.021,180
1110.89,12.83,81.52,90.021,180
1181.97,36.16,81.52,90.021,180
1380.36,92.03,81.52,90.021,180
1453.16,102.8,81.52,90.021,180
1333.78,126,81.52,90.021,180
1252.32,100.9,81.52,90.021,180
1219.05,112.03,81.52,90.021,180
1272.72,111.25,81.52,90.021,180
1185.9,100.58,81.52,90.021,180
1206.1,111.65,81.52,90.021,180
1189.09,127.38,81.52,90.021,180
1225.47,168.85,81.52,90.021,180
1236.15,199.85,81.52,90.021,180
1295.55,249.99,81.52,90.021,180
1504.86,254.37,81.52,90.021,180
1377.95,237.28,81.52,90.021,180
1390.47,220,81.52,90.021,180
1357.57,215.94,81.52,90.021,180
1272.47,209.16,81.52,90.021,180
1192.87,180,81.52,90.021,180
1146.38,188.94,81.52,80.637,180
1144.88,192.68,81.52,80.637,180
1165.68,180.09,81.52,80.637,180
1189.79,188.09,81.52,80.637,180
1183.51,193.99,81.52,80.637,180
1212.14,205.07,81.52,80.637,180
1447.66,229.1,81.52,80.637,180
1538.86,273.71,81.52,80.637,180
1327.38,294.4,81.52,80.637,180
1271.22,290.64,81.52,80.637,180
1220.24,275.4,81.52,80.637,180
1269.19,265.1,81.52,80.637,180
1152.36,250,81.52,80.637,180
1156.37,244.27,81.52,80.637,180
1132.08,243.02,81.52,80.637,180
1167.07,249.22,81.52,80.637,180
1170.77,260,81.52,80.637,180
1231.67,278,81.52,80.637,180
1373.98,276.39,81.52,80.637,180
1300.26,255.03,81.52,80.637,180
1282.84,237.28,81.52,80.637,180
1315.33,224.19,81.52,80.637,180
1286.21,190.78,81.52,80.637,180
1237.08,175.49,81.52,80.637,180
1174.67,169.01,81.52,78.242,180
1175.46,163.48,81.52,78.242,180
1154.45,162.93,81.52,78.242,180
1138.84,160.01,81.52,78.242,180
1140.94,163.16,81.52,78.242,180
1197.52,165.59,81.52,78.242,180
1373.11,198.39,81.52,78.242,180
1530.2,227.42,81.52,78.242,180
1365.5,261.65,81.52,78.242,180
1263.35,252.67,81.52,78.242,180
1214.32,221.75,81.52,78.242,180
1291.01,193.62,81.52,78.242,180
1186.8,170.14,81.52,78.242,180
1151.73,160.47,81.52,78.242,180
1162.85,164.13,81.52,78.242,180
1196.27,180.5,81.52,78.242,180
1272.99,179.26,81.52,78.242,180
1346.34,173.99,81.52,78.242,180
1457.7,167.34,81.52,78.242,180
1378.93,135.61,81.52,78.242,180
1294.23,125.05,81.52,78.242,180
1302.99,120.9,81.52,78.242,180
1265.21,118.08,81.52,78.242,180
1223.03,97.16,81.52,78.242,180
1192.06,90.05,81.52,74.748,180
1196.07,78.94,81.52,74.748,180
1200.07,75.05,81.52,74.748,180
1188.99,72.13,81.52,74.748,180
1181,70.99,81.52,74.748,180
1183.01,87.7,81.52,74.748,180
1238.32,96.26,81.52,74.748,180
1350.92,118.95,81.52,74.748,180
1360.03,140.51,81.52,74.748,180
1446.63,130.27,81.52,74.748,180
1445.45,128.47,81.52,74.748,180
1480.29,111.95,81.52,74.748,180
1300.76,94.15,81.52,74.748,180
1260.65,85.54,81.52,74.748,180
1252.85,105.37,81.52,74.748,180
1338.25,111.32,81.52,74.748,180
1362.12,134.86,81.52,74.748,180
1418.21,176.05,81.52,74.748,180
1518.32,192.74,81.52,74.748,180
1408.2,180,81.52,74.748,180
1380.1,152.33,81.52,74.748,180
1351.2,137.91,81.52,74.748,180
1331.61,131.76,81.52,74.748,180
1327.72,121.39,81.52,74.748,180
1305.05,119.19,81.52,74.4,180
1288.86,117.87,81.52,74.4,180
1270.78,110.92,81.52,74.4,180
1272.5,113.14,81.52,74.4,180
1282.86,119.15,81.52,74.4,180
1299.2,120.73,81.52,74.4,180
1314.36,148.76,81.52,74.4,180
1423.87,207.59,81.52,74.4,180
1403.12,223.15,81.52,74.4,180
1529.45,215.79,81.52,74.4,180
1539.08,206.51,81.52,74.4,180
1512.41,206.43,83.4,74.4,180
1405.17,190,84.03,74.4,180
1317.77,170.08,84.03,74.4,180
1295.6,169.29,84.03,74.4,180
1330.93,190,84.03,74.4,180
1355,177.44,84.03,74.4,180
1469.49,179.99,84.03,74.4,180
1641.18,165.05,84.03,74.4,180
1442.81,145.81,84.03,74.4,180
1407.06,139.73,84.03,74.4,180
1322.1,132.25,84.03,74.4,180
1325.09,133.59,84.03,74.4,180
1245.25,120.01,84.03,74.4,180
1211.16,123.58,84.03,79.12,180
1210.95,120.3,84.03,79.12,180
1219.25,119.99,84.03,79.12,180
1229.02,121.8,84.03,79.12,180
1250.9,123.57,84.03,79.12,180
1309.58,123.68,84.03,79.12,180
1515.16,120,84.03,79.12,180
1705.33,148.35,84.03,79.12,180
1434.91,186,84.03,79.12,180
1344.81,207.46,84.03,79.12,180
1317.92,211.25,84.03,79.12,180
1356.03,209.69,84.03,79.12,180
1288.45,200.83,84.03,79.12,180
1295.95,188.54,84.03,79.12,180
1270.52,185.88,84.03,79.12,180
1261.51,196.5,84.03,79.12,180
1300.36,197.25,84.03,79.12,180
1379.78,222.31,84.03,79.12,180
1557.21,230.82,84.03,79.12,180
1461.45,214.32,84.03,79.12,180
1429.9,207.14,84.03,79.12,180
1458.97,190.33,84.03,79.12,180
1328.88,193.52,84.03,79.12,180
1258.69,175.07,84.03,79.12,180
1198.1,171.69,84.03,79.12,180
1198.61,183.01,84.03,79.12,180
1176.61,185.22,84.03,79.12,180
1161.06,179.73,84.03,79.12,180
1170.67,179.04,84.03,79.12,180
1217.46,179.49,84.03,79.12,180
1400.06,168.23,84.03,79.12,180
1533.31,172.45,84.03,79.12,180
1349.97,184.93,84.03,79.12,180
1253.07,195.31,84.03,79.12,180
1212.87,195.34,84.03,79.12,180
1269.32,195.87,84.03,79.12,180
1167.4,195.41,84.03,79.12,180
1170.6,186.29,84.03,79.12,180
1155.24,184.49,84.03,79.12,180
1188.24,190,84.03,79.12,180
1217.84,194,84.03,79.12,180
1242.55,214.95,84.03,79.12,180
1428.66,239.49,84.03,79.12,180
1332.14,242.97,84.03,79.12,180
1356.03,224.96,84.03,79.12,180
1345.9,204.84,84.03,79.12,180
1222.75,201,84.03,79.12,180
1158.87,179.97,84.03,79.12,180
1044.66,183.33,84.03,79.422,180
1034.2,179.61,84.03,79.422,180
1018.36,178.3,84.03,79.422,180
1041.8,177.46,84.03,79.422,180
1053.86,177.61,84.03,79.422,180
1112.87,187.48,84.03,79.422,180
1323.91,225.19,84.03,79.422,180
1336.44,265,84.03,79.422,180
1232.21,300.02,84.03,79.422,180
1099.61,299.39,84.03,79.422,180
1006.63,275.88,84.03,79.422,180
1099.78,270,84.03,79.422,180
977.01,245.84,84.03,79.422,180
977.52,240.08,84.03,79.422,180
968.86,244,84.03,79.422,180
986.51,256.49,84.03,79.422,180
1051.48,273.57,84.03,79.422,180
1087.87,307.38,84.03,79.422,180
1276.7,341.85,84.03,79.422,180
1082.73,315.31,84.03,79.422,180
1130.64,274.98,84.03,79.422,180
1046.96,250,84.03,79.422,180
986.77,226.81,84.03,79.422,180
901.31,206.92,84.03,79.422,180
833.61,215.98,84.03,91.752,180
834.6,212.9,84.03,91.752,180
847.13,203.75,84.03,91.752,180
846.33,196.24,84.03,91.752,180
854.01,198.99,84.03,91.752,180
912.23,219.03,84.03,91.752,180
1121.87,279.96,84.03,91.752,180
1301.79,356.24,84.03,91.752,180
1066.7,399.85,84.03,91.752,180
953.51,399.01,84.03,91.752,180
936.86,360,84.03,91.752,180
1003.82,347.4,84.03,91.752,180
857.67,328.92,84.03,91.752,180
862.44,305,84.03,91.752,180
847.72,310,84.03,91.752,180
909.02,313,84.03,91.752,180
957.41,318.67,84.03,91.752,180
1024.26,366.43,84.03,91.752,180
1252.35,399.06,84.03,91.752,180
1132.41,373.75,84.03,91.752,180
1073.5,309.68,84.03,91.752,180
1097.44,265,84.03,91.752,180
1048.39,240.89,84.03,91.752,180
968.53,215.17,84.03,91.752,180
929.92,209.57,84.03,93.457,180
919.83,212.36,84.03,93.457,180
904.65,215.41,84.03,93.457,180
917.95,209.89,84.03,93.457,180
934.75,209.14,84.03,93.457,180
1034.15,215.09,84.03,93.457,180
1251.15,240.16,84.03,93.457,180
1384.14,294.88,84.03,93.457,180
1173.93,312.32,84.03,93.457,180
1117.95,312.69,84.03,93.457,180
1032.27,300.02,84.03,93.457,180
1046.02,282.65,84.03,93.457,180
950.53,259.68,84.03,93.457,180
951.05,241.54,84.03,93.457,180
941.15,238.24,84.03,93.457,180
1008.44,236.76,84.03,93.457,180
1036.42,240.11,84.03,93.457,180
1107.09,268.08,84.03,93.457,180
1316.7,262.46,84.03,93.457,180
1088.97,224.45,84.03,93.457,180
1050.58,217.43,84.03,93.457,180
1062.68,171.34,84.03,93.457,180
1037.06,142.94,84.03,93.457,180
1018.65,122.34,84.03,93.457,180
963.21,131.59,84.03,91.861,180
954.16,115.02,84.03,91.861,180
943.44,108.65,84.03,91.861,180
947.62,100.94,84.03,91.861,180
972.42,103.06,84.03,91.861,180
984.42,110.03,84.03,91.861,180
1008.47,104.03,84.03,91.861,180
1139.12,138.79,84.03,91.861,180
1144.89,138.23,84.03,91.861,180
1234.93,128.79,84.03,91.861,180
1297.66,128.74,84.03,91.861,180
1380.64,127.8,84.03,91.861,180
1224.19,126.24,84.03,91.861,180
1176.9,135.78,84.03,91.861,180
1159.93,139.66,84.03,91.861,180
1199.18,138.69,84.03,91.861,180
1256.6,137.58,84.03,91.861,180
1231.47,141.17,84.03,91.861,180
1402.43,125.96,84.03,91.861,180
1264.75,114.73,84.03,91.861,180
1197.7,104.04,84.03,91.861,180
1250.17,110.1,84.03,91.861,180
1231.83,101.19,84.03,91.861,180
1158.19,86.31,84.03,91.861,180
1098.49,82.03,84.03,92.469,180
1060.89,84.03,84.03,92.469,180
1011.35,81.59,84.03,92.469,180
972.91,77.26,84.03,92.469,180
982.75,100.7,84.03,92.469,180
979.6,100.69,84.03,92.469,180
1000.85,121.69,84.03,92.469,180
1122.7,175.29,84.03,92.469,180
1123.09,186.17,84.03,92.469,180
1173.19,198.05,84.03,92.469,180
1276.57,190.92,84.03,92.469,180
1304.89,220.07,87.94,92.469,180
1182.4,214.74,89.25,92.469,180
1120.12,231.6,89.25,92.469,180
1099.52,233.67,89.25,92.469,180
1066.74,237.08,89.25,92.469,180
1120.64,237.92,89.25,92.469,180
1196.62,260,89.25,92.469,180
1311.05,255.6,89.25,92.469,180
1187.91,222.37,89.25,92.469,180
1203.8,222.74,89.25,92.469,180
1152.78,177.8,89.25,92.469,180
1153.77,148.98,89.25,92.469,180
1028.95,123.36,89.25,92.469,180
1003.21,130.25,89.25,92.726,180
999.05,115.01,89.25,92.726,180
999.63,105.64,89.25,92.726,180
991.91,77.57,89.25,92.726,180
996.38,43.95,89.25,92.726,180
1046.53,79.07,89.25,92.726,180
1247.78,32.94,89.25,92.726,180
1388.43,85.64,89.25,92.726,180
1164.99,85.18,89.25,92.726,180
1083.05,101.13,89.25,92.726,180
1087.64,88.51,89.25,92.726,180
1146.47,118.32,89.25,92.726,180
1079.37,101.02,89.25,92.726,180
1057.74,85.64,89.25,92.726,180
1048.6,105.59,89.25,92.726,180
1029.33,100.01,89.25,92.726,180
1069.53,108.14,89.25,92.726,180
1151.92,118.75,89.25,92.726,180
1351.4,123.02,89.25,92.726,180
1254.57,101.19,89.25,92.726,180
1184.92,84.47,89.25,92.726,180
1188.8,51.62,89.25,92.726,180
1209.13,88.81,89.25,92.726,180
1058.77,79.63,89.25,92.726,180
1030.84,2.3,89.25,92.726,180
1031.04,4.49,89.25,92.726,180
1030.76,10.08,89.25,92.726,180
1026.66,10.01,89.25,92.726,180
1052.58,10.15,89.25,92.726,180
1134.54,11.37,89.25,92.726,180
1352.3,3.73,89.25,92.726,180
1463.84,9.95,89.25,92.726,180
1257.11,11.09,89.25,92.726,180
1152.2,11.98,89.25,92.726,180
1162.57,11.09,89.25,92.726,180
1234.16,11.78,89.25,92.726,180
1173.47,10,89.25,92.726,180
1163.52,10,89.25,92.726,180
1159.2,11.69,89.25,92.726,180
1157.8,14.04,89.25,92.726,180
1176.36,60.06,89.25,92.726,180
1266.74,171.74,89.25,92.726,180
1385.22,158.07,89.25,92.726,180
1299.63,163.37,89.25,92.726,180
1265.97,157.94,89.25,92.726,180
1382.43,158.13,89.25,92.726,180
1238.98,159.94,89.25,92.726,180
1168.18,144.21,89.25,92.726,180
1115.89,122.16,89.25,92.831,180
1106.04,110.17,89.25,92.831,180
1101.51,105.3,89.25,92.831,180
1124.31,100,89.25,92.831,180
1148.73,100.13,89.25,92.831,180
1208.58,135.4,89.25,92.831,180
1396.66,185.14,89.25,92.831,180
1474.35,240,89.25,92.831,180
1258.33,248.92,89.25,92.831,180
1161.47,251.92,89.25,92.831,180
1123.31,248.08,89.25,92.831,180
1177.31,243.42,89.25,92.831,180
1067.23,238.11,89.25,92.831,180
1069.63,221.52,89.25,92.831,180
1081.49,206.28,89.25,92.831,180
1161.92,191.75,89.25,92.831,180
1133.55,193.54,89.25,92.831,180
1218.09,240.67,89.25,92.831,180
1434.85,253.93,89.25,92.831,180
1304.72,240.4,89.25,92.831,180
1260.07,231.59,89.25,92.831,180
1289.81,212.96,89.25,92.831,180
1226.29,201.96,89.25,92.831,180
1171.83,161.51,89.25,92.831,180
1093.69,160.15,89.25,86.425,180
1019.82,154.54,89.25,86.425,180
999.33,156.24,89.25,86.425,180
981.62,155.17,89.25,86.425,180
1012.89,165.13,89.25,86.425,180
1068.44,163.01,89.25,86.425,180
1294.34,206.15,89.25,86.425,180
1491.38,239.17,89.25,86.425,180
1236.82,243.72,89.25,86.425,180
1186.17,213,89.25,86.425,180
1094.55,209.94,89.25,86.425,180
1133.28,172.81,89.25,86.425,180
1071.53,143.7,89.25,86.425,180
1078.67,137.69,89.25,86.425,180
1070.69,130.9,89.25,86.425,180
1088.05,126.42,89.25,86.425,180
1119.25,124.2,89.25,86.425,180
1240.48,127.37,89.25,86.425,180
1346.95,129.95,89.25,86.425,180
1293.8,121.63,89.25,86.425,180
1184.03,101.03,89.25,86.425,180
1267.14,84.66,89.25,86.425,180
1171.14,84.61,89.25,86.425,180
1107.75,54.74,89.25,86.425,180
1074.65,35.54,89.25,76.484,180
1086.57,11.84,89.25,76.484,180
1086.35,10.05,89.25,76.484,180
1100.11,10.36,89.25,76.484,180
1121.48,20.03,89.25,76.484,180
1161.83,67.31,89.25,76.484,180
1319.97,105.03,89.25,76.484,180
1471.13,136.92,89.25,76.484,180
1301.63,150.15,89.25,76.484,180
1232.58,136.14,89.25,76.484,180
1216.62,134.6,89.25,76.484,180
1310.62,135.71,89.25,76.484,180
1192.71,133.1,89.25,76.484,180
1179.6,138.92,89.25,76.484,180
1149.48,155.13,89.25,76.484,180
1156.85,193.09,89.25,76.484,180
1215.94,201.53,89.25,76.484,180
1254.13,238.01,89.25,76.484,180
1430.15,266.9,89.25,76.484,180
1370.79,265,89.25,76.484,180
1233.85,237,89.25,76.484,180
1248.89,203.47,89.25,76.484,180
1203.85,195.21,89.25,76.484,180
1203.85,184.26,89.25,76.484,180
1183.42,156.98,89.25,77.928,180
1174.19,159.06,89.25,77.928,180
1171.12,159.33,89.25,77.928,180
1166.68,157.56,89.25,77.928,180
1164.49,158.81,89.25,77.928,180
1165.85,162.92,89.25,77.928,180
1161.1,192.17,89.25,77.928,180
1291.46,209.91,89.25,77.928,180
1311.28,226.97,89.25,77.928,180
1397,223.33,89.25,77.928,180
1390.91,213.26,89.25,77.928,180
1469.99,209,89.25,77.928,180
1388.45,194.85,89.25,77.928,180
1341.74,191.46,89.25,77.928,180
1327.52,196.97,89.25,77.928,180
1281.35,209.67,89.25,77.928,180
1323.59,207.61,89.25,77.928,180
1343.01,224.15,89.25,77.928,180
1468.25,237.78,89.25,77.928,180
1306.39,224.96,89.25,77.928,180
1245.95,209.53,89.25,77.928,180
1269.9,186.82,89.25,77.928,180
1203.67,187.24,89.25,77.928,180
1225.82,145.05,89.25,77.928,180
1215.86,138.71,89.25,78.694,180
1192.43,128,89.25,78.694,180
1169.53,126.17,89.25,78.694,180
1181.23,127.69,89.25,78.694,180
1191.82,124.27,89.25,78.694,180
1211.29,120.37,89.25,78.694,180
1226.67,151.45,89.25,78.694,180
1304.6,192.43,89.25,78.694,180
1347.66,219.12,89.25,78.694,180
1437.1,169.66,89.25,78.694,180
1424.83,133.05,89.25,78.694,180
1504.63,133,93.3,78.694,180
1359.56,131.04,94.65,78.694,180
1252.68,120.57,94.65,78.694,180
1256.14,117.45,94.65,78.694,180
1273.36,117.81,94.65,78.694,180
1273.44,119.04,94.65,78.694,180
1433.48,128.44,94.65,78.694,180
1542.95,151.28,94.65,78.694,180
1514.05,119.27,94.65,78.694,180
1427.31,106.86,94.65,78.694,180
1400.4,108.21,94.65,78.694,180
1323.7,105.57,94.65,78.694,180
1267.83,87.38,94.65,78.694,180
1258.45,98.96,94.65,82.064,180
1251.89,88.81,94.65,82.064,180
1228.59,65.56,94.65,82.064,180
1226.95,49.98,94.65,82.064,180
1223.62,57.59,94.65,82.064,180
1270.68,63.11,94.65,82.064,180
1486.16,84.95,94.65,82.064,180
1576.09,114.57,94.65,82.064,180
1376.07,115.88,94.65,82.064,180
1315.29,135.14,94.65,82.064,180
1301.58,102.51,94.65,82.064,180
1367.51,114.34,94.65,82.064,180
1260.83,88.77,94.65,82.064,180
1265.34,74.32,94.65,82.064,180
1222.15,69.03,94.65,82.064,180
1254.39,87.82,94.65,82.064,180
1292.1,120.12,94.65,82.064,180
1383.72,150.6,94.65,82.064,180
1568.25,146.6,94.65,82.064,180
1507.99,115.86,94.65,82.064,180
1445.26,106.12,94.65,82.064,180
1484.49,39.87,94.65,82.064,180
1572.77,31.98,94.65,82.064,180
1419.12,10.98,94.65,82.064,180
1332.63,10.36,94.65,82.064,180
1344.59,9.23,94.65,82.064,180
1353.07,5.8,94.65,82.064,180
1358.05,0.17,94.65,82.064,180
1369.27,1.38,94.65,82.064,180
1407.39,7.45,94.65,82.064,180
1642.14,0.12,94.65,82.064,180
1728.76,4.2,94.65,82.064,180
1455.83,10.84,94.65,82.064,180
1081.73,12.36,94.65,82.064,180
1489.15,13.75,94.65,82.064,180
1419.75,20.68,94.65,82.064,180
1310.8,85.2,94.65,82.064,180
1299.57,90.23,94.65,82.064,180
1279.13,70.05,94.65,82.064,180
1341.57,70.02,94.65,82.064,180
1328.34,94.93,94.65,82.064,180
1375.43,116.52,94.65,82.064,180
1618.1,125,94.65,82.064,180
1569.55,118.7,94.65,82.064,180
1544.89,102.05,94.65,82.064,180
1581.75,90.35,94.65,82.064,180
1460.64,112.47,94.65,82.064,180
1369.45,94.96,94.65,82.064,180
1330.26,20.04,94.65,82.235,180
1317.29,15.91,94.65,82.235,180
1321.68,14.27,94.65,82.235,180
1332.62,10.08,94.65,82.235,180
1363.42,13.8,94.65,82.235,180
1444.87,21,94.65,82.235,180
1696.13,60.9,94.65,82.235,180
1810.96,128.07,94.65,82.235,180
1615.73,130.17,94.65,82.235,180
1530.85,127.26,94.65,82.235,180
1466.57,95,94.65,82.235,180
1418.07,94.96,94.65,82.235,180
1340.93,70.43,94.65,82.235,180
1308.81,30.83,94.65,82.235,180
1307.9,22.05,94.65,82.235,180
1278.81,80.04,94.65,82.235,180
1373.79,108.08,94.65,82.235,180
1377.6,148.74,94.65,82.235,180
1590.18,169.94,94.65,82.235,180
1502.46,160.1,94.65,82.235,180
1450.77,155.01,94.65,82.235,180
1427.85,129.64,94.65,82.235,180
1420.6,123.16,94.65,82.235,180
1314.53,102.74,94.65,82.235,180
1297.4,121.96,94.65,78.596,180
1316.12,112.08,94.65,78.596,180
1251.79,107.86,94.65,78.596,180
1263.79,104.97,94.65,78.596,180
1308.22,104.12,94.65,78.596,180
1346.07,109.32,94.65,78.596,180
1548.72,134.05,94.65,78.596,180
1726.41,128.54,94.65,78.596,180
1420.42,146.16,94.65,78.596,180
1372.25,131.13,94.65,78.596,180
1281.4,120.06,94.65,78.596,180
1307.07,125.35,94.65,78.596,180
1174.55,122.14,94.65,78.596,180
1134.51,119.41,94.65,78.596,180
1137.48,123.95,94.65,78.596,180
1143.61,149,94.65,78.596,180
1171.49,161.94,94.65,78.596,180
1335.18,196.98,94.65,78.596,180
1482.68,209.56,94.65,78.596,180
1382.44,199.95,94.65,78.596,180
1339.8,182.94,94.65,78.596,180
1340.68,139.82,94.65,78.596,180
1272.23,132.71,94.65,78.596,180
1156.68,123.39,94.65,78.596,180
1134.8,115.08,94.65,79.451,180
1122.85,114.87,94.65,79.451,180
1123.63,118.79,94.65,79.451,180
1119.63,109.58,94.65,79.451,180
1142.79,116.95,94.65,79.451,180
1236.97,119.34,94.65,79.451,180
1521.74,139.38,94.65,79.451,180
1608.23,177.16,94.65,79.451,180
1435.03,180.64,94.65,79.451,180
1337.62,179.5,94.65,79.451,180
1217.57,127.06,94.65,79.451,180
1206.34,122.01,94.65,79.451,180
1083.53,123.35,94.65,79.451,180
1050.81,136.91,94.65,79.451,180
1023.83,149.42,94.65,79.451,180
1042.55,179.92,94.65,79.451,180
1127.29,189.95,94.65,79.451,180
1285.18,219,94.65,79.451,180
1464.89,249.12,94.65,79.451,180
1307.79,257.28,94.65,79.451,180
1306.38,231.79,94.65,79.451,180
1310.76,215.81,94.65,79.451,180
1367.57,211.79,94.65,79.451,180
1363.58,196.7,94.65,79.451,180
1322.31,200.46,94.65,75.915,180
1296.55,192.61,94.65,75.915,180
1326.28,185.1,94.65,75.915,180
1315.52,172.23,94.65,75.915,180
1345.3,172.91,94.65,75.915,180
1341.1,174.88,94.65,75.915,180
1364.51,203.67,94.65,75.915,180
1493.27,233.46,94.65,75.915,180
1476.86,240.32,94.65,75.915,180
1525.48,225.56,94.65,75.915,180
1476.65,199.99,94.65,75.915,180
1488.1,193.67,94.65,75.915,180
1353.73,169.97,94.65,75.915,180
1249.69,167.9,94.65,75.915,180
1237.48,176.35,94.65,75.915,180
1321.38,184.55,94.65,75.915,180
1309.31,195.98,94.65,75.915,180
1469.46,215.77,94.65,75.915,180
1502.34,229.58,94.65,75.915,180
1359.61,212.49,94.65,75.915,180
1294.19,187.28,94.65,75.915,180
1269.1,179.37,94.65,75.915,180
1233.85,176.91,94.65,75.915,180
1232.76,136.66,94.65,75.915,180
1228.88,180.01,94.65,74.39,180
1203.92,176.73,94.65,74.39,180
1181.49,168.87,94.65,74.39,180
1178.75,164.09,94.65,74.39,180
1184.47,165,94.65,74.39,180
1182.13,171.3,94.65,74.39,180
1188.83,196.95,94.65,74.39,180
1290.69,221.46,94.65,74.39,180
1292.51,221.78,94.65,74.39,180
1386.37,179.53,94.65,74.39,180
1449.39,151.36,94.65,74.39,180
1561.29,135.02,91.15,74.39,180
1408.02,128.35,89.98,74.39,180
1326.38,133.68,89.98,74.39,180
1316.49,140.61,89.98,74.39,180
1312.79,168.15,89.98,74.39,180
1341.43,191.92,89.98,74.39,180
1380.96,220.57,89.98,74.39,180
1558.36,243.35,89.98,74.39,180
1450.82,241.18,89.98,74.39,180
1361.06,221.31,89.98,74.39,180
1311.81,213.13,89.98,74.39,180
1286.67,205.48,89.98,74.39,180
1209.55,190.1,89.98,74.39,180
1158.06,195.91,89.98,75.533,180
1153.3,187.2,89.98,75.533,180
1132.72,184.89,89.98,75.533,180
1125.51,170.24,89.98,75.533,180
1114.39,166,89.98,75.533,180
1171.22,162.45,89.98,75.533,180
1373.46,160.64,89.98,75.533,180
1490.86,162.56,89.98,75.533,180
1216.98,157.24,89.98,75.533,180
1149.33,121.8,89.98,75.533,180
1137.28,115.76,89.98,75.533,180
1159.76,121.27,89.98,75.533,180
1038.18,97.47,89.98,75.533,180
1104.02,87.12,89.98,75.533,180
1054.48,89.83,89.98,75.533,180
1042.21,116.85,89.98,75.533,180
1076.19,171.56,89.98,75.533,180
1191.93,194.89,89.98,75.533,180
1347.59,191.8,89.98,75.533,180
1263.57,140.88,89.98,75.533,180
1223.52,121.12,89.98,75.533,180
1178.65,104.74,89.98,75.533,180
1158.44,109.29,89.98,75.533,180
1090.51,101.7,89.98,75.533,180
1050.24,88.07,89.98,75.533,180
1062.79,98.65,89.98,75.533,180
1042.69,99.78,89.98,75.533,180
1040.17,99.14,89.98,75.533,180
1052.53,104.22,89.98,75.533,180
1092.33,99.91,89.98,75.533,180
1351.71,93.99,89.98,75.533,180
1385.46,88.55,89.98,75.533,180
1209.98,88.06,89.98,75.533,180
1136.34,60,89.98,75.533,180
1125.4,73.03,89.98,75.533,180
1186.62,67.23,89.98,75.533,180
1084.94,30.08,89.98,75.533,180
1065.31,43.25,89.98,75.533,180
1074.1,50.12,89.98,75.533,180
1127.82,81.78,89.98,75.533,180
1137.5,92.47,89.98,75.533,180
1248.11,115.71,89.98,75.533,180
1401.08,119.11,89.98,75.533,180
1273.02,92.33,89.98,75.533,180
1219.06,87.18,89.98,75.533,180
1313.86,81.39,89.98,75.533,180
1215.48,88.59,89.98,75.533,180
1193.03,63.23,89.98,75.533,180
1131.76,46.55,89.98,75.554,180
1123.01,13.33,89.98,75.554,180
1129.67,12.94,89.98,75.554,180
1133.71,13.78,89.98,75.554,180
1141.61,35.25,89.98,75.554,180
1201.64,87.91,89.98,75.554,180
1420.1,104.25,89.98,75.554,180
1530.09,117.19,89.98,75.554,180
1265.16,117.11,89.98,75.554,180
1158.63,98.58,89.98,75.554,180
1143.53,94.91,89.98,75.554,180
1154.07,95.89,89.98,75.554,180
1015.94,98.52,89.98,75.554,180
1048.76,104.18,89.98,75.554,180
1035.84,107.01,89.98,75.554,180
1032.26,114.51,89.98,75.554,180
1099.31,144.52,89.98,75.554,180
1264.45,184.58,89.98,75.554,180
1483.14,197.13,89.98,75.554,180
1360.27,167.3,89.98,75.554,180
1379.29,148.44,89.98,75.554,180
1352.98,115.49,89.98,75.554,180
1258.84,123.05,89.98,75.554,180
1183.13,110.94,89.98,75.554,180
1167.46,112.68,89.98,81.19,180
1157.86,114.82,89.98,81.19,180
1174.43,112.3,89.98,81.19,180
1184.79,118.28,89.98,81.19,180
1193.41,126.86,89.98,81.19,180
1270.49,152.72,89.98,81.19,180
1463.78,204.2,89.98,81.19,180
1576.39,234.06,89.98,81.19,180
1319.09,250.06,89.98,81.19,180
1183.43,240,89.98,81.19,180
1108.4,220.43,89.98,81.19,180
1163.21,199.03,89.98,81.19,180
1032.42,182.56,89.98,81.19,180
1030.79,150.85,89.98,81.19,180
1044.55,149.28,89.98,81.19,180
1139.86,157.27,89.98,81.19,180
1202.79,145.26,89.98,81.19,180
1253.37,173.23,89.98,81.19,180
1460.09,174.29,89.98,81.19,180
1372.3,115.28,89.98,81.19,180
1328.74,105.31,89.98,81.19,180
1286.52,91.51,89.98,81.19,180
1267.11,101.91,89.98,81.19,180
1189.09,87.91,89.98,81.19,180
1126.19,94.68,89.98,72.742,180
1098.12,93.97,89.98,72.742,180
1086.8,99.45,89.98,72.742,180
1076.23,106.67,89.98,72.742,180
1083.68,103.6,89.98,72.742,180
1128.03,110.4,89.98,72.742,180
1331.58,134.02,89.98,72.742,180
1491.1,184.7,89.98,72.742,180
1290.84,194.83,89.98,72.742,180
1226.93,174.52,89.98,72.742,180
1191.65,137.84,89.98,72.742,180
1210.79,136.04,89.98,72.742,180
1110.5,118.22,89.98,72.742,180
1103.61,111.4,89.98,72.742,180
1103.34,105.65,89.98,72.742,180
1115.54,97.57,89.98,72.742,180
1171.41,99.11,89.98,72.742,180
1271.48,110.76,89.98,72.742,180
1422.52,118.61,89.98,72.742,180
1286.03,117.99,89.98,72.742,180
1196.63,102.9,89.98,72.742,180
1168.83,95.01,89.98,72.742,180
1174.72,95.01,89.98,72.742,180
1112.22,74.12,89.98,72.742,180
1118.29,17.92,89.98,69.371,180
1076.08,15.04,89.98,69.371,180
1074.75,15.02,89.98,69.371,180
1072.41,13.97,89.98,69.371,180
1087.8,15.04,89.98,69.371,180
1082.88,33.02,89.98,69.371,180
1110.13,90.93,89.98,69.371,180
1226.9,123.22,89.98,69.371,180
1326.28,107.23,89.98,69.371,180
1339.95,102.55,89.98,69.371,180
1397.79,95.06,89.98,69.371,180
1419.11,77.47,89.98,69.371,180
1258.5,65.06,89.98,69.371,180
1170.09,35.98,89.98,69.371,180
1193.59,42.68,89.98,69.371,180
1103.18,67.3,89.98,69.371,180
1200.24,86.08,89.98,69.371,180
1335.42,108.83,89.98,69.371,180
1443.41,110.63,89.98,69.371,180
1292.86,101.54,89.98,69.371,180
1216.61,86.9,89.98,69.371,180
1193.55,86.48,89.98,69.371,180
1188.29,86.3,89.98,69.371,180
1176.02,63.04,89.98,69.371,180
1101.92,71.45,89.98,73.103,180
1092.94,62.57,89.98,73.103,180
1091.14,74.76,89.98,73.103,180
1085.15,84.92,89.98,73.103,180
1098.28,95.19,89.98,73.103,180
1096.91,119.09,89.98,73.103,180
1108.46,140.99,89.98,73.103,180
1199.71,185.05,89.98,73.103,180
1295.8,189.28,89.98,73.103,180
1294.2,173.24,89.98,73.103,180
1368.32,150,89.98,73.103,180
1427.9,130.99,88.23,73.103,180
1229.31,123.17,87.65,73.103,180
1185.81,106.81,87.65,73.103,180
1187.38,99.89,87.65,73.103,180
1183.34,99.26,87.65,73.103,180
1229.62,97.42,87.65,73.103,180
1283.01,113.84,87.65,73.103,180
1497.34,130.9,87.65,73.103,180
1342.32,140.49,87.65,73.103,180
1287.62,115.87,87.65,73.103,180
1182.47,109.75,87.65,73.103,180
1225.62,115.66,87.65,73.103,180
1145.77,92.46,87.65,73.103,180
1075.32,73.73,87.65,72.302,180
1076.08,54.32,87.65,72.302,180
1051.3,16.63,87.65,72.302,180
1058.03,14.38,87.65,72.302,180
1077.15,10.96,87.65,72.302,180
1136.77,9.06,87.65,72.302,180
1381.7,0.1,87.65,72.302,180
1516.09,3.62,87.65,72.302,180
1291.91,9.42,87.65,72.302,180
1218.53,1.94,87.65,72.302,180
1199.57,0,87.65,72.302,180
1291.56,-0.08,87.65,72.302,180
1211.14,-0.35,87.65,72.302,180
1226.96,-0.52,87.65,72.302,180
1177.36,-0.08,87.65,72.302,180
1199.04,0.08,87.65,72.302,180
1236.43,15.69,87.65,72.302,180
1326.82,99.95,87.65,72.302,180
1533.34,121.97,87.65,72.302,180
1389.5,112.63,87.65,72.302,180
1410.2,102.52,87.65,72.302,180
1413.09,101.89,87.65,72.302,180
1322.79,101.99,87.65,72.302,180
1227.59,100.93,87.65,72.302,180
1211.49,104.38,87.65,72.302,180
1186.8,99.9,87.65,72.302,180
1177.2,98.71,87.65,72.302,180
1191.2,92.01,87.65,72.302,180
1200.83,88.53,87.65,72.302,180
1263.75,87.17,87.65,72.302,180
1489.88,80,87.65,72.302,180
1590.28,80.08,87.65,72.302,180
1343.4,88.28,87.65,72.302,180
1314.12,95.06,87.65,72.302,180
1238.17,98.22,87.65,72.302,180
1236.05,95.09,87.65,72.302,180
1154.95,88.15,87.65,72.302,180
1145.27,51.8,87.65,72.302,180
1192.47,43.11,87.65,72.302,180
1211.47,21.24,87.65,72.302,180
1209.75,21.56,87.65,72.302,180
1344.54,63.16,87.65,72.302,180
1604.08,76.93,87.65,72.302,180
1544.17,51.28,87.65,72.302,180
1463.5,20.02,87.65,72.302,180
1537.03,15.39,87.65,72.302,180
1402.04,40.06,87.65,72.302,180
1287.36,14.62,87.65,72.302,180
1250.87,10.73,87.65,72.542,180
1224.84,7.48,87.65,72.542,180
1234.49,5.71,87.65,72.542,180
1222.67,1.43,87.65,72.542,180
1229.47,7.6,87.65,72.542,180
1301.25,14.37,87.65,72.542,180
1565.52,19.75,87.65,72.542,180
1674.88,106.69,87.65,72.542,180
1401.25,110.06,87.65,72.542,180
1326.71,88.28,87.65,72.542,180
1315.1,65.51,87.65,72.542,180
1327.13,78.22,87.65,72.542,180
1185.63,92.02,87.65,72.542,180
1127.49,99.9,87.65,72.542,180
1071.15,104.92,87.65,72.542,180
1155.1,108.77,87.65,72.542,180
1215.93,103.46,87.65,72.542,180
1289.91,117.78,87.65,72.542,180
1565.33,135.59,87.65,72.542,180
1453.02,123.63,87.65,72.542,180
1502.31,110.71,87.65,72.542,180
1421.3,102,87.65,72.542,180
1436.79,102.83,87.65,72.542,180
1362.61,92.55,87.65,72.542,180
1348.85,89.99,87.65,73.225,180
1319.75,82.14,87.65,73.225,180
1283.35,80.34,87.65,73.225,180
1268.25,79.9,87.65,73.225,180
1291.94,88.16,87.65,73.225,180
1344.52,95.36,87.65,73.225,180
1605.47,117.86,87.65,73.225,180
1654.72,185.78,87.65,73.225,180
1442.9,211.59,87.65,73.225,180
1287.28,180.27,87.65,73.225,180
1273.58,144.08,87.65,73.225,180
1296.83,135.04,87.65,73.225,180
1192.74,121.25,87.65,73.225,180
1167.87,117.66,87.65,73.225,180
1144.26,118.87,87.65,73.225,180
1167.26,125.29,87.65,73.225,180
1266.56,136.7,87.65,73.225,180
1368.15,155.21,87.65,73.225,180
1602.13,162.62,87.65,73.225,180
1451.36,135.49,87.65,73.225,180
1422.23,108.62,87.65,73.225,180
1350.5,100.54,87.65,73.225,180
1283.8,99.99,87.65,73.225,180
1212.94,85.08,87.65,73.225,180
1167.25,81.79,87.65,79.432,180
1156.19,78.96,87.65,79.432,180
1143.2,82.28,87.65,79.432,180
1154.69,88.34,87.65,79.432,180
1154.68,97.32,87.65,79.432,180
1217.18,101.7,87.65,79.432,180
1436.86,118.36,87.65,79.432,180
1656.05,147.54,87.65,79.432,180
1419.1,155.03,87.65,79.432,180
1267.76,126.44,87.65,79.432,180
1259.94,109.43,87.65,79.432,180
1270.05,103.51,87.65,79.432,180
1199.26,89.9,87.65,79.432,180
1217.19,89.9,87.65,79.432,180
1286.72,100.9,87.65,79.432,180
1262.63,109.49,87.65,79.432,180
1286.61,162.8,87.65,79.432,180
1406.1,205.72,87.65,79.432,180
1602.3,230,87.65,79.432,180
1468.23,236.86,87.65,79.432,180
1468.62,187.04,87.65,79.432,180
1462.16,164.6,87.65,79.432,180
1415.55,146.62,87.65,79.432,180
1361.44,107.6,87.65,79.432,180
1353.52,115.07,87.65,87.042,180
1331.18,113.04,87.65,87.042,180
1334.19,110.33,87.65,87.042,180
1342.73,109.29,87.65,87.042,180
1346.24,112.36,87.65,87.042,180
1370.4,116.77,87.65,87.042,180
1388.47,168.5,87.65,87.042,180
1487.77,184.77,87.65,87.042,180
1561.49,160,87.65,87.042,180
1587.29,137.34,87.65,87.042,180
1539.13,117.47,87.65,87.042,180
1510.86,112.78,87.65,87.042,180
1365.51,107.58,87.65,87.042,180
1276.2,105.02,87.65,87.042,180
1284.62,105.1,87.65,87.042,180
1320.64,112.4,87.65,87.042,180
1364.41,113.73,87.65,87.042,180
1419.67,146.57,87.65,87.042,180
1564.97,155.38,87.65,87.042,180
1394.42,134.74,87.65,87.042,180
1373.71,110.07,87.65,87.042,180
1365.21,104.53,87.65,87.042,180
1370.71,109.95,87.65,87.042,180
1372.89,98.51,87.65,87.042,180
1345.69,94.78,87.65,125.967,180
1344.39,100.4,87.65,125.967,180
1361.31,98.67,87.65,125.967,180
1395.04,99.61,87.65,125.967,180
1411.75,100.25,87.65,125.967,180
1395.64,95.98,87.65,125.967,180
1389.84,116.99,87.65,125.967,180
1534.45,133.53,87.65,125.967,180
1547.67,125.02,87.65,125.967,180
1595.34,107.16,87.65,125.967,180
1532.51,98.38,87.65,125.967,180
1548.47,100.25,87.09,125.967,180
1318.46,89.93,86.9,125.967,180
1304.35,97.07,86.9,125.967,180
1317.39,93.67,86.9,125.967,180
1239.69,98.52,86.9,125.967,180
1254.34,119.54,86.9,125.967,180
1365.07,146.87,86.9,125.967,180
1561.75,190.05,86.9,125.967,180
1356.07,198.07,86.9,125.967,180
1312.53,160.68,86.9,125.967,180
1289.78,145.54,86.9,125.967,180
1283.61,135.13,86.9,125.967,180
1246.55,132.89,86.9,125.967,180
1244.53,150.09,86.9,97.273,180
1258.91,152.6,86.9,97.273,180
1238.04,174.05,86.9,97.273,180
1250.21,187.92,86.9,97.273,180
1292.12,190.69,86.9,97.273,180
1342.07,237.17,86.9,97.273,180
1490.6,249.98,86.9,97.273,180
1662.36,263.46,86.9,97.273,180
1424.68,275.57,86.9,97.273,180
1320.87,267.37,86.9,97.273,180
1307.17,245.75,86.9,97.273,180
1258.04,213.02,86.9,97.273,180
1197.9,196.64,86.9,97.273,180
1166.63,178.97,86.9,97.273,180
1151.35,177.04,86.9,97.273,180
1200.67,197.47,86.9,97.273,180
1260,225.08,86.9,97.273,180
1332.66,259.9,86.9,97.273,180
1617.9,299,86.9,97.273,180
1471.31,300.7,86.9,97.273,180
1493.09,277.91,86.9,97.273,180
1451.41,235.8,86.9,97.273,180
1464.83,242.15,86.9,97.273,180
1375.73,212.09,86.9,97.273,180
1350.78,195.65,86.9,97.273,180
1363.7,180.7,86.9,97.273,180
1384.63,174.44,86.9,97.273,180
1443.98,172.31,86.9,97.273,180
1432.92,174.5,86.9,97.273,180
1490.51,177.1,86.9,97.273,180
1667.96,186.05,86.9,97.273,180
1799.22,191.54,86.9,97.273,180
1624.35,189.37,86.9,97.273,180
1582.15,173.75,86.9,97.273,180
1545.35,154.07,86.9,97.273,180
1559.47,144.76,86.9,97.273,180
1449.53,116.53,86.9,97.273,180
1425.47,114,86.9,97.273,180
1446.05,111.68,86.9,97.273,180
1451.02,151.54,86.9,97.273,180
1558.86,176.15,86.9,97.273,180
1606.14,229.9,86.9,97.273,180
1791.78,275.76,86.9,97.273,180
1708.7,274.5,86.9,97.273,180
1648.53,220.7,86.9,97.273,180
1634.85,197.8,86.9,97.273,180
1610.58,197.78,86.9,97.273,180
1571.74,197.22,86.9,97.273,180
1539.22,177.39,86.9,98.02,180
1517.34,174.06,86.9,98.02,180
1521.61,185.57,86.9,98.02,180
1511.38,178.26,86.9,98.02,180
1523.1,197,86.9,98.02,180
1584,217,86.9,98.02,180
1674.67,284.97,86.9,98.02,180
1869.59,322.9,86.9,98.02,180
1602.79,308.9,86.9,98.02,180
1481.31,267.3,86.9,98.02,180
1459.01,163.82,86.9,98.02,180
1505.32,145.55,86.9,98.02,180
1422.48,137.09,86.9,98.02,180
1463.36,135.4,86.9,98.02,180
1406.26,141.17,86.9,98.02,180
1396.81,198.24,86.9,98.02,180
1457.59,253.79,86.9,98.02,180
1565.85,280.56,86.9,98.02,180
1799.39,300,86.9,98.02,180
1665.67,282.19,86.9,98.02,180
1760.89,207.32,86.9,98.02,180
1677.25,137.24,86.9,98.02,180
1721.15,163.3,86.9,98.02,180
1584.69,140.09,86.9,98.02,180
1581.18,143.17,86.9,104.734,180
1551.53,143.15,86.9,104.734,180
1498.07,149.74,86.9,104.734,180
1488.22,163.5,86.9,104.734,180
1509.92,173.15,86.9,104.734,180
1546.52,194.03,86.9,104.734,180
1649.13,268.04,86.9,104.734,180
1807.18,286.73,86.9,104.734,180
1638.5,284.91,86.9,104.734,180
1576.45,217.58,86.9,104.734,180
1468.67,179.33,86.9,104.734,180
1470.37,222.33,86.9,104.734,180
1309.52,220,86.9,104.734,180
1317.46,221.5,86.9,104.734,180
1312.34,235.02,86.9,104.734,180
1338.58,261.24,86.9,104.734,180
1371.18,283.2,86.9,104.734,180
1466.29,315.87,86.9,104.734,180
1708.85,362.75,86.9,104.734,180
1538.84,354.11,86.9,104.734,180
1569.28,315.87,86.9,104.734,180
1543.38,286,86.9,104.734,180
1495.58,266.94,86.9,104.734,180
1458.58,245.47,86.9,104.734,180
1425.66,251.04,86.9,117.791,180
1393.89,248.43,86.9,117.791,180
1399.17,242.06,86.9,117.791,180
1411.31,233.14,86.9,117.791,180
1430.9,233.62,86.9,117.791,180
1484.73,250,86.9,117.791,180
1557.72,291.55,86.9,117.791,180
1731.43,329.07,86.9,117.791,180
1594.25,337.09,86.9,117.791,180
1494.26,298.1,86.9,117.791,180
1394.95,267.85,86.9,117.791,180
1364.69,257.95,86.9,117.791,180
1264.68,245.82,86.9,117.791,180
1246.82,234.99,86.9,117.791,180
1224.34,236.29,86.9,117.791,180
1228.68,249.66,86.9,117.791,180
1311.21,272.58,86.9,117.791,180
1376.99,316.56,86.9,117.791,180
1580.75,384.83,86.9,117.791,180
1444.87,385,86.9,117.791,180
1415.19,321.09,86.9,117.791,180
1439.57,288.47,86.9,117.791,180
1427.37,265.78,86.9,117.791,180
1431.56,249.66,86.9,117.791,180
1422.7,331.16,86.9,166.246,180
1429.15,322.53,86.9,166.246,180
1429.78,316,86.9,166.246,180
1431.32,307.01,86.9,166.246,180
1454.88,307.3,86.9,166.246,180
1478.59,332.27,86.9,166.246,180
1512.99,371.41,86.9,166.246,180
1582.72,405,86.9,166.246,180
1580.04,400,86.9,166.246,180
1509.75,359.96,86.9,166.246,180
1570.68,294.76,86.9,166.246,180
1537.87,276.94,86.9,166.246,180
1264.61,266.04,86.9,166.246,180
1223.44,269.92,86.9,166.246,180
1207.39,293.02,86.9,166.246,180
1264.54,319.58,86.9,166.246,180
1232.12,336.53,86.9,166.246,180
1367.75,398.53,86.9,166.246,180
1514.54,410,86.9,166.246,180
1369.19,405.05,86.9,166.246,180
1318.94,390,86.9,166.246,180
1357.74,350,86.9,166.246,180
1375.34,333.88,86.9,166.246,180
1331.64,319.9,86.9,166.246,180
1335.73,351.07,86.9,164.459,180
1327.61,346.6,86.9,164.459,180
1335.16,329.4,86.9,164.459,180
1350.86,304.05,86.9,164.459,180
1364.41,315,86.9,164.459,180
1355.47,349.07,86.9,164.459,180
1391.52,398.6,86.9,164.459,180
1451.59,410,86.9,164.459,180
1424.23,410.05,86.9,164.459,180
1477.05,385.16,86.9,164.459,180
1463.66,362.95,86.9,164.459,180
1484.54,349.78,72.14,164.459,180
1310.88,310.69,67.22,164.459,180
1272.37,292.16,67.22,164.459,180
1244.23,307.43,67.22,164.459,180
1281.95,329.95,67.22,164.459,180
1356.23,355.77,67.22,164.459,180
1451.9,380.94,67.22,164.459,180
1678.85,410,67.22,164.459,180
1532.82,410,67.22,164.459,180
1519.49,400.08,67.22,164.459,180
1504.86,381.83,67.22,164.459,180
1440.01,359.07,67.22,164.459,180
1352.16,361.01,67.22,164.459,180
1333.75,363.87,67.22,188.305,180
1281.46,360,67.22,188.305,180
1282.29,350,67.22,188.305,180
1283.65,330,67.22,188.305,180
1302.65,338.85,67.22,188.305,180
1371.48,347.04,67.22,188.305,180
1662.86,369,67.22,188.305,180
1742.16,378.1,67.22,188.305,180
1457.84,370.53,67.22,188.305,180
1304.47,322.34,67.22,188.305,180
1297.95,293.81,67.22,188.305,180
1314.94,290.57,67.22,188.305,180
1188.06,279.3,67.22,188.305,180
1184.9,260.35,67.22,188.305,180
1190.22,260.56,67.22,188.305,180
1156.08,301.36,67.22,188.305,180
1169.52,339.99,67.22,188.305,180
1293.46,385.63,67.22,188.305,180
1457.94,405.78,67.22,188.305,180
1486.46,409.3,67.22,188.305,180
1378.06,400,67.22,188.305,180
1415.08,377.25,67.22,188.305,180
1282.63,369.63,67.22,188.305,180
1212.61,362.4,67.22,188.305,180
1160.79,390.61,67.22,188.305,180
1180.97,353,67.22,188.305,180
1170.16,345.16,67.22,188.305,180
1157.67,334.21,67.22,188.305,180
1170.97,339.44,67.22,188.305,180
1244.53,342.09,67.22,188.305,180
1503.76,350.06,67.22,188.305,180
1567.11,340.44,67.22,188.305,180
1262.3,336.52,67.22,188.305,180
1181.82,210.01,67.22,188.305,180
1133.14,259.02,67.22,188.305,180
1174.34,268.05,67.22,188.305,180
1060.87,279,67.22,188.305,180
1094.32,249.18,67.22,188.305,180
1060.8,246.29,67.22,188.305,180
1101.47,281.41,67.22,188.305,180
1134.66,308.1,67.22,188.305,180
1229.03,385.16,67.22,188.305,180
1477.72,435.08,67.22,188.305,180
1373.3,454.28,67.22,188.305,180
1322.36,436.35,67.22,188.305,180
1327.98,412.02,67.22,188.305,180
1306.06,412.02,67.22,188.305,180
1169.97,411.65,67.22,188.305,180
1128.96,377.56,67.22,189.474,180
1119.75,369.83,67.22,189.474,180
1118.61,368.94,67.22,189.474,180
1125.63,359.21,67.22,189.474,180
1143.71,361.71,67.22,189.474,180
1202.41,397.23,67.22,189.474,180
1454,465.77,67.22,189.474,180
1569.98,512.36,67.22,189.474,180
1330.41,515.01,67.22,189.474,180
1155.96,483,67.22,189.474,180
1175.98,390.61,67.22,189.474,180
1164.76,341.84,67.22,189.474,180
1082.5,340.22,67.22,189.474,180
1027.35,320.8,67.22,189.474,180
1020,312.82,67.22,189.474,180
1076.03,351.54,67.22,189.474,180
1188.12,400,67.22,189.474,180
1291.4,450.39,67.22,189.474,180
1425.82,507.54,67.22,189.474,180
1301,522.91,67.22,189.474,180
1300.69,475,67.22,189.474,180
1280.91,434.97,67.22,189.474,180
1236.93,415.42,67.22,189.474,180
1114.69,367.72,67.22,189.474,180
1127.28,456.05,67.22,246.942,180
1122.96,449.5,67.22,246.942,180
1108.02,449.5,67.22,246.942,180
1132.15,424.88,67.22,246.942,180
1154.25,437.51,67.22,246.942,180
1190.76,457.57,67.22,246.942,180
1439.3,622.3,67.22,246.942,180
1586.46,690,67.22,246.942,180
1273.87,650,67.22,246.942,180
1214.83,541.51,67.22,246.942,180
1133.26,353.31,67.22,246.942,180
1216.4,333.83,67.22,246.942,180
1121.34,316.52,67.22,246.942,180
1092.31,294.77,67.22,246.942,180
1067.92,310.6,67.22,246.942,180
1075,366.99,67.22,246.942,180
1141.74,514.31,67.22,246.942,180
1193.5,603.08,67.22,246.942,180
1373.99,674.93,67.22,246.942,180
1312.14,700,67.22,246.942,180
1262.51,619.92,67.22,246.942,180
1248.5,542.9,67.22,246.942,180
1187.87,492.05,67.22,246.942,180
1079.33,399.73,67.22,246.942,180
1073.09,430.07,67.22,212.93,180
1042.85,408.91,67.22,212.93,180
1047.53,418.38,67.22,212.93,180
1042.22,420.03,67.22,212.93,180
1051.1,420.03,67.22,212.93,180
1112.31,440,67.22,212.93,180
1379.64,523.76,67.22,212.93,180
1486.64,579.45,67.22,212.93,180
1252.01,554.76,67.22,212.93,180
1130.79,449.99,67.22,212.93,180
1077.06,389,67.22,212.93,180
1148.16,350.83,67.22,212.93,180
1059.58,305.11,67.22,212.93,180
1019.97,316.75,67.22,212.93,180
1060.84,341.86,67.22,212.93,180
1074.86,382.44,67.22,212.93,180
1118.88,425.09,67.22,212.93,180
1217.06,529.43,67.22,212.93,180
1351.79,574.93,67.22,212.93,180
1220.85,605,67.22,212.93,180
1162.01,528.03,67.22,212.93,180
1130.28,448.75,67.22,212.93,180
1091.34,449.06,67.22,212.93,180
1046.37,418.45,67.22,212.93,180
1037.39,350,67.22,163.493,180
1024.5,320,67.22,163.493,180
1064.54,321.59,67.22,163.493,180
1080.01,310.09,67.22,163.493,180
1097.44,310.07,67.22,163.493,180
1116.63,335.01,67.22,163.493,180
1152.73,414.66,67.22,163.493,180
1265.11,436.06,67.22,163.493,180
1355.66,421.17,67.22,163.493,180
1358.32,311.99,67.22,163.493,180
1452.64,240.33,67.22,163.493,180
1488.8,199.82,67.22,163.493,180
1353.17,171.7,67.22,163.493,180
1273.63,150.01,67.22,163.493,180
1251.76,162.66,67.22,163.493,180
1293.26,199.85,67.22,163.493,180
1309.76,276.58,67.22,163.493,180
1348.5,379.95,67.22,163.493,180
1421.27,412.4,67.22,163.493,180
1290.96,326.39,67.22,163.493,180
1236.45,179.01,67.22,163.493,180
1196.41,173.6,67.22,163.493,180
1263.91,172.74,67.22,163.493,180
1234.89,123.93,67.22,163.493,180
1204.6,88.96,67.22,133.528,180
1144.01,91.02,67.22,133.528,180
1137.33,88.93,67.22,133.528,180
1143.56,97.03,67.22,133.528,180
1147.89,91.15,67.22,133.528,180
1139.51,109.92,67.22,133.528,180
1155.42,172.57,67.22,133.528,180
1242.3,185.06,67.22,133.528,180
1248.75,112.35,67.22,133.528,180
1280.17,67.3,67.22,133.528,180
1294.99,23.07,67.22,133.528,180
1392.98,15.52,74.18,133.528,180
1172.57,10.1,76.5,133.528,180
1150.66,0.1,76.5,133.528,180
1121.12,0.08,76.5,133.528,180
1111.72,10.04,76.5,133.528,180
1165.79,23.87,76.5,133.528,180
1217.06,118.86,76.5,133.528,180
1407.28,170.06,76.5,133.528,180
1317.66,151.98,76.5,133.528,180
1248.19,84.48,76.5,133.528,180
1273.31,69.77,76.5,133.528,180
1175.71,81.05,76.5,133.528,180
1062.82,67.27,76.5,133.528,180
1024.93,68.93,76.5,125.259,180
1002.43,69.07,76.5,125.259,180
1009.23,72.97,76.5,125.259,180
1017.05,72.99,76.5,125.259,180
1027.16,72.93,76.5,125.259,180
1074.97,73.11,76.5,125.259,180
1313.99,89.05,76.5,125.259,180
1421.82,87.52,76.5,125.259,180
1202.38,79.07,76.5,125.259,180
1083.71,78.9,76.5,125.259,180
1049.3,72.95,76.5,125.259,180
1151.03,67.84,76.5,125.259,180
1009.41,72.91,76.5,125.259,180
992.45,68.95,76.5,125.259,180
973,80.07,76.5,125.259,180
980.81,118.95,76.5,125.259,180
993.7,189.3,76.5,125.259,180
1047.06,287.3,76.5,125.259,180
1258.91,323.3,76.5,125.259,180
1188.98,235,76.5,125.259,180
1161.04,173,76.5,125.259,180
1159.62,176.5,76.5,125.259,180
1155.85,182.51,76.5,125.259,180
1037.95,168.88,76.5,125.259,180
983.84,160.1,76.5,125.259,180
978.53,150.01,76.5,125.259,180
989.32,124.27,76.5,125.259,180
987.68,102.54,76.5,125.259,180
993.64,130.25,76.5,125.259,180
1052.08,120.7,76.5,125.259,180
1304.9,100.05,76.5,125.259,180
1402.94,90.92,76.5,125.259,180
1194.62,77.49,76.5,125.259,180
1103.89,72.82,76.5,125.259,180
1084.15,56.15,76.5,125.259,180
1182.05,30.07,76.5,125.259,180
1081.75,24.76,76.5,125.259,180
1059.48,8.55,76.5,125.259,180
1058.03,10.05,76.5,125.259,180
1122.4,30.07,76.5,125.259,180
1123.63,104.03,76.5,125.259,180
1167.79,212.12,76.5,125.259,180
1400.01,234.21,76.5,125.259,180
1339.54,199.9,76.5,125.259,180
1298.24,170.08,76.5,125.259,180
1314,163.12,76.5,125.259,180
1256.44,190.67,76.5,125.259,180
1182.18,199.42,76.5,125.259,180
1121.36,205.9,76.5,127.709,180
1112.43,204.44,76.5,127.709,180
1132.11,211.64,76.5,127.709,180
1128.07,207.03,76.5,127.709,180
1143.26,219.91,76.5,127.709,180
1197.26,230.06,76.5,127.709,180
1477.67,301.92,76.5,127.709,180
1564.52,335.88,76.5,127.709,180
1312.26,344.24,76.5,127.709,180
1262.88,300.83,76.5,127.709,180
1224.8,265.91,76.5,127.709,180
1249.47,258.34,76.5,127.709,180
1121.75,240.57,76.5,127.709,180
1119.01,224.25,76.5,127.709,180
1082.39,218.34,76.5,127.709,180
1098.63,269.8,76.5,127.709,180
1161.57,293.02,76.5,127.709,180
1247.3,346.5,76.5,127.709,180
1458.12,390.01,76.5,127.709,180
1349.61,435.42,76.5,127.709,180
1384.36,365.26,76.5,127.709,180
1408.52,322.7,76.5,127.709,180
1411.82,300.73,76.5,127.709,180
1298.9,261.86,76.5,127.709,180
1281.18,248.92,76.5,114.935,180
1271.53,245.03,76.5,114.935,180
1285.02,241.79,76.5,114.935,180
1303.49,240.07,76.5,114.935,180
1318.25,242.69,76.5,114.935,180
1411.04,262.4,76.5,114.935,180
1689.95,318.93,76.5,114.935,180
1718.76,340.29,76.5,114.935,180
1379.34,349.98,76.5,114.935,180
1230.32,329.45,76.5,114.935,180
1170.12,318.46,76.5,114.935,180
1185.53,296.17,76.5,114.935,180
1088.55,279.49,76.5,114.935,180
1083.17,283.24,76.5,114.935,180
1105.15,287.96,76.5,114.935,180
1143.03,297.17,76.5,114.935,180
1180.92,317.53,76.5,114.935,180
1285.33,332.36,76.5,114.935,180
1514.93,375,76.5,114.935,180
1430.07,405.02,76.5,114.935,180
1498.29,335.24,76.5,114.935,180
1433.6,312.09,76.5,114.935,180
1383.62,288.99,76.5,114.935,180
1341.11,264.63,76.5,114.935,180
1320.24,253.41,76.5,116.426,180
1312.92,251.4,76.5,116.426,180
1327.92,247.5,76.5,116.426,180
1343.97,240.01,76.5,116.426,180
1379.94,238.5,76.5,116.426,180
1431.41,249.72,76.5,116.426,180
1658.55,296.96,76.5,116.426,180
1723.75,317.7,76.5,116.426,180
1457.56,314,76.5,116.426,180
1280.55,295.94,76.5,116.426,180
1186.69,276.6,76.5,116.426,180
1218.22,260.14,76.5,116.426,180
1149.36,207.44,76.5,116.426,180
1104.46,204.01,76.5,116.426,180
1112.26,200.03,76.5,116.426,180
1136.32,198.22,76.5,116.426,180
1214.62,248.97,76.5,116.426,180
1280.18,294.92,76.5,116.426,180
1502.9,319.13,76.5,116.426,180
1392.65,296.49,76.5,116.426,180
1335.52,215.58,76.5,116.426,180
1311.43,165.96,76.5,116.426,180
1374.06,165.22,76.5,116.426,180
1343.86,129.27,76.5,116.426,180
1306.57,157.27,76.5,106.087,180
1303.37,127.99,76.5,106.087,180
1293.09,119.71,76.5,106.087,180
1313.37,126.58,76.5,106.087,180
1322.24,147.97,76.5,106.087,180
1336.88,180,76.5,106.087,180
1361.66,206.5,76.5,106.087,180
1455.26,262.89,76.5,106.087,180
1437.43,270,76.5,106.087,180
1488.79,254.94,76.5,106.087,180
1354.15,211.6,76.5,106.087,180
1346.09,220.02,76.5,106.087,180
1186.08,206.21,76.5,106.087,180
1109.71,214.09,76.5,106.087,180
1076.56,229.97,76.5,106.087,180
1146.62,246.2,76.5,106.087,180
1139.77,257.36,76.5,106.087,180
1215.56,276.22,76.5,106.087,180
1446.01,310.03,76.5,106.087,180
1286.98,347.21,76.5,106.087,180
1255.49,295.92,76.5,106.087,180
1289.86,259.29,76.5,106.087,180
1240.89,244.66,76.5,106.087,180
1250.15,237.2,76.5,106.087,180
1242.35,203.03,76.5,105.083,180
1227.01,206.97,76.5,105.083,180
1224.88,201.38,76.5,105.083,180
1247.15,206.5,76.5,105.083,180
1265.72,209.9,76.5,105.083,180
1273.37,217.06,76.5,105.083,180
1297.61,262.97,76.5,105.083,180
1355.67,291.51,76.5,105.083,180
1367.89,287.81,76.5,105.083,180
1342.37,249.9,76.5,105.083,180
1377.77,228.58,76.5,105.083,180
1302.06,204.87,78.53,105.083,180
1054.1,205.01,79.21,105.083,180
1033.41,201.14,79.21,105.083,180
971.92,200.31,79.21,105.083,180
968.1,202.48,79.21,105.083,180
1022.85,212.4,79.21,105.083,180
1088.36,245.54,79.21,105.083,180
1354.89,275.31,79.21,105.083,180
1283.2,286.52,79.21,105.083,180
1162.34,251.15,79.21,105.083,180
1213.47,216.95,79.21,105.083,180
1097.01,228.5,79.21,105.083,180
1092.15,197.81,79.21,105.083,180
1054.28,196.67,79.21,101.046,180
1046.44,194.82,79.21,101.046,180
1056.38,187.02,79.21,101.046,180
1072.16,187,79.21,101.046,180
1083.64,185.06,79.21,101.046,180
1142.72,190.8,79.21,101.046,180
1447.08,198.23,79.21,101.046,180
1475.61,204.14,79.21,101.046,180
1175.72,196.11,79.21,101.046,180
1032.41,135.07,79.21,101.046,180
989.98,99.55,79.21,101.046,180
989.91,85.08,79.21,101.046,180
912.02,69.71,79.21,101.046,180
918.76,10,79.21,101.046,180
985.96,8.84,79.21,101.046,180
999.05,14.74,79.21,101.046,180
1038.6,79,79.21,101.046,180
1152.17,151.01,79.21,101.046,180
1345.43,192.8,79.21,101.046,180
1260.5,173.27,79.21,101.046,180
1217.61,119.96,79.21,101.046,180
1272.06,89.99,79.21,101.046,180
1186.46,91.13,79.21,101.046,180
1121.54,82.85,79.21,101.046,180
1093.97,84.04,79.21,101.046,180
1076.83,70.99,79.21,101.046,180
1065.77,74.78,79.21,101.046,180
1085.89,68.38,79.21,101.046,180
1103.38,75.9,79.21,101.046,180
1168.34,75.9,79.21,101.046,180
1451.13,68.53,79.21,101.046,180
1531.63,20.56,79.21,101.046,180
1181.88,8.81,79.21,101.046,180
1100.18,0.07,79.21,101.046,180
1045.4,-0.1,79.21,101.046,180
1113.74,-5.31,79.21,101.046,180
948.19,-16.81,79.21,101.046,180
941.14,-19.04,79.21,101.046,180
944.05,-13.35,79.21,101.046,180
942.08,-1.06,79.21,101.046,180
983.87,0.06,79.21,101.046,180
1107.3,69.93,79.21,101.046,180
1330.69,122.32,79.21,101.046,180
1312.06,122.95,79.21,101.046,180
1268.67,85.97,79.21,101.046,180
1309.69,80.08,79.21,101.046,180
1313.66,110.07,79.21,101.046,180
1221.13,93.36,79.21,101.046,180
1196.47,114.18,79.21,101.487,180
1183.36,118.82,79.21,101.487,180
1162.87,118.85,79.21,101.487,180
1168.81,119,79.21,101.487,180
1167.66,137.03,79.21,101.487,180
1255.22,189.41,79.21,101.487,180
1449.45,264,79.21,101.487,180
1531.64,288,79.21,101.487,180
1254.95,270.6,79.21,101.487,180
1086.83,196.47,79.21,101.487,180
942.09,153.06,79.21,101.487,180
961.87,163.68,79.21,101.487,180
813.66,156.99,79.21,101.487,180
757.46,171.35,79.21,101.487,180
763.14,170.67,79.21,101.487,180
777.46,212.63,79.21,101.487,180
794.94,232.98,79.21,101.487,180
905.06,273.68,79.21,101.487,180
1221.61,309.6,79.21,101.487,180
1147.55,336.98,79.21,101.487,180
1126.02,277.16,79.21,101.487,180
1141.47,240.91,79.21,101.487,180
1139.88,222.81,79.21,101.487,180
1018.18,199.25,79.21,101.487,180
1019.62,223,79.21,96.216,180
1017.71,215,79.21,96.216,180
1023.97,207,79.21,96.216,180
1043.07,206.36,79.21,96.216,180
1056.63,203,79.21,96.216,180
1108.89,220.92,79.21,96.216,180
1354.38,273.7,79.21,96.216,180
1400.41,287.34,79.21,96.216,180
1128.54,281.1,79.21,96.216,180
1015.12,240.15,79.21,96.216,180
922.62,199.9,79.21,96.216,180
921.19,192.2,79.21,96.216,180
817.4,183.66,79.21,96.216,180
735.89,185.21,79.21,96.216,180
743.83,193.92,79.21,96.216,180
735.47,199.86,79.21,96.216,180
763.78,230.01,79.21,96.216,180
897.98,269.97,79.21,96.216,180
1076.25,301.03,79.21,96.216,180
967.03,351,79.21,96.216,180
1019.7,290.84,79.21,96.216,180
1019.6,255.9,79.21,96.216,180
982.24,242.27,79.21,96.216,180
921.4,222.38,79.21,96.216,180
925.68,215.39,79.21,96.188,180
917.49,200.05,79.21,96.188,180
943.94,200.62,79.21,96.188,180
974.18,198.08,79.21,96.188,180
1042.98,204.09,79.21,96.188,180
1131.81,226.15,79.21,96.188,180
1361.25,275.45,79.21,96.188,180
1254.25,299.25,79.21,96.188,180
1081.96,280.72,79.21,96.188,180
902.68,217.11,79.21,96.188,180
814.78,199.7,79.21,96.188,180
829.34,191.54,79.21,96.188,180
731.11,181.07,79.21,96.188,180
770.71,181.93,79.21,96.188,180
760.41,190.31,79.21,96.188,180
771.51,202.34,79.21,96.188,180
818.91,217.99,79.21,96.188,180
925.57,266.05,79.21,96.188,180
1115.39,312.28,79.21,96.188,180
1042.95,374.14,79.21,96.188,180
1006.44,311.03,79.21,96.188,180
1025.17,270,79.21,96.188,180
1021.49,245.12,79.21,96.188,180
1001.03,216.4,79.21,96.188,180
966.21,213.01,79.21,109.395,180
968.94,212.33,79.21,109.395,180
976,211.5,79.21,109.395,180
980.27,211.8,79.21,109.395,180
999.42,212.93,79.21,109.395,180
1007.43,223.32,79.21,109.395,180
1035.43,282.97,79.21,109.395,180
1108.22,305.07,79.21,109.395,180
1123.03,267.73,79.21,109.395,180
1092.78,218.91,79.21,109.395,180
1109.04,194.92,79.21,109.395,180
1156.41,194.94,79.21,109.395,180
1014.93,185.97,79.21,109.395,180
923.31,181.94,79.21,109.395,180
845.57,192.7,79.21,109.395,180
824.67,208.42,79.21,109.395,180
898.9,232.58,79.21,109.395,180
930.11,266.99,79.21,109.395,180
1174.34,310.76,79.21,109.395,180
943.61,371.11,79.21,109.395,180
895.45,295.4,79.21,109.395,180
906.7,256.86,79.21,109.395,180
924.4,240.04,79.21,109.395,180
868.53,219.76,79.21,109.395,180
854.26,262.48,79.21,114.125,180
843.84,244.31,79.21,114.125,180
855.84,234.29,79.21,114.125,180
879.09,230.15,79.21,114.125,180
860.18,226.01,79.21,114.125,180
884.03,254.91,79.21,114.125,180
912.29,315,79.21,114.125,180
994.82,333.86,79.21,114.125,180
1059.3,285.12,79.21,114.125,180
1047.45,248.37,79.21,114.125,180
980.58,185.6,79.21,114.125,180
980.12,185.87,78.68,114.125,180
765.9,172.57,78.5,114.125,180
744.13,169.75,78.5,114.125,180
700.83,178.57,78.5,114.125,180
707.32,210,78.5,114.125,180
818.78,251.07,78.5,114.125,180
977,276.28,78.5,114.125,180
1129.8,300.77,78.5,114.125,180
987.18,339.9,78.5,114.125,180
903.19,283.38,78.5,114.125,180
843.73,242.2,78.5,114.125,180
954.95,244.56,78.5,114.125,180
907.53,190.07,78.5,114.125,180
898.28,235.96,78.5,100.981,180
904.44,221.16,78.5,100.981,180
925.19,185.58,78.5,100.981,180
947.72,191.02,78.5,100.981,180
1018.98,206.58,78.5,100.981,180
1282.33,216.18,78.5,100.981,180
1334.73,199.56,78.5,100.981,180
1181.26,190.28,78.5,100.981,180
1065.32,152.18,78.5,100.981,180
1015.69,159.37,78.5,100.981,180
983.1,110.05,78.5,100.981,180
1033.19,85.94,78.5,100.981,180
943.29,83.11,78.5,100.981,180
876.2,80.38,78.5,100.981,180
863.14,89.35,78.5,100.981,180
873.23,157.71,78.5,100.981,180
941.67,199.95,78.5,100.981,180
1011.31,232.42,78.5,100.981,180
1272.01,262.5,78.5,100.981,180
1146.27,292.24,78.5,100.981,180
1165.43,270.07,78.5,100.981,180
1163.88,244.98,78.5,100.981,180
1088.72,244.94,78.5,100.981,180
1074.79,237.75,78.5,100.981,180
1107.03,235,78.5,100.981,180
1121.67,221.93,78.5,100.981,180
1153.21,214.02,78.5,100.981,180
1167.8,212,78.5,100.981,180
1225.78,211.09,78.5,100.981,180
1488.27,210.31,78.5,100.981,180
1454.27,214.03,78.5,100.981,180
1285.86,214.08,78.5,100.981,180
1115.46,214.07,78.5,100.981,180
1033.9,205.02,78.5,100.981,180
972.71,194.4,78.5,100.981,180
970.04,161.5,78.5,100.981,180
870.11,89.9,78.5,100.981,180
857.61,77.97,78.5,100.981,180
833.41,92,78.5,100.981,180
849.14,141.59,78.5,100.981,180
941.67,194.83,78.5,100.981,180
1051.78,220,78.5,100.981,180
1297.73,263.02,78.5,100.981,180
1176.08,281.68,78.5,100.981,180
1181.18,265.63,78.5,100.981,180
1132.24,251.59,78.5,100.981,180
1160.11,228,78.5,100.981,180
1096.3,196,78.5,100.981,180
1114.97,192.04,78.5,101.827,180
1125.97,189.45,78.5,101.827,180
1147.5,194.89,78.5,101.827,180
1177.4,195.01,78.5,101.827,180
1241.9,208.62,78.5,101.827,180
1492.6,274.95,78.5,101.827,180
1481.19,316.95,78.5,101.827,180
1262.21,313.95,78.5,101.827,180
1109.68,266.98,78.5,101.827,180
1013.61,224.94,78.5,101.827,180
936.55,204.14,78.5,101.827,180
963.71,173.87,78.5,101.827,180
835.43,163.51,78.5,101.827,180
826.82,130.99,78.5,101.827,180
831.04,161.5,78.5,101.827,180
845.46,170.68,78.5,101.827,180
917.63,197.56,78.5,101.827,180
979.06,260.31,78.5,101.827,180
1285.25,304.62,78.5,101.827,180
1122.44,274.06,78.5,101.827,180
1140.66,252.61,78.5,101.827,180
1107.8,229.53,78.5,101.827,180
1060.22,220.54,78.5,101.827,180
1045.6,209.83,78.5,101.827,180
1105.09,210.18,78.5,101.957,180
1115.68,208.96,78.5,101.957,180
1140.88,210,78.5,101.957,180
1166.42,209.87,78.5,101.957,180
1245.64,225.27,78.5,101.957,180
1344.84,270.27,78.5,101.957,180
1466.29,302.12,78.5,101.957,180
1301.35,318.74,78.5,101.957,180
1115.87,299.9,78.5,101.957,180
1025.11,278.48,78.5,101.957,180
999.55,275.94,78.5,101.957,180
991.76,236.43,78.5,101.957,180
901.83,230.85,78.5,101.957,180
939.26,223.52,78.5,101.957,180
887.06,222.41,78.5,101.957,180
921.41,228.01,78.5,101.957,180
987.38,246.53,78.5,101.957,180
992.05,280.04,78.5,101.957,180
1244.54,302.49,78.5,101.957,180
1089.92,297.67,78.5,101.957,180
1081.26,260.04,78.5,101.957,180
1106.39,237,78.5,101.957,180
1109.96,219.84,78.5,101.957,180
1073.52,233.07,78.5,101.957,180
1048.58,228.86,78.5,110.03,180
1051.26,229.61,78.5,110.03,180
1049.16,229.08,78.5,110.03,180
1053.7,232.33,78.5,110.03,180
1074.65,242,78.5,110.03,180
1117.81,283,78.5,110.03,180
1130.37,315,78.5,110.03,180
1195.54,346.91,78.5,110.03,180
1148.06,328.11,78.5,110.03,180
1123.75,302.07,78.5,110.03,180
1026.53,312.56,78.5,110.03,180
1014.24,295.99,78.5,110.03,180
973.11,272.89,78.5,110.03,180
924.31,278.3,78.5,110.03,180
872.71,266.52,78.5,110.03,180
874.71,256.34,78.5,110.03,180
928.21,269.81,78.5,110.03,180
934.01,294.7,78.5,110.03,180
1105.63,309.97,78.5,110.03,180
1007.23,285.73,78.5,110.03,180
1021.09,253.36,78.5,110.03,180
1055.8,240.52,78.5,110.03,180
1071.48,197.92,78.5,110.03,180
1043.48,200.66,78.5,110.03,180
1059.38,204.29,78.5,119.844,180
1056.44,195.02,78.5,119.844,180
1062.32,181.93,78.5,119.844,180
1069.79,186.3,78.5,119.844,180
1064.95,200.69,78.5,119.844,180
1089.55,270,78.5,119.844,180
1135.1,305.76,78.5,119.844,180
1184.98,324.23,78.5,119.844,180
1132.38,271,78.5,119.844,180
1153.88,250.75,78.5,119.844,180
1047.67,219.54,78.5,119.844,180
1064.21,203.92,78.5,119.844,180
908.3,193.43,78.5,119.844,180
923.98,190.8,78.5,119.844,180
873.45,185.62,78.5,119.844,180
865.18,184.96,78.5,119.844,180
876.77,188.01,78.5,119.844,180
943.91,200.01,78.5,119.844,180
1112.4,229.49,78.5,119.844,180
1079.99,199.08,78.5,119.844,180
1073.83,164.35,78.5,119.844,180
1076.29,150.64,78.5,119.844,180
1043.94,120.08,78.5,119.844,180
1055.44,111.72,78.5,119.844,180
1042.46,99.64,78.5,121.255,180
1032.77,94.48,78.5,121.255,180
1012.11,99.59,78.5,121.255,180
1027.28,109.02,78.5,121.255,180
1033.43,140.01,78.5,121.255,180
1038.67,178.63,78.5,121.255,180
1067.68,200.03,78.5,121.255,180
1176.53,208.47,78.5,121.255,180
1138.37,200.35,78.5,121.255,180
1133.06,193.08,78.5,121.255,180
1089.97,181.14,78.12,121.255,180
1214.31,171.94,78,121.255,180
1045.43,159.91,78,121.255,180
1022.27,147.1,78,121.255,180
992.98,140.82,78,121.255,180
1023.29,142.33,78,121.255,180
1089.96,172.4,78,121.255,180
1121.74,191.7,78,121.255,180
1247.99,205.96,78,121.255,180
1081.54,200.19,78,121.255,180
1069.2,174.92,78,121.255,180
1090.8,167.85,78,121.255,180
1058.87,151.86,78,121.255,180
1039.75,112.01,78,121.255,180
1021.84,125.01,78,120.241,180
1020.74,131.72,78,120.241,180
1021.12,140.54,78,120.241,180
1025.46,131.79,78,120.241,180
1029.2,145.07,78,120.241,180
1056.92,135.84,78,120.241,180
1053.91,168.06,78,120.241,180
1134.75,190.3,78,120.241,180
1085.09,192.15,78,120.241,180
1115.17,169.77,78,120.241,180
1090.68,166.94,78,120.241,180
1109.79,160.63,78,120.241,180
962.22,132.18,78,120.241,180
918.38,120.6,78,120.241,180
876.24,128.45,78,120.241,180
887.63,137.45,78,120.241,180
893.08,171.27,78,120.241,180
1031.32,227.6,78,120.241,180
1221.15,259.15,78,120.241,180
1042.41,241.63,78,120.241,180
1056.03,210,78,120.241,180
1067.51,206.14,78,120.241,180
1065.31,189.38,78,120.241,180
1053.99,199.08,78,120.241,180
1075.74,193.08,78,120.241,180
1086.98,195.76,78,120.241,180
1112.02,194.44,78,120.241,180
1134.25,195.55,78,120.241,180
1182.53,193.82,78,120.241,180
1317.49,190.88,78,120.241,180
1371.69,192.6,78,120.241,180
1157.21,197.24,78,120.241,180
1000.45,182.07,78,120.241,180
919.33,180.76,78,120.241,180
859.82,179.13,78,120.241,180
856.52,174.2,78,120.241,180
734.81,119.64,78,120.241,180
708.41,97.07,78,120.241,180
705.02,104,78,120.241,180
723.84,121.39,78,120.241,180
786.01,132.21,78,120.241,180
924.79,177.39,78,120.241,180
1156.24,211.79,78,120.241,180
1072.89,204.95,78,120.241,180
1059.48,179.74,78,120.241,180
1058.42,177.45,78,120.241,180
955.14,155.03,78,120.241,180
941.35,118.63,78,120.241,180
948.2,91.81,78,120.346,180
905.21,88,78,120.346,180
892.72,81.56,78,120.346,180
901.56,87.49,78,120.346,180
939.23,91.6,78,120.346,180
1087.14,133,78,120.346,180
1175.62,120.6,78,120.346,180
1064.8,101.16,78,120.346,180
906.21,87.6,78,120.346,180
936.58,74.54,78,120.346,180
918.21,68.27,78,120.346,180
947.97,40.08,78,120.346,180
859.08,30.98,78,120.346,180
865.89,25.6,78,120.346,180
841.9,37.56,78,120.346,180
903.33,47.24,78,120.346,180
918.27,69.78,78,120.346,180
961,69.93,78,120.346,180
1086.14,74.86,78,120.346,180
946.03,74.52,78,120.346,180
945.36,69.96,78,120.346,180
938.54,72.98,78,120.346,180
886.13,50.09,78,120.346,180
877.26,23.53,78,120.346,180
848.97,30,78,111.258,180
840.19,35.09,78,111.258,180
841.93,42.35,78,111.258,180
868.87,74.53,78,111.258,180
927.14,83.97,78,111.258,180
1090.18,163.27,78,111.258,180
1164.46,220.07,78,111.258,180
1087.08,232.03,78,111.258,180
979.4,229.51,78,111.258,180
1010.03,227,78,111.258,180
1005.75,230.09,78,111.258,180
1030.47,214.24,78,111.258,180
908.98,222.98,78,111.258,180
877.17,208.49,78,111.258,180
807.58,222.97,78,111.258,180
789.95,224.41,78,111.258,180
908.6,262.21,78,111.258,180
938.98,278.24,78,111.258,180
1063.05,309.93,78,111.258,180
987.54,277.91,78,111.258,180
968.44,226.47,78,111.258,180
995.48,189.65,78,111.258,180
871.72,163.64,78,111.258,180
838.1,112.87,78,111.258,180
829.26,140,78,109.154,180
838.43,126.56,78,109.154,180
837.57,121.67,78,109.154,180
961.17,126.59,78,109.154,180
1000.3,118.48,78,109.154,180
1180.19,165.6,78,109.154,180
1238.25,177.84,78,109.154,180
1134.84,175.3,78,109.154,180
1063.04,159.36,78,109.154,180
1020.29,95.69,78,109.154,180
999.96,74.86,78,109.154,180
1040.37,77.8,78,109.154,180
895.57,74.73,78,109.154,180
872.16,71.98,78,109.154,180
856.06,74.75,78,109.154,180
907.86,74.81,78,109.154,180
937.5,126.26,78,109.154,180
949.88,165.54,78,109.154,180
1084.31,178.43,78,109.154,180
984.86,171,78,109.154,180
989.09,132.42,78,109.154,180
1028.36,109.11,78,109.154,180
1010.94,60.37,78,109.154,180
1009.35,73.02,78,109.154,180
1006.1,67.74,78,108.819,180
1018.99,59.64,78,108.819,180
1036.42,67.58,78,108.819,180
1040.78,73.58,78,108.819,180
1023.1,74.13,78,108.819,180
1016.96,74.5,78,108.819,180
1015.86,90.03,78,108.819,180
1055.06,113.23,78,108.819,180
1079.3,77.35,78,108.819,180
1054.87,71.93,78,108.819,180
942.94,71.94,78,108.819,180
933.44,77.38,78,108.819,180
784.54,70.38,78,108.819,180
747.6,70.15,78,108.819,180
784.21,73.35,78,108.819,180
757.59,74.82,78,108.819,180
813.12,80.91,78,108.819,180
876.19,82.06,78,108.819,180
1072.09,94.41,78,108.819,180
946.07,79.56,78,108.819,180
966.78,65.45,78,108.819,180
912.92,69.19,78,108.819,180
852.52,27.35,78,108.819,180
843.23,2.02,78,108.819,180
827.36,1.03,78,105.453,180
839.73,1.02,78,105.453,180
855.85,2.47,78,105.453,180
894.43,8.58,78,105.453,180
911.61,44.51,78,105.453,180
919.19,95.37,78,105.453,180
920.9,147.26,78,105.453,180
982.37,150,78,105.453,180
982.4,87,78,105.453,180
941.5,81.85,78,105.453,180
863.67,86.54,79.66,105.453,180
818.1,88.19,80.21,105.453,180
706.54,91.41,80.21,105.453,180
686.79,130.77,80.21,105.453,180
683.53,166.11,80.21,105.453,180
750.29,186.11,80.21,105.453,180
808.11,202.31,80.21,105.453,180
958.95,229.9,80.21,105.453,180
1151.93,267.77,80.21,105.453,180
1000.86,259.04,80.21,105.453,180
966.34,221.8,80.21,105.453,180
967.54,189.8,80.21,105.453,180
907.82,159.98,80.21,105.453,180
869.71,119.25,80.21,105.453,180
843.12,110.6,80.21,107.069,180
865.69,92.51,80.21,107.069,180
889.9,83.22,80.21,107.069,180
913.35,79.12,80.21,107.069,180
962.98,76.14,80.21,107.069,180
1192.5,76.56,80.21,107.069,180
1186.33,88.15,80.21,107.069,180
968.58,82.9,80.21,107.069,180
764.16,69.72,80.21,107.069,180
712.25,25.14,80.21,107.069,180
669.05,5.04,80.21,107.069,180
728.53,-0.01,80.21,107.069,180
642.29,-0.28,80.21,107.069,180
663.4,-2.49,80.21,107.069,180
723.89,-0.1,80.21,107.069,180
813.2,-0.03,80.21,107.069,180
862.98,1.98,80.21,107.069,180
985.91,75.81,80.21,107.069,180
1160.63,96.97,80.21,107.069,180
1042.1,105,80.21,107.069,180
1080.88,90.95,80.21,107.069,180
993.35,89.77,80.21,107.069,180
941.15,69.88,80.21,107.069,180
903.42,70.96,80.21,107.069,180
887.09,26.15,80.21,107.069,180
891.23,24.59,80.21,107.069,180
898.81,25.67,80.21,107.069,180
913.95,40.04,80.21,107.069,180
962.49,36.85,80.21,107.069,180
1256.7,25.95,80.21,107.069,180
1208.28,45.02,80.21,107.069,180
996.27,35.76,80.21,107.069,180
833.83,22.23,80.21,107.069,180
779.47,12.29,80.21,107.069,180
721.49,13,80.21,107.069,180
771.99,5.31,80.21,107.069,180
672.87,0.1,80.21,107.069,180
652.84,0.09,80.21,107.069,180
659.79,0.42,80.21,107.069,180
676.06,8.52,80.21,107.069,180
790.62,71.03,80.21,107.069,180
835.9,139.9,80.21,107.069,180
1096.59,233.51,80.21,107.069,180
1012.42,252.18,80.21,107.069,180
1056.57,239.54,80.21,107.069,180
1008.48,238.28,80.21,107.069,180
968.56,224.3,80.21,107.069,180
953.02,182.38,80.21,107.069,180
955.73,184.98,80.21,107.325,180
951.31,184.6,80.21,107.325,180
988.86,185.68,80.21,107.325,180
1015.91,195.55,80.21,107.325,180
1077.91,220.56,80.21,107.325,180
1335.61,264.91,80.21,107.325,180
1305.95,299.93,80.21,107.325,180
1020.45,285.03,80.21,107.325,180
873.18,255,80.21,107.325,180
735.17,214.92,80.21,107.325,180
667.44,190.71,80.21,107.325,180
732.74,187.85,80.21,107.325,180
665.5,181.84,80.21,107.325,180
619.68,179.98,80.21,107.325,180
639.01,179.77,80.21,107.325,180
640.02,182.86,80.21,107.325,180
760.94,219.39,80.21,107.325,180
869.06,263.32,80.21,107.325,180
1068.88,296.99,80.21,107.325,180
1020.48,290.37,80.21,107.325,180
978.52,267.81,80.21,107.325,180
986.33,247.99,80.21,107.325,180
937.2,204.4,80.21,107.325,180
915.92,192.9,80.21,107.325,180
919.36,188.71,80.21,102.816,180
925.18,184.13,80.21,102.816,180
945.22,183,80.21,102.816,180
966.83,185.55,80.21,102.816,180
1035.73,191.53,80.21,102.816,180
1236.04,229.54,80.21,102.816,180
1222.99,268.78,80.21,102.816,180
989.49,260.33,80.21,102.816,180
834.04,219.02,80.21,102.816,180
749.74,182.51,80.21,102.816,180
677.16,172.32,80.21,102.816,180
711.14,136.12,80.21,102.816,180
624.65,110.02,80.21,102.816,180
614.7,100.01,80.21,102.816,180
600.4,118.14,80.21,102.816,180
643.99,139.9,80.21,102.816,180
701.52,179.4,80.21,102.816,180
836.7,215.47,80.21,102.816,180
991.92,235.09,80.21,102.816,180
890.43,233.47,80.21,102.816,180
941.11,189.08,80.21,102.816,180
903.98,177.46,80.21,102.816,180
851.36,137.74,80.21,102.816,180
833.26,161.67,80.21,102.816,180
861.28,165.81,80.21,103.685,180
888.02,163.31,80.21,103.685,180
890.35,167.63,80.21,103.685,180
929.31,180.73,80.21,103.685,180
995.6,212.32,80.21,103.685,180
1204.92,248.74,80.21,103.685,180
1175.44,267.52,80.21,103.685,180
912.83,273.83,80.21,103.685,180
771.79,254.25,80.21,103.685,180
704.63,212.9,80.21,103.685,180
633.8,192.45,80.21,103.685,180
676.36,188.72,80.21,103.685,180
576.16,195.04,80.21,103.685,180
565.01,200.05,80.21,103.685,180
571.62,196,80.21,103.685,180
611.75,200.47,80.21,103.685,180
673.66,241.25,80.21,103.685,180
739.53,266.2,80.21,103.685,180
958.85,298.95,80.21,103.685,180
872.12,301.63,80.21,103.685,180
887.49,269.03,80.21,103.685,180
871.33,250,80.21,103.685,180
835.9,231.94,80.21,103.685,180
855.89,232.45,80.21,103.685,180
834.71,207.63,80.21,104.715,180
868.88,200.14,80.21,104.715,180
854.19,198.05,80.21,104.715,180
878.43,199.97,80.21,104.715,180
896.72,204.46,80.21,104.715,180
911.21,254,80.21,104.715,180
859.71,272.33,80.21,104.715,180
890.65,282.11,80.21,104.715,180
859.67,252.78,80.21,104.715,180
840.15,216.35,80.21,104.715,180
745.88,212.54,80.21,104.715,180
776.57,202.24,80.21,104.715,180
593.41,195.19,80.21,104.715,180
556.78,193.64,80.21,104.715,180
535.6,191.99,80.21,104.715,180
649.8,194.53,80.21,104.715,180
666.58,212.8,80.21,104.715,180
753.24,244.94,80.21,104.715,180
942.2,271.07,80.21,104.715,180
756.82,272.31,80.21,104.715,180
793.21,265.46,80.21,104.715,180
749.94,253.68,80.21,104.715,180
771.17,234.36,80.21,104.715,180
760.59,214.9,80.21,104.715,180
737.43,198.45,80.21,97.33,180
746.38,194.28,80.21,97.33,180
750.96,190.49,80.21,97.33,180
790.13,191.86,80.21,97.33,180
789.56,196.86,80.21,97.33,180
798.41,205.33,80.21,97.33,180
803.16,220.78,80.21,97.33,180
897.26,209.88,80.21,97.33,180
879.63,189.92,80.21,97.33,180
862.71,190.62,80.21,97.33,180
772.2,186.55,80.21,97.33,180
736.9,160.03,80.21,97.33,180
678.23,167.65,80.21,97.33,180
639.94,157.38,80.21,97.33,180
699.43,151.11,80.21,97.33,180
672.38,155.01,80.21,97.33,180
754.67,179.32,80.21,97.33,180
831.64,196.21,80.21,97.33,180
1069.13,228.35,80.21,97.33,180
876.85,235.99,80.21,97.33,180
832.14,208.84,80.21,97.33,180
797.69,205.09,80.21,97.33,180
760.47,196.24,80.21,97.33,180
728.77,191.16,80.21,97.33,180
722.54,183.37,80.21,97.33,180
722.12,178,80.21,97.33,180
723.42,174.21,80.21,97.33,180
724.71,171.81,80.21,97.33,180
773.35,179.54,80.21,97.33,180
1011.65,188.98,80.21,97.33,180
1036.3,191.12,80.21,97.33,180
843.17,189.6,80.21,97.33,180
726.9,172.62,80.21,97.33,180
713.99,146.58,80.21,97.33,180
649.62,121.99,80.21,97.33,180
685.72,82.36,80.21,97.33,180
572.51,52.9,80.21,97.33,180
537.61,33.78,80.21,97.33,180
501.6,40.32,80.21,97.33,180
524.22,65.84,80.21,97.33,180
633.11,107.71,80.21,97.33,180
670.48,171.19,80.21,97.33,180
855.8,195.08,80.21,97.33,180
826.15,205.81,80.21,97.33,180
892.24,194.47,80.21,97.33,180
852.97,175.84,80.21,97.33,180
801.99,166.88,80.21,97.33,180
781.3,160.22,80.21,97.33,180
772.43,139.97,80.21,97.33,180
772.49,121.76,80.21,97.33,180
785.76,123.38,80.21,97.33,180
809.66,133.96,80.21,97.33,180
813.45,139.96,80.21,97.33,180
1064.49,146.1,80.21,97.33,180
1040.35,144.01,80.21,97.33,180
765.15,133.55,80.21,97.33,180
658.08,100,80.21,97.33,180
649.08,75.92,80.21,97.33,180
584.41,41.29,80.21,97.33,180
646.34,20.73,80.21,97.33,180
498.41,0.07,80.21,97.33,180
504.21,0,80.21,97.33,180
475.61,0.08,80.21,97.33,180
486.01,15,80.21,97.33,180
532.21,66.2,80.21,97.33,180
680.56,158.02,80.21,97.33,180
818.3,182.55,80.21,97.33,180
784.09,191.54,80.21,97.33,180
775.78,187.88,80.21,97.33,180
721.38,171.46,80.21,97.33,180
658.46,158.07,80.21,97.33,180
643.56,95.9,80.21,97.33,180
639.56,81,80.21,97.33,180
657.87,84,80.21,97.33,180
682.06,81,80.21,97.33,180
697.73,85.25,80.21,97.33,180
761.53,92.31,80.21,97.33,180
1001.62,95.23,80.21,97.33,180
970.31,105,80.21,97.33,180
801.78,108.65,80.21,97.33,180
655.47,101.18,80.21,97.33,180
638.91,95.51,80.21,97.33,180
592.01,82.92,80.21,97.33,180
655.44,75.98,80.21,97.33,180
568.81,61.17,80.21,97.33,180
511.71,45,80.21,97.33,180
534.51,60.58,80.21,97.33,180
521.61,82.92,80.21,97.33,180
591.11,121.25,80.21,97.33,180
583.21,189.84,80.21,97.33,180
791.63,240.3,80.21,97.33,180
720.08,250.73,80.21,97.33,180
807.22,226.6,80.21,97.33,180
699.31,221.23,80.21,97.33,180
654.74,202,80.21,97.33,180
644.72,205,80.21,97.33,180
653.27,192.98,80.21,98.46,180
676.21,191.14,80.21,98.46,180
698.77,190.95,80.21,98.46,180
696.74,190,80.21,98.46,180
781.97,200.61,80.21,98.46,180
974.42,251.27,80.21,98.46,180
980.27,291.43,80.21,98.46,180
795.55,295.43,80.21,98.46,180
558.43,255.71,80.21,98.46,180
525.31,232.54,80.21,98.46,180
511.81,207.71,80.21,98.46,180
561.44,193.56,80.21,98.46,180
482.21,187.06,80.21,98.46,180
437.91,176.57,80.21,98.46,180
470.91,176.11,80.21,98.46,180
471.81,168.94,80.21,98.46,180
540.81,193.33,80.21,98.46,180
614.81,224.93,80.21,98.46,180
788.3,239.03,80.21,98.46,180
714.68,240.01,80.21,98.46,180
855.96,223.6,80.21,98.46,180
741.19,200,80.21,98.46,180
645.39,184.2,80.21,98.46,180
613.07,191,80.21,98.46,180
625.93,189.55,80.21,93.519,180
590.91,183.1,80.21,93.519,180
636.42,183.28,80.21,93.519,180
637.77,183.38,80.21,93.519,180
705.2,197.96,80.21,93.519,180
881.86,227.24,80.21,93.519,180
881.89,249.92,80.21,93.519,180
700.26,249.9,80.21,93.519,180
536.68,209.96,80.21,93.519,180
502.81,193.5,80.21,93.519,180
469.31,188.91,80.21,93.519,180
547.14,175.87,80.21,93.519,180
470.41,168.37,80.21,93.519,180
479.71,158.9,80.21,93.519,180
459.41,171.95,80.21,93.519,180
462.91,175.85,80.21,93.519,180
581.31,196.15,80.21,93.519,180
572.71,222.95,80.21,93.519,180
695.53,249,80.21,93.519,180
588.13,250,80.21,93.519,180
568.02,239.18,80.21,93.519,180
554.37,220.1,80.21,93.519,180
521.82,201.97,80.21,93.519,180
474.49,188.55,80.21,93.519,180
462.21,179.92,80.21,96.083,180
519.28,181.08,80.21,96.083,180
529.41,178.92,80.21,96.083,180
643.8,180.5,80.21,96.083,180
629.13,199.92,80.21,96.083,180
638.91,229.76,80.21,96.083,180
644.74,256.02,80.21,96.083,180
762,256.25,80.21,96.083,180
693.09,232.26,80.21,96.083,180
696.01,207.93,80.21,96.083,180
673.31,197.01,80.21,96.083,180
740.44,185.06,80.21,96.083,180
574.51,176.25,80.21,96.083,180
522.11,167.93,80.21,96.083,180
512.31,168.05,80.21,96.083,180
531.71,173.4,80.21,96.083,180
542.88,185.34,80.21,96.083,180
610.38,204.96,80.21,96.083,180
737.08,220.62,80.21,96.083,180
650.64,223.61,80.21,96.083,180
625.43,220.44,80.21,96.083,180
651.37,199.71,80.21,96.083,180
621.27,174.62,80.21,96.083,180
595.27,191.07,80.21,96.083,180
596.25,183.93,80.21,97.471,180
596.55,187.01,80.21,97.471,180
620.45,179.41,80.21,97.471,180
640.91,176.09,80.21,97.471,180
657.2,189.58,80.21,97.471,180
691.45,218.07,80.21,97.471,180
677.23,239.95,80.21,97.471,180
773.3,244.1,80.21,97.471,180
787.41,221.05,80.21,97.471,180
844.33,196.56,80.21,97.471,180
758.35,156.71,85.6,97.471,180
790.48,122.43,87.4,97.471,180
678.87,98.52,87.4,97.471,180
574.86,86.77,87.4,97.471,180
589.33,86.77,87.4,97.471,180
693.38,102.34,87.4,97.471,180
696.25,137,87.4,97.471,180
861.76,180.26,87.4,97.471,180
979.1,209.61,87.4,97.471,180
865.34,209.97,87.4,97.471,180
809.72,185,87.4,97.471,180
793.32,190.17,87.4,97.471,180
732.55,147.32,87.4,97.471,180
705.55,130.46,87.4,97.471,180
699.82,116.44,87.4,95.486,180
709.36,108.65,87.4,95.486,180
722.22,119.04,87.4,95.486,180
727.99,119.4,87.4,95.486,180
782.82,122.32,87.4,95.486,180
996.2,128.32,87.4,95.486,180
944.74,143.64,87.4,95.486,180
728.22,141.5,87.4,95.486,180
640.61,82.69,87.4,95.486,180
637.09,55.43,87.4,95.486,180
580.84,15.92,87.4,95.486,180
672.93,2.43,87.4,95.486,180
595.36,0.01,87.4,95.486,180
636.59,0.08,87.4,95.486,180
662.95,5.07,87.4,95.486,180
716.31,20.45,87.4,95.486,180
777.72,94.85,87.4,95.486,180
808.27,138.87,87.4,95.486,180
916.02,168.19,87.4,95.486,180
851.33,171.36,87.4,95.486,180
803.55,138.05,87.4,95.486,180
768.94,118.23,87.4,95.486,180
699.36,97.95,87.4,95.486,180
678.81,100.58,87.4,95.486,180
669.14,93.14,87.4,95.486,180
670.02,91.92,87.4,95.486,180
641.77,87.88,87.4,95.486,180
674.61,84.06,87.4,95.486,180
689.29,87.84,87.4,95.486,180
920.69,87.81,87.4,95.486,180
885.31,95.1,87.4,95.486,180
765.36,96.51,87.4,95.486,180
664.72,81.88,87.4,95.486,180
649.95,74.9,87.4,95.486,180
586.2,73.03,87.4,95.486,180
628.34,54.86,87.4,95.486,180
566.53,34.51,87.4,95.486,180
548.62,34.2,87.4,95.486,180
502.97,44.09,87.4,95.486,180
563.39,72.81,87.4,95.486,180
666.62,111.73,87.4,95.486,180
730.12,165.01,87.4,95.486,180
892.02,198.65,87.4,95.486,180
906.74,224.95,87.4,95.486,180
799.23,216.66,87.4,95.486,180
762.4,205.73,87.4,95.486,180
691.28,186.99,87.4,95.486,180
649.49,184.96,87.4,95.486,180
662.85,183.78,87.4,96.422,180
661.69,185.63,87.4,96.422,180
662.54,186.1,87.4,96.422,180
684.8,188.12,87.4,96.422,180
750.61,200.06,87.4,96.422,180
976.53,237.23,87.4,96.422,180
967.12,261.87,87.4,96.422,180
832.78,272.47,87.4,96.422,180
671.32,249.06,87.4,96.422,180
655.61,232.59,87.4,96.422,180
637.38,227.97,87.4,96.422,180
635.44,211,87.4,96.422,180
557.43,200,87.4,96.422,180
526.45,194.9,87.4,96.422,180
562.48,191.99,87.4,96.422,180
572.64,189.5,87.4,96.422,180
605.04,209.25,87.4,96.422,180
643.8,252.71,87.4,96.422,180
883.27,273.88,87.4,96.422,180
795.67,275.71,87.4,96.422,180
825.9,264.93,87.4,96.422,180
771.54,254,87.4,96.422,180
690.05,235.44,87.4,96.422,180
669.8,212.54,87.4,96.422,180
656.91,205.01,87.4,96.892,180
685.54,204.59,87.4,96.892,180
703.46,201.07,87.4,96.892,180
714.64,204.16,87.4,96.892,180
780.66,232.95,87.4,96.892,180
995.73,266.52,87.4,96.892,180
1029.96,290,87.4,96.892,180
869.64,290,87.4,96.892,180
709.22,260.48,87.4,96.892,180
666.07,235.88,87.4,96.892,180
617.73,224.28,87.4,96.892,180
678.08,219.41,87.4,96.892,180
582.8,210.49,87.4,96.892,180
546.88,214.19,87.4,96.892,180
575.54,215.42,87.4,96.892,180
591.72,211.03,87.4,96.892,180
717.18,239.93,87.4,96.892,180
777.09,260.63,87.4,96.892,180
999.06,281,87.4,96.892,180
796.6,286.76,87.4,96.892,180
920.69,270.01,87.4,96.892,180
793.58,255,87.4,96.892,180
737.17,231.91,87.4,96.892,180
722.96,206.72,87.4,96.892,180
723.46,198.01,87.4,94.689,180
727.7,196.36,87.4,94.689,180
737.86,194.53,87.4,94.689,180
753.47,197.51,87.4,94.689,180
809.34,209.94,87.4,94.689,180
983.39,244.2,87.4,94.689,180
971.84,271.01,87.4,94.689,180
849.62,265.98,87.4,94.689,180
703.51,252.74,87.4,94.689,180
680.16,225.22,87.4,94.689,180
606.71,214.12,87.4,94.689,180
762,207.66,87.4,94.689,180
607.04,200.62,87.4,94.689,180
619.23,193.22,87.4,94.689,180
620.83,190.96,87.4,94.689,180
620.35,191.35,87.4,94.689,180
632.97,206.49,87.4,94.689,180
723.53,239.31,87.4,94.689,180
890.99,267.9,87.4,94.689,180
785.31,266.33,87.4,94.689,180
865.49,254.94,87.4,94.689,180
806.67,235.33,87.4,94.689,180
779.59,202.57,87.4,94.689,180
783.77,214.63,87.4,94.689,180
769.04,201.94,87.4,108.398,180
764.31,198,87.4,108.398,180
768.62,201.37,87.4,108.398,180
796.31,201.5,87.4,108.398,180
822.17,218.35,87.4,108.398,180
793.06,255,87.4,108.398,180
753.38,283.37,87.4,108.398,180
814.56,279.29,87.4,108.398,180
808.09,251.26,87.4,108.398,180
814.25,224.93,87.4,108.398,180
742.77,213.56,87.4,108.398,180
735.93,208,87.4,108.398,180
610.48,200.09,87.4,108.398,180
526.94,197.05,87.4,108.398,180
579.26,196.3,87.4,108.398,180
661.85,197.13,87.4,108.398,180
712.58,217.63,87.4,108.398,180
757.91,255,87.4,108.398,180
884.94,279.09,87.4,108.398,180
702.36,284.91,87.4,108.398,180
733.33,268.91,87.4,108.398,180
718.98,253.56,87.4,108.398,180
736.61,222.78,87.4,108.398,180
732.65,206.05,87.4,108.398,180
748.55,203.15,87.4,101.985,180
730.78,202.52,87.4,101.985,180
715.81,203.23,87.4,101.985,180
711.73,205.09,87.4,101.985,180
731.29,213.86,87.4,101.985,180
724.79,255.77,87.4,101.985,180
772.66,280.06,87.4,101.985,180
855.24,291.22,87.4,101.985,180
854.91,256.34,87.4,101.985,180
823.35,230.33,87.4,101.985,180
828.5,217.4,84,101.985,180
890.84,208.37,82.86,101.985,180
723.91,197.25,82.86,101.985,180
689.08,195.24,82.86,101.985,180
643.45,195.04,82.86,101.985,180
674.02,206,82.86,101.985,180
702.65,216.3,82.86,101.985,180
695.93,246.98,82.86,101.985,180
932.36,262.08,82.86,101.985,180
816.99,265.87,82.86,101.985,180
791.1,254.97,82.86,101.985,180
785.27,241.56,82.86,101.985,180
783.36,217.91,82.86,101.985,180
724.82,204.78,82.86,101.985,180
730.93,189.1,82.86,100.434,180
735.47,189.91,82.86,100.434,180
753.61,187.47,82.86,100.434,180
781,189.96,82.86,100.434,180
816.68,194.81,82.86,100.434,180
878.86,201,82.86,100.434,180
816.85,206.59,82.86,100.434,180
777.32,210.01,82.86,100.434,180
744.77,205.85,82.86,100.434,180
661.15,195.95,82.86,100.434,180
647.26,186.58,82.86,100.434,180
689.36,180.04,82.86,100.434,180
621.99,172.94,82.86,100.434,180
624.85,166.35,82.86,100.434,180
624.61,159.69,82.86,100.434,180
644.39,166.65,82.86,100.434,180
687.25,192.02,82.86,100.434,180
650.53,226.09,82.86,100.434,180
831.97,246.97,82.86,100.434,180
722.79,252.64,82.86,100.434,180
725.19,247.11,82.86,100.434,180
692.44,239.09,82.86,100.434,180
694.56,219,82.86,100.434,180
698.85,206,82.86,100.434,180
700.43,199.7,82.86,100.434,180
704.37,197.56,82.86,100.434,180
721.68,192.2,82.86,100.434,180
725.92,197.43,82.86,100.434,180
722.44,201.32,82.86,100.434,180
722.88,195,82.86,100.434,180
734.64,194.95,82.86,100.434,180
857.9,186.94,82.86,100.434,180
825.8,182.04,82.86,100.434,180
892.27,177.31,82.86,100.434,180
818.3,176.5,82.86,100.434,180
822.68,174.92,82.86,100.434,180
671.38,150.74,82.86,100.434,180
649.73,140.4,82.86,100.434,180
594.41,138.9,82.86,100.434,180
583.36,155.9,82.86,100.434,180
704.76,187.04,82.86,100.434,180
727.78,215.85,82.86,100.434,180
999.17,249.43,82.86,100.434,180
871.9,254.94,82.86,100.434,180
814.23,243.03,82.86,100.434,180
755.73,239.72,82.86,100.434,180
700,215.97,82.86,100.434,180
708.48,206.46,82.86,100.434,180
663.88,199.87,82.86,100.434,180
674.27,194.69,82.86,100.434,180
672.78,193.76,82.86,100.434,180
679.04,196.34,82.86,100.434,180
741.08,209.96,82.86,100.434,180
947.06,248.88,82.86,100.434,180
884.06,270,82.86,100.434,180
787.49,264.57,82.86,100.434,180
624.3,238.98,82.86,100.434,180
593.16,194.27,82.86,100.434,180
570.33,189.97,82.86,100.434,180
661.79,190.68,82.86,100.434,180
541.13,190.45,82.86,100.434,180
569.69,187.65,82.86,100.434,180
535.95,185.05,82.86,100.434,180
574.96,188.2,82.86,100.434,180
638.75,218.72,82.86,100.434,180
706.29,244.11,82.86,100.434,180
878.5,263.97,82.86,100.434,180
742.61,265.41,82.86,100.434,180
795.93,253.52,82.86,100.434,180
776.86,241.11,82.86,100.434,180
710.14,219.92,82.86,100.434,180
703.54,184.5,82.86,100.434,180
706.89,182.09,82.86,100.813,180
715.68,184.08,82.86,100.813,180
749.7,185.12,82.86,100.813,180
777.34,187.04,82.86,100.813,180
794.23,191.19,82.86,100.813,180
985.22,236.26,82.86,100.813,180
914.97,255.96,82.86,100.813,180
724.75,255.96,82.86,100.813,180
598.07,232.7,82.86,100.813,180
574.8,206.07,82.86,100.813,180
620.63,200.24,82.86,100.813,180
717.75,195.79,82.86,100.813,180
676.95,197.29,82.86,100.813,180
660.65,194.89,82.86,100.813,180
710.34,195.54,82.86,100.813,180
724.68,197.99,82.86,100.813,180
817.97,218.99,82.86,100.813,180
863.19,249.96,82.86,100.813,180
992.91,269.94,82.86,100.813,180
822.85,270.23,82.86,100.813,180
859.73,261.77,82.86,100.813,180
872.53,253.21,82.86,100.813,180
766.52,228.94,82.86,100.813,180
735.74,206,82.86,100.813,180
714.74,200,82.86,98.744,180
709.51,200.34,82.86,98.744,180
714.88,201.12,82.86,98.744,180
759.84,201.14,82.86,98.744,180
800.52,224.32,82.86,98.744,180
1004.24,256.58,82.86,98.744,180
987.04,296.9,82.86,98.744,180
824.79,280.1,82.86,98.744,180
707.91,255.09,82.86,98.744,180
653.16,226.01,82.86,98.744,180
584.21,209.41,82.86,98.744,180
636.47,204.64,82.86,98.744,180
530.68,202.15,82.86,98.744,180
550.74,199.51,82.86,98.744,180
503.77,200.6,82.86,98.744,180
542.77,206.24,82.86,98.744,180
553.13,231.16,82.86,98.744,180
669.2,249.98,82.86,98.744,180
794,275.44,82.86,98.744,180
645.36,281.49,82.86,98.744,180
734.38,263.37,82.86,98.744,180
710.4,246.9,82.86,98.744,180
675.34,232.47,82.86,98.744,180
680.61,225.2,82.86,98.744,180
656.23,208.44,82.86,103.21,180
651.75,208.12,82.86,103.21,180
683.67,205.09,82.86,103.21,180
697.82,204.9,82.86,103.21,180
703.96,220.77,82.86,103.21,180
717.32,254.96,82.86,103.21,180
700.67,275.06,82.86,103.21,180
732.58,268.02,82.86,103.21,180
757.37,252.96,82.86,103.21,180
746.95,235.03,82.86,103.21,180
653.05,232.09,82.86,103.21,180
654.78,224.5,82.86,103.21,180
564.23,215.04,82.86,103.21,180
554.21,210.9,82.86,103.21,180
529.82,210,82.86,103.21,180
543.92,210.35,82.86,103.21,180
572.8,229,82.86,103.21,180
561.48,247.28,82.86,103.21,180
717.67,263,82.86,103.21,180
572.52,276.61,82.86,103.21,180
630.61,259.96,82.86,103.21,180
614.9,251.84,82.86,103.21,180
610.02,238.52,82.86,103.21,180
592.22,220.69,82.86,103.21,180
582.22,213.74,82.86,101.49,180
571.94,207.56,82.86,101.49,180
572.35,204.02,82.86,101.49,180
573.36,206.57,82.86,101.49,180
576.77,219.07,82.86,101.49,180
578.1,255.91,82.86,101.49,180
585.54,274.92,82.86,101.49,180
628.16,262.97,82.86,101.49,180
635.08,236.8,82.86,101.49,180
644.01,220,82.86,101.49,180
628.21,208.13,88.79,101.49,180
684.66,207.4,90.77,101.49,180
527.03,191.81,90.77,101.49,180
541.51,190.01,90.77,101.49,180
526.41,187.01,90.77,101.49,180
549,192.7,90.77,101.49,180
606.25,211.59,90.77,101.49,180
573.12,239.09,90.77,101.49,180
743.51,256.79,90.77,101.49,180
597.75,262.69,90.77,101.49,180
593.31,255.91,90.77,101.49,180
590.19,247.78,90.77,101.49,180
538.89,235.46,90.77,101.49,180
506.98,225.12,90.77,101.49,180
503.85,216.94,90.77,93.875,180
483.04,207.36,90.77,93.875,180
521.2,200.01,90.77,93.875,180
526.5,199.5,90.77,93.875,180
592.34,200.1,90.77,93.875,180
757.39,201.78,90.77,93.875,180
703.74,216.28,90.77,93.875,180
644.85,217.04,90.77,93.875,180
477.5,208.57,90.77,93.875,180
519.18,194.17,90.77,93.875,180
481.63,190.67,90.77,93.875,180
550.78,186.55,90.77,93.875,180
449.19,174.37,90.77,93.875,180
435.7,166.7,90.77,93.875,180
441.38,159.17,90.77,93.875,180
467.27,168.22,90.77,93.875,180
525.96,185.3,90.77,93.875,180
568.71,201.62,90.77,93.875,180
732.34,222.74,90.77,93.875,180
611.25,231.57,90.77,93.875,180
602.74,229,90.77,93.875,180
568.21,223.12,90.77,93.875,180
533.81,208.38,90.77,93.875,180
510.88,208.1,90.77,93.875,180
493.23,193.3,90.77,93.875,180
510.67,191.92,90.77,93.875,180
519.26,186.01,90.77,93.875,180
534.14,182.98,90.77,93.875,180
598.25,186.06,90.77,93.875,180
759.43,184.97,90.77,93.875,180
749.26,185.93,90.77,93.875,180
592.13,183.62,90.77,93.875,180
483.79,163.45,90.77,93.875,180
455.75,140.33,90.77,93.875,180
459.45,123.17,90.77,93.875,180
522.7,114.65,90.77,93.875,180
443.9,86.18,90.77,93.875,180
431.77,78.5,90.77,93.875,180
445.32,93.26,90.77,93.875,180
472.79,113.6,90.77,93.875,180
493.58,155.8,90.77,93.875,180
610.59,196.04,90.77,93.875,180
733.23,234.6,90.77,93.875,180
603.62,238.99,90.77,93.875,180
633.54,238.35,90.77,93.875,180
684.26,225.91,90.77,93.875,180
588.48,217.9,90.77,93.875,180
560.97,209.08,90.77,93.875,180
552.2,199.21,90.77,94.918,180
560.48,196.07,90.77,94.918,180
561.6,191.11,90.77,94.918,180
564.3,193.68,90.77,94.918,180
597.92,210.72,90.77,94.918,180
775.03,240,90.77,94.918,180
707.97,256.23,90.77,94.918,180
620.3,250.04,90.77,94.918,180
489.96,219.21,90.77,94.918,180
459.75,199.95,90.77,94.918,180
460.55,194.39,90.77,94.918,180
532.08,185.51,90.77,94.918,180
472.96,183.46,90.77,94.918,180
458.42,179.55,90.77,94.918,180
490.51,183.94,90.77,94.918,180
478.28,190.63,90.77,94.918,180
503.18,220.93,90.77,94.918,180
555.76,247.97,90.77,94.918,180
731.16,280,90.77,94.918,180
617.93,280,90.77,94.918,180
656.22,250.44,90.77,94.918,180
621.23,237.08,90.77,94.918,180
603.56,204.25,90.77,94.918,180
588.89,216.41,90.77,94.918,180
593.37,205.61,90.77,88,180
590.51,184.72,90.77,88,180
595.42,169.98,90.77,88,180
601.84,167.73,90.77,88,180
594.27,187.06,90.77,88,180
571.81,224.08,90.77,88,180
546.94,237.95,90.77,88,180
637,232.72,90.77,88,180
612.31,210.25,90.77,88,180
598.11,185,90.77,88,180
525.01,165.46,90.77,88,180
665.34,106.9,90.77,88,180
529.91,88.44,90.77,88,180
457.31,78.65,90.77,88,180
470.41,88.49,90.77,88,180
457.31,113.58,90.77,88,180
475.51,184.43,90.77,88,180
523.51,209.78,90.77,88,180
677.73,234.92,90.77,88,180
530.51,239.95,90.77,88,180
559.81,236.96,90.77,88,180
535.11,229.09,90.77,88,180
552.21,201.49,90.77,88,180
490.38,207.15,90.77,88,180
480,192.8,90.77,84.058,180
474.91,185.5,90.77,84.058,180
476.28,179,90.77,84.058,180
483.64,179.46,90.77,84.058,180
504.07,185.72,90.77,84.058,180
520.03,216.37,90.77,84.058,180
518.21,233.22,90.77,84.058,180
566.6,224,90.77,84.058,180
513.11,200,90.77,84.058,180
559.31,148.46,90.77,84.058,180
504.21,95.19,90.77,84.058,180
561.84,70.1,90.77,84.058,180
453.81,25.23,90.77,84.058,180
450.31,3.74,90.77,84.058,180
424.41,31.26,90.77,84.058,180
451.31,79.05,90.77,84.058,180
494.71,117.6,90.77,84.058,180
499.71,184.18,90.77,84.058,180
683.23,219.3,90.77,84.058,180
518.51,221.93,90.77,84.058,180
529.61,220,90.77,84.058,180
523.98,206.01,90.77,84.058,180
509.52,192.93,90.77,84.058,180
524.77,149.9,90.77,84.058,180
507.54,145.01,90.77,84.575,180
507.75,140.01,90.77,84.575,180
522.72,145.66,90.77,84.575,180
514.39,148.91,90.77,84.575,180
492.78,172.42,90.77,84.575,180
454.99,211.94,90.77,84.575,180
463.11,230.56,90.77,84.575,180
599.9,223.46,90.77,84.575,180
566.71,189.21,90.77,84.575,180
555.01,144.04,90.77,84.575,180
556.71,122.63,90.77,84.575,180
587.54,98.46,90.77,84.575,180
460.01,82.38,90.77,84.575,180
466.91,82.3,90.77,84.575,180
459.21,98.74,90.77,84.575,180
484.01,137.32,90.77,84.575,180
499.31,183.91,90.77,84.575,180
514.31,213.69,90.77,84.575,180
659.73,233.5,90.77,84.575,180
491.61,241.77,90.77,84.575,180
541.01,233.17,90.77,84.575,180
494.61,224.32,90.77,84.575,180
522.61,205.56,90.77,84.575,180
514.91,210,90.77,84.575,180
533.71,202.71,90.77,96.188,180
522.91,189,90.77,96.188,180
528.51,174.74,90.77,96.188,180
529.23,176.26,90.77,96.188,180
522.31,203.2,90.77,96.188,180
498.41,226.93,90.77,96.188,180
475.71,242.74,90.77,96.188,180
550.7,242.29,90.77,96.188,180
565.91,225.1,90.77,96.188,180
583.11,180.04,90.77,96.188,180
535.11,122.95,89.26,96.188,180
608.04,89.81,88.75,96.188,180
500.51,60.5,88.75,96.188,180
480.31,25.66,88.75,96.188,180
475.01,29.8,88.75,96.188,180
459.91,49.1,88.75,96.188,180
552.11,113.7,88.75,96.188,180
583.01,188.59,88.75,96.188,180
734.23,220.77,88.75,96.188,180
584.51,231.09,88.75,96.188,180
611.01,229,88.75,96.188,180
574.21,220.36,88.75,96.188,180
505.81,196.57,88.75,96.188,180
476.01,181,88.75,96.188,180
475.06,158.66,88.75,91.051,180
480.65,150.01,88.75,91.051,180
499.85,133.9,88.75,91.051,180
512.59,155.18,88.75,91.051,180
541.7,168.99,88.75,91.051,180
688.31,184.07,88.75,91.051,180
694.41,194.3,88.75,91.051,180
597.1,184.94,88.75,91.051,180
466.81,160,88.75,91.051,180
430.51,124.05,88.75,91.051,180
431.51,89.46,88.75,91.051,180
508.24,76.46,88.75,91.051,180
427.81,20.11,88.75,91.051,180
415.41,6.28,88.75,91.051,180
424.61,55.98,88.75,91.051,180
432.61,89.4,88.75,91.051,180
498.81,162.02,88.75,91.051,180
517.21,206.38,88.75,91.051,180
730.83,225,88.75,91.051,180
549.82,240.04,88.75,91.051,180
631.13,241.87,88.75,91.051,180
518.71,239,88.75,91.051,180
494.07,224.15,88.75,91.051,180
458.18,214.91,88.75,91.051,180
449.83,196.35,88.75,91.051,180
459.22,185.43,88.75,91.051,180
466.61,174.15,88.75,91.051,180
501.12,170.17,88.75,91.051,180
530.05,170.25,88.75,91.051,180
672.87,162.92,88.75,91.051,180
643.71,158.57,88.75,91.051,180
576.37,154.98,88.75,91.051,180
454.22,110.6,88.75,91.051,180
469.32,95.98,88.75,91.051,180
451.8,90,88.75,91.051,180
525.74,75,88.75,91.051,180
495.12,45.35,88.75,91.051,180
416.11,20.15,88.75,91.051,180
431.51,39.58,88.75,91.051,180
429.81,76.21,88.75,91.051,180
474.11,133.33,88.75,91.051,180
559.41,199.74,88.75,91.051,180
742.13,226.11,88.75,91.051,180
602.02,230.57,88.75,91.051,180
561.99,226.18,88.75,91.051,180
538.49,219.57,88.75,91.051,180
500.23,200.5,88.75,91.051,180
473.88,180.18,88.75,91.051,180
454.46,169.06,88.75,91.894,180
456.86,169.13,88.75,91.894,180
470.96,169.89,88.75,91.894,180
483.54,169.53,88.75,91.894,180
518.24,182.04,88.75,91.894,180
677.56,229.95,88.75,91.894,180
683.72,248.08,88.75,91.894,180
586.88,251.09,88.75,91.894,180
473.94,231.08,88.75,91.894,180
483.11,210.62,88.75,91.894,180
468.99,199.68,88.75,91.894,180
522.04,185.34,88.75,91.894,180
449.21,182.33,88.75,91.894,180
414.21,185.39,88.75,91.894,180
442.71,186.26,88.75,91.894,180
454.31,203.27,88.75,91.894,180
512.51,219.17,88.75,91.894,180
577.91,245.74,88.75,91.894,180
702.13,276.31,88.75,91.894,180
602.45,275.36,88.75,91.894,180
580.61,259.9,88.75,91.894,180
527.25,240.2,88.75,91.894,180
486.74,208.38,88.75,91.894,180
451.91,203.39,88.75,91.894,180
435.78,195.94,88.75,92.624,180
450.01,189.1,88.75,92.624,180
467.3,185.05,88.75,92.624,180
487.38,189.2,88.75,92.624,180
539.9,202.24,88.75,92.624,180
701.88,236.7,88.75,92.624,180
745.76,264.89,88.75,92.624,180
610.22,274.17,88.75,92.624,180
519,244.91,88.75,92.624,180
500.28,231.99,88.75,92.624,180
496.21,216.29,88.75,92.624,180
583.14,208.09,88.75,92.624,180
509.69,197.46,88.75,92.624,180
460.21,189.24,88.75,92.624,180
439.71,187.97,88.75,92.624,180
476.91,204.12,88.75,92.624,180
526.71,237.13,88.75,92.624,180
550.61,251.82,88.75,92.624,180
755.93,290,88.75,92.624,180
616.01,298.21,88.75,92.624,180
615.68,265.88,88.75,92.624,180
646.7,245.46,88.75,92.624,180
576.21,208.73,88.75,92.624,180
559.7,206.47,88.75,92.624,180
524.71,187.89,88.75,92.99,180
538.18,176.23,88.75,92.99,180
548.56,170.98,88.75,92.99,180
551.73,173.48,88.75,92.99,180
585.86,179.61,88.75,92.99,180
717.62,219.95,88.75,92.99,180
730.49,247.6,88.75,92.99,180
633.96,241.29,88.75,92.99,180
524.8,211.07,88.75,92.99,180
467.71,179.17,88.75,92.99,180
458.81,174.9,88.75,92.99,180
526.34,179.94,88.75,92.99,180
489.11,177.03,88.75,92.99,180
443.61,176.71,88.75,92.99,180
449.71,178.9,88.75,92.99,180
499.31,194.94,88.75,92.99,180
490.81,216.84,88.75,92.99,180
527.21,241.2,88.75,92.99,180
684.73,286.99,88.75,92.99,180
534.61,280,88.75,92.99,180
572.41,245.88,88.75,92.99,180
610.53,225.73,88.75,92.99,180
567.98,194.47,88.75,92.99,180
530.96,196.96,88.75,92.99,180
523.14,185.01,88.75,93.894,180
522.14,179.94,88.75,93.894,180
541.43,176.27,88.75,93.894,180
557.1,177.98,88.75,93.894,180
547.31,185.06,88.75,93.894,180
519.72,222.33,88.75,93.894,180
520.07,250.04,88.75,93.894,180
612.8,249.31,88.75,93.894,180
597.01,229.93,88.75,93.894,180
604.21,198.22,88.75,93.894,180
595.11,183.99,88.75,93.894,180
608.64,182.96,88.75,93.894,180
495.21,180.8,88.75,93.894,180
526.71,176.2,88.75,93.894,180
494.61,185.09,88.75,93.894,180
481.31,198.96,88.75,93.894,180
487.01,224.02,88.75,93.894,180
501.51,232.99,88.75,93.894,180
612.43,269.27,88.75,93.894,180
496.21,273.4,88.75,93.894,180
497.21,253,88.75,93.894,180
514.68,234.38,88.75,93.894,180
497.15,213.31,88.75,93.894,180
470.95,211.1,88.75,93.894,180
454.6,195.98,88.75,90.38,180
444.33,189.56,88.75,90.38,180
460.8,188,88.75,90.38,180
481.85,189.56,88.75,90.38,180
437.96,208.62,88.75,90.38,180
431.72,237.24,88.75,90.38,180
438.44,263.32,88.75,90.38,180
561.64,250,88.75,90.38,180
523.81,224,88.75,90.38,180
561.41,204.97,88.75,90.38,180
566.81,201.6,83.05,90.38,180
613.24,197.4,81.15,90.38,180
471.11,190.07,81.15,90.38,180
463.61,185.33,81.15,90.38,180
467.71,189.26,81.15,90.38,180
451.91,190,81.15,90.38,180
527.61,216.3,81.15,90.38,180
565.11,227.7,81.15,90.38,180
763.73,230.99,81.15,90.38,180
595.91,231.03,81.15,90.38,180
539.06,218.03,81.15,90.38,180
511.8,205.27,81.15,90.38,180
480.08,176.3,81.15,90.38,180
488.89,134.15,81.15,90.38,180
449.5,125.3,81.15,85.862,180
459.38,96.29,81.15,85.862,180
474.13,94.66,81.15,85.862,180
473.93,91.76,81.15,85.862,180
517.53,90.01,81.15,85.862,180
669.58,105.14,81.15,85.862,180
704.39,118.9,81.15,85.862,180
544.1,110.8,81.15,85.862,180
454.71,83.93,81.15,85.862,180
458.01,74.99,81.15,85.862,180
457.01,14.19,81.15,85.862,180
531.44,0.48,81.15,85.862,180
442.41,-0.06,81.15,85.862,180
432.21,-0.09,81.15,85.862,180
436.65,0.01,81.15,85.862,180
453.48,11.01,81.15,85.862,180
503.78,81.49,81.15,85.862,180
596.77,161.27,81.15,85.862,180
686.96,201,81.15,85.862,180
569.96,219.32,81.15,85.862,180
577.08,228.11,81.15,85.862,180
577.04,223.85,81.15,85.862,180
489.82,214.18,81.15,85.862,180
466.66,186.58,81.15,85.862,180
472.28,179.4,81.15,85.862,180
490.81,172.5,81.15,85.862,180
496.93,170,81.15,85.862,180
504.04,171,81.15,85.862,180
516.36,169.91,81.15,85.862,180
667.18,166.96,81.15,85.862,180
671.09,166.88,81.15,85.862,180
549.2,160,81.15,85.862,180
453.61,149.96,81.15,85.862,180
450.11,138.29,81.15,85.862,180
422.41,138.25,81.15,85.862,180
512.54,136.95,81.15,85.862,180
436.71,109.92,81.15,85.862,180
410.71,101.4,81.15,85.862,180
420.11,103.7,81.15,85.862,180
450.51,133.19,81.15,85.862,180
485.31,156.62,81.15,85.862,180
581.81,195.29,81.15,85.862,180
761.29,213.37,81.15,85.862,180
558.27,225.55,81.15,85.862,180
546.27,227.9,81.15,85.862,180
552.58,219.91,81.15,85.862,180
523.24,191.24,81.15,85.862,180
513.46,175.89,81.15,85.862,180
486.35,164.57,81.15,86.503,180
487.91,158.75,81.15,86.503,180
492.52,155.07,81.15,86.503,180
500.88,158.2,81.15,86.503,180
520.78,172.54,81.15,86.503,180
704.39,202.7,81.15,86.503,180
691.45,224.96,81.15,86.503,180
585.01,230.02,81.15,86.503,180
496.82,220.97,81.15,86.503,180
503.47,217.19,81.15,86.503,180
485.93,202.68,81.15,86.503,180
519.82,188.88,81.15,86.503,180
417.61,171.73,81.15,86.503,180
428.04,171.63,81.15,86.503,180
416.98,170.88,81.15,86.503,180
427.66,175.25,81.15,86.503,180
491.37,197.1,81.15,86.503,180
537.95,214.03,81.15,86.503,180
717.21,214.94,81.15,86.503,180
542.01,210.07,81.15,86.503,180
616.93,190,81.15,86.503,180
609.78,179.91,81.15,86.503,180
531.35,147.35,81.15,86.503,180
511.22,92.07,81.15,86.503,180
499.39,82.85,81.15,80.55,180
495.49,81.77,81.15,80.55,180
510.79,96.24,81.15,80.55,180
520.02,107.4,81.15,80.55,180
575.74,155.95,81.15,80.55,180
734.4,188.91,81.15,80.55,180
711.38,210.29,81.15,80.55,180
610.37,209.14,81.15,80.55,180
486.4,193,81.15,80.55,180
462.46,180.05,81.15,80.55,180
440.77,163.36,81.15,80.55,180
521.03,150.5,81.15,80.55,180
432.53,137.56,81.15,80.55,180
455.4,124.5,81.15,80.55,180
427.08,149.99,81.15,80.55,180
447.39,162.47,81.15,80.55,180
493.52,171.43,81.15,80.55,180
573.66,198.38,81.15,80.55,180
707.04,212.98,81.15,80.55,180
554.73,219.99,81.15,80.55,180
570.29,220.3,81.15,80.55,180
550.8,211.91,81.15,80.55,180
501.71,189.64,81.15,80.55,180
491.52,190.73,81.15,80.55,180
511.17,180.06,81.15,80.479,180
507.38,170.51,81.15,80.479,180
518.77,167.92,81.15,80.479,180
533.18,169.9,81.15,80.479,180
549.94,178.14,81.15,80.479,180
683.23,211.11,81.15,80.479,180
686.09,230,81.15,80.479,180
563.29,227.88,81.15,80.479,180
467.11,207.21,81.15,80.479,180
461.21,174.26,81.15,80.479,180
424.01,168.98,81.15,80.479,180
519.84,161.83,81.15,80.479,180
465.51,145.17,81.15,80.479,180
452.71,137.78,81.15,80.479,180
439.01,124.06,81.15,80.479,180
466.01,124.08,81.15,80.479,180
487.61,151.69,81.15,80.479,180
507.41,166.32,81.15,80.479,180
640.83,192.77,81.15,80.479,180
498.3,210.13,81.15,80.479,180
499.09,211.95,81.15,80.479,180
545.22,192.26,81.15,80.479,180
505.01,165.17,81.15,80.479,180
503.29,132.39,81.15,80.479,180
477.71,82.68,81.15,80.546,180
488.8,82.19,81.15,80.546,180
500.84,77.02,81.15,80.546,180
501.3,84.73,81.15,80.546,180
485.5,84.8,81.15,80.546,180
466.41,77.09,81.15,80.546,180
494.13,77.04,81.15,80.546,180
583.42,51.85,81.15,80.546,180
564.6,7.37,81.15,80.546,180
548.9,1.96,81.15,80.546,180
571.94,0.07,81.15,80.546,180
616.78,0,81.15,80.546,180
511.16,-0.08,81.15,80.546,180
490.26,-4.4,81.15,80.546,180
481.56,-1.36,81.15,80.546,180
506.52,0.01,81.15,80.546,180
504.78,9.29,81.15,80.546,180
509.96,113.27,81.15,80.546,180
623.46,154.12,81.15,80.546,180
521.4,168.09,81.15,80.546,180
484.27,162.26,81.15,80.546,180
493.83,159.17,81.15,80.546,180
481.99,110.82,81.15,80.546,180
485.66,77.15,81.15,80.546,180
459.93,56.99,81.15,81.6,180
458.51,50.06,81.15,81.6,180
448.79,50.02,81.15,81.6,180
465.88,76.43,81.15,81.6,180
456.96,90.9,81.15,81.6,180
450.66,112.28,81.15,81.6,180
455.69,138.59,81.15,81.6,180
544.35,76.44,81.15,81.6,180
593.24,44.31,81.15,81.6,180
607.63,3.01,81.15,81.6,180
596.22,0.06,81.15,81.6,180
615.07,0.03,81.15,81.6,180
501.48,-0.1,81.15,81.6,180
496.65,-10.8,81.15,81.6,180
473.69,-7.36,81.15,81.6,180
525.85,-0.04,81.15,81.6,180
521.49,0.1,81.15,81.6,180
579.03,7.11,81.15,81.6,180
729.65,51.65,81.15,81.6,180
603.52,75.97,81.15,81.6,180
573.91,77.12,81.15,81.6,180
598.71,75.96,81.15,81.6,180
532.18,76.49,81.15,81.6,180
494.75,9.79,81.15,81.6,180
484.79,8.11,81.15,81.798,180
493.55,3.78,81.15,81.798,180
513.03,2.73,81.15,81.798,180
514.83,2.99,81.15,81.798,180
550.13,1.93,81.15,81.798,180
722.38,2.97,81.15,81.798,180
699.29,1.96,81.15,81.798,180
565.23,0.59,81.15,81.798,180
465.82,0.02,81.15,81.798,180
444.21,-0.05,81.15,81.798,180
443.91,-0.28,81.15,81.798,180
504.34,-1.36,81.15,81.798,180
446.01,-13.85,81.15,81.798,180
426.71,-10.01,81.15,81.798,180
426.41,-3.15,81.15,81.798,180
439.71,-0.03,81.15,81.798,180
485.81,12.56,81.15,81.798,180
548.61,79.44,81.15,81.798,180
683.33,135.46,81.15,81.798,180
566.31,158.33,81.15,81.798,180
558.66,164.37,81.15,81.798,180
558.98,170,81.15,81.798,180
500.97,158.08,81.15,81.798,180
456.31,162.11,81.15,81.798,180
470.18,141.28,81.15,81.798,180
467.66,140.79,81.15,81.798,180
472.14,138.37,81.15,81.798,180
475.58,140.04,81.15,81.798,180
507.78,141.32,81.15,81.798,180
634.13,133.8,81.15,81.798,180
634.11,138.37,81.15,81.798,180
575,140.15,81.15,81.798,180
449.51,140.08,81.15,81.798,180
430.11,140,81.15,81.798,180
430.41,145.06,81.15,81.798,180
508.64,141,81.15,81.798,180
425.61,133.49,81.15,81.798,180
435.41,123.78,81.15,81.798,180
417.01,121.59,81.15,81.798,180
453.41,120,81.15,81.798,180
502.41,150,81.15,81.798,180
514.41,179.56,81.15,81.798,180
686.73,201.38,81.15,81.798,180
538.91,214.94,81.15,81.798,180
535.75,224.97,81.15,81.798,180
538.73,225,81.15,81.798,180
490.23,214.96,81.15,81.798,180
421.36,203.9,81.15,81.798,180
410.63,194.72,81.15,82.59,180
410.95,192.65,81.15,82.59,180
412.89,184.5,81.15,82.59,180
411.76,182.92,81.15,82.59,180
444.27,195.74,81.15,82.59,180
603.93,230.68,81.15,82.59,180
670.81,257.95,81.15,82.59,180
562.5,260.27,81.15,82.59,180
461.51,232.92,81.15,82.59,180
443.21,230,81.15,82.59,180
461.01,229.77,81.15,82.59,180
525.14,215,81.15,82.59,180
429.21,207.5,81.15,82.59,180
434.91,201.28,81.15,82.59,180
466.21,202.29,81.15,82.59,180
447.41,210.9,81.15,82.59,180
503.21,225.7,81.15,82.59,180
498.71,241.36,81.15,82.59,180
689.13,291.14,81.15,82.59,180
577.51,295,81.15,82.59,180
522.71,266.46,81.15,82.59,180
497.91,243.68,81.15,82.59,180
492.91,227.5,81.15,82.59,180
442.03,200.91,81.15,82.59,180
441.55,183,81.15,87.14,180
450.89,179.62,81.15,87.14,180
461.04,177.02,81.15,87.14,180
479.26,180.01,81.15,87.14,180
523.98,195.99,81.15,87.14,180
634.21,228.68,81.15,87.14,180
639.51,247.77,81.15,87.14,180
547.7,243.14,81.15,87.14,180
455.81,225.9,81.15,87.14,180
442.61,200.63,81.15,87.14,180
424.31,193.91,81.15,87.14,180
489.84,192.27,81.15,87.14,180
406.91,184.07,81.15,87.14,180
417.81,182.54,81.15,87.14,180
429.71,182.08,81.15,87.14,180
440.51,182.38,81.15,87.14,180
468.41,200,81.15,87.14,180
536.31,234.97,81.15,87.14,180
679.53,255.02,81.15,87.14,180
605.21,258.67,81.15,87.14,180
529.52,247.51,81.15,87.14,180
550.69,240.01,81.15,87.14,180
497.18,227.98,81.15,87.14,180
494.67,220,81.15,87.14,180
489.81,207.45,81.15,90.344,180
506.28,199.09,81.15,90.344,180
519.42,182.53,81.15,90.344,180
521.17,182.28,81.15,90.344,180
520.93,198.95,81.15,90.344,180
633.13,230,81.15,90.344,180
630.19,249.68,81.15,90.344,180
550.5,246.36,81.15,90.344,180
481.91,228.82,81.15,90.344,180
463.61,211.8,81.15,90.344,180
425.01,206.6,81.15,90.344,180
512.04,189.77,81.15,90.344,180
450.21,184.86,81.15,90.344,180
449.51,184.86,81.15,90.344,180
447.51,180.04,81.15,90.344,180
486.91,181.6,81.15,90.344,180
473.21,199.71,81.15,90.344,180
466.41,229.92,81.15,90.344,180
653.93,251.98,81.15,90.344,180
506.61,257.71,81.15,90.344,180
523.51,262.6,81.15,90.344,180
479.67,250,81.15,90.344,180
457.44,230.33,81.15,90.344,180
421.72,191,81.15,90.344,180
407.72,175.04,81.15,80.803,180
401.34,169.33,81.15,80.803,180
408.98,161.96,81.15,80.803,180
407.14,165.05,81.15,80.803,180
393.98,171.7,81.15,80.803,180
409.56,209.65,81.15,80.803,180
432.71,223.1,81.15,80.803,180
558.3,218.13,81.15,80.803,180
558.61,190.26,81.15,80.803,180
535.11,173.81,81.15,80.803,180
540.21,167.5,81.15,80.803,180
554.84,162.51,81.15,80.803,180
488.51,152.8,81.15,80.803,180
439.71,150.4,81.15,80.803,180
450.31,154.8,81.15,80.803,180
503.81,164.86,81.15,80.803,180
493.51,174.74,81.15,80.803,180
527.81,218.05,81.15,80.803,180
641.53,230.65,81.15,80.803,180
485.51,238.97,81.15,80.803,180
469.11,228.94,81.15,80.803,180
489.01,229.78,81.15,80.803,180
449.19,209.87,81.15,80.803,180
419.14,177.61,81.15,80.803,180
398.11,163.13,81.15,80.803,180
418.32,157.41,81.15,80.803,180
432.12,159.62,81.15,80.803,180
422.49,161.7,81.15,80.803,180
408.35,169.94,81.15,80.803,180
393.21,209.83,81.15,80.803,180
422.11,225.11,81.15,80.803,180
542,217.18,81.15,80.803,180
504.21,197.12,81.15,80.803,180
561.81,179.97,81.15,80.803,180
526.11,161.85,81.15,80.803,180
538.24,161.67,81.15,80.803,180
474.21,150.23,81.15,80.803,180
453.41,151.96,81.15,80.803,180
442.31,155.14,81.15,80.803,180
447.71,163.09,81.15,80.803,180
485.01,195.41,81.15,80.803,180
554.81,216.31,81.15,80.803,180
700.83,225,81.15,80.803,180
603.81,221.83,81.15,80.803,180
535.11,212.86,81.15,80.803,180
536.31,211.96,81.15,80.803,180
447.31,183.16,81.15,80.803,180
398.41,175.81,81.15,80.803,180
391.79,167.97,81.15,80.803,180
393.62,166.92,81.15,80.803,180
394.54,157.05,81.15,80.803,180
394.78,155.5,81.15,80.803,180
423.4,156.01,81.15,80.803,180
584.51,159.8,81.15,80.803,180
600.01,169.86,81.15,80.803,180
540.4,180,81.15,80.803,180
434.91,178.5,81.15,80.803,180
433.31,163.33,81.15,80.803,180
460.61,139.98,81.15,80.803,180
511.24,135.14,81.15,80.803,180
425.21,114.28,81.15,80.803,180
399.01,94.86,81.15,80.803,180
414.61,118.99,81.15,80.803,180
428.81,141.42,81.15,80.803,180
497.81,158.92,81.15,80.803,180
523.61,179.83,81.15,80.803,180
661.33,199.03,81.15,80.803,180
542.51,209.24,81.15,80.803,180
529.51,198.98,81.15,80.803,180
511.41,199.06,81.15,80.803,180
479.68,179.36,81.15,80.803,180
424.11,165.52,81.15,80.803,180
436.13,157.23,81.15,80.771,180
462.31,149.57,81.15,80.771,180
477.17,136.88,81.15,80.771,180
487.79,136.04,81.15,80.771,180
523.9,128.04,81.15,80.771,180
680.91,127.27,81.15,80.771,180
659.61,133.65,81.15,80.771,180
629.4,136.28,81.15,80.771,180
477.61,142.65,81.15,80.771,180
461.81,141.36,81.15,80.771,180
455.21,143.62,81.15,80.771,180
514.14,132.5,81.15,80.771,180
437.61,90.36,81.15,80.771,180
418.41,98.31,81.15,80.771,180
444.81,121.95,81.15,80.771,180
442.11,132.03,81.15,80.771,180
504.81,150.02,81.15,80.771,180
536.11,163.03,81.15,80.771,180
637.33,168.8,81.15,80.771,180
562.11,169.44,81.15,80.771,180
549.11,166.36,81.15,80.771,180
551.11,169.22,81.15,80.771,180
552.11,137.74,81.15,80.771,180
551.21,103.4,81.15,80.771,180
521.89,90.86,81.15,80.739,180
526.89,82.07,81.15,80.739,180
515.92,88.02,81.15,80.739,180
482.21,85.05,81.15,80.739,180
491.01,88.08,81.15,80.739,180
482.01,90.06,81.15,80.739,180
471.41,94.22,81.15,80.739,180
544.2,84.05,81.15,80.739,180
528.71,57.05,81.15,80.739,180
599.31,30,81.15,80.739,180
592.81,11.06,81.15,80.739,180
593.64,0.1,81.15,80.739,180
521.61,-0.08,81.15,80.739,180
470.61,-0.59,81.15,80.739,180
438.91,-0.01,81.15,80.739,180
499.21,0.81,81.15,80.739,180
469.91,82.06,81.15,80.739,180
549.51,169.55,81.15,80.739,180
728.63,200,81.15,80.739,180
605.91,214.97,81.15,80.739,180
597.71,214.04,81.15,80.739,180
571.61,217.42,81.15,80.739,180
530.91,189.7,81.15,80.739,180
495.81,163.72,81.15,80.739,180
489.81,154.34,81.15,79.768,180
488.91,150.61,81.15,79.768,180
502.61,145.72,81.15,79.768,180
504.51,146.88,81.15,79.768,180
526.61,154.33,81.15,79.768,180
654.51,175.7,81.15,79.768,180
625.41,216.93,81.15,79.768,180
536.6,220.12,81.15,79.768,180
442.11,210.99,81.15,79.768,180
413.31,191,81.15,79.768,180
429.01,173.32,81.15,79.768,180
499.34,168.7,81.15,79.768,180
430.51,168.7,81.15,79.768,180
412.61,165.52,81.15,79.768,180
429.51,163.87,81.15,79.768,180
437.61,164.07,81.15,79.768,180
472.61,173.1,81.15,79.768,180
511.11,200,81.15,79.768,180
655.63,218.04,81.15,79.768,180
513.61,227.46,81.15,79.768,180
512.21,228.81,81.15,79.768,180
512.01,220.26,81.15,79.768,180
447.21,210.97,81.15,79.768,180
439.81,185.05,81.15,79.768,180
423.01,168.95,81.15,78.361,180
430.41,165.1,81.15,78.361,180
447.81,162.96,81.15,78.361,180
448.01,164.92,81.15,78.361,180
464.41,175,81.15,78.361,180
631.11,197.42,81.15,78.361,180
611.01,213.93,81.15,78.361,180
575.8,215.01,81.15,78.361,180
474.31,205.29,81.15,78.361,180
440.51,191,81.15,78.361,180
438.31,183.58,81.15,78.361,180
498.44,180.58,81.15,78.361,180
433.41,174.43,81.15,78.361,180
417.31,176.43,81.15,78.361,180
431.91,178.99,81.15,78.361,180
436.11,181.73,81.15,78.361,180
452.61,199.66,81.15,78.361,180
490.71,209.69,81.15,78.361,180
657.93,227.2,81.15,78.361,180
499.41,212.36,81.15,78.361,180
488.31,211.98,81.15,78.361,180
498.11,211,81.15,78.361,180
489.01,176.09,81.15,78.361,180
460.81,189.01,81.15,78.361,180
448.31,170.63,81.15,77.288,180
447.21,165,81.15,77.288,180
448.98,164.81,81.15,77.288,180
455.71,164.85,81.15,77.288,180
438.91,174.54,81.15,77.288,180
440.01,205.75,81.15,77.288,180
440.01,215.06,81.15,77.288,180
521,221.92,81.15,77.288,180
563.61,214.21,81.15,77.288,180
561.81,205.13,81.15,77.288,180
574.91,189.43,81.15,77.288,180
594.04,183.18,81.15,77.288,180
488.81,169.63,81.15,77.288,180
446.51,161.16,81.15,77.288,180
452.71,154.04,81.15,77.288,180
455.31,153.31,81.15,77.288,180
456.31,166.76,81.15,77.288,180
495.81,177.73,81.15,77.288,180
587.93,191.97,81.15,77.288,180
485.31,202.28,81.15,77.288,180
464.91,210.24,81.15,77.288,180
453.61,209.09,81.15,77.288,180
417.31,192.07,81.15,77.288,180
401.81,196.58,81.15,77.288,180
403.91,170,81.15,83.934,180
409,164.24,81.15,83.934,180
400.44,163.81,81.15,83.934,180
404.56,163.84,81.15,83.934,180
385.81,179.14,81.15,83.934,180
396.61,207.91,81.15,83.934,180
423.61,213.76,81.15,83.934,180
498.8,212.84,81.15,83.934,180
512.21,194.94,81.15,83.934,180
533.21,175.16,81.15,83.934,180
544.21,164.17,80.84,83.934,180
566.84,157.77,80.73,83.934,180
477.41,159.07,80.73,83.934,180
445.91,151.61,80.73,83.934,180
462.11,155.83,80.73,83.934,180
441.21,162.8,80.73,83.934,180
469.21,185.78,80.73,83.934,180
498.91,202.44,80.73,83.934,180
658.83,218.51,80.73,83.934,180
509.41,220.46,80.73,83.934,180
513.91,216.9,80.73,83.934,180
523.31,215.48,80.73,83.934,180
417.71,205.07,80.73,83.934,180
385.71,202.71,80.73,83.934,180
414.71,186.01,80.73,80.453,180
396.91,173.39,80.73,80.453,180
402.51,165.68,80.73,80.453,180
402.41,158.56,80.73,80.453,180
410.71,155.46,80.73,80.453,180
498.51,157.84,80.73,80.453,180
526.81,151.42,80.73,80.453,180
516.5,149,80.73,80.453,180
439.81,111.05,80.73,80.453,180
445.21,80.29,80.73,80.453,180
449.41,72.28,80.73,80.453,180
510.84,62.62,80.73,80.453,180
455.41,48.15,80.73,80.453,180
425.51,4.23,80.73,80.453,180
413.81,37.53,80.73,80.453,180
436.11,61.49,80.73,80.453,180
453.81,76.05,80.73,80.453,180
477.51,155.36,80.73,80.453,180
622.03,196.39,80.73,80.453,180
474.11,209.33,80.73,80.453,180
473.11,211.06,80.73,80.453,180
466.81,207.92,80.73,80.453,180
425.01,199,80.73,80.453,180
428.31,195,80.73,80.453,180
376.21,164.45,80.73,80.453,180
389.91,154.18,80.73,80.453,180
397.31,145.76,80.73,80.453,180
406.21,145.28,80.73,80.453,180
429.11,131.89,80.73,80.453,180
579.91,120.32,80.73,80.453,180
560.71,117.01,80.73,80.453,180
526.9,103.03,80.73,80.453,180
428.61,80.83,80.73,80.453,180
433.11,74.37,80.73,80.453,180
403.31,48.89,80.73,80.453,180
497.94,19.91,80.73,80.453,180
402.31,4.82,80.73,80.453,180
398.91,0.08,80.73,80.453,180
417.61,9.95,80.73,80.453,180
434.31,44.79,80.73,80.453,180
449.61,85.33,80.73,80.453,180
489.61,159.95,80.73,80.453,180
665.33,185.31,80.73,80.453,180
509.21,205.98,80.73,80.453,180
509.81,210.98,80.73,80.453,180
496.51,210,80.73,80.453,180
491.92,188.83,80.73,80.453,180
432.05,173.97,80.73,80.453,180
441.92,162.67,80.73,81.222,180
448.82,155.11,80.73,81.222,180
452.8,149.92,80.73,81.222,180
454.27,146.92,80.73,81.222,180
458.76,158.47,80.73,81.222,180
564.01,200.03,80.73,81.222,180
643.01,211.19,80.73,81.222,180
525.6,212.12,80.73,81.222,180
464.81,179.22,80.73,81.222,180
428.91,165.7,80.73,81.222,180
420.21,147.17,80.73,81.222,180
495.84,139.6,80.73,81.222,180
416.91,106.06,80.73,81.222,180
402.11,87.59,80.73,81.222,180
426.61,85.23,80.73,81.222,180
452.21,106.26,80.73,81.222,180
462.81,142.92,80.73,81.222,180
511.41,160.35,80.73,81.222,180
622.83,207.46,80.73,81.222,180
499.91,224.9,80.73,81.222,180
518.81,225.97,80.73,81.222,180
517.71,223.47,80.73,81.222,180
465.21,201.24,80.73,81.222,180
421.51,174.44,80.73,81.222,180
408.01,162.72,80.73,81.409,180
398.51,161.69,80.73,81.409,180
398.81,157.58,80.73,81.409,180
402.21,162.9,80.73,81.409,180
422.01,171,80.73,81.409,180
578.61,215.22,80.73,81.409,180
587.01,227.88,80.73,81.409,180
524.9,211.95,80.73,81.409,180
432.61,181.57,80.73,81.409,180
447.31,164.04,80.73,81.409,180
424.31,164.09,80.73,81.409,180
511.54,162.84,80.73,81.409,180
413.81,157.51,80.73,81.409,180
422.71,151.74,80.73,81.409,180
432.61,163.95,80.73,81.409,180
463.01,173.97,80.73,81.409,180
463.81,202.74,80.73,81.409,180
501.11,230.97,80.73,81.409,180
621.03,288.9,80.73,81.409,180
499.31,295.68,80.73,81.409,180
516.41,248.15,80.73,81.409,180
493.31,234.9,80.73,81.409,180
456.21,213.11,80.73,81.409,180
406.61,197.96,80.73,81.409,180
381.11,183.5,80.73,91.499,180
376.51,177.67,80.73,91.499,180
377.26,173.02,80.73,91.499,180
381.3,173.18,80.73,91.499,180
425.81,182.23,80.73,91.499,180
511.61,219.61,80.73,91.499,180
589.81,246.95,80.73,91.499,180
541,252.78,80.73,91.499,180
451.71,213.58,80.73,91.499,180
481.71,195.78,80.73,91.499,180
483.01,175.37,80.73,91.499,180
519.04,170.76,80.73,91.499,180
432.81,172.2,80.73,91.499,180
439.01,168.61,80.73,91.499,180
462.81,170.24,80.73,91.499,180
467.91,183.06,80.73,91.499,180
484.41,220.76,80.73,91.499,180
479.91,259.1,80.73,91.499,180
627.63,305.77,80.73,91.499,180
464.61,307.48,80.73,91.499,180
462.41,263.97,80.73,91.499,180
471.01,247.69,80.73,91.499,180
428.61,222.64,80.73,91.499,180
398.19,232.64,80.73,91.499,180
406.35,221.54,80.73,106.569,180
393.93,213.34,80.73,106.569,180
395.46,213.63,80.73,106.569,180
396.05,206.46,80.73,106.569,180
382.09,207.09,80.73,106.569,180
384.01,227.35,80.73,106.569,180
434.21,254.96,80.73,106.569,180
556.6,245,80.73,106.569,180
519.01,221.81,80.73,106.569,180
528.21,185.73,80.73,106.569,180
553.51,163.48,80.73,106.569,180
551.34,152.96,80.73,106.569,180
471.71,116.89,80.73,106.569,180
446.31,100,80.73,106.569,180
440.31,98.56,80.73,106.569,180
508.31,116.63,80.73,106.569,180
523.31,165.21,80.73,106.569,180
482.41,222.7,80.73,106.569,180
601.33,258.56,80.73,106.569,180
460.71,265.18,80.73,106.569,180
444.41,270.47,80.73,106.569,180
422.61,262.25,80.73,106.569,180
422.21,224.9,80.73,106.569,180
408.61,296.21,80.73,106.569,180
420.91,250.7,80.73,132.967,180
420.31,225.09,80.73,132.967,180
419.21,211.4,80.73,132.967,180
400.51,206.86,80.73,132.967,180
388.51,239.91,80.73,132.967,180
376.11,292.34,80.73,132.967,180
413.61,323.31,80.73,132.967,180
499.6,325.7,80.73,132.967,180
493.21,299.07,80.73,132.967,180
499.51,250.43,80.73,132.967,180
512.71,194.9,82.43,132.967,180
541.74,186.55,83,132.967,180
461.31,180.67,83,132.967,180
434.41,174.12,83,132.967,180
426.41,180.47,83,132.967,180
506.81,188.34,83,132.967,180
521.51,254.46,83,132.967,180
563.91,303.99,83,132.967,180
692.13,327.56,83,132.967,180
516.31,355.39,83,132.967,180
481.31,319.06,83,132.967,180
511.81,284.03,83,132.967,180
422.11,259.79,83,132.967,180
415.21,255.05,83,132.967,180
404.61,207.86,83,117.612,180
416.51,184.37,83,117.612,180
432.81,180.64,83,117.612,180
431.81,172.22,83,117.612,180
464.21,178.99,83,117.612,180
564.31,189.93,83,117.612,180
565.11,190.15,83,117.612,180
522.6,188.16,83,117.612,180
437.31,185.06,83,117.612,180
442.81,157.44,83,117.612,180
440.11,142.26,83,117.612,180
510.34,106.52,83,117.612,180
424.61,77.28,83,117.612,180
400.41,76.66,83,117.612,180
415.11,78.29,83,117.612,180
435.11,149.4,83,117.612,180
459.71,189.94,83,117.612,180
500.21,264.61,83,117.612,180
648.83,328.01,83,117.612,180
520.91,330.47,83,117.612,180
510.91,319.21,83,117.612,180
480.81,285.08,83,117.612,180
419.31,251.88,83,117.612,180
386.81,207.07,83,117.612,180
374.31,190,83,117.612,180
366.81,165.52,83,117.612,180
372.51,139.8,83,117.612,180
373.51,120.6,83,117.612,180
402.81,110.96,83,117.612,180
535.61,112.55,83,117.612,180
566.21,98.57,83,117.612,180
501.3,90.53,83,117.612,180
463.31,94.28,83,117.612,180
426.01,94.15,83,117.612,180
436.21,95.2,83,117.612,180
510.54,82.55,83,117.612,180
427.21,75,83,117.612,180
425.01,60.09,83,117.612,180
427.41,80.72,83,117.612,180
443.81,93.38,83,117.612,180
435.41,157.35,83,117.612,180
499.61,219.62,83,117.612,180
677.23,258.7,83,117.612,180
524.01,282.69,83,117.612,180
538.11,294.29,83,117.612,180
502.81,306.93,83,117.612,180
437.01,281.1,83,117.612,180
416.31,240.22,83,117.612,180
419.01,220.39,83,118.704,180
411.71,218.9,83,118.704,180
432.41,220.1,83,118.704,180
432.31,213.2,83,118.704,180
450.41,263.27,83,118.704,180
551.51,301.67,83,118.704,180
585.41,370.14,83,118.704,180
515.1,500,83,118.704,180
442.41,348.28,83,118.704,180
440.31,310.28,83,118.704,180
430.41,305.97,83,118.704,180
485.14,263.54,83,118.704,180
428.81,213.87,83,118.704,180
425.51,193.09,83,118.704,180
436.81,183.58,83,118.704,180
444.21,180.44,83,118.704,180
466.91,198.2,83,118.704,180
525.51,209.23,83,118.704,180
728.53,291.19,83,118.704,180
548.21,316.32,83,118.704,180
531.71,316.32,83,118.704,180
541.51,288.71,83,118.704,180
497.01,250.01,83,118.704,180
460.01,264.91,83,118.704,180
442.81,242.42,83,120.925,180
450.61,232.91,83,120.925,180
453.21,219.95,83,120.925,180
459.61,217.17,83,120.925,180
476.61,228.91,83,120.925,180
547.41,297.61,83,120.925,180
632.21,338.9,83,120.925,180
573.2,332.02,83,120.925,180
516.91,279.45,83,120.925,180
473.71,237.03,83,120.925,180
432.41,225.21,83,120.925,180
512.44,219.86,83,120.925,180
444.71,212.61,83,120.925,180
419.51,210.81,83,120.925,180
415.91,230.74,83,120.925,180
453.01,239.93,83,120.925,180
482.51,304.48,83,120.925,180
487.91,373.93,83,120.925,180
633.83,450.25,83,120.925,180
502.91,458.04,83,120.925,180
517.81,410.35,83,120.925,180
509.21,373.25,83,120.925,180
485.41,325.51,83,120.925,180
494.71,272.45,83,120.925,180
484.21,268.49,83,123.114,180
501.71,268.9,83,123.114,180
498.31,248.5,83,123.114,180
503.01,255.02,83,123.114,180
492.51,284.29,83,123.114,180
517.51,348.49,83,123.114,180
562.51,429.95,83,123.114,180
672.1,387.88,83,123.114,180
627.11,339.79,83,123.114,180
625.21,301.49,83,123.114,180
559.51,292.44,83,123.114,180
607.84,268.9,83,123.114,180
467.11,249.7,83,123.114,180
436.01,244.46,83,123.114,180
405.91,258.12,83,123.114,180
424.81,284.1,83,123.114,180
422.91,331.47,83,123.114,180
437.51,398.36,83,123.114,180
550.23,491.04,83,123.114,180
426.21,462.91,83,123.114,180
465.51,399.3,83,123.114,180
497.81,374.55,83,123.114,180
489.31,299.58,83,123.114,180
459.71,288.59,83,123.114,180
463.91,257.91,83,127.129,180
480.21,250.11,83,127.129,180
488.11,245.82,83,127.129,180
493.11,255.08,83,127.129,180
459.71,279.68,83,127.129,180
443.41,336.1,83,127.129,180
427.31,363.35,83,127.129,180
496,350.39,83,127.129,180
459.01,316.23,83,127.129,180
467.81,277.83,83,127.129,180
481.11,246.34,83,127.129,180
525.24,240.7,83,127.129,180
457.21,227.92,83,127.129,180
424.61,228,83,127.129,180
475.21,248.7,83,127.129,180
471.41,263.06,83,127.129,180
445.21,333.96,83,127.129,180
478.31,367.43,83,127.129,180
555.93,429.06,83,127.129,180
415.81,413.99,83,127.129,180
443.81,358.95,83,127.129,180
500.81,292.36,83,127.129,180
490.41,210.37,83,127.129,180
469.51,224.84,83,127.129,180
468.91,211.69,83,132.001,180
486.91,204.21,83,132.001,180
479.61,218.93,83,132.001,180
499.51,223.23,83,132.001,180
469.91,231.6,83,132.001,180
413.71,302.85,83,132.001,180
406.81,335.17,83,132.001,180
472.6,345.74,83,132.001,180
430.31,329.98,83,132.001,180
479.11,304.03,83,132.001,180
477.01,263.8,82.93,132.001,180
517.94,244.01,82.9,132.001,180
452.61,240.72,82.9,132.001,180
434.01,214.81,82.9,132.001,180
467.81,243.18,82.9,132.001,180
464.51,245.47,82.9,132.001,180
500.61,296.41,82.9,132.001,180
493.91,322,82.9,132.001,180
627.33,329.94,82.9,132.001,180
468.51,335.2,82.9,132.001,180
476.11,330.92,82.9,132.001,180
527.71,320,82.9,132.001,180
489.41,264.47,82.9,132.001,180
430.11,260.65,82.9,132.001,180
424.11,236.9,82.9,126.877,180
431.51,214.91,82.9,126.877,180
455.81,217.08,82.9,126.877,180
423.11,203.74,82.9,126.877,180
441.81,209.06,82.9,126.877,180
542.91,226.73,82.9,126.877,180
537.51,261.09,82.9,126.877,180
506.7,269.03,82.9,126.877,180
424.11,228.26,82.9,126.877,180
445.91,185.73,82.9,126.877,180
417.31,184.96,82.9,126.877,180
494.34,197.65,82.9,126.877,180
410.81,180.43,82.9,126.877,180
413.21,164.06,82.9,126.877,180
423.21,184.94,82.9,126.877,180
437.41,220.66,82.9,126.877,180
450.61,269.07,82.9,126.877,180
485.61,271.57,82.9,126.877,180
623.23,314.1,82.9,126.877,180
486.11,327.17,82.9,126.877,180
454.61,322.68,82.9,126.877,180
435.01,324.02,82.9,126.877,180
435.01,294.94,82.9,126.877,180
398.01,288.91,82.9,126.877,180
415.41,261.33,82.9,126.877,180
387.41,217.9,82.9,126.877,180
387.71,206.62,82.9,126.877,180
389.31,196.78,82.9,126.877,180
392.01,180.25,82.9,126.877,180
519.21,174.44,82.9,126.877,180
538.61,167.67,82.9,126.877,180
505.7,155.09,82.9,126.877,180
437.11,112.14,82.9,126.877,180
417.41,101.36,82.9,126.877,180
444.81,95,82.9,126.877,180
489.84,83.02,82.9,126.877,180
412.51,79.82,82.9,126.877,180
399.21,79.82,82.9,126.877,180
413.71,112.45,82.9,126.877,180
427.01,176.23,82.9,126.877,180
475.41,218.31,82.9,126.877,180
481.71,289.02,82.9,126.877,180
605.13,324.79,82.9,126.877,180
463.11,333.38,82.9,126.877,180
486.11,334.19,82.9,126.877,180
495.21,335.71,82.9,126.877,180
465.31,315.87,82.9,126.877,180
431.01,295.62,82.9,126.877,180
438.21,263.7,82.9,128.124,180
427.61,258.07,82.9,128.124,180
423.71,256.14,82.9,128.124,180
409.91,254.55,82.9,128.124,180
421.21,268.87,82.9,128.124,180
499.21,330.91,82.9,128.124,180
516.91,357.94,82.9,128.124,180
550.5,371.07,82.9,128.124,180
435.11,348.38,82.9,128.124,180
426.31,332.54,82.9,128.124,180
424.51,293.5,82.9,128.124,180
480.94,268,82.9,128.124,180
429.61,250.91,82.9,128.124,180
418.61,251.87,82.9,128.124,180
428.31,259.91,82.9,128.124,180
423.61,288.57,82.9,128.124,180
440.81,340.91,82.9,128.124,180
488.51,378.59,82.9,128.124,180
629.43,443.5,82.9,128.124,180
469.21,390.37,82.9,128.124,180
465.41,375.64,82.9,128.124,180
443.81,372.17,82.9,128.124,180
444.01,347.81,82.9,128.124,180
380.31,266.05,82.9,128.124,180
368.61,272.47,82.9,131.202,180
364.61,254.91,82.9,131.202,180
366.61,256.31,82.9,131.202,180
366.81,267.66,82.9,131.202,180
388.11,282.41,82.9,131.202,180
479.31,359.1,82.9,131.202,180
533.91,381.88,82.9,131.202,180
528.5,400.93,82.9,131.202,180
437.11,372.62,82.9,131.202,180
423.21,313.99,82.9,131.202,180
421.11,270.09,82.9,131.202,180
490.54,250.41,82.9,131.202,180
404.81,259.7,82.9,131.202,180
405.71,252.43,82.9,131.202,180
412.71,299,82.9,131.202,180
409.81,324.02,82.9,131.202,180
458.51,368.83,82.9,131.202,180
492.11,434.99,82.9,131.202,180
641.63,470.9,82.9,131.202,180
473.81,453.14,82.9,131.202,180
493.21,410.92,82.9,131.202,180
438.81,396.38,82.9,131.202,180
422.21,337.23,82.9,131.202,180
404.81,275.06,82.9,131.202,180
391.81,261.27,82.9,129.346,180
397.11,246.47,82.9,129.346,180
408.21,238,82.9,129.346,180
408.51,243.27,82.9,129.346,180
430.01,254.02,82.9,129.346,180
494.51,315.46,82.9,129.346,180
549.61,350.85,82.9,129.346,180
532.9,386.95,82.9,129.346,180
447.81,365.41,82.9,129.346,180
469.31,329.64,82.9,129.346,180
411.61,320.93,82.9,129.346,180
507.64,303.91,82.9,129.346,180
408.21,291.4,82.9,129.346,180
429.51,294.55,82.9,129.346,180
430.81,300.85,82.9,129.346,180
424.31,308.91,82.9,129.346,180
464.11,341.07,82.9,129.346,180
455.81,368.86,82.9,129.346,180
581.13,390.9,82.9,129.346,180
473.91,390,82.9,129.346,180
457.61,366.9,82.9,129.346,180
494.21,352.77,82.9,129.346,180
477.41,275.58,82.9,129.346,180
429.11,285.04,82.9,129.346,180
417.41,272.58,82.9,138.89,180
425.41,274.72,82.9,138.89,180
444.51,278,82.9,138.89,180
450.51,267.63,82.9,138.89,180
440.41,277.86,82.9,138.89,180
428.71,339.77,82.9,138.89,180
425.01,369.89,82.9,138.89,180
500,379.63,82.9,138.89,180
506.31,341.75,82.9,138.89,180
525.71,299.02,82.9,138.89,180
490.61,274.02,82.9,138.89,180
528.24,276.32,82.9,138.89,180
477.31,268.97,82.9,138.89,180
451.11,278.07,82.9,138.89,180
453.01,285.79,82.9,138.89,180
428.31,324.09,82.9,138.89,180
475.91,372.44,82.9,138.89,180
480.11,409.41,82.9,138.89,180
610.33,479,82.9,138.89,180
435.11,450,82.9,138.89,180
456.81,394.21,82.9,138.89,180
472.91,355.17,82.9,138.89,180
467.31,258.08,82.9,138.89,180
465.01,268.71,82.9,138.89,180
461.21,265.86,82.9,147.263,180
475.21,268.01,82.9,147.263,180
477.11,266.12,82.9,147.263,180
475.51,265.38,82.9,147.263,180
466.91,282.13,82.9,147.263,180
434.41,355.19,82.9,147.263,180
413.71,378.85,82.9,147.263,180
492.8,385.19,82.9,147.263,180
473.91,378,82.9,147.263,180
520.51,360.06,82.9,147.263,180
510.21,354.77,86.89,147.263,180
527.24,325.63,88.22,147.263,180
453.31,300.72,88.22,147.263,180
459.51,266.68,88.22,147.263,180
408.91,261.06,88.22,147.263,180
426.51,220.69,88.22,147.263,180
465.61,259.95,88.22,147.263,180
478.31,289.07,88.22,147.263,180
607.73,329.39,88.22,147.263,180
470.31,359.56,88.22,147.263,180
462.51,356.91,88.22,147.263,180
431.01,385,88.22,147.263,180
454.51,362.3,88.22,147.263,180
433.21,285.72,88.22,147.263,180
441.81,255,88.22,146.233,180
442.51,237.2,88.22,146.233,180
452.68,230.71,88.22,146.233,180
449.31,222.31,88.22,146.233,180
462.91,214.2,88.22,146.233,180
488.91,233.84,88.22,146.233,180
534.21,244.56,88.22,146.233,180
514.9,208.6,88.22,146.233,180
460.61,154.08,88.22,146.233,180
438.81,125,88.22,146.233,180
478.81,113.85,88.22,146.233,180
496.74,89.37,88.22,146.233,180
419.11,76.33,88.22,146.233,180
426.11,89.34,88.22,146.233,180
419.01,89.17,88.22,146.233,180
438.51,131.11,88.22,146.233,180
448.71,240.3,88.22,146.233,180
447.01,285.03,88.22,146.233,180
577.63,350,88.22,146.233,180
463.71,362.85,88.22,146.233,180
442.41,359.96,88.22,146.233,180
438.71,353.44,88.22,146.233,180
392.31,302.17,88.22,146.233,180
377.71,270.08,88.22,146.233,180
374.01,237.95,88.22,146.233,180
410.61,199.08,88.22,146.233,180
402.58,195.6,88.22,146.233,180
400.11,185.6,88.22,146.233,180
433.31,182.71,88.22,146.233,180
452.91,176.71,88.22,146.233,180
484.91,192.31,88.22,146.233,180
521.4,185.07,88.22,146.233,180
427.81,170.26,88.22,146.233,180
431.21,128.2,88.22,146.233,180
444.51,107.43,88.22,146.233,180
498.94,93.1,88.22,146.233,180
433.91,68.55,88.22,146.233,180
428.21,65.82,88.22,146.233,180
433.61,74.46,88.22,146.233,180
405.91,123.8,88.22,146.233,180
418.41,175.99,88.22,146.233,180
456.51,272.77,88.22,146.233,180
586.43,327,88.22,146.233,180
438.11,340.1,88.22,146.233,180
450.71,348.43,88.22,146.233,180
431.21,348.45,88.22,146.233,180
426.51,333.06,88.22,146.233,180
390.41,319.65,88.22,146.233,180
386.71,277.83,88.22,146.617,180
411.28,265.16,88.22,146.617,180
375.04,254.35,88.22,146.617,180
385.48,258.03,88.22,146.617,180
405.91,302.44,88.22,146.617,180
464.31,361.88,88.22,146.617,180
538.51,376,88.22,146.617,180
493.2,385.17,88.22,146.617,180
452.91,366,88.22,146.617,180
462.81,291.7,88.22,146.617,180
403.11,221.3,88.22,146.617,180
494.34,181.8,88.22,146.617,180
409.31,184.36,88.22,146.617,180
404.81,172.35,88.22,146.617,180
400.91,171.19,88.22,146.617,180
392.31,182.64,88.22,146.617,180
430.51,211.1,88.22,146.617,180
448.91,329.99,88.22,146.617,180
580.53,379.62,88.22,146.617,180
441.21,398.72,88.22,146.617,180
455.81,385.52,88.22,146.617,180
428.41,396.92,88.22,146.617,180
412.81,379.64,88.22,146.617,180
409.31,359.96,88.22,146.617,180
413.91,319.24,88.22,162.411,180
398.41,309.33,88.22,162.411,180
390.51,301.08,88.22,162.411,180
410.11,299.91,88.22,162.411,180
403.31,324.82,88.22,162.411,180
467.31,380.47,88.22,162.411,180
501.81,412.59,88.22,162.411,180
500.7,409.61,88.22,162.411,180
432.11,338.68,88.22,162.411,180
430.11,283.72,88.22,162.411,180
408.01,286.6,88.22,162.411,180
484.14,243.95,88.22,162.411,180
403.31,227.94,88.22,162.411,180
407.81,210.95,88.22,162.411,180
399.51,213.06,88.22,162.411,180
424.41,237.8,88.22,162.411,180
417.71,301.14,88.22,162.411,180
459.11,336.25,88.22,162.411,180
587.03,363.98,88.22,162.411,180
445.81,370,88.22,162.411,180
449.41,370.4,88.22,162.411,180
422.71,378.29,88.22,162.411,180
422.31,361.16,88.22,162.411,180
393.71,351.39,88.22,162.411,180
386.91,309.3,88.22,170.708,180
414.91,293.84,88.22,170.708,180
412.01,280.18,88.22,170.708,180
390.81,299.44,88.22,170.708,180
407.91,322.79,88.22,170.708,180
453.81,389.83,88.22,170.708,180
481.21,413.89,88.22,170.708,180
524.5,406.93,88.22,170.708,180
443.01,355.89,88.22,170.708,180
437.41,287.9,88.22,170.708,180
423.41,265.29,88.22,170.708,180
491.54,230.68,88.22,170.708,180
422.41,204.77,88.22,170.708,180
409.91,172.44,88.22,170.708,180
402.81,163.21,88.22,170.708,180
413.51,180.04,88.22,170.708,180
423.21,239.08,88.22,170.708,180
426.31,313.06,88.22,170.708,180
568.23,376.09,88.22,170.708,180
430.71,387.46,88.22,170.708,180
430.31,381.59,88.22,170.708,180
407.01,379.91,88.22,170.708,180
391.31,279.85,88.22,170.708,180
392.01,267.5,88.22,170.708,180
369.51,209,88.22,166.69,180
369.61,195.77,88.22,166.69,180
377.11,189.58,88.22,166.69,180
375.51,186.88,88.22,166.69,180
369.11,190.77,88.22,166.69,180
386.11,223.6,88.22,166.69,180
388.81,282.38,88.22,166.69,180
483.1,296.72,88.22,166.69,180
444.01,256,88.22,166.69,180
469.01,235.48,88.22,166.69,180
452.01,220,88.22,166.69,180
538.84,201.99,88.22,166.69,180
417.51,190.48,88.22,166.69,180
446.21,165.62,88.22,166.69,180
411.61,159.07,88.22,166.69,180
400.11,155.02,88.22,166.69,180
391.51,169.68,88.22,166.69,180
416.91,179.01,88.22,166.69,180
559.23,197.23,88.22,166.69,180
429.71,242.42,88.22,166.69,180
445.71,258.96,88.22,166.69,180
395.21,246.15,88.22,166.69,180
396.81,197.94,88.22,166.69,180
390.81,200.08,88.22,166.69,180
404.91,224.05,88.22,183.585,180
410.61,228.55,88.22,183.585,180
398.91,227.26,88.22,183.585,180
389.11,210.33,88.22,183.585,180
389.61,248.33,88.22,183.585,180
381.51,371.95,88.22,183.585,180
383.61,418.92,88.22,183.585,180
472,420.67,88.22,183.585,180
450.91,351.7,88.22,183.585,180
446.31,318.59,88.22,183.585,180
468.31,272.28,84.03,183.585,180
506.64,215.05,82.63,183.585,180
442.01,210.59,82.63,183.585,180
411.51,178.56,82.63,183.585,180
393.61,207.56,82.63,183.585,180
406.01,210.02,82.63,183.585,180
406.41,258.71,82.63,183.585,180
439.51,319.26,82.63,183.585,180
587.73,387.92,82.63,183.585,180
454.81,410.89,82.63,183.585,180
461.11,422.59,82.63,183.585,180
412.31,416.11,82.63,183.585,180
404.81,372,82.63,183.585,180
392.81,350,82.63,183.585,180
405.51,283.47,82.63,177.326,180
395.31,221.32,82.63,177.326,180
396.21,216.81,82.63,177.326,180
398.81,203.12,82.63,177.326,180
393.51,209.86,82.63,177.326,180
416.91,241.95,82.63,177.326,180
436.81,247.14,82.63,177.326,180
508.5,241.43,82.63,177.326,180
444.01,179.83,82.63,177.326,180
434.01,154.72,82.63,177.326,180
425.31,136.51,82.63,177.326,180
496.64,93.54,82.63,177.326,180
421.41,74.35,82.63,177.326,180
403.21,21.94,82.63,177.326,180
408.71,11.94,82.63,177.326,180
433.01,16.03,82.63,177.326,180
409.11,64.84,82.63,177.326,180
437.41,90.02,82.63,177.326,180
579.03,94.98,82.63,177.326,180
415.91,100.86,82.63,177.326,180
437.91,100.59,82.63,177.326,180
415.61,120.16,82.63,177.326,180
400.91,79.89,82.63,177.326,180
395.21,77.12,82.63,177.326,180
373.41,49.32,82.63,177.326,180
363.61,50.03,82.63,177.326,180
364.71,31.39,82.63,177.326,180
371.21,63.31,82.63,177.326,180
374.31,58.57,82.63,177.326,180
414.11,67.67,82.63,177.326,180
438.31,41.89,82.63,177.326,180
489.1,36.75,82.63,177.326,180
445.81,30.01,82.63,177.326,180
411.01,30.08,82.63,177.326,180
417.81,49.77,82.63,177.326,180
491.94,20,82.63,177.326,180
421.21,19.14,82.63,177.326,180
394.51,11.85,82.63,177.326,180
401.41,21.31,82.63,177.326,180
419.31,40.29,82.63,177.326,180
420.41,77.11,82.63,177.326,180
430.81,157.13,82.63,177.326,180
568.03,322.13,82.63,177.326,180
437.31,369.9,82.63,177.326,180
433.91,378.07,82.63,177.326,180
433.21,389.17,82.63,177.326,180
421.71,371.92,82.63,177.326,180
400.71,320.08,82.63,177.326,180
376.21,278,82.63,178.569,180
375.71,275.96,82.63,178.569,180
393.11,269.27,82.63,178.569,180
392.81,272.15,82.63,178.569,180
392.31,298,82.63,178.569,180
431.01,395.95,82.63,178.569,180
449.31,415.08,82.63,178.569,180
501,433.97,82.63,178.569,180
420.11,416.32,82.63,178.569,180
419.21,404.98,82.63,178.569,180
436.11,396.9,82.63,178.569,180
481.34,380.42,82.63,178.569,180
427.21,369.28,82.63,178.569,180
412.91,333.76,82.63,178.569,180
398.71,332.61,82.63,178.569,180
423.01,319.82,82.63,178.569,180
404.61,375.48,82.63,178.569,180
408.51,405,82.63,178.569,180
566.03,458.03,82.63,178.569,180
435.91,469.9,82.63,178.569,180
431.31,452.12,82.63,178.569,180
421.51,450.05,82.63,178.569,180
455.01,419.15,82.63,178.569,180
394.21,395.49,82.63,178.569,180
401.31,349.57,82.63,169.884,180
391.71,330.04,82.63,169.884,180
395.61,331.5,82.63,169.884,180
397.11,334.34,82.63,169.884,180
399.41,362.1,82.63,169.884,180
414.71,419.64,82.63,169.884,180
460.21,453.66,82.63,169.884,180
480.9,448.9,82.63,169.884,180
420.31,382.42,82.63,169.884,180
412.11,328.74,82.63,169.884,180
407.81,338.32,82.63,169.884,180
481.54,297.47,82.63,169.884,180
406.81,260.07,82.63,169.884,180
406.51,262.23,82.63,169.884,180
398.81,287.22,82.63,169.884,180
403.81,314.81,82.63,169.884,180
411.61,395.9,82.63,169.884,180
406.31,429.08,82.63,169.884,180
558.23,481.59,82.63,169.884,180
420.31,506.69,82.63,169.884,180
435.91,480,82.63,169.884,180
417.51,470,82.63,169.884,180
406.41,404.09,82.63,169.884,180
387.21,416.05,82.63,169.884,180
364.71,365.61,82.63,173.908,180
371.91,325.34,82.63,173.908,180
384.31,339.99,82.63,173.908,180
377.31,325.04,82.63,173.908,180
380.61,332.22,82.63,173.908,180
404.31,411.97,82.63,173.908,180
419.61,435,82.63,173.908,180
483.1,456.57,82.63,173.908,180
453.41,423.14,82.63,173.908,180
436.31,365.76,82.63,173.908,180
421.31,350.25,82.63,173.908,180
483.04,273.05,82.63,173.908,180
397.61,246.1,82.63,173.908,180
392.61,190.02,82.63,173.908,180
408.01,183.63,82.63,173.908,180
403.31,211.39,82.63,173.908,180
400.31,294.48,82.63,173.908,180
425.01,370.44,82.63,173.908,180
545.53,431.7,82.63,173.908,180
452.31,448.22,82.63,173.908,180
419.91,446.34,82.63,173.908,180
431.61,435.93,82.63,173.908,180
402.31,373.57,82.63,173.908,180
384.91,400.44,82.63,173.908,180
384.71,378.06,82.63,182.356,180
362.01,345.47,82.63,182.356,180
361.91,334.1,82.63,182.356,180
361.91,335.01,82.63,182.356,180
362.11,371.63,82.63,182.356,180
374.81,421.32,82.63,182.356,180
380.51,433.31,82.63,182.356,180
456.1,434.07,82.63,182.356,180
432.61,419.94,82.63,182.356,180
453.91,379.9,82.63,182.356,180
430.31,355.93,82.63,182.356,180
479.34,301.49,82.63,182.356,180
402.91,274.85,82.63,182.356,180
390.91,239.44,82.63,182.356,180
382.91,254.96,82.63,182.356,180
396.91,282.6,82.63,182.356,180
409.21,346.37,82.63,182.356,180
430.91,394.63,82.63,182.356,180
550.13,420.92,82.63,182.356,180
437.51,436.27,82.63,182.356,180
441.81,433.93,82.63,182.356,180
389.71,422.39,82.63,182.356,180
399.01,400.04,82.63,182.356,180
380.41,350,82.63,182.356,180
365.81,320.07,82.63,176.314,180
367.11,298.49,82.63,176.314,180
364.81,305.01,82.63,176.314,180
364.61,307.55,82.63,176.314,180
363.81,330,82.63,176.314,180
367.41,404.9,82.63,176.314,180
380.41,429.92,82.63,176.314,180
463.4,416.65,82.63,176.314,180
424.31,334.06,82.63,176.314,180
433.01,262.45,82.63,176.314,180
416.01,243.92,83.44,176.314,180
502.14,218.1,83.71,176.314,180
401.11,190,83.71,176.314,180
403.81,191.8,83.71,176.314,180
399.91,222.15,83.71,176.314,180
393.91,225.39,83.71,176.314,180
424.91,335.35,83.71,176.314,180
411.91,409.07,83.71,176.314,180
558.13,421.86,83.71,176.314,180
434.21,430.45,83.71,176.314,180
441.91,433.99,83.71,176.314,180
442.21,432.89,83.71,176.314,180
398.21,404.09,83.71,176.314,180
379.81,384.91,83.71,176.314,180
370.01,349.96,83.71,161.715,180
360.31,289.8,83.71,161.715,180
368.51,252.86,83.71,161.715,180
367.31,236.19,83.71,161.715,180
374.11,233.1,83.71,161.715,180
400.81,211.55,83.71,161.715,180
408.41,199.74,83.71,161.715,180
461.1,139.93,83.71,161.715,180
412.61,52.49,83.71,161.715,180
440.31,35.53,83.71,161.715,180
438.91,1.07,83.71,161.715,180
484.34,0.07,83.71,161.715,180
392.91,-0.05,83.71,161.715,180
395.11,-0.1,83.71,161.715,180
391.81,0,83.71,161.715,180
397.01,1.03,83.71,161.715,180
390.51,31.66,83.71,161.715,180
416.91,143.75,83.71,161.715,180
531.53,264.3,83.71,161.715,180
402.91,334.25,83.71,161.715,180
421.21,344.13,83.71,161.715,180
427.21,357.55,83.71,161.715,180
411.11,331.77,83.71,161.715,180
380.71,290.06,83.71,161.715,180
364.41,240.8,83.71,161.715,180
361.91,200.64,83.71,161.715,180
363.81,192.63,83.71,161.715,180
363.71,193.81,83.71,161.715,180
369.41,190.46,83.71,161.715,180
400.81,195.02,83.71,161.715,180
407.51,190.14,83.71,161.715,180
453.5,189.51,83.71,161.715,180
429.51,164,83.71,161.715,180
403.21,115.77,83.71,161.715,180
399.21,110.21,83.71,161.715,180
468.24,87.59,83.71,161.715,180
390.51,72.92,83.71,161.715,180
373.21,40.02,83.71,161.715,180
383.61,83.42,83.71,161.715,180
380.61,109.3,83.71,161.715,180
397.91,200.89,83.71,161.715,180
403.21,344.42,83.71,161.715,180
524.13,415.01,83.71,161.715,180
423.31,426.4,83.71,161.715,180
408.91,434.95,83.71,161.715,180
407.61,430.02,83.71,161.715,180
385.31,406.57,83.71,161.715,180
367.01,389.77,83.71,161.715,180
361.71,328.49,83.71,161.951,180
357.41,299.23,83.71,161.951,180
355.11,282.44,83.71,161.951,180
360.41,287.08,83.71,161.951,180
363.01,305.11,83.71,161.951,180
385.01,393.11,83.71,161.951,180
403.31,424.94,83.71,161.951,180
435.1,401.82,83.71,161.951,180
422.31,373.93,83.71,161.951,180
387.61,324.03,83.71,161.951,180
391.91,303.44,83.71,161.951,180
454.64,291.35,83.71,161.951,180
381.91,271.57,83.71,161.951,180
372.91,277.89,83.71,161.951,180
373.31,279.97,83.71,161.951,180
393.61,386.25,83.71,161.951,180
383.61,455.42,83.71,161.951,180
399.91,512.56,83.71,161.951,180
541.13,637.64,83.71,161.951,180
393.21,679.54,83.71,161.951,180
402.91,600,83.71,161.951,180
392.21,530.13,83.71,161.951,180
398.61,469.86,83.71,161.951,180
381.01,402.46,83.71,161.951,180
359.71,368.99,83.71,159.589,180
358.09,336.39,83.71,159.589,180
359.27,325.24,83.71,159.589,180
365.62,318.72,83.71,159.589,180
358.91,350.98,83.71,159.589,180
383.91,440,83.71,159.589,180
398.91,483.43,83.71,159.589,180
438.5,452.95,83.71,159.589,180
403.01,385.6,83.71,159.589,180
402.01,364.07,83.71,159.589,180
392.31,342.88,83.71,159.589,180
467.04,344.33,83.71,159.589,180
401.31,339.53,83.71,159.589,180
383.01,322.72,83.71,159.589,180
385.01,348.17,83.71,159.589,180
404.31,380.01,83.71,159.589,180
393.31,443.42,83.71,159.589,180
386.31,484.1,83.71,159.589,180
537.83,581.25,83.71,159.589,180
406.61,570.05,83.71,159.589,180
397.61,466.15,83.71,159.589,180
418.61,392.7,83.71,159.589,180
386.61,285.91,83.71,159.589,180
365.71,268.35,83.71,159.589,180
362.71,241.92,83.71,158.329,180
362.41,234.63,83.71,158.329,180
354.71,236.89,83.71,158.329,180
357.01,235.99,83.71,158.329,180
358.51,280.09,83.71,158.329,180
380.91,377.03,83.71,158.329,180
394.61,425.07,83.71,158.329,180
438.8,394.46,83.71,158.329,180
412.01,334.09,83.71,158.329,180
409.71,299.15,83.71,158.329,180
387.71,230.98,83.71,158.329,180
466.74,228.72,83.71,158.329,180
376.71,235.91,83.71,158.329,180
388.71,238.46,83.71,158.329,180
388.71,287.4,83.71,158.329,180
381.71,319.97,83.71,158.329,180
386.71,380.32,83.71,158.329,180
399.71,439.1,83.71,158.329,180
522.93,513.99,83.71,158.329,180
401.41,526.26,83.71,158.329,180
390.01,467.73,83.71,158.329,180
396.01,413.57,83.71,158.329,180
379.41,374.83,83.71,158.329,180
370.81,336,83.71,158.329,180
361.48,328.74,83.71,156.781,180
362.37,332.29,83.71,156.781,180
360.84,335.67,83.71,156.781,180
361.85,327.24,83.71,156.781,180
361.41,334,83.71,156.781,180
362.01,436.95,83.71,156.781,180
363.11,493.88,83.71,156.781,180
458.6,488.31,83.71,156.781,180
434.11,462.98,83.71,156.781,180
432.11,431.95,83.71,156.781,180
409.41,381.09,83.71,156.781,180
480.84,346.06,83.71,156.781,180
385.11,319.96,83.71,156.781,180
382.51,314.82,83.71,156.781,180
372.11,307.94,83.71,156.781,180
382.81,337.08,83.71,156.781,180
404.11,346.19,83.71,156.781,180
401.11,427.87,83.71,156.781,180
552.93,488.71,83.71,156.781,180
403.41,515.45,83.71,156.781,180
395.41,495.18,83.71,156.781,180
382.01,513.29,83.71,156.781,180
380.41,419.96,83.71,156.781,180
374.93,372.69,83.71,156.781,180
363.07,334.1,83.71,151.333,180
361.07,333.41,83.71,151.333,180
361.19,327.35,83.71,151.333,180
357.46,328.25,83.71,151.333,180
352.91,336.95,83.71,151.333,180
355.61,409.88,83.71,151.333,180
364.21,450.9,83.71,151.333,180
430,436.92,83.71,151.333,180
402.21,409.4,83.71,151.333,180
411.51,342.65,83.71,151.333,180
421.81,334.03,79.47,151.333,180
476.24,307.56,78.06,151.333,180
380.81,274.04,78.06,151.333,180
386.21,275.57,78.06,151.333,180
388.91,300.99,78.06,151.333,180
392.91,301.09,78.06,151.333,180
382.21,391.04,78.06,151.333,180
426.21,450.56,78.06,151.333,180
542.03,479.99,78.06,151.333,180
434.81,480.9,78.06,151.333,180
410.51,494.6,78.06,151.333,180
416.21,461.04,78.06,151.333,180
403.21,424.92,78.06,151.333,180
376.91,404.56,78.06,151.333,180
355.31,344.67,78.06,161.078,180
355.31,351.99,78.06,161.078,180
355.31,337.01,78.06,161.078,180
352.4,332.04,78.06,161.078,180
360.31,331.27,78.06,161.078,180
374.01,337.03,78.06,161.078,180
409.01,333.12,78.06,161.078,180
465.8,343.78,78.06,161.078,180
395.31,350.96,78.06,161.078,180
405.91,337.02,78.06,161.078,180
394.21,307.36,78.06,161.078,180
472.24,285.06,78.06,161.078,180
388.81,242.73,78.06,161.078,180
372.51,183.97,78.06,161.078,180
374.51,185.45,78.06,161.078,180
385.21,226.44,78.06,161.078,180
389.51,285.03,78.06,161.078,180
401.41,336.02,78.06,161.078,180
547.93,372.87,78.06,161.078,180
410.41,402.15,78.06,161.078,180
404.41,405.61,78.06,161.078,180
406.41,396.9,78.06,161.078,180
387.81,366.61,78.06,161.078,180
373.93,393.26,78.06,161.078,180
361.35,379.24,78.06,161.078,180
360.2,355.06,78.06,161.078,180
361.67,331,78.06,161.078,180
362.8,316.18,78.06,161.078,180
365.21,302.82,78.06,161.078,180
370.11,272.76,78.06,161.078,180
394.21,260.93,78.06,161.078,180
456.7,222.42,78.06,161.078,180
401.21,162.89,78.06,161.078,180
405.51,149.99,78.06,161.078,180
400.51,100.16,78.06,161.078,180
462.54,71.72,78.06,161.078,180
381.81,58.48,78.06,161.078,180
383.81,48.77,78.06,161.078,180
375.51,64.4,78.06,161.078,180
397.21,120.06,78.06,161.078,180
400.21,255.88,78.06,161.078,180
401.21,355.02,78.06,161.078,180
530.73,390.4,78.06,161.078,180
405.81,418.85,78.06,161.078,180
412.81,433.15,78.06,161.078,180
399.51,417.16,78.06,161.078,180
396.81,374.48,78.06,161.078,180
367.21,346.4,78.06,161.078,180
355.91,276.76,78.06,161.864,180
354.91,264.97,78.06,161.864,180
354.31,266.03,78.06,161.864,180
353.61,261.71,78.06,161.864,180
363.31,286.29,78.06,161.864,180
377.71,375.08,78.06,161.864,180
401.31,410.14,78.06,161.864,180
448.1,412.34,78.06,161.864,180
404.91,350.64,78.06,161.864,180
422.91,295.58,78.06,161.864,180
405.51,265.25,78.06,161.864,180
463.24,235.09,78.06,161.864,180
384.51,231.32,78.06,161.864,180
391.21,222.45,78.06,161.864,180
383.21,203.61,78.06,161.864,180
384.51,259.43,78.06,161.864,180
396.51,266.29,78.06,161.864,180
394.51,333.55,78.06,161.864,180
540.73,379.2,78.06,161.864,180
415.11,383.81,78.06,161.864,180
396.11,386.86,78.06,161.864,180
411.41,391.69,78.06,161.864,180
395.81,330.98,78.06,161.864,180
368.21,330.38,78.06,161.864,180
357.91,316.03,78.06,169.55,180
353.61,276.85,78.06,169.55,180
352.31,292.79,78.06,169.55,180
355.61,300.31,78.06,169.55,180
354.61,346.94,78.06,169.55,180
371.31,408.23,78.06,169.55,180
387.21,454.37,78.06,169.55,180
447,391.64,78.06,169.55,180
404.81,293.5,78.06,169.55,180
405.81,235.59,78.06,169.55,180
396.81,262.81,78.06,169.55,180
454.54,200.01,78.06,169.55,180
393.81,188.58,78.06,169.55,180
393.51,183.1,78.06,169.55,180
385.21,179.58,78.06,169.55,180
393.51,190.16,78.06,169.55,180
389.81,264.3,78.06,169.55,180
396.81,350.01,78.06,169.55,180
528.33,432.55,78.06,169.55,180
410.41,438.97,78.06,169.55,180
399.71,447.5,78.06,169.55,180
404.71,437.28,78.06,169.55,180
396.01,376.27,78.06,169.55,180
371.21,405,78.06,169.55,180
360.61,351.19,78.06,196.615,180
358.91,347.08,78.06,196.615,180
355.81,349.99,78.06,196.615,180
359.41,348.33,78.06,196.615,180
361.91,377.14,78.06,196.615,180
374.81,460,78.06,196.615,180
390.81,499.94,78.06,196.615,180
463.6,492.41,78.06,196.615,180
402.21,434.99,78.06,196.615,180
402.61,425.61,78.06,196.615,180
396.61,418.4,78.06,196.615,180
474.04,389.92,78.06,196.615,180
384.71,348.89,78.06,196.615,180
400.41,337.95,78.06,196.615,180
384.11,353.31,78.06,196.615,180
388.51,371.24,78.06,196.615,180
393.41,429.65,78.06,196.615,180
412.21,500.91,78.06,196.615,180
525.13,532.67,78.06,196.615,180
393.61,549.87,78.06,196.615,180
394.61,529.36,78.06,196.615,180
392.91,504.98,78.06,196.615,180
374.21,428.97,78.06,196.615,180
371.21,437.79,78.06,196.615,180
365.31,400.91,78.06,211.113,180
358.61,399.97,78.06,211.113,180
355.11,399.71,78.06,211.113,180
373.41,399.97,78.06,211.113,180
358.81,400.04,78.06,211.113,180
359.11,493.93,78.06,211.113,180
372.91,559.28,78.06,211.113,180
440.5,539.56,78.06,211.113,180
420.31,501.42,78.06,211.113,180
418.01,451.16,78.06,211.113,180
407.31,418.45,78.06,211.113,180
474.44,426.07,78.06,211.113,180
421.01,409.58,78.06,211.113,180
399.61,425.1,78.06,211.113,180
386.41,433.66,78.06,211.113,180
399.71,454.39,78.06,211.113,180
398.71,513.93,78.06,211.113,180
421.71,563.85,78.06,211.113,180
543.93,598.94,78.06,211.113,180
407.41,586.99,78.06,211.113,180
404.71,557.43,78.06,211.113,180
384.31,534.23,78.06,211.113,180
376.21,451.72,78.06,211.113,180
369.11,400.02,78.06,211.113,180
368.01,384.1,78.06,205.351,180
363.11,373.81,78.06,205.351,180
360.01,388.51,78.06,205.351,180
361.91,374.83,78.06,205.351,180
362.81,402.61,78.06,205.351,180
364.61,463.16,78.06,205.351,180
374.71,508.14,78.06,205.351,180
438.8,517.17,78.06,205.351,180
410.51,503.93,78.06,205.351,180
420.61,463.44,78.06,205.351,180
415.31,448.93,77.98,205.351,180
490.34,394.44,77.96,205.351,180
406.11,366.45,77.96,205.351,180
395.41,365.04,77.96,205.351,180
400.51,404.98,77.96,205.351,180
389.91,407.08,77.96,205.351,180
407.91,461.52,77.96,205.351,180
426.91,489.87,77.96,205.351,180
561.13,512.51,77.96,205.351,180
419.31,504.33,77.96,205.351,180
401.91,484.94,77.96,205.351,180
402.21,482.05,77.96,205.351,180
387.81,425.74,77.96,205.351,180
365.11,425,77.96,205.351,180
358.71,404.3,77.96,193.504,180
359.31,405,77.96,193.504,180
360.21,395.85,77.96,193.504,180
359.21,377.06,77.96,193.504,180
369.71,383.98,77.96,193.504,180
378.31,406.78,77.96,193.504,180
413.11,423.02,77.96,193.504,180
463.8,412.72,77.96,193.504,180
422.41,388.65,77.96,193.504,180
396.81,335.48,77.96,193.504,180
412.61,308.54,77.96,193.504,180
471.74,268.46,77.96,193.504,180
386.51,236.78,77.96,193.504,180
390.21,247.78,77.96,193.504,180
385.91,291.73,77.96,193.504,180
379.31,316.43,77.96,193.504,180
404.61,388.44,77.96,193.504,180
422.61,425.86,77.96,193.504,180
543.13,454.15,77.96,193.504,180
411.91,467.71,77.96,193.504,180
414.11,466.69,77.96,193.504,180
403.31,466.24,77.96,193.504,180
382.81,441.93,77.96,193.504,180
365.11,382.79,77.96,193.504,180
366.61,339.88,77.96,193.504,180
357.51,300.1,77.96,193.504,180
363.31,293.05,77.96,193.504,180
363.61,271.3,77.96,193.504,180
375.51,272.41,77.96,193.504,180
386.61,261.03,77.96,193.504,180
406.71,264.8,77.96,193.504,180
464.5,300.01,77.96,193.504,180
416.11,286.37,77.96,193.504,180
414.51,261.1,77.96,193.504,180
390.81,255.76,77.96,193.504,180
469.24,263.08,77.96,193.504,180
389.91,219.08,77.96,193.504,180
387.91,208.74,77.96,193.504,180
388.91,226.08,77.96,193.504,180
401.11,252.07,77.96,193.504,180
396.61,316.01,77.96,193.504,180
416.71,394.79,77.96,193.504,180
546.93,449.55,77.96,193.504,180
420.71,452.95,77.96,193.504,180
408.61,464.52,77.96,193.504,180
420.41,465.67,77.96,193.504,180
379.51,425.89,77.96,193.504,180
362.21,385.06,77.96,193.504,180
363.51,344.06,77.96,193.846,180
358.01,338.81,77.96,193.846,180
361.31,320.86,77.96,193.846,180
363.41,329.72,77.96,193.846,180
363.71,380,77.96,193.846,180
384.71,429.66,77.96,193.846,180
408.81,467.91,77.96,193.846,180
467.5,474.9,77.96,193.846,180
387.51,459.05,77.96,193.846,180
401.61,447.89,77.96,193.846,180
392.61,428.22,77.96,193.846,180
469.44,392.1,77.96,193.846,180
399.21,388.2,77.96,193.846,180
388.51,377.4,77.96,193.846,180
386.71,385.09,77.96,193.846,180
386.41,398.9,77.96,193.846,180
391.41,437.25,77.96,193.846,180
406.41,461.06,77.96,193.846,180
544.23,510.66,77.96,193.846,180
402.71,530.88,77.96,193.846,180
436.01,524.33,77.96,193.846,180
415.31,509.33,77.96,193.846,180
388.01,469.58,77.96,193.846,180
385.21,440.98,77.96,193.846,180
360.71,390.1,77.96,200.291,180
367.81,382.1,77.96,200.291,180
358.11,359.89,77.96,200.291,180
360.01,352.69,77.96,200.291,180
368.81,393.03,77.96,200.291,180
388.21,457.04,77.96,200.291,180
427.41,479.9,77.96,200.291,180
477.1,478.9,77.96,200.291,180
406.51,397.91,77.96,200.291,180
397.61,328.26,77.96,200.291,180
386.61,307.77,77.96,200.291,180
471.74,234.87,77.96,200.291,180
394.31,227.41,77.96,200.291,180
376.01,198.39,77.96,200.291,180
378.71,219,77.96,200.291,180
396.11,274.71,77.96,200.291,180
392.71,324.11,77.96,200.291,180
411.01,435.36,77.96,200.291,180
554.93,499.47,77.96,200.291,180
441.01,511.07,77.96,200.291,180
410.31,513.17,77.96,200.291,180
411.1,484.91,77.96,200.291,180
387.82,441.26,77.96,200.291,180
384.71,383.95,77.96,200.291,180
365.42,368.07,77.96,205.316,180
366.35,340.14,77.96,205.316,180
361.53,326.3,77.96,205.316,180
363.56,329.96,77.96,205.316,180
374.67,368.76,77.96,205.316,180
371.21,440.47,77.96,205.316,180
414.51,453.86,77.96,205.316,180
462.1,444.21,77.96,205.316,180
404.71,370.24,77.96,205.316,180
405.01,317.82,77.96,205.316,180
417.61,244.61,77.96,205.316,180
489.04,243.56,77.96,205.316,180
393.31,182.52,77.96,205.316,180
399.71,199.08,77.96,205.316,180
398.41,291.92,77.96,205.316,180
398.61,361.59,77.96,205.316,180
403.91,438.52,77.96,205.316,180
407.91,500.35,77.96,205.316,180
558.23,550.06,77.96,205.316,180
413.01,566.89,77.96,205.316,180
442.11,560.76,77.96,205.316,180
396.84,500.02,77.96,205.316,180
381.68,452.18,77.96,205.316,180
383.53,450.3,77.96,205.316,180
377.3,414.26,77.96,202.24,180
357.63,375.07,77.96,202.24,180
358.17,348.49,77.96,202.24,180
358.51,345.3,77.96,202.24,180
357.08,375.07,77.96,202.24,180
365.91,452.27,77.96,202.24,180
374.01,480.1,77.96,202.24,180
431.6,479.79,77.96,202.24,180
418.11,449.9,77.96,202.24,180
429.21,408.25,77.96,202.24,180
462.41,370.91,77.96,202.24,180
510.44,344.28,77.96,202.24,180
418.71,284.02,77.96,202.24,180
393.71,319.51,77.96,202.24,180
403.01,342.64,77.96,202.24,180
394.71,366.51,77.96,202.24,180
413.01,416.97,77.96,202.24,180
429.41,492.73,77.96,202.24,180
549.93,513.74,77.96,202.24,180
453.01,504.33,77.96,202.24,180
435.41,499.83,77.96,202.24,180
407.41,480.6,77.96,202.24,180
384.11,424.96,77.96,202.24,180
377.26,406.06,77.96,202.24,180
362.96,358.18,77.96,196.406,180
375.37,337.64,77.96,196.406,180
376.48,339.17,77.96,196.406,180
379.8,338.52,77.96,196.406,180
378.43,390.05,77.96,196.406,180
370.21,449.91,77.96,196.406,180
382.01,468,77.96,196.406,180
444.4,483.91,77.96,196.406,180
416.31,447.14,77.96,196.406,180
444.61,428.44,77.96,196.406,180
430.51,405.1,82.86,196.406,180
501.14,394.2,84.5,196.406,180
444.71,331.05,84.5,196.406,180
437.41,297.06,84.5,196.406,180
406.81,256.21,84.5,196.406,180
419.91,252.44,84.5,196.406,180
421.61,291.18,84.5,196.406,180
441.31,355.02,84.5,196.406,180
557.83,419.54,84.5,196.406,180
434.21,424.89,84.5,196.406,180
438.91,437.3,84.5,196.406,180
436.61,429.91,84.5,196.406,180
399.3,386.55,84.5,196.406,180
381.46,361.76,84.5,196.406,180
380.81,315.05,84.5,196.133,180
387,308.59,84.5,196.133,180
385.9,276.45,84.5,196.133,180
374.94,267.76,84.5,196.133,180
403.84,261.14,84.5,196.133,180
419.63,290.83,84.5,196.133,180
464.91,315.03,84.5,196.133,180
494.5,309.56,84.5,196.133,180
411.31,273.36,84.5,196.133,180
429.01,238.11,84.5,196.133,180
419.11,202.19,84.5,196.133,180
482.54,170.12,84.5,196.133,180
418.51,149.31,84.5,196.133,180
403.91,116.02,84.5,196.133,180
393.61,139.77,84.5,196.133,180
403.61,175.16,84.5,196.133,180
438.31,239.05,84.5,196.133,180
435.31,318.16,84.5,196.133,180
596.53,372.49,84.5,196.133,180
478.01,396.81,84.5,196.133,180
434.91,380.64,84.5,196.133,180
435.21,369.08,84.5,196.133,180
404.51,324.98,84.5,196.133,180
365.21,277.89,84.5,196.133,180
368.11,232.85,84.5,196.133,180
360.71,218.28,84.5,196.133,180
364.29,206.4,84.5,196.133,180
387.65,200.47,84.5,196.133,180
399.81,205.23,84.5,196.133,180
441.71,205,84.5,196.133,180
475.51,206.29,84.5,196.133,180
484.4,162.27,84.5,196.133,180
412.01,142.7,84.5,196.133,180
430.71,100,84.5,196.133,180
448.41,87.69,84.5,196.133,180
489.44,86.82,84.5,196.133,180
409.01,69.74,84.5,196.133,180
401.41,70.02,84.5,196.133,180
388.51,86.15,84.5,196.133,180
404.81,102.82,84.5,196.133,180
416.51,199.42,84.5,196.133,180
444.51,301.67,84.5,196.133,180
578.03,393.3,84.5,196.133,180
447.41,421.99,84.5,196.133,180
426.31,419.92,84.5,196.133,180
438.01,401.86,84.5,196.133,180
394.91,359.42,84.5,196.133,180
377.21,310.08,84.5,196.133,180
365.61,271.57,84.5,195.67,180
359.31,281.49,84.5,195.67,180
358.41,278.39,84.5,195.67,180
370.01,272.89,84.5,195.67,180
379.81,310.38,84.5,195.67,180
437.21,408.54,84.5,195.67,180
475.01,419.99,84.5,195.67,180
500.2,414.68,84.5,195.67,180
429.71,384.55,84.5,195.67,180
423.61,339.44,84.5,195.67,180
417.61,307.07,84.5,195.67,180
483.74,292.66,84.5,195.67,180
401.01,294.01,84.5,195.67,180
400.71,294.68,84.5,195.67,180
383.41,307.77,84.5,195.67,180
393.81,329.86,84.5,195.67,180
418.51,406.02,84.5,195.67,180
417.11,439.98,84.5,195.67,180
586.93,495.9,84.5,195.67,180
431.11,493.85,84.5,195.67,180
450.41,455,84.5,195.67,180
416.31,429.15,84.5,195.67,180
400.71,391.2,84.5,195.67,180
371.91,330.76,84.5,195.67,180
365.41,298.92,84.5,195.46,180
362.41,298.95,84.5,195.46,180
361.21,289.2,84.5,195.46,180
368.31,295.75,84.5,195.46,180
383.11,320.01,84.5,195.46,180
417.41,382.92,84.5,195.46,180
492.11,414.98,84.5,195.46,180
494,426.22,84.5,195.46,180
417.51,383.99,84.5,195.46,180
406.61,310.09,84.5,195.46,180
420.51,282.44,84.5,195.46,180
480.34,277.57,84.5,195.46,180
409.71,258.94,84.5,195.46,180
399.11,260.64,84.5,195.46,180
393.21,266.89,84.5,195.46,180
415.21,289.37,84.5,195.46,180
413.81,351.34,84.5,195.46,180
431.71,420,84.5,195.46,180
549.93,469.8,84.5,195.46,180
465.21,469.72,84.5,195.46,180
457.21,428.67,84.5,195.46,180
418.51,406.45,84.5,195.46,180
393.01,343.31,84.5,195.46,180
374.91,297.01,84.5,195.46,180
361.71,286.98,84.5,190.161,180
360.71,298.71,84.5,190.161,180
361.31,285.6,84.5,190.161,180
359.01,293.99,84.5,190.161,180
376.71,297.74,84.5,190.161,180
412.11,343.67,84.5,190.161,180
440.01,392.98,84.5,190.161,180
505.6,395.51,84.5,190.161,180
427.91,356.26,84.5,190.161,180
419.81,302.9,84.5,190.161,180
413.81,284.9,84.5,190.161,180
492.64,274.76,84.5,190.161,180
402.61,253,84.5,190.161,180
400.41,253.96,84.5,190.161,180
418.81,272.34,84.5,190.161,180
436.11,303.1,84.5,190.161,180
445.81,353,84.5,190.161,180
439.71,409.93,84.5,190.161,180
583.33,449,84.5,190.161,180
425.81,454.73,84.5,190.161,180
426.01,420,84.5,190.161,180
416.01,406.84,84.5,190.161,180
398.01,355.01,84.5,190.161,180
377.81,309.92,84.5,190.161,180
371.61,300.03,84.5,202.467,180
359.61,310,84.5,202.467,180
359.81,306.3,84.5,202.467,180
357.81,312,84.5,202.467,180
368.51,347.06,84.5,202.467,180
367.11,406.65,84.5,202.467,180
395.41,419.97,84.5,202.467,180
466.7,414.9,84.5,202.467,180
462.11,397.16,84.5,202.467,180
470.61,355.1,84.5,202.467,180
459.11,313.97,84.5,202.467,180
530.54,298.97,84.5,202.467,180
452.81,269.86,84.5,202.467,180
434.51,267.86,84.5,202.467,180
422.21,294,84.5,202.467,180
423.91,334.8,84.5,202.467,180
439.91,401.31,84.5,202.467,180
457.21,450,84.5,202.467,180
604.43,539.9,84.5,202.467,180
421.91,534.75,84.5,202.467,180
435.51,446,84.5,202.467,180
413.51,414.99,84.5,202.467,180
405.09,390,84.5,202.467,180
379.54,422.1,84.5,202.467,180
365.81,405,84.5,210.885,180
363.68,395.69,84.5,210.885,180
361.25,391.95,84.5,210.885,180
382.29,402.56,84.5,210.885,180
383.31,408,84.5,210.885,180
375.31,469.21,84.5,210.885,180
390.81,513.31,84.5,210.885,180
464.6,508,84.5,210.885,180
452.41,472.56,84.5,210.885,180
490.51,419.9,84.5,210.885,180
514.51,405.6,86.6,210.885,180
537.54,376.39,87.3,210.885,180
486.81,328.45,87.3,210.885,180
466.21,334.37,87.3,210.885,180
422.21,372.09,87.3,210.885,180
456.21,393.24,87.3,210.885,180
466.51,448.08,87.3,210.885,180
476.51,489.99,87.3,210.885,180
625.73,560,87.3,210.885,180
494.11,565.4,87.3,210.885,180
504.11,507.78,87.3,210.885,180
483.41,469.47,87.3,210.885,180
441.01,424.02,87.3,210.885,180
393.71,427.23,87.3,210.885,180
388.21,400.71,87.3,203.648,180
391.21,387.87,87.3,203.648,180
392.31,374.09,87.3,203.648,180
405.51,375.79,87.3,203.648,180
422.81,382.76,87.3,203.648,180
534.11,379.9,87.3,203.648,180
551.81,388.74,87.3,203.648,180
469,399.9,87.3,203.648,180
422.11,374.5,87.3,203.648,180
413.71,333.41,87.3,203.648,180
428.21,300.02,87.3,203.648,180
488.74,247.22,87.3,203.648,180
408.91,192.11,87.3,203.648,180
419.31,213.62,87.3,203.648,180
405.41,292.05,87.3,203.648,180
407.71,341.76,87.3,203.648,180
436.01,412.3,87.3,203.648,180
441.81,466.2,87.3,203.648,180
605.13,503.26,87.3,203.648,180
496.71,504.7,87.3,203.648,180
496.71,479.94,87.3,203.648,180
448.71,461.91,87.3,203.648,180
445.01,425.89,87.3,203.648,180
420.81,416.3,87.3,203.648,180
398.91,397.2,87.3,203.648,180
405.61,377.9,87.3,203.648,180
421.91,354,87.3,203.648,180
431.81,350.06,87.3,203.648,180
444.71,351.01,87.3,203.648,180
513.61,352.77,87.3,203.648,180
536.51,350.05,87.3,203.648,180
497.6,355.17,87.3,203.648,180
423.61,339.94,87.3,203.648,180
407.61,309,87.3,203.648,180
413.21,249.58,87.3,203.648,180
483.24,136.72,87.3,203.648,180
415.61,84.93,87.3,203.648,180
408.71,74.02,87.3,203.648,180
395.11,164.37,87.3,203.648,180
408.81,268.13,87.3,203.648,180
473.51,343.52,87.3,203.648,180
482.91,415.9,87.3,203.648,180
595.53,454.91,87.3,203.648,180
480.21,459.96,87.3,203.648,180
477.11,462.6,87.3,203.648,180
433.71,455.42,87.3,203.648,180
412.21,407.48,87.3,203.648,180
392.21,375.03,87.3,203.648,180
376.41,361.09,87.3,203.639,180
395.21,360.64,87.3,203.639,180
395.31,350,87.3,203.639,180
386.71,352.99,87.3,203.639,180
417.41,363.59,87.3,203.639,180
514.81,381.41,87.3,203.639,180
563.61,429.12,87.3,203.639,180
519.8,467.34,87.3,203.639,180
439.21,452.8,87.3,203.639,180
439.01,431.41,87.3,203.639,180
416.41,407.06,87.3,203.639,180
504.54,402.31,87.3,203.639,180
416.41,392.13,87.3,203.639,180
427.01,392.77,87.3,203.639,180
403.11,380.09,87.3,203.639,180
402.01,400.05,87.3,203.639,180
446.01,448.84,87.3,203.639,180
486.81,495,87.3,203.639,180
626.43,520.01,87.3,203.639,180
505.81,555.72,87.3,203.639,180
479.31,536.69,87.3,203.639,180
460.21,507,87.3,203.639,180
416.61,475.42,87.3,203.639,180
387.21,465.26,87.3,203.639,180
374.51,430.65,87.3,212.846,180
399.01,430.94,87.3,212.846,180
368.91,416.42,87.3,212.846,180
377.65,422.59,87.3,212.846,180
415.56,440.99,87.3,212.846,180
485.61,502.52,87.3,212.846,180
513.81,517.99,87.3,212.846,180
499,514.9,87.3,212.846,180
432.11,488.44,87.3,212.846,180
420.41,450,87.3,212.846,180
410.11,424.95,87.3,212.846,180
482.84,417.08,87.3,212.846,180
394.01,410.06,87.3,212.846,180
398.61,410.09,87.3,212.846,180
407.51,418.06,87.3,212.846,180
417.51,442.53,87.3,212.846,180
455.81,506.91,87.3,212.846,180
457.81,600.05,87.3,212.846,180
627.33,664.89,87.3,212.846,180
482.41,662.05,87.3,212.846,180
459.71,648.38,87.3,212.846,180
443.01,580,87.3,212.846,180
420.31,513.28,87.3,212.846,180
383.81,523.94,87.3,212.846,180
362.11,483.88,87.3,235.643,180
361.81,472.13,87.3,235.643,180
363.71,459.22,87.3,235.643,180
366.01,463.42,87.3,235.643,180
392.81,489.64,87.3,235.643,180
461.11,547.74,87.3,235.643,180
513.81,597.04,87.3,235.643,180
509.9,616.33,87.3,235.643,180
420.71,575.1,87.3,235.643,180
441.11,549.97,87.3,235.643,180
429.81,526.89,87.3,235.643,180
494.54,509.09,87.3,235.643,180
415.01,500,87.3,235.643,180
399.71,493.09,87.3,235.643,180
425.91,509.47,87.3,235.643,180
428.51,541.6,87.3,235.643,180
430.31,593.3,87.3,235.643,180
452.91,676.04,87.3,235.643,180
578.43,747.93,87.3,235.643,180
434.51,681,87.3,235.643,180
442.21,629.09,87.3,235.643,180
405.21,552.03,87.3,235.643,180
401.81,508.92,87.3,235.643,180
383.91,523.92,87.3,235.643,180
374.01,479.9,87.3,231.385,180
396.71,480,87.3,231.385,180
388.71,474.46,87.3,231.385,180
391.41,478.13,87.3,231.385,180
394.31,499.24,87.3,231.385,180
394.21,550,87.3,231.385,180
416.41,598.9,87.3,231.385,180
482.5,620.1,87.3,231.385,180
462.21,613.59,87.3,231.385,180
509.21,610.19,87.3,231.385,180
498.11,577.65,87.3,231.385,180
559.74,559.87,87.3,231.385,180
458.61,563.11,87.3,231.385,180
429.91,543.34,87.3,231.385,180
421.51,541.9,87.3,231.385,180
446.41,586.23,87.3,231.385,180
460.11,593.97,87.3,231.385,180
449.21,642.99,87.3,231.385,180
563.53,657.98,87.3,231.385,180
433.91,646.96,87.3,231.385,180
412.01,600.06,87.3,231.385,180
419.61,562.82,87.3,231.385,180
412.49,524.93,87.3,231.385,180
403.88,510.09,87.3,231.385,180
383.83,467.63,87.3,234.537,180
370.02,450.1,87.3,234.537,180
364.82,434.14,87.3,234.537,180
365.14,439.39,87.3,234.537,180
366.71,469.62,87.3,234.537,180
374.57,528.21,87.3,234.537,180
396.06,571.24,87.3,234.537,180
478.18,587.56,87.3,234.537,180
459.01,575,87.3,234.537,180
494.11,566,87.3,234.537,180
484.81,547.26,94.48,234.537,180
574.74,527.8,96.87,234.537,180
478.61,488.24,96.87,234.537,180
463.11,461.14,96.87,234.537,180
447.81,461.17,96.87,234.537,180
456.21,490.86,96.87,234.537,180
444.51,517.42,96.87,234.537,180
476.61,545.56,96.87,234.537,180
667.53,568.99,96.87,234.537,180
531.41,569.4,96.87,234.537,180
520.61,550,96.87,234.537,180
435.41,530.58,96.87,234.537,180
389.81,504.93,96.87,234.537,180
364.91,512.09,96.87,234.537,180
367.91,500.05,96.87,243.841,180
362.89,480.09,96.87,243.841,180
367.44,460.04,96.87,243.841,180
377.85,452.61,96.87,243.841,180
423.13,452.15,96.87,243.841,180
509.51,471.69,96.87,243.841,180
597.61,475.03,96.87,243.841,180
512.7,484.93,96.87,243.841,180
419.61,480.02,96.87,243.841,180
421.41,464.5,96.87,243.841,180
385.61,443.19,96.87,243.841,180
468.04,432.48,96.87,243.841,180
409.01,364.68,96.87,243.841,180
393.61,344.13,96.87,243.841,180
407.51,339.28,96.87,243.841,180
400.61,361.23,96.87,243.841,180
445.01,402.56,96.87,243.841,180
471.61,475.06,96.87,243.841,180
654.93,529.91,96.87,243.841,180
486.31,552.48,96.87,243.841,180
462.71,540.09,96.87,243.841,180
456.71,514.12,96.87,243.841,180
442.33,458.96,96.87,243.841,180
408.97,430.27,96.87,243.841,180
412.65,381,96.87,243.841,180
413.03,374.94,96.87,243.841,180
425.19,344.27,96.87,243.841,180
438.8,323,96.87,243.841,180
489.38,324.07,96.87,243.841,180
595.75,365.99,96.87,243.841,180
621.61,348.35,96.87,243.841,180
538.6,332,96.87,243.841,180
445.61,317.26,96.87,243.841,180
404.31,254.52,96.87,243.841,180
421.61,176.88,96.87,243.841,180
472.54,97.31,96.87,243.841,180
398.91,77.46,96.87,243.841,180
409.51,97.34,96.87,243.841,180
398.21,204.21,96.87,243.841,180
409.41,313.88,96.87,243.841,180
436.31,455,96.87,243.841,180
473.61,530,96.87,243.841,180
651.53,592,96.87,243.841,180
507.31,623.89,96.87,243.841,180
512.72,609.96,96.87,243.841,180
551.5,595.46,96.87,243.841,180
520.66,570.11,96.87,243.841,180
476.48,504.25,96.87,243.841,180
480.26,477.42,96.87,244.68,180
485.57,467.94,96.87,244.68,180
503.23,447.93,96.87,244.68,180
498.82,450.02,96.87,244.68,180
531.97,497.08,96.87,244.68,180
652.88,561.74,96.87,244.68,180
610.72,599.9,96.87,244.68,180
529.6,610,96.87,244.68,180
430.41,595.59,96.87,244.68,180
438.31,583.46,96.87,244.68,180
400.41,567.5,96.87,244.68,180
472.04,534.3,96.87,244.68,180
398.41,540.91,96.87,244.68,180
394.11,557.06,96.87,244.68,180
391.81,577.2,96.87,244.68,180
402.41,586.67,96.87,244.68,180
455.41,613.55,96.87,244.68,180
473.91,640,96.87,244.68,180
627.93,675.55,96.87,244.68,180
488.11,679.97,96.87,244.68,180
484.41,629.63,96.87,244.68,180
433.21,588.86,96.87,244.68,180
401.41,545,96.87,244.68,180
392.28,550,96.87,244.68,180
372.97,504.73,96.87,282.309,180
370.39,507,96.87,282.309,180
375.71,500.57,96.87,282.309,180
380.67,503.32,96.87,282.309,180
397.44,531.02,96.87,282.309,180
547.26,627.95,96.87,282.309,180
568.52,668.21,96.87,282.309,180
509.89,680,96.87,282.309,180
433.31,640.1,96.87,282.309,180
414.61,614.01,96.87,282.309,180
394.71,551.4,96.87,282.309,180
476.04,518.71,96.87,282.309,180
408.31,518.46,96.87,282.309,180
394.91,549.81,96.87,282.309,180
399.71,572.78,96.87,282.309,180
396.61,604.43,96.87,282.309,180
438.91,648.15,96.87,282.309,180
449.81,713.65,96.87,282.309,180
611.13,794.95,96.87,282.309,180
483.01,771,96.87,282.309,180
493.92,708.83,96.87,282.309,180
435.91,644,96.87,282.309,180
408.96,599.99,96.87,282.309,180
388.61,581.8,96.87,282.309,180
392.25,550,96.87,272.212,180
381.83,550.19,96.87,272.212,180
379.59,535.98,96.87,272.212,180
387.01,539.01,96.87,272.212,180
403.49,574.18,96.87,272.212,180
561.68,648,96.87,272.212,180
539.25,683.25,96.87,272.212,180
517,694.26,96.87,272.212,180
431.51,649.92,96.87,272.212,180
426.21,588.06,96.87,272.212,180
418.11,576.89,96.87,272.212,180
492.44,516.12,96.87,272.212,180
405.91,541.97,96.87,272.212,180
407.61,545.11,96.87,272.212,180
408.61,577.34,96.87,272.212,180
425.41,613.48,96.87,272.212,180
438.11,672.33,96.87,272.212,180
489.21,750,96.87,272.212,180
592.43,850,96.87,272.212,180
456.11,783.56,96.87,272.212,180
437.01,724.96,96.87,272.212,180
423.61,659.37,96.87,272.212,180
427.91,578.42,96.87,272.212,180
412.61,535.2,96.87,272.212,180
411.51,522.92,96.87,283.492,180
417.01,520.07,96.87,283.492,180
415.71,513.06,96.87,283.492,180
431.41,518.6,96.87,283.492,180
444.41,530.07,96.87,283.492,180
440.81,606.61,96.87,283.492,180
441.21,668.24,96.87,283.492,180
516.4,689.87,96.87,283.492,180
507.01,639.34,96.87,283.492,180
513.21,576.99,96.87,283.492,180
521.11,535.04,96.87,283.492,180
539.04,505.88,96.87,283.492,180
461.71,504.19,96.87,283.492,180
447.11,502.59,96.87,283.492,180
445.61,524.96,96.87,283.492,180
439.51,564.35,96.87,283.492,180
442.99,686.8,96.87,283.492,180
469.64,714.23,96.87,283.492,180
552.88,766.79,96.87,283.492,180
450.39,760,96.87,283.492,180
434.11,710,96.87,283.492,180
477.83,673.4,96.87,283.492,180
458.86,626.73,96.87,283.492,180
443.27,607.15,96.87,283.492,180
432.67,580.07,96.87,312.156,180
419.29,572.53,96.87,312.156,180
415.44,571.04,96.87,312.156,180
408.28,569.21,96.87,312.156,180
422.01,598.99,96.87,312.156,180
443.41,750,96.87,312.156,180
445.21,769.23,96.87,312.156,180
510.6,802.99,96.87,312.156,180
501.51,781.62,96.87,312.156,180
520.51,763.2,96.87,312.156,180
507.71,750.03,91.39,312.156,180
558.34,702.33,89.56,312.156,180
446.51,676.88,89.56,312.156,180
442.11,643.55,89.56,312.156,180
433.71,665.93,89.56,312.156,180
444.51,685.56,89.56,312.156,180
520.61,750.01,89.56,312.156,180
520.21,770,89.56,312.156,180
713.13,780,89.56,312.156,180
584.51,778.54,89.56,312.156,180
535.21,770,89.56,312.156,180
520.11,747.74,89.56,312.156,180
492.61,700,89.56,312.156,180
457.61,685.14,89.56,312.156,180
457.71,644.2,89.56,312.137,180
467.71,636.8,89.56,312.137,180
472.41,587.9,89.56,312.137,180
474.11,563.47,89.56,312.137,180
509.81,573.1,89.56,312.137,180
670.91,580.9,89.56,312.137,180
642.91,636,89.56,312.137,180
554,682.59,89.56,312.137,180
428.01,685.95,89.56,312.137,180
421.71,660.75,89.56,312.137,180
422.51,601.84,89.56,312.137,180
484.54,578.03,89.56,312.137,180
406.11,488.82,89.56,312.137,180
406.81,500.16,89.56,312.137,180
389.51,461.73,89.56,312.137,180
409.21,489.19,89.56,312.137,180
465.91,554.67,89.56,312.137,180
488.41,669.91,89.56,312.137,180
657.53,704.62,89.56,312.137,180
544.61,700.06,89.56,312.137,180
579.51,665.98,89.56,312.137,180
499.21,659.94,89.56,312.137,180
465.01,576.39,89.56,312.137,180
419.41,585.03,89.56,312.137,180
405.51,491.4,89.56,312.137,180
406.21,467.7,89.56,312.137,180
403.51,430,89.56,312.137,180
395.21,425.97,89.56,312.137,180
408.81,409.92,89.56,312.137,180
583.41,427.29,89.56,312.137,180
553.51,441.91,89.56,312.137,180
492.3,467.45,89.56,312.137,180
405.01,437.62,89.56,312.137,180
415.51,275.09,89.56,312.137,180
409.81,256.88,89.56,312.137,180
483.64,115.98,89.56,312.137,180
408.51,75.8,89.56,312.137,180
395.81,13.29,89.56,312.137,180
399.61,62.16,89.56,312.137,180
418.31,105.92,89.56,312.137,180
437.91,336.2,89.56,312.137,180
457.11,579.24,89.56,312.137,180
641.13,676.4,89.56,312.137,180
513.91,700.75,89.56,312.137,180
522.11,646.06,89.56,312.137,180
479.31,606.7,89.56,312.137,180
423.01,590.03,89.56,312.137,180
401.31,590.85,89.56,312.137,180
415.71,544.14,89.56,312.137,180
411.31,523.3,89.56,312.137,180
436.01,521.03,89.56,312.137,180
433.41,516.07,89.56,312.137,180
426.11,582.36,89.56,312.137,180
601.91,696.75,89.56,312.137,180
586.21,769.92,89.56,312.137,180
498,793.99,89.56,312.137,180
420.81,668.06,89.56,312.137,180
421.71,661.36,89.56,312.137,180
405.81,574.27,89.56,312.137,180
484.84,548.77,89.56,312.137,180
408.01,553.42,89.56,312.137,180
401.11,541.57,89.56,312.137,180
399.21,548.41,89.56,312.137,180
421.91,645.73,89.56,312.137,180
432.91,773.91,89.56,312.137,180
461.81,837.66,89.56,312.137,180
651.73,871,89.56,312.137,180
503.71,860.89,89.56,312.137,180
497.71,800,89.56,312.137,180
489.49,762.48,89.56,312.137,180
455.97,615.91,89.56,312.137,180
421.7,617.49,89.56,312.137,180
418.24,595.07,89.56,313.553,180
431.99,585.01,89.56,313.553,180
432.88,584.96,89.56,313.553,180
430.24,594.99,89.56,313.553,180
449.43,612.55,89.56,313.553,180
584.74,763.3,89.56,313.553,180
579.49,778.06,89.56,313.553,180
518.9,791.31,89.56,313.553,180
415.41,759.95,89.56,313.553,180
420.01,664.79,89.56,313.553,180
405.21,580.26,89.56,313.553,180
474.14,569.34,89.56,313.553,180
400.31,571.95,89.56,313.553,180
393.71,553.98,89.56,313.553,180
399.91,581.3,89.56,313.553,180
417.71,573.89,89.56,313.553,180
452.81,746.77,89.56,313.553,180
480.21,793.71,89.56,313.553,180
644.03,855.46,89.56,313.553,180
471.11,765.99,89.56,313.553,180
477.54,705,89.56,313.553,180
489.86,626.74,89.56,313.553,180
422.64,573.8,89.56,313.553,180
398.16,531.48,89.56,313.553,180
388.45,523.31,89.56,262.711,180
386.74,541.87,89.56,262.711,180
388.91,498.16,89.56,262.711,180
388.65,541.83,89.56,262.711,180
410.08,543.26,89.56,262.711,180
554.84,649.99,89.56,262.711,180
572.58,724.46,89.56,262.711,180
534.5,736.97,89.56,262.711,180
451.31,697.72,89.56,262.711,180
429.81,633.31,89.56,262.711,180
415.21,644.83,89.56,262.711,180
482.84,552.93,89.56,262.711,180
405.11,529.08,89.56,262.711,180
412.91,496.98,89.56,262.711,180
417.21,519.64,89.56,262.711,180
445.81,541.81,89.56,262.711,180
456.01,641.74,89.56,262.711,180
493.01,720.67,89.56,262.711,180
606.93,750,89.56,262.711,180
462.69,714.45,89.56,262.711,180
442.37,677.26,89.56,262.711,180
437.3,563.52,89.56,262.711,180
425.51,532.51,89.56,262.711,180
398.78,490.77,89.56,262.711,180
385.89,484.36,89.56,244.325,180
383.49,486.34,89.56,244.325,180
418.36,480.02,89.56,244.325,180
413.07,495.18,89.56,244.325,180
422.73,532.8,89.56,244.325,180
421.65,644.71,89.56,244.325,180
456.96,669.21,89.56,244.325,180
552.5,665.46,89.56,244.325,180
552.21,614.15,89.56,244.325,180
554.51,567.93,89.56,244.325,180
487.91,522.02,89.56,244.325,180
542.04,495.26,89.56,244.325,180
468.61,491.55,89.56,244.325,180
465.51,511.25,89.56,244.325,180
458.21,539.65,89.56,244.325,180
454.91,559.97,89.56,244.325,180
468.51,631.45,89.56,244.325,180
476.11,686.23,89.56,244.325,180
599.93,729.9,89.56,244.325,180
475.61,702.09,89.56,244.325,180
471.12,640.72,89.56,244.325,180
456.92,572.54,89.56,244.325,180
461.31,495.19,89.56,244.325,180
444.21,456.05,89.56,244.325,180
461.47,418.74,89.56,229.117,180
488.19,395.35,89.56,229.117,180
474.16,362.68,89.56,229.117,180
490.31,391.73,89.56,229.117,180
490.24,445.42,89.56,229.117,180
506.87,532.08,89.56,229.117,180
473.21,566.1,89.56,229.117,180
537.09,581.97,89.56,229.117,180
497.31,529.89,89.56,229.117,180
526.51,497.53,89.56,229.117,180
541.31,404.22,81.2,229.117,180
584.34,260.08,78.41,229.117,180
474.51,238.59,78.41,229.117,180
443.91,244.16,78.41,229.117,180
436.61,309.98,78.41,229.117,180
454.31,367.53,78.41,229.117,180
467.41,489.39,78.41,229.117,180
509.01,550.1,78.41,229.117,180
668.83,574.34,78.41,229.117,180
514.81,562.86,78.41,229.117,180
528.51,401.96,78.41,229.117,180
469.81,343.25,78.41,229.117,180
459.11,210.06,78.41,229.117,180
436.71,230.18,78.41,229.117,180
420.71,244.97,78.41,194.61,180
431.4,262.46,78.41,194.61,180
445.54,249.99,78.41,194.61,180
452.26,235.3,78.41,194.61,180
489.88,291.67,78.41,194.61,180
661.22,275,78.41,194.61,180
684.25,370.08,78.41,194.61,180
531.79,400.43,78.41,194.61,180
443.25,378.67,78.41,194.61,180
409.91,206.73,78.41,194.61,180
392.01,128.28,78.41,194.61,180
474.14,75.27,78.41,194.61,180
409.81,51.01,78.41,194.61,180
396.41,77.55,78.41,194.61,180
392.31,165.93,78.41,194.61,180
412.71,249.98,78.41,194.61,180
452.81,401.54,78.41,194.61,180
456.11,453.63,78.41,194.61,180
659.5,530,78.41,194.61,180
518.55,514.93,78.41,194.61,180
508.21,411,78.41,194.61,180
486.28,381.71,78.41,194.61,180
469,319.72,78.41,194.61,180
448.66,210.27,78.41,194.61,180
456.1,204.77,78.41,194.61,180
464.02,200.05,78.41,194.61,180
464.32,204.16,78.41,194.61,180
478.2,220.08,78.41,194.61,180
493.06,222.72,78.41,194.61,180
637.86,211.07,78.41,194.61,180
647.08,226.39,78.41,194.61,180
529.71,209.95,78.41,194.61,180
419.23,183.72,78.41,194.61,180
409,125.91,78.41,194.61,180
407.21,83.97,78.41,194.61,180
481.34,72.61,78.41,194.61,180
400.51,52.91,78.41,194.61,180
407.11,65.48,78.41,194.61,180
393.51,86.63,78.41,194.61,180
404.41,204.12,78.41,194.61,180
461.21,375,78.41,194.61,180
514.64,455.47,78.41,194.61,180
645.34,509.93,78.41,194.61,180
522.23,509.93,78.41,194.61,180
515.37,445,78.41,194.61,180
485.44,409.67,78.41,194.61,180
473.43,335.28,78.41,194.61,180
451.52,269.25,78.41,194.61,180
450.34,220,78.41,194.04,180
455.17,212.45,78.41,194.04,180
474.61,222.84,78.41,194.04,180
477.87,239.33,78.41,194.04,180
516.11,367.52,78.41,194.04,180
664.78,459.9,78.41,194.04,180
662.43,506.5,78.41,194.04,180
576.62,519.93,78.41,194.04,180
459.46,470.49,78.41,194.04,180
419.21,400.99,78.41,194.04,180
435.71,308.08,78.41,194.04,180
491.84,250.01,78.41,194.04,180
415.71,182.56,78.41,194.04,180
409.81,204.1,78.41,194.04,180
407.71,267.37,78.41,194.04,180
419.21,346.51,78.41,194.04,180
475.71,487.05,78.41,194.04,180
489.21,564.27,78.41,194.04,180
613.83,601.62,78.41,194.04,180
512.09,523.03,78.41,194.04,180
511.33,420.15,78.41,194.04,180
474.57,309.49,78.41,194.04,180
445.41,225.45,78.41,194.04,180
410.26,273.51,78.41,194.04,180
408.6,298.29,78.41,233.347,180
403.17,275.68,78.41,233.347,180
404.23,282.87,78.41,233.347,180
425.7,286.75,78.41,233.347,180
468.23,340.91,78.41,233.347,180
618.1,513.03,78.41,233.347,180
623.83,553.88,78.41,233.347,180
558.1,561.75,78.41,233.347,180
447.81,478.46,78.41,233.347,180
444.11,431.07,78.41,233.347,180
427.31,304.49,78.41,233.347,180
521.24,255.17,78.41,233.347,180
412.71,267.1,78.41,233.347,180
407.61,279.92,78.41,233.347,180
402.51,363.97,78.41,233.347,180
418.41,443.33,78.41,233.347,180
447.11,525.81,78.41,233.347,180
484.61,564.44,78.41,233.347,180
643.13,633.97,78.41,233.347,180
487.08,594,78.41,233.347,180
535.85,530.03,78.41,233.347,180
501.05,484.81,78.41,233.347,180
474.91,471.21,78.41,233.347,180
431.6,415.26,78.41,233.347,180
421.91,384.07,78.41,212.006,180
419.2,367.45,78.41,212.006,180
424.6,366.11,78.41,212.006,180
432.18,387.67,78.41,212.006,180
464.59,394.01,78.41,212.006,180
636.74,484.68,78.41,212.006,180
594.08,519.9,78.41,212.006,180
549.5,524.77,78.41,212.006,180
450.11,501.18,78.41,212.006,180
434.11,469.94,78.41,212.006,180
421.81,450.38,78.41,212.006,180
493.34,392.98,78.41,212.006,180
412.11,390.39,78.41,212.006,180
413.81,396.65,78.41,212.006,180
409.41,399.97,78.41,212.006,180
436.31,445.33,78.41,212.006,180
438.01,521.75,78.41,212.006,180
482.31,576.75,78.41,212.006,180
615.83,633.49,78.41,212.006,180
448.51,599.98,78.41,212.006,180
440.11,551.3,78.41,212.006,180
437.61,486.44,78.41,212.006,180
412.31,438.87,78.41,212.006,180
390.31,442.12,78.41,212.006,180
385.61,407.83,78.41,215.547,180
379.81,400.35,78.41,215.547,180
383.61,382.07,78.41,215.547,180
391.41,379.29,78.41,215.547,180
422.91,404.13,78.41,215.547,180
414.91,500.91,78.41,215.547,180
436.31,520,78.41,215.547,180
533.8,524.06,78.41,215.547,180
508.11,509.98,78.41,215.547,180
501.71,483.69,78.41,215.547,180
527.11,455.56,78.41,215.547,180
550.44,432.9,78.41,215.547,180
460.31,399.93,78.41,215.547,180
453.61,392.84,78.41,215.547,180
439.41,394.96,78.41,215.547,180
498.71,403.04,78.41,215.547,180
481.21,450.15,78.41,215.547,180
466.61,504.91,78.41,215.547,180
597.73,525.82,78.41,215.547,180
455.11,510.24,78.41,215.547,180
452.71,479.91,78.41,215.547,180
471.11,394.55,78.41,215.547,180
466.81,345.17,78.41,215.547,180
464.41,300.01,78.41,215.547,180
465.41,238.2,78.41,198.332,180
465.41,205.01,78.41,198.332,180
459.91,192.6,78.41,198.332,180
479.31,226.87,78.41,198.332,180
487.61,278.7,78.41,198.332,180
473.51,375.58,78.41,198.332,180
468.91,431,78.41,198.332,180
552,431.46,78.41,198.332,180
526.91,401.74,78.41,198.332,180
515.91,353.07,78.41,198.332,180
516.61,329.86,68.51,198.332,180
572.04,339.76,65.21,198.332,180
487.01,292.47,65.21,198.332,180
443.81,293.88,65.21,198.332,180
428.01,291.02,65.21,198.332,180
457.71,364.23,65.21,198.332,180
468.71,390,65.21,198.332,180
544.31,435.31,65.21,198.332,180
660.63,467.35,65.21,198.332,180
499.81,465,65.21,198.332,180
479.11,419.95,65.21,198.332,180
488.61,398.29,65.21,198.332,180
434.31,375.44,65.21,198.332,180
418.41,400.85,65.21,198.332,180
414.11,359.09,65.21,193.91,180
409.51,352.09,65.21,193.91,180
410.51,348.07,65.21,193.91,180
410.61,348.09,65.21,193.91,180
445.89,356.04,65.21,193.91,180
623.81,381.3,65.21,193.91,180
604.61,411.07,65.21,193.91,180
494.8,427.72,65.21,193.91,180
419.11,429.18,65.21,193.91,180
421.51,419.9,65.21,193.91,180
417.41,418.36,65.21,193.91,180
491.34,399.98,65.21,193.91,180
403.51,355,65.21,193.91,180
401.11,348.99,65.21,193.91,180
415.01,353.39,65.21,193.91,180
412.91,371.98,65.21,193.91,180
471.31,436.24,65.21,193.91,180
520.31,469.52,65.21,193.91,180
610.63,491.86,65.21,193.91,180
521.11,483.98,65.21,193.91,180
534.71,459.95,65.21,193.91,180
491.11,443.97,65.21,193.91,180
436.51,437.01,65.21,193.91,180
418.01,421.45,65.21,193.91,180
430.71,385.07,65.21,193.91,180
419.61,385.06,65.21,193.91,180
426.21,369.22,65.21,193.91,180
429.21,358.54,65.21,193.91,180
470.51,369.02,65.21,193.91,180
616.71,379.02,65.21,193.91,180
635.01,385.01,65.21,193.91,180
531.4,402.13,65.21,193.91,180
430.11,402.13,65.21,193.91,180
410.01,388.5,65.21,193.91,180
402.51,380.04,65.21,193.91,180
488.54,360,65.21,193.91,180
410.81,295,65.21,193.91,180
405.81,251.8,65.21,193.91,180
399.51,297,65.21,193.91,180
429.51,343.1,65.21,193.91,180
483.61,404.32,65.21,193.91,180
540.61,459.99,65.21,193.91,180
697.63,505.94,65.21,193.91,180
557.21,517.2,65.21,193.91,180
512.71,484.94,65.21,193.91,180
504.71,451.26,65.21,193.91,180
455.71,400,65.21,193.91,180
431.81,347.09,65.21,193.91,180
427.01,355.48,65.21,194.45,180
426.51,355,65.21,194.45,180
438.11,349.9,65.21,194.45,180
446.11,353.39,65.21,194.45,180
508.21,389.05,65.21,194.45,180
637.01,466.11,65.21,194.45,180
678.71,502.68,65.21,194.45,180
555,502.29,65.21,194.45,180
455.21,458.97,65.21,194.45,180
454.61,405.02,65.21,194.45,180
412.81,359.35,65.21,194.45,180
487.34,351.33,65.21,194.45,180
418.51,329.91,65.21,194.45,180
400.51,336.94,65.21,194.45,180
411.01,344.22,65.21,194.45,180
427.21,385.97,65.21,194.45,180
475.71,471.71,65.21,194.45,180
514.91,515,65.21,194.45,180
633.03,540.64,65.21,194.45,180
559.91,515.64,65.21,194.45,180
528.91,443.31,65.21,194.45,180
507.41,369,65.21,194.45,180
478.41,344.74,65.21,194.45,180
462.41,345.06,65.21,194.45,180
460.21,294.93,65.21,186.644,180
464.45,282.3,65.21,186.644,180
478.8,295.04,65.21,186.644,180
492.61,302.86,65.21,186.644,180
526.76,338.74,65.21,186.644,180
705.57,421.1,65.21,186.644,180
683.28,447.28,65.21,186.644,180
557.64,461.19,65.21,186.644,180
462.03,449.78,65.21,186.644,180
436.41,422.29,65.21,186.644,180
420.11,429.55,65.21,186.644,180
485.14,335.95,65.21,186.644,180
410.01,325.35,65.21,186.644,180
412.11,331.05,65.21,186.644,180
417.11,344.96,65.21,186.644,180
421.71,364.53,65.21,186.644,180
467.71,450.11,65.21,186.644,180
477.51,503.46,65.21,186.644,180
697.95,520.95,65.21,186.644,180
601.72,521.15,65.21,186.644,180
553.97,459.13,65.21,186.644,180
551.43,425.21,65.21,186.644,180
514.07,344.91,65.21,186.644,180
492.76,345.08,65.21,186.644,180
497.93,329.47,65.21,189.042,180
498.01,339.9,65.21,189.042,180
512.56,335.64,65.21,189.042,180
518.86,343.29,65.21,189.042,180
556.1,377.77,65.21,189.042,180
678.32,468.6,65.21,189.042,180
699.59,506.06,65.21,189.042,180
598.58,571.51,65.21,189.042,180
467.06,545.08,65.21,189.042,180
452.51,505.76,65.21,189.042,180
453.41,503.5,65.21,189.042,180
497.44,485.02,65.21,189.042,180
424.01,454.41,65.21,189.042,180
421.61,435.15,65.21,189.042,180
418.91,448.28,65.21,189.042,180
428.81,485.94,65.21,189.042,180
456.21,502.08,65.21,189.042,180
502.31,550.97,65.21,189.042,180
630.84,630.25,65.21,189.042,180
499.57,540.31,65.21,189.042,180
474.57,460.34,65.21,189.042,180
474.05,421.71,65.21,189.042,180
459.03,353.41,65.21,189.042,180
441.21,391.63,65.21,189.042,180
426.46,338.77,65.21,210.517,180
431.04,317.25,65.21,210.517,180
449.8,301.87,65.21,210.517,180
472.89,271.99,65.21,210.517,180
459.4,322.58,65.21,210.517,180
479.46,450,65.21,210.517,180
520.88,465.56,65.21,210.517,180
606.4,500.1,65.21,210.517,180
531.01,470.74,65.21,210.517,180
553.11,420.61,65.21,210.517,180
544.71,375.02,65.21,210.517,180
598.14,330.87,65.21,210.517,180
473.01,302.5,65.21,210.517,180
474.81,297.03,65.21,210.517,180
468.81,260.82,65.21,210.517,180
467.01,274.7,65.21,210.517,180
498.71,366.08,65.21,210.517,180
531.42,457.8,65.21,210.517,180
689,464.19,65.21,210.517,180
548.01,460.33,65.21,210.517,180
524.55,405.79,65.21,210.517,180
559.65,364.46,65.21,210.517,180
552.9,254.09,65.21,210.517,180
541.54,182.6,65.21,210.517,180
531.5,163.73,65.21,212.864,180
528.45,140.92,65.21,212.864,180
552.82,138.26,65.21,212.864,180
571.61,142.59,65.21,212.864,180
579.3,211.52,65.21,212.864,180
572.39,354.1,65.21,212.864,180
603.27,421.07,65.21,212.864,180
625.31,446,65.21,212.864,180
624.46,333.78,65.21,212.864,180
582.56,190.32,65.21,212.864,180
538.65,111.86,69.55,212.864,180
588.83,80.95,71,212.864,180
488.33,67.84,71,212.864,180
476.18,38.19,71,212.864,180
467.39,43.97,71,212.864,180
475.28,83.09,71,212.864,180
524.41,149.92,71,212.864,180
578.53,313.75,71,212.864,180
729.88,363.93,71,212.864,180
579.92,350,71,212.864,180
544.23,219.56,71,212.864,180
558.64,160.86,71,212.864,180
492.98,119.91,71,212.864,180
488.38,92.62,71,212.864,180
476.66,80.24,71,170.953,180
478.64,71.17,71,170.953,180
475.72,80.2,71,170.953,180
481.21,71.11,71,170.953,180
508.86,72.69,71,170.953,180
662.31,82.24,71,170.953,180
637.96,86,71,170.953,180
583.01,97.88,71,170.953,180
480.51,74.03,71,170.953,180
439.29,79.55,71,170.953,180
429.21,60.06,71,170.953,180
505.86,43.92,71,170.953,180
422.77,5.09,71,170.953,180
431.02,7.13,71,170.953,180
417.16,2,71,170.953,180
436.13,35.18,71,170.953,180
458.42,66.72,71,170.953,180
508.1,104.5,71,170.953,180
717.77,144.33,71,170.953,180
572.73,106.36,71,170.953,180
601.62,72.68,71,170.953,180
573.51,70.42,71,170.953,180
528.1,44.28,71,170.953,180
480.78,26.62,71,170.953,180
477.6,27.06,71,170.953,180
483.02,22.19,71,170.953,180
499,27.17,71,170.953,180
504.77,34.02,71,170.953,180
543.28,31.59,71,170.953,180
680.87,22,71,170.953,180
671.91,60.05,71,170.953,180
564.49,74.57,71,170.953,180
456.6,67.95,71,170.953,180
422.72,72.55,71,170.953,180
435.32,72.46,71,170.953,180
503.11,68.49,71,170.953,180
417.07,35.37,71,170.953,180
415.03,20.02,71,170.953,180
403.41,33.97,71,170.953,180
416.68,47.93,71,170.953,180
463.95,81.73,71,170.953,180
512.15,182.5,71,170.953,180
670.19,201.92,71,170.953,180
515.33,214.68,71,170.953,180
535.43,182.75,71,170.953,180
487.51,149.5,71,170.953,180
483.88,113.28,71,170.953,180
413.16,83.82,71,170.953,180
415.99,97.02,71,171.008,180
429.42,84.28,71,171.008,180
442.71,83.89,71,171.008,180
432.81,98.33,71,171.008,180
459.35,169.4,71,171.008,180
655.72,344.87,71,171.008,180
646.45,400.03,71,171.008,180
539.77,415.38,71,171.008,180
462.92,355,71,171.008,180
442.91,325.98,71,171.008,180
429.15,230.69,71,171.008,180
495.11,190.78,71,171.008,180
415.66,153.35,71,171.008,180
418.74,170.13,71,171.008,180
412.31,215.41,71,171.008,180
430.85,228.15,71,171.008,180
463.19,350,71,171.008,180
516.51,407.43,71,171.008,180
657.58,442.05,71,171.008,180
543.97,420.05,71,171.008,180
525.71,375,71,171.008,180
502.51,342.68,71,171.008,180
437.59,296.69,71,171.008,180
413.77,261.77,71,171.008,180
403.67,260.1,71,164.889,180
410.07,275.39,71,164.889,180
410.07,262.47,71,164.889,180
413.25,260.1,71,164.889,180
438.64,278.3,71,164.889,180
614.84,375,71,164.889,180
609.28,433,71,164.889,180
542.34,440.76,71,164.889,180
459.8,401.65,71,164.889,180
447.44,364.15,71,164.889,180
424.53,344.3,71,164.889,180
517.42,318.48,71,164.889,180
413.42,306.78,71,164.889,180
421.07,308.31,71,164.889,180
419.97,325.61,71,164.889,180
435.65,355.69,71,164.889,180
476.75,420.7,71,164.889,180
506.24,469.05,71,164.889,180
649.55,580.61,71,164.889,180
545.72,508.1,71,164.889,180
575.27,429.9,71,164.889,180
585.75,388.2,71,164.889,180
509.49,353.78,71,164.889,180
509.15,310.3,71,164.889,180
511.26,299.58,71,170.398,180
486.22,299.54,71,170.398,180
492.79,299.58,71,170.398,180
494.49,297.28,71,170.398,180
532.02,340.94,71,170.398,180
630.14,427.01,71,170.398,180
675.23,534.75,71,170.398,180
570,527.71,71,170.398,180
481.84,429.07,71,170.398,180
467.34,358.15,71,170.398,180
473.4,321.62,71,170.398,180
513.44,298.37,71,170.398,180
428.33,302.26,71,170.398,180
421.47,311.38,71,170.398,180
431.05,331.88,71,170.398,180
481.1,364.32,71,170.398,180
491.3,406.74,71,170.398,180
529.04,470,71,170.398,180
640.93,574.51,71,170.398,180
501.35,490.53,71,170.398,180
502.92,403.66,71,170.398,180
529.82,370,71,170.398,180
552.64,349.39,71,170.398,180
535.56,373.07,71,170.398,180
507.76,339.41,71,185.602,180
521.47,330.08,71,185.602,180
533.07,310.94,71,185.602,180
536.57,322.2,71,185.602,180
528.47,360,71,185.602,180
543.28,435.1,71,185.602,180
567.94,536.03,71,185.602,180
647.53,498.8,71,185.602,180
651.88,387.88,71,185.602,180
652.39,333.9,71,185.602,180
603.41,301,71,185.602,180
616.24,294.36,71,185.602,180
538.51,275.84,71,185.602,180
483.71,288.07,71,185.602,180
483.41,310.94,71,185.602,180
494.71,376.92,71,185.602,180
524.21,437.74,71,185.602,180
566.33,493.68,71,185.602,180
721.42,600,71,185.602,180
595.71,510,71,185.602,180
572.62,418.38,71,185.602,180
579.34,396.34,71,185.602,180
581.56,378.69,71,185.602,180
572.99,352.56,71,185.602,180
574.79,320.23,71,175.829,180
568.2,312.58,71,175.829,180
562.61,300.48,71,175.829,180
574.7,303.12,71,175.829,180
564.41,324.57,71,175.829,180
581.11,410.66,71,175.829,180
604.41,455.29,71,175.829,180
653.5,424.57,71,175.829,180
667.51,376.02,71,175.829,180
641.81,350.92,71,175.829,180
626.21,338.56,68.42,175.829,180
631.04,318.16,67.56,175.829,180
506.11,295.3,67.56,175.829,180
519.85,324.92,67.56,175.829,180
513.22,330.76,67.56,175.829,180
540.22,372.14,67.56,175.829,180
588.98,422.09,67.56,175.829,180
676.76,460.13,67.56,175.829,180
767.55,473.02,67.56,175.829,180
610.44,435.61,67.56,175.829,180
602.06,395.48,67.56,175.829,180
645.65,381.86,67.56,175.829,180
573.24,360.93,67.56,175.829,180
570.94,377.94,67.56,175.829,180
586.15,344.12,67.56,167.866,180
592.69,312.03,67.56,167.866,180
616.21,307.23,67.56,167.866,180
637.74,306.29,67.56,167.866,180
688.25,312.74,67.56,167.866,180
885.55,345.2,67.56,167.866,180
892.46,371.78,67.56,167.866,180
759.37,370.66,67.56,167.866,180
666.17,375.15,67.56,167.866,180
620.64,369.93,67.56,167.866,180
548.76,363.49,67.56,167.866,180
622.46,330,67.56,167.866,180
510.56,298.29,67.56,167.866,180
485.41,299,67.56,167.866,180
500.03,317.11,67.56,167.866,180
567.98,357,67.56,167.866,180
622.53,374.47,67.56,167.866,180
660.61,409.63,67.56,167.866,180
859.31,427.76,67.56,167.866,180
705.55,407.68,67.56,167.866,180
711.66,371.55,67.56,167.866,180
701.1,362.73,67.56,167.866,180
633.13,314.97,67.56,167.866,180
640.57,268.66,67.56,167.866,180
643.49,230,67.56,167.866,180
652.74,215.24,67.56,167.866,180
670.35,215.16,67.56,167.866,180
680.34,194.4,67.56,167.866,180
744.49,197.6,67.56,167.866,180
910.83,228.14,67.56,167.866,180
908.17,239.9,67.56,167.866,180
770.43,278.74,67.56,167.866,180
684.69,291.6,67.56,167.866,180
626.41,271.97,67.56,167.866,180
575.31,277,67.56,167.866,180
617.34,266.48,67.56,167.866,180
511.01,238.34,67.56,167.866,180
505.01,211.34,67.56,167.866,180
486.31,218.59,67.56,167.866,180
498.01,266.2,67.56,167.866,180
569.71,328.13,67.56,167.866,180
662.51,380.09,67.56,167.866,180
827.06,412.03,67.56,167.866,180
704.66,393.92,67.56,167.866,180
719.07,369.97,67.56,167.866,180
670.32,348.17,67.56,167.866,180
602.83,294.43,67.56,167.866,180
604.02,248.77,67.56,167.866,180
580.93,179.85,67.56,169.689,180
589.57,156.84,67.56,169.689,180
564.71,121.24,67.56,169.689,180
560.27,98.22,67.56,169.689,180
607.94,155.92,67.56,169.689,180
782.32,244.59,67.56,169.689,180
867.31,333.89,67.56,169.689,180
735.34,329.99,67.56,169.689,180
631.12,291.5,67.56,169.689,180
585.61,259.75,67.56,169.689,180
544.01,217.48,67.56,169.689,180
581.74,162.98,67.56,169.689,180
499.81,173.93,67.56,169.689,180
480.51,154.25,67.56,169.689,180
422.61,165.24,67.56,169.689,180
449.21,197.39,67.56,169.689,180
496.01,309.08,67.56,169.689,180
624.71,389.01,67.56,169.689,180
822.52,419.01,67.56,169.689,180
701.67,396.58,67.56,169.689,180
674.29,329.7,67.56,169.689,180
647.7,303.08,67.56,169.689,180
589.09,263.91,67.56,169.689,180
560.73,190.95,67.56,169.689,180
542.47,180.24,67.56,166.093,180
585.51,169.8,67.56,166.093,180
602.53,151.3,67.56,166.093,180
594.49,167.35,67.56,166.093,180
625.29,209.97,67.56,166.093,180
809.54,327.48,67.56,166.093,180
812.5,415.95,67.56,166.093,180
709.19,443.51,67.56,166.093,180
622.41,412.29,67.56,166.093,180
537.01,366.86,67.56,166.093,180
516.71,351.37,67.56,166.093,180
561.54,301.37,67.56,166.093,180
472.21,293.27,67.56,166.093,180
474.51,288.65,67.56,166.093,180
516.21,295.21,67.56,166.093,180
592.01,308.29,67.56,166.093,180
709.41,365.3,67.56,166.093,180
710.88,381.5,67.56,166.093,180
874.04,418.99,67.56,166.093,180
740.23,400.52,67.56,166.093,180
729.04,351.43,67.56,166.093,180
701.62,333.69,67.56,166.093,180
659.72,319.71,67.56,166.093,180
630.68,306.42,67.56,166.093,180
639.5,275.78,67.56,189.562,180
646.3,245.94,67.56,189.562,180
660.32,242.98,67.56,189.562,180
663.66,273.77,67.56,189.562,180
702.56,307.13,67.56,189.562,180
864.59,383.17,67.56,189.562,180
895.53,472.63,67.56,189.562,180
798.97,500.38,67.56,189.562,180
714.31,429.91,67.56,189.562,180
663.81,409.97,67.56,189.562,180
625.31,394.6,67.56,189.562,180
697.04,353.76,67.56,189.562,180
629.41,346.45,67.56,189.562,180
657.31,331.8,67.56,189.562,180
664.01,357.91,67.56,189.562,180
681.81,384.98,67.56,189.562,180
679.81,435.59,67.56,189.562,180
739.21,510.79,67.56,189.562,180
895.52,640.42,67.56,189.562,180
757.86,510,67.56,189.562,180
704.12,419.99,67.56,189.562,180
709.79,372.61,67.56,189.562,180
714.97,361.8,67.56,189.562,180
705.63,351.45,67.56,189.562,180
746.5,336.51,67.56,200.991,180
748.47,326.14,67.56,200.991,180
749.36,315.19,67.56,200.991,180
777.13,320,67.56,200.991,180
798.7,345.53,67.56,200.991,180
809.01,440.07,67.56,200.991,180
818.47,569.93,67.56,200.991,180
912.12,583.44,67.56,200.991,180
868.71,478.2,67.56,200.991,180
812.81,443.38,67.56,200.991,180
685.81,377.86,67.56,200.991,180
721.04,394.98,67.56,200.991,180
636.41,344.25,67.56,200.991,180
604.01,335.99,67.56,200.991,180
647.01,368.94,67.56,200.991,180
661.21,389.75,67.56,200.991,180
710.61,445.01,67.56,200.991,180
679.73,523.19,67.56,200.991,180
808.74,605,67.56,200.991,180
657.83,520,67.56,200.991,180
645.52,424.99,67.56,200.991,180
628.75,397.03,67.56,200.991,180
636.92,374.46,67.56,200.991,180
627.52,349.44,67.56,200.991,180
592.02,336.1,67.56,184.858,180
586.25,325.03,67.56,184.858,180
581.44,322.42,67.56,184.858,180
586.1,324.8,67.56,184.858,180
581.24,348.44,67.56,184.858,180
597.54,429.99,67.56,184.858,180
641.54,524,67.56,184.858,180
725,538.92,67.56,184.858,180
667.78,431.37,67.56,184.858,180
681.86,376.35,67.56,184.858,180
666.91,334.17,67.04,184.858,180
686.75,279.01,66.87,184.858,180
578,252.2,66.87,184.858,180
610.58,200.03,66.87,184.858,180
550.02,195.36,66.87,184.858,180
648.16,218.23,66.87,184.858,180
645.1,306.61,66.87,184.858,180
677.31,365.85,66.87,184.858,180
863.97,356.73,66.87,184.858,180
707.76,308.23,66.87,184.858,180
689.36,192.44,66.87,184.858,180
678.85,164,66.87,184.858,180
645.85,91.95,66.87,184.858,180
609.96,64.41,66.87,184.858,180
613.36,63.59,66.87,164.578,180
619.67,50,66.87,164.578,180
625.49,21.48,66.87,164.578,180
642.79,16.91,66.87,164.578,180
690.57,15.03,66.87,164.578,180
897.43,15.02,66.87,164.578,180
915.11,23.84,66.87,164.578,180
792.09,45.02,66.87,164.578,180
666.31,73.05,66.87,164.578,180
611.21,109.85,66.87,164.578,180
596.71,106.77,66.87,164.578,180
660.14,90,66.87,164.578,180
552.21,74.04,66.87,164.578,180
517.31,66.16,66.87,164.578,180
529.01,66.9,66.87,164.578,180
581.41,69.82,66.87,164.578,180
618.31,137.8,66.87,164.578,180
705.79,169.32,66.87,164.578,180
873.71,195.77,66.87,164.578,180
729.11,180.27,66.87,164.578,180
786.71,144.9,66.87,164.578,180
748.31,110.29,66.87,164.578,180
649.81,77.45,66.87,164.578,180
641.91,64.54,66.87,164.578,180
633.81,64.04,66.87,164.578,180
638.39,58.24,66.87,164.578,180
659.06,61.95,66.87,164.578,180
677.79,59.19,66.87,164.578,180
735.21,59.53,66.87,164.578,180
910.31,59.38,66.87,164.578,180
957.31,59.17,66.87,164.578,180
819.1,85.03,66.87,164.578,180
691.61,92,66.87,164.578,180
649.81,74.15,66.87,164.578,180
613.71,62.08,66.87,164.578,180
656.14,57.47,66.87,164.578,180
602.21,56.37,66.87,164.578,180
604.01,64.55,66.87,164.578,180
589.41,67.01,66.87,164.578,180
647.31,91.36,66.87,164.578,180
720.71,192.05,66.87,164.578,180
800.6,280,66.87,164.578,180
948.91,311.72,66.87,164.578,180
841.09,289.98,66.87,164.578,180
795.81,230.47,66.87,164.578,180
705.41,162.7,66.87,164.578,180
722.21,150.92,66.87,164.578,180
653.51,80.84,66.87,164.578,180
644.71,94.04,66.87,164.097,180
668.4,82.92,66.87,164.097,180
663.59,84.27,66.87,164.097,180
674.8,95.21,66.87,164.097,180
705.71,126.95,66.87,164.097,180
886.11,192.68,66.87,164.097,180
987.41,279.94,66.87,164.097,180
832.9,304.1,66.87,164.097,180
642.11,243.02,66.87,164.097,180
635.61,193.73,66.87,164.097,180
683.41,117.1,66.87,164.097,180
710.74,100,66.87,164.097,180
609.11,121.96,66.87,164.097,180
578.11,83.43,66.87,164.097,180
598.31,140.3,66.87,164.097,180
637.71,204.07,66.87,164.097,180
724.71,322.59,66.87,164.097,180
779.41,391.11,66.87,164.097,180
980.13,466.62,66.87,164.097,180
885.71,379.85,66.87,164.097,180
849.41,321.3,66.87,164.097,180
874.31,318.42,66.87,164.097,180
785.51,279.93,66.87,164.097,180
797.61,205.48,66.87,164.097,180
778.81,188.59,66.87,140.882,180
755.41,187.67,66.87,140.882,180
770.61,169.1,66.87,140.882,180
802.21,187.69,66.87,140.882,180
843.21,196.92,66.87,140.882,180
1026.71,329.97,66.87,140.882,180
1058.81,427.5,66.87,140.882,180
971.2,497.39,66.87,140.882,180
818.91,317.09,66.87,140.882,180
743.81,258.9,66.87,140.882,180
686.41,217.24,66.87,140.882,180
731.44,161.91,66.87,140.882,180
627.51,150.69,66.87,140.882,180
601.11,140.07,66.87,140.882,180
609.91,144.08,66.87,140.882,180
672.71,182.98,66.87,140.882,180
684.51,261.1,66.87,140.882,180
780.81,376.44,66.87,140.882,180
970.93,447.11,66.87,140.882,180
816.01,319.09,66.87,140.882,180
769.71,229.25,66.87,140.882,180
728.41,176.97,66.87,140.882,180
655.91,138.12,66.87,140.882,180
621.53,139.99,66.87,140.882,180
609.25,103.36,66.87,107.251,180
592.07,96.27,66.87,107.251,180
581.68,89.09,66.87,107.251,180
578.13,109.9,66.87,107.251,180
595.96,82.67,66.87,107.251,180
767.32,178,66.87,107.251,180
747.09,226.24,66.87,107.251,180
719.16,225,66.87,107.251,180
556.78,190.5,66.87,107.251,180
520.49,107.23,66.87,107.251,180
485.01,58.01,66.87,107.251,180
534.14,36.23,66.87,107.251,180
456.71,3.91,66.87,107.251,180
450.91,0.38,66.87,107.251,180
470.71,12.46,66.87,107.251,180
510.21,59.83,66.87,107.251,180
585.81,112.43,66.87,107.251,180
643.5,183.75,66.87,107.251,180
781.59,170.06,66.87,107.251,180
651.39,108.51,66.87,107.251,180
665.27,63.84,66.87,107.251,180
631.08,63.92,66.87,107.251,180
606.67,54.98,66.87,107.251,180
640.08,0.93,66.87,107.251,180
608.61,0.39,66.87,91.862,180
598.23,0.1,66.87,91.862,180
601.04,0.49,66.87,91.862,180
595.26,0.5,66.87,91.862,180
575.7,36.01,66.87,91.862,180
602.66,90.1,66.87,91.862,180
636.68,148.09,66.87,91.862,180
759.47,149.11,66.87,91.862,180
750.51,72.97,66.87,91.862,180
800.91,62.9,66.87,91.862,180
728.21,9.23,66.87,91.862,180
732.24,8.54,66.87,91.862,180
612.21,9.04,66.87,91.862,180
603.01,33.29,66.87,91.862,180
609.41,61.25,66.87,91.862,180
679.01,72.65,66.87,91.862,180
735.71,190.83,66.87,91.862,180
702.01,297.27,66.87,91.862,180
841.03,360.08,66.87,91.862,180
681.51,274.09,66.87,91.862,180
666.31,190.56,66.87,91.862,180
637.91,175.38,66.87,91.862,180
642.21,175.37,66.87,91.862,180
655.91,178.95,66.87,91.862,180
619.61,145.4,66.87,122.21,180
616.61,145.73,66.87,122.21,180
619.98,148.52,66.87,122.21,180
630.45,151,66.87,122.21,180
628.46,172.83,66.87,122.21,180
665.35,209.57,66.87,122.21,180
725.23,301.66,66.87,122.21,180
799.22,250.11,66.87,122.21,180
857.46,188.96,66.87,122.21,180
866.91,160.65,66.87,122.21,180
779.81,76.4,67.36,122.21,180
798.24,66.64,67.52,122.21,180
721.81,64.02,67.52,122.21,180
644.41,64.9,67.52,122.21,180
618.91,72.71,67.52,122.21,180
634.31,143.89,67.52,122.21,180
700.91,205.28,67.52,122.21,180
803.51,252.56,67.52,122.21,180
1017.22,289.47,67.52,122.21,180
888.44,197.57,67.52,122.21,180
886.31,155.02,67.52,122.21,180
885.08,169.49,67.52,122.21,180
826.81,122.03,67.52,122.21,180
778.15,131.32,67.52,122.21,180
777.01,114.67,67.52,117.656,180
749.69,117.62,67.52,117.656,180
703.87,121.91,67.52,117.656,180
702.91,119.99,67.52,117.656,180
725.78,130.05,67.52,117.656,180
886,116.89,67.52,117.656,180
929.11,142.86,67.52,117.656,180
812.52,167.72,67.52,117.656,180
724.25,191.09,67.52,117.656,180
689.31,165.29,67.52,117.656,180
690.01,106.03,67.52,117.656,180
776.04,68.36,67.52,117.656,180
637.11,49.58,67.52,117.656,180
634.41,45.91,67.52,117.656,180
625.71,78.34,67.52,117.656,180
642.11,76.42,67.52,117.656,180
688.61,166.4,67.52,117.656,180
760.41,244.64,67.52,117.656,180
847.93,302.03,67.52,117.656,180
731.71,229.95,67.52,117.656,180
733.91,231.06,67.52,117.656,180
656.71,189.32,67.52,117.656,180
640.51,180.66,67.52,117.656,180
601.61,216.13,67.52,117.656,180
574.11,195.02,67.52,117.656,180
586.01,189.41,67.52,117.656,180
570.91,162.1,67.52,117.656,180
573.81,141.95,67.52,117.656,180
608.21,147.12,67.52,117.656,180
744.79,153,67.52,117.656,180
784.49,195.68,67.52,117.656,180
692.4,196.7,67.52,117.656,180
608.01,150.85,67.52,117.656,180
554.31,116,67.52,117.656,180
507.21,87.69,67.52,117.656,180
549.74,60.1,67.52,117.656,180
441.11,51.6,67.52,117.656,180
451.21,56.51,67.52,117.656,180
476.11,80.09,67.52,117.656,180
488.61,132.38,67.52,117.656,180
525.91,183.08,67.52,117.656,180
558.71,198.84,67.52,117.656,180
804.73,258.74,67.52,117.656,180
661.21,178.58,67.52,117.656,180
604.4,147.61,67.52,117.656,180
553.65,122.35,67.52,117.656,180
512.23,99.86,67.52,117.656,180
485.21,69.37,67.52,117.656,180
476.27,70.87,67.52,119.323,180
480.26,70.83,67.52,119.323,180
475.65,70.89,67.52,119.323,180
473.45,80.67,67.52,119.323,180
513.36,141.4,67.52,119.323,180
687.33,167.79,67.52,119.323,180
732.83,227.26,67.52,119.323,180
634.15,266.36,67.52,119.323,180
529.87,217.18,67.52,119.323,180
511.32,165.03,67.52,119.323,180
453.98,160.58,67.52,119.323,180
532.52,133.46,67.52,119.323,180
428.31,131.08,67.52,119.323,180
434.91,131.17,67.52,119.323,180
470.31,139.37,67.52,119.323,180
473.78,158.86,67.52,119.323,180
556.41,210.58,67.52,119.323,180
623.77,247.81,67.52,119.323,180
719.48,276.74,67.52,119.323,180
600.53,227.97,67.52,119.323,180
585.81,197.78,67.52,119.323,180
563.1,167.77,67.52,119.323,180
491.46,159.34,67.52,119.323,180
477.48,155,67.52,119.323,180
488.84,174.3,67.52,105.449,180
542.44,174.3,67.52,105.449,180
508.25,171.54,67.52,105.449,180
540.7,170.13,67.52,105.449,180
618.49,169.2,67.52,105.449,180
785.29,253.98,67.52,105.449,180
921.5,299.91,67.52,105.449,180
771.71,348.98,67.52,105.449,180
652.97,300.72,67.52,105.449,180
539.96,258.72,67.52,105.449,180
519.4,239.35,67.52,105.449,180
613.54,206.75,67.52,105.449,180
528.65,203.35,67.52,105.449,180
544.95,207.92,67.52,105.449,180
577.77,225.26,67.52,105.449,180
603.14,258.95,67.52,105.449,180
674.52,323.9,67.52,105.449,180
773.28,442.72,67.52,105.449,180
887.04,484.75,67.52,105.449,180
788.68,351.65,67.52,105.449,180
767.42,295.02,67.52,105.449,180
756.69,262.03,67.52,105.449,180
687.35,258.54,67.52,105.449,180
679.29,236.57,67.52,105.449,180
679.43,222.21,67.52,106.853,180
691.02,207.56,67.52,106.853,180
715.16,198.99,67.52,106.853,180
728.9,219.9,67.52,106.853,180
736.06,240.68,67.52,106.853,180
856.9,307.75,67.52,106.853,180
916.93,480.12,67.52,106.853,180
849.57,479.3,67.52,106.853,180
680.9,334.03,67.52,106.853,180
597.32,283.73,67.52,106.853,180
532.24,232.08,67.52,106.853,180
572.13,213.64,67.52,106.853,180
456.63,217.9,67.52,106.853,180
452.32,217.58,67.52,106.853,180
478.34,224.31,67.52,106.853,180
515.33,241.53,67.52,106.853,180
601.25,295.09,67.52,106.853,180
681.02,378.4,67.52,106.853,180
847.34,479.97,67.52,106.853,180
670.11,324.38,67.52,106.853,180
635.06,273.02,67.52,106.853,180
648.12,243.55,67.52,106.853,180
618.59,228.57,67.52,106.853,180
622.2,218.66,67.52,106.853,180
631.24,210,67.52,105.416,180
645.82,193.8,67.52,105.416,180
629.92,182.96,67.52,105.416,180
629.46,195.02,67.52,105.416,180
633.63,218.46,67.52,105.416,180
650.99,257.47,67.52,105.416,180
706.59,285.81,67.52,105.416,180
797.1,332.53,67.52,105.416,180
709.9,301.56,67.52,105.416,180
655.36,280.05,67.52,105.416,180
617.1,277.7,67.52,105.416,180
638.02,262.7,67.52,105.416,180
529.95,254.99,67.52,105.416,180
508.08,255,67.52,105.416,180
464.97,263.58,67.52,105.416,180
499.38,267.05,67.52,105.416,180
533.37,292.35,67.52,105.416,180
548.74,319.66,67.52,105.416,180
768.99,343.7,67.52,105.416,180
605.23,290.1,67.52,105.416,180
558.03,248.54,67.52,105.416,180
532.4,225.19,67.52,105.416,180
531.47,202.06,67.52,105.416,180
579.66,231.32,67.52,105.416,180
574.47,219.6,67.52,98.389,180
545.75,212.12,67.52,98.389,180
550.4,211.62,67.52,98.389,180
576.65,218.92,67.52,98.389,180
573.73,229.49,67.52,98.389,180
608.89,278.37,67.52,98.389,180
651.25,350,67.52,98.389,180
767.92,412.65,67.52,98.389,180
700.42,327.39,67.52,98.389,180
690.2,297.26,67.52,98.389,180
636.96,282.41,67.66,98.389,180
608.23,262.01,67.7,98.389,180
538.62,238.37,67.7,98.389,180
494.14,221.42,67.7,98.389,180
535.58,242.69,67.7,98.389,180
572.5,258.6,67.7,98.389,180
598.81,274,67.7,98.389,180
679.71,290,67.7,98.389,180
846.3,299.3,67.7,98.389,180
683.54,266.99,67.7,98.389,180
650.84,217.94,67.7,98.389,180
672.47,220.03,67.7,98.389,180
574.71,193,67.7,98.389,180
541.34,191.76,67.7,98.389,180
541.54,174,67.7,70.556,180
545.74,163.8,67.7,70.556,180
561.95,144.74,67.7,70.556,180
569.91,139.9,67.7,70.556,180
607.33,133.36,67.7,70.556,180
809.45,147.49,67.7,70.556,180
792.61,159.44,67.7,70.556,180
727.84,186.62,67.7,70.556,180
574.06,199.33,67.7,70.556,180
512.51,185.09,67.7,70.556,180
471.57,160,67.7,70.556,180
536.1,144.91,67.7,70.556,180
454.86,136.57,67.7,70.556,180
431.97,118.78,67.7,70.556,180
465.26,120,67.7,70.556,180
460.35,133.21,67.7,70.556,180
596.13,169.45,67.7,70.556,180
713.8,184.83,67.7,70.556,180
823.12,195.73,67.7,70.556,180
706.83,158.04,67.7,70.556,180
709.49,143.39,67.7,70.556,180
670.08,140.08,67.7,70.556,180
611.77,128.71,67.7,70.556,180
585.21,76.54,67.7,70.556,180
592.34,67.9,67.7,70.556,180
605.15,65.99,67.7,70.556,180
618.9,69.44,67.7,70.556,180
625.21,79.12,67.7,70.556,180
657.19,75.55,67.7,70.556,180
865.29,71.4,67.7,70.556,180
887.62,75.95,67.7,70.556,180
754.08,87.58,67.7,70.556,180
624.37,84.83,67.7,70.556,180
528.51,75.32,67.7,70.556,180
522.48,67.51,67.7,70.556,180
616.55,51.01,67.7,70.556,180
499.54,12.49,67.7,70.556,180
506.02,16.74,67.7,70.556,180
530.21,64.99,67.7,70.556,180
565.4,75.44,67.7,70.556,180
618.19,168.01,67.7,70.556,180
692.19,195.27,67.7,70.556,180
827.96,222.87,67.7,70.556,180
710.08,177.16,67.7,70.556,180
712.23,144.96,67.7,70.556,180
674.77,140.04,67.7,70.556,180
674.63,134.55,67.7,70.556,180
597.73,128.31,67.7,70.556,180
590.75,114.41,67.7,72.295,180
590.76,105.65,67.7,72.295,180
593.27,89.64,67.7,72.295,180
587.98,86.14,67.7,72.295,180
645.4,108.44,67.7,72.295,180
853.23,129.28,67.7,72.295,180
882.84,158.64,67.7,72.295,180
778.48,182.42,67.7,72.295,180
650.3,161.1,67.7,72.295,180
561.2,128.32,67.7,72.295,180
528.36,128.92,67.7,72.295,180
579.42,117.49,67.7,72.295,180
483.56,117.64,67.7,72.295,180
485.18,123.27,67.7,72.295,180
478.75,139.38,67.7,72.295,180
516.34,169.71,67.7,72.295,180
592.02,222.32,67.7,72.295,180
719.17,266.23,67.7,72.295,180
851.35,272.22,67.7,72.295,180
695.93,229.93,67.7,72.295,180
669.33,175.42,67.7,72.295,180
633.75,162.65,67.7,72.295,180
548.71,145.02,67.7,72.295,180
527.86,141.64,67.7,72.295,180
503.1,135.71,67.7,62.112,180
494.13,140.35,67.7,62.112,180
513.33,139.95,67.7,62.112,180
521.93,150.3,67.7,62.112,180
559.99,149.51,67.7,62.112,180
719.77,198.47,67.7,62.112,180
812.97,258.73,67.7,62.112,180
676.58,277.3,67.7,62.112,180
609.81,242.16,67.7,62.112,180
591.78,201.96,67.7,62.112,180
564.22,180.01,67.7,62.112,180
620.07,167.15,67.7,62.112,180
540.1,152.92,67.7,62.112,180
514.41,145.93,67.7,62.112,180
505.58,153.57,67.7,62.112,180
547.96,158.83,67.7,62.112,180
629.34,219.78,67.7,62.112,180
726.39,245.16,67.7,62.112,180
908.72,251.43,67.7,62.112,180
846.7,201.05,67.7,62.112,180
879.72,167.09,67.7,62.112,180
838.97,163.29,67.7,62.112,180
769.69,153.92,67.7,62.112,180
776.69,131.62,67.7,62.112,180
775.72,125.18,67.7,60.722,180
784.22,121.42,67.7,60.722,180
807.1,125.12,67.7,60.722,180
839.04,133.18,67.7,60.722,180
892.06,148.6,67.7,60.722,180
1005.01,169.43,67.7,60.722,180
1061.24,240.65,67.7,60.722,180
1004.34,247.74,67.7,60.722,180
825.82,216.69,67.7,60.722,180
792.27,187.31,67.7,60.722,180
725.73,174.76,68.39,60.722,180
728.84,152.62,68.62,60.722,180
629.8,148.19,68.62,60.722,180
617.07,142.48,68.62,60.722,180
619.16,151.26,68.62,60.722,180
683.16,168.93,68.62,60.722,180
756.78,197.84,68.62,60.722,180
791.64,240.16,68.62,60.722,180
1005.72,226.92,68.62,60.722,180
838.33,166.5,68.62,60.722,180
839.01,146.57,68.62,60.722,180
803.8,148.15,68.62,60.722,180
816.11,131.57,68.62,60.722,180
829.68,127.53,68.62,60.722,180
805.4,114.89,68.62,70.452,180
778.33,77.39,68.62,70.452,180
764.24,76.02,68.62,70.452,180
764.94,71.97,68.62,70.452,180
749.35,112.34,68.62,70.452,180
742.97,149.52,68.62,70.452,180
782.91,172.71,68.62,70.452,180
876.27,195.81,68.62,70.452,180
880.81,167.65,68.62,70.452,180
887.21,167.41,68.62,70.452,180
888.91,155.51,68.62,70.452,180
854.94,132.2,68.62,70.452,180
707.01,129.66,68.62,70.452,180
657.31,130.3,68.62,70.452,180
706.11,138.61,68.62,70.452,180
718.21,149.14,68.62,70.452,180
776.21,169.34,68.62,70.452,180
822.71,177.68,68.62,70.452,180
987.23,184.05,68.62,70.452,180
828.51,167.18,68.62,70.452,180
819.91,141.48,68.62,70.452,180
854.18,132.73,68.62,70.452,180
725.03,124.11,68.62,70.452,180
748.81,131.73,68.62,70.452,180
772.66,118.62,68.62,63.773,180
771.71,113.36,68.62,63.773,180
769.99,111.01,68.62,63.773,180
775.76,115.97,68.62,63.773,180
765.89,136.36,68.62,63.773,180
796.58,155.77,68.62,63.773,180
830.2,180.85,68.62,63.773,180
880.28,194.58,68.62,63.773,180
868.24,194.62,68.62,63.773,180
871.03,181.74,68.62,63.773,180
811.88,177.96,68.08,63.773,180
828.79,174.07,67.9,63.773,180
708.15,166.5,67.9,63.773,180
677.17,168.96,67.9,63.773,180
663.29,171.07,67.9,63.773,180
731.14,178.83,67.9,63.773,180
746,197.18,67.9,63.773,180
782.35,201.49,67.9,63.773,180
861.89,209.94,67.9,63.773,180
682.64,179.04,67.9,63.773,180
692.8,164.6,67.9,63.773,180
646.48,155.34,67.9,63.773,180
580.32,143.21,67.9,63.773,180
545.96,143.22,67.9,63.773,180
526.23,132.71,67.9,46.188,180
507.97,129.03,67.9,46.188,180
507.22,132.49,67.9,46.188,180
556.37,132.74,67.9,46.188,180
615.97,134.9,67.9,46.188,180
825.67,133.8,67.9,46.188,180
910.74,141.2,67.9,46.188,180
823.56,145.49,67.9,46.188,180
710.28,145.6,67.9,46.188,180
664.82,140.45,67.9,46.188,180
631.6,132.35,67.9,46.188,180
693.46,129.14,67.9,46.188,180
548.5,121.17,67.9,46.188,180
576.52,114.85,67.9,46.188,180
600,116.8,67.9,46.188,180
595.37,132.8,67.9,46.188,180
716.89,159.12,67.9,46.188,180
770.89,179.13,67.9,46.188,180
933.03,183.23,67.9,46.188,180
798.31,164.16,67.9,46.188,180
742.28,143,67.9,46.188,180
775.28,137.01,67.9,46.188,180
693.4,132.42,67.9,46.188,180
698.98,110.66,67.9,46.188,180
653.02,99.15,67.9,46.188,180
679.55,93.54,67.9,46.188,180
665.93,90,67.9,46.188,180
710.08,92.21,67.9,46.188,180
701.37,88.55,67.9,46.188,180
960.26,104.8,67.9,46.188,180
878.15,110,67.9,46.188,180
840.69,121.46,67.9,46.188,180
728.72,114.86,67.9,46.188,180
709.01,96,67.9,46.188,180
708.47,93.23,67.9,46.188,180
749.79,83.47,67.9,46.188,180
652.6,76.17,67.9,46.188,180
667.77,78.31,67.9,46.188,180
664.2,80.02,67.9,46.188,180
689.29,89.23,67.9,46.188,180
756.94,103.87,67.9,46.188,180
839.17,112.44,67.9,46.188,180
945.11,115.49,67.9,46.188,180
840.81,102.98,67.9,46.188,180
865.67,87.33,67.9,46.188,180
778.45,80.71,67.9,46.188,180
715.05,73.53,67.9,46.188,180
680.06,52.81,67.9,46.188,180
682.8,49.82,67.9,48.243,180
685.31,38.08,67.9,48.243,180
693.69,25.08,67.9,48.243,180
711.84,38.07,67.9,48.243,180
759.72,52.33,67.9,48.243,180
939.83,68.29,67.9,48.243,180
979.54,103.69,67.9,48.243,180
884.72,122.1,67.9,48.243,180
771.03,108.91,67.9,48.243,180
715.5,104.75,67.9,48.243,180
661.58,81.49,67.9,48.243,180
701,68.1,67.9,48.243,180
606.56,67.82,67.9,48.243,180
551.76,68.19,67.9,48.243,180
578,76.16,67.9,48.243,180
611.97,82.5,67.9,48.243,180
672.44,109.98,67.9,48.243,180
726.94,122.27,67.9,48.243,180
921.19,134.3,67.9,48.243,180
811.38,109.23,67.9,48.243,180
753.34,86.73,67.9,48.243,180
719.25,85.67,67.9,48.243,180
678.44,78.4,67.9,48.243,180
656.35,56.93,67.9,48.243,180
670.53,50.59,67.9,32.476,180
664.8,56.49,67.9,32.476,180
679.22,56.19,67.9,32.476,180
704.59,67.4,67.9,32.476,180
726.86,70.67,67.9,32.476,180
914.09,86.88,67.9,32.476,180
952.74,118.65,67.9,32.476,180
869.35,139.43,67.9,32.476,180
787.87,126.17,67.9,32.476,180
712.38,102.21,67.9,32.476,180
643.31,100.1,67.9,32.476,180
680.05,93.81,67.9,32.476,180
594.01,78.72,67.9,32.476,180
575.97,79.98,67.9,32.476,180
577.08,92.11,67.9,32.476,180
647.45,115.6,67.9,32.476,180
739.5,154.83,67.9,32.476,180
785.29,180.31,67.9,32.476,180
900.88,186.33,67.9,32.476,180
777.71,152.7,67.9,32.476,180
786.85,130.43,67.9,32.476,180
777.89,120.67,67.9,32.476,180
727.63,112.33,67.9,32.476,180
687.42,97.6,67.9,32.476,180
715.93,91.39,67.9,39.904,180
737.95,88.23,67.9,39.904,180
758.03,88.69,67.9,39.904,180
767.84,96.53,67.9,39.904,180
779.95,107.51,67.9,39.904,180
969.49,128.04,67.9,39.904,180
1013.62,154.98,67.9,39.904,180
908.75,162.1,67.9,39.904,180
792.31,150.06,67.9,39.904,180
757.97,133.31,67.9,39.904,180
687.52,118.58,67.9,39.904,180
719.25,112.49,67.9,39.904,180
662.59,115.93,67.9,39.904,180
620.07,118.53,67.9,39.904,180
663.67,124.91,67.9,39.904,180
703.97,146.98,67.9,39.904,180
784.41,144.72,67.9,39.904,180
806.3,154.9,67.9,39.904,180
963.98,151.81,67.9,39.904,180
814.29,127.65,67.9,39.904,180
806.89,109.99,67.9,39.904,180
797.73,98.47,67.9,39.904,180
806.18,90.1,67.9,39.904,180
792.23,91.91,67.9,39.904,180
769.47,96.11,67.9,49.657,180
753.6,98.14,67.9,49.657,180
743.17,96.01,67.9,49.657,180
749.77,98.34,67.9,49.657,180
752.85,114.44,67.9,49.657,180
754.28,136.72,67.9,49.657,180
801.37,176.79,67.9,49.657,180
874.51,177.25,67.9,49.657,180
892.04,145.1,67.9,49.657,180
958.08,130.36,67.9,49.657,180
968.86,118.81,67.9,49.657,180
977.3,107.59,67.9,49.657,180
811.2,100.86,67.9,49.657,180
818.43,105.72,67.9,49.657,180
779.19,120.06,67.9,49.657,180
814.31,140.69,67.9,49.657,180
829.59,159.56,67.9,49.657,180
807.17,154.95,67.9,49.657,180
956.72,143.61,67.9,49.657,180
789.25,131.82,67.9,49.657,180
770.3,128,67.9,49.657,180
781.35,121.34,67.9,49.657,180
763.33,98.29,67.9,49.657,180
728.62,88.18,67.9,49.657,180
759.54,87.55,67.9,37.635,180
761.82,88.18,67.9,37.635,180
726.08,88.04,67.9,37.635,180
744.11,89.21,67.9,37.635,180
742.77,92.85,67.9,37.635,180
763.91,114.91,67.9,37.635,180
800.14,127.59,67.9,37.635,180
895.39,133.94,67.9,37.635,180
891.12,123.58,67.9,37.635,180
983.39,119.6,67.9,37.635,180
945.21,104.99,77.54,37.635,180
953.64,99.95,80.76,37.635,180
767.21,88.9,80.76,37.635,180
797.81,92.18,80.76,37.635,180
774.41,96.17,80.76,37.635,180
832.31,105.92,80.76,37.635,180
850.51,125.18,80.76,37.635,180
892.41,129.08,80.76,37.635,180
1092.93,127.67,80.76,37.635,180
927.91,112.9,80.76,37.635,180
924.81,102.21,80.76,37.635,180
892.51,101.61,80.76,37.635,180
883.69,92.03,80.76,37.635,180
828.83,93.31,80.76,37.635,180
816.03,92.77,80.76,31.835,180
810.16,90.41,80.76,31.835,180
789.08,87.98,80.76,31.835,180
765.56,87,80.76,31.835,180
766.91,86.67,80.76,31.835,180
780.1,91.39,80.76,31.835,180
977.97,101.32,80.76,31.835,180
1069.18,115.04,80.76,31.835,180
869.17,109,80.76,31.835,180
807.24,95.48,80.76,31.835,180
822.66,87,80.76,31.835,180
826.98,84.85,80.76,31.835,180
710.65,81.46,80.76,31.835,180
725.14,84.51,80.76,31.835,180
678.11,89.96,80.76,31.835,180
722.29,112.92,80.76,31.835,180
749.18,123.01,80.76,31.835,180
826.82,139.91,80.76,31.835,180
977.7,138.24,80.76,31.835,180
869.39,121.85,80.76,31.835,180
786.26,109.9,80.76,31.835,180
801.86,104.04,80.76,31.835,180
737.01,97.49,80.76,31.835,180
745.91,103.01,80.76,31.835,180
721.47,100.49,80.76,31.835,180
699.22,100.2,80.76,31.835,180
695.25,99.92,80.76,31.835,180
715.32,98.31,80.76,31.835,180
730.99,98.46,80.76,31.835,180
752.51,98.98,80.76,31.835,180
922.18,100.55,80.76,31.835,180
980.79,110.04,80.76,31.835,180
808.09,113.33,80.76,31.835,180
806.09,104.18,80.76,31.835,180
731.36,97.81,80.76,31.835,180
759.1,100.03,80.76,31.835,180
720.19,100,80.76,31.835,180
672.83,100,80.76,31.835,180
632.94,109.43,80.76,31.835,180
649.48,124.61,80.76,31.835,180
685.78,140.15,80.76,31.835,180
705.75,156,80.76,31.835,180
871.18,170.38,80.76,31.835,180
748.44,165,80.76,31.835,180
756.01,147.52,80.76,31.835,180
722.38,138.96,80.76,31.835,180
622.96,127,80.76,31.835,180
622.24,109.26,80.76,31.835,180
579.82,129.38,80.76,35.011,180
536.11,119.09,80.76,35.011,180
536.02,116.32,80.76,35.011,180
539.66,114.6,80.76,35.011,180
547.29,115.07,80.76,35.011,180
624.44,123.45,80.76,35.011,180
765.77,145.62,80.76,35.011,180
917.59,166.39,80.76,35.011,180
724.34,168,80.76,35.011,180
686.21,153.3,80.76,35.011,180
620.34,143.35,80.76,35.011,180
704.51,141.95,80.76,35.011,180
624.75,141.96,80.76,35.011,180
618.42,145.96,80.76,35.011,180
616.1,155,80.76,35.011,180
612.79,169.15,80.76,35.011,180
619.88,179.48,80.76,35.011,180
683.15,201.51,80.76,35.011,180
841.72,182.84,80.76,35.011,180
741.43,167.81,80.76,35.011,180
727.37,147.09,80.76,35.011,180
746.23,136.78,80.76,35.011,180
703.66,120.51,80.76,35.011,180
648.14,100.73,80.76,35.011,180
626.19,80.65,80.76,39.241,180
653.1,76.68,80.76,39.241,180
640.03,55.26,80.76,39.241,180
634.52,37,80.76,39.241,180
648.3,38.76,80.76,39.241,180
676.37,54.63,80.76,39.241,180
813.73,59.95,80.76,39.241,180
969.67,77.99,80.76,39.241,180
772.95,84.4,80.76,39.241,180
665.35,67.65,80.76,39.241,180
681.51,57.18,80.76,39.241,180
745.84,48.91,80.76,39.241,180
598.51,38.59,80.76,39.241,180
636.29,41.24,80.76,39.241,180
598.68,68.89,80.76,39.241,180
644.71,80,80.76,39.241,180
680.27,89.39,80.76,39.241,180
664.65,114.5,80.76,39.241,180
894.26,125.63,80.76,39.241,180
700.73,102.08,80.76,39.241,180
710.31,84.19,80.76,39.241,180
695.11,71.67,80.76,39.241,180
697.9,69.57,80.76,39.241,180
601.08,27.71,80.76,39.241,180
578.82,54.92,80.76,29.463,180
562.98,24.34,80.76,29.463,180
572.16,17.38,80.76,29.463,180
560.17,15.28,80.76,29.463,180
564.44,20.2,80.76,29.463,180
587.99,30.01,80.76,29.463,180
673.4,69.71,80.76,29.463,180
825.73,97.19,80.76,29.463,180
730.81,97.12,80.76,29.463,180
685.96,73.03,80.76,29.463,180
673.77,47.08,80.76,29.463,180
731.65,42.58,80.76,29.463,180
593.1,39.94,80.76,29.463,180
641.87,52.66,80.76,29.463,180
629.61,72.17,80.76,29.463,180
646.57,91.3,80.76,29.463,180
718.95,105.36,80.76,29.463,180
708.32,146.89,80.76,29.463,180
816.02,148.93,80.76,29.463,180
677.28,130,80.76,29.463,180
671.94,97.19,80.76,29.463,180
665.03,83.72,80.76,29.463,180
616.12,88.66,80.76,29.463,180
621.02,81.66,80.76,29.463,180
611.64,75.73,80.76,44.915,180
568.25,71.79,80.76,44.915,180
568.94,46.42,80.76,44.915,180
562.54,45.09,80.76,44.915,180
567.82,43.83,80.76,44.915,180
576.15,71.58,80.76,44.915,180
590.58,87.67,80.76,44.915,180
696.69,99.77,80.76,44.915,180
695.2,112.99,80.76,44.915,180
703.8,106.7,80.76,44.915,180
775.5,94.15,80.76,44.915,180
847.51,108.25,80.76,44.915,180
756.98,110.43,80.76,44.915,180
714.18,128.94,80.76,44.915,180
736.57,125.26,80.76,44.915,180
673.37,136.3,80.76,44.915,180
672.45,133.62,80.76,44.915,180
699.05,137.46,80.76,44.915,180
873.68,128.71,80.76,44.915,180
781.74,132.21,80.76,44.915,180
752.04,128.28,80.76,44.915,180
728.94,109.08,80.76,44.915,180
727.64,124.39,80.76,44.915,180
694.55,113.5,80.76,44.915,180
686.87,88.11,80.76,76.072,180
684.57,93.04,80.76,76.072,180
675.95,89.06,80.76,76.072,180
667.53,94.22,80.76,76.072,180
679.39,114.49,80.76,76.072,180
676.77,129.47,80.76,76.072,180
688.06,174.79,80.76,76.072,180
793.51,206.05,80.76,76.072,180
767.4,215.15,80.76,76.072,180
836.48,209.9,80.76,76.072,180
840.48,204.96,80.76,76.072,180
854.53,202.78,78.8,76.072,180
746.22,203.05,78.14,76.072,180
675.13,189.01,78.14,76.072,180
642.33,207.56,78.14,76.072,180
746.72,212.96,78.14,76.072,180
751.9,217.42,78.14,76.072,180
794.79,239.99,78.14,76.072,180
979.29,240.55,78.14,76.072,180
889.74,217.74,78.14,76.072,180
888.33,195.58,78.14,76.072,180
795.54,187,78.14,76.072,180
739.83,179.8,78.14,76.072,180
651.4,172.21,78.14,76.072,180
614.4,150.59,78.14,57.647,180
596.25,136.89,78.14,57.647,180
584.9,132.54,78.14,57.647,180
596.13,130.65,78.14,57.647,180
585.39,130.65,78.14,57.647,180
638.56,135,78.14,57.647,180
848.9,135.99,78.14,57.647,180
943.09,142.2,78.14,57.647,180
698.63,142.82,78.14,57.647,180
668.85,144.35,78.14,57.647,180
653.09,137.12,78.14,57.647,180
705.63,128.4,78.14,57.647,180
625.61,125.56,78.14,57.647,180
602.91,115.03,78.14,57.647,180
616.81,126.63,78.14,57.647,180
592.7,138.03,78.14,57.647,180
651.11,151.05,78.14,57.647,180
690.22,166.93,78.14,57.647,180
911.4,170,78.14,57.647,180
779.74,163.29,78.14,57.647,180
753.61,112.98,78.14,57.647,180
829.18,94.06,78.14,57.647,180
734.31,91.28,78.14,57.647,180
660.01,72.85,78.14,57.647,180
620.45,57.85,78.14,57.647,180
600.3,23.7,78.14,57.647,180
601.57,35.03,78.14,57.647,180
604.95,21.66,78.14,57.647,180
617.08,64.53,78.14,57.647,180
641.35,27.14,78.14,57.647,180
826.89,53.5,78.14,57.647,180
912.58,31.3,78.14,57.647,180
678.98,37.44,78.14,57.647,180
675.37,44.91,78.14,57.647,180
652.97,59.51,78.14,57.647,180
723.8,50.47,78.14,57.647,180
624.28,64.05,78.14,57.647,180
638.81,39.46,78.14,57.647,180
591.64,82.07,78.14,57.647,180
611.74,84.97,78.14,57.647,180
638.24,85.05,78.14,57.647,180
712.68,100.81,78.14,57.647,180
866.35,77.54,78.14,57.647,180
798.95,73.7,78.14,57.647,180
748.88,36.97,78.14,57.647,180
708.13,27.15,78.14,57.647,180
685.51,27.59,78.14,57.647,180
634.75,19.85,78.14,57.647,180
617.85,0.09,78.14,60.249,180
597.85,0.09,78.14,60.249,180
587.58,0.09,78.14,60.249,180
597.42,0.3,78.14,60.249,180
604.56,5,78.14,60.249,180
643.75,9.07,78.14,60.249,180
842.12,54.32,78.14,60.249,180
973.71,99.52,78.14,60.249,180
693.52,105.04,78.14,60.249,180
680.34,84.4,78.14,60.249,180
651.89,67.14,78.14,60.249,180
707.45,68.86,78.14,60.249,180
635.84,70.46,78.14,60.249,180
686.95,84.35,78.14,60.249,180
665.76,98.87,78.14,60.249,180
625.04,151.61,78.14,60.249,180
689.21,149.05,78.14,60.249,180
735.51,155.57,78.14,60.249,180
907.84,156.49,78.14,60.249,180
800.9,140.15,78.14,60.249,180
778.98,110.07,78.14,60.249,180
759.1,84.33,78.14,60.249,180
713.51,77.06,78.14,60.249,180
684.06,54.36,78.14,60.249,180
651.2,77.58,78.14,58.408,180
621.37,79.51,78.14,58.408,180
626.93,73.45,78.14,58.408,180
625.4,71.22,78.14,58.408,180
632.66,62.99,78.14,58.408,180
667.44,76.77,78.14,58.408,180
848.13,85.41,78.14,58.408,180
984.33,129.24,78.14,58.408,180
729.75,135.49,78.14,58.408,180
678.79,91.3,78.14,58.408,180
650.53,71.38,78.14,58.408,180
721.8,75.62,78.14,58.408,180
639.62,72.86,78.14,58.408,180
620.65,91.23,78.14,58.408,180
620.99,93.46,78.14,58.408,180
637.26,121.03,78.14,58.408,180
664.59,123.3,78.14,58.408,180
731.23,135.27,78.14,58.408,180
867.18,142.1,78.14,58.408,180
792.21,119.78,78.14,58.408,180
798.27,98.6,78.14,58.408,180
769.99,84.98,78.14,58.408,180
741.7,99.77,78.14,58.408,180
690.84,71.37,78.14,58.408,180
632.62,74.42,78.14,84.444,180
624.88,74.41,78.14,84.444,180
617.75,64.97,78.14,84.444,180
615.77,68.06,78.14,84.444,180
625.21,68.38,78.14,84.444,180
642.17,87.3,78.14,84.444,180
866.08,117.05,78.14,84.444,180
914.06,148.63,78.14,84.444,180
729.93,160.58,78.14,84.444,180
690.5,147.2,78.14,84.444,180
678.32,129.13,78.14,84.444,180
738,117.83,78.14,84.444,180
642.56,114.07,78.14,84.444,180
651.9,119.49,78.14,84.444,180
665.49,144.36,78.14,84.444,180
637.26,149.07,78.14,84.444,180
692.81,159.06,78.14,84.444,180
718.97,192.11,78.14,84.444,180
855.53,199.96,78.14,84.444,180
712.38,168.84,78.14,84.444,180
678.81,149.1,78.14,84.444,180
671.98,140.69,78.14,84.444,180
648.14,127.73,78.14,84.444,180
640.81,118.81,78.14,84.444,180
627.57,114.54,78.14,93.987,180
599.96,110,78.14,93.987,180
593.51,99.8,78.14,93.987,180
598.75,102.14,78.14,93.987,180
600.49,99.77,78.14,93.987,180
606.31,112.55,78.14,93.987,180
620.62,153.19,78.14,93.987,180
682.62,182.06,78.14,93.987,180
718.73,199.12,78.14,93.987,180
770.46,167.52,78.14,93.987,180
812.19,124.34,78.14,93.987,180
873.21,123.34,78.14,93.987,180
771.56,89.52,78.14,93.987,180
710.13,101.24,78.14,93.987,180
756.05,126.98,78.14,93.987,180
733.97,153.24,78.14,93.987,180
715.41,184.65,78.14,93.987,180
760.07,197.44,78.14,93.987,180
885.86,198.24,78.14,93.987,180
731.84,181.95,78.14,93.987,180
703.26,145.07,78.14,93.987,180
661.08,125.35,78.14,93.987,180
661.93,121.98,78.14,93.987,180
622.98,79.99,78.14,93.987,180
618.57,70.25,78.14,85.324,180
583.61,67.97,78.14,85.324,180
576.83,67.97,78.14,85.324,180
574.27,68.19,78.14,85.324,180
578.7,75.77,78.14,85.324,180
578.05,81.26,78.14,85.324,180
586.2,109,78.14,85.324,180
675.08,134.81,78.14,85.324,180
665.07,149.07,78.14,85.324,180
741.28,125.52,78.14,85.324,180
785.66,111.32,78.14,85.324,180
888.47,109.45,74.53,85.324,180
765.89,104.49,73.33,85.324,180
736.14,114.22,73.33,85.324,180
730.67,134.74,73.33,85.324,180
714.59,174.1,73.33,85.324,180
728.08,179.61,73.33,85.324,180
755.35,208.51,73.33,85.324,180
926.97,206.79,73.33,85.324,180
852.74,177.37,73.33,85.324,180
767.46,156.21,73.33,85.324,180
739.9,133.13,73.33,85.324,180
685.49,128.23,73.33,85.324,180
628.4,121.04,73.33,85.324,180
608.19,137.41,73.33,69.845,180
583.01,134.21,73.33,69.845,180
580.57,130.01,73.33,69.845,180
578.26,126.8,73.33,69.845,180
588.85,129.44,73.33,69.845,180
636.25,129.68,73.33,69.845,180
763.51,158,73.33,69.845,180
878.44,172.29,73.33,69.845,180
628.54,171.72,73.33,69.845,180
618.21,166.93,73.33,69.845,180
601.92,141.85,73.33,69.845,180
671.68,130.89,73.33,69.845,180
591.68,134.16,73.33,69.845,180
590.96,138.03,73.33,69.845,180
634.89,148.94,73.33,69.845,180
623,206.97,73.33,69.845,180
681.96,194.53,73.33,69.845,180
723.72,240.7,73.33,69.845,180
852.84,238,73.33,69.845,180
826.57,199.71,73.33,69.845,180
725.12,177.44,73.33,69.845,180
743.98,166.84,73.33,69.845,180
698.16,160.86,73.33,69.845,180
676.86,158.69,73.33,69.845,180
648.56,168.8,73.33,69.845,180
621.26,152.21,73.33,69.845,180
613.24,143,73.33,69.845,180
616.46,127,73.33,69.845,180
635.56,134.07,73.33,69.845,180
708.94,135.29,73.33,69.845,180
831.85,135.29,73.33,69.845,180
935.96,150.75,73.33,69.845,180
722.41,155.96,73.33,69.845,180
724.03,131.57,73.33,69.845,180
679.17,120.31,73.33,69.845,180
739.27,133,73.33,69.845,180
645.08,130.13,73.33,69.845,180
637.01,125,73.33,69.845,180
636.23,137.4,73.33,69.845,180
651.29,141.87,73.33,69.845,180
675.09,150.38,73.33,69.845,180
741.05,187.61,73.33,69.845,180
930.33,197.86,73.33,69.845,180
810.72,165.12,73.33,69.845,180
794.81,150.04,73.33,69.845,180
802.5,141.04,73.33,69.845,180
750.4,141.39,73.33,69.845,180
693.5,122.11,73.33,69.845,180
647.8,100.01,73.33,75.351,180
653.94,101.43,73.33,75.351,180
632.08,93.88,73.33,75.351,180
629.41,107.13,73.33,75.351,180
627.32,108.75,73.33,75.351,180
669.36,121.88,73.33,75.351,180
823.46,167.38,73.33,75.351,180
978.05,205.1,73.33,75.351,180
721.61,208.9,73.33,75.351,180
667.57,166.45,73.33,75.351,180
669.2,142.4,73.33,75.351,180
716.27,129.9,73.33,75.351,180
634.23,143.33,73.33,75.351,180
639.01,165.69,73.33,75.351,180
643.69,207.32,73.33,75.351,180
659.45,212.28,73.33,75.351,180
655.33,212.44,73.33,75.351,180
766.9,254.18,73.33,75.351,180
866.51,217.88,73.33,75.351,180
775.37,187.44,73.33,75.351,180
833.15,160.49,73.33,75.351,180
801.75,139.71,73.33,75.351,180
735.64,157.58,73.33,75.351,180
665.24,147.57,73.33,75.351,180
644.54,136.2,73.33,104.726,180
661.16,129.31,73.33,104.726,180
658.37,128.85,73.33,104.726,180
658.98,110.15,73.33,104.726,180
689.41,111.17,73.33,104.726,180
707.04,129.92,73.33,104.726,180
908.61,163.62,73.33,104.726,180
943.16,211.53,73.33,104.726,180
773.84,222.74,73.33,104.726,180
702.42,210,73.33,104.726,180
657.7,199.92,73.33,104.726,180
679.21,198.81,73.33,104.726,180
602.37,189.84,73.33,104.726,180
618.56,205.65,73.33,104.726,180
649.44,222.18,73.33,104.726,180
644.42,224.08,73.33,104.726,180
668.23,217.35,73.33,104.726,180
697.72,220,73.33,104.726,180
887.95,214.24,73.33,104.726,180
758,220.69,73.33,104.726,180
776.21,174.98,73.33,104.726,180
723.6,153.52,73.33,104.726,180
717.14,137.91,73.33,104.726,180
664.99,122.27,73.33,104.726,180
638.37,79.17,73.33,118.513,180
590.09,79.18,73.33,118.513,180
562.35,79.15,73.33,118.513,180
586.01,70.49,73.33,118.513,180
607.13,70.49,73.33,118.513,180
656.06,79.18,73.33,118.513,180
851.57,120.01,73.33,118.513,180
925.86,151.33,73.33,118.513,180
803.6,168.15,73.33,118.513,180
706.94,176.09,73.33,118.513,180
680.29,174.42,73.33,118.513,180
729.26,163.78,73.33,118.513,180
637.75,180.48,73.33,118.513,180
622.72,184.01,73.33,118.513,180
672.1,201.07,73.33,118.513,180
711.88,220.58,73.33,118.513,180
743.86,236.1,73.33,118.513,180
782.35,241.41,73.33,118.513,180
891.07,202.94,73.33,118.513,180
761.24,163.72,73.33,118.513,180
735.74,146.08,73.33,118.513,180
759.83,114.1,73.33,118.513,180
730.63,83.32,73.33,118.513,180
748.92,64.91,73.33,118.513,180
688.72,47.95,73.33,108.676,180
705.6,23.92,73.33,108.676,180
690.2,16.45,73.33,108.676,180
669.14,10.39,73.33,108.676,180
669.57,5.88,73.33,108.676,180
662.23,11.06,73.33,108.676,180
658.79,66.55,73.33,108.676,180
768.27,84.84,73.33,108.676,180
780.2,96.08,73.33,108.676,180
860.45,89.9,73.33,108.676,180
849.99,83.65,73.33,108.676,180
968.35,86.78,73.33,108.676,180
845.24,112.44,73.33,108.676,180
815.96,119.83,73.33,108.676,180
768.57,143.17,73.33,108.676,180
794.06,153.4,73.33,108.676,180
779.64,152.65,73.33,108.676,180
826.26,194.93,73.33,108.676,180
963.54,181.8,73.33,108.676,180
802.51,153.63,73.33,108.676,180
760.72,136.68,73.33,108.676,180
748.84,146.84,73.33,108.676,180
747.18,149.8,73.33,108.676,180
737.92,128.91,73.33,108.676,180
735.03,113.02,73.33,102.749,180
713.96,119.67,73.33,102.749,180
718.49,126.83,73.33,102.749,180
734.75,115.82,73.33,102.749,180
728.76,120.05,73.33,102.749,180
715.34,129.97,73.33,102.749,180
713.59,150.05,73.33,102.749,180
766.92,227.79,73.33,102.749,180
775.11,227.23,73.33,102.749,180
867.39,228.56,73.33,102.749,180
929.88,228.56,73.33,102.749,180
961.37,226.43,72.5,102.749,180
812.65,197.37,72.22,102.749,180
866.02,194.91,72.22,102.749,180
841.13,206.91,72.22,102.749,180
874.88,214.98,72.22,102.749,180
913.74,202.98,72.22,102.749,180
905.66,211.8,72.22,102.749,180
1033.2,172.76,72.22,102.749,180
896.25,158.17,72.22,102.749,180
926.37,135.61,72.22,102.749,180
862.27,118.35,72.22,102.749,180
845.02,153.33,72.22,102.749,180
787.75,123.65,72.22,102.749,180
778.58,144.47,72.22,108.688,180
763.79,146.48,72.22,108.688,180
767.52,148.4,72.22,108.688,180
774.74,140.67,72.22,108.688,180
789.32,143.98,72.22,108.688,180
844.28,150,72.22,108.688,180
1045.15,138.98,72.22,108.688,180
1132.47,159.93,72.22,108.688,180
950.74,205.7,72.22,108.688,180
882.13,215.07,72.22,108.688,180
876.56,180.78,72.22,108.688,180
913.6,203.91,72.22,108.688,180
842.85,186.74,72.22,108.688,180
795.8,192.02,72.22,108.688,180
813.34,213.34,72.22,108.688,180
811.71,227.11,72.22,108.688,180
902.99,243.39,72.22,108.688,180
968.35,281.98,72.22,108.688,180
1136.05,287.29,72.22,108.688,180
1035.87,260.7,72.22,108.688,180
1004.74,240,72.22,108.688,180
1001.64,232.09,72.22,108.688,180
953.4,219.05,72.22,108.688,180
893.75,204.82,72.22,108.688,180
842.56,200.74,72.22,108.688,180
832.06,183.92,72.22,108.688,180
825.34,187.42,72.22,108.688,180
834.93,180,72.22,108.688,180
860.43,170.59,72.22,108.688,180
903.03,175.88,72.22,108.688,180
1073.9,180.08,72.22,108.688,180
1178.93,194.19,72.22,108.688,180
1000.2,200.03,72.22,108.688,180
930.03,215.03,72.22,108.688,180
863.3,212.03,72.22,108.688,180
889.61,217.99,72.22,108.688,180
817.49,210.05,72.22,108.688,180
854.7,198.85,72.22,108.688,180
844.47,205.15,72.22,108.688,180
851.37,224.6,72.22,108.688,180
874.24,241.95,72.22,108.688,180
965.26,267.37,72.22,108.688,180
1145.7,273,72.22,108.688,180
1088.8,266.44,72.22,108.688,180
1051.37,244.9,72.22,108.688,180
1085.65,215.1,72.22,108.688,180
1043.65,212.03,72.22,108.688,180
1065.33,169.45,72.22,108.688,180
1035.57,139.35,72.22,109.754,180
1026.11,140.38,72.22,109.754,180
1010.41,149.49,72.22,109.754,180
996.29,144.98,72.22,109.754,180
1002.14,154.8,72.22,109.754,180
1061.49,167.52,72.22,109.754,180
1275.04,270.4,72.22,109.754,180
1373.83,316.94,72.22,109.754,180
1087.56,324.05,72.22,109.754,180
1049.71,308.15,72.22,109.754,180
1003.65,296.18,72.22,109.754,180
1059.7,307.53,72.22,109.754,180
971.16,299.82,72.22,109.754,180
970.69,302.32,72.22,109.754,180
990.76,332.02,72.22,109.754,180
1006.91,333.69,72.22,109.754,180
1015.94,334.68,72.22,109.754,180
1096.77,335.39,72.22,109.754,180
1339.32,315.41,72.22,109.754,180
1194.64,291.43,72.22,109.754,180
1131.89,252.17,72.22,109.754,180
1010.13,220,72.22,109.754,180
979.17,199.93,72.22,109.754,180
929.58,155.03,72.22,109.754,180
878.42,113.67,72.22,115.413,180
892.84,112.45,72.22,115.413,180
902.3,99.97,72.22,115.413,180
904.16,82.15,72.22,115.413,180
934.03,87.9,72.22,115.413,180
974.64,103.72,72.22,115.413,180
1186.86,152.18,72.22,115.413,180
1334.75,229.91,72.22,115.413,180
1075.43,248.97,72.22,115.413,180
1055.46,236.51,72.22,115.413,180
1003.82,242.2,72.22,115.413,180
1074.57,244.41,72.22,115.413,180
971.07,245.18,72.22,115.413,180
992.54,251.76,72.22,115.413,180
972.07,258.96,72.22,115.413,180
982.06,259.97,72.22,115.413,180
1015.68,255.54,72.22,115.413,180
1065.01,284.96,72.22,115.413,180
1213.66,294.9,72.22,115.413,180
1116.46,272.49,72.22,115.413,180
1108.3,248.95,72.22,115.413,180
1091.5,199.13,72.22,115.413,180
1077.25,199.53,72.22,115.413,180
985.22,167.68,72.22,115.413,180
950.13,152.89,72.22,116.079,180
942.22,137.44,72.22,116.079,180
951.92,123.98,72.22,116.079,180
969.71,119.94,72.22,116.079,180
973.43,123.91,72.22,116.079,180
1009.15,149.78,72.22,116.079,180
1231.82,209.19,72.22,116.079,180
1290.41,258.46,72.22,116.079,180
1161.84,268.55,72.22,116.079,180
1081.54,229.95,72.22,116.079,180
1108.26,197.41,72.22,116.079,180
1122.28,172.42,72.22,116.079,180
1033.95,166.64,72.22,116.079,180
1031.5,165.11,72.22,116.079,180
1016.44,180.08,72.22,116.079,180
1033.35,186.68,72.22,116.079,180
1044.23,206.22,72.22,116.079,180
1125.09,223.49,72.22,116.079,180
1257.31,219.51,72.22,116.079,180
1110.15,209.92,72.22,116.079,180
1047.76,153.73,72.22,116.079,180
1054.16,149.77,72.22,116.079,180
1033.96,142.24,72.22,116.079,180
1000.75,124.22,72.22,116.079,180
992.1,141.63,72.22,125.364,180
976.77,127.37,72.22,125.364,180
968.35,122.17,72.22,125.364,180
960.97,117.73,72.22,125.364,180
956.34,126.18,72.22,125.364,180
967.23,153.56,72.22,125.364,180
965.48,207.39,72.22,125.364,180
1046.77,293.16,72.22,125.364,180
1073.18,309.09,72.22,125.364,180
1129.49,294.94,72.22,125.364,180
1267.34,295.02,72.22,125.364,180
1219.16,289.9,72.22,125.364,180
1081.32,272.93,72.22,125.364,180
1042.22,269.92,72.22,125.364,180
1013.33,272.24,72.22,125.364,180
1034.42,300.36,72.22,125.364,180
1063.73,315.05,72.22,125.364,180
1095.3,322.72,72.22,125.364,180
1160.31,299.59,72.22,125.364,180
980.19,285.91,72.22,125.364,180
959.71,261.56,72.22,125.364,180
927.49,229.94,72.22,125.364,180
961.53,217.1,72.22,125.364,180
936.34,173.64,72.22,125.364,180
929.56,187.29,72.22,122.855,180
881.69,175.19,72.22,122.855,180
876.79,163.07,72.22,122.855,180
889.4,151.82,72.22,122.855,180
909.41,159.15,72.22,122.855,180
904.66,181.64,72.22,122.855,180
912.95,230.6,72.22,122.855,180
1016.79,297.07,72.22,122.855,180
1040.56,307.65,72.22,122.855,180
1110.43,289.85,72.22,122.855,180
1193.21,280.45,72.22,122.855,180
1189.78,263.47,77.58,122.855,180
1053.35,256.03,79.36,122.855,180
1065.08,272.43,79.36,122.855,180
1146,290.17,79.36,122.855,180
1089.14,318.36,79.36,122.855,180
1061.42,327.36,79.36,122.855,180
1088.03,349.9,79.36,122.855,180
1272.87,337.95,79.36,122.855,180
1139.85,314.37,79.36,122.855,180
1125.37,274.15,79.36,122.855,180
1061.38,266.32,79.36,122.855,180
1003.3,269.92,79.36,122.855,180
938.96,226.03,79.36,122.855,180
897.62,212.77,79.36,121.46,180
875.12,210.7,79.36,121.46,180
864.5,199.13,79.36,121.46,180
874.34,200,79.36,121.46,180
891.3,197.99,79.36,121.46,180
925.66,211.94,79.36,121.46,180
1174.64,214.94,79.36,121.46,180
1219.1,228.07,79.36,121.46,180
1016.26,264.96,79.36,121.46,180
969.24,279.9,79.36,121.46,180
930.63,257.83,79.36,121.46,180
962.44,253.32,79.36,121.46,180
924.67,249.99,79.36,121.46,180
907.9,237.41,79.36,121.46,180
907.15,257.61,79.36,121.46,180
945.06,264.02,79.36,121.46,180
976.07,288.2,79.36,121.46,180
1047.49,315.92,79.36,121.46,180
1258.48,306.1,79.36,121.46,180
1142.09,270.08,79.36,121.46,180
1088.77,232.22,79.36,121.46,180
1111.18,213.37,79.36,121.46,180
1071.29,200,79.36,121.46,180
1049.56,173.69,79.36,121.46,180
973.85,144.88,79.36,121.46,180
979.65,135,79.36,121.46,180
986.46,122.01,79.36,121.46,180
995.39,99.4,79.36,121.46,180
1026.31,99.4,79.36,121.46,180
1081.04,105.64,79.36,121.46,180
1322.98,129,79.36,121.46,180
1339.1,136.76,79.36,121.46,180
1178.06,141.34,79.36,121.46,180
1127.64,151.77,79.36,121.46,180
1087.84,153.5,79.36,121.46,180
1056.7,163.53,79.36,121.46,180
984.53,159.62,79.36,121.46,180
995.53,151.84,79.36,121.46,180
1008.49,157.13,79.36,121.46,180
1033.15,158,79.36,121.46,180
1098.58,170.89,79.36,121.46,180
1151.54,180.1,79.36,121.46,180
1369.25,180.4,79.36,121.46,180
1200.92,181.88,79.36,121.46,180
1206.98,157.28,79.36,121.46,180
1236.16,135.1,79.36,121.46,180
1183.4,155.04,79.36,121.46,180
1099.72,150.07,79.36,121.46,180
1068.02,129.22,79.36,123.29,180
1071.28,130.46,79.36,123.29,180
1082.76,127.7,79.36,123.29,180
1088.74,119.58,79.36,123.29,180
1109.73,120.07,79.36,123.29,180
1175.7,129.5,79.36,123.29,180
1387.45,193.09,79.36,123.29,180
1510.21,304.17,79.36,123.29,180
1272.63,354.63,79.36,123.29,180
1243.48,367.7,79.36,123.29,180
1170.22,370,79.36,123.29,180
1149.42,365.91,79.36,123.29,180
1051.84,360.1,79.36,123.29,180
1015.24,367.2,79.36,123.29,180
1045.71,383.91,79.36,123.29,180
1060.63,397.91,79.36,123.29,180
1067.51,392.6,79.36,123.29,180
1176.44,415.58,79.36,123.29,180
1373.99,398.97,79.36,123.29,180
1223.22,374.7,79.36,123.29,180
1256.67,329.04,79.36,123.29,180
1221.58,312,79.36,123.29,180
1164.42,294.98,79.36,123.29,180
1043.86,260.26,79.36,123.29,180
955.73,271.88,79.36,123.668,180
888.01,250.09,79.36,123.668,180
877.51,228.17,79.36,123.668,180
861.63,226.24,79.36,123.668,180
856.6,235.17,79.36,123.668,180
883.7,271.89,79.36,123.668,180
1141.46,303.99,79.36,123.668,180
1215.17,396.22,79.36,123.668,180
1005.78,444.92,79.36,123.668,180
940.19,445.32,79.36,123.668,180
887.59,445.91,79.36,123.668,180
956.4,435.6,79.36,123.668,180
877.62,418.05,79.36,123.668,180
879.01,424.26,79.36,123.668,180
884.34,446.38,79.36,123.668,180
873.72,450.7,79.36,123.668,180
901.31,460.04,79.36,123.668,180
944.92,501.1,79.36,123.668,180
1220.6,486.86,79.36,123.668,180
1121.36,463.82,79.36,123.668,180
1017.48,400,79.36,123.668,180
1012.09,334.9,79.36,123.668,180
923.08,297.66,79.36,123.668,180
890.12,280.25,79.36,123.668,180
844.69,288.45,79.36,132.707,180
821.73,279.18,79.36,132.707,180
815.3,264.27,79.36,132.707,180
814.56,260.79,79.36,132.707,180
828.99,267.63,79.36,132.707,180
859.61,290,79.36,132.707,180
1058.91,332.28,79.36,132.707,180
1186.6,434.43,79.36,132.707,180
1028.76,478.1,79.36,132.707,180
915.75,478.6,79.36,132.707,180
923.62,474.71,79.36,132.707,180
978.89,482.52,79.36,132.707,180
885.33,449.99,79.36,132.707,180
890.57,450.47,79.36,132.707,180
886.52,464.24,79.36,132.707,180
875.87,458.76,79.36,132.707,180
924.27,478.4,79.36,132.707,180
989.26,503.55,79.36,132.707,180
1108.93,495.2,79.36,132.707,180
979.5,465.14,79.36,132.707,180
909.19,413.9,79.36,132.707,180
912.81,344.2,79.36,132.707,180
885.55,316.86,79.36,132.707,180
878.91,277.18,79.36,132.707,180
869.6,292.06,79.36,143.955,180
853.67,291.43,79.36,143.955,180
835.32,284.76,79.36,143.955,180
852.17,274.8,79.36,143.955,180
871.02,271.91,79.36,143.955,180
873.79,283.49,79.36,143.955,180
895.44,353.18,79.36,143.955,180
981.47,450.84,79.36,143.955,180
1018.06,463.55,79.36,143.955,180
1116.9,462.15,79.36,143.955,180
1113.91,453.07,79.36,143.955,180
1204.64,446.43,79.36,143.955,180
1098.72,437.88,79.36,143.955,180
1080.48,446.54,79.36,143.955,180
995.25,464.07,79.36,143.955,180
976.87,463.1,79.36,143.955,180
1016.06,458.04,79.36,143.955,180
1005.37,484.07,79.36,143.955,180
1078.54,469.79,79.36,143.955,180
927.66,457.89,79.36,143.955,180
900.81,430.8,79.36,143.955,180
869.96,379.49,79.36,143.955,180
847.93,340.63,79.36,143.955,180
846.99,304.55,79.36,143.955,180
806.75,306.33,79.36,145.223,180
774.95,294.19,79.36,145.223,180
762.08,299.1,79.36,145.223,180
754.25,298.97,79.36,145.223,180
750.7,300.72,79.36,145.223,180
755.57,313.82,79.36,145.223,180
769.1,361.55,79.36,145.223,180
880.76,413.6,79.36,145.223,180
896.28,442.66,79.36,145.223,180
996.37,433.19,79.36,145.223,180
963.56,427.34,79.36,145.223,180
1057.63,409.66,83.75,145.223,180
954.98,403.96,85.21,145.223,180
953.12,384.3,85.21,145.223,180
913.3,307.58,85.21,145.223,180
848.96,288,85.21,145.223,180
861.72,281.82,85.21,145.223,180
894,379.14,85.21,145.223,180
1083.7,334.02,85.21,145.223,180
930.27,340.04,85.21,145.223,180
948.01,252.46,85.21,145.223,180
859.13,333.53,85.21,145.223,180
815.41,278.62,85.21,145.223,180
781.9,256.24,85.21,145.223,180
744.14,238.15,85.21,133.086,180
738.42,235.6,85.21,133.086,180
731.5,231.77,85.21,133.086,180
741.36,223.94,85.21,133.086,180
748.44,230.64,85.21,133.086,180
801.29,245,85.21,133.086,180
1056.53,252.06,85.21,133.086,180
1129.3,253.05,85.21,133.086,180
892.97,256.93,85.21,133.086,180
836.77,281.67,85.21,133.086,180
814.44,311.3,85.21,133.086,180
904.93,316.09,85.21,133.086,180
805.73,307.44,85.21,133.086,180
786.05,302.5,85.21,133.086,180
779.79,315.91,85.21,133.086,180
813.78,315.91,85.21,133.086,180
803.76,330.92,85.21,133.086,180
845.07,358.73,85.21,133.086,180
1047,343.1,85.21,133.086,180
884.81,311.74,85.21,133.086,180
891.19,290.55,85.21,133.086,180
884.09,289.9,85.21,133.086,180
853.15,278.7,85.21,133.086,180
738.78,244.49,85.21,133.086,180
733.47,230.7,85.21,133.086,180
703.27,219.92,85.21,133.086,180
704.15,231.19,85.21,133.086,180
710.08,208.81,85.21,133.086,180
701.77,208.52,85.21,133.086,180
781.54,213.08,85.21,133.086,180
1045.38,211.84,85.21,133.086,180
1101.56,218.86,85.21,133.086,180
935.31,255.3,85.21,133.086,180
809.16,288.83,85.21,133.086,180
804.29,300.73,85.21,133.086,180
849.55,306.57,85.21,133.086,180
799.28,304.85,85.21,133.086,180
799.84,301.53,85.21,133.086,180
843.14,306.07,85.21,133.086,180
874.36,308.24,85.21,133.086,180
865.45,324.9,85.21,133.086,180
903.74,347.42,85.21,133.086,180
1118,304.86,85.21,133.086,180
1037.79,302,85.21,133.086,180
1056.59,261.63,85.21,133.086,180
985.55,279.2,85.21,133.086,180
918.91,265.9,85.21,133.086,180
863.8,243.17,85.21,133.086,180
852.34,205.16,85.21,134.079,180
837.69,195.89,85.21,134.079,180
866.86,183.22,85.21,134.079,180
875.06,181.68,85.21,134.079,180
900.46,163.66,85.21,134.079,180
974.66,250.61,85.21,134.079,180
1196.89,292,85.21,134.079,180
1309.69,368.99,85.21,134.079,180
1058.51,406.33,85.21,134.079,180
1016.26,400.49,85.21,134.079,180
1003.05,399.65,85.21,134.079,180
1031.61,421.93,85.21,134.079,180
939.5,404.91,85.21,134.079,180
936.57,392.96,85.21,134.079,180
938.2,413.46,85.21,134.079,180
960.13,429.91,85.21,134.079,180
1034.68,430.73,85.21,134.079,180
1131.22,444.98,85.21,134.079,180
1236.56,433.15,85.21,134.079,180
1176.94,427.92,85.21,134.079,180
1136.2,392.3,85.21,134.079,180
1133.75,333.11,85.21,134.079,180
1109.67,324.56,85.21,134.079,180
1075.04,292.62,85.21,134.079,180
1014.05,298.1,85.21,136.706,180
987.55,277.91,85.21,136.706,180
975.4,275.9,85.21,136.706,180
965.3,277.69,85.21,136.706,180
971.02,287.38,85.21,136.706,180
997.35,309.23,85.21,136.706,180
1227.09,370.99,85.21,136.706,180
1283.04,454.93,85.21,136.706,180
1096.85,455.68,85.21,136.706,180
998.07,459.95,85.21,136.706,180
969.67,453.2,85.21,136.706,180
1022.67,460.17,85.21,136.706,180
923.55,453.97,85.21,136.706,180
910.99,446.1,85.21,136.706,180
994.16,459.29,85.21,136.706,180
993.6,453.84,85.21,136.706,180
1058.99,461.53,85.21,136.706,180
1114.07,479.4,85.21,136.706,180
1237.98,453.93,85.21,136.706,180
1131.7,418.26,85.21,136.706,180
1059.85,368.95,85.21,136.706,180
1067.53,319,85.21,136.706,180
1005.39,304.98,85.21,136.706,180
934.67,274.28,85.21,136.706,180
875.22,264.59,85.21,138.43,180
840.32,235.72,85.21,138.43,180
844.51,203.91,85.21,138.43,180
859.79,199.96,85.21,138.43,180
892.49,230.18,85.21,138.43,180
935.98,259.4,85.21,138.43,180
1107.29,254.05,85.21,138.43,180
1290.28,345.01,85.21,138.43,180
1038.01,383.29,85.21,138.43,180
961.77,345.7,85.21,138.43,180
939.29,325.23,85.21,138.43,180
979.22,305.01,85.21,138.43,180
895.88,296.85,85.21,138.43,180
893.67,323.15,85.21,138.43,180
961.65,408.06,85.21,138.43,180
972.52,436.74,85.21,138.43,180
978.04,454.07,85.21,138.43,180
984.07,419.26,85.21,138.43,180
1143.36,400,85.21,138.43,180
1005.32,388.38,85.21,138.43,180
958.68,408.82,85.21,138.43,180
996.14,327.15,85.21,138.43,180
941.32,300.72,85.21,138.43,180
913.76,280.56,85.21,138.43,180
889.63,286.56,85.21,147.545,180
841.32,280.78,85.21,147.545,180
800.76,269.67,85.21,147.545,180
774.73,269.91,85.21,147.545,180
759.76,275.49,85.21,147.545,180
760.2,299.79,85.21,147.545,180
769.6,326,85.21,147.545,180
831.81,400.09,85.21,147.545,180
838.09,447.43,85.21,147.545,180
917.02,454.09,85.21,147.545,180
996.13,447.85,85.21,147.545,180
1079.89,446.22,85.21,147.545,180
1008.14,448.47,85.21,147.545,180
959.49,448.26,85.21,147.545,180
896,454.05,85.21,147.545,180
928.47,456.99,85.21,147.545,180
917.21,462.92,85.21,147.545,180
943.53,498.21,85.21,147.545,180
1051.76,459.27,85.21,147.545,180
912.63,454.02,85.21,147.545,180
878.77,433.91,85.21,147.545,180
843.96,353.13,85.21,147.545,180
854.76,328.31,85.21,147.545,180
829.2,299.24,85.21,147.545,180
775.22,334.01,85.21,147.682,180
763.52,306.42,85.21,147.682,180
744.65,302.38,85.21,147.682,180
732.63,298.49,85.21,147.682,180
731.22,304.04,85.21,147.682,180
738.53,317.66,85.21,147.682,180
736.02,358.77,85.21,147.682,180
809.58,455.38,85.21,147.682,180
822.17,474.29,85.21,147.682,180
929.51,474.7,85.21,147.682,180
954.94,471.33,85.21,147.682,180
1126.92,484.16,87.5,147.682,180
936.18,481.1,88.26,147.682,180
911.09,470,88.26,147.682,180
867.47,476.44,88.26,147.682,180
886.18,473.91,88.26,147.682,180
917.38,474.88,88.26,147.682,180
914.6,507.91,88.26,147.682,180
1053.16,477.37,88.26,147.682,180
976.31,451.51,88.26,147.682,180
928.66,440,88.26,147.682,180
919.85,376,88.26,147.682,180
834.34,338.04,88.26,147.682,180
836.76,316.22,88.26,147.682,180
832.87,312.48,88.26,139.917,180
807.7,306,88.26,139.917,180
815.11,290.79,88.26,139.917,180
821.51,287.26,88.26,139.917,180
820.13,284.9,88.26,139.917,180
894.43,287.15,88.26,139.917,180
1158.96,295.35,88.26,139.917,180
1235.95,313.58,88.26,139.917,180
1017.37,346.14,88.26,139.917,180
1030.68,396.61,88.26,139.917,180
997.08,419.33,88.26,139.917,180
1093.13,412.38,88.26,139.917,180
985,398.1,88.26,139.917,180
992.32,375.9,88.26,139.917,180
966.14,377.07,88.26,139.917,180
972.98,393.5,88.26,139.917,180
968.99,420.59,88.26,139.917,180
1045.11,449.92,88.26,139.917,180
1187.43,442.7,88.26,139.917,180
1024.89,420.72,88.26,139.917,180
1008.46,361.15,88.26,139.917,180
1004.04,323.88,88.26,139.917,180
923.43,307.65,88.26,139.917,180
826.12,288.27,88.26,139.917,180
794.13,300.65,88.26,139.917,180
779.32,292.8,88.26,139.917,180
788.28,288.08,88.26,139.917,180
798.02,272.52,88.26,139.917,180
818.71,268.42,88.26,139.917,180
855.51,269.24,88.26,139.917,180
1082.6,280.98,88.26,139.917,180
1118.79,279.73,88.26,139.917,180
924.61,293.09,88.26,139.917,180
910.91,320.09,88.26,139.917,180
865.55,326.55,88.26,139.917,180
920.34,345.19,88.26,139.917,180
832.82,347.71,88.26,139.917,180
838.52,324.74,88.26,139.917,180
841.6,328.31,88.26,139.917,180
864.3,336.51,88.26,139.917,180
860.69,361.6,88.26,139.917,180
937.49,413.94,88.26,139.917,180
1098.64,430.05,88.26,139.917,180
991.02,412.74,88.26,139.917,180
988.25,383.98,88.26,139.917,180
987.86,335.35,88.26,139.917,180
924.1,323.85,88.26,139.917,180
862.84,306.25,88.26,139.917,180
854.02,280.18,88.26,141.226,180
843.82,277.68,88.26,141.226,180
848.93,274.31,88.26,141.226,180
863.54,269.79,88.26,141.226,180
891.73,267.92,88.26,141.226,180
952.73,283.71,88.26,141.226,180
1152.2,392.24,88.26,141.226,180
1243.66,505,88.26,141.226,180
1043.92,545.22,88.26,141.226,180
1019.88,513.99,88.26,141.226,180
967.97,505.47,88.26,141.226,180
1031.45,497.62,88.26,141.226,180
947.55,489.95,88.26,141.226,180
936.76,482.8,88.26,141.226,180
962.77,506.04,88.26,141.226,180
968.76,535.73,88.26,141.226,180
952.46,558.54,88.26,141.226,180
1034.27,588.09,88.26,141.226,180
1186.08,558.66,88.26,141.226,180
1054.67,508.04,88.26,141.226,180
1069.74,490,88.26,141.226,180
1086.8,408.9,88.26,141.226,180
1019.99,361.32,88.26,141.226,180
933.89,313.2,88.26,141.226,180
922.97,306.14,88.26,138.104,180
890.53,288.11,88.26,138.104,180
896.32,285.28,88.26,138.104,180
911.43,276.98,88.26,138.104,180
933.84,282.3,88.26,138.104,180
974.06,316.07,88.26,138.104,180
1219.07,368.9,88.26,138.104,180
1266.76,499.7,88.26,138.104,180
1064.69,571.76,88.26,138.104,180
1037.43,553.29,88.26,138.104,180
1003.86,518.08,88.26,138.104,180
1042.53,505.16,88.26,138.104,180
976.01,482.78,88.26,138.104,180
1012.52,506.03,88.26,138.104,180
1001.53,552.71,88.26,138.104,180
1017.05,570.25,88.26,138.104,180
1057.08,590,88.26,138.104,180
1079.6,665.01,88.26,138.104,180
1250.75,595.94,88.26,138.104,180
1224.03,522.58,88.26,138.104,180
1169.43,452.47,88.26,138.104,180
1113.43,353.79,88.26,138.104,180
1078.54,321.03,88.26,138.104,180
1022.45,283.08,88.26,138.104,180
976.66,274.82,88.26,139.911,180
968.29,270.47,88.26,139.911,180
959.91,268.69,88.26,139.911,180
948.42,278.2,88.26,139.911,180
957.85,280.21,88.26,139.911,180
998.87,311.11,88.26,139.911,180
1215.48,368.82,88.26,139.911,180
1301.98,494.97,88.26,139.911,180
1141.78,539.99,88.26,139.911,180
1085.48,569.72,88.26,139.911,180
1057.77,565.18,88.26,139.911,180
1081.6,568.01,88.26,139.911,180
1010.55,526.07,88.26,139.911,180
988.32,515.48,88.26,139.911,180
1007.2,514.95,88.26,139.911,180
1076.05,528.53,88.26,139.911,180
1100.42,545,88.26,139.911,180
1156.18,590,88.26,139.911,180
1329.28,557,88.26,139.911,180
1170.86,520.57,88.26,139.911,180
1099.27,487.9,88.26,139.911,180
1113.64,396.67,88.26,139.911,180
1081.29,351.72,88.26,139.911,180
1019.86,328.94,88.26,139.911,180
1007.93,300,88.26,133.026,180
989.77,290.74,88.26,133.026,180
981.7,279.46,88.26,133.026,180
984.73,270.19,88.26,133.026,180
994.45,274.14,88.26,133.026,180
977.57,289.63,88.26,133.026,180
1001.99,336.73,88.26,133.026,180
1084.33,432.74,88.26,133.026,180
1156.2,490.03,88.26,133.026,180
1253.66,489.66,88.26,133.026,180
1233.31,474.55,88.26,133.026,180
1367.06,450.72,88.26,133.026,180
1277.83,406.56,88.26,133.026,180
1173.23,396.53,88.26,133.026,180
1136.55,455.05,88.26,133.026,180
1108.93,469.93,88.26,133.026,180
1192.78,485.03,88.26,133.026,180
1190.23,500,88.26,133.026,180
1262.41,499.91,88.26,133.026,180
1155.1,485.53,88.26,133.026,180
1102.25,439.9,88.26,133.026,180
1051.9,367.72,88.26,133.026,180
1001.53,336.29,88.26,133.026,180
966.21,306.06,88.26,133.026,180
951.88,296.3,88.26,135.863,180
925.1,288.12,88.26,135.863,180
910.8,280.19,88.26,135.863,180
910.75,270.33,88.26,135.863,180
921.25,282.55,88.26,135.863,180
913.69,296.35,88.26,135.863,180
954.2,344.51,88.26,135.863,180
1054.32,458.94,88.26,135.863,180
1113.3,543.49,88.26,135.863,180
1139.26,561.72,88.26,135.863,180
1209.33,543.49,88.26,135.863,180
1230.87,540.83,84.62,135.863,180
1161.42,492.26,83.41,135.863,180
1109.71,469.12,83.41,135.863,180
1065.04,465.8,83.41,135.863,180
1106.54,465.14,83.41,135.863,180
1071.48,478.55,83.41,135.863,180
1123.5,505,83.41,135.863,180
1301.13,490.17,83.41,135.863,180
1168.41,467.8,83.41,135.863,180
1119.51,401.93,83.41,135.863,180
1044.26,335.11,83.41,135.863,180
1044.79,308.56,83.41,135.863,180
978.46,285.27,83.41,135.863,180
936.69,283.9,83.41,121.903,180
920.31,271.08,83.41,121.903,180
927.5,259.95,83.41,121.903,180
936.1,246.13,83.41,121.903,180
940.3,238.73,83.41,121.903,180
1045.31,237.36,83.41,121.903,180
1302.54,237.51,83.41,121.903,180
1383.49,248.77,83.41,121.903,180
1170.28,291.05,83.41,121.903,180
1112.8,299.81,83.41,121.903,180
1098.48,302.13,83.41,121.903,180
1096.1,281.16,83.41,121.903,180
1040.81,270.07,83.41,121.903,180
1000.64,254.75,83.41,121.903,180
1043.31,266.87,83.41,121.903,180
1095.09,283.5,83.41,121.903,180
1062.3,305.13,83.41,121.903,180
1163.29,335.42,83.41,121.903,180
1266.3,324.01,83.41,121.903,180
1196.84,291.99,83.41,121.903,180
1186.36,264.07,83.41,121.903,180
1114.64,245.93,83.41,121.903,180
1121.19,216.08,83.41,121.903,180
1016.67,199.86,83.41,121.903,180
970.05,176.27,83.41,121.903,180
943.7,168.67,83.41,121.903,180
936.31,170.28,83.41,121.903,180
944.91,172.11,83.41,121.903,180
957.1,172.43,83.41,121.903,180
1032.14,169.49,83.41,121.903,180
1262.92,168.3,83.41,121.903,180
1292.89,177.22,83.41,121.903,180
1064.79,209.72,83.41,121.903,180
1020.84,209.65,83.41,121.903,180
991.36,218.09,83.41,121.903,180
1062.26,216.12,83.41,121.903,180
955,185.8,83.41,121.903,180
930.16,224.43,83.41,121.903,180
957.25,229.5,83.41,121.903,180
961.44,239.86,83.41,121.903,180
1009.21,233.57,83.41,121.903,180
1044.31,229.47,83.41,121.903,180
1191.22,220.65,83.41,121.903,180
1069.9,208.29,83.41,121.903,180
1115.77,130.02,83.41,121.903,180
1105.79,163.08,83.41,121.903,180
1108.51,145.93,83.41,121.903,180
1060.29,115.28,83.41,121.903,180
1047.61,120.1,83.41,121.81,180
1045.76,105.84,83.41,121.81,180
1032.87,92.36,83.41,121.81,180
1009.5,76.1,83.41,121.81,180
1004.17,77.72,83.41,121.81,180
1053.55,109.11,83.41,121.81,180
1268.43,175.36,83.41,121.81,180
1298.45,240.03,83.41,121.81,180
1145.64,249.57,83.41,121.81,180
1027.62,248.85,83.41,121.81,180
997.77,248.85,83.41,121.81,180
1066.73,247.05,83.41,121.81,180
954.95,248.7,83.41,121.81,180
955.09,245.8,83.41,121.81,180
962.91,249.43,83.41,121.81,180
970.45,248.81,83.41,121.81,180
1001.5,249.02,83.41,121.81,180
1008.54,248.85,83.41,121.81,180
1183.12,248.85,83.41,121.81,180
1059.29,227.11,83.41,121.81,180
1053.09,187.71,83.41,121.81,180
1032.75,174.65,83.41,121.81,180
970.1,166.33,83.41,121.81,180
906.07,120.06,83.41,121.81,180
868.66,108.19,83.41,107.677,180
836,92.41,83.41,107.677,180
848.2,92.45,83.41,107.677,180
855.24,76.35,83.41,107.677,180
871.62,81.94,83.41,107.677,180
921.58,99.21,83.41,107.677,180
1101.15,149.99,83.41,107.677,180
1300.81,199.68,83.41,107.677,180
1089.01,223.4,83.41,107.677,180
1006.05,225.14,83.41,107.677,180
1014.36,220.37,83.41,107.677,180
1050.67,227.34,83.41,107.677,180
974.1,219.23,83.41,107.677,180
993.67,216.22,83.41,107.677,180
1007.86,228.18,83.41,107.677,180
969.33,225.01,83.41,107.677,180
1001.03,227.65,83.41,107.677,180
1036.37,228.99,83.41,107.677,180
1230.85,234.43,83.41,107.677,180
1102.79,230,83.41,107.677,180
1121.39,228.24,83.41,107.677,180
1102.04,229.49,83.41,107.677,180
1065.74,211.16,83.41,107.677,180
1009.26,184.65,83.41,107.677,180
968,182.11,83.41,105.144,180
942.87,174.76,83.41,105.144,180
955.95,178.93,83.41,105.144,180
943.76,167.93,83.41,105.144,180
963.76,168.96,83.41,105.144,180
1016.33,180,83.41,105.144,180
1155.31,218.57,83.41,105.144,180
1303.66,253.16,83.41,105.144,180
1187.04,273,83.41,105.144,180
1139.75,269.84,83.41,105.144,180
1124.44,251.71,83.41,105.144,180
1166.82,248.24,83.41,105.144,180
1078.97,238.96,83.41,105.144,180
1097.96,232.89,83.41,105.144,180
1079.89,241.02,83.41,105.144,180
1097.29,228.96,83.41,105.144,180
1130.08,224.79,83.41,105.144,180
1080.21,246.01,83.41,105.144,180
1293.71,234.99,83.41,105.144,180
1095.7,225.81,83.41,105.144,180
1062.06,211.19,83.41,105.144,180
1120.21,187.91,83.41,105.144,180
1088.7,170.58,83.41,105.144,180
1045.91,140.09,83.41,105.144,180
1014.83,158.9,83.41,97.092,180
993.88,145.6,83.41,97.092,180
987.12,140.19,83.41,97.092,180
978.37,132.41,83.41,97.092,180
995.07,128.22,83.41,97.092,180
987.1,155.92,83.41,97.092,180
1008.02,183.86,83.41,97.092,180
1069.53,224.72,83.41,97.092,180
1124.38,224.4,83.41,97.092,180
1143.02,223.72,83.41,97.092,180
1294.96,225.4,83.41,97.092,180
1243.82,224.4,83.41,97.092,180
1151.08,224.04,83.41,97.092,180
1173.13,216.82,83.41,97.092,180
1116.35,213.29,83.41,97.092,180
1128.57,210.39,83.41,97.092,180
1141.89,213.19,83.41,97.092,180
1130.5,214.19,83.41,97.092,180
1274.15,224.4,83.41,97.092,180
1110.17,221.82,83.41,97.092,180
1105.49,201.07,83.41,97.092,180
1108.3,183.71,83.41,97.092,180
1102.68,170.96,83.41,97.092,180
1082.74,161.67,83.41,97.092,180
1094.27,148.72,83.41,90.979,180
1041.9,148.72,83.41,90.979,180
1021.63,146.39,83.41,90.979,180
1031.59,137.87,83.41,90.979,180
1034.13,141,83.41,90.979,180
1027.75,148.55,83.41,90.979,180
1065.76,169.45,83.41,90.979,180
1137.99,189.19,83.41,90.979,180
1134.04,217,83.41,90.979,180
1203.15,222.2,83.41,90.979,180
1306.87,225.09,83.41,90.979,180
1405.3,221.93,83.41,90.979,180
1248.57,223.91,83.41,90.979,180
1198.45,228.91,83.41,90.979,180
1206.09,225.92,83.41,90.979,180
1202.46,220.05,83.41,90.979,180
1208.56,222.06,83.41,90.979,180
1239.25,214.02,83.41,90.979,180
1334.36,209.93,83.41,90.979,180
1196.22,198.44,83.41,90.979,180
1203.32,181.34,83.41,90.979,180
1137.62,152,83.41,90.979,180
1120.13,148.74,83.41,90.979,180
1118.01,119.9,83.41,90.979,180
1087.77,81.2,83.41,82.686,180
1081.16,50.4,83.41,82.686,180
1074.2,50,83.41,82.686,180
1074.41,32.52,83.41,82.686,180
1089.78,36,83.41,82.686,180
1098.23,48.48,83.41,82.686,180
1117.44,57.53,83.41,82.686,180
1200.53,98.2,83.41,82.686,180
1223.53,122.2,83.41,82.686,180
1347.1,145.87,83.41,82.686,180
1480.65,138.67,83.41,82.686,180
1511,140.04,83.41,82.686,180
1404.27,137.78,83.41,82.686,180
1303.58,139.96,83.41,82.686,180
1299.85,150.99,83.41,82.686,180
1244.99,159.89,83.41,82.686,180
1246.47,163.05,83.41,82.686,180
1250.13,166.34,83.41,82.686,180
1374.47,149.74,83.41,82.686,180
1209.71,138.79,83.41,82.686,180
1193.75,129.67,83.41,82.686,180
1163.07,120,83.41,82.686,180
1143.45,116.7,83.41,82.686,180
1115.63,110.78,83.41,82.686,180
1073,120.28,83.41,82.686,180
1044.13,112.11,83.41,82.686,180
1020.69,106.65,83.41,82.686,180
1000.51,90.84,83.41,82.686,180
991.46,85.7,83.41,82.686,180
994.26,85.65,83.41,82.686,180
989.85,85.64,83.41,82.686,180
1053.96,92.7,83.41,82.686,180
1022.1,110.1,83.41,82.686,180
1069.52,113.28,83.41,82.686,180
1097.83,119.6,83.41,82.686,180
1154.99,121.36,83.41,82.686,180
1028.96,101.01,83.41,82.686,180
1003.02,95.6,83.41,82.686,180
985.52,92.89,83.41,82.686,180
1059.17,110.08,83.41,82.686,180
960.78,112.91,83.41,82.686,180
962.38,130.42,83.41,82.686,180
1089.61,120.38,83.41,82.686,180
921.52,110.09,83.41,82.686,180
896.45,118.21,83.41,82.686,180
936.75,106.52,83.41,82.686,180
904.29,102.25,83.41,82.686,180
886.48,100,83.41,82.686,180
872.3,50.3,83.41,82.686,180
801.43,36.98,83.41,82.686,180
776.1,27.02,83.41,82.686,180
785.29,21.3,83.41,82.686,180
810.07,17.9,83.41,82.686,180
812.64,16.33,83.41,82.686,180
830.34,18.11,83.41,82.686,180
920.73,23.29,83.41,82.686,180
935.69,38.68,83.41,82.686,180
996.45,53.57,83.41,82.686,180
1082.35,59.3,83.41,82.686,180
1105.6,59,83.41,82.686,180
1029.74,54.9,83.41,82.686,180
1022.91,29.99,83.41,82.686,180
982.92,32.64,83.41,82.686,180
975.83,33.99,83.41,82.686,180
996.54,47.63,83.41,82.686,180
1002.16,54.98,83.41,82.686,180
1075.35,52.2,83.41,82.686,180
963.42,59.17,83.41,82.686,180
959.62,58.43,83.41,82.686,180
907.34,59.04,83.41,82.686,180
895.65,48.55,83.41,82.686,180
876.41,19.48,83.41,82.686,180
858.02,23.36,83.41,82.686,180
852.84,9.98,83.41,82.686,180
871.72,5.69,83.41,82.686,180
883.82,5,83.41,82.686,180
911.18,11.46,83.41,82.686,180
923.85,19.59,83.41,82.686,180
973.6,30.42,83.41,82.686,180
1086.34,80.96,83.41,82.686,180
1019.97,95.9,83.41,82.686,180
1046.88,100.08,83.41,82.686,180
1089.81,95.93,83.41,82.686,180
1133.91,108.42,83.41,82.686,180
1050.74,110.38,83.41,82.686,180
1004.1,124.36,83.41,82.686,180
966.26,139.08,83.41,82.686,180
995.81,143.32,83.41,82.686,180
977.87,147.56,83.41,82.686,180
992.67,158.69,83.41,82.686,180
1184.43,164.69,83.41,82.686,180
1001.34,156.93,83.41,82.686,180
1015.63,147.56,83.41,82.686,180
995.72,128.8,83.41,82.686,180
955,107.84,83.41,82.686,180
971.08,85.62,83.41,82.686,180
927.49,40.28,83.41,83.301,180
918.16,33.13,83.41,83.301,180
921.59,10.31,83.41,83.301,180
924.61,0.05,83.41,83.301,180
922.74,0.03,83.41,83.301,180
944.61,0.1,83.41,83.301,180
948.66,16.97,83.41,83.301,180
1053.92,31.41,83.41,83.301,180
1048.25,43.24,83.41,83.301,180
1067.26,63.63,83.41,83.301,180
1064.98,68.38,83.41,83.301,180
1152.22,59.95,83.41,83.301,180
1007.57,52.08,83.41,83.301,180
990.11,47.09,83.41,83.301,180
975.82,71.1,83.41,83.301,180
978.32,71.08,83.41,83.301,180
989.55,85.77,83.41,83.301,180
1065.06,89.71,83.41,83.301,180
1218.24,87.43,83.41,83.301,180
1094.33,71.77,83.41,83.301,180
1043.82,55.1,83.41,83.301,180
1029.5,46.42,83.41,83.301,180
1015.04,35.45,83.41,83.301,180
1004.33,21.05,83.41,83.301,180
1015.84,-1.01,83.41,77.09,180
1009.96,-1.05,83.41,77.09,180
990.77,-1.1,83.41,77.09,180
994.67,-2.18,83.41,77.09,180
985.16,-2.05,83.41,77.09,180
1003.24,-0.98,83.41,77.09,180
958.71,-0.05,83.41,77.09,180
1025.49,0.09,83.41,77.09,180
1009.88,8.98,83.41,77.09,180
1071.98,5.97,83.41,77.09,180
1113.51,5.28,83.41,77.09,180
1180.17,4.01,83.41,77.09,180
1007.84,1.99,83.41,77.09,180
1063.91,3.4,83.41,77.09,180
1023.7,19.95,83.41,77.09,180
1012.06,24.54,83.41,77.09,180
1046.63,27.2,83.41,77.09,180
1009.33,34.54,83.41,77.09,180
1145.95,51.41,83.41,77.09,180
1057.82,47.94,83.41,77.09,180
980.22,26.62,83.41,77.09,180
993.91,25.01,83.41,77.09,180
980.72,26.31,83.41,77.09,180
968.99,21.07,83.41,77.09,180
956.41,11.17,83.41,81.045,180
938.94,5.09,83.41,81.045,180
933.66,3.09,83.41,81.045,180
928.51,0.65,83.41,81.045,180
936.43,0.57,83.41,81.045,180
938.97,4.88,83.41,81.045,180
938.01,10.93,83.41,81.045,180
1017.64,24.13,83.41,81.045,180
999.37,27.69,83.41,81.045,180
1078.82,29.08,83.41,81.045,180
1047.36,26.09,83.41,81.045,180
1200.66,24.72,83.41,81.045,180
1095.28,17.74,83.41,81.045,180
1101.29,19.87,83.41,81.045,180
1009.21,25.64,83.41,81.045,180
1014.56,27.97,83.41,81.045,180
1021.4,21.01,83.41,81.045,180
1012.47,30.78,83.41,81.045,180
1192.45,22.4,83.41,81.045,180
1039.94,13.79,83.41,81.045,180
1000.11,2.63,83.41,81.045,180
951.89,0.69,83.41,81.045,180
927.3,0.4,83.41,81.045,180
942.05,0,83.41,81.045,180
885.61,-0.03,83.41,75.07,180
868.18,-0.07,83.41,75.07,180
865.14,-0.03,83.41,75.07,180
863.55,-0.04,83.41,75.07,180
874.27,-0.03,83.41,75.07,180
868.76,-0.02,83.41,75.07,180
871.27,-0.01,83.41,75.07,180
945.44,-0.05,83.41,75.07,180
921.73,0.63,83.41,75.07,180
978.1,-0.03,83.41,75.07,180
957.58,-0.3,83.41,75.07,180
1092.92,-1.66,83.41,75.07,180
982.26,-3.78,83.41,75.07,180
980.51,-3.44,83.41,75.07,180
917.14,-2.07,83.41,75.07,180
917.92,-1.98,83.41,75.07,180
935.08,-0.9,83.41,75.07,180
920.98,0,83.41,75.07,180
1082.17,-0.01,83.41,75.07,180
942.7,-1.01,83.41,75.07,180
924.19,-1.39,83.41,75.07,180
899.41,-1.04,83.41,75.07,180
874.17,-1.07,83.41,75.07,180
882.96,-0.68,83.41,75.07,180